horizon_years,wtp,scenario_id,probability,expected_nmb,ceaf_scenario,ceaf_probability
5,0,S0,1.0,0.0,S0,1.0
5,0,S1,0.0,-843077198.2597792,S0,1.0
5,0,S2,0.0,-4670914764.5824795,S0,1.0
5,0,S3,0.0,-8897841115.870684,S0,1.0
5,0,S4,0.0,-1607713277.5713,S0,1.0
5,0,S5,0.0,-863007068.0919279,S0,1.0
5,0,S6,0.0,-16447099358.901363,S0,1.0
5,500,S0,0.9944,0.0,S0,0.9944
5,500,S1,0.0,-751526628.4716663,S0,0.9944
5,500,S2,0.0,-4395396352.234138,S0,0.9944
5,500,S3,0.0,-8674000078.913324,S0,0.9944
5,500,S4,0.0007,-1148214210.1862073,S0,0.9944
5,500,S5,0.0049,-642699773.4973834,S0,0.9944
5,500,S6,0.0,-15934166582.682457,S0,0.9944
5,1000,S0,0.8247,0.0,S0,0.8247
5,1000,S1,0.0029,-659976058.6835535,S0,0.8247
5,1000,S2,0.0,-4119877939.8857927,S0,0.8247
5,1000,S3,0.0,-8450159041.955967,S0,0.8247
5,1000,S4,0.0734,-688715142.8011146,S0,0.8247
5,1000,S5,0.099,-422392478.9028389,S0,0.8247
5,1000,S6,0.0,-15421233806.463552,S0,0.8247
5,1500,S0,0.4451,0.0,S0,0.4451
5,1500,S1,0.0105,-568425488.8954406,S0,0.4451
5,1500,S2,0.0,-3844359527.53745,S0,0.4451
5,1500,S3,0.0,-8226318004.99861,S0,0.4451
5,1500,S4,0.309,-229216075.4160219,S0,0.4451
5,1500,S5,0.2354,-202085184.30829445,S0,0.4451
5,1500,S6,0.0,-14908301030.244644,S0,0.4451
5,2000,S0,0.1744,0.0,S4,0.5302
5,2000,S1,0.0165,-476874919.10732764,S4,0.5302
5,2000,S2,0.0,-3568841115.189108,S4,0.5302
5,2000,S3,0.0,-8002476968.04125,S4,0.5302
5,2000,S4,0.5302,230282991.9690708,S4,0.5302
5,2000,S5,0.2789,18222110.28625003,S4,0.5302
5,2000,S6,0.0,-14395368254.025738,S4,0.5302
5,2500,S0,0.0594,0.0,S4,0.6702
5,2500,S1,0.0162,-385324349.31921476,S4,0.6702
5,2500,S2,0.0001,-3293322702.8407636,S4,0.6702
5,2500,S3,0.0,-7778635931.083892,S4,0.6702
5,2500,S4,0.6702,689782059.3541635,S4,0.6702
5,2500,S5,0.2541,238529404.88079453,S4,0.6702
5,2500,S6,0.0,-13882435477.806833,S4,0.6702
5,3000,S0,0.0177,0.0,S4,0.7548
5,3000,S1,0.013,-293773779.5311019,S4,0.7548
5,3000,S2,0.0001,-3017804290.49242,S4,0.7548
5,3000,S3,0.0,-7554794894.126534,S4,0.7548
5,3000,S4,0.7548,1149281126.7392561,S4,0.7548
5,3000,S5,0.2144,458836699.47533894,S4,0.7548
5,3000,S6,0.0,-13369502701.587925,S4,0.7548
5,3500,S0,0.0047,0.0,S4,0.8016
5,3500,S1,0.0094,-202223209.742989,S4,0.8016
5,3500,S2,0.0001,-2742285878.1440773,S4,0.8016
5,3500,S3,0.0,-7330953857.169176,S4,0.8016
5,3500,S4,0.8016,1608780194.1243489,S4,0.8016
5,3500,S5,0.1842,679143994.0698833,S4,0.8016
5,3500,S6,0.0,-12856569925.369019,S4,0.8016
5,4000,S0,0.0011,0.0,S4,0.8349
5,4000,S1,0.006,-110672639.95487612,S4,0.8349
5,4000,S2,0.0003,-2466767465.7957344,S4,0.8349
5,4000,S3,0.0,-7107112820.211819,S4,0.8349
5,4000,S4,0.8349,2068279261.5094414,S4,0.8349
5,4000,S5,0.1577,899451288.6644278,S4,0.8349
5,4000,S6,0.0,-12343637149.150112,S4,0.8349
5,4500,S0,0.0003,0.0,S4,0.8581
5,4500,S1,0.0044,-19122070.16676326,S4,0.8581
5,4500,S2,0.0004,-2191249053.447391,S4,0.8581
5,4500,S3,0.0,-6883271783.254461,S4,0.8581
5,4500,S4,0.8581,2527778328.8945346,S4,0.8581
5,4500,S5,0.1368,1119758583.2589722,S4,0.8581
5,4500,S6,0.0,-11830704372.931208,S4,0.8581
5,5000,S0,0.0,0.0,S4,0.8766
5,5000,S1,0.0032,72428499.62134963,S4,0.8766
5,5000,S2,0.0007,-1915730641.0990477,S4,0.8766
5,5000,S3,0.0,-6659430746.297103,S4,0.8766
5,5000,S4,0.8766,2987277396.2796264,S4,0.8766
5,5000,S5,0.1195,1340065877.8535168,S4,0.8766
5,5000,S6,0.0,-11317771596.712301,S4,0.8766
5,5500,S0,0.0,0.0,S4,0.8899
5,5500,S1,0.0022,163979069.4094625,S4,0.8899
5,5500,S2,0.0007,-1640212228.7507048,S4,0.8899
5,5500,S3,0.0,-6435589709.3397455,S4,0.8899
5,5500,S4,0.8899,3446776463.6647196,S4,0.8899
5,5500,S5,0.1071,1560373172.4480612,S4,0.8899
5,5500,S6,0.0001,-10804838820.493395,S4,0.8899
5,6000,S0,0.0,0.0,S4,0.8996
5,6000,S1,0.0016,255529639.1975754,S4,0.8996
5,6000,S2,0.0013,-1364693816.4023614,S4,0.8996
5,6000,S3,0.0,-6211748672.382387,S4,0.8996
5,6000,S4,0.8996,3906275531.0498123,S4,0.8996
5,6000,S5,0.0974,1780680467.0426054,S4,0.8996
5,6000,S6,0.0001,-10291906044.274488,S4,0.8996
5,6500,S0,0.0,0.0,S4,0.9056
5,6500,S1,0.0013,347080208.98568827,S4,0.9056
5,6500,S2,0.0014,-1089175404.0540183,S4,0.9056
5,6500,S3,0.0,-5987907635.425028,S4,0.9056
5,6500,S4,0.9056,4365774598.434905,S4,0.9056
5,6500,S5,0.0915,2000987761.63715,S4,0.9056
5,6500,S6,0.0002,-9778973268.055582,S4,0.9056
5,7000,S0,0.0,0.0,S4,0.913
5,7000,S1,0.0011,438630778.77380115,S4,0.913
5,7000,S2,0.0021,-813656991.7056749,S4,0.913
5,7000,S3,0.0,-5764066598.467671,S4,0.913
5,7000,S4,0.913,4825273665.819998,S4,0.913
5,7000,S5,0.0835,2221295056.2316947,S4,0.913
5,7000,S6,0.0003,-9266040491.836676,S4,0.913
5,7500,S0,0.0,0.0,S4,0.9171
5,7500,S1,0.0011,530181348.5619141,S4,0.9171
5,7500,S2,0.0027,-538138579.3573316,S4,0.9171
5,7500,S3,0.0,-5540225561.510312,S4,0.9171
5,7500,S4,0.9171,5284772733.2050905,S4,0.9171
5,7500,S5,0.0788,2441602350.826239,S4,0.9171
5,7500,S6,0.0003,-8753107715.61777,S4,0.9171
5,8000,S0,0.0,0.0,S4,0.9213
5,8000,S1,0.001,621731918.350027,S4,0.9213
5,8000,S2,0.0036,-262620167.00898853,S4,0.9213
5,8000,S3,0.0,-5316384524.552955,S4,0.9213
5,8000,S4,0.9213,5744271800.590183,S4,0.9213
5,8000,S5,0.0738,2661909645.4207835,S4,0.9213
5,8000,S6,0.0003,-8240174939.398863,S4,0.9213
5,8500,S0,0.0,0.0,S4,0.9238
5,8500,S1,0.0007,713282488.1381396,S4,0.9238
5,8500,S2,0.0046,12898245.339354718,S4,0.9238
5,8500,S3,0.0,-5092543487.595597,S4,0.9238
5,8500,S4,0.9238,6203770867.975276,S4,0.9238
5,8500,S5,0.0705,2882216940.015328,S4,0.9238
5,8500,S6,0.0004,-7727242163.179956,S4,0.9238
5,9000,S0,0.0,0.0,S4,0.9258
5,9000,S1,0.0006,804833057.9262526,S4,0.9258
5,9000,S2,0.0055,288416657.68769795,S4,0.9258
5,9000,S3,0.0,-4868702450.638239,S4,0.9258
5,9000,S4,0.9258,6663269935.360369,S4,0.9258
5,9000,S5,0.0674,3102524234.609873,S4,0.9258
5,9000,S6,0.0007,-7214309386.96105,S4,0.9258
5,9500,S0,0.0,0.0,S4,0.9285
5,9500,S1,0.0005,896383627.7143656,S4,0.9285
5,9500,S2,0.0062,563935070.0360411,S4,0.9285
5,9500,S3,0.0,-4644861413.6808815,S4,0.9285
5,9500,S4,0.9285,7122769002.7454605,S4,0.9285
5,9500,S5,0.0637,3322831529.204417,S4,0.9285
5,9500,S6,0.0011,-6701376610.742144,S4,0.9285
5,10000,S0,0.0,0.0,S4,0.9305
5,10000,S1,0.0003,987934197.5024784,S4,0.9305
5,10000,S2,0.0067,839453482.3843844,S4,0.9305
5,10000,S3,0.0,-4421020376.723523,S4,0.9305
5,10000,S4,0.9305,7582268070.130553,S4,0.9305
5,10000,S5,0.0612,3543138823.798961,S4,0.9305
5,10000,S6,0.0013,-6188443834.523237,S4,0.9305
5,10500,S0,0.0,0.0,S4,0.9319
5,10500,S1,0.0003,1079484767.2905915,S4,0.9319
5,10500,S2,0.0076,1114971894.7327278,S4,0.9319
5,10500,S3,0.0,-4197179339.766165,S4,0.9319
5,10500,S4,0.9319,8041767137.515647,S4,0.9319
5,10500,S5,0.0586,3763446118.393506,S4,0.9319
5,10500,S6,0.0016,-5675511058.304332,S4,0.9319
5,11000,S0,0.0,0.0,S4,0.9321
5,11000,S1,0.0003,1171035337.0787044,S4,0.9321
5,11000,S2,0.0089,1390490307.0810707,S4,0.9321
5,11000,S3,0.0,-3973338302.808808,S4,0.9321
5,11000,S4,0.9321,8501266204.900741,S4,0.9321
5,11000,S5,0.0565,3983753412.988051,S4,0.9321
5,11000,S6,0.0022,-5162578282.085425,S4,0.9321
5,11500,S0,0.0,0.0,S4,0.9325
5,11500,S1,0.0003,1262585906.866817,S4,0.9325
5,11500,S2,0.0097,1666008719.429414,S4,0.9325
5,11500,S3,0.0,-3749497265.851449,S4,0.9325
5,11500,S4,0.9325,8960765272.285831,S4,0.9325
5,11500,S5,0.0546,4204060707.5825944,S4,0.9325
5,11500,S6,0.0029,-4649645505.866519,S4,0.9325
5,12000,S0,0.0,0.0,S4,0.9329
5,12000,S1,0.0003,1354136476.65493,S4,0.9329
5,12000,S2,0.0106,1941527131.777757,S4,0.9329
5,12000,S3,0.0,-3525656228.8940916,S4,0.9329
5,12000,S4,0.9329,9420264339.670925,S4,0.9329
5,12000,S5,0.0527,4424368002.177139,S4,0.9329
5,12000,S6,0.0035,-4136712729.6476126,S4,0.9329
5,12500,S0,0.0,0.0,S4,0.9323
5,12500,S1,0.0003,1445687046.4430428,S4,0.9323
5,12500,S2,0.0116,2217045544.126101,S4,0.9323
5,12500,S3,0.0,-3301815191.9367332,S4,0.9323
5,12500,S4,0.9323,9879763407.056019,S4,0.9323
5,12500,S5,0.0514,4644675296.771685,S4,0.9323
5,12500,S6,0.0044,-3623779953.4287057,S4,0.9323
5,13000,S0,0.0,0.0,S4,0.9311
5,13000,S1,0.0003,1537237616.2311556,S4,0.9311
5,13000,S2,0.0128,2492563956.474444,S4,0.9311
5,13000,S3,0.0,-3077974154.9793754,S4,0.9311
5,13000,S4,0.9311,10339262474.441109,S4,0.9311
5,13000,S5,0.0503,4864982591.366228,S4,0.9311
5,13000,S6,0.0055,-3110847177.2098,S4,0.9311
5,13500,S0,0.0,0.0,S4,0.9307
5,13500,S1,0.0003,1628788186.0192688,S4,0.9307
5,13500,S2,0.0132,2768082368.822787,S4,0.9307
5,13500,S3,0.0,-2854133118.0220175,S4,0.9307
5,13500,S4,0.9307,10798761541.826202,S4,0.9307
5,13500,S5,0.0489,5085289885.960773,S4,0.9307
5,13500,S6,0.0069,-2597914400.990894,S4,0.9307
5,14000,S0,0.0,0.0,S4,0.9303
5,14000,S1,0.0003,1720338755.8073814,S4,0.9303
5,14000,S2,0.0137,3043600781.1711297,S4,0.9303
5,14000,S3,0.0,-2630292081.0646596,S4,0.9303
5,14000,S4,0.9303,11258260609.211294,S4,0.9303
5,14000,S5,0.0475,5305597180.555317,S4,0.9303
5,14000,S6,0.0082,-2084981624.7719872,S4,0.9303
5,14500,S0,0.0,0.0,S4,0.9297
5,14500,S1,0.0003,1811889325.595494,S4,0.9297
5,14500,S2,0.0148,3319119193.5194736,S4,0.9297
5,14500,S3,0.0,-2406451044.1073017,S4,0.9297
5,14500,S4,0.9297,11717759676.59639,S4,0.9297
5,14500,S5,0.046,5525904475.149861,S4,0.9297
5,14500,S6,0.0092,-1572048848.5530808,S4,0.9297
5,15000,S0,0.0,0.0,S4,0.9276
5,15000,S1,0.0003,1903439895.3836071,S4,0.9276
5,15000,S2,0.0158,3594637605.8678164,S4,0.9276
5,15000,S3,0.0001,-2182610007.149944,S4,0.9276
5,15000,S4,0.9276,12177258743.981482,S4,0.9276
5,15000,S5,0.0451,5746211769.744407,S4,0.9276
5,15000,S6,0.0111,-1059116072.3341744,S4,0.9276
5,15500,S0,0.0,0.0,S4,0.9259
5,15500,S1,0.0003,1994990465.1717203,S4,0.9259
5,15500,S2,0.0166,3870156018.2161593,S4,0.9259
5,15500,S3,0.0001,-1958768970.192586,S4,0.9259
5,15500,S4,0.9259,12636757811.366575,S4,0.9259
5,15500,S5,0.0442,5966519064.33895,S4,0.9259
5,15500,S6,0.0129,-546183296.1152681,S4,0.9259
5,16000,S0,0.0,0.0,S4,0.9231
5,16000,S1,0.0003,2086541034.959833,S4,0.9231
5,16000,S2,0.0169,4145674430.564503,S4,0.9231
5,16000,S3,0.0003,-1734927933.2352278,S4,0.9231
5,16000,S4,0.9231,13096256878.751665,S4,0.9231
5,16000,S5,0.0436,6186826358.933495,S4,0.9231
5,16000,S6,0.0158,-33250519.896361772,S4,0.9231
5,16500,S0,0.0,0.0,S4,0.9219
5,16500,S1,0.0003,2178091604.7479463,S4,0.9219
5,16500,S2,0.0179,4421192842.912847,S4,0.9219
5,16500,S3,0.0004,-1511086896.2778695,S4,0.9219
5,16500,S4,0.9219,13555755946.136759,S4,0.9219
5,16500,S5,0.0419,6407133653.528039,S4,0.9219
5,16500,S6,0.0176,479682256.3225445,S4,0.9219
5,17000,S0,0.0,0.0,S4,0.9193
5,17000,S1,0.0003,2269642174.5360584,S4,0.9193
5,17000,S2,0.0192,4696711255.261189,S4,0.9193
5,17000,S3,0.0004,-1287245859.3205118,S4,0.9193
5,17000,S4,0.9193,14015255013.521852,S4,0.9193
5,17000,S5,0.0412,6627440948.122583,S4,0.9193
5,17000,S6,0.0196,992615032.5414507,S4,0.9193
5,17500,S0,0.0,0.0,S4,0.9168
5,17500,S1,0.0003,2361192744.324172,S4,0.9168
5,17500,S2,0.0194,4972229667.609532,S4,0.9168
5,17500,S3,0.0004,-1063404822.3631537,S4,0.9168
5,17500,S4,0.9168,14474754080.906944,S4,0.9168
5,17500,S5,0.0407,6847748242.717128,S4,0.9168
5,17500,S6,0.0224,1505547808.7603571,S4,0.9168
5,18000,S0,0.0,0.0,S4,0.9138
5,18000,S1,0.0003,2452743314.1122847,S4,0.9138
5,18000,S2,0.0202,5247748079.957876,S4,0.9138
5,18000,S3,0.0005,-839563785.4057957,S4,0.9138
5,18000,S4,0.9138,14934253148.292038,S4,0.9138
5,18000,S5,0.0403,7068055537.311672,S4,0.9138
5,18000,S6,0.0249,2018480584.9792633,S4,0.9138
5,18500,S0,0.0,0.0,S4,0.9118
5,18500,S1,0.0003,2544293883.900398,S4,0.9118
5,18500,S2,0.0209,5523266492.306219,S4,0.9118
5,18500,S3,0.0006,-615722748.4484379,S4,0.9118
5,18500,S4,0.9118,15393752215.677132,S4,0.9118
5,18500,S5,0.039,7288362831.906219,S4,0.9118
5,18500,S6,0.0274,2531413361.1981697,S4,0.9118
5,19000,S0,0.0,0.0,S4,0.9094
5,19000,S1,0.0003,2635844453.68851,S4,0.9094
5,19000,S2,0.021,5798784904.654562,S4,0.9094
5,19000,S3,0.0006,-391881711.49107987,S4,0.9094
5,19000,S4,0.9094,15853251283.062222,S4,0.9094
5,19000,S5,0.0384,7508670126.500763,S4,0.9094
5,19000,S6,0.0303,3044346137.417076,S4,0.9094
5,19500,S0,0.0,0.0,S4,0.9062
5,19500,S1,0.0003,2727395023.476623,S4,0.9062
5,19500,S2,0.0217,6074303317.002905,S4,0.9062
5,19500,S3,0.0005,-168040674.53372192,S4,0.9062
5,19500,S4,0.9062,16312750350.447315,S4,0.9062
5,19500,S5,0.0378,7728977421.095306,S4,0.9062
5,19500,S6,0.0335,3557278913.635983,S4,0.9062
5,20000,S0,0.0,0.0,S4,0.9027
5,20000,S1,0.0003,2818945593.264736,S4,0.9027
5,20000,S2,0.0225,6349821729.351249,S4,0.9027
5,20000,S3,0.0005,55800362.42363606,S4,0.9027
5,20000,S4,0.9027,16772249417.832409,S4,0.9027
5,20000,S5,0.0373,7949284715.689852,S4,0.9027
5,20000,S6,0.0367,4070211689.854889,S4,0.9027
5,20500,S0,0.0,0.0,S4,0.8989
5,20500,S1,0.0003,2910496163.052849,S4,0.8989
5,20500,S2,0.0233,6625340141.699592,S4,0.8989
5,20500,S3,0.0005,279641399.380994,S4,0.8989
5,20500,S4,0.8989,17231748485.2175,S4,0.8989
5,20500,S5,0.0368,8169592010.284395,S4,0.8989
5,20500,S6,0.0402,4583144466.073795,S4,0.8989
5,21000,S0,0.0,0.0,S4,0.8946
5,21000,S1,0.0002,3002046732.840962,S4,0.8946
5,21000,S2,0.0242,6900858554.047935,S4,0.8946
5,21000,S3,0.0005,503482436.33835196,S4,0.8946
5,21000,S4,0.8946,17691247552.602592,S4,0.8946
5,21000,S5,0.0364,8389899304.878939,S4,0.8946
5,21000,S6,0.0441,5096077242.292702,S4,0.8946
5,21500,S0,0.0,0.0,S4,0.8919
5,21500,S1,0.0002,3093597302.6290746,S4,0.8919
5,21500,S2,0.0244,7176376966.396278,S4,0.8919
5,21500,S3,0.0005,727323473.29571,S4,0.8919
5,21500,S4,0.8919,18150746619.987686,S4,0.8919
5,21500,S5,0.0361,8610206599.473484,S4,0.8919
5,21500,S6,0.0469,5609010018.511608,S4,0.8919
5,22000,S0,0.0,0.0,S4,0.8883
5,22000,S1,0.0002,3185147872.4171877,S4,0.8883
5,22000,S2,0.0251,7451895378.744622,S4,0.8883
5,22000,S3,0.0005,951164510.253068,S4,0.8883
5,22000,S4,0.8883,18610245687.37278,S4,0.8883
5,22000,S5,0.0357,8830513894.068027,S4,0.8883
5,22000,S6,0.0502,6121942794.730515,S4,0.8883
5,22500,S0,0.0,0.0,S4,0.8851
5,22500,S1,0.0001,3276698442.2053003,S4,0.8851
5,22500,S2,0.0261,7727413791.092966,S4,0.8851
5,22500,S3,0.0006,1175005547.2104259,S4,0.8851
5,22500,S4,0.8851,19069744754.75787,S4,0.8851
5,22500,S5,0.035,9050821188.66257,S4,0.8851
5,22500,S6,0.0531,6634875570.94942,S4,0.8851
5,23000,S0,0.0,0.0,S4,0.8822
5,23000,S1,0.0001,3368249011.9934134,S4,0.8822
5,23000,S2,0.0261,8002932203.441308,S4,0.8822
5,23000,S3,0.0006,1398846584.1677837,S4,0.8822
5,23000,S4,0.8822,19529243822.142967,S4,0.8822
5,23000,S5,0.0349,9271128483.257118,S4,0.8822
5,23000,S6,0.0561,7147808347.168326,S4,0.8822
5,23500,S0,0.0,0.0,S4,0.8794
5,23500,S1,0.0001,3459799581.781526,S4,0.8794
5,23500,S2,0.0262,8278450615.789652,S4,0.8794
5,23500,S3,0.0006,1622687621.1251419,S4,0.8794
5,23500,S4,0.8794,19988742889.528057,S4,0.8794
5,23500,S5,0.0346,9491435777.851662,S4,0.8794
5,23500,S6,0.0591,7660741123.387231,S4,0.8794
5,24000,S0,0.0,0.0,S4,0.8757
5,24000,S1,0.0001,3551350151.569639,S4,0.8757
5,24000,S2,0.0271,8553969028.137994,S4,0.8757
5,24000,S3,0.0007,1846528658.0824995,S4,0.8757
5,24000,S4,0.8757,20448241956.91315,S4,0.8757
5,24000,S5,0.0342,9711743072.446207,S4,0.8757
5,24000,S6,0.0622,8173673899.606141,S4,0.8757
5,24500,S0,0.0,0.0,S4,0.8731
5,24500,S1,0.0001,3642900721.3577514,S4,0.8731
5,24500,S2,0.0272,8829487440.486338,S4,0.8731
5,24500,S3,0.0007,2070369695.0398579,S4,0.8731
5,24500,S4,0.8731,20907741024.298244,S4,0.8731
5,24500,S5,0.0336,9932050367.040752,S4,0.8731
5,24500,S6,0.0653,8686606675.825047,S4,0.8731
5,25000,S0,0.0,0.0,S4,0.8695
5,25000,S1,0.0001,3734451291.145865,S4,0.8695
5,25000,S2,0.0279,9105005852.83468,S4,0.8695
5,25000,S3,0.0008,2294210731.9972157,S4,0.8695
5,25000,S4,0.8695,21367240091.683334,S4,0.8695
5,25000,S5,0.0331,10152357661.635296,S4,0.8695
5,25000,S6,0.0686,9199539452.043953,S4,0.8695
5,25500,S0,0.0,0.0,S4,0.8661
5,25500,S1,0.0001,3826001860.933978,S4,0.8661
5,25500,S2,0.0287,9380524265.183023,S4,0.8661
5,25500,S3,0.0008,2518051768.9545736,S4,0.8661
5,25500,S4,0.8661,21826739159.068428,S4,0.8661
5,25500,S5,0.0329,10372664956.229841,S4,0.8661
5,25500,S6,0.0714,9712472228.26286,S4,0.8661
5,26000,S0,0.0,0.0,S4,0.8628
5,26000,S1,0.0001,3917552430.7220907,S4,0.8628
5,26000,S2,0.0291,9656042677.531366,S4,0.8628
5,26000,S3,0.0008,2741892805.911931,S4,0.8628
5,26000,S4,0.8628,22286238226.45352,S4,0.8628
5,26000,S5,0.0324,10592972250.824385,S4,0.8628
5,26000,S6,0.0748,10225405004.481766,S4,0.8628
5,26500,S0,0.0,0.0,S4,0.8586
5,26500,S1,0.0001,4009103000.5102034,S4,0.8586
5,26500,S2,0.0297,9931561089.87971,S4,0.8586
5,26500,S3,0.0009,2965733842.8692894,S4,0.8586
5,26500,S4,0.8586,22745737293.83861,S4,0.8586
5,26500,S5,0.0319,10813279545.418928,S4,0.8586
5,26500,S6,0.0788,10738337780.700672,S4,0.8586
5,27000,S0,0.0,0.0,S4,0.8552
5,27000,S1,0.0001,4100653570.2983155,S4,0.8552
5,27000,S2,0.03,10207079502.228054,S4,0.8552
5,27000,S3,0.0009,3189574879.8266478,S4,0.8552
5,27000,S4,0.8552,23205236361.223705,S4,0.8552
5,27000,S5,0.0312,11033586840.013474,S4,0.8552
5,27000,S6,0.0826,11251270556.919579,S4,0.8552
5,27500,S0,0.0,0.0,S4,0.8511
5,27500,S1,0.0001,4192204140.086429,S4,0.8511
5,27500,S2,0.0301,10482597914.576397,S4,0.8511
5,27500,S3,0.0011,3413415916.7840056,S4,0.8511
5,27500,S4,0.8511,23664735428.6088,S4,0.8511
5,27500,S5,0.0309,11253894134.608019,S4,0.8511
5,27500,S6,0.0867,11764203333.138485,S4,0.8511
5,28000,S0,0.0,0.0,S4,0.848
5,28000,S1,0.0001,4283754709.874542,S4,0.848
5,28000,S2,0.03,10758116326.92474,S4,0.848
5,28000,S3,0.0011,3637256953.741364,S4,0.848
5,28000,S4,0.848,24124234495.99389,S4,0.848
5,28000,S5,0.0308,11474201429.202562,S4,0.848
5,28000,S6,0.09,12277136109.357391,S4,0.848
5,28500,S0,0.0,0.0,S4,0.8441
5,28500,S1,0.0001,4375305279.662655,S4,0.8441
5,28500,S2,0.0303,11033634739.273083,S4,0.8441
5,28500,S3,0.0011,3861097990.698722,S4,0.8441
5,28500,S4,0.8441,24583733563.378983,S4,0.8441
5,28500,S5,0.0306,11694508723.797106,S4,0.8441
5,28500,S6,0.0938,12790068885.576298,S4,0.8441
5,29000,S0,0.0,0.0,S4,0.8402
5,29000,S1,0.0001,4466855849.4507675,S4,0.8402
5,29000,S2,0.0301,11309153151.621426,S4,0.8402
5,29000,S3,0.0012,4084939027.656079,S4,0.8402
5,29000,S4,0.8402,25043232630.764076,S4,0.8402
5,29000,S5,0.0302,11914816018.391651,S4,0.8402
5,29000,S6,0.0982,13303001661.795202,S4,0.8402
5,29500,S0,0.0,0.0,S4,0.8374
5,29500,S1,0.0,4558406419.238881,S4,0.8374
5,29500,S2,0.0299,11584671563.969769,S4,0.8374
5,29500,S3,0.0012,4308780064.613438,S4,0.8374
5,29500,S4,0.8374,25502731698.14917,S4,0.8374
5,29500,S5,0.0296,12135123312.986195,S4,0.8374
5,29500,S6,0.1019,13815934438.014109,S4,0.8374
5,30000,S0,0.0,0.0,S4,0.8343
5,30000,S1,0.0,4649956989.026994,S4,0.8343
5,30000,S2,0.0298,11860189976.318113,S4,0.8343
5,30000,S3,0.0012,4532621101.570795,S4,0.8343
5,30000,S4,0.8343,25962230765.534264,S4,0.8343
5,30000,S5,0.0291,12355430607.58074,S4,0.8343
5,30000,S6,0.1056,14328867214.233015,S4,0.8343
5,30500,S0,0.0,0.0,S4,0.8309
5,30500,S1,0.0,4741507558.815107,S4,0.8309
5,30500,S2,0.0297,12135708388.666456,S4,0.8309
5,30500,S3,0.0012,4756462138.528153,S4,0.8309
5,30500,S4,0.8309,26421729832.919357,S4,0.8309
5,30500,S5,0.0285,12575737902.175283,S4,0.8309
5,30500,S6,0.1097,14841799990.451925,S4,0.8309
5,31000,S0,0.0,0.0,S4,0.8268
5,31000,S1,0.0,4833058128.60322,S4,0.8268
5,31000,S2,0.0295,12411226801.0148,S4,0.8268
5,31000,S3,0.0012,4980303175.485511,S4,0.8268
5,31000,S4,0.8268,26881228900.30445,S4,0.8268
5,31000,S5,0.0281,12796045196.769829,S4,0.8268
5,31000,S6,0.1144,15354732766.670828,S4,0.8268
5,31500,S0,0.0,0.0,S4,0.8233
5,31500,S1,0.0,4924608698.391333,S4,0.8233
5,31500,S2,0.0294,12686745213.363142,S4,0.8233
5,31500,S3,0.0012,5204144212.442869,S4,0.8233
5,31500,S4,0.8233,27340727967.689537,S4,0.8233
5,31500,S5,0.0278,13016352491.364374,S4,0.8233
5,31500,S6,0.1183,15867665542.889734,S4,0.8233
5,32000,S0,0.0,0.0,S4,0.8196
5,32000,S1,0.0,5016159268.179445,S4,0.8196
5,32000,S2,0.0296,12962263625.711487,S4,0.8196
5,32000,S3,0.0013,5427985249.400227,S4,0.8196
5,32000,S4,0.8196,27800227035.07463,S4,0.8196
5,32000,S5,0.0275,13236659785.95892,S4,0.8196
5,32000,S6,0.122,16380598319.108644,S4,0.8196
5,32500,S0,0.0,0.0,S4,0.8165
5,32500,S1,0.0,5107709837.967558,S4,0.8165
5,32500,S2,0.0293,13237782038.059828,S4,0.8165
5,32500,S3,0.0011,5651826286.357584,S4,0.8165
5,32500,S4,0.8165,28259726102.459724,S4,0.8165
5,32500,S5,0.0274,13456967080.553463,S4,0.8165
5,32500,S6,0.1257,16893531095.327547,S4,0.8165
5,33000,S0,0.0,0.0,S4,0.8125
5,33000,S1,0.0,5199260407.7556715,S4,0.8125
5,33000,S2,0.0293,13513300450.408173,S4,0.8125
5,33000,S3,0.0011,5875667323.314943,S4,0.8125
5,33000,S4,0.8125,28719225169.84482,S4,0.8125
5,33000,S5,0.0266,13677274375.148006,S4,0.8125
5,33000,S6,0.1305,17406463871.54645,S4,0.8125
5,33500,S0,0.0,0.0,S4,0.8087
5,33500,S1,0.0,5290810977.543784,S4,0.8087
5,33500,S2,0.0291,13788818862.756516,S4,0.8087
5,33500,S3,0.0011,6099508360.272302,S4,0.8087
5,33500,S4,0.8087,29178724237.22991,S4,0.8087
5,33500,S5,0.0264,13897581669.74255,S4,0.8087
5,33500,S6,0.1347,17919396647.765358,S4,0.8087
5,34000,S0,0.0,0.0,S4,0.8053
5,34000,S1,0.0,5382361547.331897,S4,0.8053
5,34000,S2,0.0291,14064337275.10486,S4,0.8053
5,34000,S3,0.0011,6323349397.229659,S4,0.8053
5,34000,S4,0.8053,29638223304.615,S4,0.8053
5,34000,S5,0.0264,14117888964.337097,S4,0.8053
5,34000,S6,0.1381,18432329423.98427,S4,0.8053
5,34500,S0,0.0,0.0,S4,0.8022
5,34500,S1,0.0,5473912117.120009,S4,0.8022
5,34500,S2,0.0293,14339855687.4532,S4,0.8022
5,34500,S3,0.0011,6547190434.187017,S4,0.8022
5,34500,S4,0.8022,30097722372.000095,S4,0.8022
5,34500,S5,0.0258,14338196258.93164,S4,0.8022
5,34500,S6,0.1416,18945262200.20317,S4,0.8022
5,35000,S0,0.0,0.0,S4,0.7985
5,35000,S1,0.0,5565462686.908123,S4,0.7985
5,35000,S2,0.0292,14615374099.801544,S4,0.7985
5,35000,S3,0.0012,6771031471.144375,S4,0.7985
5,35000,S4,0.7985,30557221439.38519,S4,0.7985
5,35000,S5,0.0254,14558503553.526184,S4,0.7985
5,35000,S6,0.1457,19458194976.422077,S4,0.7985
5,35500,S0,0.0,0.0,S4,0.7942
5,35500,S1,0.0,5657013256.696235,S4,0.7942
5,35500,S2,0.0289,14890892512.149887,S4,0.7942
5,35500,S3,0.0012,6994872508.101733,S4,0.7942
5,35500,S4,0.7942,31016720506.770283,S4,0.7942
5,35500,S5,0.0252,14778810848.120731,S4,0.7942
5,35500,S6,0.1505,19971127752.640984,S4,0.7942
5,36000,S0,0.0,0.0,S4,0.7901
5,36000,S1,0.0,5748563826.484348,S4,0.7901
5,36000,S2,0.0288,15166410924.498232,S4,0.7901
5,36000,S3,0.0012,7218713545.059091,S4,0.7901
5,36000,S4,0.7901,31476219574.155376,S4,0.7901
5,36000,S5,0.0252,14999118142.715275,S4,0.7901
5,36000,S6,0.1547,20484060528.85989,S4,0.7901
5,36500,S0,0.0,0.0,S4,0.7871
5,36500,S1,0.0,5840114396.272461,S4,0.7871
5,36500,S2,0.0289,15441929336.846575,S4,0.7871
5,36500,S3,0.0012,7442554582.01645,S4,0.7871
5,36500,S4,0.7871,31935718641.54047,S4,0.7871
5,36500,S5,0.025,15219425437.309818,S4,0.7871
5,36500,S6,0.1578,20996993305.0788,S4,0.7871
5,37000,S0,0.0,0.0,S4,0.784
5,37000,S1,0.0,5931664966.060574,S4,0.784
5,37000,S2,0.0288,15717447749.19492,S4,0.784
5,37000,S3,0.0012,7666395618.973808,S4,0.784
5,37000,S4,0.784,32395217708.925564,S4,0.784
5,37000,S5,0.0246,15439732731.904362,S4,0.784
5,37000,S6,0.1614,21509926081.297703,S4,0.784
5,37500,S0,0.0,0.0,S4,0.7799
5,37500,S1,0.0,6023215535.848687,S4,0.7799
5,37500,S2,0.0291,15992966161.543262,S4,0.7799
5,37500,S3,0.0012,7890236655.931166,S4,0.7799
5,37500,S4,0.7799,32854716776.31065,S4,0.7799
5,37500,S5,0.0244,15660040026.498907,S4,0.7799
5,37500,S6,0.1654,22022858857.516613,S4,0.7799
5,38000,S0,0.0,0.0,S4,0.7767
5,38000,S1,0.0,6114766105.6368,S4,0.7767
5,38000,S2,0.0292,16268484573.891605,S4,0.7767
5,38000,S3,0.0012,8114077692.888523,S4,0.7767
5,38000,S4,0.7767,33314215843.69575,S4,0.7767
5,38000,S5,0.0242,15880347321.09345,S4,0.7767
5,38000,S6,0.1687,22535791633.735516,S4,0.7767
5,38500,S0,0.0,0.0,S4,0.7732
5,38500,S1,0.0,6206316675.424912,S4,0.7732
5,38500,S2,0.0287,16544002986.239946,S4,0.7732
5,38500,S3,0.0012,8337918729.845881,S4,0.7732
5,38500,S4,0.7732,33773714911.080837,S4,0.7732
5,38500,S5,0.0242,16100654615.687998,S4,0.7732
5,38500,S6,0.1727,23048724409.954422,S4,0.7732
5,39000,S0,0.0,0.0,S4,0.7692
5,39000,S1,0.0,6297867245.213026,S4,0.7692
5,39000,S2,0.0289,16819521398.588293,S4,0.7692
5,39000,S3,0.0012,8561759766.803238,S4,0.7692
5,39000,S4,0.7692,34233213978.46593,S4,0.7692
5,39000,S5,0.024,16320961910.282537,S4,0.7692
5,39000,S6,0.1767,23561657186.173332,S4,0.7692
5,39500,S0,0.0,0.0,S4,0.7662
5,39500,S1,0.0,6389417815.001139,S4,0.7662
5,39500,S2,0.0288,17095039810.936634,S4,0.7662
5,39500,S3,0.0012,8785600803.760597,S4,0.7662
5,39500,S4,0.7662,34692713045.85103,S4,0.7662
5,39500,S5,0.0237,16541269204.877085,S4,0.7662
5,39500,S6,0.1801,24074589962.39224,S4,0.7662
5,40000,S0,0.0,0.0,S4,0.7635
5,40000,S1,0.0,6480968384.789251,S4,0.7635
5,40000,S2,0.0291,17370558223.284977,S4,0.7635
5,40000,S3,0.0012,9009441840.717957,S4,0.7635
5,40000,S4,0.7635,35152212113.236115,S4,0.7635
5,40000,S5,0.0236,16761576499.471632,S4,0.7635
5,40000,S6,0.1826,24587522738.611145,S4,0.7635
5,40500,S0,0.0,0.0,S4,0.7597
5,40500,S1,0.0,6572518954.577364,S4,0.7597
5,40500,S2,0.029,17646076635.63332,S4,0.7597
5,40500,S3,0.0012,9233282877.675312,S4,0.7597
5,40500,S4,0.7597,35611711180.621216,S4,0.7597
5,40500,S5,0.0236,16981883794.066172,S4,0.7597
5,40500,S6,0.1865,25100455514.83005,S4,0.7597
5,41000,S0,0.0,0.0,S4,0.7562
5,41000,S1,0.0,6664069524.365478,S4,0.7562
5,41000,S2,0.0292,17921595047.981663,S4,0.7562
5,41000,S3,0.0011,9457123914.63267,S4,0.7562
5,41000,S4,0.7562,36071210248.00631,S4,0.7562
5,41000,S5,0.0236,17202191088.660717,S4,0.7562
5,41000,S6,0.1899,25613388291.048958,S4,0.7562
5,41500,S0,0.0,0.0,S4,0.7531
5,41500,S1,0.0,6755620094.15359,S4,0.7531
5,41500,S2,0.0289,18197113460.33001,S4,0.7531
5,41500,S3,0.0011,9680964951.590029,S4,0.7531
5,41500,S4,0.7531,36530709315.3914,S4,0.7531
5,41500,S5,0.0234,17422498383.255264,S4,0.7531
5,41500,S6,0.1935,26126321067.267864,S4,0.7531
5,42000,S0,0.0,0.0,S4,0.7506
5,42000,S1,0.0,6847170663.941702,S4,0.7506
5,42000,S2,0.0291,18472631872.67835,S4,0.7506
5,42000,S3,0.0011,9904805988.547388,S4,0.7506
5,42000,S4,0.7506,36990208382.77649,S4,0.7506
5,42000,S5,0.023,17642805677.849808,S4,0.7506
5,42000,S6,0.1962,26639253843.48677,S4,0.7506
5,42500,S0,0.0,0.0,S4,0.7481
5,42500,S1,0.0,6938721233.7298155,S4,0.7481
5,42500,S2,0.0292,18748150285.026695,S4,0.7481
5,42500,S3,0.0013,10128647025.504744,S4,0.7481
5,42500,S4,0.7481,37449707450.16158,S4,0.7481
5,42500,S5,0.0228,17863112972.44435,S4,0.7481
5,42500,S6,0.1986,27152186619.705673,S4,0.7481
5,43000,S0,0.0,0.0,S4,0.7445
5,43000,S1,0.0,7030271803.517928,S4,0.7445
5,43000,S2,0.0294,19023668697.37504,S4,0.7445
5,43000,S3,0.0013,10352488062.462103,S4,0.7445
5,43000,S4,0.7445,37909206517.54668,S4,0.7445
5,43000,S5,0.0224,18083420267.0389,S4,0.7445
5,43000,S6,0.2024,27665119395.92458,S4,0.7445
5,43500,S0,0.0,0.0,S4,0.7413
5,43500,S1,0.0,7121822373.306042,S4,0.7413
5,43500,S2,0.0293,19299187109.723377,S4,0.7413
5,43500,S3,0.0013,10576329099.41946,S4,0.7413
5,43500,S4,0.7413,38368705584.93176,S4,0.7413
5,43500,S5,0.0222,18303727561.633442,S4,0.7413
5,43500,S6,0.2059,28178052172.143486,S4,0.7413
5,44000,S0,0.0,0.0,S4,0.7386
5,44000,S1,0.0,7213372943.094153,S4,0.7386
5,44000,S2,0.0292,19574705522.07172,S4,0.7386
5,44000,S3,0.0013,10800170136.37682,S4,0.7386
5,44000,S4,0.7386,38828204652.316864,S4,0.7386
5,44000,S5,0.022,18524034856.227985,S4,0.7386
5,44000,S6,0.2089,28690984948.362392,S4,0.7386
5,44500,S0,0.0,0.0,S4,0.7343
5,44500,S1,0.0,7304923512.882267,S4,0.7343
5,44500,S2,0.0296,19850223934.420067,S4,0.7343
5,44500,S3,0.0013,11024011173.334177,S4,0.7343
5,44500,S4,0.7343,39287703719.70196,S4,0.7343
5,44500,S5,0.0218,18744342150.82253,S4,0.7343
5,44500,S6,0.213,29203917724.5813,S4,0.7343
5,45000,S0,0.0,0.0,S4,0.7315
5,45000,S1,0.0,7396474082.670382,S4,0.7315
5,45000,S2,0.0293,20125742346.76841,S4,0.7315
5,45000,S3,0.0013,11247852210.291534,S4,0.7315
5,45000,S4,0.7315,39747202787.08705,S4,0.7315
5,45000,S5,0.0215,18964649445.417076,S4,0.7315
5,45000,S6,0.2164,29716850500.800205,S4,0.7315
5,45500,S0,0.0,0.0,S4,0.7288
5,45500,S1,0.0,7488024652.458492,S4,0.7288
5,45500,S2,0.0295,20401260759.116753,S4,0.7288
5,45500,S3,0.0013,11471693247.248892,S4,0.7288
5,45500,S4,0.7288,40206701854.47214,S4,0.7288
5,45500,S5,0.0213,19184956740.01162,S4,0.7288
5,45500,S6,0.2191,30229783277.01911,S4,0.7288
5,46000,S0,0.0,0.0,S4,0.7273
5,46000,S1,0.0,7579575222.246606,S4,0.7273
5,46000,S2,0.0293,20676779171.465096,S4,0.7273
5,46000,S3,0.0013,11695534284.20625,S4,0.7273
5,46000,S4,0.7273,40666200921.85723,S4,0.7273
5,46000,S5,0.021,19405264034.606163,S4,0.7273
5,46000,S6,0.2211,30742716053.238026,S4,0.7273
5,46500,S0,0.0,0.0,S4,0.7239
5,46500,S1,0.0,7671125792.0347185,S4,0.7239
5,46500,S2,0.0293,20952297583.81344,S4,0.7239
5,46500,S3,0.0013,11919375321.163609,S4,0.7239
5,46500,S4,0.7239,41125699989.24232,S4,0.7239
5,46500,S5,0.0208,19625571329.200706,S4,0.7239
5,46500,S6,0.2247,31255648829.45692,S4,0.7239
5,47000,S0,0.0,0.0,S4,0.7217
5,47000,S1,0.0,7762676361.822831,S4,0.7217
5,47000,S2,0.0291,21227815996.16178,S4,0.7217
5,47000,S3,0.0014,12143216358.120966,S4,0.7217
5,47000,S4,0.7217,41585199056.62741,S4,0.7217
5,47000,S5,0.0207,19845878623.79525,S4,0.7217
5,47000,S6,0.2271,31768581605.67583,S4,0.7217
5,47500,S0,0.0,0.0,S4,0.7193
5,47500,S1,0.0,7854226931.610944,S4,0.7193
5,47500,S2,0.0289,21503334408.510124,S4,0.7193
5,47500,S3,0.0014,12367057395.078325,S4,0.7193
5,47500,S4,0.7193,42044698124.01251,S4,0.7193
5,47500,S5,0.0204,20066185918.389793,S4,0.7193
5,47500,S6,0.23,32281514381.894737,S4,0.7193
5,48000,S0,0.0,0.0,S4,0.7175
5,48000,S1,0.0,7945777501.399057,S4,0.7175
5,48000,S2,0.0288,21778852820.858467,S4,0.7175
5,48000,S3,0.0014,12590898432.035683,S4,0.7175
5,48000,S4,0.7175,42504197191.3976,S4,0.7175
5,48000,S5,0.0203,20286493212.984337,S4,0.7175
5,48000,S6,0.232,32794447158.113644,S4,0.7175
5,48500,S0,0.0,0.0,S4,0.7149
5,48500,S1,0.0,8037328071.187169,S4,0.7149
5,48500,S2,0.0286,22054371233.206814,S4,0.7149
5,48500,S3,0.0013,12814739468.993038,S4,0.7149
5,48500,S4,0.7149,42963696258.78269,S4,0.7149
5,48500,S5,0.0202,20506800507.578888,S4,0.7149
5,48500,S6,0.235,33307379934.33255,S4,0.7149
5,49000,S0,0.0,0.0,S4,0.7127
5,49000,S1,0.0,8128878640.975283,S4,0.7127
5,49000,S2,0.0285,22329889645.555157,S4,0.7127
5,49000,S3,0.0013,13038580505.950397,S4,0.7127
5,49000,S4,0.7127,43423195326.167786,S4,0.7127
5,49000,S5,0.0199,20727107802.17343,S4,0.7127
5,49000,S6,0.2376,33820312710.551464,S4,0.7127
5,49500,S0,0.0,0.0,S4,0.7098
5,49500,S1,0.0,8220429210.763395,S4,0.7098
5,49500,S2,0.0282,22605408057.903496,S4,0.7098
5,49500,S3,0.0013,13262421542.907757,S4,0.7098
5,49500,S4,0.7098,43882694393.55287,S4,0.7098
5,49500,S5,0.0195,20947415096.767975,S4,0.7098
5,49500,S6,0.2412,34333245486.770363,S4,0.7098
5,50000,S0,0.0,0.0,S4,0.7069
5,50000,S1,0.0,8311979780.551509,S4,0.7069
5,50000,S2,0.0281,22880926470.251842,S4,0.7069
5,50000,S3,0.0013,13486262579.865114,S4,0.7069
5,50000,S4,0.7069,44342193460.93797,S4,0.7069
5,50000,S5,0.0192,21167722391.36252,S4,0.7069
5,50000,S6,0.2445,34846178262.989265,S4,0.7069
5,50500,S0,0.0,0.0,S4,0.7035
5,50500,S1,0.0,8403530350.339622,S4,0.7035
5,50500,S2,0.0279,23156444882.600185,S4,0.7035
5,50500,S3,0.0013,13710103616.822472,S4,0.7035
5,50500,S4,0.7035,44801692528.32306,S4,0.7035
5,50500,S5,0.0191,21388029685.95706,S4,0.7035
5,50500,S6,0.2482,35359111039.208176,S4,0.7035
5,51000,S0,0.0,0.0,S4,0.7014
5,51000,S1,0.0,8495080920.127734,S4,0.7014
5,51000,S2,0.0278,23431963294.94853,S4,0.7014
5,51000,S3,0.0013,13933944653.779829,S4,0.7014
5,51000,S4,0.7014,45261191595.70815,S4,0.7014
5,51000,S5,0.019,21608336980.551605,S4,0.7014
5,51000,S6,0.2505,35872043815.427086,S4,0.7014
5,51500,S0,0.0,0.0,S4,0.6982
5,51500,S1,0.0,8586631489.915847,S4,0.6982
5,51500,S2,0.0279,23707481707.29687,S4,0.6982
5,51500,S3,0.0013,14157785690.737188,S4,0.6982
5,51500,S4,0.6982,45720690663.09325,S4,0.6982
5,51500,S5,0.019,21828644275.146152,S4,0.6982
5,51500,S6,0.2536,36384976591.64599,S4,0.6982
5,52000,S0,0.0,0.0,S4,0.6941
5,52000,S1,0.0,8678182059.70396,S4,0.6941
5,52000,S2,0.0279,23983000119.645214,S4,0.6941
5,52000,S3,0.0013,14381626727.694548,S4,0.6941
5,52000,S4,0.6941,46180189730.47834,S4,0.6941
5,52000,S5,0.0188,22048951569.740696,S4,0.6941
5,52000,S6,0.2579,36897909367.86489,S4,0.6941
5,52500,S0,0.0,0.0,S4,0.6911
5,52500,S1,0.0,8769732629.492073,S4,0.6911
5,52500,S2,0.028,24258518531.993557,S4,0.6911
5,52500,S3,0.0013,14605467764.651903,S4,0.6911
5,52500,S4,0.6911,46639688797.863434,S4,0.6911
5,52500,S5,0.0188,22269258864.33524,S4,0.6911
5,52500,S6,0.2608,37410842144.0838,S4,0.6911
5,53000,S0,0.0,0.0,S4,0.6891
5,53000,S1,0.0,8861283199.280186,S4,0.6891
5,53000,S2,0.0278,24534036944.3419,S4,0.6891
5,53000,S3,0.0013,14829308801.609262,S4,0.6891
5,53000,S4,0.6891,47099187865.24853,S4,0.6891
5,53000,S5,0.0188,22489566158.929783,S4,0.6891
5,53000,S6,0.263,37923774920.3027,S4,0.6891
5,53500,S0,0.0,0.0,S4,0.6862
5,53500,S1,0.0,8952833769.0683,S4,0.6862
5,53500,S2,0.0276,24809555356.690243,S4,0.6862
5,53500,S3,0.0013,15053149838.566618,S4,0.6862
5,53500,S4,0.6862,47558686932.63362,S4,0.6862
5,53500,S5,0.0183,22709873453.524326,S4,0.6862
5,53500,S6,0.2666,38436707696.521614,S4,0.6862
5,54000,S0,0.0,0.0,S4,0.6837
5,54000,S1,0.0,9044384338.856411,S4,0.6837
5,54000,S2,0.0274,25085073769.038586,S4,0.6837
5,54000,S3,0.0013,15276990875.523975,S4,0.6837
5,54000,S4,0.6837,48018186000.018715,S4,0.6837
5,54000,S5,0.0182,22930180748.118874,S4,0.6837
5,54000,S6,0.2694,38949640472.74052,S4,0.6837
5,54500,S0,0.0,0.0,S4,0.6806
5,54500,S1,0.0,9135934908.644526,S4,0.6806
5,54500,S2,0.0274,25360592181.38693,S4,0.6806
5,54500,S3,0.0013,15500831912.481337,S4,0.6806
5,54500,S4,0.6806,48477685067.4038,S4,0.6806
5,54500,S5,0.0181,23150488042.713417,S4,0.6806
5,54500,S6,0.2726,39462573248.95943,S4,0.6806
5,55000,S0,0.0,0.0,S4,0.6776
5,55000,S1,0.0,9227485478.432638,S4,0.6776
5,55000,S2,0.0274,25636110593.735275,S4,0.6776
5,55000,S3,0.0013,15724672949.438694,S4,0.6776
5,55000,S4,0.6776,48937184134.7889,S4,0.6776
5,55000,S5,0.0179,23370795337.307964,S4,0.6776
5,55000,S6,0.2758,39975506025.17834,S4,0.6776
5,55500,S0,0.0,0.0,S4,0.6747
5,55500,S1,0.0,9319036048.22075,S4,0.6747
5,55500,S2,0.0275,25911629006.083614,S4,0.6747
5,55500,S3,0.0013,15948513986.396053,S4,0.6747
5,55500,S4,0.6747,49396683202.17399,S4,0.6747
5,55500,S5,0.0179,23591102631.902508,S4,0.6747
5,55500,S6,0.2786,40488438801.39724,S4,0.6747
5,56000,S0,0.0,0.0,S4,0.6724
5,56000,S1,0.0,9410586618.008863,S4,0.6724
5,56000,S2,0.0276,26187147418.43196,S4,0.6724
5,56000,S3,0.0013,16172355023.353413,S4,0.6724
5,56000,S4,0.6724,49856182269.55909,S4,0.6724
5,56000,S5,0.0176,23811409926.49705,S4,0.6724
5,56000,S6,0.2811,41001371577.61614,S4,0.6724
5,56500,S0,0.0,0.0,S4,0.6708
5,56500,S1,0.0,9502137187.796976,S4,0.6708
5,56500,S2,0.0275,26462665830.7803,S4,0.6708
5,56500,S3,0.0013,16396196060.310768,S4,0.6708
5,56500,S4,0.6708,50315681336.944176,S4,0.6708
5,56500,S5,0.0175,24031717221.0916,S4,0.6708
5,56500,S6,0.2829,41514304353.83505,S4,0.6708
5,57000,S0,0.0,0.0,S4,0.6681
5,57000,S1,0.0,9593687757.585089,S4,0.6681
5,57000,S2,0.0277,26738184243.128643,S4,0.6681
5,57000,S3,0.0013,16620037097.268126,S4,0.6681
5,57000,S4,0.6681,50775180404.32927,S4,0.6681
5,57000,S5,0.0175,24252024515.686142,S4,0.6681
5,57000,S6,0.2854,42027237130.05396,S4,0.6681
5,57500,S0,0.0,0.0,S4,0.6654
5,57500,S1,0.0,9685238327.373203,S4,0.6654
5,57500,S2,0.0281,27013702655.476986,S4,0.6654
5,57500,S3,0.0013,16843878134.225485,S4,0.6654
5,57500,S4,0.6654,51234679471.71436,S4,0.6654
5,57500,S5,0.0174,24472331810.28069,S4,0.6654
5,57500,S6,0.2878,42540169906.272865,S4,0.6654
5,58000,S0,0.0,0.0,S4,0.663
5,58000,S1,0.0,9776788897.161316,S4,0.663
5,58000,S2,0.0278,27289221067.825333,S4,0.663
5,58000,S3,0.0014,17067719171.182844,S4,0.663
5,58000,S4,0.663,51694178539.09945,S4,0.663
5,58000,S5,0.0173,24692639104.875233,S4,0.663
5,58000,S6,0.2905,43053102682.491776,S4,0.663
5,58500,S0,0.0,0.0,S4,0.6611
5,58500,S1,0.0,9868339466.949429,S4,0.6611
5,58500,S2,0.0277,27564739480.173676,S4,0.6611
5,58500,S3,0.0014,17291560208.140198,S4,0.6611
5,58500,S4,0.6611,52153677606.48455,S4,0.6611
5,58500,S5,0.017,24912946399.469776,S4,0.6611
5,58500,S6,0.2928,43566035458.71068,S4,0.6611
5,59000,S0,0.0,0.0,S4,0.6586
5,59000,S1,0.0,9959890036.737541,S4,0.6586
5,59000,S2,0.0276,27840257892.52202,S4,0.6586
5,59000,S3,0.0014,17515401245.097557,S4,0.6586
5,59000,S4,0.6586,52613176673.86964,S4,0.6586
5,59000,S5,0.017,25133253694.06432,S4,0.6586
5,59000,S6,0.2954,44078968234.92959,S4,0.6586
5,59500,S0,0.0,0.0,S4,0.6565
5,59500,S1,0.0,10051440606.525654,S4,0.6565
5,59500,S2,0.0275,28115776304.87036,S4,0.6565
5,59500,S3,0.0014,17739242282.054913,S4,0.6565
5,59500,S4,0.6565,53072675741.25473,S4,0.6565
5,59500,S5,0.0169,25353560988.658863,S4,0.6565
5,59500,S6,0.2977,44591901011.14849,S4,0.6565
5,60000,S0,0.0,0.0,S4,0.6545
5,60000,S1,0.0,10142991176.313766,S4,0.6545
5,60000,S2,0.0273,28391294717.2187,S4,0.6545
5,60000,S3,0.0015,17963083319.012276,S4,0.6545
5,60000,S4,0.6545,53532174808.639824,S4,0.6545
5,60000,S5,0.0167,25573868283.253407,S4,0.6545
5,60000,S6,0.3,45104833787.3674,S4,0.6545
5,60500,S0,0.0,0.0,S4,0.6524
5,60500,S1,0.0,10234541746.101877,S4,0.6524
5,60500,S2,0.0271,28666813129.56705,S4,0.6524
5,60500,S3,0.0015,18186924355.96963,S4,0.6524
5,60500,S4,0.6524,53991673876.02492,S4,0.6524
5,60500,S5,0.0166,25794175577.847954,S4,0.6524
5,60500,S6,0.3024,45617766563.5863,S4,0.6524
5,61000,S0,0.0,0.0,S4,0.6501
5,61000,S1,0.0,10326092315.889994,S4,0.6501
5,61000,S2,0.0268,28942331541.915394,S4,0.6501
5,61000,S3,0.0015,18410765392.92699,S4,0.6501
5,61000,S4,0.6501,54451172943.41001,S4,0.6501
5,61000,S5,0.0164,26014482872.442497,S4,0.6501
5,61000,S6,0.3052,46130699339.805214,S4,0.6501
5,61500,S0,0.0,0.0,S4,0.6481
5,61500,S1,0.0,10417642885.678104,S4,0.6481
5,61500,S2,0.0266,29217849954.263737,S4,0.6481
5,61500,S3,0.0015,18634606429.884346,S4,0.6481
5,61500,S4,0.6481,54910672010.7951,S4,0.6481
5,61500,S5,0.0163,26234790167.03704,S4,0.6481
5,61500,S6,0.3075,46643632116.02411,S4,0.6481
5,62000,S0,0.0,0.0,S4,0.6452
5,62000,S1,0.0,10509193455.466219,S4,0.6452
5,62000,S2,0.0264,29493368366.61208,S4,0.6452
5,62000,S3,0.0015,18858447466.8417,S4,0.6452
5,62000,S4,0.6452,55370171078.1802,S4,0.6452
5,62000,S5,0.0161,26455097461.631588,S4,0.6452
5,62000,S6,0.3108,47156564892.24302,S4,0.6452
5,62500,S0,0.0,0.0,S4,0.6442
5,62500,S1,0.0,10600744025.254332,S4,0.6442
5,62500,S2,0.0262,29768886778.96042,S4,0.6442
5,62500,S3,0.0015,19082288503.79906,S4,0.6442
5,62500,S4,0.6442,55829670145.565285,S4,0.6442
5,62500,S5,0.0159,26675404756.22613,S4,0.6442
5,62500,S6,0.3122,47669497668.46192,S4,0.6442
5,63000,S0,0.0,0.0,S4,0.6421
5,63000,S1,0.0,10692294595.042444,S4,0.6421
5,63000,S2,0.0261,30044405191.30876,S4,0.6421
5,63000,S3,0.0015,19306129540.75642,S4,0.6421
5,63000,S4,0.6421,56289169212.95038,S4,0.6421
5,63000,S5,0.0159,26895712050.820675,S4,0.6421
5,63000,S6,0.3144,48182430444.68084,S4,0.6421
5,63500,S0,0.0,0.0,S4,0.6404
5,63500,S1,0.0,10783845164.830557,S4,0.6404
5,63500,S2,0.0259,30319923603.657112,S4,0.6404
5,63500,S3,0.0015,19529970577.713776,S4,0.6404
5,63500,S4,0.6404,56748668280.33547,S4,0.6404
5,63500,S5,0.0159,27116019345.41522,S4,0.6404
5,63500,S6,0.3163,48695363220.899734,S4,0.6404
5,64000,S0,0.0,0.0,S4,0.6387
5,64000,S1,0.0,10875395734.61867,S4,0.6387
5,64000,S2,0.0257,30595442016.00545,S4,0.6387
5,64000,S3,0.0015,19753811614.67114,S4,0.6387
5,64000,S4,0.6387,57208167347.72057,S4,0.6387
5,64000,S5,0.0158,27336326640.00976,S4,0.6387
5,64000,S6,0.3183,49208295997.11865,S4,0.6387
5,64500,S0,0.0,0.0,S4,0.6363
5,64500,S1,0.0,10966946304.406782,S4,0.6363
5,64500,S2,0.0258,30870960428.353794,S4,0.6363
5,64500,S3,0.0015,19977652651.628494,S4,0.6363
5,64500,S4,0.6363,57667666415.10566,S4,0.6363
5,64500,S5,0.0158,27556633934.604305,S4,0.6363
5,64500,S6,0.3206,49721228773.33755,S4,0.6363
5,65000,S0,0.0,0.0,S4,0.6341
5,65000,S1,0.0,11058496874.194893,S4,0.6341
5,65000,S2,0.0258,31146478840.702137,S4,0.6341
5,65000,S3,0.0015,20201493688.58585,S4,0.6341
5,65000,S4,0.6341,58127165482.49075,S4,0.6341
5,65000,S5,0.0157,27776941229.19885,S4,0.6341
5,65000,S6,0.3229,50234161549.556465,S4,0.6341
5,65500,S0,0.0,0.0,S4,0.632
5,65500,S1,0.0,11150047443.98301,S4,0.632
5,65500,S2,0.0258,31421997253.05048,S4,0.632
5,65500,S3,0.0015,20425334725.54321,S4,0.632
5,65500,S4,0.632,58586664549.87585,S4,0.632
5,65500,S5,0.0156,27997248523.7934,S4,0.632
5,65500,S6,0.3251,50747094325.77536,S4,0.632
5,66000,S0,0.0,0.0,S4,0.6306
5,66000,S1,0.0,11241598013.771122,S4,0.6306
5,66000,S2,0.0257,31697515665.398827,S4,0.6306
5,66000,S3,0.0015,20649175762.50057,S4,0.6306
5,66000,S4,0.6306,59046163617.26094,S4,0.6306
5,66000,S5,0.0154,28217555818.387936,S4,0.6306
5,66000,S6,0.3268,51260027101.99428,S4,0.6306
5,66500,S0,0.0,0.0,S4,0.6293
5,66500,S1,0.0,11333148583.559235,S4,0.6293
5,66500,S2,0.0257,31973034077.74716,S4,0.6293
5,66500,S3,0.0015,20873016799.457924,S4,0.6293
5,66500,S4,0.6293,59505662684.64603,S4,0.6293
5,66500,S5,0.0153,28437863112.982487,S4,0.6293
5,66500,S6,0.3282,51772959878.21317,S4,0.6293
5,67000,S0,0.0,0.0,S4,0.6272
5,67000,S1,0.0,11424699153.347347,S4,0.6272
5,67000,S2,0.0255,32248552490.095512,S4,0.6272
5,67000,S3,0.0015,21096857836.41528,S4,0.6272
5,67000,S4,0.6272,59965161752.03113,S4,0.6272
5,67000,S5,0.0152,28658170407.57703,S4,0.6272
5,67000,S6,0.3306,52285892654.43209,S4,0.6272
5,67500,S0,0.0,0.0,S4,0.6256
5,67500,S1,0.0,11516249723.13546,S4,0.6256
5,67500,S2,0.0253,32524070902.443855,S4,0.6256
5,67500,S3,0.0016,21320698873.372643,S4,0.6256
5,67500,S4,0.6256,60424660819.416214,S4,0.6256
5,67500,S5,0.0152,28878477702.171574,S4,0.6256
5,67500,S6,0.3323,52798825430.650986,S4,0.6256
5,68000,S0,0.0,0.0,S4,0.6232
5,68000,S1,0.0,11607800292.923573,S4,0.6232
5,68000,S2,0.0255,32799589314.7922,S4,0.6232
5,68000,S3,0.0016,21544539910.33,S4,0.6232
5,68000,S4,0.6232,60884159886.8013,S4,0.6232
5,68000,S5,0.015,29098784996.766125,S4,0.6232
5,68000,S6,0.3347,53311758206.869896,S4,0.6232
5,68500,S0,0.0,0.0,S4,0.6219
5,68500,S1,0.0,11699350862.711685,S4,0.6219
5,68500,S2,0.0249,33075107727.140545,S4,0.6219
5,68500,S3,0.0016,21768380947.287357,S4,0.6219
5,68500,S4,0.6219,61343658954.1864,S4,0.6219
5,68500,S5,0.0148,29319092291.360664,S4,0.6219
5,68500,S6,0.3368,53824690983.0888,S4,0.6219
5,69000,S0,0.0,0.0,S4,0.6205
5,69000,S1,0.0,11790901432.499798,S4,0.6205
5,69000,S2,0.0249,33350626139.488888,S4,0.6205
5,69000,S3,0.0016,21992221984.24472,S4,0.6205
5,69000,S4,0.6205,61803158021.5715,S4,0.6205
5,69000,S5,0.0148,29539399585.95521,S4,0.6205
5,69000,S6,0.3382,54337623759.30771,S4,0.6205
5,69500,S0,0.0,0.0,S4,0.6182
5,69500,S1,0.0,11882452002.28791,S4,0.6182
5,69500,S2,0.025,33626144551.837227,S4,0.6182
5,69500,S3,0.0016,22216063021.202076,S4,0.6182
5,69500,S4,0.6182,62262657088.95659,S4,0.6182
5,69500,S5,0.0147,29759706880.54975,S4,0.6182
5,69500,S6,0.3405,54850556535.52661,S4,0.6182
5,70000,S0,0.0,0.0,S4,0.617
5,70000,S1,0.0,11974002572.076025,S4,0.617
5,70000,S2,0.025,33901662964.18557,S4,0.617
5,70000,S3,0.0016,22439904058.15943,S4,0.617
5,70000,S4,0.617,62722156156.341675,S4,0.617
5,70000,S5,0.0145,29980014175.1443,S4,0.617
5,70000,S6,0.3419,55363489311.74552,S4,0.617
5,70500,S0,0.0,0.0,S4,0.6162
5,70500,S1,0.0,12065553141.864136,S4,0.6162
5,70500,S2,0.025,34177181376.533913,S4,0.6162
5,70500,S3,0.0016,22663745095.11679,S4,0.6162
5,70500,S4,0.6162,63181655223.726776,S4,0.6162
5,70500,S5,0.0145,30200321469.73884,S4,0.6162
5,70500,S6,0.3427,55876422087.964424,S4,0.6162
5,71000,S0,0.0,0.0,S4,0.6133
5,71000,S1,0.0,12157103711.65225,S4,0.6133
5,71000,S2,0.025,34452699788.882256,S4,0.6133
5,71000,S3,0.0017,22887586132.074146,S4,0.6133
5,71000,S4,0.6133,63641154291.11186,S4,0.6133
5,71000,S5,0.0144,30420628764.33339,S4,0.6133
5,71000,S6,0.3456,56389354864.18333,S4,0.6133
5,71500,S0,0.0,0.0,S4,0.6121
5,71500,S1,0.0,12248654281.440363,S4,0.6121
5,71500,S2,0.0248,34728218201.2306,S4,0.6121
5,71500,S3,0.0017,23111427169.031506,S4,0.6121
5,71500,S4,0.6121,64100653358.49696,S4,0.6121
5,71500,S5,0.0144,30640936058.927925,S4,0.6121
5,71500,S6,0.347,56902287640.40225,S4,0.6121
5,72000,S0,0.0,0.0,S4,0.61
5,72000,S1,0.0,12340204851.228476,S4,0.61
5,72000,S2,0.0246,35003736613.57893,S4,0.61
5,72000,S3,0.0017,23335268205.98886,S4,0.61
5,72000,S4,0.61,64560152425.88205,S4,0.61
5,72000,S5,0.0144,30861243353.522476,S4,0.61
5,72000,S6,0.3493,57415220416.62115,S4,0.61
5,72500,S0,0.0,0.0,S4,0.6083
5,72500,S1,0.0,12431755421.016588,S4,0.6083
5,72500,S2,0.0244,35279255025.927284,S4,0.6083
5,72500,S3,0.0017,23559109242.94622,S4,0.6083
5,72500,S4,0.6083,65019651493.26715,S4,0.6083
5,72500,S5,0.0144,31081550648.11702,S4,0.6083
5,72500,S6,0.3512,57928153192.84005,S4,0.6083
5,73000,S0,0.0,0.0,S4,0.6068
5,73000,S1,0.0,12523305990.8047,S4,0.6068
5,73000,S2,0.0243,35554773438.275635,S4,0.6068
5,73000,S3,0.0017,23782950279.90358,S4,0.6068
5,73000,S4,0.6068,65479150560.65224,S4,0.6068
5,73000,S5,0.0144,31301857942.711567,S4,0.6068
5,73000,S6,0.3528,58441085969.05896,S4,0.6068
5,73500,S0,0.0,0.0,S4,0.6052
5,73500,S1,0.0,12614856560.592813,S4,0.6052
5,73500,S2,0.0243,35830291850.62397,S4,0.6052
5,73500,S3,0.0017,24006791316.86094,S4,0.6052
5,73500,S4,0.6052,65938649628.03732,S4,0.6052
5,73500,S5,0.0144,31522165237.306107,S4,0.6052
5,73500,S6,0.3544,58954018745.27786,S4,0.6052
5,74000,S0,0.0,0.0,S4,0.6038
5,74000,S1,0.0,12706407130.380926,S4,0.6038
5,74000,S2,0.0243,36105810262.97231,S4,0.6038
5,74000,S3,0.0017,24230632353.8183,S4,0.6038
5,74000,S4,0.6038,66398148695.422424,S4,0.6038
5,74000,S5,0.0144,31742472531.90065,S4,0.6038
5,74000,S6,0.3558,59466951521.49677,S4,0.6038
5,74500,S0,0.0,0.0,S4,0.6024
5,74500,S1,0.0,12797957700.16904,S4,0.6024
5,74500,S2,0.0243,36381328675.32066,S4,0.6024
5,74500,S3,0.0017,24454473390.775654,S4,0.6024
5,74500,S4,0.6024,66857647762.8075,S4,0.6024
5,74500,S5,0.0143,31962779826.495193,S4,0.6024
5,74500,S6,0.3573,59979884297.715675,S4,0.6024
5,75000,S0,0.0,0.0,S4,0.6012
5,75000,S1,0.0,12889508269.957153,S4,0.6012
5,75000,S2,0.0243,36656847087.669,S4,0.6012
5,75000,S3,0.0017,24678314427.733013,S4,0.6012
5,75000,S4,0.6012,67317146830.1926,S4,0.6012
5,75000,S5,0.0141,32183087121.089745,S4,0.6012
5,75000,S6,0.3587,60492817073.934586,S4,0.6012
5,75500,S0,0.0,0.0,S4,0.5997
5,75500,S1,0.0,12981058839.745266,S4,0.5997
5,75500,S2,0.0243,36932365500.01734,S4,0.5997
5,75500,S3,0.0017,24902155464.69037,S4,0.5997
5,75500,S4,0.5997,67776645897.5777,S4,0.5997
5,75500,S5,0.0139,32403394415.684288,S4,0.5997
5,75500,S6,0.3604,61005749850.1535,S4,0.5997
5,76000,S0,0.0,0.0,S4,0.5969
5,76000,S1,0.0,13072609409.533379,S4,0.5969
5,76000,S2,0.0245,37207883912.365685,S4,0.5969
5,76000,S3,0.0017,25125996501.647728,S4,0.5969
5,76000,S4,0.5969,68236144964.96278,S4,0.5969
5,76000,S5,0.0139,32623701710.27883,S4,0.5969
5,76000,S6,0.363,61518682626.3724,S4,0.5969
5,76500,S0,0.0,0.0,S4,0.5955
5,76500,S1,0.0,13164159979.321491,S4,0.5955
5,76500,S2,0.0244,37483402324.714035,S4,0.5955
5,76500,S3,0.0017,25349837538.605083,S4,0.5955
5,76500,S4,0.5955,68695644032.34788,S4,0.5955
5,76500,S5,0.0139,32844009004.873375,S4,0.5955
5,76500,S6,0.3645,62031615402.5913,S4,0.5955
5,77000,S0,0.0,0.0,S4,0.5942
5,77000,S1,0.0,13255710549.109604,S4,0.5942
5,77000,S2,0.0244,37758920737.06238,S4,0.5942
5,77000,S3,0.0017,25573678575.562443,S4,0.5942
5,77000,S4,0.5942,69155143099.73297,S4,0.5942
5,77000,S5,0.0138,33064316299.46792,S4,0.5942
5,77000,S6,0.3659,62544548178.81023,S4,0.5942
5,77500,S0,0.0,0.0,S4,0.5925
5,77500,S1,0.0,13347261118.897717,S4,0.5925
5,77500,S2,0.0244,38034439149.41072,S4,0.5925
5,77500,S3,0.0017,25797519612.5198,S4,0.5925
5,77500,S4,0.5925,69614642167.11807,S4,0.5925
5,77500,S5,0.0137,33284623594.06246,S4,0.5925
5,77500,S6,0.3677,63057480955.02912,S4,0.5925
5,78000,S0,0.0,0.0,S4,0.5919
5,78000,S1,0.0,13438811688.685831,S4,0.5919
5,78000,S2,0.0243,38309957561.75906,S4,0.5919
5,78000,S3,0.0017,26021360649.477158,S4,0.5919
5,78000,S4,0.5919,70074141234.50316,S4,0.5919
5,78000,S5,0.0136,33504930888.657005,S4,0.5919
5,78000,S6,0.3685,63570413731.248024,S4,0.5919
5,78500,S0,0.0,0.0,S4,0.5904
5,78500,S1,0.0,13530362258.473944,S4,0.5904
5,78500,S2,0.0241,38585475974.1074,S4,0.5904
5,78500,S3,0.0017,26245201686.434517,S4,0.5904
5,78500,S4,0.5904,70533640301.88824,S4,0.5904
5,78500,S5,0.0134,33725238183.25155,S4,0.5904
5,78500,S6,0.3704,64083346507.46693,S4,0.5904
5,79000,S0,0.0,0.0,S4,0.5887
5,79000,S1,0.0,13621912828.262056,S4,0.5887
5,79000,S2,0.0241,38860994386.45575,S4,0.5887
5,79000,S3,0.0017,26469042723.391876,S4,0.5887
5,79000,S4,0.5887,70993139369.27335,S4,0.5887
5,79000,S5,0.0133,33945545477.846092,S4,0.5887
5,79000,S6,0.3722,64596279283.68584,S4,0.5887
5,79500,S0,0.0,0.0,S4,0.5874
5,79500,S1,0.0,13713463398.050169,S4,0.5874
5,79500,S2,0.024,39136512798.804085,S4,0.5874
5,79500,S3,0.0017,26692883760.34923,S4,0.5874
5,79500,S4,0.5874,71452638436.65843,S4,0.5874
5,79500,S5,0.0133,34165852772.440643,S4,0.5874
5,79500,S6,0.3736,65109212059.90475,S4,0.5874
5,80000,S0,0.0,0.0,S4,0.5869
5,80000,S1,0.0,13805013967.838284,S4,0.5869
5,80000,S2,0.0238,39412031211.152435,S4,0.5869
5,80000,S3,0.0017,26916724797.30659,S4,0.5869
5,80000,S4,0.5869,71912137504.04352,S4,0.5869
5,80000,S5,0.0132,34386160067.03519,S4,0.5869
5,80000,S6,0.3744,65622144836.12365,S4,0.5869
5,80500,S0,0.0,0.0,S4,0.586
5,80500,S1,0.0,13896564537.626394,S4,0.586
5,80500,S2,0.0236,39687549623.50078,S4,0.586
5,80500,S3,0.0017,27140565834.26395,S4,0.586
5,80500,S4,0.586,72371636571.42862,S4,0.586
5,80500,S5,0.0132,34606467361.62973,S4,0.586
5,80500,S6,0.3755,66135077612.34255,S4,0.586
5,81000,S0,0.0,0.0,S4,0.5845
5,81000,S1,0.0,13988115107.414507,S4,0.5845
5,81000,S2,0.0237,39963068035.84912,S4,0.5845
5,81000,S3,0.0017,27364406871.221306,S4,0.5845
5,81000,S4,0.5845,72831135638.81372,S4,0.5845
5,81000,S5,0.0132,34826774656.22427,S4,0.5845
5,81000,S6,0.3769,66648010388.56148,S4,0.5845
5,81500,S0,0.0,0.0,S4,0.5833
5,81500,S1,0.0,14079665677.202621,S4,0.5833
5,81500,S2,0.0236,40238586448.197464,S4,0.5833
5,81500,S3,0.0017,27588247908.178665,S4,0.5833
5,81500,S4,0.5833,73290634706.1988,S4,0.5833
5,81500,S5,0.0132,35047081950.81882,S4,0.5833
5,81500,S6,0.3782,67160943164.780365,S4,0.5833
5,82000,S0,0.0,0.0,S4,0.5815
5,82000,S1,0.0,14171216246.990734,S4,0.5815
5,82000,S2,0.0235,40514104860.54581,S4,0.5815
5,82000,S3,0.0017,27812088945.13602,S4,0.5815
5,82000,S4,0.5815,73750133773.5839,S4,0.5815
5,82000,S5,0.0131,35267389245.41336,S4,0.5815
5,82000,S6,0.3802,67673875940.999275,S4,0.5815
5,82500,S0,0.0,0.0,S4,0.5805
5,82500,S1,0.0,14262766816.778843,S4,0.5805
5,82500,S2,0.0234,40789623272.89415,S4,0.5805
5,82500,S3,0.0017,28035929982.09338,S4,0.5805
5,82500,S4,0.5805,74209632840.969,S4,0.5805
5,82500,S5,0.0129,35487696540.00791,S4,0.5805
5,82500,S6,0.3815,68186808717.21818,S4,0.5805
5,83000,S0,0.0,0.0,S4,0.5795
5,83000,S1,0.0,14354317386.566956,S4,0.5795
5,83000,S2,0.0233,41065141685.24249,S4,0.5795
5,83000,S3,0.0018,28259771019.05074,S4,0.5795
5,83000,S4,0.5795,74669131908.35408,S4,0.5795
5,83000,S5,0.0128,35708003834.60245,S4,0.5795
5,83000,S6,0.3826,68699741493.43709,S4,0.5795
5,83500,S0,0.0,0.0,S4,0.5784
5,83500,S1,0.0,14445867956.355072,S4,0.5784
5,83500,S2,0.0233,41340660097.590836,S4,0.5784
5,83500,S3,0.0018,28483612056.008095,S4,0.5784
5,83500,S4,0.5784,75128630975.73918,S4,0.5784
5,83500,S5,0.0128,35928311129.197,S4,0.5784
5,83500,S6,0.3837,69212674269.656,S4,0.5784
5,84000,S0,0.0,0.0,S4,0.577
5,84000,S1,0.0,14537418526.143185,S4,0.577
5,84000,S2,0.0234,41616178509.93918,S4,0.577
5,84000,S3,0.0018,28707453092.965458,S4,0.577
5,84000,S4,0.577,75588130043.12427,S4,0.577
5,84000,S5,0.0128,36148618423.79154,S4,0.577
5,84000,S6,0.385,69725607045.8749,S4,0.577
5,84500,S0,0.0,0.0,S4,0.5756
5,84500,S1,0.0,14628969095.931297,S4,0.5756
5,84500,S2,0.0232,41891696922.28752,S4,0.5756
5,84500,S3,0.0018,28931294129.922813,S4,0.5756
5,84500,S4,0.5756,76047629110.50937,S4,0.5756
5,84500,S5,0.0127,36368925718.386086,S4,0.5756
5,84500,S6,0.3867,70238539822.09381,S4,0.5756
5,85000,S0,0.0,0.0,S4,0.5738
5,85000,S1,0.0,14720519665.719412,S4,0.5738
5,85000,S2,0.023,42167215334.635864,S4,0.5738
5,85000,S3,0.0018,29155135166.880177,S4,0.5738
5,85000,S4,0.5738,76507128177.89445,S4,0.5738
5,85000,S5,0.0127,36589233012.98063,S4,0.5738
5,85000,S6,0.3887,70751472598.3127,S4,0.5738
5,85500,S0,0.0,0.0,S4,0.5724
5,85500,S1,0.0,14812070235.507524,S4,0.5724
5,85500,S2,0.023,42442733746.98421,S4,0.5724
5,85500,S3,0.0018,29378976203.837532,S4,0.5724
5,85500,S4,0.5724,76966627245.27956,S4,0.5724
5,85500,S5,0.0125,36809540307.57517,S4,0.5724
5,85500,S6,0.3903,71264405374.53163,S4,0.5724
5,86000,S0,0.0,0.0,S4,0.5713
5,86000,S1,0.0,14903620805.295637,S4,0.5713
5,86000,S2,0.023,42718252159.33255,S4,0.5713
5,86000,S3,0.0018,29602817240.794888,S4,0.5713
5,86000,S4,0.5713,77426126312.66466,S4,0.5713
5,86000,S5,0.0124,37029847602.16972,S4,0.5713
5,86000,S6,0.3915,71777338150.75052,S4,0.5713
5,86500,S0,0.0,0.0,S4,0.5703
5,86500,S1,0.0,14995171375.08375,S4,0.5703
5,86500,S2,0.023,42993770571.6809,S4,0.5703
5,86500,S3,0.0018,29826658277.75225,S4,0.5703
5,86500,S4,0.5703,77885625380.04974,S4,0.5703
5,86500,S5,0.0124,37250154896.76426,S4,0.5703
5,86500,S6,0.3925,72290270926.96942,S4,0.5703
5,87000,S0,0.0,0.0,S4,0.5689
5,87000,S1,0.0,15086721944.871862,S4,0.5689
5,87000,S2,0.0229,43269288984.029236,S4,0.5689
5,87000,S3,0.0018,30050499314.709606,S4,0.5689
5,87000,S4,0.5689,78345124447.43483,S4,0.5689
5,87000,S5,0.0123,37470462191.35881,S4,0.5689
5,87000,S6,0.3941,72803203703.18834,S4,0.5689
5,87500,S0,0.0,0.0,S4,0.5671
5,87500,S1,0.0,15178272514.659975,S4,0.5671
5,87500,S2,0.0229,43544807396.37758,S4,0.5671
5,87500,S3,0.0018,30274340351.66696,S4,0.5671
5,87500,S4,0.5671,78804623514.81993,S4,0.5671
5,87500,S5,0.0123,37690769485.95335,S4,0.5671
5,87500,S6,0.3959,73316136479.40724,S4,0.5671
5,88000,S0,0.0,0.0,S4,0.5655
5,88000,S1,0.0,15269823084.448088,S4,0.5655
5,88000,S2,0.0227,43820325808.72592,S4,0.5655
5,88000,S3,0.0018,30498181388.624325,S4,0.5655
5,88000,S4,0.5655,79264122582.20503,S4,0.5655
5,88000,S5,0.0123,37911076780.5479,S4,0.5655
5,88000,S6,0.3977,73829069255.62614,S4,0.5655
5,88500,S0,0.0,0.0,S4,0.5645
5,88500,S1,0.0,15361373654.2362,S4,0.5645
5,88500,S2,0.0226,44095844221.074265,S4,0.5645
5,88500,S3,0.0018,30722022425.581676,S4,0.5645
5,88500,S4,0.5645,79723621649.59012,S4,0.5645
5,88500,S5,0.0123,38131384075.14244,S4,0.5645
5,88500,S6,0.3988,74342002031.84505,S4,0.5645
5,89000,S0,0.0,0.0,S4,0.5633
5,89000,S1,0.0,15452924224.024315,S4,0.5633
5,89000,S2,0.0224,44371362633.422615,S4,0.5633
5,89000,S3,0.0018,30945863462.539036,S4,0.5633
5,89000,S4,0.5633,80183120716.97522,S4,0.5633
5,89000,S5,0.0121,38351691369.736984,S4,0.5633
5,89000,S6,0.4004,74854934808.06395,S4,0.5633
5,89500,S0,0.0,0.0,S4,0.5624
5,89500,S1,0.0,15544474793.812428,S4,0.5624
5,89500,S2,0.0224,44646881045.77095,S4,0.5624
5,89500,S3,0.0018,31169704499.496395,S4,0.5624
5,89500,S4,0.5624,80642619784.3603,S4,0.5624
5,89500,S5,0.0119,38571998664.33153,S4,0.5624
5,89500,S6,0.4015,75367867584.28287,S4,0.5624
5,90000,S0,0.0,0.0,S4,0.5613
5,90000,S1,0.0,15636025363.600538,S4,0.5613
5,90000,S2,0.0223,44922399458.11929,S4,0.5613
5,90000,S3,0.0018,31393545536.45375,S4,0.5613
5,90000,S4,0.5613,81102118851.74539,S4,0.5613
5,90000,S5,0.0117,38792305958.92608,S4,0.5613
5,90000,S6,0.4029,75880800360.50177,S4,0.5613
5,90500,S0,0.0,0.0,S4,0.5607
5,90500,S1,0.0,15727575933.388653,S4,0.5607
5,90500,S2,0.0224,45197917870.467636,S4,0.5607
5,90500,S3,0.0018,31617386573.411114,S4,0.5607
5,90500,S4,0.5607,81561617919.13048,S4,0.5607
5,90500,S5,0.0117,39012613253.52062,S4,0.5607
5,90500,S6,0.4034,76393733136.72067,S4,0.5607
5,91000,S0,0.0,0.0,S4,0.5597
5,91000,S1,0.0,15819126503.176765,S4,0.5597
5,91000,S2,0.0224,45473436282.81598,S4,0.5597
5,91000,S3,0.0018,31841227610.36847,S4,0.5597
5,91000,S4,0.5597,82021116986.51558,S4,0.5597
5,91000,S5,0.0116,39232920548.115166,S4,0.5597
5,91000,S6,0.4045,76906665912.93959,S4,0.5597
5,91500,S0,0.0,0.0,S4,0.5585
5,91500,S1,0.0,15910677072.964878,S4,0.5585
5,91500,S2,0.0224,45748954695.16432,S4,0.5585
5,91500,S3,0.0017,32065068647.325825,S4,0.5585
5,91500,S4,0.5585,82480616053.90068,S4,0.5585
5,91500,S5,0.0116,39453227842.70971,S4,0.5585
5,91500,S6,0.4058,77419598689.1585,S4,0.5585
5,92000,S0,0.0,0.0,S4,0.5577
5,92000,S1,0.0,16002227642.75299,S4,0.5577
5,92000,S2,0.0224,46024473107.51267,S4,0.5577
5,92000,S3,0.0017,32288909684.283188,S4,0.5577
5,92000,S4,0.5577,82940115121.28575,S4,0.5577
5,92000,S5,0.0115,39673535137.30425,S4,0.5577
5,92000,S6,0.4067,77932531465.3774,S4,0.5577
5,92500,S0,0.0,0.0,S4,0.5562
5,92500,S1,0.0,16093778212.541103,S4,0.5562
5,92500,S2,0.0223,46299991519.861015,S4,0.5562
5,92500,S3,0.0017,32512750721.240536,S4,0.5562
5,92500,S4,0.5562,83399614188.67085,S4,0.5562
5,92500,S5,0.0115,39893842431.8988,S4,0.5562
5,92500,S6,0.4083,78445464241.5963,S4,0.5562
5,93000,S0,0.0,0.0,S4,0.5549
5,93000,S1,0.0,16185328782.329218,S4,0.5549
5,93000,S2,0.0222,46575509932.209366,S4,0.5549
5,93000,S3,0.0017,32736591758.1979,S4,0.5549
5,93000,S4,0.5549,83859113256.05594,S4,0.5549
5,93000,S5,0.0114,40114149726.49335,S4,0.5549
5,93000,S6,0.4098,78958397017.81523,S4,0.5549
5,93500,S0,0.0,0.0,S4,0.554
5,93500,S1,0.0,16276879352.117329,S4,0.554
5,93500,S2,0.0222,46851028344.5577,S4,0.554
5,93500,S3,0.0017,32960432795.155254,S4,0.554
5,93500,S4,0.554,84318612323.44104,S4,0.554
5,93500,S5,0.0112,40334457021.08789,S4,0.554
5,93500,S6,0.4109,79471329794.03412,S4,0.554
5,94000,S0,0.0,0.0,S4,0.5535
5,94000,S1,0.0,16368429921.905443,S4,0.5535
5,94000,S2,0.0222,47126546756.906044,S4,0.5535
5,94000,S3,0.0017,33184273832.112614,S4,0.5535
5,94000,S4,0.5535,84778111390.82613,S4,0.5535
5,94000,S5,0.011,40554764315.682434,S4,0.5535
5,94000,S6,0.4116,79984262570.25302,S4,0.5535
5,94500,S0,0.0,0.0,S4,0.5525
5,94500,S1,0.0,16459980491.693556,S4,0.5525
5,94500,S2,0.0221,47402065169.25439,S4,0.5525
5,94500,S3,0.0018,33408114869.069977,S4,0.5525
5,94500,S4,0.5525,85237610458.21123,S4,0.5525
5,94500,S5,0.011,40775071610.27698,S4,0.5525
5,94500,S6,0.4126,80497195346.47192,S4,0.5525
5,95000,S0,0.0,0.0,S4,0.551
5,95000,S1,0.0,16551531061.481667,S4,0.551
5,95000,S2,0.0218,47677583581.60272,S4,0.551
5,95000,S3,0.0018,33631955906.027332,S4,0.551
5,95000,S4,0.551,85697109525.59633,S4,0.551
5,95000,S5,0.011,40995378904.87152,S4,0.551
5,95000,S6,0.4144,81010128122.69084,S4,0.551
5,95500,S0,0.0,0.0,S4,0.5504
5,95500,S1,0.0,16643081631.269781,S4,0.5504
5,95500,S2,0.0217,47953101993.95107,S4,0.5504
5,95500,S3,0.0018,33855796942.984688,S4,0.5504
5,95500,S4,0.5504,86156608592.9814,S4,0.5504
5,95500,S5,0.0108,41215686199.466064,S4,0.5504
5,95500,S6,0.4153,81523060898.90974,S4,0.5504
5,96000,S0,0.0,0.0,S4,0.5488
5,96000,S1,0.0,16734632201.057894,S4,0.5488
5,96000,S2,0.0217,48228620406.299416,S4,0.5488
5,96000,S3,0.0018,34079637979.94205,S4,0.5488
5,96000,S4,0.5488,86616107660.3665,S4,0.5488
5,96000,S5,0.0107,41435993494.06061,S4,0.5488
5,96000,S6,0.417,82035993675.12865,S4,0.5488
5,96500,S0,0.0,0.0,S4,0.5476
5,96500,S1,0.0,16826182770.846006,S4,0.5476
5,96500,S2,0.0217,48504138818.647766,S4,0.5476
5,96500,S3,0.0018,34303479016.899406,S4,0.5476
5,96500,S4,0.5476,87075606727.7516,S4,0.5476
5,96500,S5,0.0107,41656300788.65515,S4,0.5476
5,96500,S6,0.4182,82548926451.34755,S4,0.5476
5,97000,S0,0.0,0.0,S4,0.5467
5,97000,S1,0.0,16917733340.634119,S4,0.5467
5,97000,S2,0.0217,48779657230.9961,S4,0.5467
5,97000,S3,0.0018,34527320053.856766,S4,0.5467
5,97000,S4,0.5467,87535105795.13669,S4,0.5467
5,97000,S5,0.0106,41876608083.249695,S4,0.5467
5,97000,S6,0.4192,83061859227.56648,S4,0.5467
5,97500,S0,0.0,0.0,S4,0.5458
5,97500,S1,0.0,17009283910.422232,S4,0.5458
5,97500,S2,0.0218,49055175643.34445,S4,0.5458
5,97500,S3,0.0018,34751161090.81412,S4,0.5458
5,97500,S4,0.5458,87994604862.52177,S4,0.5458
5,97500,S5,0.0105,42096915377.84424,S4,0.5458
5,97500,S6,0.4201,83574792003.78537,S4,0.5458
5,98000,S0,0.0,0.0,S4,0.5447
5,98000,S1,0.0,17100834480.210344,S4,0.5447
5,98000,S2,0.0218,49330694055.69279,S4,0.5447
5,98000,S3,0.0019,34975002127.77148,S4,0.5447
5,98000,S4,0.5447,88454103929.90688,S4,0.5447
5,98000,S5,0.0104,42317222672.43879,S4,0.5447
5,98000,S6,0.4212,84087724780.00427,S4,0.5447
5,98500,S0,0.0,0.0,S4,0.5441
5,98500,S1,0.0,17192385049.998455,S4,0.5441
5,98500,S2,0.0216,49606212468.04112,S4,0.5441
5,98500,S3,0.0019,35198843164.728836,S4,0.5441
5,98500,S4,0.5441,88913602997.29196,S4,0.5441
5,98500,S5,0.0104,42537529967.03333,S4,0.5441
5,98500,S6,0.422,84600657556.22319,S4,0.5441
5,99000,S0,0.0,0.0,S4,0.543
5,99000,S1,0.0,17283935619.786568,S4,0.543
5,99000,S2,0.0216,49881730880.38947,S4,0.543
5,99000,S3,0.0019,35422684201.6862,S4,0.543
5,99000,S4,0.543,89373102064.67705,S4,0.543
5,99000,S5,0.0104,42757837261.62788,S4,0.543
5,99000,S6,0.4231,85113590332.4421,S4,0.543
5,99500,S0,0.0,0.0,S4,0.5422
5,99500,S1,0.0,17375486189.574684,S4,0.5422
5,99500,S2,0.0217,50157249292.737816,S4,0.5422
5,99500,S3,0.0019,35646525238.64355,S4,0.5422
5,99500,S4,0.5422,89832601132.06215,S4,0.5422
5,99500,S5,0.0104,42978144556.22242,S4,0.5422
5,99500,S6,0.4238,85626523108.66098,S4,0.5422
5,100000,S0,0.0,0.0,S4,0.5411
5,100000,S1,0.0,17467036759.362797,S4,0.5411
5,100000,S2,0.0217,50432767705.08616,S4,0.5411
5,100000,S3,0.0019,35870366275.600914,S4,0.5411
5,100000,S4,0.5411,90292100199.44724,S4,0.5411
5,100000,S5,0.0104,43198451850.81696,S4,0.5411
5,100000,S6,0.4249,86139455884.8799,S4,0.5411
5,100500,S0,0.0,0.0,S4,0.5401
5,100500,S1,0.0,17558587329.15091,S4,0.5401
5,100500,S2,0.0217,50708286117.43451,S4,0.5401
5,100500,S3,0.0019,36094207312.558266,S4,0.5401
5,100500,S4,0.5401,90751599266.83234,S4,0.5401
5,100500,S5,0.0103,43418759145.41151,S4,0.5401
5,100500,S6,0.426,86652388661.0988,S4,0.5401
5,101000,S0,0.0,0.0,S4,0.5391
5,101000,S1,0.0,17650137898.939022,S4,0.5391
5,101000,S2,0.0218,50983804529.78285,S4,0.5391
5,101000,S3,0.0019,36318048349.515625,S4,0.5391
5,101000,S4,0.5391,91211098334.21742,S4,0.5391
5,101000,S5,0.0103,43639066440.00606,S4,0.5391
5,101000,S6,0.4269,87165321437.31772,S4,0.5391
5,101500,S0,0.0,0.0,S4,0.5383
5,101500,S1,0.0,17741688468.72714,S4,0.5383
5,101500,S2,0.0218,51259322942.13119,S4,0.5383
5,101500,S3,0.0019,36541889386.472984,S4,0.5383
5,101500,S4,0.5383,91670597401.60252,S4,0.5383
5,101500,S5,0.0103,43859373734.6006,S4,0.5383
5,101500,S6,0.4277,87678254213.53662,S4,0.5383
5,102000,S0,0.0,0.0,S4,0.5364
5,102000,S1,0.0,17833239038.51525,S4,0.5364
5,102000,S2,0.0217,51534841354.47954,S4,0.5364
5,102000,S3,0.002,36765730423.430336,S4,0.5364
5,102000,S4,0.5364,92130096468.98761,S4,0.5364
5,102000,S5,0.0103,44079681029.19515,S4,0.5364
5,102000,S6,0.4296,88191186989.75552,S4,0.5364
5,102500,S0,0.0,0.0,S4,0.5349
5,102500,S1,0.0,17924789608.303364,S4,0.5349
5,102500,S2,0.0217,51810359766.82787,S4,0.5349
5,102500,S3,0.002,36989571460.3877,S4,0.5349
5,102500,S4,0.5349,92589595536.3727,S4,0.5349
5,102500,S5,0.0102,44299988323.78969,S4,0.5349
5,102500,S6,0.4312,88704119765.97444,S4,0.5349
5,103000,S0,0.0,0.0,S4,0.5343
5,103000,S1,0.0,18016340178.091476,S4,0.5343
5,103000,S2,0.0216,52085878179.17622,S4,0.5343
5,103000,S3,0.002,37213412497.34506,S4,0.5343
5,103000,S4,0.5343,93049094603.7578,S4,0.5343
5,103000,S5,0.0102,44520295618.38423,S4,0.5343
5,103000,S6,0.4319,89217052542.19334,S4,0.5343
5,103500,S0,0.0,0.0,S4,0.5326
5,103500,S1,0.0,18107890747.87959,S4,0.5326
5,103500,S2,0.0216,52361396591.52456,S4,0.5326
5,103500,S3,0.002,37437253534.302414,S4,0.5326
5,103500,S4,0.5326,93508593671.14288,S4,0.5326
5,103500,S5,0.0102,44740602912.978775,S4,0.5326
5,103500,S6,0.4336,89729985318.41225,S4,0.5326
5,104000,S0,0.0,0.0,S4,0.5317
5,104000,S1,0.0,18199441317.6677,S4,0.5317
5,104000,S2,0.0217,52636915003.87291,S4,0.5317
5,104000,S3,0.0019,37661094571.25977,S4,0.5317
5,104000,S4,0.5317,93968092738.52797,S4,0.5317
5,104000,S5,0.0102,44960910207.573326,S4,0.5317
5,104000,S6,0.4345,90242918094.63115,S4,0.5317
5,104500,S0,0.0,0.0,S4,0.5308
5,104500,S1,0.0,18290991887.455814,S4,0.5308
5,104500,S2,0.0218,52912433416.22125,S4,0.5308
5,104500,S3,0.0019,37884935608.21713,S4,0.5308
5,104500,S4,0.5308,94427591805.91307,S4,0.5308
5,104500,S5,0.0102,45181217502.16786,S4,0.5308
5,104500,S6,0.4353,90755850870.85007,S4,0.5308
5,105000,S0,0.0,0.0,S4,0.5296
5,105000,S1,0.0,18382542457.243923,S4,0.5296
5,105000,S2,0.0218,53187951828.569595,S4,0.5296
5,105000,S3,0.0019,38108776645.174484,S4,0.5296
5,105000,S4,0.5296,94887090873.29816,S4,0.5296
5,105000,S5,0.0102,45401524796.76241,S4,0.5296
5,105000,S6,0.4365,91268783647.06897,S4,0.5296
5,105500,S0,0.0,0.0,S4,0.5286
5,105500,S1,0.0,18474093027.03204,S4,0.5286
5,105500,S2,0.0218,53463470240.91794,S4,0.5286
5,105500,S3,0.0019,38332617682.13185,S4,0.5286
5,105500,S4,0.5286,95346589940.68326,S4,0.5286
5,105500,S5,0.0102,45621832091.35695,S4,0.5286
5,105500,S6,0.4375,91781716423.28787,S4,0.5286
5,106000,S0,0.0,0.0,S4,0.5279
5,106000,S1,0.0,18565643596.82015,S4,0.5279
5,106000,S2,0.0219,53738988653.26627,S4,0.5279
5,106000,S3,0.0019,38556458719.0892,S4,0.5279
5,106000,S4,0.5279,95806089008.06834,S4,0.5279
5,106000,S5,0.0102,45842139385.9515,S4,0.5279
5,106000,S6,0.4381,92294649199.50677,S4,0.5279
5,106500,S0,0.0,0.0,S4,0.527
5,106500,S1,0.0,18657194166.60826,S4,0.527
5,106500,S2,0.0219,54014507065.614624,S4,0.527
5,106500,S3,0.0019,38780299756.04656,S4,0.527
5,106500,S4,0.527,96265588075.45343,S4,0.527
5,106500,S5,0.0102,46062446680.546036,S4,0.527
5,106500,S6,0.439,92807581975.7257,S4,0.527
5,107000,S0,0.0,0.0,S4,0.5268
5,107000,S1,0.0,18748744736.396378,S4,0.5268
5,107000,S2,0.0219,54290025477.96297,S4,0.5268
5,107000,S3,0.0019,39004140793.00392,S4,0.5268
5,107000,S4,0.5268,96725087142.83853,S4,0.5268
5,107000,S5,0.0102,46282753975.14059,S4,0.5268
5,107000,S6,0.4392,93320514751.9446,S4,0.5268
5,107500,S0,0.0,0.0,S4,0.526
5,107500,S1,0.0,18840295306.18449,S4,0.526
5,107500,S2,0.0219,54565543890.31131,S4,0.526
5,107500,S3,0.0019,39227981829.96127,S4,0.526
5,107500,S4,0.526,97184586210.22362,S4,0.526
5,107500,S5,0.0102,46503061269.73513,S4,0.526
5,107500,S6,0.44,93833447528.1635,S4,0.526
5,108000,S0,0.0,0.0,S4,0.5249
5,108000,S1,0.0,18931845875.972603,S4,0.5249
5,108000,S2,0.0218,54841062302.65965,S4,0.5249
5,108000,S3,0.002,39451822866.91864,S4,0.5249
5,108000,S4,0.5249,97644085277.60872,S4,0.5249
5,108000,S5,0.0102,46723368564.32967,S4,0.5249
5,108000,S6,0.4411,94346380304.3824,S4,0.5249
5,108500,S0,0.0,0.0,S4,0.5244
5,108500,S1,0.0,19023396445.760715,S4,0.5244
5,108500,S2,0.0217,55116580715.008,S4,0.5244
5,108500,S3,0.002,39675663903.87599,S4,0.5244
5,108500,S4,0.5244,98103584344.99382,S4,0.5244
5,108500,S5,0.0101,46943675858.924225,S4,0.5244
5,108500,S6,0.4418,94859313080.6013,S4,0.5244
5,109000,S0,0.0,0.0,S4,0.5237
5,109000,S1,0.0,19114947015.54883,S4,0.5237
5,109000,S2,0.0217,55392099127.35634,S4,0.5237
5,109000,S3,0.002,39899504940.83335,S4,0.5237
5,109000,S4,0.5237,98563083412.3789,S4,0.5237
5,109000,S5,0.0101,47163983153.51876,S4,0.5237
5,109000,S6,0.4425,95372245856.8202,S4,0.5237
5,109500,S0,0.0,0.0,S4,0.5233
5,109500,S1,0.0,19206497585.33694,S4,0.5233
5,109500,S2,0.0217,55667617539.70468,S4,0.5233
5,109500,S3,0.002,40123345977.79071,S4,0.5233
5,109500,S4,0.5233,99022582479.764,S4,0.5233
5,109500,S5,0.0101,47384290448.11331,S4,0.5233
5,109500,S6,0.4429,95885178633.03912,S4,0.5233
5,110000,S0,0.0,0.0,S4,0.5228
5,110000,S1,0.0,19298048155.125057,S4,0.5228
5,110000,S2,0.0216,55943135952.053024,S4,0.5228
5,110000,S3,0.002,40347187014.74807,S4,0.5228
5,110000,S4,0.5228,99482081547.1491,S4,0.5228
5,110000,S5,0.0101,47604597742.70785,S4,0.5228
5,110000,S6,0.4435,96398111409.25803,S4,0.5228
5,110500,S0,0.0,0.0,S4,0.5219
5,110500,S1,0.0,19389598724.91317,S4,0.5219
5,110500,S2,0.0217,56218654364.40136,S4,0.5219
5,110500,S3,0.002,40571028051.70542,S4,0.5219
5,110500,S4,0.5219,99941580614.53418,S4,0.5219
5,110500,S5,0.0101,47824905037.3024,S4,0.5219
5,110500,S6,0.4443,96911044185.47694,S4,0.5219
5,111000,S0,0.0,0.0,S4,0.5212
5,111000,S1,0.0,19481149294.701283,S4,0.5212
5,111000,S2,0.0217,56494172776.74971,S4,0.5212
5,111000,S3,0.002,40794869088.66279,S4,0.5212
5,111000,S4,0.5212,100401079681.91928,S4,0.5212
5,111000,S5,0.0101,48045212331.89694,S4,0.5212
5,111000,S6,0.445,97423976961.69583,S4,0.5212
5,111500,S0,0.0,0.0,S4,0.5208
5,111500,S1,0.0,19572699864.489395,S4,0.5208
5,111500,S2,0.0217,56769691189.09805,S4,0.5208
5,111500,S3,0.002,41018710125.62014,S4,0.5208
5,111500,S4,0.5208,100860578749.30438,S4,0.5208
5,111500,S5,0.0101,48265519626.491486,S4,0.5208
5,111500,S6,0.4454,97936909737.91475,S4,0.5208
5,112000,S0,0.0,0.0,S4,0.5196
5,112000,S1,0.0,19664250434.277508,S4,0.5196
5,112000,S2,0.0215,57045209601.4464,S4,0.5196
5,112000,S3,0.002,41242551162.5775,S4,0.5196
5,112000,S4,0.5196,101320077816.68947,S4,0.5196
5,112000,S5,0.0101,48485826921.08604,S4,0.5196
5,112000,S6,0.4468,98449842514.13365,S4,0.5196
5,112500,S0,0.0,0.0,S4,0.5188
5,112500,S1,0.0,19755801004.06562,S4,0.5188
5,112500,S2,0.0215,57320728013.79474,S4,0.5188
5,112500,S3,0.002,41466392199.53486,S4,0.5188
5,112500,S4,0.5188,101779576884.07455,S4,0.5188
5,112500,S5,0.0101,48706134215.68057,S4,0.5188
5,112500,S6,0.4476,98962775290.35257,S4,0.5188
5,113000,S0,0.0,0.0,S4,0.5184
5,113000,S1,0.0,19847351573.853733,S4,0.5184
5,113000,S2,0.0215,57596246426.143074,S4,0.5184
5,113000,S3,0.002,41690233236.49221,S4,0.5184
5,113000,S4,0.5184,102239075951.45966,S4,0.5184
5,113000,S5,0.0101,48926441510.27512,S4,0.5184
5,113000,S6,0.448,99475708066.57147,S4,0.5184
5,113500,S0,0.0,0.0,S4,0.5177
5,113500,S1,0.0,19938902143.64184,S4,0.5177
5,113500,S2,0.0215,57871764838.491425,S4,0.5177
5,113500,S3,0.002,41914074273.44958,S4,0.5177
5,113500,S4,0.5177,102698575018.84476,S4,0.5177
5,113500,S5,0.0101,49146748804.86966,S4,0.5177
5,113500,S6,0.4487,99988640842.79037,S4,0.5177
5,114000,S0,0.0,0.0,S4,0.5169
5,114000,S1,0.0,20030452713.429955,S4,0.5169
5,114000,S2,0.0213,58147283250.839775,S4,0.5169
5,114000,S3,0.002,42137915310.40693,S4,0.5169
5,114000,S4,0.5169,103158074086.22984,S4,0.5169
5,114000,S5,0.0101,49367056099.46421,S4,0.5169
5,114000,S6,0.4497,100501573619.00928,S4,0.5169
5,114500,S0,0.0,0.0,S4,0.516
5,114500,S1,0.0,20122003283.21807,S4,0.516
5,114500,S2,0.0213,58422801663.18811,S4,0.516
5,114500,S3,0.002,42361756347.364296,S4,0.516
5,114500,S4,0.516,103617573153.61493,S4,0.516
5,114500,S5,0.0101,49587363394.058754,S4,0.516
5,114500,S6,0.4506,101014506395.22818,S4,0.516
5,115000,S0,0.0,0.0,S4,0.5155
5,115000,S1,0.0,20213553853.006184,S4,0.5155
5,115000,S2,0.0212,58698320075.53645,S4,0.5155
5,115000,S3,0.002,42585597384.32165,S4,0.5155
5,115000,S4,0.5155,104077072221.00003,S4,0.5155
5,115000,S5,0.0101,49807670688.6533,S4,0.5155
5,115000,S6,0.4512,101527439171.4471,S4,0.5155
5,115500,S0,0.0,0.0,S4,0.5144
5,115500,S1,0.0,20305104422.794292,S4,0.5144
5,115500,S2,0.0211,58973838487.8848,S4,0.5144
5,115500,S3,0.002,42809438421.279015,S4,0.5144
5,115500,S4,0.5144,104536571288.38512,S4,0.5144
5,115500,S5,0.0101,50027977983.24784,S4,0.5144
5,115500,S6,0.4524,102040371947.666,S4,0.5144
5,116000,S0,0.0,0.0,S4,0.5139
5,116000,S1,0.0,20396654992.58241,S4,0.5139
5,116000,S2,0.0211,59249356900.23315,S4,0.5139
5,116000,S3,0.002,43033279458.23637,S4,0.5139
5,116000,S4,0.5139,104996070355.7702,S4,0.5139
5,116000,S5,0.0101,50248285277.842384,S4,0.5139
5,116000,S6,0.4529,102553304723.8849,S4,0.5139
5,116500,S0,0.0,0.0,S4,0.5132
5,116500,S1,0.0,20488205562.37052,S4,0.5132
5,116500,S2,0.0211,59524875312.58149,S4,0.5132
5,116500,S3,0.002,43257120495.19372,S4,0.5132
5,116500,S4,0.5132,105455569423.1553,S4,0.5132
5,116500,S5,0.01,50468592572.436935,S4,0.5132
5,116500,S6,0.4537,103066237500.1038,S4,0.5132
5,117000,S0,0.0,0.0,S4,0.5125
5,117000,S1,0.0,20579756132.158638,S4,0.5125
5,117000,S2,0.0211,59800393724.929825,S4,0.5125
5,117000,S3,0.002,43480961532.151085,S4,0.5125
5,117000,S4,0.5125,105915068490.54039,S4,0.5125
5,117000,S5,0.01,50688899867.03147,S4,0.5125
5,117000,S6,0.4544,103579170276.32272,S4,0.5125
5,117500,S0,0.0,0.0,S4,0.5112
5,117500,S1,0.0,20671306701.94675,S4,0.5112
5,117500,S2,0.0211,60075912137.278175,S4,0.5112
5,117500,S3,0.002,43704802569.10844,S4,0.5112
5,117500,S4,0.5112,106374567557.92549,S4,0.5112
5,117500,S5,0.01,50909207161.62602,S4,0.5112
5,117500,S6,0.4557,104092103052.54163,S4,0.5112
5,118000,S0,0.0,0.0,S4,0.51
5,118000,S1,0.0,20762857271.734863,S4,0.51
5,118000,S2,0.021,60351430549.626526,S4,0.51
5,118000,S3,0.002,43928643606.065796,S4,0.51
5,118000,S4,0.51,106834066625.31058,S4,0.51
5,118000,S5,0.01,51129514456.220566,S4,0.51
5,118000,S6,0.457,104605035828.76053,S4,0.51
5,118500,S0,0.0,0.0,S4,0.5094
5,118500,S1,0.0,20854407841.522976,S4,0.5094
5,118500,S2,0.0209,60626948961.97486,S4,0.5094
5,118500,S3,0.002,44152484643.02315,S4,0.5094
5,118500,S4,0.5094,107293565692.69568,S4,0.5094
5,118500,S5,0.01,51349821750.81511,S4,0.5094
5,118500,S6,0.4577,105117968604.97945,S4,0.5094
5,119000,S0,0.0,0.0,S4,0.5085
5,119000,S1,0.0,20945958411.31109,S4,0.5085
5,119000,S2,0.0208,60902467374.3232,S4,0.5085
5,119000,S3,0.002,44376325679.980515,S4,0.5085
5,119000,S4,0.5085,107753064760.08078,S4,0.5085
5,119000,S5,0.01,51570129045.40965,S4,0.5085
5,119000,S6,0.4587,105630901381.19835,S4,0.5085
5,119500,S0,0.0,0.0,S4,0.5078
5,119500,S1,0.0,21037508981.0992,S4,0.5078
5,119500,S2,0.0208,61177985786.67155,S4,0.5078
5,119500,S3,0.002,44600166716.93787,S4,0.5078
5,119500,S4,0.5078,108212563827.46587,S4,0.5078
5,119500,S5,0.0099,51790436340.0042,S4,0.5078
5,119500,S6,0.4595,106143834157.41725,S4,0.5078
5,120000,S0,0.0,0.0,S4,0.5067
5,120000,S1,0.0,21129059550.887314,S4,0.5067
5,120000,S2,0.0208,61453504199.0199,S4,0.5067
5,120000,S3,0.002,44824007753.895226,S4,0.5067
5,120000,S4,0.5067,108672062894.85095,S4,0.5067
5,120000,S5,0.0099,52010743634.59875,S4,0.5067
5,120000,S6,0.4606,106656766933.63615,S4,0.5067
5,120500,S0,0.0,0.0,S4,0.5057
5,120500,S1,0.0,21220610120.675426,S4,0.5057
5,120500,S2,0.0208,61729022611.36824,S4,0.5057
5,120500,S3,0.002,45047848790.852585,S4,0.5057
5,120500,S4,0.5057,109131561962.23604,S4,0.5057
5,120500,S5,0.0099,52231050929.19329,S4,0.5057
5,120500,S6,0.4616,107169699709.85506,S4,0.5057
5,121000,S0,0.0,0.0,S4,0.5054
5,121000,S1,0.0,21312160690.46354,S4,0.5054
5,121000,S2,0.0207,62004541023.716576,S4,0.5054
5,121000,S3,0.0019,45271689827.809944,S4,0.5054
5,121000,S4,0.5054,109591061029.62114,S4,0.5054
5,121000,S5,0.0098,52451358223.787834,S4,0.5054
5,121000,S6,0.4622,107682632486.07396,S4,0.5054
5,121500,S0,0.0,0.0,S4,0.5048
5,121500,S1,0.0,21403711260.25165,S4,0.5048
5,121500,S2,0.0207,62280059436.064926,S4,0.5048
5,121500,S3,0.0019,45495530864.7673,S4,0.5048
5,121500,S4,0.5048,110050560097.00623,S4,0.5048
5,121500,S5,0.0098,52671665518.38238,S4,0.5048
5,121500,S6,0.4628,108195565262.29288,S4,0.5048
5,122000,S0,0.0,0.0,S4,0.5041
5,122000,S1,0.0,21495261830.039764,S4,0.5041
5,122000,S2,0.0207,62555577848.41326,S4,0.5041
5,122000,S3,0.0019,45719371901.72466,S4,0.5041
5,122000,S4,0.5041,110510059164.39133,S4,0.5041
5,122000,S5,0.0097,52891972812.97693,S4,0.5041
5,122000,S6,0.4636,108708498038.51178,S4,0.5041
5,122500,S0,0.0,0.0,S4,0.5033
5,122500,S1,0.0,21586812399.827873,S4,0.5033
5,122500,S2,0.0205,62831096260.76161,S4,0.5033
5,122500,S3,0.0019,45943212938.68202,S4,0.5033
5,122500,S4,0.5033,110969558231.7764,S4,0.5033
5,122500,S5,0.0097,53112280107.571465,S4,0.5033
5,122500,S6,0.4646,109221430814.73068,S4,0.5033
5,123000,S0,0.0,0.0,S4,0.5028
5,123000,S1,0.0,21678362969.615986,S4,0.5028
5,123000,S2,0.0205,63106614673.10995,S4,0.5028
5,123000,S3,0.0019,46167053975.63937,S4,0.5028
5,123000,S4,0.5028,111429057299.1615,S4,0.5028
5,123000,S5,0.0097,53332587402.166016,S4,0.5028
5,123000,S6,0.4651,109734363590.9496,S4,0.5028
5,123500,S0,0.0,0.0,S4,0.5023
5,123500,S1,0.0,21769913539.404102,S4,0.5023
5,123500,S2,0.0203,63382133085.4583,S4,0.5023
5,123500,S3,0.0019,46390895012.59673,S4,0.5023
5,123500,S4,0.5023,111888556366.5466,S4,0.5023
5,123500,S5,0.0097,53552894696.76055,S4,0.5023
5,123500,S6,0.4658,110247296367.1685,S4,0.5023
5,124000,S0,0.0,0.0,S4,0.5017
5,124000,S1,0.0,21861464109.19222,S4,0.5017
5,124000,S2,0.0203,63657651497.806625,S4,0.5017
5,124000,S3,0.0019,46614736049.554085,S4,0.5017
5,124000,S4,0.5017,112348055433.93167,S4,0.5017
5,124000,S5,0.0097,53773201991.3551,S4,0.5017
5,124000,S6,0.4664,110760229143.3874,S4,0.5017
5,124500,S0,0.0,0.0,S4,0.5012
5,124500,S1,0.0,21953014678.980324,S4,0.5012
5,124500,S2,0.0204,63933169910.154976,S4,0.5012
5,124500,S3,0.0019,46838577086.51145,S4,0.5012
5,124500,S4,0.5012,112807554501.3168,S4,0.5012
5,124500,S5,0.0096,53993509285.949646,S4,0.5012
5,124500,S6,0.4669,111273161919.60631,S4,0.5012
5,125000,S0,0.0,0.0,S4,0.5004
5,125000,S1,0.0,22044565248.76844,S4,0.5004
5,125000,S2,0.0204,64208688322.50331,S4,0.5004
5,125000,S3,0.0019,47062418123.4688,S4,0.5004
5,125000,S4,0.5004,113267053568.70187,S4,0.5004
5,125000,S5,0.0096,54213816580.54419,S4,0.5004
5,125000,S6,0.4677,111786094695.82523,S4,0.5004
5,125500,S0,0.0,0.0,S4,0.5003
5,125500,S1,0.0,22136115818.556557,S4,0.5003
5,125500,S2,0.0204,64484206734.85165,S4,0.5003
5,125500,S3,0.0019,47286259160.42616,S4,0.5003
5,125500,S4,0.5003,113726552636.08694,S4,0.5003
5,125500,S5,0.0095,54434123875.13874,S4,0.5003
5,125500,S6,0.4679,112299027472.04413,S4,0.5003
5,126000,S0,0.0,0.0,S4,0.5
5,126000,S1,0.0,22227666388.34467,S4,0.5
5,126000,S2,0.0204,64759725147.2,S4,0.5
5,126000,S3,0.0019,47510100197.38352,S4,0.5
5,126000,S4,0.5,114186051703.47205,S4,0.5
5,126000,S5,0.0095,54654431169.73328,S4,0.5
5,126000,S6,0.4682,112811960248.26305,S4,0.5
5,126500,S0,0.0,0.0,S4,0.4988
5,126500,S1,0.0,22319216958.13278,S4,0.4988
5,126500,S2,0.0205,65035243559.54835,S4,0.4988
5,126500,S3,0.0019,47733941234.34088,S4,0.4988
5,126500,S4,0.4988,114645550770.85715,S4,0.4988
5,126500,S5,0.0095,54874738464.32783,S4,0.4988
5,126500,S6,0.4693,113324893024.48195,S4,0.4988
5,127000,S0,0.0,0.0,S4,0.498
5,127000,S1,0.0,22410767527.920895,S4,0.498
5,127000,S2,0.0203,65310761971.8967,S4,0.498
5,127000,S3,0.0019,47957782271.29824,S4,0.498
5,127000,S4,0.498,115105049838.24225,S4,0.498
5,127000,S5,0.0095,55095045758.92236,S4,0.498
5,127000,S6,0.4703,113837825800.70085,S4,0.498
5,127500,S0,0.0,0.0,S4,0.4973
5,127500,S1,0.0,22502318097.709007,S4,0.4973
5,127500,S2,0.0203,65586280384.24505,S4,0.4973
5,127500,S3,0.0019,48181623308.2556,S4,0.4973
5,127500,S4,0.4973,115564548905.62735,S4,0.4973
5,127500,S5,0.0095,55315353053.516914,S4,0.4973
5,127500,S6,0.471,114350758576.91975,S4,0.4973
5,128000,S0,0.0,0.0,S4,0.4971
5,128000,S1,0.0,22593868667.49712,S4,0.4971
5,128000,S2,0.0203,65861798796.593376,S4,0.4971
5,128000,S3,0.0019,48405464345.21295,S4,0.4971
5,128000,S4,0.4971,116024047973.01242,S4,0.4971
5,128000,S5,0.0095,55535660348.11145,S4,0.4971
5,128000,S6,0.4712,114863691353.13866,S4,0.4971
5,128500,S0,0.0,0.0,S4,0.4966
5,128500,S1,0.0,22685419237.285233,S4,0.4966
5,128500,S2,0.0201,66137317208.94173,S4,0.4966
5,128500,S3,0.0019,48629305382.17031,S4,0.4966
5,128500,S4,0.4966,116483547040.39752,S4,0.4966
5,128500,S5,0.0095,55755967642.706,S4,0.4966
5,128500,S6,0.4719,115376624129.35757,S4,0.4966
5,129000,S0,0.0,0.0,S4,0.4963
5,129000,S1,0.0,22776969807.073345,S4,0.4963
5,129000,S2,0.02,66412835621.29006,S4,0.4963
5,129000,S3,0.0019,48853146419.12768,S4,0.4963
5,129000,S4,0.4963,116943046107.7826,S4,0.4963
5,129000,S5,0.0094,55976274937.300545,S4,0.4963
5,129000,S6,0.4724,115889556905.57648,S4,0.4963
5,129500,S0,0.0,0.0,S4,0.4961
5,129500,S1,0.0,22868520376.861458,S4,0.4961
5,129500,S2,0.02,66688354033.6384,S4,0.4961
5,129500,S3,0.0019,49076987456.08503,S4,0.4961
5,129500,S4,0.4961,117402545175.16772,S4,0.4961
5,129500,S5,0.0094,56196582231.89509,S4,0.4961
5,129500,S6,0.4726,116402489681.79535,S4,0.4961
5,130000,S0,0.0,0.0,S4,0.4954
5,130000,S1,0.0,22960070946.64957,S4,0.4954
5,130000,S2,0.02,66963872445.98675,S4,0.4954
5,130000,S3,0.0019,49300828493.04239,S4,0.4954
5,130000,S4,0.4954,117862044242.5528,S4,0.4954
5,130000,S5,0.0094,56416889526.489624,S4,0.4954
5,130000,S6,0.4733,116915422458.01428,S4,0.4954
5,130500,S0,0.0,0.0,S4,0.4948
5,130500,S1,0.0,23051621516.437683,S4,0.4948
5,130500,S2,0.0199,67239390858.33509,S4,0.4948
5,130500,S3,0.0019,49524669529.99975,S4,0.4948
5,130500,S4,0.4948,118321543309.9379,S4,0.4948
5,130500,S5,0.0094,56637196821.084175,S4,0.4948
5,130500,S6,0.474,117428355234.2332,S4,0.4948
5,131000,S0,0.0,0.0,S4,0.4944
5,131000,S1,0.0,23143172086.225792,S4,0.4944
5,131000,S2,0.02,67514909270.68345,S4,0.4944
5,131000,S3,0.0019,49748510566.9571,S4,0.4944
5,131000,S4,0.4944,118781042377.323,S4,0.4944
5,131000,S5,0.0094,56857504115.67873,S4,0.4944
5,131000,S6,0.4743,117941288010.4521,S4,0.4944
5,131500,S0,0.0,0.0,S4,0.4941
5,131500,S1,0.0,23234722656.01391,S4,0.4941
5,131500,S2,0.02,67790427683.03178,S4,0.4941
5,131500,S3,0.0019,49972351603.91446,S4,0.4941
5,131500,S4,0.4941,119240541444.70807,S4,0.4941
5,131500,S5,0.0094,57077811410.27326,S4,0.4941
5,131500,S6,0.4746,118454220786.671,S4,0.4941
5,132000,S0,0.0,0.0,S4,0.4936
5,132000,S1,0.0,23326273225.802017,S4,0.4936
5,132000,S2,0.02,68065946095.38013,S4,0.4936
5,132000,S3,0.0019,50196192640.87182,S4,0.4936
5,132000,S4,0.4936,119700040512.09315,S4,0.4936
5,132000,S5,0.0094,57298118704.86781,S4,0.4936
5,132000,S6,0.4751,118967153562.8899,S4,0.4936
5,132500,S0,0.0,0.0,S4,0.4933
5,132500,S1,0.0,23417823795.59013,S4,0.4933
5,132500,S2,0.02,68341464507.72848,S4,0.4933
5,132500,S3,0.0019,50420033677.82918,S4,0.4933
5,132500,S4,0.4933,120159539579.47827,S4,0.4933
5,132500,S5,0.0094,57518425999.46235,S4,0.4933
5,132500,S6,0.4754,119480086339.1088,S4,0.4933
5,133000,S0,0.0,0.0,S4,0.4922
5,133000,S1,0.0,23509374365.378246,S4,0.4922
5,133000,S2,0.02,68616982920.07683,S4,0.4922
5,133000,S3,0.0019,50643874714.78654,S4,0.4922
5,133000,S4,0.4922,120619038646.86336,S4,0.4922
5,133000,S5,0.0094,57738733294.0569,S4,0.4922
5,133000,S6,0.4765,119993019115.32773,S4,0.4922
5,133500,S0,0.0,0.0,S4,0.492
5,133500,S1,0.0,23600924935.166363,S4,0.492
5,133500,S2,0.0199,68892501332.42516,S4,0.492
5,133500,S3,0.0019,50867715751.7439,S4,0.492
5,133500,S4,0.492,121078537714.24844,S4,0.492
5,133500,S5,0.0094,57959040588.651436,S4,0.492
5,133500,S6,0.4768,120505951891.54663,S4,0.492
5,134000,S0,0.0,0.0,S4,0.4917
5,134000,S1,0.0,23692475504.954475,S4,0.4917
5,134000,S2,0.0199,69168019744.7735,S4,0.4917
5,134000,S3,0.0019,51091556788.70125,S4,0.4917
5,134000,S4,0.4917,121538036781.63354,S4,0.4917
5,134000,S5,0.0094,58179347883.24597,S4,0.4917
5,134000,S6,0.4771,121018884667.76555,S4,0.4917
5,134500,S0,0.0,0.0,S4,0.4912
5,134500,S1,0.0,23784026074.742588,S4,0.4912
5,134500,S2,0.0199,69443538157.12186,S4,0.4912
5,134500,S3,0.0019,51315397825.65861,S4,0.4912
5,134500,S4,0.4912,121997535849.01865,S4,0.4912
5,134500,S5,0.0094,58399655177.84054,S4,0.4912
5,134500,S6,0.4776,121531817443.98445,S4,0.4912
5,135000,S0,0.0,0.0,S4,0.49
5,135000,S1,0.0,23875576644.5307,S4,0.49
5,135000,S2,0.0199,69719056569.47018,S4,0.49
5,135000,S3,0.0019,51539238862.61596,S4,0.49
5,135000,S4,0.49,122457034916.40375,S4,0.49
5,135000,S5,0.0094,58619962472.435074,S4,0.49
5,135000,S6,0.4788,122044750220.20335,S4,0.49
5,135500,S0,0.0,0.0,S4,0.4897
5,135500,S1,0.0,23967127214.31881,S4,0.4897
5,135500,S2,0.0199,69994574981.81853,S4,0.4897
5,135500,S3,0.0019,51763079899.573326,S4,0.4897
5,135500,S4,0.4897,122916533983.78882,S4,0.4897
5,135500,S5,0.0094,58840269767.029625,S4,0.4897
5,135500,S6,0.4791,122557682996.42226,S4,0.4897
5,136000,S0,0.0,0.0,S4,0.4894
5,136000,S1,0.0,24058677784.106926,S4,0.4894
5,136000,S2,0.0198,70270093394.16687,S4,0.4894
5,136000,S3,0.0019,51986920936.53068,S4,0.4894
5,136000,S4,0.4894,123376033051.17392,S4,0.4894
5,136000,S5,0.0094,59060577061.62416,S4,0.4894
5,136000,S6,0.4795,123070615772.64114,S4,0.4894
5,136500,S0,0.0,0.0,S4,0.4889
5,136500,S1,0.0,24150228353.89504,S4,0.4889
5,136500,S2,0.0199,70545611806.51521,S4,0.4889
5,136500,S3,0.0019,52210761973.48804,S4,0.4889
5,136500,S4,0.4889,123835532118.559,S4,0.4889
5,136500,S5,0.0093,59280884356.2187,S4,0.4889
5,136500,S6,0.48,123583548548.86008,S4,0.4889
5,137000,S0,0.0,0.0,S4,0.4884
5,137000,S1,0.0,24241778923.68315,S4,0.4884
5,137000,S2,0.0198,70821130218.86356,S4,0.4884
5,137000,S3,0.0019,52434603010.4454,S4,0.4884
5,137000,S4,0.4884,124295031185.9441,S4,0.4884
5,137000,S5,0.0093,59501191650.81325,S4,0.4884
5,137000,S6,0.4806,124096481325.07898,S4,0.4884
5,137500,S0,0.0,0.0,S4,0.4879
5,137500,S1,0.0,24333329493.471264,S4,0.4879
5,137500,S2,0.0198,71096648631.2119,S4,0.4879
5,137500,S3,0.0019,52658444047.402756,S4,0.4879
5,137500,S4,0.4879,124754530253.32918,S4,0.4879
5,137500,S5,0.0093,59721498945.4078,S4,0.4879
5,137500,S6,0.4811,124609414101.2979,S4,0.4879
5,138000,S0,0.0,0.0,S4,0.4877
5,138000,S1,0.0,24424880063.259377,S4,0.4877
5,138000,S2,0.0197,71372167043.56026,S4,0.4877
5,138000,S3,0.0019,52882285084.360115,S4,0.4877
5,138000,S4,0.4877,125214029320.71428,S4,0.4877
5,138000,S5,0.0093,59941806240.00235,S4,0.4877
5,138000,S6,0.4814,125122346877.5168,S4,0.4877
5,138500,S0,0.0,0.0,S4,0.4876
5,138500,S1,0.0,24516430633.04749,S4,0.4876
5,138500,S2,0.0197,71647685455.9086,S4,0.4876
5,138500,S3,0.0019,53106126121.317474,S4,0.4876
5,138500,S4,0.4876,125673528388.0994,S4,0.4876
5,138500,S5,0.0093,60162113534.596886,S4,0.4876
5,138500,S6,0.4815,125635279653.7357,S4,0.4876
5,139000,S0,0.0,0.0,S6,0.4825
5,139000,S1,0.0,24607981202.8356,S6,0.4825
5,139000,S2,0.0197,71923203868.25694,S6,0.4825
5,139000,S3,0.0019,53329967158.274826,S6,0.4825
5,139000,S4,0.4866,126133027455.48448,S6,0.4825
5,139000,S5,0.0093,60382420829.19142,S6,0.4825
5,139000,S6,0.4825,126148212429.9546,S6,0.4825
5,139500,S0,0.0,0.0,S6,0.4829
5,139500,S1,0.0,24699531772.623714,S6,0.4829
5,139500,S2,0.0197,72198722280.60527,S6,0.4829
5,139500,S3,0.0019,53553808195.232185,S6,0.4829
5,139500,S4,0.4862,126592526522.86955,S6,0.4829
5,139500,S5,0.0093,60602728123.78597,S6,0.4829
5,139500,S6,0.4829,126661145206.1735,S6,0.4829
5,140000,S0,0.0,0.0,S6,0.4834
5,140000,S1,0.0,24791082342.411827,S6,0.4834
5,140000,S2,0.0197,72474240692.95361,S6,0.4834
5,140000,S3,0.0019,53777649232.18955,S6,0.4834
5,140000,S4,0.4857,127052025590.25465,S6,0.4834
5,140000,S5,0.0093,60823035418.38052,S6,0.4834
5,140000,S6,0.4834,127174077982.39243,S6,0.4834
5,140500,S0,0.0,0.0,S6,0.4841
5,140500,S1,0.0,24882632912.199936,S6,0.4841
5,140500,S2,0.0197,72749759105.30196,S6,0.4841
5,140500,S3,0.0019,54001490269.146904,S6,0.4841
5,140500,S4,0.4851,127511524657.63976,S6,0.4841
5,140500,S5,0.0092,61043342712.97506,S6,0.4841
5,140500,S6,0.4841,127687010758.6113,S6,0.4841
5,141000,S0,0.0,0.0,S6,0.4848
5,141000,S1,0.0,24974183481.98805,S6,0.4848
5,141000,S2,0.0196,73025277517.6503,S6,0.4848
5,141000,S3,0.0019,54225331306.10426,S6,0.4848
5,141000,S4,0.4846,127971023725.02483,S6,0.4848
5,141000,S5,0.0091,61263650007.56961,S6,0.4848
5,141000,S6,0.4848,128199943534.83023,S6,0.4848
5,141500,S0,0.0,0.0,S6,0.4851
5,141500,S1,0.0,25065734051.77616,S6,0.4851
5,141500,S2,0.0196,73300795929.99866,S6,0.4851
5,141500,S3,0.0019,54449172343.061615,S6,0.4851
5,141500,S4,0.4843,128430522792.40993,S6,0.4851
5,141500,S5,0.0091,61483957302.16415,S6,0.4851
5,141500,S6,0.4851,128712876311.04912,S6,0.4851
5,142000,S0,0.0,0.0,S6,0.4858
5,142000,S1,0.0,25157284621.56428,S6,0.4858
5,142000,S2,0.0196,73576314342.347,S6,0.4858
5,142000,S3,0.0019,54673013380.018974,S6,0.4858
5,142000,S4,0.4836,128890021859.79504,S6,0.4858
5,142000,S5,0.0091,61704264596.7587,S6,0.4858
5,142000,S6,0.4858,129225809087.26805,S6,0.4858
5,142500,S0,0.0,0.0,S6,0.4861
5,142500,S1,0.0,25248835191.35239,S6,0.4861
5,142500,S2,0.0196,73851832754.69533,S6,0.4861
5,142500,S3,0.0019,54896854416.97634,S6,0.4861
5,142500,S4,0.4833,129349520927.18013,S6,0.4861
5,142500,S5,0.0091,61924571891.35325,S6,0.4861
5,142500,S6,0.4861,129738741863.48695,S6,0.4861
5,143000,S0,0.0,0.0,S6,0.4862
5,143000,S1,0.0,25340385761.140507,S6,0.4862
5,143000,S2,0.0196,74127351167.04367,S6,0.4862
5,143000,S3,0.0019,55120695453.93369,S6,0.4862
5,143000,S4,0.4832,129809019994.5652,S6,0.4862
5,143000,S5,0.0091,62144879185.947784,S6,0.4862
5,143000,S6,0.4862,130251674639.70583,S6,0.4862
5,143500,S0,0.0,0.0,S6,0.4867
5,143500,S1,0.0,25431936330.92862,S6,0.4867
5,143500,S2,0.0196,74402869579.39203,S6,0.4867
5,143500,S3,0.0019,55344536490.89105,S6,0.4867
5,143500,S4,0.4827,130268519061.9503,S6,0.4867
5,143500,S5,0.0091,62365186480.542336,S6,0.4867
5,143500,S6,0.4867,130764607415.92474,S6,0.4867
5,144000,S0,0.0,0.0,S6,0.4869
5,144000,S1,0.0,25523486900.716732,S6,0.4869
5,144000,S2,0.0196,74678387991.74037,S6,0.4869
5,144000,S3,0.0019,55568377527.84841,S6,0.4869
5,144000,S4,0.4825,130728018129.3354,S6,0.4869
5,144000,S5,0.0091,62585493775.13687,S6,0.4869
5,144000,S6,0.4869,131277540192.14365,S6,0.4869
5,144500,S0,0.0,0.0,S6,0.4874
5,144500,S1,0.0,25615037470.504845,S6,0.4874
5,144500,S2,0.0196,74953906404.0887,S6,0.4874
5,144500,S3,0.0019,55792218564.80576,S6,0.4874
5,144500,S4,0.482,131187517196.7205,S6,0.4874
5,144500,S5,0.0091,62805801069.73142,S6,0.4874
5,144500,S6,0.4874,131790472968.36255,S6,0.4874
5,145000,S0,0.0,0.0,S6,0.4881
5,145000,S1,0.0,25706588040.292957,S6,0.4881
5,145000,S2,0.0196,75229424816.43706,S6,0.4881
5,145000,S3,0.0019,56016059601.76312,S6,0.4881
5,145000,S4,0.4813,131647016264.1056,S6,0.4881
5,145000,S5,0.0091,63026108364.32597,S6,0.4881
5,145000,S6,0.4881,132303405744.58148,S6,0.4881
5,145500,S0,0.0,0.0,S6,0.4887
5,145500,S1,0.0,25798138610.08107,S6,0.4887
5,145500,S2,0.0196,75504943228.7854,S6,0.4887
5,145500,S3,0.0019,56239900638.72049,S6,0.4887
5,145500,S4,0.4808,132106515331.49068,S6,0.4887
5,145500,S5,0.009,63246415658.92051,S6,0.4887
5,145500,S6,0.4887,132816338520.80037,S6,0.4887
5,146000,S0,0.0,0.0,S6,0.4892
5,146000,S1,0.0,25889689179.869183,S6,0.4892
5,146000,S2,0.0195,75780461641.13373,S6,0.4892
5,146000,S3,0.0019,56463741675.67785,S6,0.4892
5,146000,S4,0.4804,132566014398.8758,S6,0.4892
5,146000,S5,0.009,63466722953.51505,S6,0.4892
5,146000,S6,0.4892,133329271297.01927,S6,0.4892
5,146500,S0,0.0,0.0,S6,0.4896
5,146500,S1,0.0,25981239749.657295,S6,0.4896
5,146500,S2,0.0195,76055980053.48207,S6,0.4896
5,146500,S3,0.0019,56687582712.6352,S6,0.4896
5,146500,S4,0.48,133025513466.26085,S6,0.4896
5,146500,S5,0.009,63687030248.10961,S6,0.4896
5,146500,S6,0.4896,133842204073.23817,S6,0.4896
5,147000,S0,0.0,0.0,S6,0.4902
5,147000,S1,0.0,26072790319.445408,S6,0.4902
5,147000,S2,0.0195,76331498465.83041,S6,0.4902
5,147000,S3,0.0019,56911423749.59256,S6,0.4902
5,147000,S4,0.4794,133485012533.64595,S6,0.4902
5,147000,S5,0.009,63907337542.70415,S6,0.4902
5,147000,S6,0.4902,134355136849.4571,S6,0.4902
5,147500,S0,0.0,0.0,S6,0.4909
5,147500,S1,0.0,26164340889.23352,S6,0.4909
5,147500,S2,0.0195,76607016878.17876,S6,0.4909
5,147500,S3,0.0019,57135264786.54993,S6,0.4909
5,147500,S4,0.4788,133944511601.03105,S6,0.4909
5,147500,S5,0.0089,64127644837.29869,S6,0.4909
5,147500,S6,0.4909,134868069625.676,S6,0.4909
5,148000,S0,0.0,0.0,S6,0.4912
5,148000,S1,0.0,26255891459.021633,S6,0.4912
5,148000,S2,0.0195,76882535290.5271,S6,0.4912
5,148000,S3,0.0019,57359105823.50728,S6,0.4912
5,148000,S4,0.4785,134404010668.41615,S6,0.4912
5,148000,S5,0.0089,64347952131.89323,S6,0.4912
5,148000,S6,0.4912,135381002401.8949,S6,0.4912
5,148500,S0,0.0,0.0,S6,0.4915
5,148500,S1,0.0,26347442028.809746,S6,0.4915
5,148500,S2,0.0195,77158053702.87546,S6,0.4915
5,148500,S3,0.0019,57582946860.46462,S6,0.4915
5,148500,S4,0.4782,134863509735.80122,S6,0.4915
5,148500,S5,0.0089,64568259426.48778,S6,0.4915
5,148500,S6,0.4915,135893935178.1138,S6,0.4915
5,149000,S0,0.0,0.0,S6,0.4921
5,149000,S1,0.0,26438992598.59786,S6,0.4921
5,149000,S2,0.0196,77433572115.2238,S6,0.4921
5,149000,S3,0.0019,57806787897.422,S6,0.4921
5,149000,S4,0.4775,135323008803.18633,S6,0.4921
5,149000,S5,0.0089,64788566721.08233,S6,0.4921
5,149000,S6,0.4921,136406867954.33272,S6,0.4921
5,149500,S0,0.0,0.0,S6,0.4922
5,149500,S1,0.0,26530543168.38597,S6,0.4922
5,149500,S2,0.0196,77709090527.57214,S6,0.4922
5,149500,S3,0.0019,58030628934.37935,S6,0.4922
5,149500,S4,0.4774,135782507870.5714,S6,0.4922
5,149500,S5,0.0089,65008874015.67687,S6,0.4922
5,149500,S6,0.4922,136919800730.55162,S6,0.4922
5,150000,S0,0.0,0.0,S6,0.4924
5,150000,S1,0.0,26622093738.174084,S6,0.4924
5,150000,S2,0.0196,77984608939.92049,S6,0.4924
5,150000,S3,0.0019,58254469971.3367,S6,0.4924
5,150000,S4,0.4772,136242006937.95653,S6,0.4924
5,150000,S5,0.0089,65229181310.271416,S6,0.4924
5,150000,S6,0.4924,137432733506.77055,S6,0.4924
5,150500,S0,0.0,0.0,S6,0.493
5,150500,S1,0.0,26713644307.962196,S6,0.493
5,150500,S2,0.0195,78260127352.26883,S6,0.493
5,150500,S3,0.0019,58478311008.294075,S6,0.493
5,150500,S4,0.4767,136701506005.3416,S6,0.493
5,150500,S5,0.0089,65449488604.86595,S6,0.493
5,150500,S6,0.493,137945666282.98944,S6,0.493
5,151000,S0,0.0,0.0,S6,0.4936
5,151000,S1,0.0,26805194877.750313,S6,0.4936
5,151000,S2,0.0194,78535645764.61717,S6,0.4936
5,151000,S3,0.0019,58702152045.25143,S6,0.4936
5,151000,S4,0.4762,137161005072.7267,S6,0.4936
5,151000,S5,0.0089,65669795899.4605,S6,0.4936
5,151000,S6,0.4936,138458599059.20834,S6,0.4936
5,151500,S0,0.0,0.0,S6,0.4937
5,151500,S1,0.0,26896745447.53842,S6,0.4937
5,151500,S2,0.0194,78811164176.9655,S6,0.4937
5,151500,S3,0.0019,58925993082.20878,S6,0.4937
5,151500,S4,0.4761,137620504140.1118,S6,0.4937
5,151500,S5,0.0089,65890103194.05505,S6,0.4937
5,151500,S6,0.4937,138971531835.42725,S6,0.4937
5,152000,S0,0.0,0.0,S6,0.4941
5,152000,S1,0.0,26988296017.326538,S6,0.4941
5,152000,S2,0.0194,79086682589.31386,S6,0.4941
5,152000,S3,0.0019,59149834119.16614,S6,0.4941
5,152000,S4,0.4757,138080003207.4969,S6,0.4941
5,152000,S5,0.0089,66110410488.64959,S6,0.4941
5,152000,S6,0.4941,139484464611.64615,S6,0.4941
5,152500,S0,0.0,0.0,S6,0.4947
5,152500,S1,0.0,27079846587.11465,S6,0.4947
5,152500,S2,0.0194,79362201001.6622,S6,0.4947
5,152500,S3,0.0019,59373675156.1235,S6,0.4947
5,152500,S4,0.4752,138539502274.882,S6,0.4947
5,152500,S5,0.0088,66330717783.24414,S6,0.4947
5,152500,S6,0.4947,139997397387.86508,S6,0.4947
5,153000,S0,0.0,0.0,S6,0.4952
5,153000,S1,0.0,27171397156.902763,S6,0.4952
5,153000,S2,0.0194,79637719414.01054,S6,0.4952
5,153000,S3,0.0019,59597516193.080864,S6,0.4952
5,153000,S4,0.4747,138999001342.26706,S6,0.4952
5,153000,S5,0.0088,66551025077.83868,S6,0.4952
5,153000,S6,0.4952,140510330164.08398,S6,0.4952
5,153500,S0,0.0,0.0,S6,0.4958
5,153500,S1,0.0,27262947726.690876,S6,0.4958
5,153500,S2,0.0194,79913237826.35887,S6,0.4958
5,153500,S3,0.0019,59821357230.038216,S6,0.4958
5,153500,S4,0.4742,139458500409.65216,S6,0.4958
5,153500,S5,0.0087,66771332372.43323,S6,0.4958
5,153500,S6,0.4958,141023262940.3029,S6,0.4958
5,154000,S0,0.0,0.0,S6,0.4965
5,154000,S1,0.0,27354498296.47899,S6,0.4965
5,154000,S2,0.0194,80188756238.70723,S6,0.4965
5,154000,S3,0.0019,60045198266.995575,S6,0.4965
5,154000,S4,0.4736,139917999477.03726,S6,0.4965
5,154000,S5,0.0086,66991639667.02776,S6,0.4965
5,154000,S6,0.4965,141536195716.5218,S6,0.4965
5,154500,S0,0.0,0.0,S6,0.4969
5,154500,S1,0.0,27446048866.2671,S6,0.4969
5,154500,S2,0.0193,80464274651.05557,S6,0.4969
5,154500,S3,0.0019,60269039303.95293,S6,0.4969
5,154500,S4,0.4733,140377498544.42236,S6,0.4969
5,154500,S5,0.0086,67211946961.62232,S6,0.4969
5,154500,S6,0.4969,142049128492.7407,S6,0.4969
5,155000,S0,0.0,0.0,S6,0.4971
5,155000,S1,0.0,27537599436.055214,S6,0.4971
5,155000,S2,0.0193,80739793063.40393,S6,0.4971
5,155000,S3,0.0019,60492880340.910286,S6,0.4971
5,155000,S4,0.4732,140836997611.80743,S6,0.4971
5,155000,S5,0.0085,67432254256.216866,S6,0.4971
5,155000,S6,0.4971,142562061268.9596,S6,0.4971
5,155500,S0,0.0,0.0,S6,0.4975
5,155500,S1,0.0,27629150005.843327,S6,0.4975
5,155500,S2,0.0193,81015311475.75226,S6,0.4975
5,155500,S3,0.0019,60716721377.86764,S6,0.4975
5,155500,S4,0.4728,141296496679.19254,S6,0.4975
5,155500,S5,0.0085,67652561550.8114,S6,0.4975
5,155500,S6,0.4975,143074994045.1785,S6,0.4975
5,156000,S0,0.0,0.0,S6,0.498
5,156000,S1,0.0,27720700575.63144,S6,0.498
5,156000,S2,0.0193,81290829888.1006,S6,0.498
5,156000,S3,0.0019,60940562414.825,S6,0.498
5,156000,S4,0.4724,141755995746.57764,S6,0.498
5,156000,S5,0.0084,67872868845.40595,S6,0.498
5,156000,S6,0.498,143587926821.3974,S6,0.498
5,156500,S0,0.0,0.0,S6,0.4982
5,156500,S1,0.0,27812251145.41955,S6,0.4982
5,156500,S2,0.0193,81566348300.44894,S6,0.4982
5,156500,S3,0.0019,61164403451.782364,S6,0.4982
5,156500,S4,0.4722,142215494813.9627,S6,0.4982
5,156500,S5,0.0084,68093176140.0005,S6,0.4982
5,156500,S6,0.4982,144100859597.6163,S6,0.4982
5,157000,S0,0.0,0.0,S6,0.4987
5,157000,S1,0.0,27903801715.20766,S6,0.4987
5,157000,S2,0.0193,81841866712.7973,S6,0.4987
5,157000,S3,0.0019,61388244488.73972,S6,0.4987
5,157000,S4,0.4717,142674993881.3478,S6,0.4987
5,157000,S5,0.0084,68313483434.59504,S6,0.4987
5,157000,S6,0.4987,144613792373.83524,S6,0.4987
5,157500,S0,0.0,0.0,S6,0.4992
5,157500,S1,0.0,27995352284.995777,S6,0.4992
5,157500,S2,0.0193,82117385125.14563,S6,0.4992
5,157500,S3,0.0019,61612085525.697075,S6,0.4992
5,157500,S4,0.4712,143134492948.7329,S6,0.4992
5,157500,S5,0.0084,68533790729.189575,S6,0.4992
5,157500,S6,0.4992,145126725150.05414,S6,0.4992
5,158000,S0,0.0,0.0,S6,0.5
5,158000,S1,0.0,28086902854.783894,S6,0.5
5,158000,S2,0.0193,82392903537.49397,S6,0.5
5,158000,S3,0.0018,61835926562.654434,S6,0.5
5,158000,S4,0.4705,143593992016.118,S6,0.5
5,158000,S5,0.0084,68754098023.78412,S6,0.5
5,158000,S6,0.5,145639657926.27304,S6,0.5
5,158500,S0,0.0,0.0,S6,0.5004
5,158500,S1,0.0,28178453424.572,S6,0.5004
5,158500,S2,0.0193,82668421949.84233,S6,0.5004
5,158500,S3,0.0018,62059767599.6118,S6,0.5004
5,158500,S4,0.4701,144053491083.5031,S6,0.5004
5,158500,S5,0.0084,68974405318.37866,S6,0.5004
5,158500,S6,0.5004,146152590702.4919,S6,0.5004
5,159000,S0,0.0,0.0,S6,0.5007
5,159000,S1,0.0,28270003994.36012,S6,0.5007
5,159000,S2,0.0193,82943940362.19066,S6,0.5007
5,159000,S3,0.0018,62283608636.56915,S6,0.5007
5,159000,S4,0.4698,144512990150.88818,S6,0.5007
5,159000,S5,0.0084,69194712612.9732,S6,0.5007
5,159000,S6,0.5007,146665523478.71085,S6,0.5007
5,159500,S0,0.0,0.0,S6,0.5012
5,159500,S1,0.0,28361554564.14823,S6,0.5012
5,159500,S2,0.0193,83219458774.539,S6,0.5012
5,159500,S3,0.0018,62507449673.5265,S6,0.5012
5,159500,S4,0.4693,144972489218.2733,S6,0.5012
5,159500,S5,0.0084,69415019907.56775,S6,0.5012
5,159500,S6,0.5012,147178456254.92975,S6,0.5012
5,160000,S0,0.0,0.0,S6,0.5019
5,160000,S1,0.0,28453105133.936337,S6,0.5019
5,160000,S2,0.0193,83494977186.88734,S6,0.5019
5,160000,S3,0.0018,62731290710.483864,S6,0.5019
5,160000,S4,0.4686,145431988285.6584,S6,0.5019
5,160000,S5,0.0084,69635327202.1623,S6,0.5019
5,160000,S6,0.5019,147691389031.14865,S6,0.5019
5,160500,S0,0.0,0.0,S6,0.5025
5,160500,S1,0.0,28544655703.724457,S6,0.5025
5,160500,S2,0.0193,83770495599.23569,S6,0.5025
5,160500,S3,0.0018,62955131747.44122,S6,0.5025
5,160500,S4,0.4681,145891487353.04346,S6,0.5025
5,160500,S5,0.0083,69855634496.75685,S6,0.5025
5,160500,S6,0.5025,148204321807.36755,S6,0.5025
5,161000,S0,0.0,0.0,S6,0.5033
5,161000,S1,0.0,28636206273.51257,S6,0.5033
5,161000,S2,0.0193,84046014011.58403,S6,0.5033
5,161000,S3,0.0018,63178972784.39859,S6,0.5033
5,161000,S4,0.4673,146350986420.42856,S6,0.5033
5,161000,S5,0.0083,70075941791.35138,S6,0.5033
5,161000,S6,0.5033,148717254583.5865,S6,0.5033
5,161500,S0,0.0,0.0,S6,0.504
5,161500,S1,0.0,28727756843.300674,S6,0.504
5,161500,S2,0.0193,84321532423.93237,S6,0.504
5,161500,S3,0.0018,63402813821.355934,S6,0.504
5,161500,S4,0.4666,146810485487.81366,S6,0.504
5,161500,S5,0.0083,70296249085.94592,S6,0.504
5,161500,S6,0.504,149230187359.8054,S6,0.504
5,162000,S0,0.0,0.0,S6,0.5046
5,162000,S1,0.0,28819307413.088795,S6,0.5046
5,162000,S2,0.0192,84597050836.28073,S6,0.5046
5,162000,S3,0.0018,63626654858.3133,S6,0.5046
5,162000,S4,0.4661,147269984555.19876,S6,0.5046
5,162000,S5,0.0083,70516556380.54048,S6,0.5046
5,162000,S6,0.5046,149743120136.0243,S6,0.5046
5,162500,S0,0.0,0.0,S6,0.5049
5,162500,S1,0.0,28910857982.876907,S6,0.5049
5,162500,S2,0.0192,84872569248.62906,S6,0.5049
5,162500,S3,0.0018,63850495895.27066,S6,0.5049
5,162500,S4,0.4658,147729483622.58386,S6,0.5049
5,162500,S5,0.0083,70736863675.13503,S6,0.5049
5,162500,S6,0.5049,150256052912.2432,S6,0.5049
5,163000,S0,0.0,0.0,S6,0.5053
5,163000,S1,0.0,29002408552.66502,S6,0.5053
5,163000,S2,0.0192,85148087660.9774,S6,0.5053
5,163000,S3,0.0018,64074336932.228,S6,0.5053
5,163000,S4,0.4654,148188982689.96893,S6,0.5053
5,163000,S5,0.0083,70957170969.72957,S6,0.5053
5,163000,S6,0.5053,150768985688.4621,S6,0.5053
5,163500,S0,0.0,0.0,S6,0.5057
5,163500,S1,0.0,29093959122.453133,S6,0.5057
5,163500,S2,0.0191,85423606073.32574,S6,0.5057
5,163500,S3,0.0018,64298177969.18537,S6,0.5057
5,163500,S4,0.4651,148648481757.354,S6,0.5057
5,163500,S5,0.0083,71177478264.32411,S6,0.5057
5,163500,S6,0.5057,151281918464.68103,S6,0.5057
5,164000,S0,0.0,0.0,S6,0.5062
5,164000,S1,0.0,29185509692.241245,S6,0.5062
5,164000,S2,0.0191,85699124485.6741,S6,0.5062
5,164000,S3,0.0018,64522019006.14272,S6,0.5062
5,164000,S4,0.4646,149107980824.7391,S6,0.5062
5,164000,S5,0.0083,71397785558.91866,S6,0.5062
5,164000,S6,0.5062,151794851240.8999,S6,0.5062
5,164500,S0,0.0,0.0,S6,0.5064
5,164500,S1,0.0,29277060262.029358,S6,0.5064
5,164500,S2,0.0191,85974642898.02243,S6,0.5064
5,164500,S3,0.0018,64745860043.10009,S6,0.5064
5,164500,S4,0.4644,149567479892.1242,S6,0.5064
5,164500,S5,0.0083,71618092853.5132,S6,0.5064
5,164500,S6,0.5064,152307784017.1188,S6,0.5064
5,165000,S0,0.0,0.0,S6,0.507
5,165000,S1,0.0,29368610831.81747,S6,0.507
5,165000,S2,0.0191,86250161310.37077,S6,0.507
5,165000,S3,0.0018,64969701080.05745,S6,0.507
5,165000,S4,0.4638,150026978959.5093,S6,0.507
5,165000,S5,0.0083,71838400148.10776,S6,0.507
5,165000,S6,0.507,152820716793.33774,S6,0.507
5,165500,S0,0.0,0.0,S6,0.5075
5,165500,S1,0.0,29460161401.60558,S6,0.5075
5,165500,S2,0.0191,86525679722.71913,S6,0.5075
5,165500,S3,0.0018,65193542117.0148,S6,0.5075
5,165500,S4,0.4633,150486478026.89438,S6,0.5075
5,165500,S5,0.0083,72058707442.70229,S6,0.5075
5,165500,S6,0.5075,153333649569.55664,S6,0.5075
5,166000,S0,0.0,0.0,S6,0.5079
5,166000,S1,0.0,29551711971.3937,S6,0.5079
5,166000,S2,0.0191,86801198135.06746,S6,0.5079
5,166000,S3,0.0019,65417383153.97215,S6,0.5079
5,166000,S4,0.4628,150945977094.27948,S6,0.5079
5,166000,S5,0.0083,72279014737.29684,S6,0.5079
5,166000,S6,0.5079,153846582345.77554,S6,0.5079
5,166500,S0,0.0,0.0,S6,0.508
5,166500,S1,0.0,29643262541.181812,S6,0.508
5,166500,S2,0.0191,87076716547.41582,S6,0.508
5,166500,S3,0.0019,65641224190.92953,S6,0.508
5,166500,S4,0.4627,151405476161.66458,S6,0.508
5,166500,S5,0.0083,72499322031.89137,S6,0.508
5,166500,S6,0.508,154359515121.99445,S6,0.508
5,167000,S0,0.0,0.0,S6,0.5081
5,167000,S1,0.0,29734813110.969917,S6,0.5081
5,167000,S2,0.0191,87352234959.76414,S6,0.5081
5,167000,S3,0.0019,65865065227.88687,S6,0.5081
5,167000,S4,0.4626,151864975229.04965,S6,0.5081
5,167000,S5,0.0083,72719629326.48593,S6,0.5081
5,167000,S6,0.5081,154872447898.21335,S6,0.5081
5,167500,S0,0.0,0.0,S6,0.5084
5,167500,S1,0.0,29826363680.758038,S6,0.5084
5,167500,S2,0.0191,87627753372.1125,S6,0.5084
5,167500,S3,0.0019,66088906264.84424,S6,0.5084
5,167500,S4,0.4623,152324474296.43478,S6,0.5084
5,167500,S5,0.0083,72939936621.08047,S6,0.5084
5,167500,S6,0.5084,155385380674.43225,S6,0.5084
5,168000,S0,0.0,0.0,S6,0.5085
5,168000,S1,0.0,29917914250.54615,S6,0.5085
5,168000,S2,0.0191,87903271784.46083,S6,0.5085
5,168000,S3,0.002,66312747301.8016,S6,0.5085
5,168000,S4,0.4621,152783973363.81985,S6,0.5085
5,168000,S5,0.0083,73160243915.67502,S6,0.5085
5,168000,S6,0.5085,155898313450.65115,S6,0.5085
5,168500,S0,0.0,0.0,S6,0.5089
5,168500,S1,0.0,30009464820.334263,S6,0.5089
5,168500,S2,0.0191,88178790196.80919,S6,0.5089
5,168500,S3,0.002,66536588338.75895,S6,0.5089
5,168500,S4,0.4617,153243472431.20496,S6,0.5089
5,168500,S5,0.0083,73380551210.26956,S6,0.5089
5,168500,S6,0.5089,156411246226.87006,S6,0.5089
5,169000,S0,0.0,0.0,S6,0.5091
5,169000,S1,0.0,30101015390.122375,S6,0.5091
5,169000,S2,0.0191,88454308609.15753,S6,0.5091
5,169000,S3,0.0021,66760429375.71632,S6,0.5091
5,169000,S4,0.4614,153702971498.59006,S6,0.5091
5,169000,S5,0.0083,73600858504.8641,S6,0.5091
5,169000,S6,0.5091,156924179003.089,S6,0.5091
5,169500,S0,0.0,0.0,S6,0.5099
5,169500,S1,0.0,30192565959.91049,S6,0.5099
5,169500,S2,0.019,88729827021.50587,S6,0.5099
5,169500,S3,0.0021,66984270412.673676,S6,0.5099
5,169500,S4,0.4607,154162470565.97513,S6,0.5099
5,169500,S5,0.0083,73821165799.45865,S6,0.5099
5,169500,S6,0.5099,157437111779.30786,S6,0.5099
5,170000,S0,0.0,0.0,S6,0.5102
5,170000,S1,0.0,30284116529.6986,S6,0.5102
5,170000,S2,0.019,89005345433.85422,S6,0.5102
5,170000,S3,0.0021,67208111449.63103,S6,0.5102
5,170000,S4,0.4604,154621969633.36023,S6,0.5102
5,170000,S5,0.0083,74041473094.05318,S6,0.5102
5,170000,S6,0.5102,157950044555.5268,S6,0.5102
5,170500,S0,0.0,0.0,S6,0.5105
5,170500,S1,0.0,30375667099.486713,S6,0.5105
5,170500,S2,0.019,89280863846.20255,S6,0.5105
5,170500,S3,0.0021,67431952486.58837,S6,0.5105
5,170500,S4,0.4602,155081468700.7453,S6,0.5105
5,170500,S5,0.0082,74261780388.64774,S6,0.5105
5,170500,S6,0.5105,158462977331.7457,S6,0.5105
5,171000,S0,0.0,0.0,S6,0.5109
5,171000,S1,0.0,30467217669.274826,S6,0.5109
5,171000,S2,0.019,89556382258.5509,S6,0.5109
5,171000,S3,0.0021,67655793523.54575,S6,0.5109
5,171000,S4,0.4598,155540967768.1304,S6,0.5109
5,171000,S5,0.0082,74482087683.24228,S6,0.5109
5,171000,S6,0.5109,158975910107.9646,S6,0.5109
5,171500,S0,0.0,0.0,S6,0.5111
5,171500,S1,0.0,30558768239.06294,S6,0.5111
5,171500,S2,0.019,89831900670.89923,S6,0.5111
5,171500,S3,0.0021,67879634560.5031,S6,0.5111
5,171500,S4,0.4597,156000466835.5155,S6,0.5111
5,171500,S5,0.0081,74702394977.83682,S6,0.5111
5,171500,S6,0.5111,159488842884.1835,S6,0.5111
5,172000,S0,0.0,0.0,S6,0.5116
5,172000,S1,0.0,30650318808.85105,S6,0.5116
5,172000,S2,0.0189,90107419083.24759,S6,0.5116
5,172000,S3,0.0021,68103475597.460464,S6,0.5116
5,172000,S4,0.4593,156459965902.9006,S6,0.5116
5,172000,S5,0.0081,74922702272.43138,S6,0.5116
5,172000,S6,0.5116,160001775660.4024,S6,0.5116
5,172500,S0,0.0,0.0,S6,0.5119
5,172500,S1,0.0,30741869378.639164,S6,0.5119
5,172500,S2,0.0189,90382937495.59593,S6,0.5119
5,172500,S3,0.0021,68327316634.417816,S6,0.5119
5,172500,S4,0.459,156919464970.28568,S6,0.5119
5,172500,S5,0.0081,75143009567.02591,S6,0.5119
5,172500,S6,0.5119,160514708436.62134,S6,0.5119
5,173000,S0,0.0,0.0,S6,0.5123
5,173000,S1,0.0,30833419948.427277,S6,0.5123
5,173000,S2,0.019,90658455907.94427,S6,0.5123
5,173000,S3,0.0021,68551157671.375175,S6,0.5123
5,173000,S4,0.4585,157378964037.67078,S6,0.5123
5,173000,S5,0.0081,75363316861.62047,S6,0.5123
5,173000,S6,0.5123,161027641212.8402,S6,0.5123
5,173500,S0,0.0,0.0,S6,0.5128
5,173500,S1,0.0,30924970518.21539,S6,0.5128
5,173500,S2,0.019,90933974320.29262,S6,0.5128
5,173500,S3,0.0021,68774998708.33253,S6,0.5128
5,173500,S4,0.458,157838463105.05588,S6,0.5128
5,173500,S5,0.0081,75583624156.215,S6,0.5128
5,173500,S6,0.5128,161540573989.05914,S6,0.5128
5,174000,S0,0.0,0.0,S6,0.513
5,174000,S1,0.0,31016521088.0035,S6,0.513
5,174000,S2,0.019,91209492732.64095,S6,0.513
5,174000,S3,0.0021,68998839745.28987,S6,0.513
5,174000,S4,0.4578,158297962172.44098,S6,0.513
5,174000,S5,0.0081,75803931450.80956,S6,0.513
5,174000,S6,0.513,162053506765.278,S6,0.513
5,174500,S0,0.0,0.0,S6,0.5135
5,174500,S1,0.0,31108071657.79162,S6,0.5135
5,174500,S2,0.019,91485011144.9893,S6,0.5135
5,174500,S3,0.0022,69222680782.24725,S6,0.5135
5,174500,S4,0.4572,158757461239.82605,S6,0.5135
5,174500,S5,0.0081,76024238745.4041,S6,0.5135
5,174500,S6,0.5135,162566439541.49695,S6,0.5135
5,175000,S0,0.0,0.0,S6,0.5139
5,175000,S1,0.0,31199622227.579723,S6,0.5139
5,175000,S2,0.0189,91760529557.33765,S6,0.5139
5,175000,S3,0.0022,69446521819.2046,S6,0.5139
5,175000,S4,0.4569,159216960307.21115,S6,0.5139
5,175000,S5,0.0081,76244546039.99864,S6,0.5139
5,175000,S6,0.5139,163079372317.71585,S6,0.5139
5,175500,S0,0.0,0.0,S6,0.5146
5,175500,S1,0.0,31291172797.367836,S6,0.5146
5,175500,S2,0.0189,92036047969.68599,S6,0.5146
5,175500,S3,0.0022,69670362856.16197,S6,0.5146
5,175500,S4,0.4562,159676459374.59625,S6,0.5146
5,175500,S5,0.0081,76464853334.59317,S6,0.5146
5,175500,S6,0.5146,163592305093.93475,S6,0.5146
5,176000,S0,0.0,0.0,S6,0.5149
5,176000,S1,0.0,31382723367.155956,S6,0.5149
5,176000,S2,0.0189,92311566382.03433,S6,0.5149
5,176000,S3,0.0022,69894203893.11932,S6,0.5149
5,176000,S4,0.4559,160135958441.98132,S6,0.5149
5,176000,S5,0.0081,76685160629.18773,S6,0.5149
5,176000,S6,0.5149,164105237870.15366,S6,0.5149
5,176500,S0,0.0,0.0,S6,0.5152
5,176500,S1,0.0,31474273936.94406,S6,0.5152
5,176500,S2,0.0189,92587084794.38268,S6,0.5152
5,176500,S3,0.0022,70118044930.07668,S6,0.5152
5,176500,S4,0.4556,160595457509.36646,S6,0.5152
5,176500,S5,0.0081,76905467923.78227,S6,0.5152
5,176500,S6,0.5152,164618170646.37256,S6,0.5152
5,177000,S0,0.0,0.0,S6,0.5157
5,177000,S1,0.0,31565824506.73218,S6,0.5157
5,177000,S2,0.0189,92862603206.73102,S6,0.5157
5,177000,S3,0.0022,70341885967.03403,S6,0.5157
5,177000,S4,0.4551,161054956576.75153,S6,0.5157
5,177000,S5,0.0081,77125775218.37682,S6,0.5157
5,177000,S6,0.5157,165131103422.59146,S6,0.5157
5,177500,S0,0.0,0.0,S6,0.5163
5,177500,S1,0.0,31657375076.520294,S6,0.5163
5,177500,S2,0.0188,93138121619.07935,S6,0.5163
5,177500,S3,0.0022,70565727003.9914,S6,0.5163
5,177500,S4,0.4546,161514455644.13663,S6,0.5163
5,177500,S5,0.0081,77346082512.97134,S6,0.5163
5,177500,S6,0.5163,165644036198.81036,S6,0.5163
5,178000,S0,0.0,0.0,S6,0.5165
5,178000,S1,0.0,31748925646.3084,S6,0.5165
5,178000,S2,0.0188,93413640031.4277,S6,0.5165
5,178000,S3,0.0022,70789568040.94876,S6,0.5165
5,178000,S4,0.4544,161973954711.5217,S6,0.5165
5,178000,S5,0.0081,77566389807.5659,S6,0.5165
5,178000,S6,0.5165,166156968975.0293,S6,0.5165
5,178500,S0,0.0,0.0,S6,0.5166
5,178500,S1,0.0,31840476216.096523,S6,0.5166
5,178500,S2,0.0188,93689158443.77605,S6,0.5166
5,178500,S3,0.0022,71013409077.90613,S6,0.5166
5,178500,S4,0.4543,162433453778.9068,S6,0.5166
5,178500,S5,0.0081,77786697102.16045,S6,0.5166
5,178500,S6,0.5166,166669901751.2482,S6,0.5166
5,179000,S0,0.0,0.0,S6,0.5169
5,179000,S1,0.0,31932026785.884632,S6,0.5169
5,179000,S2,0.0187,93964676856.12439,S6,0.5169
5,179000,S3,0.0022,71237250114.86348,S6,0.5169
5,179000,S4,0.4541,162892952846.29187,S6,0.5169
5,179000,S5,0.0081,78007004396.755,S6,0.5169
5,179000,S6,0.5169,167182834527.4671,S6,0.5169
5,179500,S0,0.0,0.0,S6,0.517
5,179500,S1,0.0,32023577355.67275,S6,0.517
5,179500,S2,0.0187,94240195268.47273,S6,0.517
5,179500,S3,0.0022,71461091151.82083,S6,0.517
5,179500,S4,0.454,163352451913.67697,S6,0.517
5,179500,S5,0.0081,78227311691.34953,S6,0.517
5,179500,S6,0.517,167695767303.686,S6,0.517
5,180000,S0,0.0,0.0,S6,0.5173
5,180000,S1,0.0,32115127925.46086,S6,0.5173
5,180000,S2,0.0187,94515713680.82108,S6,0.5173
5,180000,S3,0.0023,71684932188.77817,S6,0.5173
5,180000,S4,0.4537,163811950981.06204,S6,0.5173
5,180000,S5,0.008,78447618985.94409,S6,0.5173
5,180000,S6,0.5173,168208700079.9049,S6,0.5173
5,180500,S0,0.0,0.0,S6,0.5175
5,180500,S1,0.0,32206678495.24897,S6,0.5175
5,180500,S2,0.0186,94791232093.16942,S6,0.5175
5,180500,S3,0.0023,71908773225.73555,S6,0.5175
5,180500,S4,0.4536,164271450048.44717,S6,0.5175
5,180500,S5,0.008,78667926280.53862,S6,0.5175
5,180500,S6,0.5175,168721632856.1238,S6,0.5175
5,181000,S0,0.0,0.0,S6,0.5177
5,181000,S1,0.0,32298229065.037083,S6,0.5177
5,181000,S2,0.0186,95066750505.51776,S6,0.5177
5,181000,S3,0.0023,72132614262.6929,S6,0.5177
5,181000,S4,0.4535,164730949115.83224,S6,0.5177
5,181000,S5,0.0079,78888233575.13316,S6,0.5177
5,181000,S6,0.5177,169234565632.34274,S6,0.5177
5,181500,S0,0.0,0.0,S6,0.5183
5,181500,S1,0.0,32389779634.8252,S6,0.5183
5,181500,S2,0.0186,95342268917.8661,S6,0.5183
5,181500,S3,0.0023,72356455299.65025,S6,0.5183
5,181500,S4,0.4529,165190448183.21735,S6,0.5183
5,181500,S5,0.0079,79108540869.7277,S6,0.5183
5,181500,S6,0.5183,169747498408.56165,S6,0.5183
5,182000,S0,0.0,0.0,S6,0.5185
5,182000,S1,0.0,32481330204.613308,S6,0.5185
5,182000,S2,0.0186,95617787330.21445,S6,0.5185
5,182000,S3,0.0023,72580296336.6076,S6,0.5185
5,182000,S4,0.4527,165649947250.60245,S6,0.5185
5,182000,S5,0.0079,79328848164.32225,S6,0.5185
5,182000,S6,0.5185,170260431184.78052,S6,0.5185
5,182500,S0,0.0,0.0,S6,0.5189
5,182500,S1,0.0,32572880774.401424,S6,0.5189
5,182500,S2,0.0185,95893305742.56279,S6,0.5189
5,182500,S3,0.0023,72804137373.56497,S6,0.5189
5,182500,S4,0.4524,166109446317.98752,S6,0.5189
5,182500,S5,0.0079,79549155458.9168,S6,0.5189
5,182500,S6,0.5189,170773363960.99945,S6,0.5189
5,183000,S0,0.0,0.0,S6,0.519
5,183000,S1,0.0,32664431344.189537,S6,0.519
5,183000,S2,0.0185,96168824154.91113,S6,0.519
5,183000,S3,0.0023,73027978410.52232,S6,0.519
5,183000,S4,0.4523,166568945385.37265,S6,0.519
5,183000,S5,0.0079,79769462753.51135,S6,0.519
5,183000,S6,0.519,171286296737.21835,S6,0.519
5,183500,S0,0.0,0.0,S6,0.5192
5,183500,S1,0.0,32755981913.97765,S6,0.5192
5,183500,S2,0.0185,96444342567.25948,S6,0.5192
5,183500,S3,0.0023,73251819447.47969,S6,0.5192
5,183500,S4,0.4521,167028444452.75772,S6,0.5192
5,183500,S5,0.0079,79989770048.10588,S6,0.5192
5,183500,S6,0.5192,171799229513.4373,S6,0.5192
5,184000,S0,0.0,0.0,S6,0.5195
5,184000,S1,0.0,32847532483.765762,S6,0.5195
5,184000,S2,0.0185,96719860979.60782,S6,0.5195
5,184000,S3,0.0023,73475660484.43706,S6,0.5195
5,184000,S4,0.4518,167487943520.14282,S6,0.5195
5,184000,S5,0.0079,80210077342.70042,S6,0.5195
5,184000,S6,0.5195,172312162289.65616,S6,0.5195
5,184500,S0,0.0,0.0,S6,0.5199
5,184500,S1,0.0,32939083053.553875,S6,0.5199
5,184500,S2,0.0185,96995379391.95618,S6,0.5199
5,184500,S3,0.0023,73699501521.3944,S6,0.5199
5,184500,S4,0.4514,167947442587.5279,S6,0.5199
5,184500,S5,0.0079,80430384637.29497,S6,0.5199
5,184500,S6,0.5199,172825095065.87506,S6,0.5199
5,185000,S0,0.0,0.0,S6,0.5204
5,185000,S1,0.0,33030633623.341988,S6,0.5204
5,185000,S2,0.0185,97270897804.30452,S6,0.5204
5,185000,S3,0.0023,73923342558.35178,S6,0.5204
5,185000,S4,0.4509,168406941654.913,S6,0.5204
5,185000,S5,0.0079,80650691931.88953,S6,0.5204
5,185000,S6,0.5204,173338027842.09396,S6,0.5204
5,185500,S0,0.0,0.0,S6,0.5208
5,185500,S1,0.0,33122184193.1301,S6,0.5208
5,185500,S2,0.0186,97546416216.65285,S6,0.5208
5,185500,S3,0.0023,74147183595.30913,S6,0.5208
5,185500,S4,0.4505,168866440722.2981,S6,0.5208
5,185500,S5,0.0078,80870999226.48407,S6,0.5208
5,185500,S6,0.5208,173850960618.3129,S6,0.5208
5,186000,S0,0.0,0.0,S6,0.5212
5,186000,S1,0.0,33213734762.918213,S6,0.5212
5,186000,S2,0.0186,97821934629.0012,S6,0.5212
5,186000,S3,0.0023,74371024632.26648,S6,0.5212
5,186000,S4,0.4501,169325939789.6832,S6,0.5212
5,186000,S5,0.0078,81091306521.07861,S6,0.5212
5,186000,S6,0.5212,174363893394.5318,S6,0.5212
5,186500,S0,0.0,0.0,S6,0.5213
5,186500,S1,0.0,33305285332.706326,S6,0.5213
5,186500,S2,0.0186,98097453041.34953,S6,0.5213
5,186500,S3,0.0023,74594865669.22383,S6,0.5213
5,186500,S4,0.45,169785438857.0683,S6,0.5213
5,186500,S5,0.0078,81311613815.67316,S6,0.5213
5,186500,S6,0.5213,174876826170.7507,S6,0.5213
5,187000,S0,0.0,0.0,S6,0.5218
5,187000,S1,0.0,33396835902.49444,S6,0.5218
5,187000,S2,0.0186,98372971453.69788,S6,0.5218
5,187000,S3,0.0023,74818706706.1812,S6,0.5218
5,187000,S4,0.4496,170244937924.45337,S6,0.5218
5,187000,S5,0.0077,81531921110.2677,S6,0.5218
5,187000,S6,0.5218,175389758946.9696,S6,0.5218
5,187500,S0,0.0,0.0,S6,0.5221
5,187500,S1,0.0,33488386472.28255,S6,0.5221
5,187500,S2,0.0186,98648489866.04622,S6,0.5221
5,187500,S3,0.0023,75042547743.13855,S6,0.5221
5,187500,S4,0.4493,170704436991.83844,S6,0.5221
5,187500,S5,0.0077,81752228404.86224,S6,0.5221
5,187500,S6,0.5221,175902691723.1885,S6,0.5221
5,188000,S0,0.0,0.0,S6,0.5223
5,188000,S1,0.0,33579937042.070663,S6,0.5223
5,188000,S2,0.0186,98924008278.39458,S6,0.5223
5,188000,S3,0.0023,75266388780.09592,S6,0.5223
5,188000,S4,0.4491,171163936059.22354,S6,0.5223
5,188000,S5,0.0077,81972535699.45679,S6,0.5223
5,188000,S6,0.5223,176415624499.4074,S6,0.5223
5,188500,S0,0.0,0.0,S6,0.5226
5,188500,S1,0.0,33671487611.858776,S6,0.5226
5,188500,S2,0.0186,99199526690.74292,S6,0.5226
5,188500,S3,0.0023,75490229817.05327,S6,0.5226
5,188500,S4,0.4489,171623435126.60864,S6,0.5226
5,188500,S5,0.0076,82192842994.05133,S6,0.5226
5,188500,S6,0.5226,176928557275.6263,S6,0.5226
5,189000,S0,0.0,0.0,S6,0.5229
5,189000,S1,0.0,33763038181.64689,S6,0.5229
5,189000,S2,0.0186,99475045103.09125,S6,0.5229
5,189000,S3,0.0022,75714070854.01062,S6,0.5229
5,189000,S4,0.4487,172082934193.99374,S6,0.5229
5,189000,S5,0.0076,82413150288.64589,S6,0.5229
5,189000,S6,0.5229,177441490051.8452,S6,0.5229
5,189500,S0,0.0,0.0,S6,0.5232
5,189500,S1,0.0,33854588751.435005,S6,0.5232
5,189500,S2,0.0186,99750563515.4396,S6,0.5232
5,189500,S3,0.0022,75937911890.96797,S6,0.5232
5,189500,S4,0.4484,172542433261.37885,S6,0.5232
5,189500,S5,0.0076,82633457583.24042,S6,0.5232
5,189500,S6,0.5232,177954422828.06415,S6,0.5232
5,190000,S0,0.0,0.0,S6,0.5232
5,190000,S1,0.0,33946139321.223114,S6,0.5232
5,190000,S2,0.0186,100026081927.78793,S6,0.5232
5,190000,S3,0.0022,76161752927.92535,S6,0.5232
5,190000,S4,0.4484,173001932328.76392,S6,0.5232
5,190000,S5,0.0076,82853764877.83496,S6,0.5232
5,190000,S6,0.5232,178467355604.28302,S6,0.5232
5,190500,S0,0.0,0.0,S6,0.5235
5,190500,S1,0.0,34037689891.011227,S6,0.5235
5,190500,S2,0.0185,100301600340.13628,S6,0.5235
5,190500,S3,0.0022,76385593964.8827,S6,0.5235
5,190500,S4,0.4483,173461431396.149,S6,0.5235
5,190500,S5,0.0075,83074072172.42952,S6,0.5235
5,190500,S6,0.5235,178980288380.50195,S6,0.5235
5,191000,S0,0.0,0.0,S6,0.5238
5,191000,S1,0.0,34129240460.799343,S6,0.5238
5,191000,S2,0.0184,100577118752.48462,S6,0.5238
5,191000,S3,0.0022,76609435001.84006,S6,0.5238
5,191000,S4,0.4481,173920930463.53412,S6,0.5238
5,191000,S5,0.0075,83294379467.02406,S6,0.5238
5,191000,S6,0.5238,179493221156.72086,S6,0.5238
5,191500,S0,0.0,0.0,S6,0.5241
5,191500,S1,0.0,34220791030.58745,S6,0.5241
5,191500,S2,0.0184,100852637164.83296,S6,0.5241
5,191500,S3,0.0021,76833276038.79742,S6,0.5241
5,191500,S4,0.4479,174380429530.9192,S6,0.5241
5,191500,S5,0.0075,83514686761.6186,S6,0.5241
5,191500,S6,0.5241,180006153932.93976,S6,0.5241
5,192000,S0,0.0,0.0,S6,0.5244
5,192000,S1,0.0,34312341600.37556,S6,0.5244
5,192000,S2,0.0184,101128155577.1813,S6,0.5244
5,192000,S3,0.0021,77057117075.75478,S6,0.5244
5,192000,S4,0.4476,174839928598.3043,S6,0.5244
5,192000,S5,0.0075,83734994056.21315,S6,0.5244
5,192000,S6,0.5244,180519086709.15866,S6,0.5244
5,192500,S0,0.0,0.0,S6,0.5246
5,192500,S1,0.0,34403892170.16368,S6,0.5246
5,192500,S2,0.0184,101403673989.52965,S6,0.5246
5,192500,S3,0.0021,77280958112.71213,S6,0.5246
5,192500,S4,0.4474,175299427665.6894,S6,0.5246
5,192500,S5,0.0075,83955301350.8077,S6,0.5246
5,192500,S6,0.5246,181032019485.37756,S6,0.5246
5,193000,S0,0.0,0.0,S6,0.5248
5,193000,S1,0.0,34495442739.95179,S6,0.5248
5,193000,S2,0.0184,101679192401.878,S6,0.5248
5,193000,S3,0.0021,77504799149.6695,S6,0.5248
5,193000,S4,0.4472,175758926733.0745,S6,0.5248
5,193000,S5,0.0075,84175608645.40224,S6,0.5248
5,193000,S6,0.5248,181544952261.59647,S6,0.5248
5,193500,S0,0.0,0.0,S6,0.5249
5,193500,S1,0.0,34586993309.739914,S6,0.5249
5,193500,S2,0.0184,101954710814.22633,S6,0.5249
5,193500,S3,0.0021,77728640186.62685,S6,0.5249
5,193500,S4,0.4471,176218425800.4596,S6,0.5249
5,193500,S5,0.0075,84395915939.99678,S6,0.5249
5,193500,S6,0.5249,182057885037.8154,S6,0.5249
5,194000,S0,0.0,0.0,S6,0.525
5,194000,S1,0.0,34678543879.528015,S6,0.525
5,194000,S2,0.0184,102230229226.57468,S6,0.525
5,194000,S3,0.0021,77952481223.5842,S6,0.525
5,194000,S4,0.4471,176677924867.84464,S6,0.525
5,194000,S5,0.0074,84616223234.59132,S6,0.525
5,194000,S6,0.525,182570817814.0343,S6,0.525
5,194500,S0,0.0,0.0,S6,0.5253
5,194500,S1,0.0,34770094449.316124,S6,0.5253
5,194500,S2,0.0184,102505747638.92302,S6,0.5253
5,194500,S3,0.0021,78176322260.54155,S6,0.5253
5,194500,S4,0.4468,177137423935.22974,S6,0.5253
5,194500,S5,0.0074,84836530529.18588,S6,0.5253
5,194500,S6,0.5253,183083750590.2532,S6,0.5253
5,195000,S0,0.0,0.0,S6,0.5256
5,195000,S1,0.0,34861645019.10425,S6,0.5256
5,195000,S2,0.0184,102781266051.27138,S6,0.5256
5,195000,S3,0.0021,78400163297.49892,S6,0.5256
5,195000,S4,0.4466,177596923002.61484,S6,0.5256
5,195000,S5,0.0073,85056837823.78043,S6,0.5256
5,195000,S6,0.5256,183596683366.4721,S6,0.5256
5,195500,S0,0.0,0.0,S6,0.5257
5,195500,S1,0.0,34953195588.89236,S6,0.5257
5,195500,S2,0.0184,103056784463.6197,S6,0.5257
5,195500,S3,0.0021,78624004334.45628,S6,0.5257
5,195500,S4,0.4465,178056422069.99994,S6,0.5257
5,195500,S5,0.0073,85277145118.37495,S6,0.5257
5,195500,S6,0.5257,184109616142.691,S6,0.5257
5,196000,S0,0.0,0.0,S6,0.5262
5,196000,S1,0.0,35044746158.68047,S6,0.5262
5,196000,S2,0.0184,103332302875.96806,S6,0.5262
5,196000,S3,0.0021,78847845371.41364,S6,0.5262
5,196000,S4,0.446,178515921137.38504,S6,0.5262
5,196000,S5,0.0073,85497452412.9695,S6,0.5262
5,196000,S6,0.5262,184622548918.9099,S6,0.5262
5,196500,S0,0.0,0.0,S6,0.5265
5,196500,S1,0.0,35136296728.46859,S6,0.5265
5,196500,S2,0.0184,103607821288.3164,S6,0.5265
5,196500,S3,0.0021,79071686408.371,S6,0.5265
5,196500,S4,0.4456,178975420204.77014,S6,0.5265
5,196500,S5,0.0074,85717759707.56406,S6,0.5265
5,196500,S6,0.5265,185135481695.1288,S6,0.5265
5,197000,S0,0.0,0.0,S6,0.5269
5,197000,S1,0.0,35227847298.25669,S6,0.5269
5,197000,S2,0.0183,103883339700.66475,S6,0.5269
5,197000,S3,0.0021,79295527445.32835,S6,0.5269
5,197000,S4,0.4453,179434919272.15524,S6,0.5269
5,197000,S5,0.0074,85938067002.1586,S6,0.5269
5,197000,S6,0.5269,185648414471.34775,S6,0.5269
5,197500,S0,0.0,0.0,S6,0.527
5,197500,S1,0.0,35319397868.044815,S6,0.527
5,197500,S2,0.0184,104158858113.01309,S6,0.527
5,197500,S3,0.0021,79519368482.2857,S6,0.527
5,197500,S4,0.4451,179894418339.5403,S6,0.527
5,197500,S5,0.0074,86158374296.75313,S6,0.527
5,197500,S6,0.527,186161347247.56662,S6,0.527
5,198000,S0,0.0,0.0,S6,0.5273
5,198000,S1,0.0,35410948437.832924,S6,0.5273
5,198000,S2,0.0184,104434376525.36142,S6,0.5273
5,198000,S3,0.0021,79743209519.24306,S6,0.5273
5,198000,S4,0.4448,180353917406.9254,S6,0.5273
5,198000,S5,0.0074,86378681591.34767,S6,0.5273
5,198000,S6,0.5273,186674280023.78555,S6,0.5273
5,198500,S0,0.0,0.0,S6,0.5276
5,198500,S1,0.0,35502499007.62103,S6,0.5276
5,198500,S2,0.0185,104709894937.70978,S6,0.5276
5,198500,S3,0.0021,79967050556.20042,S6,0.5276
5,198500,S4,0.4444,180813416474.3105,S6,0.5276
5,198500,S5,0.0074,86598988885.94223,S6,0.5276
5,198500,S6,0.5276,187187212800.00446,S6,0.5276
5,199000,S0,0.0,0.0,S6,0.5276
5,199000,S1,0.0,35594049577.40914,S6,0.5276
5,199000,S2,0.0185,104985413350.05812,S6,0.5276
5,199000,S3,0.0021,80190891593.15779,S6,0.5276
5,199000,S4,0.4444,181272915541.6956,S6,0.5276
5,199000,S5,0.0074,86819296180.53677,S6,0.5276
5,199000,S6,0.5276,187700145576.22336,S6,0.5276
5,199500,S0,0.0,0.0,S6,0.5278
5,199500,S1,0.0,35685600147.197266,S6,0.5278
5,199500,S2,0.0185,105260931762.40646,S6,0.5278
5,199500,S3,0.0021,80414732630.11514,S6,0.5278
5,199500,S4,0.4442,181732414609.0807,S6,0.5278
5,199500,S5,0.0074,87039603475.13133,S6,0.5278
5,199500,S6,0.5278,188213078352.44226,S6,0.5278
5,200000,S0,0.0,0.0,S6,0.5279
5,200000,S1,0.0,35777150716.985374,S6,0.5279
5,200000,S2,0.0185,105536450174.7548,S6,0.5279
5,200000,S3,0.0021,80638573667.0725,S6,0.5279
5,200000,S4,0.4441,182191913676.4658,S6,0.5279
5,200000,S5,0.0074,87259910769.72586,S6,0.5279
5,200000,S6,0.5279,188726011128.66116,S6,0.5279
10,0,S0,1.0,0.0,S0,1.0
10,0,S1,0.0,-1535582285.9889543,S0,1.0
10,0,S2,0.0,-11527804168.5722,S0,1.0
10,0,S3,0.0,-9184281915.486528,S0,1.0
10,0,S4,0.0,-3465228412.6994796,S0,1.0
10,0,S5,0.0,-1470042028.2699468,S0,1.0
10,0,S6,0.0,-25904162861.335445,S0,1.0
10,500,S0,0.7609,0.0,S0,0.7609
10,500,S1,0.0045,-1158638017.8225405,S0,0.7609
10,500,S2,0.0,-10393034173.735754,S0,0.7609
10,500,S3,0.0,-7901465193.689067,S0,0.7609
10,500,S4,0.056,-1572841041.6492856,S0,0.7609
10,500,S5,0.1786,-562714827.6291442,S0,0.7609
10,500,S6,0.0,-22964979621.450893,S0,0.7609
10,1000,S0,0.1354,0.0,S5,0.3983
10,1000,S1,0.0233,-781693749.6561269,S5,0.3983
10,1000,S2,0.0,-9258264178.899303,S5,0.3983
10,1000,S3,0.0001,-6618648471.891608,S5,0.3983
10,1000,S4,0.4429,319546329.400909,S5,0.3983
10,1000,S5,0.3983,344612373.0116585,S5,0.3983
10,1000,S6,0.0,-20025796381.566338,S5,0.3983
10,1500,S0,0.0108,0.0,S4,0.6829
10,1500,S1,0.0142,-404749481.4897132,S4,0.6829
10,1500,S2,0.0,-8123494184.062855,S4,0.6829
10,1500,S3,0.001,-5335831750.094146,S4,0.6829
10,1500,S4,0.6829,2211933700.451103,S4,0.6829
10,1500,S5,0.2908,1251939573.652461,S4,0.6829
10,1500,S6,0.0003,-17086613141.681784,S4,0.6829
10,2000,S0,0.0007,0.0,S4,0.7869
10,2000,S1,0.0072,-27805213.323299542,S4,0.7869
10,2000,S2,0.0,-6988724189.226405,S4,0.7869
10,2000,S3,0.0029,-4053015028.2966843,S4,0.7869
10,2000,S4,0.7869,4104321071.5012975,S4,0.7869
10,2000,S5,0.2005,2159266774.293264,S4,0.7869
10,2000,S6,0.0018,-14147429901.797228,S4,0.7869
10,2500,S0,0.0,0.0,S4,0.8336
10,2500,S1,0.0038,349139054.8431141,S4,0.8336
10,2500,S2,0.0001,-5853954194.389956,S4,0.8336
10,2500,S3,0.0049,-2770198306.499223,S4,0.8336
10,2500,S4,0.8336,5996708442.551492,S4,0.8336
10,2500,S5,0.1514,3066593974.9340663,S4,0.8336
10,2500,S6,0.0062,-11208246661.912674,S4,0.8336
10,3000,S0,0.0,0.0,S4,0.8566
10,3000,S1,0.0023,726083323.0095277,S4,0.8566
10,3000,S2,0.0004,-4719184199.553508,S4,0.8566
10,3000,S3,0.0075,-1487381584.7017622,S4,0.8566
10,3000,S4,0.8566,7889095813.601687,S4,0.8566
10,3000,S5,0.1174,3973921175.5748687,S4,0.8566
10,3000,S6,0.0158,-8269063422.028119,S4,0.8566
10,3500,S0,0.0,0.0,S4,0.8633
10,3500,S1,0.0008,1103027591.1759415,S4,0.8633
10,3500,S2,0.0007,-3584414204.7170596,S4,0.8633
10,3500,S3,0.0101,-204564862.90430114,S4,0.8633
10,3500,S4,0.8633,9781483184.651882,S4,0.8633
10,3500,S5,0.0946,4881248376.215672,S4,0.8633
10,3500,S6,0.0305,-5329880182.143564,S4,0.8633
10,4000,S0,0.0,0.0,S4,0.8516
10,4000,S1,0.0007,1479971859.342355,S4,0.8516
10,4000,S2,0.0009,-2449644209.88061,S4,0.8516
10,4000,S3,0.0135,1078251858.8931599,S4,0.8516
10,4000,S4,0.8516,11673870555.702074,S4,0.8516
10,4000,S5,0.0786,5788575576.856474,S4,0.8516
10,4000,S6,0.0547,-2390696942.25901,S4,0.8516
10,4500,S0,0.0,0.0,S4,0.8327
10,4500,S1,0.0006,1856916127.5087688,S4,0.8327
10,4500,S2,0.0015,-1314874215.0441608,S4,0.8327
10,4500,S3,0.0157,2361068580.690621,S4,0.8327
10,4500,S4,0.8327,13566257926.752268,S4,0.8327
10,4500,S5,0.0665,6695902777.497276,S4,0.8327
10,4500,S6,0.083,548486297.6255451,S4,0.8327
10,5000,S0,0.0,0.0,S4,0.8082
10,5000,S1,0.0002,2233860395.675182,S4,0.8082
10,5000,S2,0.0023,-180104220.2077121,S4,0.8082
10,5000,S3,0.0179,3643885302.488083,S4,0.8082
10,5000,S4,0.8082,15458645297.802462,S4,0.8082
10,5000,S5,0.0584,7603229978.138082,S4,0.8082
10,5000,S6,0.113,3487669537.5100994,S4,0.8082
10,5500,S0,0.0,0.0,S4,0.7797
10,5500,S1,0.0002,2610804663.841596,S4,0.7797
10,5500,S2,0.0029,954665774.6287367,S4,0.7797
10,5500,S3,0.0193,4926702024.285543,S4,0.7797
10,5500,S4,0.7797,17351032668.852657,S4,0.7797
10,5500,S5,0.0512,8510557178.778883,S4,0.7797
10,5500,S6,0.1467,6426852777.394654,S4,0.7797
10,6000,S0,0.0,0.0,S4,0.7487
10,6000,S1,0.0002,2987748932.0080094,S4,0.7487
10,6000,S2,0.0033,2089435769.4651859,S4,0.7487
10,6000,S3,0.0204,6209518746.083005,S4,0.7487
10,6000,S4,0.7487,19243420039.902855,S4,0.7487
10,6000,S5,0.0434,9417884379.419685,S4,0.7487
10,6000,S6,0.184,9366036017.27921,S4,0.7487
10,6500,S0,0.0,0.0,S4,0.7169
10,6500,S1,0.0001,3364693200.174423,S4,0.7169
10,6500,S2,0.0031,3224205764.301635,S4,0.7169
10,6500,S3,0.0216,7492335467.8804655,S4,0.7169
10,6500,S4,0.7169,21135807410.953045,S4,0.7169
10,6500,S5,0.0389,10325211580.060488,S4,0.7169
10,6500,S6,0.2194,12305219257.163765,S4,0.7169
10,7000,S0,0.0,0.0,S4,0.6845
10,7000,S1,0.0001,3741637468.3408365,S4,0.6845
10,7000,S2,0.0037,4358975759.138083,S4,0.6845
10,7000,S3,0.022,8775152189.677929,S4,0.6845
10,7000,S4,0.6845,23028194782.003242,S4,0.6845
10,7000,S5,0.0344,11232538780.70129,S4,0.6845
10,7000,S6,0.2553,15244402497.048319,S4,0.6845
10,7500,S0,0.0,0.0,S4,0.6511
10,7500,S1,0.0,4118581736.50725,S4,0.6511
10,7500,S2,0.0041,5493745753.974533,S4,0.6511
10,7500,S3,0.0228,10057968911.475388,S4,0.6511
10,7500,S4,0.6511,24920582153.053436,S4,0.6511
10,7500,S5,0.0299,12139865981.342094,S4,0.6511
10,7500,S6,0.2921,18183585736.932877,S4,0.6511
10,8000,S0,0.0,0.0,S4,0.6214
10,8000,S1,0.0,4495526004.673664,S4,0.6214
10,8000,S2,0.0043,6628515748.810981,S4,0.6214
10,8000,S3,0.0234,11340785633.27285,S4,0.6214
10,8000,S4,0.6214,26812969524.10363,S4,0.6214
10,8000,S5,0.0267,13047193181.982893,S4,0.6214
10,8000,S6,0.3242,21122768976.81743,S4,0.6214
10,8500,S0,0.0,0.0,S4,0.5906
10,8500,S1,0.0,4872470272.840078,S4,0.5906
10,8500,S2,0.0051,7763285743.647429,S4,0.5906
10,8500,S3,0.0238,12623602355.07031,S4,0.5906
10,8500,S4,0.5906,28705356895.153824,S4,0.5906
10,8500,S5,0.0238,13954520382.6237,S4,0.5906
10,8500,S6,0.3567,24061952216.70198,S4,0.5906
10,9000,S0,0.0,0.0,S4,0.5609
10,9000,S1,0.0,5249414541.006492,S4,0.5609
10,9000,S2,0.0056,8898055738.483877,S4,0.5609
10,9000,S3,0.0236,13906419076.867771,S4,0.5609
10,9000,S4,0.5609,30597744266.204018,S4,0.5609
10,9000,S5,0.0216,14861847583.2645,S4,0.5609
10,9000,S6,0.3883,27001135456.586536,S4,0.5609
10,9500,S0,0.0,0.0,S4,0.5321
10,9500,S1,0.0,5626358809.172906,S4,0.5321
10,9500,S2,0.0055,10032825733.320328,S4,0.5321
10,9500,S3,0.0227,15189235798.665232,S4,0.5321
10,9500,S4,0.5321,32490131637.25421,S4,0.5321
10,9500,S5,0.0197,15769174783.905306,S4,0.5321
10,9500,S6,0.42,29940318696.47109,S4,0.5321
10,10000,S0,0.0,0.0,S4,0.5089
10,10000,S1,0.0,6003303077.339318,S4,0.5089
10,10000,S2,0.0056,11167595728.156778,S4,0.5089
10,10000,S3,0.0225,16472052520.462694,S4,0.5089
10,10000,S4,0.5089,34382519008.304405,S4,0.5089
10,10000,S5,0.0172,16676501984.546106,S4,0.5089
10,10000,S6,0.4458,32879501936.35565,S4,0.5089
10,10500,S0,0.0,0.0,S4,0.4836
10,10500,S1,0.0,6380247345.505733,S4,0.4836
10,10500,S2,0.0055,12302365722.993225,S4,0.4836
10,10500,S3,0.0215,17754869242.260155,S4,0.4836
10,10500,S4,0.4836,36274906379.3546,S4,0.4836
10,10500,S5,0.0155,17583829185.18691,S4,0.4836
10,10500,S6,0.4739,35818685176.2402,S4,0.4836
10,11000,S0,0.0,0.0,S6,0.4981
10,11000,S1,0.0,6757191613.672146,S6,0.4981
10,11000,S2,0.0055,13437135717.829676,S6,0.4981
10,11000,S3,0.0212,19037685964.057617,S6,0.4981
10,11000,S4,0.4611,38167293750.4048,S6,0.4981
10,11000,S5,0.0141,18491156385.827713,S6,0.4981
10,11000,S6,0.4981,38757868416.124756,S6,0.4981
10,11500,S0,0.0,0.0,S6,0.5204
10,11500,S1,0.0,7134135881.838559,S6,0.5204
10,11500,S2,0.0054,14571905712.666124,S6,0.5204
10,11500,S3,0.0199,20320502685.85508,S6,0.5204
10,11500,S4,0.4417,40059681121.45499,S6,0.5204
10,11500,S5,0.0126,19398483586.468517,S6,0.5204
10,11500,S6,0.5204,41697051656.009315,S6,0.5204
10,12000,S0,0.0,0.0,S6,0.5417
10,12000,S1,0.0,7511080150.004973,S6,0.5417
10,12000,S2,0.0054,15706675707.502575,S6,0.5417
10,12000,S3,0.019,21603319407.65254,S6,0.5417
10,12000,S4,0.4224,41952068492.50519,S6,0.5417
10,12000,S5,0.0115,20305810787.109318,S6,0.5417
10,12000,S6,0.5417,44636234895.89386,S6,0.5417
10,12500,S0,0.0,0.0,S6,0.5596
10,12500,S1,0.0,7888024418.171388,S6,0.5596
10,12500,S2,0.0051,16841445702.339022,S6,0.5596
10,12500,S3,0.0187,22886136129.45,S6,0.5596
10,12500,S4,0.4057,43844455863.55538,S6,0.5596
10,12500,S5,0.0109,21213137987.75012,S6,0.5596
10,12500,S6,0.5596,47575418135.77843,S6,0.5596
10,13000,S0,0.0,0.0,S6,0.5778
10,13000,S1,0.0,8264968686.3378,S6,0.5778
10,13000,S2,0.005,17976215697.17547,S6,0.5778
10,13000,S3,0.0184,24168952851.247463,S6,0.5778
10,13000,S4,0.3893,45736843234.605576,S6,0.5778
10,13000,S5,0.0095,22120465188.39092,S6,0.5778
10,13000,S6,0.5778,50514601375.66297,S6,0.5778
10,13500,S0,0.0,0.0,S6,0.5938
10,13500,S1,0.0,8641912954.504213,S6,0.5938
10,13500,S2,0.0049,19110985692.011917,S6,0.5938
10,13500,S3,0.0173,25451769573.04492,S6,0.5938
10,13500,S4,0.3749,47629230605.65576,S6,0.5938
10,13500,S5,0.0091,23027792389.031727,S6,0.5938
10,13500,S6,0.5938,53453784615.54753,S6,0.5938
10,14000,S0,0.0,0.0,S6,0.6087
10,14000,S1,0.0,9018857222.670628,S6,0.6087
10,14000,S2,0.005,20245755686.848366,S6,0.6087
10,14000,S3,0.0162,26734586294.842384,S6,0.6087
10,14000,S4,0.3615,49521617976.70596,S6,0.6087
10,14000,S5,0.0086,23935119589.672523,S6,0.6087
10,14000,S6,0.6087,56392967855.43209,S6,0.6087
10,14500,S0,0.0,0.0,S6,0.6227
10,14500,S1,0.0,9395801490.83704,S6,0.6227
10,14500,S2,0.0051,21380525681.684814,S6,0.6227
10,14500,S3,0.0162,28017403016.639843,S6,0.6227
10,14500,S4,0.3481,51414005347.75616,S6,0.6227
10,14500,S5,0.0079,24842446790.31333,S6,0.6227
10,14500,S6,0.6227,59332151095.31663,S6,0.6227
10,15000,S0,0.0,0.0,S6,0.6369
10,15000,S1,0.0,9772745759.003454,S6,0.6369
10,15000,S2,0.0048,22515295676.521267,S6,0.6369
10,15000,S3,0.0159,29300219738.437313,S6,0.6369
10,15000,S4,0.3354,53306392718.80635,S6,0.6369
10,15000,S5,0.007,25749773990.954136,S6,0.6369
10,15000,S6,0.6369,62271334335.2012,S6,0.6369
10,15500,S0,0.0,0.0,S6,0.6497
10,15500,S1,0.0,10149690027.169868,S6,0.6497
10,15500,S2,0.0047,23650065671.357716,S6,0.6497
10,15500,S3,0.0151,30583036460.234764,S6,0.6497
10,15500,S4,0.3241,55198780089.85655,S6,0.6497
10,15500,S5,0.0064,26657101191.594936,S6,0.6497
10,15500,S6,0.6497,65210517575.08575,S6,0.6497
10,16000,S0,0.0,0.0,S6,0.659
10,16000,S1,0.0,10526634295.336283,S6,0.659
10,16000,S2,0.0047,24784835666.194164,S6,0.659
10,16000,S3,0.0147,31865853182.03223,S6,0.659
10,16000,S4,0.3157,57091167460.90674,S6,0.659
10,16000,S5,0.0059,27564428392.235737,S6,0.659
10,16000,S6,0.659,68149700814.9703,S6,0.659
10,16500,S0,0.0,0.0,S6,0.6692
10,16500,S1,0.0,10903578563.502695,S6,0.6692
10,16500,S2,0.0047,25919605661.030613,S6,0.6692
10,16500,S3,0.0142,33148669903.82969,S6,0.6692
10,16500,S4,0.306,58983554831.95694,S6,0.6692
10,16500,S5,0.0059,28471755592.876537,S6,0.6692
10,16500,S6,0.6692,71088884054.85486,S6,0.6692
10,17000,S0,0.0,0.0,S6,0.6792
10,17000,S1,0.0,11280522831.66911,S6,0.6792
10,17000,S2,0.0048,27054375655.86706,S6,0.6792
10,17000,S3,0.0142,34431486625.62715,S6,0.6792
10,17000,S4,0.2966,60875942203.007126,S6,0.6792
10,17000,S5,0.0052,29379082793.517345,S6,0.6792
10,17000,S6,0.6792,74028067294.73941,S6,0.6792
10,17500,S0,0.0,0.0,S6,0.6902
10,17500,S1,0.0,11657467099.835524,S6,0.6902
10,17500,S2,0.0048,28189145650.703506,S6,0.6902
10,17500,S3,0.0133,35714303347.424614,S6,0.6902
10,17500,S4,0.2866,62768329574.05733,S6,0.6902
10,17500,S5,0.0051,30286409994.15815,S6,0.6902
10,17500,S6,0.6902,76967250534.62395,S6,0.6902
10,18000,S0,0.0,0.0,S6,0.7
10,18000,S1,0.0,12034411368.001938,S6,0.7
10,18000,S2,0.0047,29323915645.539963,S6,0.7
10,18000,S3,0.0128,36997120069.22208,S6,0.7
10,18000,S4,0.2776,64660716945.10753,S6,0.7
10,18000,S5,0.0049,31193737194.79895,S6,0.7
10,18000,S6,0.7,79906433774.50853,S6,0.7
10,18500,S0,0.0,0.0,S6,0.7081
10,18500,S1,0.0,12411355636.16835,S6,0.7081
10,18500,S2,0.0045,30458685640.37641,S6,0.7081
10,18500,S3,0.0128,38279936791.01953,S6,0.7081
10,18500,S4,0.2699,66553104316.1577,S6,0.7081
10,18500,S5,0.0047,32101064395.43975,S6,0.7081
10,18500,S6,0.7081,82845617014.39308,S6,0.7081
10,19000,S0,0.0,0.0,S6,0.7157
10,19000,S1,0.0,12788299904.334764,S6,0.7157
10,19000,S2,0.0044,31593455635.212856,S6,0.7157
10,19000,S3,0.0125,39562753512.81699,S6,0.7157
10,19000,S4,0.2629,68445491687.2079,S6,0.7157
10,19000,S5,0.0045,33008391596.08055,S6,0.7157
10,19000,S6,0.7157,85784800254.27762,S6,0.7157
10,19500,S0,0.0,0.0,S6,0.7235
10,19500,S1,0.0,13165244172.501179,S6,0.7235
10,19500,S2,0.0045,32728225630.049305,S6,0.7235
10,19500,S3,0.0118,40845570234.614456,S6,0.7235
10,19500,S4,0.2559,70337879058.2581,S6,0.7235
10,19500,S5,0.0043,33915718796.721355,S6,0.7235
10,19500,S6,0.7235,88723983494.16219,S6,0.7235
10,20000,S0,0.0,0.0,S6,0.7296
10,20000,S1,0.0,13542188440.667593,S6,0.7296
10,20000,S2,0.0046,33862995624.885757,S6,0.7296
10,20000,S3,0.0119,42128386956.41192,S6,0.7296
10,20000,S4,0.2499,72230266429.3083,S6,0.7296
10,20000,S5,0.004,34823045997.36216,S6,0.7296
10,20000,S6,0.7296,91663166734.04674,S6,0.7296
10,20500,S0,0.0,0.0,S6,0.7357
10,20500,S1,0.0,13919132708.834005,S6,0.7357
10,20500,S2,0.0045,34997765619.7222,S6,0.7357
10,20500,S3,0.0116,43411203678.20937,S6,0.7357
10,20500,S4,0.2443,74122653800.35849,S6,0.7357
10,20500,S5,0.0039,35730373198.00296,S6,0.7357
10,20500,S6,0.7357,94602349973.9313,S6,0.7357
10,21000,S0,0.0,0.0,S6,0.7417
10,21000,S1,0.0,14296076977.00042,S6,0.7417
10,21000,S2,0.0045,36132535614.55865,S6,0.7417
10,21000,S3,0.0114,44694020400.006836,S6,0.7417
10,21000,S4,0.2388,76015041171.40869,S6,0.7417
10,21000,S5,0.0036,36637700398.64376,S6,0.7417
10,21000,S6,0.7417,97541533213.81586,S6,0.7417
10,21500,S0,0.0,0.0,S6,0.7478
10,21500,S1,0.0,14673021245.166832,S6,0.7478
10,21500,S2,0.0045,37267305609.3951,S6,0.7478
10,21500,S3,0.0113,45976837121.8043,S6,0.7478
10,21500,S4,0.2329,77907428542.45888,S6,0.7478
10,21500,S5,0.0035,37545027599.28457,S6,0.7478
10,21500,S6,0.7478,100480716453.7004,S6,0.7478
10,22000,S0,0.0,0.0,S6,0.7542
10,22000,S1,0.0,15049965513.333244,S6,0.7542
10,22000,S2,0.0044,38402075604.23155,S6,0.7542
10,22000,S3,0.0112,47259653843.60176,S6,0.7542
10,22000,S4,0.2267,79799815913.50908,S6,0.7542
10,22000,S5,0.0035,38452354799.92537,S6,0.7542
10,22000,S6,0.7542,103419899693.58495,S6,0.7542
10,22500,S0,0.0,0.0,S6,0.7596
10,22500,S1,0.0,15426909781.499662,S6,0.7596
10,22500,S2,0.0044,39536845599.068,S6,0.7596
10,22500,S3,0.0109,48542470565.39922,S6,0.7596
10,22500,S4,0.2216,81692203284.55927,S6,0.7596
10,22500,S5,0.0035,39359682000.56618,S6,0.7596
10,22500,S6,0.7596,106359082933.46951,S6,0.7596
10,23000,S0,0.0,0.0,S6,0.7641
10,23000,S1,0.0,15803854049.666075,S6,0.7641
10,23000,S2,0.0044,40671615593.90445,S6,0.7641
10,23000,S3,0.0108,49825287287.196686,S6,0.7641
10,23000,S4,0.2172,83584590655.60945,S6,0.7641
10,23000,S5,0.0035,40267009201.20698,S6,0.7641
10,23000,S6,0.7641,109298266173.35406,S6,0.7641
10,23500,S0,0.0,0.0,S6,0.7694
10,23500,S1,0.0,16180798317.832487,S6,0.7694
10,23500,S2,0.0044,41806385588.7409,S6,0.7694
10,23500,S3,0.0105,51108104008.99414,S6,0.7694
10,23500,S4,0.2123,85476978026.65965,S6,0.7694
10,23500,S5,0.0034,41174336401.84778,S6,0.7694
10,23500,S6,0.7694,112237449413.23863,S6,0.7694
10,24000,S0,0.0,0.0,S6,0.7742
10,24000,S1,0.0,16557742585.9989,S6,0.7742
10,24000,S2,0.0043,42941155583.57735,S6,0.7742
10,24000,S3,0.0102,52390920730.7916,S6,0.7742
10,24000,S4,0.2082,87369365397.70985,S6,0.7742
10,24000,S5,0.0031,42081663602.48858,S6,0.7742
10,24000,S6,0.7742,115176632653.1232,S6,0.7742
10,24500,S0,0.0,0.0,S6,0.7781
10,24500,S1,0.0,16934686854.165312,S6,0.7781
10,24500,S2,0.0043,44075925578.4138,S6,0.7781
10,24500,S3,0.0102,53673737452.589066,S6,0.7781
10,24500,S4,0.2043,89261752768.76006,S6,0.7781
10,24500,S5,0.0031,42988990803.12937,S6,0.7781
10,24500,S6,0.7781,118115815893.00772,S6,0.7781
10,25000,S0,0.0,0.0,S6,0.7823
10,25000,S1,0.0,17311631122.33173,S6,0.7823
10,25000,S2,0.0041,45210695573.250244,S6,0.7823
10,25000,S3,0.0101,54956554174.386536,S6,0.7823
10,25000,S4,0.2005,91154140139.81026,S6,0.7823
10,25000,S5,0.003,43896318003.77019,S6,0.7823
10,25000,S6,0.7823,121054999132.8923,S6,0.7823
10,25500,S0,0.0,0.0,S6,0.7869
10,25500,S1,0.0,17688575390.498142,S6,0.7869
10,25500,S2,0.0039,46345465568.086685,S6,0.7869
10,25500,S3,0.0101,56239370896.18399,S6,0.7869
10,25500,S4,0.1965,93046527510.86043,S6,0.7869
10,25500,S5,0.0026,44803645204.41099,S6,0.7869
10,25500,S6,0.7869,123994182372.77686,S6,0.7869
10,26000,S0,0.0,0.0,S6,0.7909
10,26000,S1,0.0,18065519658.664555,S6,0.7909
10,26000,S2,0.004,47480235562.92314,S6,0.7909
10,26000,S3,0.0097,57522187617.98145,S6,0.7909
10,26000,S4,0.1929,94938914881.91063,S6,0.7909
10,26000,S5,0.0025,45710972405.051796,S6,0.7909
10,26000,S6,0.7909,126933365612.6614,S6,0.7909
10,26500,S0,0.0,0.0,S6,0.7945
10,26500,S1,0.0,18442463926.830967,S6,0.7945
10,26500,S2,0.0039,48615005557.75959,S6,0.7945
10,26500,S3,0.0096,58805004339.778915,S6,0.7945
10,26500,S4,0.1896,96831302252.96083,S6,0.7945
10,26500,S5,0.0024,46618299605.6926,S6,0.7945
10,26500,S6,0.7945,129872548852.54594,S6,0.7945
10,27000,S0,0.0,0.0,S6,0.7976
10,27000,S1,0.0,18819408194.997383,S6,0.7976
10,27000,S2,0.0038,49749775552.59604,S6,0.7976
10,27000,S3,0.0095,60087821061.57638,S6,0.7976
10,27000,S4,0.1868,98723689624.01102,S6,0.7976
10,27000,S5,0.0023,47525626806.3334,S6,0.7976
10,27000,S6,0.7976,132811732092.4305,S6,0.7976
10,27500,S0,0.0,0.0,S6,0.8008
10,27500,S1,0.0,19196352463.1638,S6,0.8008
10,27500,S2,0.0038,50884545547.43249,S6,0.8008
10,27500,S3,0.0095,61370637783.373825,S6,0.8008
10,27500,S4,0.1836,100616076995.06122,S6,0.8008
10,27500,S5,0.0023,48432954006.9742,S6,0.8008
10,27500,S6,0.8008,135750915332.31505,S6,0.8008
10,28000,S0,0.0,0.0,S6,0.8043
10,28000,S1,0.0,19573296731.33021,S6,0.8043
10,28000,S2,0.0038,52019315542.268936,S6,0.8043
10,28000,S3,0.009,62653454505.1713,S6,0.8043
10,28000,S4,0.1806,102508464366.1114,S6,0.8043
10,28000,S5,0.0023,49340281207.615,S6,0.8043
10,28000,S6,0.8043,138690098572.1996,S6,0.8043
10,28500,S0,0.0,0.0,S6,0.8074
10,28500,S1,0.0,19950240999.496624,S6,0.8074
10,28500,S2,0.0039,53154085537.105385,S6,0.8074
10,28500,S3,0.0089,63936271226.968765,S6,0.8074
10,28500,S4,0.1775,104400851737.1616,S6,0.8074
10,28500,S5,0.0023,50247608408.255806,S6,0.8074
10,28500,S6,0.8074,141629281812.08414,S6,0.8074
10,29000,S0,0.0,0.0,S6,0.8098
10,29000,S1,0.0,20327185267.663036,S6,0.8098
10,29000,S2,0.0037,54288855531.94184,S6,0.8098
10,29000,S3,0.0088,65219087948.76621,S6,0.8098
10,29000,S4,0.1754,106293239108.21179,S6,0.8098
10,29000,S5,0.0023,51154935608.89661,S6,0.8098
10,29000,S6,0.8098,144568465051.96872,S6,0.8098
10,29500,S0,0.0,0.0,S6,0.8133
10,29500,S1,0.0,20704129535.82945,S6,0.8133
10,29500,S2,0.0036,55423625526.77829,S6,0.8133
10,29500,S3,0.0088,66501904670.563675,S6,0.8133
10,29500,S4,0.1721,108185626479.262,S6,0.8133
10,29500,S5,0.0022,52062262809.537415,S6,0.8133
10,29500,S6,0.8133,147507648291.8533,S6,0.8133
10,30000,S0,0.0,0.0,S6,0.8162
10,30000,S1,0.0,21081073803.99586,S6,0.8162
10,30000,S2,0.0035,56558395521.61472,S6,0.8162
10,30000,S3,0.0087,67784721392.36115,S6,0.8162
10,30000,S4,0.1696,110078013850.3122,S6,0.8162
10,30000,S5,0.002,52969590010.178215,S6,0.8162
10,30000,S6,0.8162,150446831531.73785,S6,0.8162
10,30500,S0,0.0,0.0,S6,0.8183
10,30500,S1,0.0,21458018072.162277,S6,0.8183
10,30500,S2,0.0034,57693165516.45117,S6,0.8183
10,30500,S3,0.0087,69067538114.1586,S6,0.8183
10,30500,S4,0.1676,111970401221.36238,S6,0.8183
10,30500,S5,0.002,53876917210.819016,S6,0.8183
10,30500,S6,0.8183,153386014771.6224,S6,0.8183
10,31000,S0,0.0,0.0,S6,0.8206
10,31000,S1,0.0,21834962340.32869,S6,0.8206
10,31000,S2,0.0033,58827935511.28763,S6,0.8206
10,31000,S3,0.0087,70350354835.95607,S6,0.8206
10,31000,S4,0.1654,113862788592.41255,S6,0.8206
10,31000,S5,0.002,54784244411.459816,S6,0.8206
10,31000,S6,0.8206,156325198011.50696,S6,0.8206
10,31500,S0,0.0,0.0,S6,0.8226
10,31500,S1,0.0,22211906608.495106,S6,0.8226
10,31500,S2,0.0033,59962705506.124084,S6,0.8226
10,31500,S3,0.0087,71633171557.75352,S6,0.8226
10,31500,S4,0.1637,115755175963.46275,S6,0.8226
10,31500,S5,0.0017,55691571612.100624,S6,0.8226
10,31500,S6,0.8226,159264381251.3915,S6,0.8226
10,32000,S0,0.0,0.0,S6,0.8251
10,32000,S1,0.0,22588850876.66152,S6,0.8251
10,32000,S2,0.0033,61097475500.960526,S6,0.8251
10,32000,S3,0.0085,72915988279.55098,S6,0.8251
10,32000,S4,0.1614,117647563334.51295,S6,0.8251
10,32000,S5,0.0017,56598898812.741425,S6,0.8251
10,32000,S6,0.8251,162203564491.27606,S6,0.8251
10,32500,S0,0.0,0.0,S6,0.8267
10,32500,S1,0.0,22965795144.827934,S6,0.8267
10,32500,S2,0.0033,62232245495.796974,S6,0.8267
10,32500,S3,0.0085,74198805001.34845,S6,0.8267
10,32500,S4,0.1598,119539950705.56316,S6,0.8267
10,32500,S5,0.0017,57506226013.382225,S6,0.8267
10,32500,S6,0.8267,165142747731.1606,S6,0.8267
10,33000,S0,0.0,0.0,S6,0.8288
10,33000,S1,0.0,23342739412.994343,S6,0.8288
10,33000,S2,0.0032,63367015490.63342,S6,0.8288
10,33000,S3,0.0084,75481621723.1459,S6,0.8288
10,33000,S4,0.1579,121432338076.61336,S6,0.8288
10,33000,S5,0.0017,58413553214.023026,S6,0.8288
10,33000,S6,0.8288,168081930971.04514,S6,0.8288
10,33500,S0,0.0,0.0,S6,0.8308
10,33500,S1,0.0,23719683681.160763,S6,0.8308
10,33500,S2,0.0032,64501785485.46987,S6,0.8308
10,33500,S3,0.0082,76764438444.94337,S6,0.8308
10,33500,S4,0.1561,123324725447.66354,S6,0.8308
10,33500,S5,0.0017,59320880414.663826,S6,0.8308
10,33500,S6,0.8308,171021114210.92972,S6,0.8308
10,34000,S0,0.0,0.0,S6,0.8323
10,34000,S1,0.0,24096627949.327175,S6,0.8323
10,34000,S2,0.0032,65636555480.30633,S6,0.8323
10,34000,S3,0.0082,78047255166.74084,S6,0.8323
10,34000,S4,0.1546,125217112818.71373,S6,0.8323
10,34000,S5,0.0017,60228207615.304634,S6,0.8323
10,34000,S6,0.8323,173960297450.81427,S6,0.8323
10,34500,S0,0.0,0.0,S6,0.8335
10,34500,S1,0.0,24473572217.493587,S6,0.8335
10,34500,S2,0.0032,66771325475.14278,S6,0.8335
10,34500,S3,0.0081,79330071888.53828,S6,0.8335
10,34500,S4,0.1535,127109500189.76395,S6,0.8335
10,34500,S5,0.0017,61135534815.945435,S6,0.8335
10,34500,S6,0.8335,176899480690.69882,S6,0.8335
10,35000,S0,0.0,0.0,S6,0.8355
10,35000,S1,0.0,24850516485.66,S6,0.8355
10,35000,S2,0.0032,67906095469.979225,S6,0.8355
10,35000,S3,0.0081,80612888610.33575,S6,0.8355
10,35000,S4,0.1516,129001887560.81412,S6,0.8355
10,35000,S5,0.0016,62042862016.58625,S6,0.8355
10,35000,S6,0.8355,179838663930.5834,S6,0.8355
10,35500,S0,0.0,0.0,S6,0.8367
10,35500,S1,0.0,25227460753.826416,S6,0.8367
10,35500,S2,0.0032,69040865464.81567,S6,0.8367
10,35500,S3,0.0081,81895705332.13322,S6,0.8367
10,35500,S4,0.1505,130894274931.8643,S6,0.8367
10,35500,S5,0.0015,62950189217.22705,S6,0.8367
10,35500,S6,0.8367,182777847170.46796,S6,0.8367
10,36000,S0,0.0,0.0,S6,0.8377
10,36000,S1,0.0,25604405021.992832,S6,0.8377
10,36000,S2,0.0032,70175635459.65213,S6,0.8377
10,36000,S3,0.008,83178522053.93068,S6,0.8377
10,36000,S4,0.1496,132786662302.9145,S6,0.8377
10,36000,S5,0.0015,63857516417.86785,S6,0.8377
10,36000,S6,0.8377,185717030410.3525,S6,0.8377
10,36500,S0,0.0,0.0,S6,0.8383
10,36500,S1,0.0,25981349290.159245,S6,0.8383
10,36500,S2,0.0032,71310405454.48857,S6,0.8383
10,36500,S3,0.008,84461338775.72813,S6,0.8383
10,36500,S4,0.149,134679049673.9647,S6,0.8383
10,36500,S5,0.0015,64764843618.50865,S6,0.8383
10,36500,S6,0.8383,188656213650.23706,S6,0.8383
10,37000,S0,0.0,0.0,S6,0.8393
10,37000,S1,0.0,26358293558.325657,S6,0.8393
10,37000,S2,0.0032,72445175449.32503,S6,0.8393
10,37000,S3,0.008,85744155497.5256,S6,0.8393
10,37000,S4,0.148,136571437045.0149,S6,0.8393
10,37000,S5,0.0015,65672170819.14945,S6,0.8393
10,37000,S6,0.8393,191595396890.1216,S6,0.8393
10,37500,S0,0.0,0.0,S6,0.8408
10,37500,S1,0.0,26735237826.49207,S6,0.8408
10,37500,S2,0.0031,73579945444.16147,S6,0.8408
10,37500,S3,0.0079,87026972219.32304,S6,0.8408
10,37500,S4,0.1468,138463824416.0651,S6,0.8408
10,37500,S5,0.0014,66579498019.79025,S6,0.8408
10,37500,S6,0.8408,194534580130.00616,S6,0.8408
10,38000,S0,0.0,0.0,S6,0.8427
10,38000,S1,0.0,27112182094.65848,S6,0.8427
10,38000,S2,0.0031,74714715438.99791,S6,0.8427
10,38000,S3,0.0079,88309788941.12053,S6,0.8427
10,38000,S4,0.1449,140356211787.1153,S6,0.8427
10,38000,S5,0.0014,67486825220.43105,S6,0.8427
10,38000,S6,0.8427,197473763369.8907,S6,0.8427
10,38500,S0,0.0,0.0,S6,0.8446
10,38500,S1,0.0,27489126362.824898,S6,0.8446
10,38500,S2,0.0031,75849485433.83435,S6,0.8446
10,38500,S3,0.0078,89592605662.91797,S6,0.8446
10,38500,S4,0.1431,142248599158.1655,S6,0.8446
10,38500,S5,0.0014,68394152421.07186,S6,0.8446
10,38500,S6,0.8446,200412946609.77524,S6,0.8446
10,39000,S0,0.0,0.0,S6,0.8463
10,39000,S1,0.0,27866070630.99131,S6,0.8463
10,39000,S2,0.0031,76984255428.67082,S6,0.8463
10,39000,S3,0.0078,90875422384.71545,S6,0.8463
10,39000,S4,0.1414,144140986529.2157,S6,0.8463
10,39000,S5,0.0014,69301479621.71266,S6,0.8463
10,39000,S6,0.8463,203352129849.6598,S6,0.8463
10,39500,S0,0.0,0.0,S6,0.8479
10,39500,S1,0.0,28243014899.157726,S6,0.8479
10,39500,S2,0.0031,78119025423.50728,S6,0.8479
10,39500,S3,0.0078,92158239106.51291,S6,0.8479
10,39500,S4,0.14,146033373900.26584,S6,0.8479
10,39500,S5,0.0012,70208806822.35347,S6,0.8479
10,39500,S6,0.8479,206291313089.54434,S6,0.8479
10,40000,S0,0.0,0.0,S6,0.849
10,40000,S1,0.0,28619959167.32414,S6,0.849
10,40000,S2,0.003,79253795418.34372,S6,0.849
10,40000,S3,0.0077,93441055828.31036,S6,0.849
10,40000,S4,0.1391,147925761271.31607,S6,0.849
10,40000,S5,0.0012,71116134022.99426,S6,0.849
10,40000,S6,0.849,209230496329.42892,S6,0.849
10,40500,S0,0.0,0.0,S6,0.8504
10,40500,S1,0.0,28996903435.49055,S6,0.8504
10,40500,S2,0.003,80388565413.18016,S6,0.8504
10,40500,S3,0.0077,94723872550.10782,S6,0.8504
10,40500,S4,0.1378,149818148642.36624,S6,0.8504
10,40500,S5,0.0011,72023461223.63507,S6,0.8504
10,40500,S6,0.8504,212169679569.3135,S6,0.8504
10,41000,S0,0.0,0.0,S6,0.8512
10,41000,S1,0.0,29373847703.656963,S6,0.8512
10,41000,S2,0.003,81523335408.0166,S6,0.8512
10,41000,S3,0.0077,96006689271.90527,S6,0.8512
10,41000,S4,0.1372,151710536013.41644,S6,0.8512
10,41000,S5,0.0009,72930788424.27588,S6,0.8512
10,41000,S6,0.8512,215108862809.19806,S6,0.8512
10,41500,S0,0.0,0.0,S6,0.8519
10,41500,S1,0.0,29750791971.823376,S6,0.8519
10,41500,S2,0.0029,82658105402.85306,S6,0.8519
10,41500,S3,0.0077,97289505993.70274,S6,0.8519
10,41500,S4,0.1366,153602923384.46664,S6,0.8519
10,41500,S5,0.0009,73838115624.91667,S6,0.8519
10,41500,S6,0.8519,218048046049.0826,S6,0.8519
10,42000,S0,0.0,0.0,S6,0.8536
10,42000,S1,0.0,30127736239.98979,S6,0.8536
10,42000,S2,0.0028,83792875397.68951,S6,0.8536
10,42000,S3,0.0075,98572322715.50021,S6,0.8536
10,42000,S4,0.1352,155495310755.51685,S6,0.8536
10,42000,S5,0.0009,74745442825.55748,S6,0.8536
10,42000,S6,0.8536,220987229288.96716,S6,0.8536
10,42500,S0,0.0,0.0,S6,0.855
10,42500,S1,0.0,30504680508.156208,S6,0.855
10,42500,S2,0.0027,84927645392.52596,S6,0.855
10,42500,S3,0.0075,99855139437.29767,S6,0.855
10,42500,S4,0.1339,157387698126.56705,S6,0.855
10,42500,S5,0.0009,75652770026.19827,S6,0.855
10,42500,S6,0.855,223926412528.8517,S6,0.855
10,43000,S0,0.0,0.0,S6,0.8565
10,43000,S1,0.0,30881624776.322613,S6,0.8565
10,43000,S2,0.0027,86062415387.3624,S6,0.8565
10,43000,S3,0.0075,101137956159.09512,S6,0.8565
10,43000,S4,0.1324,159280085497.61722,S6,0.8565
10,43000,S5,0.0009,76560097226.83908,S6,0.8565
10,43000,S6,0.8565,226865595768.7363,S6,0.8565
10,43500,S0,0.0,0.0,S6,0.8577
10,43500,S1,0.0,31258569044.489033,S6,0.8577
10,43500,S2,0.0027,87197185382.19885,S6,0.8577
10,43500,S3,0.0075,102420772880.8926,S6,0.8577
10,43500,S4,0.1312,161172472868.66742,S6,0.8577
10,43500,S5,0.0009,77467424427.47989,S6,0.8577
10,43500,S6,0.8577,229804779008.6208,S6,0.8577
10,44000,S0,0.0,0.0,S6,0.8582
10,44000,S1,0.0,31635513312.65545,S6,0.8582
10,44000,S2,0.0027,88331955377.0353,S6,0.8582
10,44000,S3,0.0074,103703589602.69005,S6,0.8582
10,44000,S4,0.1308,163064860239.71762,S6,0.8582
10,44000,S5,0.0009,78374751628.12068,S6,0.8582
10,44000,S6,0.8582,232743962248.50534,S6,0.8582
10,44500,S0,0.0,0.0,S6,0.8597
10,44500,S1,0.0,32012457580.82186,S6,0.8597
10,44500,S2,0.0025,89466725371.87175,S6,0.8597
10,44500,S3,0.0075,104986406324.48752,S6,0.8597
10,44500,S4,0.1294,164957247610.7678,S6,0.8597
10,44500,S5,0.0009,79282078828.76149,S6,0.8597
10,44500,S6,0.8597,235683145488.3899,S6,0.8597
10,45000,S0,0.0,0.0,S6,0.8608
10,45000,S1,0.0,32389401848.988274,S6,0.8608
10,45000,S2,0.0025,90601495366.7082,S6,0.8608
10,45000,S3,0.0075,106269223046.28497,S6,0.8608
10,45000,S4,0.1283,166849634981.81802,S6,0.8608
10,45000,S5,0.0009,80189406029.40228,S6,0.8608
10,45000,S6,0.8608,238622328728.2745,S6,0.8608
10,45500,S0,0.0,0.0,S6,0.8615
10,45500,S1,0.0,32766346117.154686,S6,0.8615
10,45500,S2,0.0025,91736265361.54465,S6,0.8615
10,45500,S3,0.0075,107552039768.08244,S6,0.8615
10,45500,S4,0.1276,168742022352.8682,S6,0.8615
10,45500,S5,0.0009,81096733230.0431,S6,0.8615
10,45500,S6,0.8615,241561511968.15906,S6,0.8615
10,46000,S0,0.0,0.0,S6,0.8623
10,46000,S1,0.0,33143290385.3211,S6,0.8623
10,46000,S2,0.0025,92871035356.3811,S6,0.8623
10,46000,S3,0.0075,108834856489.8799,S6,0.8623
10,46000,S4,0.1268,170634409723.9184,S6,0.8623
10,46000,S5,0.0009,82004060430.6839,S6,0.8623
10,46000,S6,0.8623,244500695208.0436,S6,0.8623
10,46500,S0,0.0,0.0,S6,0.8633
10,46500,S1,0.0,33520234653.48751,S6,0.8633
10,46500,S2,0.0024,94005805351.21754,S6,0.8633
10,46500,S3,0.0074,110117673211.67735,S6,0.8633
10,46500,S4,0.126,172526797094.9686,S6,0.8633
10,46500,S5,0.0009,82911387631.3247,S6,0.8633
10,46500,S6,0.8633,247439878447.92816,S6,0.8633
10,47000,S0,0.0,0.0,S6,0.8648
10,47000,S1,0.0,33897178921.653927,S6,0.8648
10,47000,S2,0.0024,95140575346.054,S6,0.8648
10,47000,S3,0.0074,111400489933.47482,S6,0.8648
10,47000,S4,0.1245,174419184466.0188,S6,0.8648
10,47000,S5,0.0009,83818714831.9655,S6,0.8648
10,47000,S6,0.8648,250379061687.8127,S6,0.8648
10,47500,S0,0.0,0.0,S6,0.8654
10,47500,S1,0.0,34274123189.82034,S6,0.8654
10,47500,S2,0.0024,96275345340.89044,S6,0.8654
10,47500,S3,0.0074,112683306655.2723,S6,0.8654
10,47500,S4,0.1239,176311571837.069,S6,0.8654
10,47500,S5,0.0009,84726042032.6063,S6,0.8654
10,47500,S6,0.8654,253318244927.6972,S6,0.8654
10,48000,S0,0.0,0.0,S6,0.8662
10,48000,S1,0.0,34651067457.986755,S6,0.8662
10,48000,S2,0.0023,97410115335.72688,S6,0.8662
10,48000,S3,0.0073,113966123377.06975,S6,0.8662
10,48000,S4,0.1233,178203959208.11917,S6,0.8662
10,48000,S5,0.0009,85633369233.2471,S6,0.8662
10,48000,S6,0.8662,256257428167.5818,S6,0.8662
10,48500,S0,0.0,0.0,S6,0.8668
10,48500,S1,0.0,35028011726.153175,S6,0.8668
10,48500,S2,0.0023,98544885330.56334,S6,0.8668
10,48500,S3,0.0072,115248940098.8672,S6,0.8668
10,48500,S4,0.1228,180096346579.16937,S6,0.8668
10,48500,S5,0.0009,86540696433.88791,S6,0.8668
10,48500,S6,0.8668,259196611407.46634,S6,0.8668
10,49000,S0,0.0,0.0,S6,0.8673
10,49000,S1,0.0,35404955994.31958,S6,0.8673
10,49000,S2,0.0023,99679655325.39978,S6,0.8673
10,49000,S3,0.0072,116531756820.66466,S6,0.8673
10,49000,S4,0.1223,181988733950.21957,S6,0.8673
10,49000,S5,0.0009,87448023634.52872,S6,0.8673
10,49000,S6,0.8673,262135794647.3509,S6,0.8673
10,49500,S0,0.0,0.0,S6,0.8682
10,49500,S1,0.0,35781900262.486,S6,0.8682
10,49500,S2,0.0023,100814425320.23624,S6,0.8682
10,49500,S3,0.0071,117814573542.46213,S6,0.8682
10,49500,S4,0.1215,183881121321.26974,S6,0.8682
10,49500,S5,0.0009,88355350835.16951,S6,0.8682
10,49500,S6,0.8682,265074977887.23544,S6,0.8682
10,50000,S0,0.0,0.0,S6,0.8698
10,50000,S1,0.0,36158844530.65241,S6,0.8698
10,50000,S2,0.0023,101949195315.0727,S6,0.8698
10,50000,S3,0.0069,119097390264.2596,S6,0.8698
10,50000,S4,0.1201,185773508692.31995,S6,0.8698
10,50000,S5,0.0009,89262678035.81032,S6,0.8698
10,50000,S6,0.8698,268014161127.12,S6,0.8698
10,50500,S0,0.0,0.0,S6,0.8705
10,50500,S1,0.0,36535788798.818825,S6,0.8705
10,50500,S2,0.0023,103083965309.90912,S6,0.8705
10,50500,S3,0.0068,120380206986.05705,S6,0.8705
10,50500,S4,0.1195,187665896063.37015,S6,0.8705
10,50500,S5,0.0009,90170005236.45113,S6,0.8705
10,50500,S6,0.8705,270953344367.0046,S6,0.8705
10,51000,S0,0.0,0.0,S6,0.8713
10,51000,S1,0.0,36912733066.98524,S6,0.8713
10,51000,S2,0.0023,104218735304.74559,S6,0.8713
10,51000,S3,0.0068,121663023707.8545,S6,0.8713
10,51000,S4,0.1187,189558283434.42035,S6,0.8713
10,51000,S5,0.0009,91077332437.09192,S6,0.8713
10,51000,S6,0.8713,273892527606.88916,S6,0.8713
10,51500,S0,0.0,0.0,S6,0.8718
10,51500,S1,0.0,37289677335.15165,S6,0.8718
10,51500,S2,0.0023,105353505299.58203,S6,0.8718
10,51500,S3,0.0068,122945840429.65198,S6,0.8718
10,51500,S4,0.1182,191450670805.47055,S6,0.8718
10,51500,S5,0.0009,91984659637.73273,S6,0.8718
10,51500,S6,0.8718,276831710846.7737,S6,0.8718
10,52000,S0,0.0,0.0,S6,0.8724
10,52000,S1,0.0,37666621603.31806,S6,0.8724
10,52000,S2,0.0023,106488275294.41849,S6,0.8724
10,52000,S3,0.0068,124228657151.44945,S6,0.8724
10,52000,S4,0.1176,193343058176.52072,S6,0.8724
10,52000,S5,0.0009,92891986838.37352,S6,0.8724
10,52000,S6,0.8724,279770894086.65826,S6,0.8724
10,52500,S0,0.0,0.0,S6,0.8728
10,52500,S1,0.0,38043565871.484474,S6,0.8728
10,52500,S2,0.0023,107623045289.25493,S6,0.8728
10,52500,S3,0.0068,125511473873.2469,S6,0.8728
10,52500,S4,0.1172,195235445547.57095,S6,0.8728
10,52500,S5,0.0009,93799314039.01433,S6,0.8728
10,52500,S6,0.8728,282710077326.5428,S6,0.8728
10,53000,S0,0.0,0.0,S6,0.8732
10,53000,S1,0.0,38420510139.650894,S6,0.8732
10,53000,S2,0.0023,108757815284.09138,S6,0.8732
10,53000,S3,0.0068,126794290595.04436,S6,0.8732
10,53000,S4,0.1168,197127832918.62112,S6,0.8732
10,53000,S5,0.0009,94706641239.65514,S6,0.8732
10,53000,S6,0.8732,285649260566.42737,S6,0.8732
10,53500,S0,0.0,0.0,S6,0.8738
10,53500,S1,0.0,38797454407.817314,S6,0.8738
10,53500,S2,0.0023,109892585278.92784,S6,0.8738
10,53500,S3,0.0067,128077107316.8418,S6,0.8738
10,53500,S4,0.1163,199020220289.6713,S6,0.8738
10,53500,S5,0.0009,95613968440.29594,S6,0.8738
10,53500,S6,0.8738,288588443806.3119,S6,0.8738
10,54000,S0,0.0,0.0,S6,0.8743
10,54000,S1,0.0,39174398675.98372,S6,0.8743
10,54000,S2,0.0023,111027355273.76428,S6,0.8743
10,54000,S3,0.0067,129359924038.63928,S6,0.8743
10,54000,S4,0.1158,200912607660.7215,S6,0.8743
10,54000,S5,0.0009,96521295640.93674,S6,0.8743
10,54000,S6,0.8743,291527627046.1965,S6,0.8743
10,54500,S0,0.0,0.0,S6,0.875
10,54500,S1,0.0,39551342944.15013,S6,0.875
10,54500,S2,0.0023,112162125268.60072,S6,0.875
10,54500,S3,0.0066,130642740760.43675,S6,0.875
10,54500,S4,0.1152,202804995031.7717,S6,0.875
10,54500,S5,0.0009,97428622841.57755,S6,0.875
10,54500,S6,0.875,294466810286.081,S6,0.875
10,55000,S0,0.0,0.0,S6,0.8755
10,55000,S1,0.0,39928287212.31654,S6,0.8755
10,55000,S2,0.0022,113296895263.43718,S6,0.8755
10,55000,S3,0.0066,131925557482.2342,S6,0.8755
10,55000,S4,0.1148,204697382402.8219,S6,0.8755
10,55000,S5,0.0009,98335950042.21835,S6,0.8755
10,55000,S6,0.8755,297405993525.9656,S6,0.8755
10,55500,S0,0.0,0.0,S6,0.8763
10,55500,S1,0.0,40305231480.48296,S6,0.8763
10,55500,S2,0.0022,114431665258.27362,S6,0.8763
10,55500,S3,0.0065,133208374204.03165,S6,0.8763
10,55500,S4,0.1141,206589769773.8721,S6,0.8763
10,55500,S5,0.0009,99243277242.85915,S6,0.8763
10,55500,S6,0.8763,300345176765.8501,S6,0.8763
10,56000,S0,0.0,0.0,S6,0.8772
10,56000,S1,0.0,40682175748.649376,S6,0.8772
10,56000,S2,0.0022,115566435253.11008,S6,0.8772
10,56000,S3,0.0065,134491190925.8291,S6,0.8772
10,56000,S4,0.1132,208482157144.9223,S6,0.8772
10,56000,S5,0.0009,100150604443.49995,S6,0.8772
10,56000,S6,0.8772,303284360005.7347,S6,0.8772
10,56500,S0,0.0,0.0,S6,0.8783
10,56500,S1,0.0,41059120016.81579,S6,0.8783
10,56500,S2,0.0022,116701205247.94655,S6,0.8783
10,56500,S3,0.0065,135774007647.62657,S6,0.8783
10,56500,S4,0.1121,210374544515.97247,S6,0.8783
10,56500,S5,0.0009,101057931644.14075,S6,0.8783
10,56500,S6,0.8783,306223543245.6192,S6,0.8783
10,57000,S0,0.0,0.0,S6,0.8789
10,57000,S1,0.0,41436064284.9822,S6,0.8789
10,57000,S2,0.0022,117835975242.78297,S6,0.8789
10,57000,S3,0.0063,137056824369.42406,S6,0.8789
10,57000,S4,0.1117,212266931887.02267,S6,0.8789
10,57000,S5,0.0009,101965258844.78156,S6,0.8789
10,57000,S6,0.8789,309162726485.5038,S6,0.8789
10,57500,S0,0.0,0.0,S6,0.8793
10,57500,S1,0.0,41813008553.14861,S6,0.8793
10,57500,S2,0.0022,118970745237.61943,S6,0.8793
10,57500,S3,0.0063,138339641091.2215,S6,0.8793
10,57500,S4,0.1113,214159319258.07285,S6,0.8793
10,57500,S5,0.0009,102872586045.42235,S6,0.8793
10,57500,S6,0.8793,312101909725.3884,S6,0.8793
10,58000,S0,0.0,0.0,S6,0.8798
10,58000,S1,0.0,42189952821.315025,S6,0.8798
10,58000,S2,0.0022,120105515232.45586,S6,0.8798
10,58000,S3,0.0063,139622457813.01898,S6,0.8798
10,58000,S4,0.1108,216051706629.12308,S6,0.8798
10,58000,S5,0.0009,103779913246.06317,S6,0.8798
10,58000,S6,0.8798,315041092965.2729,S6,0.8798
10,58500,S0,0.0,0.0,S6,0.88
10,58500,S1,0.0,42566897089.481445,S6,0.88
10,58500,S2,0.0022,121240285227.29233,S6,0.88
10,58500,S3,0.0062,140905274534.81644,S6,0.88
10,58500,S4,0.1108,217944094000.17325,S6,0.88
10,58500,S5,0.0008,104687240446.70396,S6,0.88
10,58500,S6,0.88,317980276205.1575,S6,0.88
10,59000,S0,0.0,0.0,S6,0.8807
10,59000,S1,0.0,42943841357.64786,S6,0.8807
10,59000,S2,0.0022,122375055222.12875,S6,0.8807
10,59000,S3,0.0062,142188091256.6139,S6,0.8807
10,59000,S4,0.1101,219836481371.22345,S6,0.8807
10,59000,S5,0.0008,105594567647.34476,S6,0.8807
10,59000,S6,0.8807,320919459445.042,S6,0.8807
10,59500,S0,0.0,0.0,S6,0.8813
10,59500,S1,0.0,43320785625.81427,S6,0.8813
10,59500,S2,0.0022,123509825216.9652,S6,0.8813
10,59500,S3,0.0062,143470907978.41135,S6,0.8813
10,59500,S4,0.1095,221728868742.27365,S6,0.8813
10,59500,S5,0.0008,106501894847.98558,S6,0.8813
10,59500,S6,0.8813,323858642684.9266,S6,0.8813
10,60000,S0,0.0,0.0,S6,0.8818
10,60000,S1,0.0,43697729893.98068,S6,0.8818
10,60000,S2,0.0022,124644595211.80165,S6,0.8818
10,60000,S3,0.0062,144753724700.20883,S6,0.8818
10,60000,S4,0.109,223621256113.32385,S6,0.8818
10,60000,S5,0.0008,107409222048.62637,S6,0.8818
10,60000,S6,0.8818,326797825924.8111,S6,0.8818
10,60500,S0,0.0,0.0,S6,0.8827
10,60500,S1,0.0,44074674162.1471,S6,0.8827
10,60500,S2,0.0022,125779365206.63812,S6,0.8827
10,60500,S3,0.0061,146036541422.0063,S6,0.8827
10,60500,S4,0.1082,225513643484.374,S6,0.8827
10,60500,S5,0.0008,108316549249.26718,S6,0.8827
10,60500,S6,0.8827,329737009164.6957,S6,0.8827
10,61000,S0,0.0,0.0,S6,0.8832
10,61000,S1,0.0,44451618430.313515,S6,0.8832
10,61000,S2,0.0022,126914135201.47455,S6,0.8832
10,61000,S3,0.0061,147319358143.80374,S6,0.8832
10,61000,S4,0.1077,227406030855.4242,S6,0.8832
10,61000,S5,0.0008,109223876449.90797,S6,0.8832
10,61000,S6,0.8832,332676192404.5802,S6,0.8832
10,61500,S0,0.0,0.0,S6,0.8839
10,61500,S1,0.0,44828562698.47993,S6,0.8839
10,61500,S2,0.0021,128048905196.31102,S6,0.8839
10,61500,S3,0.006,148602174865.60117,S6,0.8839
10,61500,S4,0.1072,229298418226.4744,S6,0.8839
10,61500,S5,0.0008,110131203650.54878,S6,0.8839
10,61500,S6,0.8839,335615375644.4648,S6,0.8839
10,62000,S0,0.0,0.0,S6,0.8846
10,62000,S1,0.0,45205506966.64634,S6,0.8846
10,62000,S2,0.002,129183675191.14745,S6,0.8846
10,62000,S3,0.006,149884991587.39865,S6,0.8846
10,62000,S4,0.1066,231190805597.5246,S6,0.8846
10,62000,S5,0.0008,111038530851.18958,S6,0.8846
10,62000,S6,0.8846,338554558884.3493,S6,0.8846
10,62500,S0,0.0,0.0,S6,0.8851
10,62500,S1,0.0,45582451234.81275,S6,0.8851
10,62500,S2,0.002,130318445185.9839,S6,0.8851
10,62500,S3,0.006,151167808309.19614,S6,0.8851
10,62500,S4,0.1061,233083192968.57486,S6,0.8851
10,62500,S5,0.0008,111945858051.83037,S6,0.8851
10,62500,S6,0.8851,341493742124.2339,S6,0.8851
10,63000,S0,0.0,0.0,S6,0.8856
10,63000,S1,0.0,45959395502.97917,S6,0.8856
10,63000,S2,0.002,131453215180.82034,S6,0.8856
10,63000,S3,0.006,152450625030.9936,S6,0.8856
10,63000,S4,0.1056,234975580339.625,S6,0.8856
10,63000,S5,0.0008,112853185252.4712,S6,0.8856
10,63000,S6,0.8856,344432925364.11847,S6,0.8856
10,63500,S0,0.0,0.0,S6,0.8866
10,63500,S1,0.0,46336339771.145584,S6,0.8866
10,63500,S2,0.002,132587985175.6568,S6,0.8866
10,63500,S3,0.006,153733441752.79105,S6,0.8866
10,63500,S4,0.1046,236867967710.6752,S6,0.8866
10,63500,S5,0.0008,113760512453.112,S6,0.8866
10,63500,S6,0.8866,347372108604.003,S6,0.8866
10,64000,S0,0.0,0.0,S6,0.8867
10,64000,S1,0.0,46713284039.31199,S6,0.8867
10,64000,S2,0.002,133722755170.49326,S6,0.8867
10,64000,S3,0.006,155016258474.5885,S6,0.8867
10,64000,S4,0.1045,238760355081.7254,S6,0.8867
10,64000,S5,0.0008,114667839653.7528,S6,0.8867
10,64000,S6,0.8867,350311291843.8876,S6,0.8867
10,64500,S0,0.0,0.0,S6,0.8872
10,64500,S1,0.0,47090228307.47841,S6,0.8872
10,64500,S2,0.002,134857525165.3297,S6,0.8872
10,64500,S3,0.006,156299075196.38596,S6,0.8872
10,64500,S4,0.104,240652742452.7756,S6,0.8872
10,64500,S5,0.0008,115575166854.3936,S6,0.8872
10,64500,S6,0.8872,353250475083.7721,S6,0.8872
10,65000,S0,0.0,0.0,S6,0.8877
10,65000,S1,0.0,47467172575.64482,S6,0.8877
10,65000,S2,0.0019,135992295160.16615,S6,0.8877
10,65000,S3,0.006,157581891918.1834,S6,0.8877
10,65000,S4,0.1036,242545129823.8258,S6,0.8877
10,65000,S5,0.0008,116482494055.0344,S6,0.8877
10,65000,S6,0.8877,356189658323.6567,S6,0.8877
10,65500,S0,0.0,0.0,S6,0.8879
10,65500,S1,0.0,47844116843.81123,S6,0.8879
10,65500,S2,0.0019,137127065155.0026,S6,0.8879
10,65500,S3,0.006,158864708639.9809,S6,0.8879
10,65500,S4,0.1034,244437517194.876,S6,0.8879
10,65500,S5,0.0008,117389821255.6752,S6,0.8879
10,65500,S6,0.8879,359128841563.5412,S6,0.8879
10,66000,S0,0.0,0.0,S6,0.8879
10,66000,S1,0.0,48221061111.97765,S6,0.8879
10,66000,S2,0.0019,138261835149.83905,S6,0.8879
10,66000,S3,0.006,160147525361.77835,S6,0.8879
10,66000,S4,0.1034,246329904565.92615,S6,0.8879
10,66000,S5,0.0008,118297148456.316,S6,0.8879
10,66000,S6,0.8879,362068024803.4258,S6,0.8879
10,66500,S0,0.0,0.0,S6,0.8884
10,66500,S1,0.0,48598005380.144066,S6,0.8884
10,66500,S2,0.0019,139396605144.6755,S6,0.8884
10,66500,S3,0.0059,161430342083.5758,S6,0.8884
10,66500,S4,0.1031,248222291936.9764,S6,0.8884
10,66500,S5,0.0007,119204475656.95682,S6,0.8884
10,66500,S6,0.8884,365007208043.31036,S6,0.8884
10,67000,S0,0.0,0.0,S6,0.8887
10,67000,S1,0.0,48974949648.31048,S6,0.8887
10,67000,S2,0.0019,140531375139.51196,S6,0.8887
10,67000,S3,0.0059,162713158805.37326,S6,0.8887
10,67000,S4,0.1028,250114679308.02655,S6,0.8887
10,67000,S5,0.0007,120111802857.5976,S6,0.8887
10,67000,S6,0.8887,367946391283.1949,S6,0.8887
10,67500,S0,0.0,0.0,S6,0.8893
10,67500,S1,0.0,49351893916.47689,S6,0.8893
10,67500,S2,0.0019,141666145134.3484,S6,0.8893
10,67500,S3,0.0059,163995975527.17072,S6,0.8893
10,67500,S4,0.1022,252007066679.0768,S6,0.8893
10,67500,S5,0.0007,121019130058.2384,S6,0.8893
10,67500,S6,0.8893,370885574523.07947,S6,0.8893
10,68000,S0,0.0,0.0,S6,0.8893
10,68000,S1,0.0,49728838184.6433,S6,0.8893
10,68000,S2,0.0019,142800915129.18484,S6,0.8893
10,68000,S3,0.0059,165278792248.9682,S6,0.8893
10,68000,S4,0.1022,253899454050.127,S6,0.8893
10,68000,S5,0.0007,121926457258.87923,S6,0.8893
10,68000,S6,0.8893,373824757762.964,S6,0.8893
10,68500,S0,0.0,0.0,S6,0.8895
10,68500,S1,0.0,50105782452.809715,S6,0.8895
10,68500,S2,0.0019,143935685124.0213,S6,0.8895
10,68500,S3,0.0059,166561608970.76566,S6,0.8895
10,68500,S4,0.102,255791841421.17715,S6,0.8895
10,68500,S5,0.0007,122833784459.52,S6,0.8895
10,68500,S6,0.8895,376763941002.8486,S6,0.8895
10,69000,S0,0.0,0.0,S6,0.89
10,69000,S1,0.0,50482726720.97613,S6,0.89
10,69000,S2,0.0019,145070455118.85776,S6,0.89
10,69000,S3,0.0059,167844425692.5631,S6,0.89
10,69000,S4,0.1015,257684228792.22736,S6,0.89
10,69000,S5,0.0007,123741111660.1608,S6,0.89
10,69000,S6,0.89,379703124242.7331,S6,0.89
10,69500,S0,0.0,0.0,S6,0.8903
10,69500,S1,0.0,50859670989.14254,S6,0.8903
10,69500,S2,0.0019,146205225113.6942,S6,0.8903
10,69500,S3,0.0059,169127242414.36057,S6,0.8903
10,69500,S4,0.1012,259576616163.27756,S6,0.8903
10,69500,S5,0.0007,124648438860.8016,S6,0.8903
10,69500,S6,0.8903,382642307482.6177,S6,0.8903
10,70000,S0,0.0,0.0,S6,0.8905
10,70000,S1,0.0,51236615257.30896,S6,0.8905
10,70000,S2,0.0019,147339995108.53064,S6,0.8905
10,70000,S3,0.0059,170410059136.15802,S6,0.8905
10,70000,S4,0.101,261469003534.32776,S6,0.8905
10,70000,S5,0.0007,125555766061.44244,S6,0.8905
10,70000,S6,0.8905,385581490722.5022,S6,0.8905
10,70500,S0,0.0,0.0,S6,0.891
10,70500,S1,0.0,51613559525.47537,S6,0.891
10,70500,S2,0.0019,148474765103.3671,S6,0.891
10,70500,S3,0.0059,171692875857.9555,S6,0.891
10,70500,S4,0.1005,263361390905.3779,S6,0.891
10,70500,S5,0.0007,126463093262.08322,S6,0.891
10,70500,S6,0.891,388520673962.3868,S6,0.891
10,71000,S0,0.0,0.0,S6,0.8913
10,71000,S1,0.0,51990503793.641785,S6,0.8913
10,71000,S2,0.0019,149609535098.20355,S6,0.8913
10,71000,S3,0.0059,172975692579.75296,S6,0.8913
10,71000,S4,0.1002,265253778276.4281,S6,0.8913
10,71000,S5,0.0007,127370420462.72403,S6,0.8913
10,71000,S6,0.8913,391459857202.2713,S6,0.8913
10,71500,S0,0.0,0.0,S6,0.8914
10,71500,S1,0.0,52367448061.8082,S6,0.8914
10,71500,S2,0.0019,150744305093.04,S6,0.8914
10,71500,S3,0.0059,174258509301.5504,S6,0.8914
10,71500,S4,0.1001,267146165647.4783,S6,0.8914
10,71500,S5,0.0007,128277747663.36485,S6,0.8914
10,71500,S6,0.8914,394399040442.1559,S6,0.8914
10,72000,S0,0.0,0.0,S6,0.8915
10,72000,S1,0.0,52744392329.97461,S6,0.8915
10,72000,S2,0.0019,151879075087.87646,S6,0.8915
10,72000,S3,0.0059,175541326023.3479,S6,0.8915
10,72000,S4,0.1,269038553018.52856,S6,0.8915
10,72000,S5,0.0007,129185074864.00565,S6,0.8915
10,72000,S6,0.8915,397338223682.0404,S6,0.8915
10,72500,S0,0.0,0.0,S6,0.8919
10,72500,S1,0.0,53121336598.14102,S6,0.8919
10,72500,S2,0.0019,153013845082.7129,S6,0.8919
10,72500,S3,0.0059,176824142745.14536,S6,0.8919
10,72500,S4,0.0996,270930940389.5787,S6,0.8919
10,72500,S5,0.0007,130092402064.64645,S6,0.8919
10,72500,S6,0.8919,400277406921.925,S6,0.8919
10,73000,S0,0.0,0.0,S6,0.892
10,73000,S1,0.0,53498280866.30744,S6,0.892
10,73000,S2,0.0019,154148615077.54935,S6,0.892
10,73000,S3,0.0058,178106959466.9428,S6,0.892
10,73000,S4,0.0996,272823327760.6289,S6,0.892
10,73000,S5,0.0007,130999729265.28725,S6,0.892
10,73000,S6,0.892,403216590161.8096,S6,0.892
10,73500,S0,0.0,0.0,S6,0.8922
10,73500,S1,0.0,53875225134.473854,S6,0.8922
10,73500,S2,0.0019,155283385072.3858,S6,0.8922
10,73500,S3,0.0057,179389776188.74026,S6,0.8922
10,73500,S4,0.0995,274715715131.6791,S6,0.8922
10,73500,S5,0.0007,131907056465.92805,S6,0.8922
10,73500,S6,0.8922,406155773401.6941,S6,0.8922
10,74000,S0,0.0,0.0,S6,0.8927
10,74000,S1,0.0,54252169402.64026,S6,0.8927
10,74000,S2,0.0019,156418155067.22226,S6,0.8927
10,74000,S3,0.0057,180672592910.53772,S6,0.8927
10,74000,S4,0.099,276608102502.7293,S6,0.8927
10,74000,S5,0.0007,132814383666.56885,S6,0.8927
10,74000,S6,0.8927,409094956641.5787,S6,0.8927
10,74500,S0,0.0,0.0,S6,0.8935
10,74500,S1,0.0,54629113670.80668,S6,0.8935
10,74500,S2,0.0019,157552925062.0587,S6,0.8935
10,74500,S3,0.0056,181955409632.3352,S6,0.8935
10,74500,S4,0.0983,278500489873.7795,S6,0.8935
10,74500,S5,0.0007,133721710867.20966,S6,0.8935
10,74500,S6,0.8935,412034139881.4632,S6,0.8935
10,75000,S0,0.0,0.0,S6,0.8939
10,75000,S1,0.0,55006057938.9731,S6,0.8939
10,75000,S2,0.0019,158687695056.89514,S6,0.8939
10,75000,S3,0.0056,183238226354.13263,S6,0.8939
10,75000,S4,0.0979,280392877244.8297,S6,0.8939
10,75000,S5,0.0007,134629038067.85045,S6,0.8939
10,75000,S6,0.8939,414973323121.3478,S6,0.8939
10,75500,S0,0.0,0.0,S6,0.8943
10,75500,S1,0.0,55383002207.1395,S6,0.8943
10,75500,S2,0.0019,159822465051.73157,S6,0.8943
10,75500,S3,0.0055,184521043075.9301,S6,0.8943
10,75500,S4,0.0976,282285264615.8798,S6,0.8943
10,75500,S5,0.0007,135536365268.49126,S6,0.8943
10,75500,S6,0.8943,417912506361.2323,S6,0.8943
10,76000,S0,0.0,0.0,S6,0.8944
10,76000,S1,0.0,55759946475.305916,S6,0.8944
10,76000,S2,0.0019,160957235046.56802,S6,0.8944
10,76000,S3,0.0054,185803859797.72757,S6,0.8944
10,76000,S4,0.0976,284177651986.9301,S6,0.8944
10,76000,S5,0.0007,136443692469.13205,S6,0.8944
10,76000,S6,0.8944,420851689601.1169,S6,0.8944
10,76500,S0,0.0,0.0,S6,0.8947
10,76500,S1,0.0,56136890743.472336,S6,0.8947
10,76500,S2,0.0019,162092005041.4045,S6,0.8947
10,76500,S3,0.0054,187086676519.52505,S6,0.8947
10,76500,S4,0.0973,286070039357.9802,S6,0.8947
10,76500,S5,0.0007,137351019669.77287,S6,0.8947
10,76500,S6,0.8947,423790872841.0014,S6,0.8947
10,77000,S0,0.0,0.0,S6,0.8948
10,77000,S1,0.0,56513835011.63875,S6,0.8948
10,77000,S2,0.0019,163226775036.24094,S6,0.8948
10,77000,S3,0.0054,188369493241.3225,S6,0.8948
10,77000,S4,0.0972,287962426729.03046,S6,0.8948
10,77000,S5,0.0007,138258346870.41364,S6,0.8948
10,77000,S6,0.8948,426730056080.8859,S6,0.8948
10,77500,S0,0.0,0.0,S6,0.895
10,77500,S1,0.0,56890779279.80516,S6,0.895
10,77500,S2,0.0019,164361545031.07736,S6,0.895
10,77500,S3,0.0054,189652309963.11996,S6,0.895
10,77500,S4,0.097,289854814100.0806,S6,0.895
10,77500,S5,0.0007,139165674071.05447,S6,0.895
10,77500,S6,0.895,429669239320.7705,S6,0.895
10,78000,S0,0.0,0.0,S6,0.8953
10,78000,S1,0.0,57267723547.97157,S6,0.8953
10,78000,S2,0.0019,165496315025.91385,S6,0.8953
10,78000,S3,0.0054,190935126684.9174,S6,0.8953
10,78000,S4,0.0967,291747201471.13086,S6,0.8953
10,78000,S5,0.0007,140073001271.69525,S6,0.8953
10,78000,S6,0.8953,432608422560.6551,S6,0.8953
10,78500,S0,0.0,0.0,S6,0.8954
10,78500,S1,0.0,57644667816.137985,S6,0.8954
10,78500,S2,0.0019,166631085020.75027,S6,0.8954
10,78500,S3,0.0054,192217943406.71487,S6,0.8954
10,78500,S4,0.0966,293639588842.181,S6,0.8954
10,78500,S5,0.0007,140980328472.3361,S6,0.8954
10,78500,S6,0.8954,435547605800.5396,S6,0.8954
10,79000,S0,0.0,0.0,S6,0.8955
10,79000,S1,0.0,58021612084.3044,S6,0.8955
10,79000,S2,0.0019,167765855015.5867,S6,0.8955
10,79000,S3,0.0054,193500760128.51236,S6,0.8955
10,79000,S4,0.0965,295531976213.2312,S6,0.8955
10,79000,S5,0.0007,141887655672.97684,S6,0.8955
10,79000,S6,0.8955,438486789040.4242,S6,0.8955
10,79500,S0,0.0,0.0,S6,0.8958
10,79500,S1,0.0,58398556352.470825,S6,0.8958
10,79500,S2,0.0019,168900625010.4232,S6,0.8958
10,79500,S3,0.0053,194783576850.3098,S6,0.8958
10,79500,S4,0.0963,297424363584.2814,S6,0.8958
10,79500,S5,0.0007,142794982873.61765,S6,0.8958
10,79500,S6,0.8958,441425972280.3088,S6,0.8958
10,80000,S0,0.0,0.0,S6,0.8959
10,80000,S1,0.0,58775500620.63722,S6,0.8959
10,80000,S2,0.0019,170035395005.2596,S6,0.8959
10,80000,S3,0.0053,196066393572.10724,S6,0.8959
10,80000,S4,0.0962,299316750955.3316,S6,0.8959
10,80000,S5,0.0007,143702310074.25848,S6,0.8959
10,80000,S6,0.8959,444365155520.1933,S6,0.8959
10,80500,S0,0.0,0.0,S6,0.896
10,80500,S1,0.0,59152444888.80365,S6,0.896
10,80500,S2,0.0019,171170165000.09604,S6,0.896
10,80500,S3,0.0053,197349210293.90472,S6,0.896
10,80500,S4,0.0961,301209138326.3818,S6,0.896
10,80500,S5,0.0007,144609637274.89926,S6,0.896
10,80500,S6,0.896,447304338760.0779,S6,0.896
10,81000,S0,0.0,0.0,S6,0.8964
10,81000,S1,0.0,59529389156.97005,S6,0.8964
10,81000,S2,0.0019,172304934994.93253,S6,0.8964
10,81000,S3,0.0053,198632027015.70218,S6,0.8964
10,81000,S4,0.0957,303101525697.432,S6,0.8964
10,81000,S5,0.0007,145516964475.54007,S6,0.8964
10,81000,S6,0.8964,450243521999.9624,S6,0.8964
10,81500,S0,0.0,0.0,S6,0.8964
10,81500,S1,0.0,59906333425.136475,S6,0.8964
10,81500,S2,0.0019,173439704989.76898,S6,0.8964
10,81500,S3,0.0053,199914843737.49966,S6,0.8964
10,81500,S4,0.0957,304993913068.4822,S6,0.8964
10,81500,S5,0.0007,146424291676.1809,S6,0.8964
10,81500,S6,0.8964,453182705239.8469,S6,0.8964
10,82000,S0,0.0,0.0,S6,0.8967
10,82000,S1,0.0,60283277693.30289,S6,0.8967
10,82000,S2,0.0019,174574474984.6054,S6,0.8967
10,82000,S3,0.0053,201197660459.2971,S6,0.8967
10,82000,S4,0.0954,306886300439.5324,S6,0.8967
10,82000,S5,0.0007,147331618876.8217,S6,0.8967
10,82000,S6,0.8967,456121888479.7315,S6,0.8967
10,82500,S0,0.0,0.0,S6,0.897
10,82500,S1,0.0,60660221961.4693,S6,0.897
10,82500,S2,0.0019,175709244979.44186,S6,0.897
10,82500,S3,0.0053,202480477181.09454,S6,0.897
10,82500,S4,0.0951,308778687810.5826,S6,0.897
10,82500,S5,0.0007,148238946077.4625,S6,0.897
10,82500,S6,0.897,459061071719.616,S6,0.897
10,83000,S0,0.0,0.0,S6,0.8974
10,83000,S1,0.0,61037166229.63571,S6,0.8974
10,83000,S2,0.0019,176844014974.2783,S6,0.8974
10,83000,S3,0.0053,203763293902.89203,S6,0.8974
10,83000,S4,0.0948,310671075181.6328,S6,0.8974
10,83000,S5,0.0006,149146273278.1033,S6,0.8974
10,83000,S6,0.8974,462000254959.5006,S6,0.8974
10,83500,S0,0.0,0.0,S6,0.8975
10,83500,S1,0.0,61414110497.802124,S6,0.8975
10,83500,S2,0.0019,177978784969.11478,S6,0.8975
10,83500,S3,0.0053,205046110624.68948,S6,0.8975
10,83500,S4,0.0947,312563462552.683,S6,0.8975
10,83500,S5,0.0006,150053600478.7441,S6,0.8975
10,83500,S6,0.8975,464939438199.3852,S6,0.8975
10,84000,S0,0.0,0.0,S6,0.8976
10,84000,S1,0.0,61791054765.96854,S6,0.8976
10,84000,S2,0.0019,179113554963.9512,S6,0.8976
10,84000,S3,0.0053,206328927346.48694,S6,0.8976
10,84000,S4,0.0946,314455849923.7332,S6,0.8976
10,84000,S5,0.0006,150960927679.3849,S6,0.8976
10,84000,S6,0.8976,467878621439.2698,S6,0.8976
10,84500,S0,0.0,0.0,S6,0.8977
10,84500,S1,0.0,62167999034.13495,S6,0.8977
10,84500,S2,0.0019,180248324958.78766,S6,0.8977
10,84500,S3,0.0053,207611744068.2844,S6,0.8977
10,84500,S4,0.0945,316348237294.7833,S6,0.8977
10,84500,S5,0.0006,151868254880.0257,S6,0.8977
10,84500,S6,0.8977,470817804679.1543,S6,0.8977
10,85000,S0,0.0,0.0,S6,0.8978
10,85000,S1,0.0,62544943302.30138,S6,0.8978
10,85000,S2,0.0019,181383094953.6241,S6,0.8978
10,85000,S3,0.0053,208894560790.0819,S6,0.8978
10,85000,S4,0.0944,318240624665.83356,S6,0.8978
10,85000,S5,0.0006,152775582080.6665,S6,0.8978
10,85000,S6,0.8978,473756987919.0388,S6,0.8978
10,85500,S0,0.0,0.0,S6,0.898
10,85500,S1,0.0,62921887570.46777,S6,0.898
10,85500,S2,0.0019,182517864948.46057,S6,0.898
10,85500,S3,0.0053,210177377511.87936,S6,0.898
10,85500,S4,0.0942,320133012036.8837,S6,0.898
10,85500,S5,0.0006,153682909281.3073,S6,0.898
10,85500,S6,0.898,476696171158.9234,S6,0.898
10,86000,S0,0.0,0.0,S6,0.8981
10,86000,S1,0.0,63298831838.6342,S6,0.8981
10,86000,S2,0.0019,183652634943.297,S6,0.8981
10,86000,S3,0.0053,211460194233.6768,S6,0.8981
10,86000,S4,0.0941,322025399407.93396,S6,0.8981
10,86000,S5,0.0006,154590236481.9481,S6,0.8981
10,86000,S6,0.8981,479635354398.8079,S6,0.8981
10,86500,S0,0.0,0.0,S6,0.8981
10,86500,S1,0.0,63675776106.80061,S6,0.8981
10,86500,S2,0.0019,184787404938.13345,S6,0.8981
10,86500,S3,0.0053,212743010955.47424,S6,0.8981
10,86500,S4,0.0941,323917786778.9841,S6,0.8981
10,86500,S5,0.0006,155497563682.5889,S6,0.8981
10,86500,S6,0.8981,482574537638.6926,S6,0.8981
10,87000,S0,0.0,0.0,S6,0.8983
10,87000,S1,0.0,64052720374.967026,S6,0.8983
10,87000,S2,0.0019,185922174932.9699,S6,0.8983
10,87000,S3,0.0053,214025827677.27173,S6,0.8983
10,87000,S4,0.0939,325810174150.0343,S6,0.8983
10,87000,S5,0.0006,156404890883.2297,S6,0.8983
10,87000,S6,0.8983,485513720878.577,S6,0.8983
10,87500,S0,0.0,0.0,S6,0.8986
10,87500,S1,0.0,64429664643.13344,S6,0.8986
10,87500,S2,0.0019,187056944927.80634,S6,0.8986
10,87500,S3,0.0054,215308644399.0692,S6,0.8986
10,87500,S4,0.0935,327702561521.08453,S6,0.8986
10,87500,S5,0.0006,157312218083.8705,S6,0.8986
10,87500,S6,0.8986,488452904118.4616,S6,0.8986
10,88000,S0,0.0,0.0,S6,0.8988
10,88000,S1,0.0,64806608911.29985,S6,0.8988
10,88000,S2,0.0019,188191714922.6428,S6,0.8988
10,88000,S3,0.0054,216591461120.86664,S6,0.8988
10,88000,S4,0.0933,329594948892.1347,S6,0.8988
10,88000,S5,0.0006,158219545284.51132,S6,0.8988
10,88000,S6,0.8988,491392087358.3462,S6,0.8988
10,88500,S0,0.0,0.0,S6,0.899
10,88500,S1,0.0,65183553179.46626,S6,0.899
10,88500,S2,0.0019,189326484917.47925,S6,0.899
10,88500,S3,0.0054,217874277842.6641,S6,0.899
10,88500,S4,0.0931,331487336263.18494,S6,0.899
10,88500,S5,0.0006,159126872485.15213,S6,0.899
10,88500,S6,0.899,494331270598.2308,S6,0.899
10,89000,S0,0.0,0.0,S6,0.899
10,89000,S1,0.0,65560497447.632675,S6,0.899
10,89000,S2,0.0019,190461254912.3157,S6,0.899
10,89000,S3,0.0054,219157094564.46155,S6,0.899
10,89000,S4,0.0931,333379723634.2351,S6,0.899
10,89000,S5,0.0006,160034199685.79294,S6,0.899
10,89000,S6,0.899,497270453838.1153,S6,0.899
10,89500,S0,0.0,0.0,S6,0.8991
10,89500,S1,0.0,65937441715.79909,S6,0.8991
10,89500,S2,0.0018,191596024907.15216,S6,0.8991
10,89500,S3,0.0054,220439911286.25903,S6,0.8991
10,89500,S4,0.0931,335272111005.2853,S6,0.8991
10,89500,S5,0.0006,160941526886.43372,S6,0.8991
10,89500,S6,0.8991,500209637077.9998,S6,0.8991
10,90000,S0,0.0,0.0,S6,0.8992
10,90000,S1,0.0,66314385983.9655,S6,0.8992
10,90000,S2,0.0018,192730794901.9886,S6,0.8992
10,90000,S3,0.0054,221722728008.0565,S6,0.8992
10,90000,S4,0.093,337164498376.3355,S6,0.8992
10,90000,S5,0.0006,161848854087.07455,S6,0.8992
10,90000,S6,0.8992,503148820317.8844,S6,0.8992
10,90500,S0,0.0,0.0,S6,0.8994
10,90500,S1,0.0,66691330252.13193,S6,0.8994
10,90500,S2,0.0018,193865564896.82504,S6,0.8994
10,90500,S3,0.0053,223005544729.85394,S6,0.8994
10,90500,S4,0.0929,339056885747.3857,S6,0.8994
10,90500,S5,0.0006,162756181287.71536,S6,0.8994
10,90500,S6,0.8994,506088003557.769,S6,0.8994
10,91000,S0,0.0,0.0,S6,0.8996
10,91000,S1,0.0,67068274520.298325,S6,0.8996
10,91000,S2,0.0018,195000334891.6615,S6,0.8996
10,91000,S3,0.0053,224288361451.6514,S6,0.8996
10,91000,S4,0.0927,340949273118.4359,S6,0.8996
10,91000,S5,0.0006,163663508488.35614,S6,0.8996
10,91000,S6,0.8996,509027186797.6535,S6,0.8996
10,91500,S0,0.0,0.0,S6,0.9
10,91500,S1,0.0,67445218788.46475,S6,0.9
10,91500,S2,0.0018,196135104886.49796,S6,0.9
10,91500,S3,0.0053,225571178173.44885,S6,0.9
10,91500,S4,0.0923,342841660489.4861,S6,0.9
10,91500,S5,0.0006,164570835688.99695,S6,0.9
10,91500,S6,0.9,511966370037.5381,S6,0.9
10,92000,S0,0.0,0.0,S6,0.9002
10,92000,S1,0.0,67822163056.63115,S6,0.9002
10,92000,S2,0.0018,197269874881.3344,S6,0.9002
10,92000,S3,0.0053,226853994895.2463,S6,0.9002
10,92000,S4,0.0921,344734047860.5363,S6,0.9002
10,92000,S5,0.0006,165478162889.63776,S6,0.9002
10,92000,S6,0.9002,514905553277.4226,S6,0.9002
10,92500,S0,0.0,0.0,S6,0.9005
10,92500,S1,0.0,68199107324.79758,S6,0.9005
10,92500,S2,0.0018,198404644876.17084,S6,0.9005
10,92500,S3,0.0053,228136811617.0438,S6,0.9005
10,92500,S4,0.0918,346626435231.5865,S6,0.9005
10,92500,S5,0.0006,166385490090.27856,S6,0.9005
10,92500,S6,0.9005,517844736517.3072,S6,0.9005
10,93000,S0,0.0,0.0,S6,0.9006
10,93000,S1,0.0,68576051592.963974,S6,0.9006
10,93000,S2,0.0018,199539414871.0073,S6,0.9006
10,93000,S3,0.0052,229419628338.8413,S6,0.9006
10,93000,S4,0.0918,348518822602.6367,S6,0.9006
10,93000,S5,0.0006,167292817290.91934,S6,0.9006
10,93000,S6,0.9006,520783919757.1918,S6,0.9006
10,93500,S0,0.0,0.0,S6,0.9007
10,93500,S1,0.0,68952995861.1304,S6,0.9007
10,93500,S2,0.0018,200674184865.84375,S6,0.9007
10,93500,S3,0.0052,230702445060.6387,S6,0.9007
10,93500,S4,0.0917,350411209973.6868,S6,0.9007
10,93500,S5,0.0006,168200144491.56015,S6,0.9007
10,93500,S6,0.9007,523723102997.0762,S6,0.9007
10,94000,S0,0.0,0.0,S6,0.9007
10,94000,S1,0.0,69329940129.29681,S6,0.9007
10,94000,S2,0.0018,201808954860.68018,S6,0.9007
10,94000,S3,0.0052,231985261782.43616,S6,0.9007
10,94000,S4,0.0917,352303597344.7371,S6,0.9007
10,94000,S5,0.0006,169107471692.20096,S6,0.9007
10,94000,S6,0.9007,526662286236.9608,S6,0.9007
10,94500,S0,0.0,0.0,S6,0.9008
10,94500,S1,0.0,69706884397.46323,S6,0.9008
10,94500,S2,0.0018,202943724855.51666,S6,0.9008
10,94500,S3,0.0052,233268078504.2336,S6,0.9008
10,94500,S4,0.0916,354195984715.7873,S6,0.9008
10,94500,S5,0.0006,170014798892.84174,S6,0.9008
10,94500,S6,0.9008,529601469476.8454,S6,0.9008
10,95000,S0,0.0,0.0,S6,0.9008
10,95000,S1,0.0,70083828665.62964,S6,0.9008
10,95000,S2,0.0018,204078494850.3531,S6,0.9008
10,95000,S3,0.0052,234550895226.0311,S6,0.9008
10,95000,S4,0.0916,356088372086.83746,S6,0.9008
10,95000,S5,0.0006,170922126093.48257,S6,0.9008
10,95000,S6,0.9008,532540652716.7299,S6,0.9008
10,95500,S0,0.0,0.0,S6,0.901
10,95500,S1,0.0,70460772933.79605,S6,0.901
10,95500,S2,0.0018,205213264845.1895,S6,0.901
10,95500,S3,0.0052,235833711947.82855,S6,0.901
10,95500,S4,0.0914,357980759457.88763,S6,0.901
10,95500,S5,0.0006,171829453294.12335,S6,0.901
10,95500,S6,0.901,535479835956.6145,S6,0.901
10,96000,S0,0.0,0.0,S6,0.9012
10,96000,S1,0.0,70837717201.96248,S6,0.9012
10,96000,S2,0.0018,206348034840.026,S6,0.9012
10,96000,S3,0.0052,237116528669.626,S6,0.9012
10,96000,S4,0.0912,359873146828.93787,S6,0.9012
10,96000,S5,0.0006,172736780494.76416,S6,0.9012
10,96000,S6,0.9012,538419019196.4991,S6,0.9012
10,96500,S0,0.0,0.0,S6,0.9014
10,96500,S1,0.0,71214661470.12888,S6,0.9014
10,96500,S2,0.0018,207482804834.86246,S6,0.9014
10,96500,S3,0.0052,238399345391.4235,S6,0.9014
10,96500,S4,0.091,361765534199.988,S6,0.9014
10,96500,S5,0.0006,173644107695.40497,S6,0.9014
10,96500,S6,0.9014,541358202436.3836,S6,0.9014
10,97000,S0,0.0,0.0,S6,0.9017
10,97000,S1,0.0,71591605738.2953,S6,0.9017
10,97000,S2,0.0018,208617574829.6989,S6,0.9017
10,97000,S3,0.0052,239682162113.22095,S6,0.9017
10,97000,S4,0.0907,363657921571.0382,S6,0.9017
10,97000,S5,0.0006,174551434896.04578,S6,0.9017
10,97000,S6,0.9017,544297385676.2682,S6,0.9017
10,97500,S0,0.0,0.0,S6,0.9017
10,97500,S1,0.0,71968550006.46172,S6,0.9017
10,97500,S2,0.0018,209752344824.53534,S6,0.9017
10,97500,S3,0.0052,240964978835.0184,S6,0.9017
10,97500,S4,0.0907,365550308942.0884,S6,0.9017
10,97500,S5,0.0006,175458762096.68655,S6,0.9017
10,97500,S6,0.9017,547236568916.1527,S6,0.9017
10,98000,S0,0.0,0.0,S6,0.9021
10,98000,S1,0.0,72345494274.62813,S6,0.9021
10,98000,S2,0.0018,210887114819.3718,S6,0.9021
10,98000,S3,0.0052,242247795556.8159,S6,0.9021
10,98000,S4,0.0904,367442696313.1386,S6,0.9021
10,98000,S5,0.0005,176366089297.3274,S6,0.9021
10,98000,S6,0.9021,550175752156.0374,S6,0.9021
10,98500,S0,0.0,0.0,S6,0.9022
10,98500,S1,0.0,72722438542.79454,S6,0.9022
10,98500,S2,0.0018,212021884814.20825,S6,0.9022
10,98500,S3,0.0052,243530612278.6133,S6,0.9022
10,98500,S4,0.0903,369335083684.1888,S6,0.9022
10,98500,S5,0.0005,177273416497.96817,S6,0.9022
10,98500,S6,0.9022,553114935395.9218,S6,0.9022
10,99000,S0,0.0,0.0,S6,0.9023
10,99000,S1,0.0,73099382810.96095,S6,0.9023
10,99000,S2,0.0018,213156654809.04468,S6,0.9023
10,99000,S3,0.0052,244813429000.41074,S6,0.9023
10,99000,S4,0.0902,371227471055.239,S6,0.9023
10,99000,S5,0.0005,178180743698.609,S6,0.9023
10,99000,S6,0.9023,556054118635.8064,S6,0.9023
10,99500,S0,0.0,0.0,S6,0.9025
10,99500,S1,0.0,73476327079.12738,S6,0.9025
10,99500,S2,0.0018,214291424803.88113,S6,0.9025
10,99500,S3,0.0052,246096245722.2082,S6,0.9025
10,99500,S4,0.09,373119858426.2892,S6,0.9025
10,99500,S5,0.0005,179088070899.2498,S6,0.9025
10,99500,S6,0.9025,558993301875.6909,S6,0.9025
10,100000,S0,0.0,0.0,S6,0.9027
10,100000,S1,0.0,73853271347.29378,S6,0.9027
10,100000,S2,0.0018,215426194798.71756,S6,0.9027
10,100000,S3,0.0052,247379062444.0057,S6,0.9027
10,100000,S4,0.0898,375012245797.3394,S6,0.9027
10,100000,S5,0.0005,179995398099.8906,S6,0.9027
10,100000,S6,0.9027,561932485115.5754,S6,0.9027
10,100500,S0,0.0,0.0,S6,0.9028
10,100500,S1,0.0,74230215615.46019,S6,0.9028
10,100500,S2,0.0018,216560964793.55402,S6,0.9028
10,100500,S3,0.0052,248661879165.8032,S6,0.9028
10,100500,S4,0.0897,376904633168.3896,S6,0.9028
10,100500,S5,0.0005,180902725300.5314,S6,0.9028
10,100500,S6,0.9028,564871668355.46,S6,0.9028
10,101000,S0,0.0,0.0,S6,0.9028
10,101000,S1,0.0,74607159883.6266,S6,0.9028
10,101000,S2,0.0018,217695734788.39047,S6,0.9028
10,101000,S3,0.0052,249944695887.60065,S6,0.9028
10,101000,S4,0.0897,378797020539.4398,S6,0.9028
10,101000,S5,0.0005,181810052501.1722,S6,0.9028
10,101000,S6,0.9028,567810851595.3446,S6,0.9028
10,101500,S0,0.0,0.0,S6,0.903
10,101500,S1,0.0,74984104151.79301,S6,0.903
10,101500,S2,0.0018,218830504783.22696,S6,0.903
10,101500,S3,0.0052,251227512609.3981,S6,0.903
10,101500,S4,0.0895,380689407910.49,S6,0.903
10,101500,S5,0.0005,182717379701.813,S6,0.903
10,101500,S6,0.903,570750034835.2292,S6,0.903
10,102000,S0,0.0,0.0,S6,0.903
10,102000,S1,0.0,75361048419.95943,S6,0.903
10,102000,S2,0.0018,219965274778.0634,S6,0.903
10,102000,S3,0.0052,252510329331.19556,S6,0.903
10,102000,S4,0.0895,382581795281.5402,S6,0.903
10,102000,S5,0.0005,183624706902.4538,S6,0.903
10,102000,S6,0.903,573689218075.1138,S6,0.903
10,102500,S0,0.0,0.0,S6,0.9032
10,102500,S1,0.0,75737992688.12585,S6,0.9032
10,102500,S2,0.0018,221100044772.8998,S6,0.9032
10,102500,S3,0.0052,253793146052.99304,S6,0.9032
10,102500,S4,0.0893,384474182652.59033,S6,0.9032
10,102500,S5,0.0005,184532034103.0946,S6,0.9032
10,102500,S6,0.9032,576628401314.9982,S6,0.9032
10,103000,S0,0.0,0.0,S6,0.9034
10,103000,S1,0.0,76114936956.29225,S6,0.9034
10,103000,S2,0.0018,222234814767.73627,S6,0.9034
10,103000,S3,0.0051,255075962774.7905,S6,0.9034
10,103000,S4,0.0892,386366570023.64056,S6,0.9034
10,103000,S5,0.0005,185439361303.7354,S6,0.9034
10,103000,S6,0.9034,579567584554.8828,S6,0.9034
10,103500,S0,0.0,0.0,S6,0.9037
10,103500,S1,0.0,76491881224.45866,S6,0.9037
10,103500,S2,0.0018,223369584762.57272,S6,0.9037
10,103500,S3,0.005,256358779496.5879,S6,0.9037
10,103500,S4,0.089,388258957394.69073,S6,0.9037
10,103500,S5,0.0005,186346688504.3762,S6,0.9037
10,103500,S6,0.9037,582506767794.7675,S6,0.9037
10,104000,S0,0.0,0.0,S6,0.9039
10,104000,S1,0.0,76868825492.6251,S6,0.9039
10,104000,S2,0.0018,224504354757.40918,S6,0.9039
10,104000,S3,0.005,257641596218.3854,S6,0.9039
10,104000,S4,0.0888,390151344765.741,S6,0.9039
10,104000,S5,0.0005,187254015705.017,S6,0.9039
10,104000,S6,0.9039,585445951034.6519,S6,0.9039
10,104500,S0,0.0,0.0,S6,0.904
10,104500,S1,0.0,77245769760.7915,S6,0.904
10,104500,S2,0.0018,225639124752.2456,S6,0.904
10,104500,S3,0.005,258924412940.1829,S6,0.904
10,104500,S4,0.0887,392043732136.7911,S6,0.904
10,104500,S5,0.0005,188161342905.6578,S6,0.904
10,104500,S6,0.904,588385134274.5365,S6,0.904
10,105000,S0,0.0,0.0,S6,0.9041
10,105000,S1,0.0,77622714028.95792,S6,0.9041
10,105000,S2,0.0018,226773894747.08206,S6,0.9041
10,105000,S3,0.005,260207229661.9803,S6,0.9041
10,105000,S4,0.0886,393936119507.8414,S6,0.9041
10,105000,S5,0.0005,189068670106.2986,S6,0.9041
10,105000,S6,0.9041,591324317514.4211,S6,0.9041
10,105500,S0,0.0,0.0,S6,0.9044
10,105500,S1,0.0,77999658297.12433,S6,0.9044
10,105500,S2,0.0018,227908664741.9185,S6,0.9044
10,105500,S3,0.005,261490046383.7778,S6,0.9044
10,105500,S4,0.0883,395828506878.8915,S6,0.9044
10,105500,S5,0.0005,189975997306.9394,S6,0.9044
10,105500,S6,0.9044,594263500754.3055,S6,0.9044
10,106000,S0,0.0,0.0,S6,0.9044
10,106000,S1,0.0,78376602565.29076,S6,0.9044
10,106000,S2,0.0018,229043434736.755,S6,0.9044
10,106000,S3,0.005,262772863105.57526,S6,0.9044
10,106000,S4,0.0883,397720894249.9417,S6,0.9044
10,106000,S5,0.0005,190883324507.5802,S6,0.9044
10,106000,S6,0.9044,597202683994.1902,S6,0.9044
10,106500,S0,0.0,0.0,S6,0.9044
10,106500,S1,0.0,78753546833.45715,S6,0.9044
10,106500,S2,0.0018,230178204731.5914,S6,0.9044
10,106500,S3,0.005,264055679827.3727,S6,0.9044
10,106500,S4,0.0883,399613281620.9919,S6,0.9044
10,106500,S5,0.0005,191790651708.22104,S6,0.9044
10,106500,S6,0.9044,600141867234.0747,S6,0.9044
10,107000,S0,0.0,0.0,S6,0.9045
10,107000,S1,0.0,79130491101.62358,S6,0.9045
10,107000,S2,0.0018,231312974726.42786,S6,0.9045
10,107000,S3,0.005,265338496549.17014,S6,0.9045
10,107000,S4,0.0882,401505668992.0421,S6,0.9045
10,107000,S5,0.0005,192697978908.86182,S6,0.9045
10,107000,S6,0.9045,603081050473.9592,S6,0.9045
10,107500,S0,0.0,0.0,S6,0.9045
10,107500,S1,0.0,79507435369.78998,S6,0.9045
10,107500,S2,0.0018,232447744721.2643,S6,0.9045
10,107500,S3,0.005,266621313270.96765,S6,0.9045
10,107500,S4,0.0882,403398056363.0923,S6,0.9045
10,107500,S5,0.0005,193605306109.50262,S6,0.9045
10,107500,S6,0.9045,606020233713.8438,S6,0.9045
10,108000,S0,0.0,0.0,S6,0.9049
10,108000,S1,0.0,79884379637.95639,S6,0.9049
10,108000,S2,0.0018,233582514716.1008,S6,0.9049
10,108000,S3,0.005,267904129992.7651,S6,0.9049
10,108000,S4,0.0878,405290443734.1425,S6,0.9049
10,108000,S5,0.0005,194512633310.14343,S6,0.9049
10,108000,S6,0.9049,608959416953.7284,S6,0.9049
10,108500,S0,0.0,0.0,S6,0.9051
10,108500,S1,0.0,80261323906.12282,S6,0.9051
10,108500,S2,0.0018,234717284710.9372,S6,0.9051
10,108500,S3,0.005,269186946714.5626,S6,0.9051
10,108500,S4,0.0876,407182831105.1927,S6,0.9051
10,108500,S5,0.0005,195419960510.78424,S6,0.9051
10,108500,S6,0.9051,611898600193.6129,S6,0.9051
10,109000,S0,0.0,0.0,S6,0.9053
10,109000,S1,0.0,80638268174.28923,S6,0.9053
10,109000,S2,0.0018,235852054705.7737,S6,0.9053
10,109000,S3,0.0049,270469763436.36,S6,0.9053
10,109000,S4,0.0875,409075218476.2429,S6,0.9053
10,109000,S5,0.0005,196327287711.42505,S6,0.9053
10,109000,S6,0.9053,614837783433.4976,S6,0.9053
10,109500,S0,0.0,0.0,S6,0.9054
10,109500,S1,0.0,81015212442.45564,S6,0.9054
10,109500,S2,0.0018,236986824700.6101,S6,0.9054
10,109500,S3,0.0049,271752580158.1575,S6,0.9054
10,109500,S4,0.0874,410967605847.2931,S6,0.9054
10,109500,S5,0.0005,197234614912.06583,S6,0.9054
10,109500,S6,0.9054,617776966673.382,S6,0.9054
10,110000,S0,0.0,0.0,S6,0.9054
10,110000,S1,0.0,81392156710.62206,S6,0.9054
10,110000,S2,0.0018,238121594695.4466,S6,0.9054
10,110000,S3,0.0049,273035396879.9549,S6,0.9054
10,110000,S4,0.0874,412859993218.3433,S6,0.9054
10,110000,S5,0.0005,198141942112.70667,S6,0.9054
10,110000,S6,0.9054,620716149913.2666,S6,0.9054
10,110500,S0,0.0,0.0,S6,0.9055
10,110500,S1,0.0,81769100978.78845,S6,0.9055
10,110500,S2,0.0018,239256364690.283,S6,0.9055
10,110500,S3,0.0049,274318213601.7524,S6,0.9055
10,110500,S4,0.0873,414752380589.3935,S6,0.9055
10,110500,S5,0.0005,199049269313.34744,S6,0.9055
10,110500,S6,0.9055,623655333153.1512,S6,0.9055
10,111000,S0,0.0,0.0,S6,0.9056
10,111000,S1,0.0,82146045246.95488,S6,0.9056
10,111000,S2,0.0018,240391134685.11945,S6,0.9056
10,111000,S3,0.0049,275601030323.54987,S6,0.9056
10,111000,S4,0.0872,416644767960.4437,S6,0.9056
10,111000,S5,0.0005,199956596513.98825,S6,0.9056
10,111000,S6,0.9056,626594516393.0356,S6,0.9056
10,111500,S0,0.0,0.0,S6,0.9056
10,111500,S1,0.0,82522989515.12129,S6,0.9056
10,111500,S2,0.0018,241525904679.9559,S6,0.9056
10,111500,S3,0.0049,276883847045.3473,S6,0.9056
10,111500,S4,0.0872,418537155331.49384,S6,0.9056
10,111500,S5,0.0005,200863923714.62906,S6,0.9056
10,111500,S6,0.9056,629533699632.9202,S6,0.9056
10,112000,S0,0.0,0.0,S6,0.906
10,112000,S1,0.0,82899933783.2877,S6,0.906
10,112000,S2,0.0018,242660674674.7924,S6,0.906
10,112000,S3,0.0049,278166663767.1448,S6,0.906
10,112000,S4,0.0868,420429542702.54407,S6,0.906
10,112000,S5,0.0005,201771250915.26984,S6,0.906
10,112000,S6,0.906,632472882872.8048,S6,0.906
10,112500,S0,0.0,0.0,S6,0.9061
10,112500,S1,0.0,83276878051.45412,S6,0.9061
10,112500,S2,0.0018,243795444669.6288,S6,0.9061
10,112500,S3,0.0049,279449480488.94226,S6,0.9061
10,112500,S4,0.0867,422321930073.59424,S6,0.9061
10,112500,S5,0.0005,202678578115.91064,S6,0.9061
10,112500,S6,0.9061,635412066112.6895,S6,0.9061
10,113000,S0,0.0,0.0,S6,0.9063
10,113000,S1,0.0,83653822319.62053,S6,0.9063
10,113000,S2,0.0018,244930214664.46524,S6,0.9063
10,113000,S3,0.0048,280732297210.7397,S6,0.9063
10,113000,S4,0.0866,424214317444.6444,S6,0.9063
10,113000,S5,0.0005,203585905316.55145,S6,0.9063
10,113000,S6,0.9063,638351249352.5739,S6,0.9063
10,113500,S0,0.0,0.0,S6,0.9064
10,113500,S1,0.0,84030766587.78696,S6,0.9064
10,113500,S2,0.0018,246064984659.3017,S6,0.9064
10,113500,S3,0.0048,282015113932.5372,S6,0.9064
10,113500,S4,0.0865,426106704815.6946,S6,0.9064
10,113500,S5,0.0005,204493232517.19226,S6,0.9064
10,113500,S6,0.9064,641290432592.4584,S6,0.9064
10,114000,S0,0.0,0.0,S6,0.9066
10,114000,S1,0.0,84407710855.95337,S6,0.9066
10,114000,S2,0.0018,247199754654.1382,S6,0.9066
10,114000,S3,0.0048,283297930654.3346,S6,0.9066
10,114000,S4,0.0863,427999092186.7449,S6,0.9066
10,114000,S5,0.0005,205400559717.83304,S6,0.9066
10,114000,S6,0.9066,644229615832.3431,S6,0.9066
10,114500,S0,0.0,0.0,S6,0.9066
10,114500,S1,0.0,84784655124.11977,S6,0.9066
10,114500,S2,0.0018,248334524648.9746,S6,0.9066
10,114500,S3,0.0048,284580747376.1321,S6,0.9066
10,114500,S4,0.0863,429891479557.79504,S6,0.9066
10,114500,S5,0.0005,206307886918.47385,S6,0.9066
10,114500,S6,0.9066,647168799072.2275,S6,0.9066
10,115000,S0,0.0,0.0,S6,0.9067
10,115000,S1,0.0,85161599392.2862,S6,0.9067
10,115000,S2,0.0018,249469294643.811,S6,0.9067
10,115000,S3,0.0048,285863564097.92957,S6,0.9067
10,115000,S4,0.0862,431783866928.8453,S6,0.9067
10,115000,S5,0.0005,207215214119.1147,S6,0.9067
10,115000,S6,0.9067,650107982312.112,S6,0.9067
10,115500,S0,0.0,0.0,S6,0.9067
10,115500,S1,0.0,85538543660.4526,S6,0.9067
10,115500,S2,0.0018,250604064638.6475,S6,0.9067
10,115500,S3,0.0048,287146380819.727,S6,0.9067
10,115500,S4,0.0862,433676254299.8954,S6,0.9067
10,115500,S5,0.0005,208122541319.75546,S6,0.9067
10,115500,S6,0.9067,653047165551.9966,S6,0.9067
10,116000,S0,0.0,0.0,S6,0.9067
10,116000,S1,0.0,85915487928.61902,S6,0.9067
10,116000,S2,0.0018,251738834633.48395,S6,0.9067
10,116000,S3,0.0048,288429197541.5245,S6,0.9067
10,116000,S4,0.0862,435568641670.9456,S6,0.9067
10,116000,S5,0.0005,209029868520.39627,S6,0.9067
10,116000,S6,0.9067,655986348791.8812,S6,0.9067
10,116500,S0,0.0,0.0,S6,0.9069
10,116500,S1,0.0,86292432196.78543,S6,0.9069
10,116500,S2,0.0018,252873604628.3204,S6,0.9069
10,116500,S3,0.0048,289712014263.3219,S6,0.9069
10,116500,S4,0.086,437461029041.9958,S6,0.9069
10,116500,S5,0.0005,209937195721.03708,S6,0.9069
10,116500,S6,0.9069,658925532031.7657,S6,0.9069
10,117000,S0,0.0,0.0,S6,0.907
10,117000,S1,0.0,86669376464.95184,S6,0.907
10,117000,S2,0.0018,254008374623.1568,S6,0.907
10,117000,S3,0.0048,290994830985.1194,S6,0.907
10,117000,S4,0.0859,439353416413.046,S6,0.907
10,117000,S5,0.0005,210844522921.6779,S6,0.907
10,117000,S6,0.907,661864715271.6504,S6,0.907
10,117500,S0,0.0,0.0,S6,0.907
10,117500,S1,0.0,87046320733.11826,S6,0.907
10,117500,S2,0.0018,255143144617.9933,S6,0.907
10,117500,S3,0.0048,292277647706.9169,S6,0.907
10,117500,S4,0.0859,441245803784.0962,S6,0.907
10,117500,S5,0.0005,211751850122.31866,S6,0.907
10,117500,S6,0.907,664803898511.5349,S6,0.907
10,118000,S0,0.0,0.0,S6,0.9071
10,118000,S1,0.0,87423265001.28467,S6,0.9071
10,118000,S2,0.0018,256277914612.8297,S6,0.9071
10,118000,S3,0.0048,293560464428.7143,S6,0.9071
10,118000,S4,0.0858,443138191155.14636,S6,0.9071
10,118000,S5,0.0005,212659177322.9595,S6,0.9071
10,118000,S6,0.9071,667743081751.4196,S6,0.9071
10,118500,S0,0.0,0.0,S6,0.9074
10,118500,S1,0.0,87800209269.45108,S6,0.9074
10,118500,S2,0.0018,257412684607.6662,S6,0.9074
10,118500,S3,0.0048,294843281150.5118,S6,0.9074
10,118500,S4,0.0855,445030578526.19653,S6,0.9074
10,118500,S5,0.0005,213566504523.6003,S6,0.9074
10,118500,S6,0.9074,670682264991.304,S6,0.9074
10,119000,S0,0.0,0.0,S6,0.9074
10,119000,S1,0.0,88177153537.6175,S6,0.9074
10,119000,S2,0.0018,258547454602.50266,S6,0.9074
10,119000,S3,0.0049,296126097872.3092,S6,0.9074
10,119000,S4,0.0854,446922965897.2468,S6,0.9074
10,119000,S5,0.0005,214473831724.2411,S6,0.9074
10,119000,S6,0.9074,673621448231.1886,S6,0.9074
10,119500,S0,0.0,0.0,S6,0.9074
10,119500,S1,0.0,88554097805.7839,S6,0.9074
10,119500,S2,0.0018,259682224597.3391,S6,0.9074
10,119500,S3,0.0049,297408914594.1067,S6,0.9074
10,119500,S4,0.0854,448815353268.297,S6,0.9074
10,119500,S5,0.0005,215381158924.8819,S6,0.9074
10,119500,S6,0.9074,676560631471.0732,S6,0.9074
10,120000,S0,0.0,0.0,S6,0.9075
10,120000,S1,0.0,88931042073.95032,S6,0.9075
10,120000,S2,0.0018,260816994592.17554,S6,0.9075
10,120000,S3,0.0049,298691731315.9042,S6,0.9075
10,120000,S4,0.0853,450707740639.3472,S6,0.9075
10,120000,S5,0.0005,216288486125.5227,S6,0.9075
10,120000,S6,0.9075,679499814710.9576,S6,0.9075
10,120500,S0,0.0,0.0,S6,0.9076
10,120500,S1,0.0,89307986342.11674,S6,0.9076
10,120500,S2,0.0018,261951764587.01196,S6,0.9076
10,120500,S3,0.0049,299974548037.7016,S6,0.9076
10,120500,S4,0.0852,452600128010.3974,S6,0.9076
10,120500,S5,0.0005,217195813326.1635,S6,0.9076
10,120500,S6,0.9076,682438997950.8422,S6,0.9076
10,121000,S0,0.0,0.0,S6,0.9079
10,121000,S1,0.0,89684930610.28316,S6,0.9079
10,121000,S2,0.0018,263086534581.8484,S6,0.9079
10,121000,S3,0.0049,301257364759.4991,S6,0.9079
10,121000,S4,0.0849,454492515381.4476,S6,0.9079
10,121000,S5,0.0005,218103140526.8043,S6,0.9079
10,121000,S6,0.9079,685378181190.7268,S6,0.9079
10,121500,S0,0.0,0.0,S6,0.9081
10,121500,S1,0.0,90061874878.44957,S6,0.9081
10,121500,S2,0.0018,264221304576.6849,S6,0.9081
10,121500,S3,0.0049,302540181481.2965,S6,0.9081
10,121500,S4,0.0847,456384902752.4978,S6,0.9081
10,121500,S5,0.0005,219010467727.4451,S6,0.9081
10,121500,S6,0.9081,688317364430.6115,S6,0.9081
10,122000,S0,0.0,0.0,S6,0.9081
10,122000,S1,0.0,90438819146.61598,S6,0.9081
10,122000,S2,0.0018,265356074571.52136,S6,0.9081
10,122000,S3,0.0049,303822998203.094,S6,0.9081
10,122000,S4,0.0847,458277290123.548,S6,0.9081
10,122000,S5,0.0005,219917794928.0859,S6,0.9081
10,122000,S6,0.9081,691256547670.4958,S6,0.9081
10,122500,S0,0.0,0.0,S6,0.9082
10,122500,S1,0.0,90815763414.7824,S6,0.9082
10,122500,S2,0.0018,266490844566.3578,S6,0.9082
10,122500,S3,0.0049,305105814924.8915,S6,0.9082
10,122500,S4,0.0846,460169677494.5982,S6,0.9082
10,122500,S5,0.0005,220825122128.7267,S6,0.9082
10,122500,S6,0.9082,694195730910.3804,S6,0.9082
10,123000,S0,0.0,0.0,S6,0.9083
10,123000,S1,0.0,91192707682.9488,S6,0.9083
10,123000,S2,0.0017,267625614561.1942,S6,0.9083
10,123000,S3,0.0049,306388631646.6889,S6,0.9083
10,123000,S4,0.0846,462062064865.6483,S6,0.9083
10,123000,S5,0.0005,221732449329.3675,S6,0.9083
10,123000,S6,0.9083,697134914150.265,S6,0.9083
10,123500,S0,0.0,0.0,S6,0.9083
10,123500,S1,0.0,91569651951.11522,S6,0.9083
10,123500,S2,0.0017,268760384556.0307,S6,0.9083
10,123500,S3,0.0049,307671448368.4864,S6,0.9083
10,123500,S4,0.0846,463954452236.6985,S6,0.9083
10,123500,S5,0.0005,222639776530.0083,S6,0.9083
10,123500,S6,0.9083,700074097390.1497,S6,0.9083
10,124000,S0,0.0,0.0,S6,0.9083
10,124000,S1,0.0,91946596219.28163,S6,0.9083
10,124000,S2,0.0017,269895154550.8671,S6,0.9083
10,124000,S3,0.0049,308954265090.2839,S6,0.9083
10,124000,S4,0.0846,465846839607.7488,S6,0.9083
10,124000,S5,0.0005,223547103730.6491,S6,0.9083
10,124000,S6,0.9083,703013280630.034,S6,0.9083
10,124500,S0,0.0,0.0,S6,0.9085
10,124500,S1,0.0,92323540487.44804,S6,0.9085
10,124500,S2,0.0017,271029924545.7036,S6,0.9085
10,124500,S3,0.0049,310237081812.0813,S6,0.9085
10,124500,S4,0.0844,467739226978.7989,S6,0.9085
10,124500,S5,0.0005,224454430931.28992,S6,0.9085
10,124500,S6,0.9085,705952463869.9186,S6,0.9085
10,125000,S0,0.0,0.0,S6,0.9085
10,125000,S1,0.0,92700484755.61446,S6,0.9085
10,125000,S2,0.0017,272164694540.54,S6,0.9085
10,125000,S3,0.0049,311519898533.8788,S6,0.9085
10,125000,S4,0.0844,469631614349.8491,S6,0.9085
10,125000,S5,0.0005,225361758131.9307,S6,0.9085
10,125000,S6,0.9085,708891647109.8032,S6,0.9085
10,125500,S0,0.0,0.0,S6,0.9087
10,125500,S1,0.0,93077429023.78087,S6,0.9087
10,125500,S2,0.0017,273299464535.37646,S6,0.9087
10,125500,S3,0.0049,312802715255.6762,S6,0.9087
10,125500,S4,0.0842,471524001720.8994,S6,0.9087
10,125500,S5,0.0005,226269085332.5715,S6,0.9087
10,125500,S6,0.9087,711830830349.6877,S6,0.9087
10,126000,S0,0.0,0.0,S6,0.9087
10,126000,S1,0.0,93454373291.94728,S6,0.9087
10,126000,S2,0.0017,274434234530.2129,S6,0.9087
10,126000,S3,0.0049,314085531977.4737,S6,0.9087
10,126000,S4,0.0842,473416389091.9494,S6,0.9087
10,126000,S5,0.0005,227176412533.2123,S6,0.9087
10,126000,S6,0.9087,714770013589.5724,S6,0.9087
10,126500,S0,0.0,0.0,S6,0.9087
10,126500,S1,0.0,93831317560.1137,S6,0.9087
10,126500,S2,0.0017,275569004525.0494,S6,0.9087
10,126500,S3,0.0049,315368348699.2712,S6,0.9087
10,126500,S4,0.0842,475308776462.9997,S6,0.9087
10,126500,S5,0.0005,228083739733.8531,S6,0.9087
10,126500,S6,0.9087,717709196829.4568,S6,0.9087
10,127000,S0,0.0,0.0,S6,0.9087
10,127000,S1,0.0,94208261828.2801,S6,0.9087
10,127000,S2,0.0017,276703774519.88586,S6,0.9087
10,127000,S3,0.0049,316651165421.0686,S6,0.9087
10,127000,S4,0.0842,477201163834.0498,S6,0.9087
10,127000,S5,0.0005,228991066934.4939,S6,0.9087
10,127000,S6,0.9087,720648380069.3414,S6,0.9087
10,127500,S0,0.0,0.0,S6,0.9088
10,127500,S1,0.0,94585206096.44652,S6,0.9088
10,127500,S2,0.0017,277838544514.7223,S6,0.9088
10,127500,S3,0.0049,317933982142.8661,S6,0.9088
10,127500,S4,0.0841,479093551205.1001,S6,0.9088
10,127500,S5,0.0005,229898394135.1347,S6,0.9088
10,127500,S6,0.9088,723587563309.226,S6,0.9088
10,128000,S0,0.0,0.0,S6,0.9089
10,128000,S1,0.0,94962150364.61293,S6,0.9089
10,128000,S2,0.0017,278973314509.5587,S6,0.9089
10,128000,S3,0.0049,319216798864.6636,S6,0.9089
10,128000,S4,0.084,480985938576.1504,S6,0.9089
10,128000,S5,0.0005,230805721335.7755,S6,0.9089
10,128000,S6,0.9089,726526746549.1105,S6,0.9089
10,128500,S0,0.0,0.0,S6,0.909
10,128500,S1,0.0,95339094632.77936,S6,0.909
10,128500,S2,0.0017,280108084504.39514,S6,0.909
10,128500,S3,0.0049,320499615586.461,S6,0.909
10,128500,S4,0.0839,482878325947.2005,S6,0.909
10,128500,S5,0.0005,231713048536.4163,S6,0.909
10,128500,S6,0.909,729465929788.9951,S6,0.909
10,129000,S0,0.0,0.0,S6,0.909
10,129000,S1,0.0,95716038900.94577,S6,0.909
10,129000,S2,0.0017,281242854499.2316,S6,0.909
10,129000,S3,0.0049,321782432308.2585,S6,0.909
10,129000,S4,0.0839,484770713318.2507,S6,0.909
10,129000,S5,0.0005,232620375737.0571,S6,0.909
10,129000,S6,0.909,732405113028.8796,S6,0.909
10,129500,S0,0.0,0.0,S6,0.9091
10,129500,S1,0.0,96092983169.11218,S6,0.9091
10,129500,S2,0.0017,282377624494.0681,S6,0.9091
10,129500,S3,0.0049,323065249030.0559,S6,0.9091
10,129500,S4,0.0838,486663100689.3009,S6,0.9091
10,129500,S5,0.0005,233527702937.69794,S6,0.9091
10,129500,S6,0.9091,735344296268.7642,S6,0.9091
10,130000,S0,0.0,0.0,S6,0.9091
10,130000,S1,0.0,96469927437.2786,S6,0.9091
10,130000,S2,0.0017,283512394488.9045,S6,0.9091
10,130000,S3,0.0049,324348065751.8534,S6,0.9091
10,130000,S4,0.0838,488555488060.351,S6,0.9091
10,130000,S5,0.0005,234435030138.33875,S6,0.9091
10,130000,S6,0.9091,738283479508.6488,S6,0.9091
10,130500,S0,0.0,0.0,S6,0.9092
10,130500,S1,0.0,96846871705.445,S6,0.9092
10,130500,S2,0.0017,284647164483.741,S6,0.9092
10,130500,S3,0.0049,325630882473.6508,S6,0.9092
10,130500,S4,0.0837,490447875431.4012,S6,0.9092
10,130500,S5,0.0005,235342357338.97955,S6,0.9092
10,130500,S6,0.9092,741222662748.5332,S6,0.9092
10,131000,S0,0.0,0.0,S6,0.9093
10,131000,S1,0.0,97223815973.61142,S6,0.9093
10,131000,S2,0.0017,285781934478.5774,S6,0.9093
10,131000,S3,0.0049,326913699195.4483,S6,0.9093
10,131000,S4,0.0836,492340262802.4514,S6,0.9093
10,131000,S5,0.0005,236249684539.6203,S6,0.9093
10,131000,S6,0.9093,744161845988.4178,S6,0.9093
10,131500,S0,0.0,0.0,S6,0.9093
10,131500,S1,0.0,97600760241.77783,S6,0.9093
10,131500,S2,0.0017,286916704473.4139,S6,0.9093
10,131500,S3,0.0049,328196515917.2457,S6,0.9093
10,131500,S4,0.0836,494232650173.5016,S6,0.9093
10,131500,S5,0.0005,237157011740.26114,S6,0.9093
10,131500,S6,0.9093,747101029228.3024,S6,0.9093
10,132000,S0,0.0,0.0,S6,0.9093
10,132000,S1,0.0,97977704509.94424,S6,0.9093
10,132000,S2,0.0017,288051474468.2503,S6,0.9093
10,132000,S3,0.0049,329479332639.0432,S6,0.9093
10,132000,S4,0.0836,496125037544.5518,S6,0.9093
10,132000,S5,0.0005,238064338940.9019,S6,0.9093
10,132000,S6,0.9093,750040212468.187,S6,0.9093
10,132500,S0,0.0,0.0,S6,0.9093
10,132500,S1,0.0,98354648778.11066,S6,0.9093
10,132500,S2,0.0017,289186244463.0868,S6,0.9093
10,132500,S3,0.0049,330762149360.8407,S6,0.9093
10,132500,S4,0.0836,498017424915.602,S6,0.9093
10,132500,S5,0.0005,238971666141.5427,S6,0.9093
10,132500,S6,0.9093,752979395708.0717,S6,0.9093
10,133000,S0,0.0,0.0,S6,0.9093
10,133000,S1,0.0,98731593046.27707,S6,0.9093
10,133000,S2,0.0017,290321014457.9232,S6,0.9093
10,133000,S3,0.0049,332044966082.6381,S6,0.9093
10,133000,S4,0.0836,499909812286.6522,S6,0.9093
10,133000,S5,0.0005,239878993342.1836,S6,0.9093
10,133000,S6,0.9093,755918578947.956,S6,0.9093
10,133500,S0,0.0,0.0,S6,0.9095
10,133500,S1,0.0,99108537314.4435,S6,0.9095
10,133500,S2,0.0017,291455784452.7597,S6,0.9095
10,133500,S3,0.0049,333327782804.4356,S6,0.9095
10,133500,S4,0.0834,501802199657.7024,S6,0.9095
10,133500,S5,0.0005,240786320542.8244,S6,0.9095
10,133500,S6,0.9095,758857762187.8407,S6,0.9095
10,134000,S0,0.0,0.0,S6,0.9095
10,134000,S1,0.0,99485481582.6099,S6,0.9095
10,134000,S2,0.0017,292590554447.5961,S6,0.9095
10,134000,S3,0.0049,334610599526.2331,S6,0.9095
10,134000,S4,0.0834,503694587028.7526,S6,0.9095
10,134000,S5,0.0005,241693647743.46515,S6,0.9095
10,134000,S6,0.9095,761796945427.7252,S6,0.9095
10,134500,S0,0.0,0.0,S6,0.9097
10,134500,S1,0.0,99862425850.7763,S6,0.9097
10,134500,S2,0.0017,293725324442.43256,S6,0.9097
10,134500,S3,0.0049,335893416248.0305,S6,0.9097
10,134500,S4,0.0832,505586974399.8028,S6,0.9097
10,134500,S5,0.0005,242600974944.10596,S6,0.9097
10,134500,S6,0.9097,764736128667.6097,S6,0.9097
10,135000,S0,0.0,0.0,S6,0.9097
10,135000,S1,0.0,100239370118.94272,S6,0.9097
10,135000,S2,0.0017,294860094437.269,S6,0.9097
10,135000,S3,0.0049,337176232969.828,S6,0.9097
10,135000,S4,0.0832,507479361770.853,S6,0.9097
10,135000,S5,0.0005,243508302144.74677,S6,0.9097
10,135000,S6,0.9097,767675311907.4941,S6,0.9097
10,135500,S0,0.0,0.0,S6,0.9098
10,135500,S1,0.0,100616314387.10915,S6,0.9098
10,135500,S2,0.0017,295994864432.1055,S6,0.9098
10,135500,S3,0.0049,338459049691.6255,S6,0.9098
10,135500,S4,0.0831,509371749141.9032,S6,0.9098
10,135500,S5,0.0005,244415629345.38754,S6,0.9098
10,135500,S6,0.9098,770614495147.3789,S6,0.9098
10,136000,S0,0.0,0.0,S6,0.9099
10,136000,S1,0.0,100993258655.27556,S6,0.9099
10,136000,S2,0.0017,297129634426.94183,S6,0.9099
10,136000,S3,0.0049,339741866413.4229,S6,0.9099
10,136000,S4,0.083,511264136512.9533,S6,0.9099
10,136000,S5,0.0005,245322956546.02835,S6,0.9099
10,136000,S6,0.9099,773553678387.2634,S6,0.9099
10,136500,S0,0.0,0.0,S6,0.9099
10,136500,S1,0.0,101370202923.44197,S6,0.9099
10,136500,S2,0.0017,298264404421.7783,S6,0.9099
10,136500,S3,0.0049,341024683135.22034,S6,0.9099
10,136500,S4,0.083,513156523884.0036,S6,0.9099
10,136500,S5,0.0005,246230283746.66916,S6,0.9099
10,136500,S6,0.9099,776492861627.148,S6,0.9099
10,137000,S0,0.0,0.0,S6,0.91
10,137000,S1,0.0,101747147191.60837,S6,0.91
10,137000,S2,0.0017,299399174416.6148,S6,0.91
10,137000,S3,0.0049,342307499857.0178,S6,0.91
10,137000,S4,0.0829,515048911255.0538,S6,0.91
10,137000,S5,0.0005,247137610947.31,S6,0.91
10,137000,S6,0.91,779432044867.0325,S6,0.91
10,137500,S0,0.0,0.0,S6,0.9101
10,137500,S1,0.0,102124091459.7748,S6,0.9101
10,137500,S2,0.0017,300533944411.45123,S6,0.9101
10,137500,S3,0.0049,343590316578.8153,S6,0.9101
10,137500,S4,0.0828,516941298626.104,S6,0.9101
10,137500,S5,0.0005,248044938147.9508,S6,0.9101
10,137500,S6,0.9101,782371228106.9171,S6,0.9101
10,138000,S0,0.0,0.0,S6,0.9102
10,138000,S1,0.0,102501035727.9412,S6,0.9102
10,138000,S2,0.0017,301668714406.2877,S6,0.9102
10,138000,S3,0.0049,344873133300.61273,S6,0.9102
10,138000,S4,0.0827,518833685997.1542,S6,0.9102
10,138000,S5,0.0005,248952265348.5916,S6,0.9102
10,138000,S6,0.9102,785310411346.8018,S6,0.9102
10,138500,S0,0.0,0.0,S6,0.9103
10,138500,S1,0.0,102877979996.10762,S6,0.9103
10,138500,S2,0.0017,302803484401.12415,S6,0.9103
10,138500,S3,0.0049,346155950022.4102,S6,0.9103
10,138500,S4,0.0826,520726073368.2044,S6,0.9103
10,138500,S5,0.0005,249859592549.2324,S6,0.9103
10,138500,S6,0.9103,788249594586.6862,S6,0.9103
10,139000,S0,0.0,0.0,S6,0.9104
10,139000,S1,0.0,103254924264.27403,S6,0.9104
10,139000,S2,0.0017,303938254395.9606,S6,0.9104
10,139000,S3,0.0049,347438766744.2077,S6,0.9104
10,139000,S4,0.0825,522618460739.2546,S6,0.9104
10,139000,S5,0.0005,250766919749.8732,S6,0.9104
10,139000,S6,0.9104,791188777826.5708,S6,0.9104
10,139500,S0,0.0,0.0,S6,0.9107
10,139500,S1,0.0,103631868532.44044,S6,0.9107
10,139500,S2,0.0017,305073024390.797,S6,0.9107
10,139500,S3,0.0049,348721583466.0051,S6,0.9107
10,139500,S4,0.0822,524510848110.3048,S6,0.9107
10,139500,S5,0.0005,251674246950.514,S6,0.9107
10,139500,S6,0.9107,794127961066.4554,S6,0.9107
10,140000,S0,0.0,0.0,S6,0.9109
10,140000,S1,0.0,104008812800.60687,S6,0.9109
10,140000,S2,0.0016,306207794385.6335,S6,0.9109
10,140000,S3,0.0049,350004400187.8026,S6,0.9109
10,140000,S4,0.0821,526403235481.355,S6,0.9109
10,140000,S5,0.0005,252581574151.1548,S6,0.9109
10,140000,S6,0.9109,797067144306.3398,S6,0.9109
10,140500,S0,0.0,0.0,S6,0.9111
10,140500,S1,0.0,104385757068.77327,S6,0.9111
10,140500,S2,0.0016,307342564380.4699,S6,0.9111
10,140500,S3,0.0049,351287216909.60004,S6,0.9111
10,140500,S4,0.0819,528295622852.4052,S6,0.9111
10,140500,S5,0.0005,253488901351.7956,S6,0.9111
10,140500,S6,0.9111,800006327546.2244,S6,0.9111
10,141000,S0,0.0,0.0,S6,0.9113
10,141000,S1,0.0,104762701336.9397,S6,0.9113
10,141000,S2,0.0016,308477334375.30634,S6,0.9113
10,141000,S3,0.0049,352570033631.3975,S6,0.9113
10,141000,S4,0.0817,530188010223.4554,S6,0.9113
10,141000,S5,0.0005,254396228552.4364,S6,0.9113
10,141000,S6,0.9113,802945510786.109,S6,0.9113
10,141500,S0,0.0,0.0,S6,0.9117
10,141500,S1,0.0,105139645605.1061,S6,0.9117
10,141500,S2,0.0016,309612104370.1428,S6,0.9117
10,141500,S3,0.0049,353852850353.19495,S6,0.9117
10,141500,S4,0.0813,532080397594.5055,S6,0.9117
10,141500,S5,0.0005,255303555753.0772,S6,0.9117
10,141500,S6,0.9117,805884694025.9935,S6,0.9117
10,142000,S0,0.0,0.0,S6,0.912
10,142000,S1,0.0,105516589873.27252,S6,0.912
10,142000,S2,0.0016,310746874364.9793,S6,0.912
10,142000,S3,0.0049,355135667074.9924,S6,0.912
10,142000,S4,0.081,533972784965.5558,S6,0.912
10,142000,S5,0.0005,256210882953.718,S6,0.912
10,142000,S6,0.912,808823877265.878,S6,0.912
10,142500,S0,0.0,0.0,S6,0.912
10,142500,S1,0.0,105893534141.43892,S6,0.912
10,142500,S2,0.0016,311881644359.81573,S6,0.912
10,142500,S3,0.0049,356418483796.7899,S6,0.912
10,142500,S4,0.081,535865172336.6059,S6,0.912
10,142500,S5,0.0005,257118210154.3588,S6,0.912
10,142500,S6,0.912,811763060505.7626,S6,0.912
10,143000,S0,0.0,0.0,S6,0.9122
10,143000,S1,0.0,106270478409.60535,S6,0.9122
10,143000,S2,0.0016,313016414354.6522,S6,0.9122
10,143000,S3,0.0049,357701300518.58734,S6,0.9122
10,143000,S4,0.0808,537757559707.6561,S6,0.9122
10,143000,S5,0.0005,258025537354.9996,S6,0.9122
10,143000,S6,0.9122,814702243745.6472,S6,0.9122
10,143500,S0,0.0,0.0,S6,0.9124
10,143500,S1,0.0,106647422677.77177,S6,0.9124
10,143500,S2,0.0016,314151184349.48865,S6,0.9124
10,143500,S3,0.0048,358984117240.3848,S6,0.9124
10,143500,S4,0.0807,539649947078.7063,S6,0.9124
10,143500,S5,0.0005,258932864555.64044,S6,0.9124
10,143500,S6,0.9124,817641426985.5317,S6,0.9124
10,144000,S0,0.0,0.0,S6,0.9125
10,144000,S1,0.0,107024366945.93817,S6,0.9125
10,144000,S2,0.0016,315285954344.3251,S6,0.9125
10,144000,S3,0.0048,360266933962.1823,S6,0.9125
10,144000,S4,0.0806,541542334449.7564,S6,0.9125
10,144000,S5,0.0005,259840191756.28125,S6,0.9125
10,144000,S6,0.9125,820580610225.4163,S6,0.9125
10,144500,S0,0.0,0.0,S6,0.9126
10,144500,S1,0.0,107401311214.10458,S6,0.9126
10,144500,S2,0.0016,316420724339.1615,S6,0.9126
10,144500,S3,0.0048,361549750683.97974,S6,0.9126
10,144500,S4,0.0805,543434721820.8066,S6,0.9126
10,144500,S5,0.0005,260747518956.922,S6,0.9126
10,144500,S6,0.9126,823519793465.3008,S6,0.9126
10,145000,S0,0.0,0.0,S6,0.9127
10,145000,S1,0.0,107778255482.271,S6,0.9127
10,145000,S2,0.0016,317555494333.998,S6,0.9127
10,145000,S3,0.0048,362832567405.7772,S6,0.9127
10,145000,S4,0.0804,545327109191.8568,S6,0.9127
10,145000,S5,0.0005,261654846157.5628,S6,0.9127
10,145000,S6,0.9127,826458976705.1854,S6,0.9127
10,145500,S0,0.0,0.0,S6,0.9127
10,145500,S1,0.0,108155199750.43742,S6,0.9127
10,145500,S2,0.0016,318690264328.8345,S6,0.9127
10,145500,S3,0.0048,364115384127.5747,S6,0.9127
10,145500,S4,0.0804,547219496562.907,S6,0.9127
10,145500,S5,0.0005,262562173358.2036,S6,0.9127
10,145500,S6,0.9127,829398159945.07,S6,0.9127
10,146000,S0,0.0,0.0,S6,0.9127
10,146000,S1,0.0,108532144018.60382,S6,0.9127
10,146000,S2,0.0016,319825034323.6709,S6,0.9127
10,146000,S3,0.0048,365398200849.3721,S6,0.9127
10,146000,S4,0.0804,549111883933.9573,S6,0.9127
10,146000,S5,0.0005,263469500558.8444,S6,0.9127
10,146000,S6,0.9127,832337343184.9545,S6,0.9127
10,146500,S0,0.0,0.0,S6,0.9127
10,146500,S1,0.0,108909088286.77025,S6,0.9127
10,146500,S2,0.0016,320959804318.5073,S6,0.9127
10,146500,S3,0.0048,366681017571.1696,S6,0.9127
10,146500,S4,0.0804,551004271305.0074,S6,0.9127
10,146500,S5,0.0005,264376827759.4852,S6,0.9127
10,146500,S6,0.9127,835276526424.8391,S6,0.9127
10,147000,S0,0.0,0.0,S6,0.9128
10,147000,S1,0.0,109286032554.93666,S6,0.9128
10,147000,S2,0.0016,322094574313.34375,S6,0.9128
10,147000,S3,0.0048,367963834292.9671,S6,0.9128
10,147000,S4,0.0803,552896658676.0576,S6,0.9128
10,147000,S5,0.0005,265284154960.126,S6,0.9128
10,147000,S6,0.9128,838215709664.7236,S6,0.9128
10,147500,S0,0.0,0.0,S6,0.9128
10,147500,S1,0.0,109662976823.10307,S6,0.9128
10,147500,S2,0.0016,323229344308.1802,S6,0.9128
10,147500,S3,0.0048,369246651014.7645,S6,0.9128
10,147500,S4,0.0803,554789046047.1079,S6,0.9128
10,147500,S5,0.0005,266191482160.7668,S6,0.9128
10,147500,S6,0.9128,841154892904.6082,S6,0.9128
10,148000,S0,0.0,0.0,S6,0.9128
10,148000,S1,0.0,110039921091.26947,S6,0.9128
10,148000,S2,0.0016,324364114303.0167,S6,0.9128
10,148000,S3,0.0048,370529467736.56195,S6,0.9128
10,148000,S4,0.0803,556681433418.158,S6,0.9128
10,148000,S5,0.0005,267098809361.40765,S6,0.9128
10,148000,S6,0.9128,844094076144.4927,S6,0.9128
10,148500,S0,0.0,0.0,S6,0.9128
10,148500,S1,0.0,110416865359.4359,S6,0.9128
10,148500,S2,0.0016,325498884297.8531,S6,0.9128
10,148500,S3,0.0048,371812284458.3594,S6,0.9128
10,148500,S4,0.0803,558573820789.2083,S6,0.9128
10,148500,S5,0.0005,268006136562.04846,S6,0.9128
10,148500,S6,0.9128,847033259384.3773,S6,0.9128
10,149000,S0,0.0,0.0,S6,0.9128
10,149000,S1,0.0,110793809627.6023,S6,0.9128
10,149000,S2,0.0016,326633654292.6896,S6,0.9128
10,149000,S3,0.0048,373095101180.1569,S6,0.9128
10,149000,S4,0.0803,560466208160.2584,S6,0.9128
10,149000,S5,0.0005,268913463762.68924,S6,0.9128
10,149000,S6,0.9128,849972442624.2618,S6,0.9128
10,149500,S0,0.0,0.0,S6,0.9128
10,149500,S1,0.0,111170753895.76872,S6,0.9128
10,149500,S2,0.0016,327768424287.526,S6,0.9128
10,149500,S3,0.0048,374377917901.95435,S6,0.9128
10,149500,S4,0.0803,562358595531.3087,S6,0.9128
10,149500,S5,0.0005,269820790963.33,S6,0.9128
10,149500,S6,0.9128,852911625864.1464,S6,0.9128
10,150000,S0,0.0,0.0,S6,0.9128
10,150000,S1,0.0,111547698163.93513,S6,0.9128
10,150000,S2,0.0016,328903194282.3624,S6,0.9128
10,150000,S3,0.0048,375660734623.7518,S6,0.9128
10,150000,S4,0.0803,564250982902.3588,S6,0.9128
10,150000,S5,0.0005,270728118163.97086,S6,0.9128
10,150000,S6,0.9128,855850809104.031,S6,0.9128
10,150500,S0,0.0,0.0,S6,0.9128
10,150500,S1,0.0,111924642432.10155,S6,0.9128
10,150500,S2,0.0016,330037964277.1989,S6,0.9128
10,150500,S3,0.0048,376943551345.5493,S6,0.9128
10,150500,S4,0.0803,566143370273.409,S6,0.9128
10,150500,S5,0.0005,271635445364.61166,S6,0.9128
10,150500,S6,0.9128,858789992343.9155,S6,0.9128
10,151000,S0,0.0,0.0,S6,0.913
10,151000,S1,0.0,112301586700.26796,S6,0.913
10,151000,S2,0.0016,331172734272.0354,S6,0.913
10,151000,S3,0.0048,378226368067.34674,S6,0.913
10,151000,S4,0.0801,568035757644.4592,S6,0.913
10,151000,S5,0.0005,272542772565.2525,S6,0.913
10,151000,S6,0.913,861729175583.8,S6,0.913
10,151500,S0,0.0,0.0,S6,0.9132
10,151500,S1,0.0,112678530968.43437,S6,0.9132
10,151500,S2,0.0016,332307504266.8718,S6,0.9132
10,151500,S3,0.0048,379509184789.1442,S6,0.9132
10,151500,S4,0.0799,569928145015.5094,S6,0.9132
10,151500,S5,0.0005,273450099765.8933,S6,0.9132
10,151500,S6,0.9132,864668358823.6846,S6,0.9132
10,152000,S0,0.0,0.0,S6,0.9136
10,152000,S1,0.0,113055475236.60077,S6,0.9136
10,152000,S2,0.0016,333442274261.70825,S6,0.9136
10,152000,S3,0.0048,380792001510.9417,S6,0.9136
10,152000,S4,0.0795,571820532386.5596,S6,0.9136
10,152000,S5,0.0005,274357426966.53406,S6,0.9136
10,152000,S6,0.9136,867607542063.5692,S6,0.9136
10,152500,S0,0.0,0.0,S6,0.9136
10,152500,S1,0.0,113432419504.7672,S6,0.9136
10,152500,S2,0.0016,334577044256.5447,S6,0.9136
10,152500,S3,0.0048,382074818232.73914,S6,0.9136
10,152500,S4,0.0795,573712919757.6097,S6,0.9136
10,152500,S5,0.0005,275264754167.1749,S6,0.9136
10,152500,S6,0.9136,870546725303.4537,S6,0.9136
10,153000,S0,0.0,0.0,S6,0.9136
10,153000,S1,0.0,113809363772.9336,S6,0.9136
10,153000,S2,0.0016,335711814251.38116,S6,0.9136
10,153000,S3,0.0048,383357634954.5366,S6,0.9136
10,153000,S4,0.0795,575605307128.66,S6,0.9136
10,153000,S5,0.0005,276172081367.8157,S6,0.9136
10,153000,S6,0.9136,873485908543.3383,S6,0.9136
10,153500,S0,0.0,0.0,S6,0.9136
10,153500,S1,0.0,114186308041.10005,S6,0.9136
10,153500,S2,0.0016,336846584246.2176,S6,0.9136
10,153500,S3,0.0048,384640451676.3341,S6,0.9136
10,153500,S4,0.0795,577497694499.7102,S6,0.9136
10,153500,S5,0.0005,277079408568.4565,S6,0.9136
10,153500,S6,0.9136,876425091783.2228,S6,0.9136
10,154000,S0,0.0,0.0,S6,0.9136
10,154000,S1,0.0,114563252309.26645,S6,0.9136
10,154000,S2,0.0016,337981354241.054,S6,0.9136
10,154000,S3,0.0048,385923268398.1315,S6,0.9136
10,154000,S4,0.0795,579390081870.7604,S6,0.9136
10,154000,S5,0.0005,277986735769.0973,S6,0.9136
10,154000,S6,0.9136,879364275023.1074,S6,0.9136
10,154500,S0,0.0,0.0,S6,0.9136
10,154500,S1,0.0,114940196577.43285,S6,0.9136
10,154500,S2,0.0016,339116124235.8905,S6,0.9136
10,154500,S3,0.0048,387206085119.92896,S6,0.9136
10,154500,S4,0.0795,581282469241.8105,S6,0.9136
10,154500,S5,0.0005,278894062969.7381,S6,0.9136
10,154500,S6,0.9136,882303458262.992,S6,0.9136
10,155000,S0,0.0,0.0,S6,0.9136
10,155000,S1,0.0,115317140845.59927,S6,0.9136
10,155000,S2,0.0016,340250894230.7269,S6,0.9136
10,155000,S3,0.0048,388488901841.7264,S6,0.9136
10,155000,S4,0.0795,583174856612.8608,S6,0.9136
10,155000,S5,0.0005,279801390170.3789,S6,0.9136
10,155000,S6,0.9136,885242641502.8765,S6,0.9136
10,155500,S0,0.0,0.0,S6,0.9136
10,155500,S1,0.0,115694085113.76567,S6,0.9136
10,155500,S2,0.0016,341385664225.5634,S6,0.9136
10,155500,S3,0.0048,389771718563.5239,S6,0.9136
10,155500,S4,0.0795,585067243983.911,S6,0.9136
10,155500,S5,0.0005,280708717371.0197,S6,0.9136
10,155500,S6,0.9136,888181824742.761,S6,0.9136
10,156000,S0,0.0,0.0,S6,0.9138
10,156000,S1,0.0,116071029381.9321,S6,0.9138
10,156000,S2,0.0016,342520434220.39984,S6,0.9138
10,156000,S3,0.0048,391054535285.3214,S6,0.9138
10,156000,S4,0.0793,586959631354.9612,S6,0.9138
10,156000,S5,0.0005,281616044571.6605,S6,0.9138
10,156000,S6,0.9138,891121007982.6456,S6,0.9138
10,156500,S0,0.0,0.0,S6,0.9138
10,156500,S1,0.0,116447973650.0985,S6,0.9138
10,156500,S2,0.0016,343655204215.2363,S6,0.9138
10,156500,S3,0.0048,392337352007.11884,S6,0.9138
10,156500,S4,0.0793,588852018726.0114,S6,0.9138
10,156500,S5,0.0005,282523371772.3013,S6,0.9138
10,156500,S6,0.9138,894060191222.5302,S6,0.9138
10,157000,S0,0.0,0.0,S6,0.9138
10,157000,S1,0.0,116824917918.26492,S6,0.9138
10,157000,S2,0.0016,344789974210.0728,S6,0.9138
10,157000,S3,0.0048,393620168728.9163,S6,0.9138
10,157000,S4,0.0793,590744406097.0615,S6,0.9138
10,157000,S5,0.0005,283430698972.9421,S6,0.9138
10,157000,S6,0.9138,896999374462.4148,S6,0.9138
10,157500,S0,0.0,0.0,S6,0.914
10,157500,S1,0.0,117201862186.43135,S6,0.914
10,157500,S2,0.0016,345924744204.9092,S6,0.914
10,157500,S3,0.0048,394902985450.7137,S6,0.914
10,157500,S4,0.0791,592636793468.1118,S6,0.914
10,157500,S5,0.0005,284338026173.5829,S6,0.914
10,157500,S6,0.914,899938557702.2992,S6,0.914
10,158000,S0,0.0,0.0,S6,0.914
10,158000,S1,0.0,117578806454.59775,S6,0.914
10,158000,S2,0.0016,347059514199.74567,S6,0.914
10,158000,S3,0.0048,396185802172.5112,S6,0.914
10,158000,S4,0.0791,594529180839.162,S6,0.914
10,158000,S5,0.0005,285245353374.2237,S6,0.914
10,158000,S6,0.914,902877740942.1838,S6,0.914
10,158500,S0,0.0,0.0,S6,0.914
10,158500,S1,0.0,117955750722.76418,S6,0.914
10,158500,S2,0.0016,348194284194.5821,S6,0.914
10,158500,S3,0.0048,397468618894.3087,S6,0.914
10,158500,S4,0.0791,596421568210.2122,S6,0.914
10,158500,S5,0.0005,286152680574.8645,S6,0.914
10,158500,S6,0.914,905816924182.0684,S6,0.914
10,159000,S0,0.0,0.0,S6,0.914
10,159000,S1,0.0,118332694990.9306,S6,0.914
10,159000,S2,0.0016,349329054189.4186,S6,0.914
10,159000,S3,0.0048,398751435616.1061,S6,0.914
10,159000,S4,0.0791,598313955581.2622,S6,0.914
10,159000,S5,0.0005,287060007775.5053,S6,0.914
10,159000,S6,0.914,908756107421.953,S6,0.914
10,159500,S0,0.0,0.0,S6,0.914
10,159500,S1,0.0,118709639259.097,S6,0.914
10,159500,S2,0.0016,350463824184.255,S6,0.914
10,159500,S3,0.0048,400034252337.9036,S6,0.914
10,159500,S4,0.0791,600206342952.3125,S6,0.914
10,159500,S5,0.0005,287967334976.1461,S6,0.914
10,159500,S6,0.914,911695290661.8374,S6,0.914
10,160000,S0,0.0,0.0,S6,0.914
10,160000,S1,0.0,119086583527.2634,S6,0.914
10,160000,S2,0.0016,351598594179.0914,S6,0.914
10,160000,S3,0.0048,401317069059.70105,S6,0.914
10,160000,S4,0.0791,602098730323.3628,S6,0.914
10,160000,S5,0.0005,288874662176.7869,S6,0.914
10,160000,S6,0.914,914634473901.722,S6,0.914
10,160500,S0,0.0,0.0,S6,0.9141
10,160500,S1,0.0,119463527795.42982,S6,0.9141
10,160500,S2,0.0016,352733364173.9279,S6,0.9141
10,160500,S3,0.0048,402599885781.4985,S6,0.9141
10,160500,S4,0.079,603991117694.4128,S6,0.9141
10,160500,S5,0.0005,289781989377.42773,S6,0.9141
10,160500,S6,0.9141,917573657141.6066,S6,0.9141
10,161000,S0,0.0,0.0,S6,0.9142
10,161000,S1,0.0,119840472063.59625,S6,0.9142
10,161000,S2,0.0016,353868134168.76434,S6,0.9142
10,161000,S3,0.0048,403882702503.29596,S6,0.9142
10,161000,S4,0.0789,605883505065.4631,S6,0.9142
10,161000,S5,0.0005,290689316578.0685,S6,0.9142
10,161000,S6,0.9142,920512840381.4912,S6,0.9142
10,161500,S0,0.0,0.0,S6,0.9142
10,161500,S1,0.0,120217416331.76265,S6,0.9142
10,161500,S2,0.0016,355002904163.6008,S6,0.9142
10,161500,S3,0.0048,405165519225.09344,S6,0.9142
10,161500,S4,0.0789,607775892436.5133,S6,0.9142
10,161500,S5,0.0005,291596643778.7093,S6,0.9142
10,161500,S6,0.9142,923452023621.3756,S6,0.9142
10,162000,S0,0.0,0.0,S6,0.9142
10,162000,S1,0.0,120594360599.92908,S6,0.9142
10,162000,S2,0.0016,356137674158.43726,S6,0.9142
10,162000,S3,0.0048,406448335946.8909,S6,0.9142
10,162000,S4,0.0789,609668279807.5635,S6,0.9142
10,162000,S5,0.0005,292503970979.3501,S6,0.9142
10,162000,S6,0.9142,926391206861.2604,S6,0.9142
10,162500,S0,0.0,0.0,S6,0.9144
10,162500,S1,0.0,120971304868.09547,S6,0.9144
10,162500,S2,0.0016,357272444153.2736,S6,0.9144
10,162500,S3,0.0048,407731152668.68835,S6,0.9144
10,162500,S4,0.0787,611560667178.6136,S6,0.9144
10,162500,S5,0.0005,293411298179.9909,S6,0.9144
10,162500,S6,0.9144,929330390101.1448,S6,0.9144
10,163000,S0,0.0,0.0,S6,0.9144
10,163000,S1,0.0,121348249136.2619,S6,0.9144
10,163000,S2,0.0016,358407214148.1101,S6,0.9144
10,163000,S3,0.0048,409013969390.4858,S6,0.9144
10,163000,S4,0.0787,613453054549.6638,S6,0.9144
10,163000,S5,0.0005,294318625380.6317,S6,0.9144
10,163000,S6,0.9144,932269573341.0295,S6,0.9144
10,163500,S0,0.0,0.0,S6,0.9145
10,163500,S1,0.0,121725193404.4283,S6,0.9145
10,163500,S2,0.0016,359541984142.9466,S6,0.9145
10,163500,S3,0.0048,410296786112.2833,S6,0.9145
10,163500,S4,0.0786,615345441920.7141,S6,0.9145
10,163500,S5,0.0005,295225952581.2725,S6,0.9145
10,163500,S6,0.9145,935208756580.914,S6,0.9145
10,164000,S0,0.0,0.0,S6,0.9145
10,164000,S1,0.0,122102137672.59473,S6,0.9145
10,164000,S2,0.0016,360676754137.783,S6,0.9145
10,164000,S3,0.0048,411579602834.0807,S6,0.9145
10,164000,S4,0.0786,617237829291.7643,S6,0.9145
10,164000,S5,0.0005,296133279781.9133,S6,0.9145
10,164000,S6,0.9145,938147939820.7983,S6,0.9145
10,164500,S0,0.0,0.0,S6,0.9145
10,164500,S1,0.0,122479081940.76115,S6,0.9145
10,164500,S2,0.0016,361811524132.6195,S6,0.9145
10,164500,S3,0.0048,412862419555.8782,S6,0.9145
10,164500,S4,0.0786,619130216662.8145,S6,0.9145
10,164500,S5,0.0005,297040606982.55414,S6,0.9145
10,164500,S6,0.9145,941087123060.683,S6,0.9145
10,165000,S0,0.0,0.0,S6,0.9145
10,165000,S1,0.0,122856026208.92755,S6,0.9145
10,165000,S2,0.0016,362946294127.4559,S6,0.9145
10,165000,S3,0.0048,414145236277.67566,S6,0.9145
10,165000,S4,0.0786,621022604033.8646,S6,0.9145
10,165000,S5,0.0005,297947934183.19495,S6,0.9145
10,165000,S6,0.9145,944026306300.5676,S6,0.9145
10,165500,S0,0.0,0.0,S6,0.9147
10,165500,S1,0.0,123232970477.09395,S6,0.9147
10,165500,S2,0.0016,364081064122.2924,S6,0.9147
10,165500,S3,0.0048,415428052999.4731,S6,0.9147
10,165500,S4,0.0784,622914991404.9148,S6,0.9147
10,165500,S5,0.0005,298855261383.8357,S6,0.9147
10,165500,S6,0.9147,946965489540.452,S6,0.9147
10,166000,S0,0.0,0.0,S6,0.9147
10,166000,S1,0.0,123609914745.2604,S6,0.9147
10,166000,S2,0.0016,365215834117.1288,S6,0.9147
10,166000,S3,0.0048,416710869721.27057,S6,0.9147
10,166000,S4,0.0784,624807378775.965,S6,0.9147
10,166000,S5,0.0005,299762588584.4765,S6,0.9147
10,166000,S6,0.9147,949904672780.3368,S6,0.9147
10,166500,S0,0.0,0.0,S6,0.9147
10,166500,S1,0.0,123986859013.4268,S6,0.9147
10,166500,S2,0.0016,366350604111.9653,S6,0.9147
10,166500,S3,0.0048,417993686443.06805,S6,0.9147
10,166500,S4,0.0784,626699766147.0153,S6,0.9147
10,166500,S5,0.0005,300669915785.1173,S6,0.9147
10,166500,S6,0.9147,952843856020.2212,S6,0.9147
10,167000,S0,0.0,0.0,S6,0.9148
10,167000,S1,0.0,124363803281.5932,S6,0.9148
10,167000,S2,0.0016,367485374106.8017,S6,0.9148
10,167000,S3,0.0047,419276503164.8655,S6,0.9148
10,167000,S4,0.0784,628592153518.0654,S6,0.9148
10,167000,S5,0.0005,301577242985.7581,S6,0.9148
10,167000,S6,0.9148,955783039260.1058,S6,0.9148
10,167500,S0,0.0,0.0,S6,0.9148
10,167500,S1,0.0,124740747549.75963,S6,0.9148
10,167500,S2,0.0016,368620144101.6382,S6,0.9148
10,167500,S3,0.0047,420559319886.663,S6,0.9148
10,167500,S4,0.0784,630484540889.1156,S6,0.9148
10,167500,S5,0.0005,302484570186.3989,S6,0.9148
10,167500,S6,0.9148,958722222499.9904,S6,0.9148
10,168000,S0,0.0,0.0,S6,0.9148
10,168000,S1,0.0,125117691817.92603,S6,0.9148
10,168000,S2,0.0016,369754914096.4746,S6,0.9148
10,168000,S3,0.0047,421842136608.4604,S6,0.9148
10,168000,S4,0.0784,632376928260.1659,S6,0.9148
10,168000,S5,0.0005,303391897387.03973,S6,0.9148
10,168000,S6,0.9148,961661405739.875,S6,0.9148
10,168500,S0,0.0,0.0,S6,0.9148
10,168500,S1,0.0,125494636086.09245,S6,0.9148
10,168500,S2,0.0016,370889684091.3111,S6,0.9148
10,168500,S3,0.0047,423124953330.2579,S6,0.9148
10,168500,S4,0.0784,634269315631.216,S6,0.9148
10,168500,S5,0.0005,304299224587.68054,S6,0.9148
10,168500,S6,0.9148,964600588979.7596,S6,0.9148
10,169000,S0,0.0,0.0,S6,0.9148
10,169000,S1,0.0,125871580354.25885,S6,0.9148
10,169000,S2,0.0016,372024454086.1475,S6,0.9148
10,169000,S3,0.0047,424407770052.05536,S6,0.9148
10,169000,S4,0.0784,636161703002.2662,S6,0.9148
10,169000,S5,0.0005,305206551788.32135,S6,0.9148
10,169000,S6,0.9148,967539772219.644,S6,0.9148
10,169500,S0,0.0,0.0,S6,0.9148
10,169500,S1,0.0,126248524622.42525,S6,0.9148
10,169500,S2,0.0016,373159224080.984,S6,0.9148
10,169500,S3,0.0047,425690586773.8528,S6,0.9148
10,169500,S4,0.0784,638054090373.3164,S6,0.9148
10,169500,S5,0.0005,306113878988.9622,S6,0.9148
10,169500,S6,0.9148,970478955459.5286,S6,0.9148
10,170000,S0,0.0,0.0,S6,0.915
10,170000,S1,0.0,126625468890.5917,S6,0.915
10,170000,S2,0.0016,374293994075.82043,S6,0.915
10,170000,S3,0.0047,426973403495.65027,S6,0.915
10,170000,S4,0.0782,639946477744.3666,S6,0.915
10,170000,S5,0.0005,307021206189.60297,S6,0.915
10,170000,S6,0.915,973418138699.4132,S6,0.915
10,170500,S0,0.0,0.0,S6,0.9151
10,170500,S1,0.0,127002413158.7581,S6,0.9151
10,170500,S2,0.0016,375428764070.6569,S6,0.9151
10,170500,S3,0.0047,428256220217.44775,S6,0.9151
10,170500,S4,0.0781,641838865115.4167,S6,0.9151
10,170500,S5,0.0005,307928533390.2438,S6,0.9151
10,170500,S6,0.9151,976357321939.2979,S6,0.9151
10,171000,S0,0.0,0.0,S6,0.9151
10,171000,S1,0.0,127379357426.92453,S6,0.9151
10,171000,S2,0.0016,376563534065.4933,S6,0.9151
10,171000,S3,0.0047,429539036939.2452,S6,0.9151
10,171000,S4,0.0781,643731252486.467,S6,0.9151
10,171000,S5,0.0005,308835860590.8846,S6,0.9151
10,171000,S6,0.9151,979296505179.1824,S6,0.9151
10,171500,S0,0.0,0.0,S6,0.9151
10,171500,S1,0.0,127756301695.09093,S6,0.9151
10,171500,S2,0.0016,377698304060.3298,S6,0.9151
10,171500,S3,0.0047,430821853661.04266,S6,0.9151
10,171500,S4,0.0781,645623639857.5172,S6,0.9151
10,171500,S5,0.0005,309743187791.5254,S6,0.9151
10,171500,S6,0.9151,982235688419.0668,S6,0.9151
10,172000,S0,0.0,0.0,S6,0.9152
10,172000,S1,0.0,128133245963.25735,S6,0.9152
10,172000,S2,0.0016,378833074055.1662,S6,0.9152
10,172000,S3,0.0047,432104670382.84015,S6,0.9152
10,172000,S4,0.078,647516027228.5674,S6,0.9152
10,172000,S5,0.0005,310650514992.1662,S6,0.9152
10,172000,S6,0.9152,985174871658.9517,S6,0.9152
10,172500,S0,0.0,0.0,S6,0.9152
10,172500,S1,0.0,128510190231.42375,S6,0.9152
10,172500,S2,0.0016,379967844050.0027,S6,0.9152
10,172500,S3,0.0047,433387487104.6376,S6,0.9152
10,172500,S4,0.078,649408414599.6176,S6,0.9152
10,172500,S5,0.0005,311557842192.807,S6,0.9152
10,172500,S6,0.9152,988114054898.836,S6,0.9152
10,173000,S0,0.0,0.0,S6,0.9152
10,173000,S1,0.0,128887134499.59015,S6,0.9152
10,173000,S2,0.0016,381102614044.8391,S6,0.9152
10,173000,S3,0.0047,434670303826.435,S6,0.9152
10,173000,S4,0.078,651300801970.6678,S6,0.9152
10,173000,S5,0.0005,312465169393.4478,S6,0.9152
10,173000,S6,0.9152,991053238138.7205,S6,0.9152
10,173500,S0,0.0,0.0,S6,0.9152
10,173500,S1,0.0,129264078767.7566,S6,0.9152
10,173500,S2,0.0016,382237384039.67554,S6,0.9152
10,173500,S3,0.0047,435953120548.2325,S6,0.9152
10,173500,S4,0.078,653193189341.718,S6,0.9152
10,173500,S5,0.0005,313372496594.0886,S6,0.9152
10,173500,S6,0.9152,993992421378.6052,S6,0.9152
10,174000,S0,0.0,0.0,S6,0.9152
10,174000,S1,0.0,129641023035.923,S6,0.9152
10,174000,S2,0.0016,383372154034.512,S6,0.9152
10,174000,S3,0.0047,437235937270.03,S6,0.9152
10,174000,S4,0.078,655085576712.7682,S6,0.9152
10,174000,S5,0.0005,314279823794.7294,S6,0.9152
10,174000,S6,0.9152,996931604618.4896,S6,0.9152
10,174500,S0,0.0,0.0,S6,0.9152
10,174500,S1,0.0,130017967304.0894,S6,0.9152
10,174500,S2,0.0016,384506924029.3485,S6,0.9152
10,174500,S3,0.0047,438518753991.8274,S6,0.9152
10,174500,S4,0.078,656977964083.8184,S6,0.9152
10,174500,S5,0.0005,315187150995.3702,S6,0.9152
10,174500,S6,0.9152,999870787858.374,S6,0.9152
10,175000,S0,0.0,0.0,S6,0.9152
10,175000,S1,0.0,130394911572.25583,S6,0.9152
10,175000,S2,0.0016,385641694024.1849,S6,0.9152
10,175000,S3,0.0047,439801570713.6249,S6,0.9152
10,175000,S4,0.078,658870351454.8685,S6,0.9152
10,175000,S5,0.0005,316094478196.011,S6,0.9152
10,175000,S6,0.9152,1002809971098.2588,S6,0.9152
10,175500,S0,0.0,0.0,S6,0.9154
10,175500,S1,0.0,130771855840.42226,S6,0.9154
10,175500,S2,0.0016,386776464019.0214,S6,0.9154
10,175500,S3,0.0047,441084387435.42236,S6,0.9154
10,175500,S4,0.0778,660762738825.9187,S6,0.9154
10,175500,S5,0.0005,317001805396.6518,S6,0.9154
10,175500,S6,0.9154,1005749154338.1432,S6,0.9154
10,176000,S0,0.0,0.0,S6,0.9155
10,176000,S1,0.0,131148800108.58865,S6,0.9155
10,176000,S2,0.0016,387911234013.8578,S6,0.9155
10,176000,S3,0.0047,442367204157.2198,S6,0.9155
10,176000,S4,0.0777,662655126196.9689,S6,0.9155
10,176000,S5,0.0005,317909132597.2926,S6,0.9155
10,176000,S6,0.9155,1008688337578.0278,S6,0.9155
10,176500,S0,0.0,0.0,S6,0.9155
10,176500,S1,0.0,131525744376.75508,S6,0.9155
10,176500,S2,0.0016,389046004008.6943,S6,0.9155
10,176500,S3,0.0047,443650020879.0173,S6,0.9155
10,176500,S4,0.0777,664547513568.0192,S6,0.9155
10,176500,S5,0.0005,318816459797.9334,S6,0.9155
10,176500,S6,0.9155,1011627520817.9124,S6,0.9155
10,177000,S0,0.0,0.0,S6,0.9156
10,177000,S1,0.0,131902688644.92148,S6,0.9156
10,177000,S2,0.0015,390180774003.5307,S6,0.9156
10,177000,S3,0.0047,444932837600.8147,S6,0.9156
10,177000,S4,0.0777,666439900939.0695,S6,0.9156
10,177000,S5,0.0005,319723786998.5742,S6,0.9156
10,177000,S6,0.9156,1014566704057.7968,S6,0.9156
10,177500,S0,0.0,0.0,S6,0.9156
10,177500,S1,0.0,132279632913.0879,S6,0.9156
10,177500,S2,0.0015,391315543998.3672,S6,0.9156
10,177500,S3,0.0047,446215654322.6122,S6,0.9156
10,177500,S4,0.0777,668332288310.1195,S6,0.9156
10,177500,S5,0.0005,320631114199.215,S6,0.9156
10,177500,S6,0.9156,1017505887297.6814,S6,0.9156
10,178000,S0,0.0,0.0,S6,0.9156
10,178000,S1,0.0,132656577181.2543,S6,0.9156
10,178000,S2,0.0015,392450313993.2036,S6,0.9156
10,178000,S3,0.0047,447498471044.4096,S6,0.9156
10,178000,S4,0.0777,670224675681.1698,S6,0.9156
10,178000,S5,0.0005,321538441399.8558,S6,0.9156
10,178000,S6,0.9156,1020445070537.566,S6,0.9156
10,178500,S0,0.0,0.0,S6,0.9156
10,178500,S1,0.0,133033521449.42073,S6,0.9156
10,178500,S2,0.0015,393585083988.04,S6,0.9156
10,178500,S3,0.0047,448781287766.2071,S6,0.9156
10,178500,S4,0.0777,672117063052.22,S6,0.9156
10,178500,S5,0.0005,322445768600.4966,S6,0.9156
10,178500,S6,0.9156,1023384253777.4506,S6,0.9156
10,179000,S0,0.0,0.0,S6,0.9157
10,179000,S1,0.0,133410465717.58713,S6,0.9157
10,179000,S2,0.0015,394719853982.8765,S6,0.9157
10,179000,S3,0.0047,450064104488.0046,S6,0.9157
10,179000,S4,0.0776,674009450423.2701,S6,0.9157
10,179000,S5,0.0005,323353095801.1374,S6,0.9157
10,179000,S6,0.9157,1026323437017.3352,S6,0.9157
10,179500,S0,0.0,0.0,S6,0.9158
10,179500,S1,0.0,133787409985.75356,S6,0.9158
10,179500,S2,0.0015,395854623977.71295,S6,0.9158
10,179500,S3,0.0047,451346921209.802,S6,0.9158
10,179500,S4,0.0775,675901837794.3204,S6,0.9158
10,179500,S5,0.0005,324260423001.7782,S6,0.9158
10,179500,S6,0.9158,1029262620257.2198,S6,0.9158
10,180000,S0,0.0,0.0,S6,0.9158
10,180000,S1,0.0,134164354253.91997,S6,0.9158
10,180000,S2,0.0015,396989393972.5494,S6,0.9158
10,180000,S3,0.0047,452629737931.5996,S6,0.9158
10,180000,S4,0.0775,677794225165.3705,S6,0.9158
10,180000,S5,0.0005,325167750202.419,S6,0.9158
10,180000,S6,0.9158,1032201803497.1042,S6,0.9158
10,180500,S0,0.0,0.0,S6,0.9159
10,180500,S1,0.0,134541298522.08638,S6,0.9159
10,180500,S2,0.0015,398124163967.3858,S6,0.9159
10,180500,S3,0.0047,453912554653.397,S6,0.9159
10,180500,S4,0.0774,679686612536.4207,S6,0.9159
10,180500,S5,0.0005,326075077403.0599,S6,0.9159
10,180500,S6,0.9159,1035140986736.9888,S6,0.9159
10,181000,S0,0.0,0.0,S6,0.9159
10,181000,S1,0.0,134918242790.25278,S6,0.9159
10,181000,S2,0.0015,399258933962.2223,S6,0.9159
10,181000,S3,0.0047,455195371375.1944,S6,0.9159
10,181000,S4,0.0774,681578999907.4708,S6,0.9159
10,181000,S5,0.0005,326982404603.7006,S6,0.9159
10,181000,S6,0.9159,1038080169976.8732,S6,0.9159
10,181500,S0,0.0,0.0,S6,0.9159
10,181500,S1,0.0,135295187058.4192,S6,0.9159
10,181500,S2,0.0015,400393703957.0588,S6,0.9159
10,181500,S3,0.0047,456478188096.9918,S6,0.9159
10,181500,S4,0.0774,683471387278.5211,S6,0.9159
10,181500,S5,0.0005,327889731804.3414,S6,0.9159
10,181500,S6,0.9159,1041019353216.758,S6,0.9159
10,182000,S0,0.0,0.0,S6,0.9159
10,182000,S1,0.0,135672131326.5856,S6,0.9159
10,182000,S2,0.0015,401528473951.8952,S6,0.9159
10,182000,S3,0.0047,457761004818.7894,S6,0.9159
10,182000,S4,0.0774,685363774649.5713,S6,0.9159
10,182000,S5,0.0005,328797059004.9822,S6,0.9159
10,182000,S6,0.9159,1043958536456.6425,S6,0.9159
10,182500,S0,0.0,0.0,S6,0.9159
10,182500,S1,0.0,136049075594.75203,S6,0.9159
10,182500,S2,0.0015,402663243946.7316,S6,0.9159
10,182500,S3,0.0047,459043821540.5868,S6,0.9159
10,182500,S4,0.0774,687256162020.6215,S6,0.9159
10,182500,S5,0.0005,329704386205.623,S6,0.9159
10,182500,S6,0.9159,1046897719696.527,S6,0.9159
10,183000,S0,0.0,0.0,S6,0.9159
10,183000,S1,0.0,136426019862.91846,S6,0.9159
10,183000,S2,0.0015,403798013941.5681,S6,0.9159
10,183000,S3,0.0047,460326638262.3842,S6,0.9159
10,183000,S4,0.0774,689148549391.6718,S6,0.9159
10,183000,S5,0.0005,330611713406.2638,S6,0.9159
10,183000,S6,0.9159,1049836902936.4116,S6,0.9159
10,183500,S0,0.0,0.0,S6,0.9159
10,183500,S1,0.0,136802964131.08485,S6,0.9159
10,183500,S2,0.0015,404932783936.40454,S6,0.9159
10,183500,S3,0.0047,461609454984.1818,S6,0.9159
10,183500,S4,0.0774,691040936762.7218,S6,0.9159
10,183500,S5,0.0005,331519040606.9046,S6,0.9159
10,183500,S6,0.9159,1052776086176.296,S6,0.9159
10,184000,S0,0.0,0.0,S6,0.916
10,184000,S1,0.0,137179908399.25125,S6,0.916
10,184000,S2,0.0015,406067553931.24097,S6,0.916
10,184000,S3,0.0047,462892271705.9791,S6,0.916
10,184000,S4,0.0773,692933324133.772,S6,0.916
10,184000,S5,0.0005,332426367807.5455,S6,0.916
10,184000,S6,0.916,1055715269416.1808,S6,0.916
10,184500,S0,0.0,0.0,S6,0.916
10,184500,S1,0.0,137556852667.4177,S6,0.916
10,184500,S2,0.0015,407202323926.07745,S6,0.916
10,184500,S3,0.0047,464175088427.7767,S6,0.916
10,184500,S4,0.0773,694825711504.8221,S6,0.916
10,184500,S5,0.0005,333333695008.1863,S6,0.916
10,184500,S6,0.916,1058654452656.0652,S6,0.916
10,185000,S0,0.0,0.0,S6,0.9161
10,185000,S1,0.0,137933796935.5841,S6,0.9161
10,185000,S2,0.0015,408337093920.9139,S6,0.9161
10,185000,S3,0.0047,465457905149.5742,S6,0.9161
10,185000,S4,0.0772,696718098875.8726,S6,0.9161
10,185000,S5,0.0005,334241022208.827,S6,0.9161
10,185000,S6,0.9161,1061593635895.9498,S6,0.9161
10,185500,S0,0.0,0.0,S6,0.9161
10,185500,S1,0.0,138310741203.7505,S6,0.9161
10,185500,S2,0.0015,409471863915.75037,S6,0.9161
10,185500,S3,0.0047,466740721871.3716,S6,0.9161
10,185500,S4,0.0772,698610486246.9226,S6,0.9161
10,185500,S5,0.0005,335148349409.46783,S6,0.9161
10,185500,S6,0.9161,1064532819135.8344,S6,0.9161
10,186000,S0,0.0,0.0,S6,0.9162
10,186000,S1,0.0,138687685471.91693,S6,0.9162
10,186000,S2,0.0015,410606633910.5868,S6,0.9162
10,186000,S3,0.0047,468023538593.169,S6,0.9162
10,186000,S4,0.0771,700502873617.9728,S6,0.9162
10,186000,S5,0.0005,336055676610.1086,S6,0.9162
10,186000,S6,0.9162,1067472002375.7188,S6,0.9162
10,186500,S0,0.0,0.0,S6,0.9162
10,186500,S1,0.0,139064629740.08334,S6,0.9162
10,186500,S2,0.0015,411741403905.4232,S6,0.9162
10,186500,S3,0.0047,469306355314.9665,S6,0.9162
10,186500,S4,0.0771,702395260989.023,S6,0.9162
10,186500,S5,0.0005,336963003810.74945,S6,0.9162
10,186500,S6,0.9162,1070411185615.6034,S6,0.9162
10,187000,S0,0.0,0.0,S6,0.9162
10,187000,S1,0.0,139441574008.24976,S6,0.9162
10,187000,S2,0.0015,412876173900.2597,S6,0.9162
10,187000,S3,0.0047,470589172036.764,S6,0.9162
10,187000,S4,0.0771,704287648360.0732,S6,0.9162
10,187000,S5,0.0005,337870331011.3903,S6,0.9162
10,187000,S6,0.9162,1073350368855.488,S6,0.9162
10,187500,S0,0.0,0.0,S6,0.9163
10,187500,S1,0.0,139818518276.41614,S6,0.9163
10,187500,S2,0.0015,414010943895.0961,S6,0.9163
10,187500,S3,0.0047,471871988758.5615,S6,0.9163
10,187500,S4,0.077,706180035731.1234,S6,0.9163
10,187500,S5,0.0005,338777658212.031,S6,0.9163
10,187500,S6,0.9163,1076289552095.3726,S6,0.9163
10,188000,S0,0.0,0.0,S6,0.9163
10,188000,S1,0.0,140195462544.5826,S6,0.9163
10,188000,S2,0.0015,415145713889.9326,S6,0.9163
10,188000,S3,0.0047,473154805480.3589,S6,0.9163
10,188000,S4,0.077,708072423102.1736,S6,0.9163
10,188000,S5,0.0005,339684985412.6719,S6,0.9163
10,188000,S6,0.9163,1079228735335.257,S6,0.9163
10,188500,S0,0.0,0.0,S6,0.9163
10,188500,S1,0.0,140572406812.749,S6,0.9163
10,188500,S2,0.0015,416280483884.769,S6,0.9163
10,188500,S3,0.0047,474437622202.1563,S6,0.9163
10,188500,S4,0.077,709964810473.2238,S6,0.9163
10,188500,S5,0.0005,340592312613.3126,S6,0.9163
10,188500,S6,0.9163,1082167918575.1416,S6,0.9163
10,189000,S0,0.0,0.0,S6,0.9164
10,189000,S1,0.0,140949351080.9154,S6,0.9164
10,189000,S2,0.0015,417415253879.6055,S6,0.9164
10,189000,S3,0.0047,475720438923.9538,S6,0.9164
10,189000,S4,0.0769,711857197844.274,S6,0.9164
10,189000,S5,0.0005,341499639813.9534,S6,0.9164
10,189000,S6,0.9164,1085107101815.0264,S6,0.9164
10,189500,S0,0.0,0.0,S6,0.9164
10,189500,S1,0.0,141326295349.0818,S6,0.9164
10,189500,S2,0.0015,418550023874.4419,S6,0.9164
10,189500,S3,0.0047,477003255645.7512,S6,0.9164
10,189500,S4,0.0769,713749585215.3242,S6,0.9164
10,189500,S5,0.0005,342406967014.5943,S6,0.9164
10,189500,S6,0.9164,1088046285054.9108,S6,0.9164
10,190000,S0,0.0,0.0,S6,0.9164
10,190000,S1,0.0,141703239617.24823,S6,0.9164
10,190000,S2,0.0015,419684793869.2784,S6,0.9164
10,190000,S3,0.0047,478286072367.5487,S6,0.9164
10,190000,S4,0.0769,715641972586.3744,S6,0.9164
10,190000,S5,0.0005,343314294215.2351,S6,0.9164
10,190000,S6,0.9164,1090985468294.7952,S6,0.9164
10,190500,S0,0.0,0.0,S6,0.9164
10,190500,S1,0.0,142080183885.41464,S6,0.9164
10,190500,S2,0.0015,420819563864.11487,S6,0.9164
10,190500,S3,0.0047,479568889089.3461,S6,0.9164
10,190500,S4,0.0769,717534359957.4246,S6,0.9164
10,190500,S5,0.0005,344221621415.8759,S6,0.9164
10,190500,S6,0.9164,1093924651534.68,S6,0.9164
10,191000,S0,0.0,0.0,S6,0.9164
10,191000,S1,0.0,142457128153.58105,S6,0.9164
10,191000,S2,0.0015,421954333858.9513,S6,0.9164
10,191000,S3,0.0047,480851705811.1436,S6,0.9164
10,191000,S4,0.0769,719426747328.4749,S6,0.9164
10,191000,S5,0.0005,345128948616.51666,S6,0.9164
10,191000,S6,0.9164,1096863834774.5645,S6,0.9164
10,191500,S0,0.0,0.0,S6,0.9166
10,191500,S1,0.0,142834072421.74747,S6,0.9166
10,191500,S2,0.0015,423089103853.7877,S6,0.9166
10,191500,S3,0.0047,482134522532.9412,S6,0.9166
10,191500,S4,0.0767,721319134699.525,S6,0.9166
10,191500,S5,0.0005,346036275817.1575,S6,0.9166
10,191500,S6,0.9166,1099803018014.449,S6,0.9166
10,192000,S0,0.0,0.0,S6,0.9167
10,192000,S1,0.0,143211016689.91388,S6,0.9167
10,192000,S2,0.0014,424223873848.62415,S6,0.9167
10,192000,S3,0.0047,483417339254.7386,S6,0.9167
10,192000,S4,0.0767,723211522070.5752,S6,0.9167
10,192000,S5,0.0005,346943603017.7983,S6,0.9167
10,192000,S6,0.9167,1102742201254.3335,S6,0.9167
10,192500,S0,0.0,0.0,S6,0.9167
10,192500,S1,0.0,143587960958.0803,S6,0.9167
10,192500,S2,0.0014,425358643843.4606,S6,0.9167
10,192500,S3,0.0047,484700155976.536,S6,0.9167
10,192500,S4,0.0767,725103909441.6254,S6,0.9167
10,192500,S5,0.0005,347850930218.4391,S6,0.9167
10,192500,S6,0.9167,1105681384494.218,S6,0.9167
10,193000,S0,0.0,0.0,S6,0.9167
10,193000,S1,0.0,143964905226.24673,S6,0.9167
10,193000,S2,0.0014,426493413838.2971,S6,0.9167
10,193000,S3,0.0047,485982972698.3334,S6,0.9167
10,193000,S4,0.0767,726996296812.6757,S6,0.9167
10,193000,S5,0.0005,348758257419.0799,S6,0.9167
10,193000,S6,0.9167,1108620567734.1028,S6,0.9167
10,193500,S0,0.0,0.0,S6,0.9167
10,193500,S1,0.0,144341849494.41312,S6,0.9167
10,193500,S2,0.0014,427628183833.1335,S6,0.9167
10,193500,S3,0.0047,487265789420.131,S6,0.9167
10,193500,S4,0.0767,728888684183.7258,S6,0.9167
10,193500,S5,0.0005,349665584619.7207,S6,0.9167
10,193500,S6,0.9167,1111559750973.9873,S6,0.9167
10,194000,S0,0.0,0.0,S6,0.9167
10,194000,S1,0.0,144718793762.57956,S6,0.9167
10,194000,S2,0.0014,428762953827.97,S6,0.9167
10,194000,S3,0.0047,488548606141.9283,S6,0.9167
10,194000,S4,0.0767,730781071554.7759,S6,0.9167
10,194000,S5,0.0005,350572911820.3615,S6,0.9167
10,194000,S6,0.9167,1114498934213.8718,S6,0.9167
10,194500,S0,0.0,0.0,S6,0.9167
10,194500,S1,0.0,145095738030.74594,S6,0.9167
10,194500,S2,0.0014,429897723822.8064,S6,0.9167
10,194500,S3,0.0047,489831422863.7259,S6,0.9167
10,194500,S4,0.0767,732673458925.826,S6,0.9167
10,194500,S5,0.0005,351480239021.0023,S6,0.9167
10,194500,S6,0.9167,1117438117453.7563,S6,0.9167
10,195000,S0,0.0,0.0,S6,0.9167
10,195000,S1,0.0,145472682298.91235,S6,0.9167
10,195000,S2,0.0014,431032493817.6428,S6,0.9167
10,195000,S3,0.0047,491114239585.5233,S6,0.9167
10,195000,S4,0.0767,734565846296.8763,S6,0.9167
10,195000,S5,0.0005,352387566221.6431,S6,0.9167
10,195000,S6,0.9167,1120377300693.641,S6,0.9167
10,195500,S0,0.0,0.0,S6,0.9168
10,195500,S1,0.0,145849626567.07877,S6,0.9168
10,195500,S2,0.0014,432167263812.4793,S6,0.9168
10,195500,S3,0.0047,492397056307.3208,S6,0.9168
10,195500,S4,0.0766,736458233667.9265,S6,0.9168
10,195500,S5,0.0005,353294893422.2839,S6,0.9168
10,195500,S6,0.9168,1123316483933.5254,S6,0.9168
10,196000,S0,0.0,0.0,S6,0.9168
10,196000,S1,0.0,146226570835.2452,S6,0.9168
10,196000,S2,0.0014,433302033807.3158,S6,0.9168
10,196000,S3,0.0047,493679873029.1182,S6,0.9168
10,196000,S4,0.0766,738350621038.9767,S6,0.9168
10,196000,S5,0.0005,354202220622.9247,S6,0.9168
10,196000,S6,0.9168,1126255667173.41,S6,0.9168
10,196500,S0,0.0,0.0,S6,0.9168
10,196500,S1,0.0,146603515103.4116,S6,0.9168
10,196500,S2,0.0014,434436803802.1522,S6,0.9168
10,196500,S3,0.0047,494962689750.9156,S6,0.9168
10,196500,S4,0.0766,740243008410.0269,S6,0.9168
10,196500,S5,0.0005,355109547823.5655,S6,0.9168
10,196500,S6,0.9168,1129194850413.2944,S6,0.9168
10,197000,S0,0.0,0.0,S6,0.9169
10,197000,S1,0.0,146980459371.57803,S6,0.9169
10,197000,S2,0.0014,435571573796.9887,S6,0.9169
10,197000,S3,0.0047,496245506472.7132,S6,0.9169
10,197000,S4,0.0765,742135395781.0771,S6,0.9169
10,197000,S5,0.0005,356016875024.2063,S6,0.9169
10,197000,S6,0.9169,1132134033653.1792,S6,0.9169
10,197500,S0,0.0,0.0,S6,0.9169
10,197500,S1,0.0,147357403639.74445,S6,0.9169
10,197500,S2,0.0014,436706343791.8251,S6,0.9169
10,197500,S3,0.0047,497528323194.5106,S6,0.9169
10,197500,S4,0.0765,744027783152.1274,S6,0.9169
10,197500,S5,0.0005,356924202224.84705,S6,0.9169
10,197500,S6,0.9169,1135073216893.0637,S6,0.9169
10,198000,S0,0.0,0.0,S6,0.9169
10,198000,S1,0.0,147734347907.91086,S6,0.9169
10,198000,S2,0.0014,437841113786.6616,S6,0.9169
10,198000,S3,0.0047,498811139916.3081,S6,0.9169
10,198000,S4,0.0765,745920170523.1774,S6,0.9169
10,198000,S5,0.0005,357831529425.4879,S6,0.9169
10,198000,S6,0.9169,1138012400132.9482,S6,0.9169
10,198500,S0,0.0,0.0,S6,0.9169
10,198500,S1,0.0,148111292176.07727,S6,0.9169
10,198500,S2,0.0014,438975883781.498,S6,0.9169
10,198500,S3,0.0047,500093956638.1056,S6,0.9169
10,198500,S4,0.0765,747812557894.2277,S6,0.9169
10,198500,S5,0.0005,358738856626.1287,S6,0.9169
10,198500,S6,0.9169,1140951583372.8328,S6,0.9169
10,199000,S0,0.0,0.0,S6,0.9169
10,199000,S1,0.0,148488236444.24368,S6,0.9169
10,199000,S2,0.0014,440110653776.3345,S6,0.9169
10,199000,S3,0.0047,501376773359.903,S6,0.9169
10,199000,S4,0.0765,749704945265.278,S6,0.9169
10,199000,S5,0.0005,359646183826.7695,S6,0.9169
10,199000,S6,0.9169,1143890766612.7173,S6,0.9169
10,199500,S0,0.0,0.0,S6,0.9169
10,199500,S1,0.0,148865180712.4101,S6,0.9169
10,199500,S2,0.0014,441245423771.17096,S6,0.9169
10,199500,S3,0.0047,502659590081.7005,S6,0.9169
10,199500,S4,0.0765,751597332636.328,S6,0.9169
10,199500,S5,0.0005,360553511027.4103,S6,0.9169
10,199500,S6,0.9169,1146829949852.6018,S6,0.9169
10,200000,S0,0.0,0.0,S6,0.9169
10,200000,S1,0.0,149242124980.5765,S6,0.9169
10,200000,S2,0.0014,442380193766.0073,S6,0.9169
10,200000,S3,0.0047,503942406803.498,S6,0.9169
10,200000,S4,0.0765,753489720007.3782,S6,0.9169
10,200000,S5,0.0005,361460838228.0511,S6,0.9169
10,200000,S6,0.9169,1149769133092.4863,S6,0.9169
