horizon_years,wtp,scenario_id,probability,expected_nmb,ceaf_scenario,ceaf_probability
5,0,S1,0.4948,-843077198.2597792,S1,0.4948
5,0,S2,0.0,-4670914764.5824795,S1,0.4948
5,0,S3,0.0,-8897841115.870684,S1,0.4948
5,0,S4,0.0187,-1607713277.5713,S1,0.4948
5,0,S5,0.4865,-863007068.0919279,S1,0.4948
5,500,S1,0.3313,-751526628.4716663,S5,0.5681
5,500,S2,0.0,-4395396352.234138,S5,0.5681
5,500,S3,0.0,-8674000078.913324,S5,0.5681
5,500,S4,0.1006,-1148214210.1862073,S5,0.5681
5,500,S5,0.5681,-642699773.4973834,S5,0.5681
5,1000,S1,0.183,-659976058.6835535,S5,0.5422
5,1000,S2,0.0,-4119877939.8857927,S5,0.5422
5,1000,S3,0.0,-8450159041.955967,S5,0.5422
5,1000,S4,0.2748,-688715142.8011146,S5,0.5422
5,1000,S5,0.5422,-422392478.9028389,S5,0.5422
5,1500,S1,0.0971,-568425488.8954406,S5,0.4537
5,1500,S2,0.0,-3844359527.53745,S5,0.4537
5,1500,S3,0.0,-8226318004.99861,S5,0.4537
5,1500,S4,0.4492,-229216075.4160219,S5,0.4537
5,1500,S5,0.4537,-202085184.30829445,S5,0.4537
5,2000,S1,0.0467,-476874919.10732764,S4,0.593
5,2000,S2,0.0,-3568841115.189108,S4,0.593
5,2000,S3,0.0,-8002476968.04125,S4,0.593
5,2000,S4,0.593,230282991.9690708,S4,0.593
5,2000,S5,0.3603,18222110.28625003,S4,0.593
5,2500,S1,0.0258,-385324349.31921476,S4,0.695
5,2500,S2,0.0001,-3293322702.8407636,S4,0.695
5,2500,S3,0.0,-7778635931.083892,S4,0.695
5,2500,S4,0.695,689782059.3541635,S4,0.695
5,2500,S5,0.2791,238529404.88079453,S4,0.695
5,3000,S1,0.0157,-293773779.5311019,S4,0.762
5,3000,S2,0.0001,-3017804290.49242,S4,0.762
5,3000,S3,0.0,-7554794894.126534,S4,0.762
5,3000,S4,0.762,1149281126.7392561,S4,0.762
5,3000,S5,0.2222,458836699.47533894,S4,0.762
5,3500,S1,0.0098,-202223209.742989,S4,0.8034
5,3500,S2,0.0001,-2742285878.1440773,S4,0.8034
5,3500,S3,0.0,-7330953857.169176,S4,0.8034
5,3500,S4,0.8034,1608780194.1243489,S4,0.8034
5,3500,S5,0.1867,679143994.0698833,S4,0.8034
5,4000,S1,0.0061,-110672639.95487612,S4,0.8355
5,4000,S2,0.0003,-2466767465.7957344,S4,0.8355
5,4000,S3,0.0,-7107112820.211819,S4,0.8355
5,4000,S4,0.8355,2068279261.5094414,S4,0.8355
5,4000,S5,0.1581,899451288.6644278,S4,0.8355
5,4500,S1,0.0045,-19122070.16676326,S4,0.8582
5,4500,S2,0.0004,-2191249053.447391,S4,0.8582
5,4500,S3,0.0,-6883271783.254461,S4,0.8582
5,4500,S4,0.8582,2527778328.8945346,S4,0.8582
5,4500,S5,0.1369,1119758583.2589722,S4,0.8582
5,5000,S1,0.0032,72428499.62134963,S4,0.8766
5,5000,S2,0.0007,-1915730641.0990477,S4,0.8766
5,5000,S3,0.0,-6659430746.297103,S4,0.8766
5,5000,S4,0.8766,2987277396.2796264,S4,0.8766
5,5000,S5,0.1195,1340065877.8535168,S4,0.8766
5,5500,S1,0.0022,163979069.4094625,S4,0.89
5,5500,S2,0.0007,-1640212228.7507048,S4,0.89
5,5500,S3,0.0,-6435589709.3397455,S4,0.89
5,5500,S4,0.89,3446776463.6647196,S4,0.89
5,5500,S5,0.1071,1560373172.4480612,S4,0.89
5,6000,S1,0.0016,255529639.1975754,S4,0.8997
5,6000,S2,0.0013,-1364693816.4023614,S4,0.8997
5,6000,S3,0.0,-6211748672.382387,S4,0.8997
5,6000,S4,0.8997,3906275531.0498123,S4,0.8997
5,6000,S5,0.0974,1780680467.0426054,S4,0.8997
5,6500,S1,0.0013,347080208.98568827,S4,0.9058
5,6500,S2,0.0014,-1089175404.0540183,S4,0.9058
5,6500,S3,0.0,-5987907635.425028,S4,0.9058
5,6500,S4,0.9058,4365774598.434905,S4,0.9058
5,6500,S5,0.0915,2000987761.63715,S4,0.9058
5,7000,S1,0.0011,438630778.77380115,S4,0.9133
5,7000,S2,0.0021,-813656991.7056749,S4,0.9133
5,7000,S3,0.0,-5764066598.467671,S4,0.9133
5,7000,S4,0.9133,4825273665.819998,S4,0.9133
5,7000,S5,0.0835,2221295056.2316947,S4,0.9133
5,7500,S1,0.0011,530181348.5619141,S4,0.9174
5,7500,S2,0.0027,-538138579.3573316,S4,0.9174
5,7500,S3,0.0,-5540225561.510312,S4,0.9174
5,7500,S4,0.9174,5284772733.2050905,S4,0.9174
5,7500,S5,0.0788,2441602350.826239,S4,0.9174
5,8000,S1,0.001,621731918.350027,S4,0.9216
5,8000,S2,0.0036,-262620167.00898853,S4,0.9216
5,8000,S3,0.0,-5316384524.552955,S4,0.9216
5,8000,S4,0.9216,5744271800.590183,S4,0.9216
5,8000,S5,0.0738,2661909645.4207835,S4,0.9216
5,8500,S1,0.0008,713282488.1381396,S4,0.9241
5,8500,S2,0.0046,12898245.339354718,S4,0.9241
5,8500,S3,0.0,-5092543487.595597,S4,0.9241
5,8500,S4,0.9241,6203770867.975276,S4,0.9241
5,8500,S5,0.0705,2882216940.015328,S4,0.9241
5,9000,S1,0.0007,804833057.9262526,S4,0.9264
5,9000,S2,0.0055,288416657.68769795,S4,0.9264
5,9000,S3,0.0,-4868702450.638239,S4,0.9264
5,9000,S4,0.9264,6663269935.360369,S4,0.9264
5,9000,S5,0.0674,3102524234.609873,S4,0.9264
5,9500,S1,0.0005,896383627.7143656,S4,0.9295
5,9500,S2,0.0062,563935070.0360411,S4,0.9295
5,9500,S3,0.0,-4644861413.6808815,S4,0.9295
5,9500,S4,0.9295,7122769002.7454605,S4,0.9295
5,9500,S5,0.0638,3322831529.204417,S4,0.9295
5,10000,S1,0.0003,987934197.5024784,S4,0.9317
5,10000,S2,0.0067,839453482.3843844,S4,0.9317
5,10000,S3,0.0,-4421020376.723523,S4,0.9317
5,10000,S4,0.9317,7582268070.130553,S4,0.9317
5,10000,S5,0.0613,3543138823.798961,S4,0.9317
5,10500,S1,0.0003,1079484767.2905915,S4,0.9334
5,10500,S2,0.0076,1114971894.7327278,S4,0.9334
5,10500,S3,0.0,-4197179339.766165,S4,0.9334
5,10500,S4,0.9334,8041767137.515647,S4,0.9334
5,10500,S5,0.0587,3763446118.393506,S4,0.9334
5,11000,S1,0.0003,1171035337.0787044,S4,0.934
5,11000,S2,0.009,1390490307.0810707,S4,0.934
5,11000,S3,0.0,-3973338302.808808,S4,0.934
5,11000,S4,0.934,8501266204.900741,S4,0.934
5,11000,S5,0.0567,3983753412.988051,S4,0.934
5,11500,S1,0.0003,1262585906.866817,S4,0.9349
5,11500,S2,0.0098,1666008719.429414,S4,0.9349
5,11500,S3,0.0,-3749497265.851449,S4,0.9349
5,11500,S4,0.9349,8960765272.285831,S4,0.9349
5,11500,S5,0.055,4204060707.5825944,S4,0.9349
5,12000,S1,0.0003,1354136476.65493,S4,0.936
5,12000,S2,0.0107,1941527131.777757,S4,0.936
5,12000,S3,0.0,-3525656228.8940916,S4,0.936
5,12000,S4,0.936,9420264339.670925,S4,0.936
5,12000,S5,0.053,4424368002.177139,S4,0.936
5,12500,S1,0.0003,1445687046.4430428,S4,0.9362
5,12500,S2,0.0118,2217045544.126101,S4,0.9362
5,12500,S3,0.0,-3301815191.9367332,S4,0.9362
5,12500,S4,0.9362,9879763407.056019,S4,0.9362
5,12500,S5,0.0517,4644675296.771685,S4,0.9362
5,13000,S1,0.0003,1537237616.2311556,S4,0.9359
5,13000,S2,0.0131,2492563956.474444,S4,0.9359
5,13000,S3,0.0,-3077974154.9793754,S4,0.9359
5,13000,S4,0.9359,10339262474.441109,S4,0.9359
5,13000,S5,0.0507,4864982591.366228,S4,0.9359
5,13500,S1,0.0003,1628788186.0192688,S4,0.9367
5,13500,S2,0.0135,2768082368.822787,S4,0.9367
5,13500,S3,0.0,-2854133118.0220175,S4,0.9367
5,13500,S4,0.9367,10798761541.826202,S4,0.9367
5,13500,S5,0.0495,5085289885.960773,S4,0.9367
5,14000,S1,0.0003,1720338755.8073814,S4,0.9376
5,14000,S2,0.014,3043600781.1711297,S4,0.9376
5,14000,S3,0.0,-2630292081.0646596,S4,0.9376
5,14000,S4,0.9376,11258260609.211294,S4,0.9376
5,14000,S5,0.0481,5305597180.555317,S4,0.9376
5,14500,S1,0.0003,1811889325.595494,S4,0.9379
5,14500,S2,0.0152,3319119193.5194736,S4,0.9379
5,14500,S3,0.0,-2406451044.1073017,S4,0.9379
5,14500,S4,0.9379,11717759676.59639,S4,0.9379
5,14500,S5,0.0466,5525904475.149861,S4,0.9379
5,15000,S1,0.0003,1903439895.3836071,S4,0.9374
5,15000,S2,0.0163,3594637605.8678164,S4,0.9374
5,15000,S3,0.0001,-2182610007.149944,S4,0.9374
5,15000,S4,0.9374,12177258743.981482,S4,0.9374
5,15000,S5,0.0459,5746211769.744407,S4,0.9374
5,15500,S1,0.0003,1994990465.1717203,S4,0.9374
5,15500,S2,0.0171,3870156018.2161593,S4,0.9374
5,15500,S3,0.0001,-1958768970.192586,S4,0.9374
5,15500,S4,0.9374,12636757811.366575,S4,0.9374
5,15500,S5,0.0451,5966519064.33895,S4,0.9374
5,16000,S1,0.0003,2086541034.959833,S4,0.9371
5,16000,S2,0.0176,4145674430.564503,S4,0.9371
5,16000,S3,0.0003,-1734927933.2352278,S4,0.9371
5,16000,S4,0.9371,13096256878.751665,S4,0.9371
5,16000,S5,0.0447,6186826358.933495,S4,0.9371
5,16500,S1,0.0003,2178091604.7479463,S4,0.9372
5,16500,S2,0.0186,4421192842.912847,S4,0.9372
5,16500,S3,0.0004,-1511086896.2778695,S4,0.9372
5,16500,S4,0.9372,13555755946.136759,S4,0.9372
5,16500,S5,0.0435,6407133653.528039,S4,0.9372
5,17000,S1,0.0003,2269642174.5360584,S4,0.9365
5,17000,S2,0.0199,4696711255.261189,S4,0.9365
5,17000,S3,0.0004,-1287245859.3205118,S4,0.9365
5,17000,S4,0.9365,14015255013.521852,S4,0.9365
5,17000,S5,0.0429,6627440948.122583,S4,0.9365
5,17500,S1,0.0003,2361192744.324172,S4,0.9363
5,17500,S2,0.0203,4972229667.609532,S4,0.9363
5,17500,S3,0.0004,-1063404822.3631537,S4,0.9363
5,17500,S4,0.9363,14474754080.906944,S4,0.9363
5,17500,S5,0.0427,6847748242.717128,S4,0.9363
5,18000,S1,0.0003,2452743314.1122847,S4,0.9358
5,18000,S2,0.0211,5247748079.957876,S4,0.9358
5,18000,S3,0.0005,-839563785.4057957,S4,0.9358
5,18000,S4,0.9358,14934253148.292038,S4,0.9358
5,18000,S5,0.0423,7068055537.311672,S4,0.9358
5,18500,S1,0.0003,2544293883.900398,S4,0.9357
5,18500,S2,0.0219,5523266492.306219,S4,0.9357
5,18500,S3,0.0007,-615722748.4484379,S4,0.9357
5,18500,S4,0.9357,15393752215.677132,S4,0.9357
5,18500,S5,0.0414,7288362831.906219,S4,0.9357
5,19000,S1,0.0003,2635844453.68851,S4,0.9359
5,19000,S2,0.0223,5798784904.654562,S4,0.9359
5,19000,S3,0.0007,-391881711.49107987,S4,0.9359
5,19000,S4,0.9359,15853251283.062222,S4,0.9359
5,19000,S5,0.0408,7508670126.500763,S4,0.9359
5,19500,S1,0.0003,2727395023.476623,S4,0.9355
5,19500,S2,0.0233,6074303317.002905,S4,0.9355
5,19500,S3,0.0007,-168040674.53372192,S4,0.9355
5,19500,S4,0.9355,16312750350.447315,S4,0.9355
5,19500,S5,0.0402,7728977421.095306,S4,0.9355
5,20000,S1,0.0003,2818945593.264736,S4,0.9349
5,20000,S2,0.0242,6349821729.351249,S4,0.9349
5,20000,S3,0.0007,55800362.42363606,S4,0.9349
5,20000,S4,0.9349,16772249417.832409,S4,0.9349
5,20000,S5,0.0399,7949284715.689852,S4,0.9349
5,20500,S1,0.0003,2910496163.052849,S4,0.9344
5,20500,S2,0.025,6625340141.699592,S4,0.9344
5,20500,S3,0.0007,279641399.380994,S4,0.9344
5,20500,S4,0.9344,17231748485.2175,S4,0.9344
5,20500,S5,0.0396,8169592010.284395,S4,0.9344
5,21000,S1,0.0003,3002046732.840962,S4,0.9338
5,21000,S2,0.026,6900858554.047935,S4,0.9338
5,21000,S3,0.0007,503482436.33835196,S4,0.9338
5,21000,S4,0.9338,17691247552.602592,S4,0.9338
5,21000,S5,0.0392,8389899304.878939,S4,0.9338
5,21500,S1,0.0003,3093597302.6290746,S4,0.9334
5,21500,S2,0.0266,7176376966.396278,S4,0.9334
5,21500,S3,0.0007,727323473.29571,S4,0.9334
5,21500,S4,0.9334,18150746619.987686,S4,0.9334
5,21500,S5,0.039,8610206599.473484,S4,0.9334
5,22000,S1,0.0003,3185147872.4171877,S4,0.9325
5,22000,S2,0.0276,7451895378.744622,S4,0.9325
5,22000,S3,0.0007,951164510.253068,S4,0.9325
5,22000,S4,0.9325,18610245687.37278,S4,0.9325
5,22000,S5,0.0389,8830513894.068027,S4,0.9325
5,22500,S1,0.0002,3276698442.2053003,S4,0.9318
5,22500,S2,0.0288,7727413791.092966,S4,0.9318
5,22500,S3,0.0008,1175005547.2104259,S4,0.9318
5,22500,S4,0.9318,19069744754.75787,S4,0.9318
5,22500,S5,0.0384,9050821188.66257,S4,0.9318
5,23000,S1,0.0002,3368249011.9934134,S4,0.9316
5,23000,S2,0.0291,8002932203.441308,S4,0.9316
5,23000,S3,0.0008,1398846584.1677837,S4,0.9316
5,23000,S4,0.9316,19529243822.142967,S4,0.9316
5,23000,S5,0.0383,9271128483.257118,S4,0.9316
5,23500,S1,0.0002,3459799581.781526,S4,0.9314
5,23500,S2,0.0294,8278450615.789652,S4,0.9314
5,23500,S3,0.0008,1622687621.1251419,S4,0.9314
5,23500,S4,0.9314,19988742889.528057,S4,0.9314
5,23500,S5,0.0382,9491435777.851662,S4,0.9314
5,24000,S1,0.0002,3551350151.569639,S4,0.9308
5,24000,S2,0.0304,8553969028.137994,S4,0.9308
5,24000,S3,0.0009,1846528658.0824995,S4,0.9308
5,24000,S4,0.9308,20448241956.91315,S4,0.9308
5,24000,S5,0.0377,9711743072.446207,S4,0.9308
5,24500,S1,0.0002,3642900721.3577514,S4,0.9308
5,24500,S2,0.0308,8829487440.486338,S4,0.9308
5,24500,S3,0.0009,2070369695.0398579,S4,0.9308
5,24500,S4,0.9308,20907741024.298244,S4,0.9308
5,24500,S5,0.0373,9932050367.040752,S4,0.9308
5,25000,S1,0.0002,3734451291.145865,S4,0.9303
5,25000,S2,0.0316,9105005852.83468,S4,0.9303
5,25000,S3,0.001,2294210731.9972157,S4,0.9303
5,25000,S4,0.9303,21367240091.683334,S4,0.9303
5,25000,S5,0.0369,10152357661.635296,S4,0.9303
5,25500,S1,0.0002,3826001860.933978,S4,0.9295
5,25500,S2,0.0327,9380524265.183023,S4,0.9295
5,25500,S3,0.001,2518051768.9545736,S4,0.9295
5,25500,S4,0.9295,21826739159.068428,S4,0.9295
5,25500,S5,0.0366,10372664956.229841,S4,0.9295
5,26000,S1,0.0002,3917552430.7220907,S4,0.9295
5,26000,S2,0.0331,9656042677.531366,S4,0.9295
5,26000,S3,0.001,2741892805.911931,S4,0.9295
5,26000,S4,0.9295,22286238226.45352,S4,0.9295
5,26000,S5,0.0362,10592972250.824385,S4,0.9295
5,26500,S1,0.0002,4009103000.5102034,S4,0.9289
5,26500,S2,0.034,9931561089.87971,S4,0.9289
5,26500,S3,0.0011,2965733842.8692894,S4,0.9289
5,26500,S4,0.9289,22745737293.83861,S4,0.9289
5,26500,S5,0.0358,10813279545.418928,S4,0.9289
5,27000,S1,0.0002,4100653570.2983155,S4,0.9289
5,27000,S2,0.0344,10207079502.228054,S4,0.9289
5,27000,S3,0.0011,3189574879.8266478,S4,0.9289
5,27000,S4,0.9289,23205236361.223705,S4,0.9289
5,27000,S5,0.0354,11033586840.013474,S4,0.9289
5,27500,S1,0.0002,4192204140.086429,S4,0.9283
5,27500,S2,0.035,10482597914.576397,S4,0.9283
5,27500,S3,0.0013,3413415916.7840056,S4,0.9283
5,27500,S4,0.9283,23664735428.6088,S4,0.9283
5,27500,S5,0.0352,11253894134.608019,S4,0.9283
5,28000,S1,0.0002,4283754709.874542,S4,0.928
5,28000,S2,0.0353,10758116326.92474,S4,0.928
5,28000,S3,0.0013,3637256953.741364,S4,0.928
5,28000,S4,0.928,24124234495.99389,S4,0.928
5,28000,S5,0.0352,11474201429.202562,S4,0.928
5,28500,S1,0.0002,4375305279.662655,S4,0.9274
5,28500,S2,0.0361,11033634739.273083,S4,0.9274
5,28500,S3,0.0014,3861097990.698722,S4,0.9274
5,28500,S4,0.9274,24583733563.378983,S4,0.9274
5,28500,S5,0.0349,11694508723.797106,S4,0.9274
5,29000,S1,0.0002,4466855849.4507675,S4,0.9272
5,29000,S2,0.0363,11309153151.621426,S4,0.9272
5,29000,S3,0.0015,4084939027.656079,S4,0.9272
5,29000,S4,0.9272,25043232630.764076,S4,0.9272
5,29000,S5,0.0348,11914816018.391651,S4,0.9272
5,29500,S1,0.0002,4558406419.238881,S4,0.9271
5,29500,S2,0.0367,11584671563.969769,S4,0.9271
5,29500,S3,0.0015,4308780064.613438,S4,0.9271
5,29500,S4,0.9271,25502731698.14917,S4,0.9271
5,29500,S5,0.0345,12135123312.986195,S4,0.9271
5,30000,S1,0.0002,4649956989.026994,S4,0.9269
5,30000,S2,0.0371,11860189976.318113,S4,0.9269
5,30000,S3,0.0015,4532621101.570795,S4,0.9269
5,30000,S4,0.9269,25962230765.534264,S4,0.9269
5,30000,S5,0.0343,12355430607.58074,S4,0.9269
5,30500,S1,0.0002,4741507558.815107,S4,0.9271
5,30500,S2,0.0373,12135708388.666456,S4,0.9271
5,30500,S3,0.0015,4756462138.528153,S4,0.9271
5,30500,S4,0.9271,26421729832.919357,S4,0.9271
5,30500,S5,0.0339,12575737902.175283,S4,0.9271
5,31000,S1,0.0002,4833058128.60322,S4,0.9272
5,31000,S2,0.0375,12411226801.0148,S4,0.9272
5,31000,S3,0.0015,4980303175.485511,S4,0.9272
5,31000,S4,0.9272,26881228900.30445,S4,0.9272
5,31000,S5,0.0336,12796045196.769829,S4,0.9272
5,31500,S1,0.0002,4924608698.391333,S4,0.9269
5,31500,S2,0.0378,12686745213.363142,S4,0.9269
5,31500,S3,0.0015,5204144212.442869,S4,0.9269
5,31500,S4,0.9269,27340727967.689537,S4,0.9269
5,31500,S5,0.0336,13016352491.364374,S4,0.9269
5,32000,S1,0.0002,5016159268.179445,S4,0.9262
5,32000,S2,0.0385,12962263625.711487,S4,0.9262
5,32000,S3,0.0017,5427985249.400227,S4,0.9262
5,32000,S4,0.9262,27800227035.07463,S4,0.9262
5,32000,S5,0.0334,13236659785.95892,S4,0.9262
5,32500,S1,0.0002,5107709837.967558,S4,0.9262
5,32500,S2,0.0388,13237782038.059828,S4,0.9262
5,32500,S3,0.0017,5651826286.357584,S4,0.9262
5,32500,S4,0.9262,28259726102.459724,S4,0.9262
5,32500,S5,0.0331,13456967080.553463,S4,0.9262
5,33000,S1,0.0002,5199260407.7556715,S4,0.9261
5,33000,S2,0.0391,13513300450.408173,S4,0.9261
5,33000,S3,0.0017,5875667323.314943,S4,0.9261
5,33000,S4,0.9261,28719225169.84482,S4,0.9261
5,33000,S5,0.0329,13677274375.148006,S4,0.9261
5,33500,S1,0.0002,5290810977.543784,S4,0.926
5,33500,S2,0.0394,13788818862.756516,S4,0.926
5,33500,S3,0.0017,6099508360.272302,S4,0.926
5,33500,S4,0.926,29178724237.22991,S4,0.926
5,33500,S5,0.0327,13897581669.74255,S4,0.926
5,34000,S1,0.0002,5382361547.331897,S4,0.9257
5,34000,S2,0.0397,14064337275.10486,S4,0.9257
5,34000,S3,0.0017,6323349397.229659,S4,0.9257
5,34000,S4,0.9257,29638223304.615,S4,0.9257
5,34000,S5,0.0327,14117888964.337097,S4,0.9257
5,34500,S1,0.0002,5473912117.120009,S4,0.9257
5,34500,S2,0.04,14339855687.4532,S4,0.9257
5,34500,S3,0.0017,6547190434.187017,S4,0.9257
5,34500,S4,0.9257,30097722372.000095,S4,0.9257
5,34500,S5,0.0324,14338196258.93164,S4,0.9257
5,35000,S1,0.0002,5565462686.908123,S4,0.9254
5,35000,S2,0.0402,14615374099.801544,S4,0.9254
5,35000,S3,0.0018,6771031471.144375,S4,0.9254
5,35000,S4,0.9254,30557221439.38519,S4,0.9254
5,35000,S5,0.0324,14558503553.526184,S4,0.9254
5,35500,S1,0.0002,5657013256.696235,S4,0.925
5,35500,S2,0.0406,14890892512.149887,S4,0.925
5,35500,S3,0.0018,6994872508.101733,S4,0.925
5,35500,S4,0.925,31016720506.770283,S4,0.925
5,35500,S5,0.0324,14778810848.120731,S4,0.925
5,36000,S1,0.0002,5748563826.484348,S4,0.9246
5,36000,S2,0.041,15166410924.498232,S4,0.9246
5,36000,S3,0.0019,7218713545.059091,S4,0.9246
5,36000,S4,0.9246,31476219574.155376,S4,0.9246
5,36000,S5,0.0323,14999118142.715275,S4,0.9246
5,36500,S1,0.0002,5840114396.272461,S4,0.9243
5,36500,S2,0.0412,15441929336.846575,S4,0.9243
5,36500,S3,0.002,7442554582.01645,S4,0.9243
5,36500,S4,0.9243,31935718641.54047,S4,0.9243
5,36500,S5,0.0323,15219425437.309818,S4,0.9243
5,37000,S1,0.0002,5931664966.060574,S4,0.9243
5,37000,S2,0.0414,15717447749.19492,S4,0.9243
5,37000,S3,0.002,7666395618.973808,S4,0.9243
5,37000,S4,0.9243,32395217708.925564,S4,0.9243
5,37000,S5,0.0321,15439732731.904362,S4,0.9243
5,37500,S1,0.0002,6023215535.848687,S4,0.924
5,37500,S2,0.0419,15992966161.543262,S4,0.924
5,37500,S3,0.002,7890236655.931166,S4,0.924
5,37500,S4,0.924,32854716776.31065,S4,0.924
5,37500,S5,0.0319,15660040026.498907,S4,0.924
5,38000,S1,0.0002,6114766105.6368,S4,0.9237
5,38000,S2,0.0422,16268484573.891605,S4,0.9237
5,38000,S3,0.002,8114077692.888523,S4,0.9237
5,38000,S4,0.9237,33314215843.69575,S4,0.9237
5,38000,S5,0.0319,15880347321.09345,S4,0.9237
5,38500,S1,0.0002,6206316675.424912,S4,0.9237
5,38500,S2,0.0422,16544002986.239946,S4,0.9237
5,38500,S3,0.002,8337918729.845881,S4,0.9237
5,38500,S4,0.9237,33773714911.080837,S4,0.9237
5,38500,S5,0.0319,16100654615.687998,S4,0.9237
5,39000,S1,0.0002,6297867245.213026,S4,0.9231
5,39000,S2,0.043,16819521398.588293,S4,0.9231
5,39000,S3,0.002,8561759766.803238,S4,0.9231
5,39000,S4,0.9231,34233213978.46593,S4,0.9231
5,39000,S5,0.0317,16320961910.282537,S4,0.9231
5,39500,S1,0.0002,6389417815.001139,S4,0.9231
5,39500,S2,0.0433,17095039810.936634,S4,0.9231
5,39500,S3,0.002,8785600803.760597,S4,0.9231
5,39500,S4,0.9231,34692713045.85103,S4,0.9231
5,39500,S5,0.0314,16541269204.877085,S4,0.9231
5,40000,S1,0.0002,6480968384.789251,S4,0.9228
5,40000,S2,0.0436,17370558223.284977,S4,0.9228
5,40000,S3,0.002,9009441840.717957,S4,0.9228
5,40000,S4,0.9228,35152212113.236115,S4,0.9228
5,40000,S5,0.0314,16761576499.471632,S4,0.9228
5,40500,S1,0.0002,6572518954.577364,S4,0.9224
5,40500,S2,0.044,17646076635.63332,S4,0.9224
5,40500,S3,0.002,9233282877.675312,S4,0.9224
5,40500,S4,0.9224,35611711180.621216,S4,0.9224
5,40500,S5,0.0314,16981883794.066172,S4,0.9224
5,41000,S1,0.0002,6664069524.365478,S4,0.922
5,41000,S2,0.0444,17921595047.981663,S4,0.922
5,41000,S3,0.002,9457123914.63267,S4,0.922
5,41000,S4,0.922,36071210248.00631,S4,0.922
5,41000,S5,0.0314,17202191088.660717,S4,0.922
5,41500,S1,0.0002,6755620094.15359,S4,0.9217
5,41500,S2,0.0448,18197113460.33001,S4,0.9217
5,41500,S3,0.002,9680964951.590029,S4,0.9217
5,41500,S4,0.9217,36530709315.3914,S4,0.9217
5,41500,S5,0.0313,17422498383.255264,S4,0.9217
5,42000,S1,0.0002,6847170663.941702,S4,0.9214
5,42000,S2,0.0452,18472631872.67835,S4,0.9214
5,42000,S3,0.002,9904805988.547388,S4,0.9214
5,42000,S4,0.9214,36990208382.77649,S4,0.9214
5,42000,S5,0.0312,17642805677.849808,S4,0.9214
5,42500,S1,0.0002,6938721233.7298155,S4,0.9206
5,42500,S2,0.0458,18748150285.026695,S4,0.9206
5,42500,S3,0.0023,10128647025.504744,S4,0.9206
5,42500,S4,0.9206,37449707450.16158,S4,0.9206
5,42500,S5,0.0311,17863112972.44435,S4,0.9206
5,43000,S1,0.0002,7030271803.517928,S4,0.9203
5,43000,S2,0.0462,19023668697.37504,S4,0.9203
5,43000,S3,0.0024,10352488062.462103,S4,0.9203
5,43000,S4,0.9203,37909206517.54668,S4,0.9203
5,43000,S5,0.0309,18083420267.0389,S4,0.9203
5,43500,S1,0.0002,7121822373.306042,S4,0.9204
5,43500,S2,0.0462,19299187109.723377,S4,0.9204
5,43500,S3,0.0024,10576329099.41946,S4,0.9204
5,43500,S4,0.9204,38368705584.93176,S4,0.9204
5,43500,S5,0.0308,18303727561.633442,S4,0.9204
5,44000,S1,0.0002,7213372943.094153,S4,0.9199
5,44000,S2,0.0467,19574705522.07172,S4,0.9199
5,44000,S3,0.0024,10800170136.37682,S4,0.9199
5,44000,S4,0.9199,38828204652.316864,S4,0.9199
5,44000,S5,0.0308,18524034856.227985,S4,0.9199
5,44500,S1,0.0002,7304923512.882267,S4,0.9194
5,44500,S2,0.0472,19850223934.420067,S4,0.9194
5,44500,S3,0.0024,11024011173.334177,S4,0.9194
5,44500,S4,0.9194,39287703719.70196,S4,0.9194
5,44500,S5,0.0308,18744342150.82253,S4,0.9194
5,45000,S1,0.0002,7396474082.670382,S4,0.9192
5,45000,S2,0.0476,20125742346.76841,S4,0.9192
5,45000,S3,0.0024,11247852210.291534,S4,0.9192
5,45000,S4,0.9192,39747202787.08705,S4,0.9192
5,45000,S5,0.0306,18964649445.417076,S4,0.9192
5,45500,S1,0.0002,7488024652.458492,S4,0.9189
5,45500,S2,0.0479,20401260759.116753,S4,0.9189
5,45500,S3,0.0024,11471693247.248892,S4,0.9189
5,45500,S4,0.9189,40206701854.47214,S4,0.9189
5,45500,S5,0.0306,19184956740.01162,S4,0.9189
5,46000,S1,0.0002,7579575222.246606,S4,0.9187
5,46000,S2,0.0482,20676779171.465096,S4,0.9187
5,46000,S3,0.0024,11695534284.20625,S4,0.9187
5,46000,S4,0.9187,40666200921.85723,S4,0.9187
5,46000,S5,0.0305,19405264034.606163,S4,0.9187
5,46500,S1,0.0002,7671125792.0347185,S4,0.9184
5,46500,S2,0.0486,20952297583.81344,S4,0.9184
5,46500,S3,0.0024,11919375321.163609,S4,0.9184
5,46500,S4,0.9184,41125699989.24232,S4,0.9184
5,46500,S5,0.0304,19625571329.200706,S4,0.9184
5,47000,S1,0.0002,7762676361.822831,S4,0.918
5,47000,S2,0.0489,21227815996.16178,S4,0.918
5,47000,S3,0.0025,12143216358.120966,S4,0.918
5,47000,S4,0.918,41585199056.62741,S4,0.918
5,47000,S5,0.0304,19845878623.79525,S4,0.918
5,47500,S1,0.0002,7854226931.610944,S4,0.9179
5,47500,S2,0.0492,21503334408.510124,S4,0.9179
5,47500,S3,0.0025,12367057395.078325,S4,0.9179
5,47500,S4,0.9179,42044698124.01251,S4,0.9179
5,47500,S5,0.0302,20066185918.389793,S4,0.9179
5,48000,S1,0.0002,7945777501.399057,S4,0.9178
5,48000,S2,0.0493,21778852820.858467,S4,0.9178
5,48000,S3,0.0025,12590898432.035683,S4,0.9178
5,48000,S4,0.9178,42504197191.3976,S4,0.9178
5,48000,S5,0.0302,20286493212.984337,S4,0.9178
5,48500,S1,0.0002,8037328071.187169,S4,0.9175
5,48500,S2,0.0496,22054371233.206814,S4,0.9175
5,48500,S3,0.0025,12814739468.993038,S4,0.9175
5,48500,S4,0.9175,42963696258.78269,S4,0.9175
5,48500,S5,0.0302,20506800507.578888,S4,0.9175
5,49000,S1,0.0002,8128878640.975283,S4,0.9172
5,49000,S2,0.0498,22329889645.555157,S4,0.9172
5,49000,S3,0.0027,13038580505.950397,S4,0.9172
5,49000,S4,0.9172,43423195326.167786,S4,0.9172
5,49000,S5,0.0301,20727107802.17343,S4,0.9172
5,49500,S1,0.0002,8220429210.763395,S4,0.9169
5,49500,S2,0.0501,22605408057.903496,S4,0.9169
5,49500,S3,0.0029,13262421542.907757,S4,0.9169
5,49500,S4,0.9169,43882694393.55287,S4,0.9169
5,49500,S5,0.0299,20947415096.767975,S4,0.9169
5,50000,S1,0.0002,8311979780.551509,S4,0.9169
5,50000,S2,0.0501,22880926470.251842,S4,0.9169
5,50000,S3,0.0029,13486262579.865114,S4,0.9169
5,50000,S4,0.9169,44342193460.93797,S4,0.9169
5,50000,S5,0.0299,21167722391.36252,S4,0.9169
5,50500,S1,0.0002,8403530350.339622,S4,0.917
5,50500,S2,0.0503,23156444882.600185,S4,0.917
5,50500,S3,0.0029,13710103616.822472,S4,0.917
5,50500,S4,0.917,44801692528.32306,S4,0.917
5,50500,S5,0.0296,21388029685.95706,S4,0.917
5,51000,S1,0.0002,8495080920.127734,S4,0.9168
5,51000,S2,0.0505,23431963294.94853,S4,0.9168
5,51000,S3,0.003,13933944653.779829,S4,0.9168
5,51000,S4,0.9168,45261191595.70815,S4,0.9168
5,51000,S5,0.0295,21608336980.551605,S4,0.9168
5,51500,S1,0.0002,8586631489.915847,S4,0.9166
5,51500,S2,0.0508,23707481707.29687,S4,0.9166
5,51500,S3,0.003,14157785690.737188,S4,0.9166
5,51500,S4,0.9166,45720690663.09325,S4,0.9166
5,51500,S5,0.0294,21828644275.146152,S4,0.9166
5,52000,S1,0.0002,8678182059.70396,S4,0.9166
5,52000,S2,0.0508,23983000119.645214,S4,0.9166
5,52000,S3,0.003,14381626727.694548,S4,0.9166
5,52000,S4,0.9166,46180189730.47834,S4,0.9166
5,52000,S5,0.0294,22048951569.740696,S4,0.9166
5,52500,S1,0.0002,8769732629.492073,S4,0.9164
5,52500,S2,0.0509,24258518531.993557,S4,0.9164
5,52500,S3,0.0031,14605467764.651903,S4,0.9164
5,52500,S4,0.9164,46639688797.863434,S4,0.9164
5,52500,S5,0.0294,22269258864.33524,S4,0.9164
5,53000,S1,0.0002,8861283199.280186,S4,0.916
5,53000,S2,0.0513,24534036944.3419,S4,0.916
5,53000,S3,0.0031,14829308801.609262,S4,0.916
5,53000,S4,0.916,47099187865.24853,S4,0.916
5,53000,S5,0.0294,22489566158.929783,S4,0.916
5,53500,S1,0.0002,8952833769.0683,S4,0.9159
5,53500,S2,0.0515,24809555356.690243,S4,0.9159
5,53500,S3,0.0031,15053149838.566618,S4,0.9159
5,53500,S4,0.9159,47558686932.63362,S4,0.9159
5,53500,S5,0.0293,22709873453.524326,S4,0.9159
5,54000,S1,0.0002,9044384338.856411,S4,0.9158
5,54000,S2,0.0517,25085073769.038586,S4,0.9158
5,54000,S3,0.0031,15276990875.523975,S4,0.9158
5,54000,S4,0.9158,48018186000.018715,S4,0.9158
5,54000,S5,0.0292,22930180748.118874,S4,0.9158
5,54500,S1,0.0002,9135934908.644526,S4,0.9157
5,54500,S2,0.0518,25360592181.38693,S4,0.9157
5,54500,S3,0.0031,15500831912.481337,S4,0.9157
5,54500,S4,0.9157,48477685067.4038,S4,0.9157
5,54500,S5,0.0292,23150488042.713417,S4,0.9157
5,55000,S1,0.0002,9227485478.432638,S4,0.9156
5,55000,S2,0.052,25636110593.735275,S4,0.9156
5,55000,S3,0.0031,15724672949.438694,S4,0.9156
5,55000,S4,0.9156,48937184134.7889,S4,0.9156
5,55000,S5,0.0291,23370795337.307964,S4,0.9156
5,55500,S1,0.0002,9319036048.22075,S4,0.9152
5,55500,S2,0.0524,25911629006.083614,S4,0.9152
5,55500,S3,0.0031,15948513986.396053,S4,0.9152
5,55500,S4,0.9152,49396683202.17399,S4,0.9152
5,55500,S5,0.0291,23591102631.902508,S4,0.9152
5,56000,S1,0.0002,9410586618.008863,S4,0.9151
5,56000,S2,0.0525,26187147418.43196,S4,0.9151
5,56000,S3,0.0031,16172355023.353413,S4,0.9151
5,56000,S4,0.9151,49856182269.55909,S4,0.9151
5,56000,S5,0.0291,23811409926.49705,S4,0.9151
5,56500,S1,0.0002,9502137187.796976,S4,0.915
5,56500,S2,0.0525,26462665830.7803,S4,0.915
5,56500,S3,0.0032,16396196060.310768,S4,0.915
5,56500,S4,0.915,50315681336.944176,S4,0.915
5,56500,S5,0.0291,24031717221.0916,S4,0.915
5,57000,S1,0.0002,9593687757.585089,S4,0.9146
5,57000,S2,0.0529,26738184243.128643,S4,0.9146
5,57000,S3,0.0032,16620037097.268126,S4,0.9146
5,57000,S4,0.9146,50775180404.32927,S4,0.9146
5,57000,S5,0.0291,24252024515.686142,S4,0.9146
5,57500,S1,0.0002,9685238327.373203,S4,0.914
5,57500,S2,0.0535,27013702655.476986,S4,0.914
5,57500,S3,0.0032,16843878134.225485,S4,0.914
5,57500,S4,0.914,51234679471.71436,S4,0.914
5,57500,S5,0.0291,24472331810.28069,S4,0.914
5,58000,S1,0.0002,9776788897.161316,S4,0.9139
5,58000,S2,0.0532,27289221067.825333,S4,0.9139
5,58000,S3,0.0036,17067719171.182844,S4,0.9139
5,58000,S4,0.9139,51694178539.09945,S4,0.9139
5,58000,S5,0.0291,24692639104.875233,S4,0.9139
5,58500,S1,0.0002,9868339466.949429,S4,0.9137
5,58500,S2,0.0535,27564739480.173676,S4,0.9137
5,58500,S3,0.0036,17291560208.140198,S4,0.9137
5,58500,S4,0.9137,52153677606.48455,S4,0.9137
5,58500,S5,0.029,24912946399.469776,S4,0.9137
5,59000,S1,0.0002,9959890036.737541,S4,0.9134
5,59000,S2,0.0538,27840257892.52202,S4,0.9134
5,59000,S3,0.0036,17515401245.097557,S4,0.9134
5,59000,S4,0.9134,52613176673.86964,S4,0.9134
5,59000,S5,0.029,25133253694.06432,S4,0.9134
5,59500,S1,0.0002,10051440606.525654,S4,0.9132
5,59500,S2,0.0541,28115776304.87036,S4,0.9132
5,59500,S3,0.0036,17739242282.054913,S4,0.9132
5,59500,S4,0.9132,53072675741.25473,S4,0.9132
5,59500,S5,0.0289,25353560988.658863,S4,0.9132
5,60000,S1,0.0002,10142991176.313766,S4,0.9127
5,60000,S2,0.0544,28391294717.2187,S4,0.9127
5,60000,S3,0.0038,17963083319.012276,S4,0.9127
5,60000,S4,0.9127,53532174808.639824,S4,0.9127
5,60000,S5,0.0289,25573868283.253407,S4,0.9127
5,60500,S1,0.0002,10234541746.101877,S4,0.9126
5,60500,S2,0.0545,28666813129.56705,S4,0.9126
5,60500,S3,0.0038,18186924355.96963,S4,0.9126
5,60500,S4,0.9126,53991673876.02492,S4,0.9126
5,60500,S5,0.0289,25794175577.847954,S4,0.9126
5,61000,S1,0.0002,10326092315.889994,S4,0.9125
5,61000,S2,0.0546,28942331541.915394,S4,0.9125
5,61000,S3,0.0038,18410765392.92699,S4,0.9125
5,61000,S4,0.9125,54451172943.41001,S4,0.9125
5,61000,S5,0.0289,26014482872.442497,S4,0.9125
5,61500,S1,0.0002,10417642885.678104,S4,0.9124
5,61500,S2,0.0546,29217849954.263737,S4,0.9124
5,61500,S3,0.0039,18634606429.884346,S4,0.9124
5,61500,S4,0.9124,54910672010.7951,S4,0.9124
5,61500,S5,0.0289,26234790167.03704,S4,0.9124
5,62000,S1,0.0002,10509193455.466219,S4,0.9123
5,62000,S2,0.0547,29493368366.61208,S4,0.9123
5,62000,S3,0.0039,18858447466.8417,S4,0.9123
5,62000,S4,0.9123,55370171078.1802,S4,0.9123
5,62000,S5,0.0289,26455097461.631588,S4,0.9123
5,62500,S1,0.0002,10600744025.254332,S4,0.9121
5,62500,S2,0.055,29768886778.96042,S4,0.9121
5,62500,S3,0.004,19082288503.79906,S4,0.9121
5,62500,S4,0.9121,55829670145.565285,S4,0.9121
5,62500,S5,0.0287,26675404756.22613,S4,0.9121
5,63000,S1,0.0002,10692294595.042444,S4,0.912
5,63000,S2,0.0551,30044405191.30876,S4,0.912
5,63000,S3,0.004,19306129540.75642,S4,0.912
5,63000,S4,0.912,56289169212.95038,S4,0.912
5,63000,S5,0.0287,26895712050.820675,S4,0.912
5,63500,S1,0.0002,10783845164.830557,S4,0.9119
5,63500,S2,0.0551,30319923603.657112,S4,0.9119
5,63500,S3,0.0041,19529970577.713776,S4,0.9119
5,63500,S4,0.9119,56748668280.33547,S4,0.9119
5,63500,S5,0.0287,27116019345.41522,S4,0.9119
5,64000,S1,0.0002,10875395734.61867,S4,0.9118
5,64000,S2,0.0552,30595442016.00545,S4,0.9118
5,64000,S3,0.0041,19753811614.67114,S4,0.9118
5,64000,S4,0.9118,57208167347.72057,S4,0.9118
5,64000,S5,0.0287,27336326640.00976,S4,0.9118
5,64500,S1,0.0002,10966946304.406782,S4,0.9116
5,64500,S2,0.0554,30870960428.353794,S4,0.9116
5,64500,S3,0.0041,19977652651.628494,S4,0.9116
5,64500,S4,0.9116,57667666415.10566,S4,0.9116
5,64500,S5,0.0287,27556633934.604305,S4,0.9116
5,65000,S1,0.0002,11058496874.194893,S4,0.9116
5,65000,S2,0.0555,31146478840.702137,S4,0.9116
5,65000,S3,0.0041,20201493688.58585,S4,0.9116
5,65000,S4,0.9116,58127165482.49075,S4,0.9116
5,65000,S5,0.0286,27776941229.19885,S4,0.9116
5,65500,S1,0.0002,11150047443.98301,S4,0.9113
5,65500,S2,0.0557,31421997253.05048,S4,0.9113
5,65500,S3,0.0042,20425334725.54321,S4,0.9113
5,65500,S4,0.9113,58586664549.87585,S4,0.9113
5,65500,S5,0.0286,27997248523.7934,S4,0.9113
5,66000,S1,0.0002,11241598013.771122,S4,0.9112
5,66000,S2,0.0559,31697515665.398827,S4,0.9112
5,66000,S3,0.0043,20649175762.50057,S4,0.9112
5,66000,S4,0.9112,59046163617.26094,S4,0.9112
5,66000,S5,0.0284,28217555818.387936,S4,0.9112
5,66500,S1,0.0002,11333148583.559235,S4,0.9111
5,66500,S2,0.056,31973034077.74716,S4,0.9111
5,66500,S3,0.0043,20873016799.457924,S4,0.9111
5,66500,S4,0.9111,59505662684.64603,S4,0.9111
5,66500,S5,0.0284,28437863112.982487,S4,0.9111
5,67000,S1,0.0002,11424699153.347347,S4,0.9109
5,67000,S2,0.0561,32248552490.095512,S4,0.9109
5,67000,S3,0.0045,21096857836.41528,S4,0.9109
5,67000,S4,0.9109,59965161752.03113,S4,0.9109
5,67000,S5,0.0283,28658170407.57703,S4,0.9109
5,67500,S1,0.0002,11516249723.13546,S4,0.9107
5,67500,S2,0.0562,32524070902.443855,S4,0.9107
5,67500,S3,0.0046,21320698873.372643,S4,0.9107
5,67500,S4,0.9107,60424660819.416214,S4,0.9107
5,67500,S5,0.0283,28878477702.171574,S4,0.9107
5,68000,S1,0.0002,11607800292.923573,S4,0.9106
5,68000,S2,0.0565,32799589314.7922,S4,0.9106
5,68000,S3,0.0046,21544539910.33,S4,0.9106
5,68000,S4,0.9106,60884159886.8013,S4,0.9106
5,68000,S5,0.0281,29098784996.766125,S4,0.9106
5,68500,S1,0.0002,11699350862.711685,S4,0.9106
5,68500,S2,0.0565,33075107727.140545,S4,0.9106
5,68500,S3,0.0046,21768380947.287357,S4,0.9106
5,68500,S4,0.9106,61343658954.1864,S4,0.9106
5,68500,S5,0.0281,29319092291.360664,S4,0.9106
5,69000,S1,0.0002,11790901432.499798,S4,0.9104
5,69000,S2,0.0566,33350626139.488888,S4,0.9104
5,69000,S3,0.0047,21992221984.24472,S4,0.9104
5,69000,S4,0.9104,61803158021.5715,S4,0.9104
5,69000,S5,0.0281,29539399585.95521,S4,0.9104
5,69500,S1,0.0002,11882452002.28791,S4,0.9101
5,69500,S2,0.0567,33626144551.837227,S4,0.9101
5,69500,S3,0.0049,22216063021.202076,S4,0.9101
5,69500,S4,0.9101,62262657088.95659,S4,0.9101
5,69500,S5,0.0281,29759706880.54975,S4,0.9101
5,70000,S1,0.0002,11974002572.076025,S4,0.9103
5,70000,S2,0.0567,33901662964.18557,S4,0.9103
5,70000,S3,0.0049,22439904058.15943,S4,0.9103
5,70000,S4,0.9103,62722156156.341675,S4,0.9103
5,70000,S5,0.0279,29980014175.1443,S4,0.9103
5,70500,S1,0.0002,12065553141.864136,S4,0.9101
5,70500,S2,0.0569,34177181376.533913,S4,0.9101
5,70500,S3,0.005,22663745095.11679,S4,0.9101
5,70500,S4,0.9101,63181655223.726776,S4,0.9101
5,70500,S5,0.0278,30200321469.73884,S4,0.9101
5,71000,S1,0.0002,12157103711.65225,S4,0.9098
5,71000,S2,0.0571,34452699788.882256,S4,0.9098
5,71000,S3,0.0052,22887586132.074146,S4,0.9098
5,71000,S4,0.9098,63641154291.11186,S4,0.9098
5,71000,S5,0.0277,30420628764.33339,S4,0.9098
5,71500,S1,0.0002,12248654281.440363,S4,0.9097
5,71500,S2,0.0572,34728218201.2306,S4,0.9097
5,71500,S3,0.0052,23111427169.031506,S4,0.9097
5,71500,S4,0.9097,64100653358.49696,S4,0.9097
5,71500,S5,0.0277,30640936058.927925,S4,0.9097
5,72000,S1,0.0002,12340204851.228476,S4,0.9096
5,72000,S2,0.0574,35003736613.57893,S4,0.9096
5,72000,S3,0.0052,23335268205.98886,S4,0.9096
5,72000,S4,0.9096,64560152425.88205,S4,0.9096
5,72000,S5,0.0276,30861243353.522476,S4,0.9096
5,72500,S1,0.0002,12431755421.016588,S4,0.9096
5,72500,S2,0.0575,35279255025.927284,S4,0.9096
5,72500,S3,0.0052,23559109242.94622,S4,0.9096
5,72500,S4,0.9096,65019651493.26715,S4,0.9096
5,72500,S5,0.0275,31081550648.11702,S4,0.9096
5,73000,S1,0.0002,12523305990.8047,S4,0.9095
5,73000,S2,0.0576,35554773438.275635,S4,0.9095
5,73000,S3,0.0052,23782950279.90358,S4,0.9095
5,73000,S4,0.9095,65479150560.65224,S4,0.9095
5,73000,S5,0.0275,31301857942.711567,S4,0.9095
5,73500,S1,0.0002,12614856560.592813,S4,0.9093
5,73500,S2,0.0578,35830291850.62397,S4,0.9093
5,73500,S3,0.0052,24006791316.86094,S4,0.9093
5,73500,S4,0.9093,65938649628.03732,S4,0.9093
5,73500,S5,0.0275,31522165237.306107,S4,0.9093
5,74000,S1,0.0002,12706407130.380926,S4,0.9092
5,74000,S2,0.0578,36105810262.97231,S4,0.9092
5,74000,S3,0.0053,24230632353.8183,S4,0.9092
5,74000,S4,0.9092,66398148695.422424,S4,0.9092
5,74000,S5,0.0275,31742472531.90065,S4,0.9092
5,74500,S1,0.0002,12797957700.16904,S4,0.909
5,74500,S2,0.0579,36381328675.32066,S4,0.909
5,74500,S3,0.0054,24454473390.775654,S4,0.909
5,74500,S4,0.909,66857647762.8075,S4,0.909
5,74500,S5,0.0275,31962779826.495193,S4,0.909
5,75000,S1,0.0002,12889508269.957153,S4,0.9089
5,75000,S2,0.058,36656847087.669,S4,0.9089
5,75000,S3,0.0054,24678314427.733013,S4,0.9089
5,75000,S4,0.9089,67317146830.1926,S4,0.9089
5,75000,S5,0.0275,32183087121.089745,S4,0.9089
5,75500,S1,0.0002,12981058839.745266,S4,0.9087
5,75500,S2,0.0584,36932365500.01734,S4,0.9087
5,75500,S3,0.0054,24902155464.69037,S4,0.9087
5,75500,S4,0.9087,67776645897.5777,S4,0.9087
5,75500,S5,0.0273,32403394415.684288,S4,0.9087
5,76000,S1,0.0002,13072609409.533379,S4,0.9084
5,76000,S2,0.0587,37207883912.365685,S4,0.9084
5,76000,S3,0.0054,25125996501.647728,S4,0.9084
5,76000,S4,0.9084,68236144964.96278,S4,0.9084
5,76000,S5,0.0273,32623701710.27883,S4,0.9084
5,76500,S1,0.0002,13164159979.321491,S4,0.9081
5,76500,S2,0.059,37483402324.714035,S4,0.9081
5,76500,S3,0.0054,25349837538.605083,S4,0.9081
5,76500,S4,0.9081,68695644032.34788,S4,0.9081
5,76500,S5,0.0273,32844009004.873375,S4,0.9081
5,77000,S1,0.0002,13255710549.109604,S4,0.9081
5,77000,S2,0.059,37758920737.06238,S4,0.9081
5,77000,S3,0.0054,25573678575.562443,S4,0.9081
5,77000,S4,0.9081,69155143099.73297,S4,0.9081
5,77000,S5,0.0273,33064316299.46792,S4,0.9081
5,77500,S1,0.0002,13347261118.897717,S4,0.908
5,77500,S2,0.059,38034439149.41072,S4,0.908
5,77500,S3,0.0055,25797519612.5198,S4,0.908
5,77500,S4,0.908,69614642167.11807,S4,0.908
5,77500,S5,0.0273,33284623594.06246,S4,0.908
5,78000,S1,0.0002,13438811688.685831,S4,0.9077
5,78000,S2,0.0592,38309957561.75906,S4,0.9077
5,78000,S3,0.0057,26021360649.477158,S4,0.9077
5,78000,S4,0.9077,70074141234.50316,S4,0.9077
5,78000,S5,0.0272,33504930888.657005,S4,0.9077
5,78500,S1,0.0002,13530362258.473944,S4,0.9076
5,78500,S2,0.0593,38585475974.1074,S4,0.9076
5,78500,S3,0.0057,26245201686.434517,S4,0.9076
5,78500,S4,0.9076,70533640301.88824,S4,0.9076
5,78500,S5,0.0272,33725238183.25155,S4,0.9076
5,79000,S1,0.0002,13621912828.262056,S4,0.9074
5,79000,S2,0.0596,38860994386.45575,S4,0.9074
5,79000,S3,0.0057,26469042723.391876,S4,0.9074
5,79000,S4,0.9074,70993139369.27335,S4,0.9074
5,79000,S5,0.0271,33945545477.846092,S4,0.9074
5,79500,S1,0.0002,13713463398.050169,S4,0.9072
5,79500,S2,0.0598,39136512798.804085,S4,0.9072
5,79500,S3,0.0057,26692883760.34923,S4,0.9072
5,79500,S4,0.9072,71452638436.65843,S4,0.9072
5,79500,S5,0.0271,34165852772.440643,S4,0.9072
5,80000,S1,0.0002,13805013967.838284,S4,0.9072
5,80000,S2,0.0598,39412031211.152435,S4,0.9072
5,80000,S3,0.0057,26916724797.30659,S4,0.9072
5,80000,S4,0.9072,71912137504.04352,S4,0.9072
5,80000,S5,0.0271,34386160067.03519,S4,0.9072
5,80500,S1,0.0002,13896564537.626394,S4,0.907
5,80500,S2,0.06,39687549623.50078,S4,0.907
5,80500,S3,0.0057,27140565834.26395,S4,0.907
5,80500,S4,0.907,72371636571.42862,S4,0.907
5,80500,S5,0.0271,34606467361.62973,S4,0.907
5,81000,S1,0.0002,13988115107.414507,S4,0.9067
5,81000,S2,0.0602,39963068035.84912,S4,0.9067
5,81000,S3,0.0058,27364406871.221306,S4,0.9067
5,81000,S4,0.9067,72831135638.81372,S4,0.9067
5,81000,S5,0.0271,34826774656.22427,S4,0.9067
5,81500,S1,0.0002,14079665677.202621,S4,0.9066
5,81500,S2,0.0603,40238586448.197464,S4,0.9066
5,81500,S3,0.0058,27588247908.178665,S4,0.9066
5,81500,S4,0.9066,73290634706.1988,S4,0.9066
5,81500,S5,0.0271,35047081950.81882,S4,0.9066
5,82000,S1,0.0002,14171216246.990734,S4,0.9063
5,82000,S2,0.0606,40514104860.54581,S4,0.9063
5,82000,S3,0.0058,27812088945.13602,S4,0.9063
5,82000,S4,0.9063,73750133773.5839,S4,0.9063
5,82000,S5,0.0271,35267389245.41336,S4,0.9063
5,82500,S1,0.0002,14262766816.778843,S4,0.9063
5,82500,S2,0.0606,40789623272.89415,S4,0.9063
5,82500,S3,0.0058,28035929982.09338,S4,0.9063
5,82500,S4,0.9063,74209632840.969,S4,0.9063
5,82500,S5,0.0271,35487696540.00791,S4,0.9063
5,83000,S1,0.0002,14354317386.566956,S4,0.9061
5,83000,S2,0.0607,41065141685.24249,S4,0.9061
5,83000,S3,0.0059,28259771019.05074,S4,0.9061
5,83000,S4,0.9061,74669131908.35408,S4,0.9061
5,83000,S5,0.0271,35708003834.60245,S4,0.9061
5,83500,S1,0.0002,14445867956.355072,S4,0.9061
5,83500,S2,0.0607,41340660097.590836,S4,0.9061
5,83500,S3,0.0059,28483612056.008095,S4,0.9061
5,83500,S4,0.9061,75128630975.73918,S4,0.9061
5,83500,S5,0.0271,35928311129.197,S4,0.9061
5,84000,S1,0.0002,14537418526.143185,S4,0.906
5,84000,S2,0.0608,41616178509.93918,S4,0.906
5,84000,S3,0.0059,28707453092.965458,S4,0.906
5,84000,S4,0.906,75588130043.12427,S4,0.906
5,84000,S5,0.0271,36148618423.79154,S4,0.906
5,84500,S1,0.0002,14628969095.931297,S4,0.906
5,84500,S2,0.0609,41891696922.28752,S4,0.906
5,84500,S3,0.0059,28931294129.922813,S4,0.906
5,84500,S4,0.906,76047629110.50937,S4,0.906
5,84500,S5,0.027,36368925718.386086,S4,0.906
5,85000,S1,0.0002,14720519665.719412,S4,0.906
5,85000,S2,0.0609,42167215334.635864,S4,0.906
5,85000,S3,0.0059,29155135166.880177,S4,0.906
5,85000,S4,0.906,76507128177.89445,S4,0.906
5,85000,S5,0.027,36589233012.98063,S4,0.906
5,85500,S1,0.0002,14812070235.507524,S4,0.9059
5,85500,S2,0.061,42442733746.98421,S4,0.9059
5,85500,S3,0.0059,29378976203.837532,S4,0.9059
5,85500,S4,0.9059,76966627245.27956,S4,0.9059
5,85500,S5,0.027,36809540307.57517,S4,0.9059
5,86000,S1,0.0002,14903620805.295637,S4,0.9058
5,86000,S2,0.0611,42718252159.33255,S4,0.9058
5,86000,S3,0.0059,29602817240.794888,S4,0.9058
5,86000,S4,0.9058,77426126312.66466,S4,0.9058
5,86000,S5,0.027,37029847602.16972,S4,0.9058
5,86500,S1,0.0002,14995171375.08375,S4,0.9058
5,86500,S2,0.0611,42993770571.6809,S4,0.9058
5,86500,S3,0.006,29826658277.75225,S4,0.9058
5,86500,S4,0.9058,77885625380.04974,S4,0.9058
5,86500,S5,0.0269,37250154896.76426,S4,0.9058
5,87000,S1,0.0002,15086721944.871862,S4,0.9058
5,87000,S2,0.0611,43269288984.029236,S4,0.9058
5,87000,S3,0.006,30050499314.709606,S4,0.9058
5,87000,S4,0.9058,78345124447.43483,S4,0.9058
5,87000,S5,0.0269,37470462191.35881,S4,0.9058
5,87500,S1,0.0002,15178272514.659975,S4,0.9057
5,87500,S2,0.0612,43544807396.37758,S4,0.9057
5,87500,S3,0.006,30274340351.66696,S4,0.9057
5,87500,S4,0.9057,78804623514.81993,S4,0.9057
5,87500,S5,0.0269,37690769485.95335,S4,0.9057
5,88000,S1,0.0002,15269823084.448088,S4,0.9057
5,88000,S2,0.0612,43820325808.72592,S4,0.9057
5,88000,S3,0.006,30498181388.624325,S4,0.9057
5,88000,S4,0.9057,79264122582.20503,S4,0.9057
5,88000,S5,0.0269,37911076780.5479,S4,0.9057
5,88500,S1,0.0002,15361373654.2362,S4,0.9054
5,88500,S2,0.0613,44095844221.074265,S4,0.9054
5,88500,S3,0.0062,30722022425.581676,S4,0.9054
5,88500,S4,0.9054,79723621649.59012,S4,0.9054
5,88500,S5,0.0269,38131384075.14244,S4,0.9054
5,89000,S1,0.0002,15452924224.024315,S4,0.9054
5,89000,S2,0.0613,44371362633.422615,S4,0.9054
5,89000,S3,0.0062,30945863462.539036,S4,0.9054
5,89000,S4,0.9054,80183120716.97522,S4,0.9054
5,89000,S5,0.0269,38351691369.736984,S4,0.9054
5,89500,S1,0.0002,15544474793.812428,S4,0.9052
5,89500,S2,0.0615,44646881045.77095,S4,0.9052
5,89500,S3,0.0062,31169704499.496395,S4,0.9052
5,89500,S4,0.9052,80642619784.3603,S4,0.9052
5,89500,S5,0.0269,38571998664.33153,S4,0.9052
5,90000,S1,0.0002,15636025363.600538,S4,0.9052
5,90000,S2,0.0615,44922399458.11929,S4,0.9052
5,90000,S3,0.0062,31393545536.45375,S4,0.9052
5,90000,S4,0.9052,81102118851.74539,S4,0.9052
5,90000,S5,0.0269,38792305958.92608,S4,0.9052
5,90500,S1,0.0002,15727575933.388653,S4,0.9051
5,90500,S2,0.0616,45197917870.467636,S4,0.9051
5,90500,S3,0.0062,31617386573.411114,S4,0.9051
5,90500,S4,0.9051,81561617919.13048,S4,0.9051
5,90500,S5,0.0269,39012613253.52062,S4,0.9051
5,91000,S1,0.0002,15819126503.176765,S4,0.9048
5,91000,S2,0.0619,45473436282.81598,S4,0.9048
5,91000,S3,0.0062,31841227610.36847,S4,0.9048
5,91000,S4,0.9048,82021116986.51558,S4,0.9048
5,91000,S5,0.0269,39232920548.115166,S4,0.9048
5,91500,S1,0.0002,15910677072.964878,S4,0.9044
5,91500,S2,0.062,45748954695.16432,S4,0.9044
5,91500,S3,0.0065,32065068647.325825,S4,0.9044
5,91500,S4,0.9044,82480616053.90068,S4,0.9044
5,91500,S5,0.0269,39453227842.70971,S4,0.9044
5,92000,S1,0.0002,16002227642.75299,S4,0.9043
5,92000,S2,0.062,46024473107.51267,S4,0.9043
5,92000,S3,0.0066,32288909684.283188,S4,0.9043
5,92000,S4,0.9043,82940115121.28575,S4,0.9043
5,92000,S5,0.0269,39673535137.30425,S4,0.9043
5,92500,S1,0.0002,16093778212.541103,S4,0.9043
5,92500,S2,0.062,46299991519.861015,S4,0.9043
5,92500,S3,0.0066,32512750721.240536,S4,0.9043
5,92500,S4,0.9043,83399614188.67085,S4,0.9043
5,92500,S5,0.0269,39893842431.8988,S4,0.9043
5,93000,S1,0.0002,16185328782.329218,S4,0.9043
5,93000,S2,0.062,46575509932.209366,S4,0.9043
5,93000,S3,0.0066,32736591758.1979,S4,0.9043
5,93000,S4,0.9043,83859113256.05594,S4,0.9043
5,93000,S5,0.0269,40114149726.49335,S4,0.9043
5,93500,S1,0.0002,16276879352.117329,S4,0.9042
5,93500,S2,0.0621,46851028344.5577,S4,0.9042
5,93500,S3,0.0066,32960432795.155254,S4,0.9042
5,93500,S4,0.9042,84318612323.44104,S4,0.9042
5,93500,S5,0.0269,40334457021.08789,S4,0.9042
5,94000,S1,0.0002,16368429921.905443,S4,0.9042
5,94000,S2,0.0621,47126546756.906044,S4,0.9042
5,94000,S3,0.0066,33184273832.112614,S4,0.9042
5,94000,S4,0.9042,84778111390.82613,S4,0.9042
5,94000,S5,0.0269,40554764315.682434,S4,0.9042
5,94500,S1,0.0002,16459980491.693556,S4,0.904
5,94500,S2,0.0621,47402065169.25439,S4,0.904
5,94500,S3,0.0068,33408114869.069977,S4,0.904
5,94500,S4,0.904,85237610458.21123,S4,0.904
5,94500,S5,0.0269,40775071610.27698,S4,0.904
5,95000,S1,0.0002,16551531061.481667,S4,0.904
5,95000,S2,0.0621,47677583581.60272,S4,0.904
5,95000,S3,0.0068,33631955906.027332,S4,0.904
5,95000,S4,0.904,85697109525.59633,S4,0.904
5,95000,S5,0.0269,40995378904.87152,S4,0.904
5,95500,S1,0.0002,16643081631.269781,S4,0.9039
5,95500,S2,0.0622,47953101993.95107,S4,0.9039
5,95500,S3,0.0068,33855796942.984688,S4,0.9039
5,95500,S4,0.9039,86156608592.9814,S4,0.9039
5,95500,S5,0.0269,41215686199.466064,S4,0.9039
5,96000,S1,0.0002,16734632201.057894,S4,0.9038
5,96000,S2,0.0623,48228620406.299416,S4,0.9038
5,96000,S3,0.0068,34079637979.94205,S4,0.9038
5,96000,S4,0.9038,86616107660.3665,S4,0.9038
5,96000,S5,0.0269,41435993494.06061,S4,0.9038
5,96500,S1,0.0002,16826182770.846006,S4,0.9037
5,96500,S2,0.0624,48504138818.647766,S4,0.9037
5,96500,S3,0.0068,34303479016.899406,S4,0.9037
5,96500,S4,0.9037,87075606727.7516,S4,0.9037
5,96500,S5,0.0269,41656300788.65515,S4,0.9037
5,97000,S1,0.0002,16917733340.634119,S4,0.9035
5,97000,S2,0.0625,48779657230.9961,S4,0.9035
5,97000,S3,0.0069,34527320053.856766,S4,0.9035
5,97000,S4,0.9035,87535105795.13669,S4,0.9035
5,97000,S5,0.0269,41876608083.249695,S4,0.9035
5,97500,S1,0.0002,17009283910.422232,S4,0.9034
5,97500,S2,0.0627,49055175643.34445,S4,0.9034
5,97500,S3,0.0069,34751161090.81412,S4,0.9034
5,97500,S4,0.9034,87994604862.52177,S4,0.9034
5,97500,S5,0.0268,42096915377.84424,S4,0.9034
5,98000,S1,0.0002,17100834480.210344,S4,0.9032
5,98000,S2,0.0627,49330694055.69279,S4,0.9032
5,98000,S3,0.0071,34975002127.77148,S4,0.9032
5,98000,S4,0.9032,88454103929.90688,S4,0.9032
5,98000,S5,0.0268,42317222672.43879,S4,0.9032
5,98500,S1,0.0002,17192385049.998455,S4,0.9031
5,98500,S2,0.0628,49606212468.04112,S4,0.9031
5,98500,S3,0.0071,35198843164.728836,S4,0.9031
5,98500,S4,0.9031,88913602997.29196,S4,0.9031
5,98500,S5,0.0268,42537529967.03333,S4,0.9031
5,99000,S1,0.0002,17283935619.786568,S4,0.903
5,99000,S2,0.0629,49881730880.38947,S4,0.903
5,99000,S3,0.0071,35422684201.6862,S4,0.903
5,99000,S4,0.903,89373102064.67705,S4,0.903
5,99000,S5,0.0268,42757837261.62788,S4,0.903
5,99500,S1,0.0002,17375486189.574684,S4,0.9027
5,99500,S2,0.0632,50157249292.737816,S4,0.9027
5,99500,S3,0.0071,35646525238.64355,S4,0.9027
5,99500,S4,0.9027,89832601132.06215,S4,0.9027
5,99500,S5,0.0268,42978144556.22242,S4,0.9027
5,100000,S1,0.0002,17467036759.362797,S4,0.9026
5,100000,S2,0.0632,50432767705.08616,S4,0.9026
5,100000,S3,0.0072,35870366275.600914,S4,0.9026
5,100000,S4,0.9026,90292100199.44724,S4,0.9026
5,100000,S5,0.0268,43198451850.81696,S4,0.9026
5,100500,S1,0.0002,17558587329.15091,S4,0.9026
5,100500,S2,0.0632,50708286117.43451,S4,0.9026
5,100500,S3,0.0072,36094207312.558266,S4,0.9026
5,100500,S4,0.9026,90751599266.83234,S4,0.9026
5,100500,S5,0.0268,43418759145.41151,S4,0.9026
5,101000,S1,0.0002,17650137898.939022,S4,0.9025
5,101000,S2,0.0633,50983804529.78285,S4,0.9025
5,101000,S3,0.0072,36318048349.515625,S4,0.9025
5,101000,S4,0.9025,91211098334.21742,S4,0.9025
5,101000,S5,0.0268,43639066440.00606,S4,0.9025
5,101500,S1,0.0002,17741688468.72714,S4,0.9024
5,101500,S2,0.0634,51259322942.13119,S4,0.9024
5,101500,S3,0.0072,36541889386.472984,S4,0.9024
5,101500,S4,0.9024,91670597401.60252,S4,0.9024
5,101500,S5,0.0268,43859373734.6006,S4,0.9024
5,102000,S1,0.0002,17833239038.51525,S4,0.9021
5,102000,S2,0.0636,51534841354.47954,S4,0.9021
5,102000,S3,0.0073,36765730423.430336,S4,0.9021
5,102000,S4,0.9021,92130096468.98761,S4,0.9021
5,102000,S5,0.0268,44079681029.19515,S4,0.9021
5,102500,S1,0.0002,17924789608.303364,S4,0.9021
5,102500,S2,0.0637,51810359766.82787,S4,0.9021
5,102500,S3,0.0073,36989571460.3877,S4,0.9021
5,102500,S4,0.9021,92589595536.3727,S4,0.9021
5,102500,S5,0.0267,44299988323.78969,S4,0.9021
5,103000,S1,0.0002,18016340178.091476,S4,0.9021
5,103000,S2,0.0637,52085878179.17622,S4,0.9021
5,103000,S3,0.0073,37213412497.34506,S4,0.9021
5,103000,S4,0.9021,93049094603.7578,S4,0.9021
5,103000,S5,0.0267,44520295618.38423,S4,0.9021
5,103500,S1,0.0002,18107890747.87959,S4,0.9021
5,103500,S2,0.0638,52361396591.52456,S4,0.9021
5,103500,S3,0.0073,37437253534.302414,S4,0.9021
5,103500,S4,0.9021,93508593671.14288,S4,0.9021
5,103500,S5,0.0266,44740602912.978775,S4,0.9021
5,104000,S1,0.0002,18199441317.6677,S4,0.9018
5,104000,S2,0.064,52636915003.87291,S4,0.9018
5,104000,S3,0.0074,37661094571.25977,S4,0.9018
5,104000,S4,0.9018,93968092738.52797,S4,0.9018
5,104000,S5,0.0266,44960910207.573326,S4,0.9018
5,104500,S1,0.0002,18290991887.455814,S4,0.9017
5,104500,S2,0.0641,52912433416.22125,S4,0.9017
5,104500,S3,0.0074,37884935608.21713,S4,0.9017
5,104500,S4,0.9017,94427591805.91307,S4,0.9017
5,104500,S5,0.0266,45181217502.16786,S4,0.9017
5,105000,S1,0.0002,18382542457.243923,S4,0.9017
5,105000,S2,0.0641,53187951828.569595,S4,0.9017
5,105000,S3,0.0074,38108776645.174484,S4,0.9017
5,105000,S4,0.9017,94887090873.29816,S4,0.9017
5,105000,S5,0.0266,45401524796.76241,S4,0.9017
5,105500,S1,0.0002,18474093027.03204,S4,0.9016
5,105500,S2,0.0642,53463470240.91794,S4,0.9016
5,105500,S3,0.0074,38332617682.13185,S4,0.9016
5,105500,S4,0.9016,95346589940.68326,S4,0.9016
5,105500,S5,0.0266,45621832091.35695,S4,0.9016
5,106000,S1,0.0002,18565643596.82015,S4,0.9015
5,106000,S2,0.0643,53738988653.26627,S4,0.9015
5,106000,S3,0.0074,38556458719.0892,S4,0.9015
5,106000,S4,0.9015,95806089008.06834,S4,0.9015
5,106000,S5,0.0266,45842139385.9515,S4,0.9015
5,106500,S1,0.0002,18657194166.60826,S4,0.9015
5,106500,S2,0.0644,54014507065.614624,S4,0.9015
5,106500,S3,0.0074,38780299756.04656,S4,0.9015
5,106500,S4,0.9015,96265588075.45343,S4,0.9015
5,106500,S5,0.0265,46062446680.546036,S4,0.9015
5,107000,S1,0.0002,18748744736.396378,S4,0.9014
5,107000,S2,0.0644,54290025477.96297,S4,0.9014
5,107000,S3,0.0075,39004140793.00392,S4,0.9014
5,107000,S4,0.9014,96725087142.83853,S4,0.9014
5,107000,S5,0.0265,46282753975.14059,S4,0.9014
5,107500,S1,0.0002,18840295306.18449,S4,0.9014
5,107500,S2,0.0644,54565543890.31131,S4,0.9014
5,107500,S3,0.0075,39227981829.96127,S4,0.9014
5,107500,S4,0.9014,97184586210.22362,S4,0.9014
5,107500,S5,0.0265,46503061269.73513,S4,0.9014
5,108000,S1,0.0002,18931845875.972603,S4,0.9015
5,108000,S2,0.0643,54841062302.65965,S4,0.9015
5,108000,S3,0.0076,39451822866.91864,S4,0.9015
5,108000,S4,0.9015,97644085277.60872,S4,0.9015
5,108000,S5,0.0264,46723368564.32967,S4,0.9015
5,108500,S1,0.0002,19023396445.760715,S4,0.9014
5,108500,S2,0.0644,55116580715.008,S4,0.9014
5,108500,S3,0.0076,39675663903.87599,S4,0.9014
5,108500,S4,0.9014,98103584344.99382,S4,0.9014
5,108500,S5,0.0264,46943675858.924225,S4,0.9014
5,109000,S1,0.0002,19114947015.54883,S4,0.9014
5,109000,S2,0.0644,55392099127.35634,S4,0.9014
5,109000,S3,0.0076,39899504940.83335,S4,0.9014
5,109000,S4,0.9014,98563083412.3789,S4,0.9014
5,109000,S5,0.0264,47163983153.51876,S4,0.9014
5,109500,S1,0.0002,19206497585.33694,S4,0.9013
5,109500,S2,0.0645,55667617539.70468,S4,0.9013
5,109500,S3,0.0076,40123345977.79071,S4,0.9013
5,109500,S4,0.9013,99022582479.764,S4,0.9013
5,109500,S5,0.0264,47384290448.11331,S4,0.9013
5,110000,S1,0.0002,19298048155.125057,S4,0.901
5,110000,S2,0.0647,55943135952.053024,S4,0.901
5,110000,S3,0.0077,40347187014.74807,S4,0.901
5,110000,S4,0.901,99482081547.1491,S4,0.901
5,110000,S5,0.0264,47604597742.70785,S4,0.901
5,110500,S1,0.0002,19389598724.91317,S4,0.9009
5,110500,S2,0.0648,56218654364.40136,S4,0.9009
5,110500,S3,0.0077,40571028051.70542,S4,0.9009
5,110500,S4,0.9009,99941580614.53418,S4,0.9009
5,110500,S5,0.0264,47824905037.3024,S4,0.9009
5,111000,S1,0.0002,19481149294.701283,S4,0.9008
5,111000,S2,0.0649,56494172776.74971,S4,0.9008
5,111000,S3,0.0077,40794869088.66279,S4,0.9008
5,111000,S4,0.9008,100401079681.91928,S4,0.9008
5,111000,S5,0.0264,48045212331.89694,S4,0.9008
5,111500,S1,0.0002,19572699864.489395,S4,0.9008
5,111500,S2,0.0649,56769691189.09805,S4,0.9008
5,111500,S3,0.0077,41018710125.62014,S4,0.9008
5,111500,S4,0.9008,100860578749.30438,S4,0.9008
5,111500,S5,0.0264,48265519626.491486,S4,0.9008
5,112000,S1,0.0002,19664250434.277508,S4,0.9007
5,112000,S2,0.065,57045209601.4464,S4,0.9007
5,112000,S3,0.0077,41242551162.5775,S4,0.9007
5,112000,S4,0.9007,101320077816.68947,S4,0.9007
5,112000,S5,0.0264,48485826921.08604,S4,0.9007
5,112500,S1,0.0002,19755801004.06562,S4,0.9007
5,112500,S2,0.065,57320728013.79474,S4,0.9007
5,112500,S3,0.0077,41466392199.53486,S4,0.9007
5,112500,S4,0.9007,101779576884.07455,S4,0.9007
5,112500,S5,0.0264,48706134215.68057,S4,0.9007
5,113000,S1,0.0002,19847351573.853733,S4,0.9007
5,113000,S2,0.065,57596246426.143074,S4,0.9007
5,113000,S3,0.0077,41690233236.49221,S4,0.9007
5,113000,S4,0.9007,102239075951.45966,S4,0.9007
5,113000,S5,0.0264,48926441510.27512,S4,0.9007
5,113500,S1,0.0002,19938902143.64184,S4,0.9004
5,113500,S2,0.0652,57871764838.491425,S4,0.9004
5,113500,S3,0.0078,41914074273.44958,S4,0.9004
5,113500,S4,0.9004,102698575018.84476,S4,0.9004
5,113500,S5,0.0264,49146748804.86966,S4,0.9004
5,114000,S1,0.0002,20030452713.429955,S4,0.9004
5,114000,S2,0.0652,58147283250.839775,S4,0.9004
5,114000,S3,0.0078,42137915310.40693,S4,0.9004
5,114000,S4,0.9004,103158074086.22984,S4,0.9004
5,114000,S5,0.0264,49367056099.46421,S4,0.9004
5,114500,S1,0.0002,20122003283.21807,S4,0.9003
5,114500,S2,0.0653,58422801663.18811,S4,0.9003
5,114500,S3,0.0078,42361756347.364296,S4,0.9003
5,114500,S4,0.9003,103617573153.61493,S4,0.9003
5,114500,S5,0.0264,49587363394.058754,S4,0.9003
5,115000,S1,0.0002,20213553853.006184,S4,0.9003
5,115000,S2,0.0653,58698320075.53645,S4,0.9003
5,115000,S3,0.0078,42585597384.32165,S4,0.9003
5,115000,S4,0.9003,104077072221.00003,S4,0.9003
5,115000,S5,0.0264,49807670688.6533,S4,0.9003
5,115500,S1,0.0002,20305104422.794292,S4,0.9002
5,115500,S2,0.0654,58973838487.8848,S4,0.9002
5,115500,S3,0.0078,42809438421.279015,S4,0.9002
5,115500,S4,0.9002,104536571288.38512,S4,0.9002
5,115500,S5,0.0264,50027977983.24784,S4,0.9002
5,116000,S1,0.0002,20396654992.58241,S4,0.8999
5,116000,S2,0.0655,59249356900.23315,S4,0.8999
5,116000,S3,0.008,43033279458.23637,S4,0.8999
5,116000,S4,0.8999,104996070355.7702,S4,0.8999
5,116000,S5,0.0264,50248285277.842384,S4,0.8999
5,116500,S1,0.0002,20488205562.37052,S4,0.8998
5,116500,S2,0.0657,59524875312.58149,S4,0.8998
5,116500,S3,0.008,43257120495.19372,S4,0.8998
5,116500,S4,0.8998,105455569423.1553,S4,0.8998
5,116500,S5,0.0263,50468592572.436935,S4,0.8998
5,117000,S1,0.0002,20579756132.158638,S4,0.8998
5,117000,S2,0.0657,59800393724.929825,S4,0.8998
5,117000,S3,0.008,43480961532.151085,S4,0.8998
5,117000,S4,0.8998,105915068490.54039,S4,0.8998
5,117000,S5,0.0263,50688899867.03147,S4,0.8998
5,117500,S1,0.0002,20671306701.94675,S4,0.8997
5,117500,S2,0.0658,60075912137.278175,S4,0.8997
5,117500,S3,0.008,43704802569.10844,S4,0.8997
5,117500,S4,0.8997,106374567557.92549,S4,0.8997
5,117500,S5,0.0263,50909207161.62602,S4,0.8997
5,118000,S1,0.0002,20762857271.734863,S4,0.8997
5,118000,S2,0.0658,60351430549.626526,S4,0.8997
5,118000,S3,0.008,43928643606.065796,S4,0.8997
5,118000,S4,0.8997,106834066625.31058,S4,0.8997
5,118000,S5,0.0263,51129514456.220566,S4,0.8997
5,118500,S1,0.0002,20854407841.522976,S4,0.8997
5,118500,S2,0.0657,60626948961.97486,S4,0.8997
5,118500,S3,0.0081,44152484643.02315,S4,0.8997
5,118500,S4,0.8997,107293565692.69568,S4,0.8997
5,118500,S5,0.0263,51349821750.81511,S4,0.8997
5,119000,S1,0.0002,20945958411.31109,S4,0.8997
5,119000,S2,0.0656,60902467374.3232,S4,0.8997
5,119000,S3,0.0082,44376325679.980515,S4,0.8997
5,119000,S4,0.8997,107753064760.08078,S4,0.8997
5,119000,S5,0.0263,51570129045.40965,S4,0.8997
5,119500,S1,0.0002,21037508981.0992,S4,0.8997
5,119500,S2,0.0656,61177985786.67155,S4,0.8997
5,119500,S3,0.0082,44600166716.93787,S4,0.8997
5,119500,S4,0.8997,108212563827.46587,S4,0.8997
5,119500,S5,0.0263,51790436340.0042,S4,0.8997
5,120000,S1,0.0002,21129059550.887314,S4,0.8996
5,120000,S2,0.0657,61453504199.0199,S4,0.8996
5,120000,S3,0.0082,44824007753.895226,S4,0.8996
5,120000,S4,0.8996,108672062894.85095,S4,0.8996
5,120000,S5,0.0263,52010743634.59875,S4,0.8996
5,120500,S1,0.0002,21220610120.675426,S4,0.8996
5,120500,S2,0.0657,61729022611.36824,S4,0.8996
5,120500,S3,0.0082,45047848790.852585,S4,0.8996
5,120500,S4,0.8996,109131561962.23604,S4,0.8996
5,120500,S5,0.0263,52231050929.19329,S4,0.8996
5,121000,S1,0.0002,21312160690.46354,S4,0.8995
5,121000,S2,0.0658,62004541023.716576,S4,0.8995
5,121000,S3,0.0082,45271689827.809944,S4,0.8995
5,121000,S4,0.8995,109591061029.62114,S4,0.8995
5,121000,S5,0.0263,52451358223.787834,S4,0.8995
5,121500,S1,0.0002,21403711260.25165,S4,0.8994
5,121500,S2,0.0658,62280059436.064926,S4,0.8994
5,121500,S3,0.0083,45495530864.7673,S4,0.8994
5,121500,S4,0.8994,110050560097.00623,S4,0.8994
5,121500,S5,0.0263,52671665518.38238,S4,0.8994
5,122000,S1,0.0002,21495261830.039764,S4,0.8994
5,122000,S2,0.0658,62555577848.41326,S4,0.8994
5,122000,S3,0.0083,45719371901.72466,S4,0.8994
5,122000,S4,0.8994,110510059164.39133,S4,0.8994
5,122000,S5,0.0263,52891972812.97693,S4,0.8994
5,122500,S1,0.0002,21586812399.827873,S4,0.8992
5,122500,S2,0.0659,62831096260.76161,S4,0.8992
5,122500,S3,0.0084,45943212938.68202,S4,0.8992
5,122500,S4,0.8992,110969558231.7764,S4,0.8992
5,122500,S5,0.0263,53112280107.571465,S4,0.8992
5,123000,S1,0.0002,21678362969.615986,S4,0.8992
5,123000,S2,0.0659,63106614673.10995,S4,0.8992
5,123000,S3,0.0084,46167053975.63937,S4,0.8992
5,123000,S4,0.8992,111429057299.1615,S4,0.8992
5,123000,S5,0.0263,53332587402.166016,S4,0.8992
5,123500,S1,0.0002,21769913539.404102,S4,0.899
5,123500,S2,0.066,63382133085.4583,S4,0.899
5,123500,S3,0.0085,46390895012.59673,S4,0.899
5,123500,S4,0.899,111888556366.5466,S4,0.899
5,123500,S5,0.0263,53552894696.76055,S4,0.899
5,124000,S1,0.0002,21861464109.19222,S4,0.899
5,124000,S2,0.066,63657651497.806625,S4,0.899
5,124000,S3,0.0085,46614736049.554085,S4,0.899
5,124000,S4,0.899,112348055433.93167,S4,0.899
5,124000,S5,0.0263,53773201991.3551,S4,0.899
5,124500,S1,0.0002,21953014678.980324,S4,0.8987
5,124500,S2,0.0661,63933169910.154976,S4,0.8987
5,124500,S3,0.0087,46838577086.51145,S4,0.8987
5,124500,S4,0.8987,112807554501.3168,S4,0.8987
5,124500,S5,0.0263,53993509285.949646,S4,0.8987
5,125000,S1,0.0002,22044565248.76844,S4,0.8987
5,125000,S2,0.0661,64208688322.50331,S4,0.8987
5,125000,S3,0.0087,47062418123.4688,S4,0.8987
5,125000,S4,0.8987,113267053568.70187,S4,0.8987
5,125000,S5,0.0263,54213816580.54419,S4,0.8987
5,125500,S1,0.0002,22136115818.556557,S4,0.8987
5,125500,S2,0.0661,64484206734.85165,S4,0.8987
5,125500,S3,0.0087,47286259160.42616,S4,0.8987
5,125500,S4,0.8987,113726552636.08694,S4,0.8987
5,125500,S5,0.0263,54434123875.13874,S4,0.8987
5,126000,S1,0.0002,22227666388.34467,S4,0.8987
5,126000,S2,0.0661,64759725147.2,S4,0.8987
5,126000,S3,0.0087,47510100197.38352,S4,0.8987
5,126000,S4,0.8987,114186051703.47205,S4,0.8987
5,126000,S5,0.0263,54654431169.73328,S4,0.8987
5,126500,S1,0.0002,22319216958.13278,S4,0.8986
5,126500,S2,0.0662,65035243559.54835,S4,0.8986
5,126500,S3,0.0087,47733941234.34088,S4,0.8986
5,126500,S4,0.8986,114645550770.85715,S4,0.8986
5,126500,S5,0.0263,54874738464.32783,S4,0.8986
5,127000,S1,0.0002,22410767527.920895,S4,0.8986
5,127000,S2,0.0662,65310761971.8967,S4,0.8986
5,127000,S3,0.0087,47957782271.29824,S4,0.8986
5,127000,S4,0.8986,115105049838.24225,S4,0.8986
5,127000,S5,0.0263,55095045758.92236,S4,0.8986
5,127500,S1,0.0002,22502318097.709007,S4,0.8986
5,127500,S2,0.0662,65586280384.24505,S4,0.8986
5,127500,S3,0.0087,48181623308.2556,S4,0.8986
5,127500,S4,0.8986,115564548905.62735,S4,0.8986
5,127500,S5,0.0263,55315353053.516914,S4,0.8986
5,128000,S1,0.0002,22593868667.49712,S4,0.8986
5,128000,S2,0.0662,65861798796.593376,S4,0.8986
5,128000,S3,0.0087,48405464345.21295,S4,0.8986
5,128000,S4,0.8986,116024047973.01242,S4,0.8986
5,128000,S5,0.0263,55535660348.11145,S4,0.8986
5,128500,S1,0.0002,22685419237.285233,S4,0.8986
5,128500,S2,0.0662,66137317208.94173,S4,0.8986
5,128500,S3,0.0088,48629305382.17031,S4,0.8986
5,128500,S4,0.8986,116483547040.39752,S4,0.8986
5,128500,S5,0.0262,55755967642.706,S4,0.8986
5,129000,S1,0.0002,22776969807.073345,S4,0.8986
5,129000,S2,0.0662,66412835621.29006,S4,0.8986
5,129000,S3,0.0088,48853146419.12768,S4,0.8986
5,129000,S4,0.8986,116943046107.7826,S4,0.8986
5,129000,S5,0.0262,55976274937.300545,S4,0.8986
5,129500,S1,0.0002,22868520376.861458,S4,0.8986
5,129500,S2,0.0662,66688354033.6384,S4,0.8986
5,129500,S3,0.0088,49076987456.08503,S4,0.8986
5,129500,S4,0.8986,117402545175.16772,S4,0.8986
5,129500,S5,0.0262,56196582231.89509,S4,0.8986
5,130000,S1,0.0002,22960070946.64957,S4,0.8985
5,130000,S2,0.0663,66963872445.98675,S4,0.8985
5,130000,S3,0.0088,49300828493.04239,S4,0.8985
5,130000,S4,0.8985,117862044242.5528,S4,0.8985
5,130000,S5,0.0262,56416889526.489624,S4,0.8985
5,130500,S1,0.0002,23051621516.437683,S4,0.8983
5,130500,S2,0.0665,67239390858.33509,S4,0.8983
5,130500,S3,0.0088,49524669529.99975,S4,0.8983
5,130500,S4,0.8983,118321543309.9379,S4,0.8983
5,130500,S5,0.0262,56637196821.084175,S4,0.8983
5,131000,S1,0.0002,23143172086.225792,S4,0.8982
5,131000,S2,0.0666,67514909270.68345,S4,0.8982
5,131000,S3,0.0088,49748510566.9571,S4,0.8982
5,131000,S4,0.8982,118781042377.323,S4,0.8982
5,131000,S5,0.0262,56857504115.67873,S4,0.8982
5,131500,S1,0.0002,23234722656.01391,S4,0.8982
5,131500,S2,0.0666,67790427683.03178,S4,0.8982
5,131500,S3,0.0088,49972351603.91446,S4,0.8982
5,131500,S4,0.8982,119240541444.70807,S4,0.8982
5,131500,S5,0.0262,57077811410.27326,S4,0.8982
5,132000,S1,0.0002,23326273225.802017,S4,0.8981
5,132000,S2,0.0667,68065946095.38013,S4,0.8981
5,132000,S3,0.0088,50196192640.87182,S4,0.8981
5,132000,S4,0.8981,119700040512.09315,S4,0.8981
5,132000,S5,0.0262,57298118704.86781,S4,0.8981
5,132500,S1,0.0002,23417823795.59013,S4,0.898
5,132500,S2,0.0668,68341464507.72848,S4,0.898
5,132500,S3,0.0088,50420033677.82918,S4,0.898
5,132500,S4,0.898,120159539579.47827,S4,0.898
5,132500,S5,0.0262,57518425999.46235,S4,0.898
5,133000,S1,0.0002,23509374365.378246,S4,0.8981
5,133000,S2,0.0668,68616982920.07683,S4,0.8981
5,133000,S3,0.0088,50643874714.78654,S4,0.8981
5,133000,S4,0.8981,120619038646.86336,S4,0.8981
5,133000,S5,0.0261,57738733294.0569,S4,0.8981
5,133500,S1,0.0002,23600924935.166363,S4,0.898
5,133500,S2,0.0669,68892501332.42516,S4,0.898
5,133500,S3,0.0088,50867715751.7439,S4,0.898
5,133500,S4,0.898,121078537714.24844,S4,0.898
5,133500,S5,0.0261,57959040588.651436,S4,0.898
5,134000,S1,0.0002,23692475504.954475,S4,0.898
5,134000,S2,0.0669,69168019744.7735,S4,0.898
5,134000,S3,0.0088,51091556788.70125,S4,0.898
5,134000,S4,0.898,121538036781.63354,S4,0.898
5,134000,S5,0.0261,58179347883.24597,S4,0.898
5,134500,S1,0.0002,23784026074.742588,S4,0.898
5,134500,S2,0.0669,69443538157.12186,S4,0.898
5,134500,S3,0.0088,51315397825.65861,S4,0.898
5,134500,S4,0.898,121997535849.01865,S4,0.898
5,134500,S5,0.0261,58399655177.84054,S4,0.898
5,135000,S1,0.0002,23875576644.5307,S4,0.898
5,135000,S2,0.0669,69719056569.47018,S4,0.898
5,135000,S3,0.0088,51539238862.61596,S4,0.898
5,135000,S4,0.898,122457034916.40375,S4,0.898
5,135000,S5,0.0261,58619962472.435074,S4,0.898
5,135500,S1,0.0002,23967127214.31881,S4,0.8978
5,135500,S2,0.0671,69994574981.81853,S4,0.8978
5,135500,S3,0.0088,51763079899.573326,S4,0.8978
5,135500,S4,0.8978,122916533983.78882,S4,0.8978
5,135500,S5,0.0261,58840269767.029625,S4,0.8978
5,136000,S1,0.0002,24058677784.106926,S4,0.8977
5,136000,S2,0.0672,70270093394.16687,S4,0.8977
5,136000,S3,0.0088,51986920936.53068,S4,0.8977
5,136000,S4,0.8977,123376033051.17392,S4,0.8977
5,136000,S5,0.0261,59060577061.62416,S4,0.8977
5,136500,S1,0.0002,24150228353.89504,S4,0.8976
5,136500,S2,0.0673,70545611806.51521,S4,0.8976
5,136500,S3,0.0088,52210761973.48804,S4,0.8976
5,136500,S4,0.8976,123835532118.559,S4,0.8976
5,136500,S5,0.0261,59280884356.2187,S4,0.8976
5,137000,S1,0.0002,24241778923.68315,S4,0.8974
5,137000,S2,0.0674,70821130218.86356,S4,0.8974
5,137000,S3,0.009,52434603010.4454,S4,0.8974
5,137000,S4,0.8974,124295031185.9441,S4,0.8974
5,137000,S5,0.026,59501191650.81325,S4,0.8974
5,137500,S1,0.0002,24333329493.471264,S4,0.8974
5,137500,S2,0.0674,71096648631.2119,S4,0.8974
5,137500,S3,0.009,52658444047.402756,S4,0.8974
5,137500,S4,0.8974,124754530253.32918,S4,0.8974
5,137500,S5,0.026,59721498945.4078,S4,0.8974
5,138000,S1,0.0002,24424880063.259377,S4,0.8974
5,138000,S2,0.0675,71372167043.56026,S4,0.8974
5,138000,S3,0.009,52882285084.360115,S4,0.8974
5,138000,S4,0.8974,125214029320.71428,S4,0.8974
5,138000,S5,0.0259,59941806240.00235,S4,0.8974
5,138500,S1,0.0002,24516430633.04749,S4,0.8974
5,138500,S2,0.0675,71647685455.9086,S4,0.8974
5,138500,S3,0.009,53106126121.317474,S4,0.8974
5,138500,S4,0.8974,125673528388.0994,S4,0.8974
5,138500,S5,0.0259,60162113534.596886,S4,0.8974
5,139000,S1,0.0002,24607981202.8356,S4,0.8974
5,139000,S2,0.0675,71923203868.25694,S4,0.8974
5,139000,S3,0.009,53329967158.274826,S4,0.8974
5,139000,S4,0.8974,126133027455.48448,S4,0.8974
5,139000,S5,0.0259,60382420829.19142,S4,0.8974
5,139500,S1,0.0002,24699531772.623714,S4,0.8974
5,139500,S2,0.0675,72198722280.60527,S4,0.8974
5,139500,S3,0.009,53553808195.232185,S4,0.8974
5,139500,S4,0.8974,126592526522.86955,S4,0.8974
5,139500,S5,0.0259,60602728123.78597,S4,0.8974
5,140000,S1,0.0002,24791082342.411827,S4,0.8974
5,140000,S2,0.0675,72474240692.95361,S4,0.8974
5,140000,S3,0.009,53777649232.18955,S4,0.8974
5,140000,S4,0.8974,127052025590.25465,S4,0.8974
5,140000,S5,0.0259,60823035418.38052,S4,0.8974
5,140500,S1,0.0002,24882632912.199936,S4,0.8973
5,140500,S2,0.0676,72749759105.30196,S4,0.8973
5,140500,S3,0.009,54001490269.146904,S4,0.8973
5,140500,S4,0.8973,127511524657.63976,S4,0.8973
5,140500,S5,0.0259,61043342712.97506,S4,0.8973
5,141000,S1,0.0002,24974183481.98805,S4,0.8973
5,141000,S2,0.0676,73025277517.6503,S4,0.8973
5,141000,S3,0.009,54225331306.10426,S4,0.8973
5,141000,S4,0.8973,127971023725.02483,S4,0.8973
5,141000,S5,0.0259,61263650007.56961,S4,0.8973
5,141500,S1,0.0002,25065734051.77616,S4,0.8972
5,141500,S2,0.0677,73300795929.99866,S4,0.8972
5,141500,S3,0.009,54449172343.061615,S4,0.8972
5,141500,S4,0.8972,128430522792.40993,S4,0.8972
5,141500,S5,0.0259,61483957302.16415,S4,0.8972
5,142000,S1,0.0002,25157284621.56428,S4,0.8971
5,142000,S2,0.0678,73576314342.347,S4,0.8971
5,142000,S3,0.009,54673013380.018974,S4,0.8971
5,142000,S4,0.8971,128890021859.79504,S4,0.8971
5,142000,S5,0.0259,61704264596.7587,S4,0.8971
5,142500,S1,0.0002,25248835191.35239,S4,0.8971
5,142500,S2,0.0678,73851832754.69533,S4,0.8971
5,142500,S3,0.009,54896854416.97634,S4,0.8971
5,142500,S4,0.8971,129349520927.18013,S4,0.8971
5,142500,S5,0.0259,61924571891.35325,S4,0.8971
5,143000,S1,0.0002,25340385761.140507,S4,0.897
5,143000,S2,0.0679,74127351167.04367,S4,0.897
5,143000,S3,0.009,55120695453.93369,S4,0.897
5,143000,S4,0.897,129809019994.5652,S4,0.897
5,143000,S5,0.0259,62144879185.947784,S4,0.897
5,143500,S1,0.0002,25431936330.92862,S4,0.8969
5,143500,S2,0.068,74402869579.39203,S4,0.8969
5,143500,S3,0.009,55344536490.89105,S4,0.8969
5,143500,S4,0.8969,130268519061.9503,S4,0.8969
5,143500,S5,0.0259,62365186480.542336,S4,0.8969
5,144000,S1,0.0002,25523486900.716732,S4,0.8969
5,144000,S2,0.068,74678387991.74037,S4,0.8969
5,144000,S3,0.009,55568377527.84841,S4,0.8969
5,144000,S4,0.8969,130728018129.3354,S4,0.8969
5,144000,S5,0.0259,62585493775.13687,S4,0.8969
5,144500,S1,0.0002,25615037470.504845,S4,0.8969
5,144500,S2,0.0681,74953906404.0887,S4,0.8969
5,144500,S3,0.009,55792218564.80576,S4,0.8969
5,144500,S4,0.8969,131187517196.7205,S4,0.8969
5,144500,S5,0.0258,62805801069.73142,S4,0.8969
5,145000,S1,0.0002,25706588040.292957,S4,0.8969
5,145000,S2,0.0681,75229424816.43706,S4,0.8969
5,145000,S3,0.009,56016059601.76312,S4,0.8969
5,145000,S4,0.8969,131647016264.1056,S4,0.8969
5,145000,S5,0.0258,63026108364.32597,S4,0.8969
5,145500,S1,0.0002,25798138610.08107,S4,0.8969
5,145500,S2,0.0681,75504943228.7854,S4,0.8969
5,145500,S3,0.009,56239900638.72049,S4,0.8969
5,145500,S4,0.8969,132106515331.49068,S4,0.8969
5,145500,S5,0.0258,63246415658.92051,S4,0.8969
5,146000,S1,0.0002,25889689179.869183,S4,0.8968
5,146000,S2,0.0682,75780461641.13373,S4,0.8968
5,146000,S3,0.009,56463741675.67785,S4,0.8968
5,146000,S4,0.8968,132566014398.8758,S4,0.8968
5,146000,S5,0.0258,63466722953.51505,S4,0.8968
5,146500,S1,0.0002,25981239749.657295,S4,0.8968
5,146500,S2,0.0682,76055980053.48207,S4,0.8968
5,146500,S3,0.009,56687582712.6352,S4,0.8968
5,146500,S4,0.8968,133025513466.26085,S4,0.8968
5,146500,S5,0.0258,63687030248.10961,S4,0.8968
5,147000,S1,0.0002,26072790319.445408,S4,0.8968
5,147000,S2,0.0682,76331498465.83041,S4,0.8968
5,147000,S3,0.009,56911423749.59256,S4,0.8968
5,147000,S4,0.8968,133485012533.64595,S4,0.8968
5,147000,S5,0.0258,63907337542.70415,S4,0.8968
5,147500,S1,0.0002,26164340889.23352,S4,0.8968
5,147500,S2,0.0682,76607016878.17876,S4,0.8968
5,147500,S3,0.009,57135264786.54993,S4,0.8968
5,147500,S4,0.8968,133944511601.03105,S4,0.8968
5,147500,S5,0.0258,64127644837.29869,S4,0.8968
5,148000,S1,0.0002,26255891459.021633,S4,0.8967
5,148000,S2,0.0682,76882535290.5271,S4,0.8967
5,148000,S3,0.0091,57359105823.50728,S4,0.8967
5,148000,S4,0.8967,134404010668.41615,S4,0.8967
5,148000,S5,0.0258,64347952131.89323,S4,0.8967
5,148500,S1,0.0002,26347442028.809746,S4,0.8966
5,148500,S2,0.0682,77158053702.87546,S4,0.8966
5,148500,S3,0.0092,57582946860.46462,S4,0.8966
5,148500,S4,0.8966,134863509735.80122,S4,0.8966
5,148500,S5,0.0258,64568259426.48778,S4,0.8966
5,149000,S1,0.0002,26438992598.59786,S4,0.8965
5,149000,S2,0.0683,77433572115.2238,S4,0.8965
5,149000,S3,0.0092,57806787897.422,S4,0.8965
5,149000,S4,0.8965,135323008803.18633,S4,0.8965
5,149000,S5,0.0258,64788566721.08233,S4,0.8965
5,149500,S1,0.0002,26530543168.38597,S4,0.8964
5,149500,S2,0.0683,77709090527.57214,S4,0.8964
5,149500,S3,0.0093,58030628934.37935,S4,0.8964
5,149500,S4,0.8964,135782507870.5714,S4,0.8964
5,149500,S5,0.0258,65008874015.67687,S4,0.8964
5,150000,S1,0.0002,26622093738.174084,S4,0.8964
5,150000,S2,0.0683,77984608939.92049,S4,0.8964
5,150000,S3,0.0093,58254469971.3367,S4,0.8964
5,150000,S4,0.8964,136242006937.95653,S4,0.8964
5,150000,S5,0.0258,65229181310.271416,S4,0.8964
5,150500,S1,0.0002,26713644307.962196,S4,0.8964
5,150500,S2,0.0683,78260127352.26883,S4,0.8964
5,150500,S3,0.0093,58478311008.294075,S4,0.8964
5,150500,S4,0.8964,136701506005.3416,S4,0.8964
5,150500,S5,0.0258,65449488604.86595,S4,0.8964
5,151000,S1,0.0002,26805194877.750313,S4,0.8963
5,151000,S2,0.0684,78535645764.61717,S4,0.8963
5,151000,S3,0.0093,58702152045.25143,S4,0.8963
5,151000,S4,0.8963,137161005072.7267,S4,0.8963
5,151000,S5,0.0258,65669795899.4605,S4,0.8963
5,151500,S1,0.0002,26896745447.53842,S4,0.8962
5,151500,S2,0.0684,78811164176.9655,S4,0.8962
5,151500,S3,0.0094,58925993082.20878,S4,0.8962
5,151500,S4,0.8962,137620504140.1118,S4,0.8962
5,151500,S5,0.0258,65890103194.05505,S4,0.8962
5,152000,S1,0.0002,26988296017.326538,S4,0.8962
5,152000,S2,0.0684,79086682589.31386,S4,0.8962
5,152000,S3,0.0094,59149834119.16614,S4,0.8962
5,152000,S4,0.8962,138080003207.4969,S4,0.8962
5,152000,S5,0.0258,66110410488.64959,S4,0.8962
5,152500,S1,0.0002,27079846587.11465,S4,0.8962
5,152500,S2,0.0684,79362201001.6622,S4,0.8962
5,152500,S3,0.0094,59373675156.1235,S4,0.8962
5,152500,S4,0.8962,138539502274.882,S4,0.8962
5,152500,S5,0.0258,66330717783.24414,S4,0.8962
5,153000,S1,0.0002,27171397156.902763,S4,0.8962
5,153000,S2,0.0684,79637719414.01054,S4,0.8962
5,153000,S3,0.0094,59597516193.080864,S4,0.8962
5,153000,S4,0.8962,138999001342.26706,S4,0.8962
5,153000,S5,0.0258,66551025077.83868,S4,0.8962
5,153500,S1,0.0002,27262947726.690876,S4,0.8962
5,153500,S2,0.0684,79913237826.35887,S4,0.8962
5,153500,S3,0.0094,59821357230.038216,S4,0.8962
5,153500,S4,0.8962,139458500409.65216,S4,0.8962
5,153500,S5,0.0258,66771332372.43323,S4,0.8962
5,154000,S1,0.0002,27354498296.47899,S4,0.8962
5,154000,S2,0.0684,80188756238.70723,S4,0.8962
5,154000,S3,0.0094,60045198266.995575,S4,0.8962
5,154000,S4,0.8962,139917999477.03726,S4,0.8962
5,154000,S5,0.0258,66991639667.02776,S4,0.8962
5,154500,S1,0.0002,27446048866.2671,S4,0.8961
5,154500,S2,0.0684,80464274651.05557,S4,0.8961
5,154500,S3,0.0095,60269039303.95293,S4,0.8961
5,154500,S4,0.8961,140377498544.42236,S4,0.8961
5,154500,S5,0.0258,67211946961.62232,S4,0.8961
5,155000,S1,0.0002,27537599436.055214,S4,0.8961
5,155000,S2,0.0685,80739793063.40393,S4,0.8961
5,155000,S3,0.0095,60492880340.910286,S4,0.8961
5,155000,S4,0.8961,140836997611.80743,S4,0.8961
5,155000,S5,0.0257,67432254256.216866,S4,0.8961
5,155500,S1,0.0002,27629150005.843327,S4,0.8961
5,155500,S2,0.0685,81015311475.75226,S4,0.8961
5,155500,S3,0.0095,60716721377.86764,S4,0.8961
5,155500,S4,0.8961,141296496679.19254,S4,0.8961
5,155500,S5,0.0257,67652561550.8114,S4,0.8961
5,156000,S1,0.0002,27720700575.63144,S4,0.8961
5,156000,S2,0.0685,81290829888.1006,S4,0.8961
5,156000,S3,0.0095,60940562414.825,S4,0.8961
5,156000,S4,0.8961,141755995746.57764,S4,0.8961
5,156000,S5,0.0257,67872868845.40595,S4,0.8961
5,156500,S1,0.0002,27812251145.41955,S4,0.8961
5,156500,S2,0.0685,81566348300.44894,S4,0.8961
5,156500,S3,0.0095,61164403451.782364,S4,0.8961
5,156500,S4,0.8961,142215494813.9627,S4,0.8961
5,156500,S5,0.0257,68093176140.0005,S4,0.8961
5,157000,S1,0.0002,27903801715.20766,S4,0.8959
5,157000,S2,0.0687,81841866712.7973,S4,0.8959
5,157000,S3,0.0095,61388244488.73972,S4,0.8959
5,157000,S4,0.8959,142674993881.3478,S4,0.8959
5,157000,S5,0.0257,68313483434.59504,S4,0.8959
5,157500,S1,0.0002,27995352284.995777,S4,0.8958
5,157500,S2,0.0687,82117385125.14563,S4,0.8958
5,157500,S3,0.0096,61612085525.697075,S4,0.8958
5,157500,S4,0.8958,143134492948.7329,S4,0.8958
5,157500,S5,0.0257,68533790729.189575,S4,0.8958
5,158000,S1,0.0002,28086902854.783894,S4,0.8958
5,158000,S2,0.0687,82392903537.49397,S4,0.8958
5,158000,S3,0.0096,61835926562.654434,S4,0.8958
5,158000,S4,0.8958,143593992016.118,S4,0.8958
5,158000,S5,0.0257,68754098023.78412,S4,0.8958
5,158500,S1,0.0002,28178453424.572,S4,0.8957
5,158500,S2,0.0688,82668421949.84233,S4,0.8957
5,158500,S3,0.0096,62059767599.6118,S4,0.8957
5,158500,S4,0.8957,144053491083.5031,S4,0.8957
5,158500,S5,0.0257,68974405318.37866,S4,0.8957
5,159000,S1,0.0002,28270003994.36012,S4,0.8957
5,159000,S2,0.0688,82943940362.19066,S4,0.8957
5,159000,S3,0.0096,62283608636.56915,S4,0.8957
5,159000,S4,0.8957,144512990150.88818,S4,0.8957
5,159000,S5,0.0257,69194712612.9732,S4,0.8957
5,159500,S1,0.0002,28361554564.14823,S4,0.8957
5,159500,S2,0.0688,83219458774.539,S4,0.8957
5,159500,S3,0.0096,62507449673.5265,S4,0.8957
5,159500,S4,0.8957,144972489218.2733,S4,0.8957
5,159500,S5,0.0257,69415019907.56775,S4,0.8957
5,160000,S1,0.0002,28453105133.936337,S4,0.8957
5,160000,S2,0.0688,83494977186.88734,S4,0.8957
5,160000,S3,0.0096,62731290710.483864,S4,0.8957
5,160000,S4,0.8957,145431988285.6584,S4,0.8957
5,160000,S5,0.0257,69635327202.1623,S4,0.8957
5,160500,S1,0.0002,28544655703.724457,S4,0.8957
5,160500,S2,0.0688,83770495599.23569,S4,0.8957
5,160500,S3,0.0096,62955131747.44122,S4,0.8957
5,160500,S4,0.8957,145891487353.04346,S4,0.8957
5,160500,S5,0.0257,69855634496.75685,S4,0.8957
5,161000,S1,0.0002,28636206273.51257,S4,0.8956
5,161000,S2,0.0689,84046014011.58403,S4,0.8956
5,161000,S3,0.0096,63178972784.39859,S4,0.8956
5,161000,S4,0.8956,146350986420.42856,S4,0.8956
5,161000,S5,0.0257,70075941791.35138,S4,0.8956
5,161500,S1,0.0002,28727756843.300674,S4,0.8956
5,161500,S2,0.0689,84321532423.93237,S4,0.8956
5,161500,S3,0.0096,63402813821.355934,S4,0.8956
5,161500,S4,0.8956,146810485487.81366,S4,0.8956
5,161500,S5,0.0257,70296249085.94592,S4,0.8956
5,162000,S1,0.0002,28819307413.088795,S4,0.8955
5,162000,S2,0.0689,84597050836.28073,S4,0.8955
5,162000,S3,0.0097,63626654858.3133,S4,0.8955
5,162000,S4,0.8955,147269984555.19876,S4,0.8955
5,162000,S5,0.0257,70516556380.54048,S4,0.8955
5,162500,S1,0.0002,28910857982.876907,S4,0.8954
5,162500,S2,0.069,84872569248.62906,S4,0.8954
5,162500,S3,0.0097,63850495895.27066,S4,0.8954
5,162500,S4,0.8954,147729483622.58386,S4,0.8954
5,162500,S5,0.0257,70736863675.13503,S4,0.8954
5,163000,S1,0.0002,29002408552.66502,S4,0.8954
5,163000,S2,0.069,85148087660.9774,S4,0.8954
5,163000,S3,0.0097,64074336932.228,S4,0.8954
5,163000,S4,0.8954,148188982689.96893,S4,0.8954
5,163000,S5,0.0257,70957170969.72957,S4,0.8954
5,163500,S1,0.0002,29093959122.453133,S4,0.8953
5,163500,S2,0.0692,85423606073.32574,S4,0.8953
5,163500,S3,0.0097,64298177969.18537,S4,0.8953
5,163500,S4,0.8953,148648481757.354,S4,0.8953
5,163500,S5,0.0256,71177478264.32411,S4,0.8953
5,164000,S1,0.0002,29185509692.241245,S4,0.8952
5,164000,S2,0.0693,85699124485.6741,S4,0.8952
5,164000,S3,0.0097,64522019006.14272,S4,0.8952
5,164000,S4,0.8952,149107980824.7391,S4,0.8952
5,164000,S5,0.0256,71397785558.91866,S4,0.8952
5,164500,S1,0.0002,29277060262.029358,S4,0.8952
5,164500,S2,0.0693,85974642898.02243,S4,0.8952
5,164500,S3,0.0097,64745860043.10009,S4,0.8952
5,164500,S4,0.8952,149567479892.1242,S4,0.8952
5,164500,S5,0.0256,71618092853.5132,S4,0.8952
5,165000,S1,0.0002,29368610831.81747,S4,0.8952
5,165000,S2,0.0693,86250161310.37077,S4,0.8952
5,165000,S3,0.0098,64969701080.05745,S4,0.8952
5,165000,S4,0.8952,150026978959.5093,S4,0.8952
5,165000,S5,0.0255,71838400148.10776,S4,0.8952
5,165500,S1,0.0002,29460161401.60558,S4,0.8952
5,165500,S2,0.0693,86525679722.71913,S4,0.8952
5,165500,S3,0.0098,65193542117.0148,S4,0.8952
5,165500,S4,0.8952,150486478026.89438,S4,0.8952
5,165500,S5,0.0255,72058707442.70229,S4,0.8952
5,166000,S1,0.0002,29551711971.3937,S4,0.8951
5,166000,S2,0.0693,86801198135.06746,S4,0.8951
5,166000,S3,0.0099,65417383153.97215,S4,0.8951
5,166000,S4,0.8951,150945977094.27948,S4,0.8951
5,166000,S5,0.0255,72279014737.29684,S4,0.8951
5,166500,S1,0.0002,29643262541.181812,S4,0.8951
5,166500,S2,0.0693,87076716547.41582,S4,0.8951
5,166500,S3,0.0099,65641224190.92953,S4,0.8951
5,166500,S4,0.8951,151405476161.66458,S4,0.8951
5,166500,S5,0.0255,72499322031.89137,S4,0.8951
5,167000,S1,0.0002,29734813110.969917,S4,0.8951
5,167000,S2,0.0693,87352234959.76414,S4,0.8951
5,167000,S3,0.0099,65865065227.88687,S4,0.8951
5,167000,S4,0.8951,151864975229.04965,S4,0.8951
5,167000,S5,0.0255,72719629326.48593,S4,0.8951
5,167500,S1,0.0002,29826363680.758038,S4,0.895
5,167500,S2,0.0693,87627753372.1125,S4,0.895
5,167500,S3,0.01,66088906264.84424,S4,0.895
5,167500,S4,0.895,152324474296.43478,S4,0.895
5,167500,S5,0.0255,72939936621.08047,S4,0.895
5,168000,S1,0.0002,29917914250.54615,S4,0.8949
5,168000,S2,0.0693,87903271784.46083,S4,0.8949
5,168000,S3,0.0101,66312747301.8016,S4,0.8949
5,168000,S4,0.8949,152783973363.81985,S4,0.8949
5,168000,S5,0.0255,73160243915.67502,S4,0.8949
5,168500,S1,0.0002,30009464820.334263,S4,0.8948
5,168500,S2,0.0695,88178790196.80919,S4,0.8948
5,168500,S3,0.0101,66536588338.75895,S4,0.8948
5,168500,S4,0.8948,153243472431.20496,S4,0.8948
5,168500,S5,0.0254,73380551210.26956,S4,0.8948
5,169000,S1,0.0002,30101015390.122375,S4,0.8946
5,169000,S2,0.0695,88454308609.15753,S4,0.8946
5,169000,S3,0.0103,66760429375.71632,S4,0.8946
5,169000,S4,0.8946,153702971498.59006,S4,0.8946
5,169000,S5,0.0254,73600858504.8641,S4,0.8946
5,169500,S1,0.0002,30192565959.91049,S4,0.8946
5,169500,S2,0.0695,88729827021.50587,S4,0.8946
5,169500,S3,0.0103,66984270412.673676,S4,0.8946
5,169500,S4,0.8946,154162470565.97513,S4,0.8946
5,169500,S5,0.0254,73821165799.45865,S4,0.8946
5,170000,S1,0.0002,30284116529.6986,S4,0.8946
5,170000,S2,0.0695,89005345433.85422,S4,0.8946
5,170000,S3,0.0103,67208111449.63103,S4,0.8946
5,170000,S4,0.8946,154621969633.36023,S4,0.8946
5,170000,S5,0.0254,74041473094.05318,S4,0.8946
5,170500,S1,0.0002,30375667099.486713,S4,0.8944
5,170500,S2,0.0696,89280863846.20255,S4,0.8944
5,170500,S3,0.0104,67431952486.58837,S4,0.8944
5,170500,S4,0.8944,155081468700.7453,S4,0.8944
5,170500,S5,0.0254,74261780388.64774,S4,0.8944
5,171000,S1,0.0002,30467217669.274826,S4,0.8944
5,171000,S2,0.0696,89556382258.5509,S4,0.8944
5,171000,S3,0.0104,67655793523.54575,S4,0.8944
5,171000,S4,0.8944,155540967768.1304,S4,0.8944
5,171000,S5,0.0254,74482087683.24228,S4,0.8944
5,171500,S1,0.0002,30558768239.06294,S4,0.8943
5,171500,S2,0.0697,89831900670.89923,S4,0.8943
5,171500,S3,0.0104,67879634560.5031,S4,0.8943
5,171500,S4,0.8943,156000466835.5155,S4,0.8943
5,171500,S5,0.0254,74702394977.83682,S4,0.8943
5,172000,S1,0.0002,30650318808.85105,S4,0.8943
5,172000,S2,0.0697,90107419083.24759,S4,0.8943
5,172000,S3,0.0104,68103475597.460464,S4,0.8943
5,172000,S4,0.8943,156459965902.9006,S4,0.8943
5,172000,S5,0.0254,74922702272.43138,S4,0.8943
5,172500,S1,0.0002,30741869378.639164,S4,0.8943
5,172500,S2,0.0697,90382937495.59593,S4,0.8943
5,172500,S3,0.0104,68327316634.417816,S4,0.8943
5,172500,S4,0.8943,156919464970.28568,S4,0.8943
5,172500,S5,0.0254,75143009567.02591,S4,0.8943
5,173000,S1,0.0002,30833419948.427277,S4,0.8942
5,173000,S2,0.0698,90658455907.94427,S4,0.8942
5,173000,S3,0.0104,68551157671.375175,S4,0.8942
5,173000,S4,0.8942,157378964037.67078,S4,0.8942
5,173000,S5,0.0254,75363316861.62047,S4,0.8942
5,173500,S1,0.0002,30924970518.21539,S4,0.8941
5,173500,S2,0.0698,90933974320.29262,S4,0.8941
5,173500,S3,0.0105,68774998708.33253,S4,0.8941
5,173500,S4,0.8941,157838463105.05588,S4,0.8941
5,173500,S5,0.0254,75583624156.215,S4,0.8941
5,174000,S1,0.0002,31016521088.0035,S4,0.894
5,174000,S2,0.0699,91209492732.64095,S4,0.894
5,174000,S3,0.0105,68998839745.28987,S4,0.894
5,174000,S4,0.894,158297962172.44098,S4,0.894
5,174000,S5,0.0254,75803931450.80956,S4,0.894
5,174500,S1,0.0002,31108071657.79162,S4,0.8939
5,174500,S2,0.0699,91485011144.9893,S4,0.8939
5,174500,S3,0.0106,69222680782.24725,S4,0.8939
5,174500,S4,0.8939,158757461239.82605,S4,0.8939
5,174500,S5,0.0254,76024238745.4041,S4,0.8939
5,175000,S1,0.0002,31199622227.579723,S4,0.8939
5,175000,S2,0.0699,91760529557.33765,S4,0.8939
5,175000,S3,0.0106,69446521819.2046,S4,0.8939
5,175000,S4,0.8939,159216960307.21115,S4,0.8939
5,175000,S5,0.0254,76244546039.99864,S4,0.8939
5,175500,S1,0.0002,31291172797.367836,S4,0.8939
5,175500,S2,0.0699,92036047969.68599,S4,0.8939
5,175500,S3,0.0106,69670362856.16197,S4,0.8939
5,175500,S4,0.8939,159676459374.59625,S4,0.8939
5,175500,S5,0.0254,76464853334.59317,S4,0.8939
5,176000,S1,0.0002,31382723367.155956,S4,0.8938
5,176000,S2,0.07,92311566382.03433,S4,0.8938
5,176000,S3,0.0106,69894203893.11932,S4,0.8938
5,176000,S4,0.8938,160135958441.98132,S4,0.8938
5,176000,S5,0.0254,76685160629.18773,S4,0.8938
5,176500,S1,0.0002,31474273936.94406,S4,0.8938
5,176500,S2,0.07,92587084794.38268,S4,0.8938
5,176500,S3,0.0106,70118044930.07668,S4,0.8938
5,176500,S4,0.8938,160595457509.36646,S4,0.8938
5,176500,S5,0.0254,76905467923.78227,S4,0.8938
5,177000,S1,0.0002,31565824506.73218,S4,0.8938
5,177000,S2,0.07,92862603206.73102,S4,0.8938
5,177000,S3,0.0106,70341885967.03403,S4,0.8938
5,177000,S4,0.8938,161054956576.75153,S4,0.8938
5,177000,S5,0.0254,77125775218.37682,S4,0.8938
5,177500,S1,0.0002,31657375076.520294,S4,0.8938
5,177500,S2,0.07,93138121619.07935,S4,0.8938
5,177500,S3,0.0106,70565727003.9914,S4,0.8938
5,177500,S4,0.8938,161514455644.13663,S4,0.8938
5,177500,S5,0.0254,77346082512.97134,S4,0.8938
5,178000,S1,0.0002,31748925646.3084,S4,0.8938
5,178000,S2,0.07,93413640031.4277,S4,0.8938
5,178000,S3,0.0106,70789568040.94876,S4,0.8938
5,178000,S4,0.8938,161973954711.5217,S4,0.8938
5,178000,S5,0.0254,77566389807.5659,S4,0.8938
5,178500,S1,0.0002,31840476216.096523,S4,0.8938
5,178500,S2,0.07,93689158443.77605,S4,0.8938
5,178500,S3,0.0106,71013409077.90613,S4,0.8938
5,178500,S4,0.8938,162433453778.9068,S4,0.8938
5,178500,S5,0.0254,77786697102.16045,S4,0.8938
5,179000,S1,0.0002,31932026785.884632,S4,0.8937
5,179000,S2,0.07,93964676856.12439,S4,0.8937
5,179000,S3,0.0107,71237250114.86348,S4,0.8937
5,179000,S4,0.8937,162892952846.29187,S4,0.8937
5,179000,S5,0.0254,78007004396.755,S4,0.8937
5,179500,S1,0.0002,32023577355.67275,S4,0.8937
5,179500,S2,0.07,94240195268.47273,S4,0.8937
5,179500,S3,0.0107,71461091151.82083,S4,0.8937
5,179500,S4,0.8937,163352451913.67697,S4,0.8937
5,179500,S5,0.0254,78227311691.34953,S4,0.8937
5,180000,S1,0.0002,32115127925.46086,S4,0.8936
5,180000,S2,0.07,94515713680.82108,S4,0.8936
5,180000,S3,0.0108,71684932188.77817,S4,0.8936
5,180000,S4,0.8936,163811950981.06204,S4,0.8936
5,180000,S5,0.0254,78447618985.94409,S4,0.8936
5,180500,S1,0.0002,32206678495.24897,S4,0.8936
5,180500,S2,0.07,94791232093.16942,S4,0.8936
5,180500,S3,0.0108,71908773225.73555,S4,0.8936
5,180500,S4,0.8936,164271450048.44717,S4,0.8936
5,180500,S5,0.0254,78667926280.53862,S4,0.8936
5,181000,S1,0.0002,32298229065.037083,S4,0.8934
5,181000,S2,0.0701,95066750505.51776,S4,0.8934
5,181000,S3,0.0109,72132614262.6929,S4,0.8934
5,181000,S4,0.8934,164730949115.83224,S4,0.8934
5,181000,S5,0.0254,78888233575.13316,S4,0.8934
5,181500,S1,0.0002,32389779634.8252,S4,0.8934
5,181500,S2,0.0701,95342268917.8661,S4,0.8934
5,181500,S3,0.0109,72356455299.65025,S4,0.8934
5,181500,S4,0.8934,165190448183.21735,S4,0.8934
5,181500,S5,0.0254,79108540869.7277,S4,0.8934
5,182000,S1,0.0002,32481330204.613308,S4,0.8934
5,182000,S2,0.0701,95617787330.21445,S4,0.8934
5,182000,S3,0.0109,72580296336.6076,S4,0.8934
5,182000,S4,0.8934,165649947250.60245,S4,0.8934
5,182000,S5,0.0254,79328848164.32225,S4,0.8934
5,182500,S1,0.0002,32572880774.401424,S4,0.8934
5,182500,S2,0.0701,95893305742.56279,S4,0.8934
5,182500,S3,0.0109,72804137373.56497,S4,0.8934
5,182500,S4,0.8934,166109446317.98752,S4,0.8934
5,182500,S5,0.0254,79549155458.9168,S4,0.8934
5,183000,S1,0.0002,32664431344.189537,S4,0.8934
5,183000,S2,0.0701,96168824154.91113,S4,0.8934
5,183000,S3,0.0109,73027978410.52232,S4,0.8934
5,183000,S4,0.8934,166568945385.37265,S4,0.8934
5,183000,S5,0.0254,79769462753.51135,S4,0.8934
5,183500,S1,0.0002,32755981913.97765,S4,0.8933
5,183500,S2,0.0703,96444342567.25948,S4,0.8933
5,183500,S3,0.0109,73251819447.47969,S4,0.8933
5,183500,S4,0.8933,167028444452.75772,S4,0.8933
5,183500,S5,0.0253,79989770048.10588,S4,0.8933
5,184000,S1,0.0002,32847532483.765762,S4,0.8933
5,184000,S2,0.0703,96719860979.60782,S4,0.8933
5,184000,S3,0.0109,73475660484.43706,S4,0.8933
5,184000,S4,0.8933,167487943520.14282,S4,0.8933
5,184000,S5,0.0253,80210077342.70042,S4,0.8933
5,184500,S1,0.0002,32939083053.553875,S4,0.8933
5,184500,S2,0.0703,96995379391.95618,S4,0.8933
5,184500,S3,0.0109,73699501521.3944,S4,0.8933
5,184500,S4,0.8933,167947442587.5279,S4,0.8933
5,184500,S5,0.0253,80430384637.29497,S4,0.8933
5,185000,S1,0.0002,33030633623.341988,S4,0.8933
5,185000,S2,0.0703,97270897804.30452,S4,0.8933
5,185000,S3,0.0109,73923342558.35178,S4,0.8933
5,185000,S4,0.8933,168406941654.913,S4,0.8933
5,185000,S5,0.0253,80650691931.88953,S4,0.8933
5,185500,S1,0.0002,33122184193.1301,S4,0.8932
5,185500,S2,0.0704,97546416216.65285,S4,0.8932
5,185500,S3,0.0109,74147183595.30913,S4,0.8932
5,185500,S4,0.8932,168866440722.2981,S4,0.8932
5,185500,S5,0.0253,80870999226.48407,S4,0.8932
5,186000,S1,0.0002,33213734762.918213,S4,0.8932
5,186000,S2,0.0704,97821934629.0012,S4,0.8932
5,186000,S3,0.0109,74371024632.26648,S4,0.8932
5,186000,S4,0.8932,169325939789.6832,S4,0.8932
5,186000,S5,0.0253,81091306521.07861,S4,0.8932
5,186500,S1,0.0002,33305285332.706326,S4,0.8932
5,186500,S2,0.0704,98097453041.34953,S4,0.8932
5,186500,S3,0.0109,74594865669.22383,S4,0.8932
5,186500,S4,0.8932,169785438857.0683,S4,0.8932
5,186500,S5,0.0253,81311613815.67316,S4,0.8932
5,187000,S1,0.0002,33396835902.49444,S4,0.8932
5,187000,S2,0.0704,98372971453.69788,S4,0.8932
5,187000,S3,0.0109,74818706706.1812,S4,0.8932
5,187000,S4,0.8932,170244937924.45337,S4,0.8932
5,187000,S5,0.0253,81531921110.2677,S4,0.8932
5,187500,S1,0.0002,33488386472.28255,S4,0.8932
5,187500,S2,0.0704,98648489866.04622,S4,0.8932
5,187500,S3,0.0109,75042547743.13855,S4,0.8932
5,187500,S4,0.8932,170704436991.83844,S4,0.8932
5,187500,S5,0.0253,81752228404.86224,S4,0.8932
5,188000,S1,0.0002,33579937042.070663,S4,0.893
5,188000,S2,0.0706,98924008278.39458,S4,0.893
5,188000,S3,0.0109,75266388780.09592,S4,0.893
5,188000,S4,0.893,171163936059.22354,S4,0.893
5,188000,S5,0.0253,81972535699.45679,S4,0.893
5,188500,S1,0.0002,33671487611.858776,S4,0.8929
5,188500,S2,0.0707,99199526690.74292,S4,0.8929
5,188500,S3,0.0109,75490229817.05327,S4,0.8929
5,188500,S4,0.8929,171623435126.60864,S4,0.8929
5,188500,S5,0.0253,82192842994.05133,S4,0.8929
5,189000,S1,0.0002,33763038181.64689,S4,0.8929
5,189000,S2,0.0707,99475045103.09125,S4,0.8929
5,189000,S3,0.0109,75714070854.01062,S4,0.8929
5,189000,S4,0.8929,172082934193.99374,S4,0.8929
5,189000,S5,0.0253,82413150288.64589,S4,0.8929
5,189500,S1,0.0002,33854588751.435005,S4,0.8929
5,189500,S2,0.0707,99750563515.4396,S4,0.8929
5,189500,S3,0.0109,75937911890.96797,S4,0.8929
5,189500,S4,0.8929,172542433261.37885,S4,0.8929
5,189500,S5,0.0253,82633457583.24042,S4,0.8929
5,190000,S1,0.0002,33946139321.223114,S4,0.8928
5,190000,S2,0.0708,100026081927.78793,S4,0.8928
5,190000,S3,0.0109,76161752927.92535,S4,0.8928
5,190000,S4,0.8928,173001932328.76392,S4,0.8928
5,190000,S5,0.0253,82853764877.83496,S4,0.8928
5,190500,S1,0.0002,34037689891.011227,S4,0.8928
5,190500,S2,0.0707,100301600340.13628,S4,0.8928
5,190500,S3,0.011,76385593964.8827,S4,0.8928
5,190500,S4,0.8928,173461431396.149,S4,0.8928
5,190500,S5,0.0253,83074072172.42952,S4,0.8928
5,191000,S1,0.0002,34129240460.799343,S4,0.8928
5,191000,S2,0.0707,100577118752.48462,S4,0.8928
5,191000,S3,0.011,76609435001.84006,S4,0.8928
5,191000,S4,0.8928,173920930463.53412,S4,0.8928
5,191000,S5,0.0253,83294379467.02406,S4,0.8928
5,191500,S1,0.0002,34220791030.58745,S4,0.8928
5,191500,S2,0.0707,100852637164.83296,S4,0.8928
5,191500,S3,0.011,76833276038.79742,S4,0.8928
5,191500,S4,0.8928,174380429530.9192,S4,0.8928
5,191500,S5,0.0253,83514686761.6186,S4,0.8928
5,192000,S1,0.0002,34312341600.37556,S4,0.8928
5,192000,S2,0.0707,101128155577.1813,S4,0.8928
5,192000,S3,0.011,77057117075.75478,S4,0.8928
5,192000,S4,0.8928,174839928598.3043,S4,0.8928
5,192000,S5,0.0253,83734994056.21315,S4,0.8928
5,192500,S1,0.0002,34403892170.16368,S4,0.8928
5,192500,S2,0.0707,101403673989.52965,S4,0.8928
5,192500,S3,0.011,77280958112.71213,S4,0.8928
5,192500,S4,0.8928,175299427665.6894,S4,0.8928
5,192500,S5,0.0253,83955301350.8077,S4,0.8928
5,193000,S1,0.0002,34495442739.95179,S4,0.8928
5,193000,S2,0.0707,101679192401.878,S4,0.8928
5,193000,S3,0.011,77504799149.6695,S4,0.8928
5,193000,S4,0.8928,175758926733.0745,S4,0.8928
5,193000,S5,0.0253,84175608645.40224,S4,0.8928
5,193500,S1,0.0002,34586993309.739914,S4,0.8927
5,193500,S2,0.0708,101954710814.22633,S4,0.8927
5,193500,S3,0.011,77728640186.62685,S4,0.8927
5,193500,S4,0.8927,176218425800.4596,S4,0.8927
5,193500,S5,0.0253,84395915939.99678,S4,0.8927
5,194000,S1,0.0002,34678543879.528015,S4,0.8925
5,194000,S2,0.0709,102230229226.57468,S4,0.8925
5,194000,S3,0.0111,77952481223.5842,S4,0.8925
5,194000,S4,0.8925,176677924867.84464,S4,0.8925
5,194000,S5,0.0253,84616223234.59132,S4,0.8925
5,194500,S1,0.0002,34770094449.316124,S4,0.8925
5,194500,S2,0.0709,102505747638.92302,S4,0.8925
5,194500,S3,0.0111,78176322260.54155,S4,0.8925
5,194500,S4,0.8925,177137423935.22974,S4,0.8925
5,194500,S5,0.0253,84836530529.18588,S4,0.8925
5,195000,S1,0.0002,34861645019.10425,S4,0.8925
5,195000,S2,0.0709,102781266051.27138,S4,0.8925
5,195000,S3,0.0111,78400163297.49892,S4,0.8925
5,195000,S4,0.8925,177596923002.61484,S4,0.8925
5,195000,S5,0.0253,85056837823.78043,S4,0.8925
5,195500,S1,0.0002,34953195588.89236,S4,0.8925
5,195500,S2,0.0709,103056784463.6197,S4,0.8925
5,195500,S3,0.0111,78624004334.45628,S4,0.8925
5,195500,S4,0.8925,178056422069.99994,S4,0.8925
5,195500,S5,0.0253,85277145118.37495,S4,0.8925
5,196000,S1,0.0002,35044746158.68047,S4,0.8924
5,196000,S2,0.071,103332302875.96806,S4,0.8924
5,196000,S3,0.0111,78847845371.41364,S4,0.8924
5,196000,S4,0.8924,178515921137.38504,S4,0.8924
5,196000,S5,0.0253,85497452412.9695,S4,0.8924
5,196500,S1,0.0002,35136296728.46859,S4,0.8922
5,196500,S2,0.0711,103607821288.3164,S4,0.8922
5,196500,S3,0.0111,79071686408.371,S4,0.8922
5,196500,S4,0.8922,178975420204.77014,S4,0.8922
5,196500,S5,0.0254,85717759707.56406,S4,0.8922
5,197000,S1,0.0002,35227847298.25669,S4,0.8921
5,197000,S2,0.0712,103883339700.66475,S4,0.8921
5,197000,S3,0.0112,79295527445.32835,S4,0.8921
5,197000,S4,0.8921,179434919272.15524,S4,0.8921
5,197000,S5,0.0253,85938067002.1586,S4,0.8921
5,197500,S1,0.0002,35319397868.044815,S4,0.892
5,197500,S2,0.0713,104158858113.01309,S4,0.892
5,197500,S3,0.0112,79519368482.2857,S4,0.892
5,197500,S4,0.892,179894418339.5403,S4,0.892
5,197500,S5,0.0253,86158374296.75313,S4,0.892
5,198000,S1,0.0002,35410948437.832924,S4,0.892
5,198000,S2,0.0713,104434376525.36142,S4,0.892
5,198000,S3,0.0112,79743209519.24306,S4,0.892
5,198000,S4,0.892,180353917406.9254,S4,0.892
5,198000,S5,0.0253,86378681591.34767,S4,0.892
5,198500,S1,0.0002,35502499007.62103,S4,0.8919
5,198500,S2,0.0714,104709894937.70978,S4,0.8919
5,198500,S3,0.0112,79967050556.20042,S4,0.8919
5,198500,S4,0.8919,180813416474.3105,S4,0.8919
5,198500,S5,0.0253,86598988885.94223,S4,0.8919
5,199000,S1,0.0002,35594049577.40914,S4,0.8919
5,199000,S2,0.0714,104985413350.05812,S4,0.8919
5,199000,S3,0.0112,80190891593.15779,S4,0.8919
5,199000,S4,0.8919,181272915541.6956,S4,0.8919
5,199000,S5,0.0253,86819296180.53677,S4,0.8919
5,199500,S1,0.0002,35685600147.197266,S4,0.8919
5,199500,S2,0.0714,105260931762.40646,S4,0.8919
5,199500,S3,0.0112,80414732630.11514,S4,0.8919
5,199500,S4,0.8919,181732414609.0807,S4,0.8919
5,199500,S5,0.0253,87039603475.13133,S4,0.8919
5,200000,S1,0.0002,35777150716.985374,S4,0.8919
5,200000,S2,0.0714,105536450174.7548,S4,0.8919
5,200000,S3,0.0112,80638573667.0725,S4,0.8919
5,200000,S4,0.8919,182191913676.4658,S4,0.8919
5,200000,S5,0.0253,87259910769.72586,S4,0.8919
10,0,S1,0.4487,-1535582285.9889543,S5,0.5463
10,0,S2,0.0,-11527804168.5722,S5,0.5463
10,0,S3,0.0,-9184281915.486528,S5,0.5463
10,0,S4,0.005,-3465228412.6994796,S5,0.5463
10,0,S5,0.5463,-1470042028.2699468,S5,0.5463
10,500,S1,0.173,-1158638017.8225405,S5,0.6575
10,500,S2,0.0,-10393034173.735754,S5,0.6575
10,500,S3,0.0,-7901465193.689067,S5,0.6575
10,500,S4,0.1695,-1572841041.6492856,S5,0.6575
10,500,S5,0.6575,-562714827.6291442,S5,0.6575
10,1000,S1,0.0494,-781693749.6561269,S5,0.4699
10,1000,S2,0.0,-9258264178.899303,S5,0.4699
10,1000,S3,0.0002,-6618648471.891608,S5,0.4699
10,1000,S4,0.4805,319546329.400909,S5,0.4699
10,1000,S5,0.4699,344612373.0116585,S5,0.4699
10,1500,S1,0.0165,-404749481.4897132,S4,0.6861
10,1500,S2,0.0,-8123494184.062855,S4,0.6861
10,1500,S3,0.001,-5335831750.094146,S4,0.6861
10,1500,S4,0.6861,2211933700.451103,S4,0.6861
10,1500,S5,0.2964,1251939573.652461,S4,0.6861
10,2000,S1,0.0074,-27805213.323299542,S4,0.7881
10,2000,S2,0.0,-6988724189.226405,S4,0.7881
10,2000,S3,0.0029,-4053015028.2966843,S4,0.7881
10,2000,S4,0.7881,4104321071.5012975,S4,0.7881
10,2000,S5,0.2016,2159266774.293264,S4,0.7881
10,2500,S1,0.0039,349139054.8431141,S4,0.8382
10,2500,S2,0.0001,-5853954194.389956,S4,0.8382
10,2500,S3,0.0049,-2770198306.499223,S4,0.8382
10,2500,S4,0.8382,5996708442.551492,S4,0.8382
10,2500,S5,0.1529,3066593974.9340663,S4,0.8382
10,3000,S1,0.0024,726083323.0095277,S4,0.8697
10,3000,S2,0.0004,-4719184199.553508,S4,0.8697
10,3000,S3,0.0075,-1487381584.7017622,S4,0.8697
10,3000,S4,0.8697,7889095813.601687,S4,0.8697
10,3000,S5,0.12,3973921175.5748687,S4,0.8697
10,3500,S1,0.0009,1103027591.1759415,S4,0.8895
10,3500,S2,0.0007,-3584414204.7170596,S4,0.8895
10,3500,S3,0.0101,-204564862.90430114,S4,0.8895
10,3500,S4,0.8895,9781483184.651882,S4,0.8895
10,3500,S5,0.0988,4881248376.215672,S4,0.8895
10,4000,S1,0.0008,1479971859.342355,S4,0.8978
10,4000,S2,0.0009,-2449644209.88061,S4,0.8978
10,4000,S3,0.0147,1078251858.8931599,S4,0.8978
10,4000,S4,0.8978,11673870555.702074,S4,0.8978
10,4000,S5,0.0858,5788575576.856474,S4,0.8978
10,4500,S1,0.0007,1856916127.5087688,S4,0.9044
10,4500,S2,0.0019,-1314874215.0441608,S4,0.9044
10,4500,S3,0.0178,2361068580.690621,S4,0.9044
10,4500,S4,0.9044,13566257926.752268,S4,0.9044
10,4500,S5,0.0752,6695902777.497276,S4,0.9044
10,5000,S1,0.0004,2233860395.675182,S4,0.907
10,5000,S2,0.0031,-180104220.2077121,S4,0.907
10,5000,S3,0.0213,3643885302.488083,S4,0.907
10,5000,S4,0.907,15458645297.802462,S4,0.907
10,5000,S5,0.0682,7603229978.138082,S4,0.907
10,5500,S1,0.0003,2610804663.841596,S4,0.9081
10,5500,S2,0.0042,954665774.6287367,S4,0.9081
10,5500,S3,0.0246,4926702024.285543,S4,0.9081
10,5500,S4,0.9081,17351032668.852657,S4,0.9081
10,5500,S5,0.0628,8510557178.778883,S4,0.9081
10,6000,S1,0.0003,2987748932.0080094,S4,0.9084
10,6000,S2,0.0056,2089435769.4651859,S4,0.9084
10,6000,S3,0.0288,6209518746.083005,S4,0.9084
10,6000,S4,0.9084,19243420039.902855,S4,0.9084
10,6000,S5,0.0569,9417884379.419685,S4,0.9084
10,6500,S1,0.0003,3364693200.174423,S4,0.9076
10,6500,S2,0.0066,3224205764.301635,S4,0.9076
10,6500,S3,0.0319,7492335467.8804655,S4,0.9076
10,6500,S4,0.9076,21135807410.953045,S4,0.9076
10,6500,S5,0.0536,10325211580.060488,S4,0.9076
10,7000,S1,0.0003,3741637468.3408365,S4,0.906
10,7000,S2,0.0082,4358975759.138083,S4,0.906
10,7000,S3,0.0356,8775152189.677929,S4,0.906
10,7000,S4,0.906,23028194782.003242,S4,0.906
10,7000,S5,0.0499,11232538780.70129,S4,0.906
10,7500,S1,0.0003,4118581736.50725,S4,0.9042
10,7500,S2,0.0091,5493745753.974533,S4,0.9042
10,7500,S3,0.0395,10057968911.475388,S4,0.9042
10,7500,S4,0.9042,24920582153.053436,S4,0.9042
10,7500,S5,0.0469,12139865981.342094,S4,0.9042
10,8000,S1,0.0003,4495526004.673664,S4,0.9021
10,8000,S2,0.0101,6628515748.810981,S4,0.9021
10,8000,S3,0.0424,11340785633.27285,S4,0.9021
10,8000,S4,0.9021,26812969524.10363,S4,0.9021
10,8000,S5,0.0451,13047193181.982893,S4,0.9021
10,8500,S1,0.0003,4872470272.840078,S4,0.8998
10,8500,S2,0.0119,7763285743.647429,S4,0.8998
10,8500,S3,0.0451,12623602355.07031,S4,0.8998
10,8500,S4,0.8998,28705356895.153824,S4,0.8998
10,8500,S5,0.0429,13954520382.6237,S4,0.8998
10,9000,S1,0.0003,5249414541.006492,S4,0.897
10,9000,S2,0.0129,8898055738.483877,S4,0.897
10,9000,S3,0.0479,13906419076.867771,S4,0.897
10,9000,S4,0.897,30597744266.204018,S4,0.897
10,9000,S5,0.0419,14861847583.2645,S4,0.897
10,9500,S1,0.0003,5626358809.172906,S4,0.895
10,9500,S2,0.0141,10032825733.320328,S4,0.895
10,9500,S3,0.05,15189235798.665232,S4,0.895
10,9500,S4,0.895,32490131637.25421,S4,0.895
10,9500,S5,0.0406,15769174783.905306,S4,0.895
10,10000,S1,0.0003,6003303077.339318,S4,0.8925
10,10000,S2,0.0154,11167595728.156778,S4,0.8925
10,10000,S3,0.0527,16472052520.462694,S4,0.8925
10,10000,S4,0.8925,34382519008.304405,S4,0.8925
10,10000,S5,0.0391,16676501984.546106,S4,0.8925
10,10500,S1,0.0003,6380247345.505733,S4,0.8905
10,10500,S2,0.016,12302365722.993225,S4,0.8905
10,10500,S3,0.055,17754869242.260155,S4,0.8905
10,10500,S4,0.8905,36274906379.3546,S4,0.8905
10,10500,S5,0.0382,17583829185.18691,S4,0.8905
10,11000,S1,0.0003,6757191613.672146,S4,0.8886
10,11000,S2,0.0173,13437135717.829676,S4,0.8886
10,11000,S3,0.0565,19037685964.057617,S4,0.8886
10,11000,S4,0.8886,38167293750.4048,S4,0.8886
10,11000,S5,0.0373,18491156385.827713,S4,0.8886
10,11500,S1,0.0003,7134135881.838559,S4,0.887
10,11500,S2,0.0186,14571905712.666124,S4,0.887
10,11500,S3,0.0574,20320502685.85508,S4,0.887
10,11500,S4,0.887,40059681121.45499,S4,0.887
10,11500,S5,0.0367,19398483586.468517,S4,0.887
10,12000,S1,0.0003,7511080150.004973,S4,0.8848
10,12000,S2,0.0199,15706675707.502575,S4,0.8848
10,12000,S3,0.0588,21603319407.65254,S4,0.8848
10,12000,S4,0.8848,41952068492.50519,S4,0.8848
10,12000,S5,0.0362,20305810787.109318,S4,0.8848
10,12500,S1,0.0003,7888024418.171388,S4,0.8831
10,12500,S2,0.0205,16841445702.339022,S4,0.8831
10,12500,S3,0.0604,22886136129.45,S4,0.8831
10,12500,S4,0.8831,43844455863.55538,S4,0.8831
10,12500,S5,0.0357,21213137987.75012,S4,0.8831
10,13000,S1,0.0003,8264968686.3378,S4,0.8804
10,13000,S2,0.0222,17976215697.17547,S4,0.8804
10,13000,S3,0.062,24168952851.247463,S4,0.8804
10,13000,S4,0.8804,45736843234.605576,S4,0.8804
10,13000,S5,0.0351,22120465188.39092,S4,0.8804
10,13500,S1,0.0002,8641912954.504213,S4,0.8786
10,13500,S2,0.0228,19110985692.011917,S4,0.8786
10,13500,S3,0.0634,25451769573.04492,S4,0.8786
10,13500,S4,0.8786,47629230605.65576,S4,0.8786
10,13500,S5,0.035,23027792389.031727,S4,0.8786
10,14000,S1,0.0002,9018857222.670628,S4,0.8768
10,14000,S2,0.024,20245755686.848366,S4,0.8768
10,14000,S3,0.0647,26734586294.842384,S4,0.8768
10,14000,S4,0.8768,49521617976.70596,S4,0.8768
10,14000,S5,0.0343,23935119589.672523,S4,0.8768
10,14500,S1,0.0002,9395801490.83704,S4,0.8745
10,14500,S2,0.0248,21380525681.684814,S4,0.8745
10,14500,S3,0.0671,28017403016.639843,S4,0.8745
10,14500,S4,0.8745,51414005347.75616,S4,0.8745
10,14500,S5,0.0334,24842446790.31333,S4,0.8745
10,15000,S1,0.0002,9772745759.003454,S4,0.8728
10,15000,S2,0.0256,22515295676.521267,S4,0.8728
10,15000,S3,0.0684,29300219738.437313,S4,0.8728
10,15000,S4,0.8728,53306392718.80635,S4,0.8728
10,15000,S5,0.033,25749773990.954136,S4,0.8728
10,15500,S1,0.0002,10149690027.169868,S4,0.8718
10,15500,S2,0.0261,23650065671.357716,S4,0.8718
10,15500,S3,0.0695,30583036460.234764,S4,0.8718
10,15500,S4,0.8718,55198780089.85655,S4,0.8718
10,15500,S5,0.0324,26657101191.594936,S4,0.8718
10,16000,S1,0.0002,10526634295.336283,S4,0.8704
10,16000,S2,0.0269,24784835666.194164,S4,0.8704
10,16000,S3,0.0706,31865853182.03223,S4,0.8704
10,16000,S4,0.8704,57091167460.90674,S4,0.8704
10,16000,S5,0.0319,27564428392.235737,S4,0.8704
10,16500,S1,0.0002,10903578563.502695,S4,0.8687
10,16500,S2,0.0276,25919605661.030613,S4,0.8687
10,16500,S3,0.072,33148669903.82969,S4,0.8687
10,16500,S4,0.8687,58983554831.95694,S4,0.8687
10,16500,S5,0.0315,28471755592.876537,S4,0.8687
10,17000,S1,0.0002,11280522831.66911,S4,0.8682
10,17000,S2,0.0285,27054375655.86706,S4,0.8682
10,17000,S3,0.0728,34431486625.62715,S4,0.8682
10,17000,S4,0.8682,60875942203.007126,S4,0.8682
10,17000,S5,0.0303,29379082793.517345,S4,0.8682
10,17500,S1,0.0002,11657467099.835524,S4,0.8676
10,17500,S2,0.0291,28189145650.703506,S4,0.8676
10,17500,S3,0.0736,35714303347.424614,S4,0.8676
10,17500,S4,0.8676,62768329574.05733,S4,0.8676
10,17500,S5,0.0295,30286409994.15815,S4,0.8676
10,18000,S1,0.0002,12034411368.001938,S4,0.8657
10,18000,S2,0.0297,29323915645.539963,S4,0.8657
10,18000,S3,0.0752,36997120069.22208,S4,0.8657
10,18000,S4,0.8657,64660716945.10753,S4,0.8657
10,18000,S5,0.0292,31193737194.79895,S4,0.8657
10,18500,S1,0.0002,12411355636.16835,S4,0.8642
10,18500,S2,0.0302,30458685640.37641,S4,0.8642
10,18500,S3,0.0763,38279936791.01953,S4,0.8642
10,18500,S4,0.8642,66553104316.1577,S4,0.8642
10,18500,S5,0.0291,32101064395.43975,S4,0.8642
10,19000,S1,0.0002,12788299904.334764,S4,0.8623
10,19000,S2,0.0307,31593455635.212856,S4,0.8623
10,19000,S3,0.078,39562753512.81699,S4,0.8623
10,19000,S4,0.8623,68445491687.2079,S4,0.8623
10,19000,S5,0.0288,33008391596.08055,S4,0.8623
10,19500,S1,0.0002,13165244172.501179,S4,0.8615
10,19500,S2,0.0314,32728225630.049305,S4,0.8615
10,19500,S3,0.0785,40845570234.614456,S4,0.8615
10,19500,S4,0.8615,70337879058.2581,S4,0.8615
10,19500,S5,0.0284,33915718796.721355,S4,0.8615
10,20000,S1,0.0002,13542188440.667593,S4,0.8602
10,20000,S2,0.0319,33862995624.885757,S4,0.8602
10,20000,S3,0.0793,42128386956.41192,S4,0.8602
10,20000,S4,0.8602,72230266429.3083,S4,0.8602
10,20000,S5,0.0284,34823045997.36216,S4,0.8602
10,20500,S1,0.0002,13919132708.834005,S4,0.8598
10,20500,S2,0.0322,34997765619.7222,S4,0.8598
10,20500,S3,0.0798,43411203678.20937,S4,0.8598
10,20500,S4,0.8598,74122653800.35849,S4,0.8598
10,20500,S5,0.028,35730373198.00296,S4,0.8598
10,21000,S1,0.0002,14296076977.00042,S4,0.8586
10,21000,S2,0.0328,36132535614.55865,S4,0.8586
10,21000,S3,0.0806,44694020400.006836,S4,0.8586
10,21000,S4,0.8586,76015041171.40869,S4,0.8586
10,21000,S5,0.0278,36637700398.64376,S4,0.8586
10,21500,S1,0.0002,14673021245.166832,S4,0.8577
10,21500,S2,0.0333,37267305609.3951,S4,0.8577
10,21500,S3,0.0814,45976837121.8043,S4,0.8577
10,21500,S4,0.8577,77907428542.45888,S4,0.8577
10,21500,S5,0.0274,37545027599.28457,S4,0.8577
10,22000,S1,0.0002,15049965513.333244,S4,0.8571
10,22000,S2,0.0334,38402075604.23155,S4,0.8571
10,22000,S3,0.082,47259653843.60176,S4,0.8571
10,22000,S4,0.8571,79799815913.50908,S4,0.8571
10,22000,S5,0.0273,38452354799.92537,S4,0.8571
10,22500,S1,0.0002,15426909781.499662,S4,0.8561
10,22500,S2,0.034,39536845599.068,S4,0.8561
10,22500,S3,0.0826,48542470565.39922,S4,0.8561
10,22500,S4,0.8561,81692203284.55927,S4,0.8561
10,22500,S5,0.0271,39359682000.56618,S4,0.8561
10,23000,S1,0.0002,15803854049.666075,S4,0.8553
10,23000,S2,0.0342,40671615593.90445,S4,0.8553
10,23000,S3,0.0835,49825287287.196686,S4,0.8553
10,23000,S4,0.8553,83584590655.60945,S4,0.8553
10,23000,S5,0.0268,40267009201.20698,S4,0.8553
10,23500,S1,0.0002,16180798317.832487,S4,0.8542
10,23500,S2,0.035,41806385588.7409,S4,0.8542
10,23500,S3,0.0841,51108104008.99414,S4,0.8542
10,23500,S4,0.8542,85476978026.65965,S4,0.8542
10,23500,S5,0.0265,41174336401.84778,S4,0.8542
10,24000,S1,0.0002,16557742585.9989,S4,0.8534
10,24000,S2,0.0353,42941155583.57735,S4,0.8534
10,24000,S3,0.0846,52390920730.7916,S4,0.8534
10,24000,S4,0.8534,87369365397.70985,S4,0.8534
10,24000,S5,0.0265,42081663602.48858,S4,0.8534
10,24500,S1,0.0002,16934686854.165312,S4,0.8524
10,24500,S2,0.0358,44075925578.4138,S4,0.8524
10,24500,S3,0.0851,53673737452.589066,S4,0.8524
10,24500,S4,0.8524,89261752768.76006,S4,0.8524
10,24500,S5,0.0265,42988990803.12937,S4,0.8524
10,25000,S1,0.0002,17311631122.33173,S4,0.8512
10,25000,S2,0.0362,45210695573.250244,S4,0.8512
10,25000,S3,0.0859,54956554174.386536,S4,0.8512
10,25000,S4,0.8512,91154140139.81026,S4,0.8512
10,25000,S5,0.0265,43896318003.77019,S4,0.8512
10,25500,S1,0.0002,17688575390.498142,S4,0.8502
10,25500,S2,0.0367,46345465568.086685,S4,0.8502
10,25500,S3,0.0866,56239370896.18399,S4,0.8502
10,25500,S4,0.8502,93046527510.86043,S4,0.8502
10,25500,S5,0.0263,44803645204.41099,S4,0.8502
10,26000,S1,0.0002,18065519658.664555,S4,0.8492
10,26000,S2,0.0373,47480235562.92314,S4,0.8492
10,26000,S3,0.0871,57522187617.98145,S4,0.8492
10,26000,S4,0.8492,94938914881.91063,S4,0.8492
10,26000,S5,0.0262,45710972405.051796,S4,0.8492
10,26500,S1,0.0002,18442463926.830967,S4,0.8487
10,26500,S2,0.0377,48615005557.75959,S4,0.8487
10,26500,S3,0.0873,58805004339.778915,S4,0.8487
10,26500,S4,0.8487,96831302252.96083,S4,0.8487
10,26500,S5,0.0261,46618299605.6926,S4,0.8487
10,27000,S1,0.0002,18819408194.997383,S4,0.8481
10,27000,S2,0.0381,49749775552.59604,S4,0.8481
10,27000,S3,0.0877,60087821061.57638,S4,0.8481
10,27000,S4,0.8481,98723689624.01102,S4,0.8481
10,27000,S5,0.0259,47525626806.3334,S4,0.8481
10,27500,S1,0.0002,19196352463.1638,S4,0.8466
10,27500,S2,0.0389,50884545547.43249,S4,0.8466
10,27500,S3,0.0886,61370637783.373825,S4,0.8466
10,27500,S4,0.8466,100616076995.06122,S4,0.8466
10,27500,S5,0.0257,48432954006.9742,S4,0.8466
10,28000,S1,0.0002,19573296731.33021,S4,0.8459
10,28000,S2,0.0392,52019315542.268936,S4,0.8459
10,28000,S3,0.0891,62653454505.1713,S4,0.8459
10,28000,S4,0.8459,102508464366.1114,S4,0.8459
10,28000,S5,0.0256,49340281207.615,S4,0.8459
10,28500,S1,0.0002,19950240999.496624,S4,0.8447
10,28500,S2,0.04,53154085537.105385,S4,0.8447
10,28500,S3,0.0895,63936271226.968765,S4,0.8447
10,28500,S4,0.8447,104400851737.1616,S4,0.8447
10,28500,S5,0.0256,50247608408.255806,S4,0.8447
10,29000,S1,0.0002,20327185267.663036,S4,0.8443
10,29000,S2,0.0403,54288855531.94184,S4,0.8443
10,29000,S3,0.0899,65219087948.76621,S4,0.8443
10,29000,S4,0.8443,106293239108.21179,S4,0.8443
10,29000,S5,0.0253,51154935608.89661,S4,0.8443
10,29500,S1,0.0002,20704129535.82945,S4,0.8436
10,29500,S2,0.0406,55423625526.77829,S4,0.8436
10,29500,S3,0.0903,66501904670.563675,S4,0.8436
10,29500,S4,0.8436,108185626479.262,S4,0.8436
10,29500,S5,0.0253,52062262809.537415,S4,0.8436
10,30000,S1,0.0002,21081073803.99586,S4,0.8431
10,30000,S2,0.0407,56558395521.61472,S4,0.8431
10,30000,S3,0.0909,67784721392.36115,S4,0.8431
10,30000,S4,0.8431,110078013850.3122,S4,0.8431
10,30000,S5,0.0251,52969590010.178215,S4,0.8431
10,30500,S1,0.0002,21458018072.162277,S4,0.8428
10,30500,S2,0.041,57693165516.45117,S4,0.8428
10,30500,S3,0.091,69067538114.1586,S4,0.8428
10,30500,S4,0.8428,111970401221.36238,S4,0.8428
10,30500,S5,0.025,53876917210.819016,S4,0.8428
10,31000,S1,0.0002,21834962340.32869,S4,0.8422
10,31000,S2,0.0413,58827935511.28763,S4,0.8422
10,31000,S3,0.0914,70350354835.95607,S4,0.8422
10,31000,S4,0.8422,113862788592.41255,S4,0.8422
10,31000,S5,0.0249,54784244411.459816,S4,0.8422
10,31500,S1,0.0002,22211906608.495106,S4,0.8415
10,31500,S2,0.0418,59962705506.124084,S4,0.8415
10,31500,S3,0.0918,71633171557.75352,S4,0.8415
10,31500,S4,0.8415,115755175963.46275,S4,0.8415
10,31500,S5,0.0247,55691571612.100624,S4,0.8415
10,32000,S1,0.0002,22588850876.66152,S4,0.8409
10,32000,S2,0.0423,61097475500.960526,S4,0.8409
10,32000,S3,0.092,72915988279.55098,S4,0.8409
10,32000,S4,0.8409,117647563334.51295,S4,0.8409
10,32000,S5,0.0246,56598898812.741425,S4,0.8409
10,32500,S1,0.0002,22965795144.827934,S4,0.8402
10,32500,S2,0.0425,62232245495.796974,S4,0.8402
10,32500,S3,0.0925,74198805001.34845,S4,0.8402
10,32500,S4,0.8402,119539950705.56316,S4,0.8402
10,32500,S5,0.0246,57506226013.382225,S4,0.8402
10,33000,S1,0.0002,23342739412.994343,S4,0.8396
10,33000,S2,0.0427,63367015490.63342,S4,0.8396
10,33000,S3,0.093,75481621723.1459,S4,0.8396
10,33000,S4,0.8396,121432338076.61336,S4,0.8396
10,33000,S5,0.0245,58413553214.023026,S4,0.8396
10,33500,S1,0.0002,23719683681.160763,S4,0.8394
10,33500,S2,0.0431,64501785485.46987,S4,0.8394
10,33500,S3,0.0931,76764438444.94337,S4,0.8394
10,33500,S4,0.8394,123324725447.66354,S4,0.8394
10,33500,S5,0.0242,59320880414.663826,S4,0.8394
10,34000,S1,0.0002,24096627949.327175,S4,0.8388
10,34000,S2,0.0436,65636555480.30633,S4,0.8388
10,34000,S3,0.0935,78047255166.74084,S4,0.8388
10,34000,S4,0.8388,125217112818.71373,S4,0.8388
10,34000,S5,0.0239,60228207615.304634,S4,0.8388
10,34500,S1,0.0002,24473572217.493587,S4,0.8385
10,34500,S2,0.0436,66771325475.14278,S4,0.8385
10,34500,S3,0.0938,79330071888.53828,S4,0.8385
10,34500,S4,0.8385,127109500189.76395,S4,0.8385
10,34500,S5,0.0239,61135534815.945435,S4,0.8385
10,35000,S1,0.0002,24850516485.66,S4,0.8381
10,35000,S2,0.0436,67906095469.979225,S4,0.8381
10,35000,S3,0.0942,80612888610.33575,S4,0.8381
10,35000,S4,0.8381,129001887560.81412,S4,0.8381
10,35000,S5,0.0239,62042862016.58625,S4,0.8381
10,35500,S1,0.0002,25227460753.826416,S4,0.8372
10,35500,S2,0.0439,69040865464.81567,S4,0.8372
10,35500,S3,0.095,81895705332.13322,S4,0.8372
10,35500,S4,0.8372,130894274931.8643,S4,0.8372
10,35500,S5,0.0237,62950189217.22705,S4,0.8372
10,36000,S1,0.0002,25604405021.992832,S4,0.8366
10,36000,S2,0.0441,70175635459.65213,S4,0.8366
10,36000,S3,0.0954,83178522053.93068,S4,0.8366
10,36000,S4,0.8366,132786662302.9145,S4,0.8366
10,36000,S5,0.0237,63857516417.86785,S4,0.8366
10,36500,S1,0.0002,25981349290.159245,S4,0.8361
10,36500,S2,0.0446,71310405454.48857,S4,0.8361
10,36500,S3,0.0954,84461338775.72813,S4,0.8361
10,36500,S4,0.8361,134679049673.9647,S4,0.8361
10,36500,S5,0.0237,64764843618.50865,S4,0.8361
10,37000,S1,0.0002,26358293558.325657,S4,0.8355
10,37000,S2,0.0448,72445175449.32503,S4,0.8355
10,37000,S3,0.0959,85744155497.5256,S4,0.8355
10,37000,S4,0.8355,136571437045.0149,S4,0.8355
10,37000,S5,0.0236,65672170819.14945,S4,0.8355
10,37500,S1,0.0002,26735237826.49207,S4,0.8349
10,37500,S2,0.0453,73579945444.16147,S4,0.8349
10,37500,S3,0.0961,87026972219.32304,S4,0.8349
10,37500,S4,0.8349,138463824416.0651,S4,0.8349
10,37500,S5,0.0235,66579498019.79025,S4,0.8349
10,38000,S1,0.0002,27112182094.65848,S4,0.8346
10,38000,S2,0.0455,74714715438.99791,S4,0.8346
10,38000,S3,0.0963,88309788941.12053,S4,0.8346
10,38000,S4,0.8346,140356211787.1153,S4,0.8346
10,38000,S5,0.0234,67486825220.43105,S4,0.8346
10,38500,S1,0.0002,27489126362.824898,S4,0.8345
10,38500,S2,0.0456,75849485433.83435,S4,0.8345
10,38500,S3,0.0963,89592605662.91797,S4,0.8345
10,38500,S4,0.8345,142248599158.1655,S4,0.8345
10,38500,S5,0.0234,68394152421.07186,S4,0.8345
10,39000,S1,0.0002,27866070630.99131,S4,0.8337
10,39000,S2,0.0459,76984255428.67082,S4,0.8337
10,39000,S3,0.0968,90875422384.71545,S4,0.8337
10,39000,S4,0.8337,144140986529.2157,S4,0.8337
10,39000,S5,0.0234,69301479621.71266,S4,0.8337
10,39500,S1,0.0002,28243014899.157726,S4,0.8334
10,39500,S2,0.0459,78119025423.50728,S4,0.8334
10,39500,S3,0.0971,92158239106.51291,S4,0.8334
10,39500,S4,0.8334,146033373900.26584,S4,0.8334
10,39500,S5,0.0234,70208806822.35347,S4,0.8334
10,40000,S1,0.0002,28619959167.32414,S4,0.8328
10,40000,S2,0.0461,79253795418.34372,S4,0.8328
10,40000,S3,0.0974,93441055828.31036,S4,0.8328
10,40000,S4,0.8328,147925761271.31607,S4,0.8328
10,40000,S5,0.0235,71116134022.99426,S4,0.8328
10,40500,S1,0.0002,28996903435.49055,S4,0.8326
10,40500,S2,0.0461,80388565413.18016,S4,0.8326
10,40500,S3,0.0976,94723872550.10782,S4,0.8326
10,40500,S4,0.8326,149818148642.36624,S4,0.8326
10,40500,S5,0.0235,72023461223.63507,S4,0.8326
10,41000,S1,0.0002,29373847703.656963,S4,0.8323
10,41000,S2,0.0462,81523335408.0166,S4,0.8323
10,41000,S3,0.098,96006689271.90527,S4,0.8323
10,41000,S4,0.8323,151710536013.41644,S4,0.8323
10,41000,S5,0.0233,72930788424.27588,S4,0.8323
10,41500,S1,0.0002,29750791971.823376,S4,0.8321
10,41500,S2,0.0463,82658105402.85306,S4,0.8321
10,41500,S3,0.0983,97289505993.70274,S4,0.8321
10,41500,S4,0.8321,153602923384.46664,S4,0.8321
10,41500,S5,0.0231,73838115624.91667,S4,0.8321
10,42000,S1,0.0002,30127736239.98979,S4,0.8315
10,42000,S2,0.0468,83792875397.68951,S4,0.8315
10,42000,S3,0.0985,98572322715.50021,S4,0.8315
10,42000,S4,0.8315,155495310755.51685,S4,0.8315
10,42000,S5,0.023,74745442825.55748,S4,0.8315
10,42500,S1,0.0002,30504680508.156208,S4,0.8313
10,42500,S2,0.047,84927645392.52596,S4,0.8313
10,42500,S3,0.0986,99855139437.29767,S4,0.8313
10,42500,S4,0.8313,157387698126.56705,S4,0.8313
10,42500,S5,0.0229,75652770026.19827,S4,0.8313
10,43000,S1,0.0002,30881624776.322613,S4,0.8311
10,43000,S2,0.0473,86062415387.3624,S4,0.8311
10,43000,S3,0.0986,101137956159.09512,S4,0.8311
10,43000,S4,0.8311,159280085497.61722,S4,0.8311
10,43000,S5,0.0228,76560097226.83908,S4,0.8311
10,43500,S1,0.0002,31258569044.489033,S4,0.8309
10,43500,S2,0.0474,87197185382.19885,S4,0.8309
10,43500,S3,0.0987,102420772880.8926,S4,0.8309
10,43500,S4,0.8309,161172472868.66742,S4,0.8309
10,43500,S5,0.0228,77467424427.47989,S4,0.8309
10,44000,S1,0.0002,31635513312.65545,S4,0.8307
10,44000,S2,0.0476,88331955377.0353,S4,0.8307
10,44000,S3,0.0987,103703589602.69005,S4,0.8307
10,44000,S4,0.8307,163064860239.71762,S4,0.8307
10,44000,S5,0.0228,78374751628.12068,S4,0.8307
10,44500,S1,0.0002,32012457580.82186,S4,0.83
10,44500,S2,0.0478,89466725371.87175,S4,0.83
10,44500,S3,0.0992,104986406324.48752,S4,0.83
10,44500,S4,0.83,164957247610.7678,S4,0.83
10,44500,S5,0.0228,79282078828.76149,S4,0.83
10,45000,S1,0.0002,32389401848.988274,S4,0.8299
10,45000,S2,0.0479,90601495366.7082,S4,0.8299
10,45000,S3,0.0994,106269223046.28497,S4,0.8299
10,45000,S4,0.8299,166849634981.81802,S4,0.8299
10,45000,S5,0.0226,80189406029.40228,S4,0.8299
10,45500,S1,0.0002,32766346117.154686,S4,0.8293
10,45500,S2,0.0481,91736265361.54465,S4,0.8293
10,45500,S3,0.0999,107552039768.08244,S4,0.8293
10,45500,S4,0.8293,168742022352.8682,S4,0.8293
10,45500,S5,0.0225,81096733230.0431,S4,0.8293
10,46000,S1,0.0002,33143290385.3211,S4,0.8291
10,46000,S2,0.0481,92871035356.3811,S4,0.8291
10,46000,S3,0.1001,108834856489.8799,S4,0.8291
10,46000,S4,0.8291,170634409723.9184,S4,0.8291
10,46000,S5,0.0225,82004060430.6839,S4,0.8291
10,46500,S1,0.0002,33520234653.48751,S4,0.8289
10,46500,S2,0.0482,94005805351.21754,S4,0.8289
10,46500,S3,0.1003,110117673211.67735,S4,0.8289
10,46500,S4,0.8289,172526797094.9686,S4,0.8289
10,46500,S5,0.0224,82911387631.3247,S4,0.8289
10,47000,S1,0.0002,33897178921.653927,S4,0.8284
10,47000,S2,0.0486,95140575346.054,S4,0.8284
10,47000,S3,0.1005,111400489933.47482,S4,0.8284
10,47000,S4,0.8284,174419184466.0188,S4,0.8284
10,47000,S5,0.0223,83818714831.9655,S4,0.8284
10,47500,S1,0.0002,34274123189.82034,S4,0.8283
10,47500,S2,0.0487,96275345340.89044,S4,0.8283
10,47500,S3,0.1006,112683306655.2723,S4,0.8283
10,47500,S4,0.8283,176311571837.069,S4,0.8283
10,47500,S5,0.0222,84726042032.6063,S4,0.8283
10,48000,S1,0.0002,34651067457.986755,S4,0.8279
10,48000,S2,0.0489,97410115335.72688,S4,0.8279
10,48000,S3,0.1008,113966123377.06975,S4,0.8279
10,48000,S4,0.8279,178203959208.11917,S4,0.8279
10,48000,S5,0.0222,85633369233.2471,S4,0.8279
10,48500,S1,0.0002,35028011726.153175,S4,0.8277
10,48500,S2,0.049,98544885330.56334,S4,0.8277
10,48500,S3,0.101,115248940098.8672,S4,0.8277
10,48500,S4,0.8277,180096346579.16937,S4,0.8277
10,48500,S5,0.0221,86540696433.88791,S4,0.8277
10,49000,S1,0.0002,35404955994.31958,S4,0.8275
10,49000,S2,0.0491,99679655325.39978,S4,0.8275
10,49000,S3,0.1011,116531756820.66466,S4,0.8275
10,49000,S4,0.8275,181988733950.21957,S4,0.8275
10,49000,S5,0.0221,87448023634.52872,S4,0.8275
10,49500,S1,0.0002,35781900262.486,S4,0.8272
10,49500,S2,0.0494,100814425320.23624,S4,0.8272
10,49500,S3,0.1011,117814573542.46213,S4,0.8272
10,49500,S4,0.8272,183881121321.26974,S4,0.8272
10,49500,S5,0.0221,88355350835.16951,S4,0.8272
10,50000,S1,0.0002,36158844530.65241,S4,0.8269
10,50000,S2,0.0496,101949195315.0727,S4,0.8269
10,50000,S3,0.1013,119097390264.2596,S4,0.8269
10,50000,S4,0.8269,185773508692.31995,S4,0.8269
10,50000,S5,0.022,89262678035.81032,S4,0.8269
10,50500,S1,0.0002,36535788798.818825,S4,0.8264
10,50500,S2,0.0501,103083965309.90912,S4,0.8264
10,50500,S3,0.1013,120380206986.05705,S4,0.8264
10,50500,S4,0.8264,187665896063.37015,S4,0.8264
10,50500,S5,0.022,90170005236.45113,S4,0.8264
10,51000,S1,0.0002,36912733066.98524,S4,0.8262
10,51000,S2,0.0502,104218735304.74559,S4,0.8262
10,51000,S3,0.1014,121663023707.8545,S4,0.8262
10,51000,S4,0.8262,189558283434.42035,S4,0.8262
10,51000,S5,0.022,91077332437.09192,S4,0.8262
10,51500,S1,0.0002,37289677335.15165,S4,0.8261
10,51500,S2,0.0504,105353505299.58203,S4,0.8261
10,51500,S3,0.1014,122945840429.65198,S4,0.8261
10,51500,S4,0.8261,191450670805.47055,S4,0.8261
10,51500,S5,0.0219,91984659637.73273,S4,0.8261
10,52000,S1,0.0002,37666621603.31806,S4,0.8261
10,52000,S2,0.0504,106488275294.41849,S4,0.8261
10,52000,S3,0.1014,124228657151.44945,S4,0.8261
10,52000,S4,0.8261,193343058176.52072,S4,0.8261
10,52000,S5,0.0219,92891986838.37352,S4,0.8261
10,52500,S1,0.0002,38043565871.484474,S4,0.8261
10,52500,S2,0.0504,107623045289.25493,S4,0.8261
10,52500,S3,0.1016,125511473873.2469,S4,0.8261
10,52500,S4,0.8261,195235445547.57095,S4,0.8261
10,52500,S5,0.0217,93799314039.01433,S4,0.8261
10,53000,S1,0.0002,38420510139.650894,S4,0.8259
10,53000,S2,0.0506,108757815284.09138,S4,0.8259
10,53000,S3,0.1016,126794290595.04436,S4,0.8259
10,53000,S4,0.8259,197127832918.62112,S4,0.8259
10,53000,S5,0.0217,94706641239.65514,S4,0.8259
10,53500,S1,0.0002,38797454407.817314,S4,0.8257
10,53500,S2,0.0507,109892585278.92784,S4,0.8257
10,53500,S3,0.1017,128077107316.8418,S4,0.8257
10,53500,S4,0.8257,199020220289.6713,S4,0.8257
10,53500,S5,0.0217,95613968440.29594,S4,0.8257
10,54000,S1,0.0002,39174398675.98372,S4,0.8256
10,54000,S2,0.0507,111027355273.76428,S4,0.8256
10,54000,S3,0.1019,129359924038.63928,S4,0.8256
10,54000,S4,0.8256,200912607660.7215,S4,0.8256
10,54000,S5,0.0216,96521295640.93674,S4,0.8256
10,54500,S1,0.0002,39551342944.15013,S4,0.8252
10,54500,S2,0.0511,112162125268.60072,S4,0.8252
10,54500,S3,0.102,130642740760.43675,S4,0.8252
10,54500,S4,0.8252,202804995031.7717,S4,0.8252
10,54500,S5,0.0215,97428622841.57755,S4,0.8252
10,55000,S1,0.0002,39928287212.31654,S4,0.8252
10,55000,S2,0.0511,113296895263.43718,S4,0.8252
10,55000,S3,0.102,131925557482.2342,S4,0.8252
10,55000,S4,0.8252,204697382402.8219,S4,0.8252
10,55000,S5,0.0215,98335950042.21835,S4,0.8252
10,55500,S1,0.0002,40305231480.48296,S4,0.8251
10,55500,S2,0.0511,114431665258.27362,S4,0.8251
10,55500,S3,0.1021,133208374204.03165,S4,0.8251
10,55500,S4,0.8251,206589769773.8721,S4,0.8251
10,55500,S5,0.0215,99243277242.85915,S4,0.8251
10,56000,S1,0.0002,40682175748.649376,S4,0.8249
10,56000,S2,0.0513,115566435253.11008,S4,0.8249
10,56000,S3,0.1021,134491190925.8291,S4,0.8249
10,56000,S4,0.8249,208482157144.9223,S4,0.8249
10,56000,S5,0.0215,100150604443.49995,S4,0.8249
10,56500,S1,0.0002,41059120016.81579,S4,0.8248
10,56500,S2,0.0514,116701205247.94655,S4,0.8248
10,56500,S3,0.1021,135774007647.62657,S4,0.8248
10,56500,S4,0.8248,210374544515.97247,S4,0.8248
10,56500,S5,0.0215,101057931644.14075,S4,0.8248
10,57000,S1,0.0002,41436064284.9822,S4,0.8247
10,57000,S2,0.0514,117835975242.78297,S4,0.8247
10,57000,S3,0.1022,137056824369.42406,S4,0.8247
10,57000,S4,0.8247,212266931887.02267,S4,0.8247
10,57000,S5,0.0215,101965258844.78156,S4,0.8247
10,57500,S1,0.0002,41813008553.14861,S4,0.8243
10,57500,S2,0.0516,118970745237.61943,S4,0.8243
10,57500,S3,0.1024,138339641091.2215,S4,0.8243
10,57500,S4,0.8243,214159319258.07285,S4,0.8243
10,57500,S5,0.0215,102872586045.42235,S4,0.8243
10,58000,S1,0.0002,42189952821.315025,S4,0.8242
10,58000,S2,0.0517,120105515232.45586,S4,0.8242
10,58000,S3,0.1025,139622457813.01898,S4,0.8242
10,58000,S4,0.8242,216051706629.12308,S4,0.8242
10,58000,S5,0.0214,103779913246.06317,S4,0.8242
10,58500,S1,0.0002,42566897089.481445,S4,0.8239
10,58500,S2,0.0519,121240285227.29233,S4,0.8239
10,58500,S3,0.1026,140905274534.81644,S4,0.8239
10,58500,S4,0.8239,217944094000.17325,S4,0.8239
10,58500,S5,0.0214,104687240446.70396,S4,0.8239
10,59000,S1,0.0002,42943841357.64786,S4,0.8238
10,59000,S2,0.0519,122375055222.12875,S4,0.8238
10,59000,S3,0.1027,142188091256.6139,S4,0.8238
10,59000,S4,0.8238,219836481371.22345,S4,0.8238
10,59000,S5,0.0214,105594567647.34476,S4,0.8238
10,59500,S1,0.0002,43320785625.81427,S4,0.8236
10,59500,S2,0.052,123509825216.9652,S4,0.8236
10,59500,S3,0.1028,143470907978.41135,S4,0.8236
10,59500,S4,0.8236,221728868742.27365,S4,0.8236
10,59500,S5,0.0214,106501894847.98558,S4,0.8236
10,60000,S1,0.0002,43697729893.98068,S4,0.8234
10,60000,S2,0.052,124644595211.80165,S4,0.8234
10,60000,S3,0.103,144753724700.20883,S4,0.8234
10,60000,S4,0.8234,223621256113.32385,S4,0.8234
10,60000,S5,0.0214,107409222048.62637,S4,0.8234
10,60500,S1,0.0002,44074674162.1471,S4,0.8232
10,60500,S2,0.0521,125779365206.63812,S4,0.8232
10,60500,S3,0.1031,146036541422.0063,S4,0.8232
10,60500,S4,0.8232,225513643484.374,S4,0.8232
10,60500,S5,0.0214,108316549249.26718,S4,0.8232
10,61000,S1,0.0002,44451618430.313515,S4,0.8231
10,61000,S2,0.0521,126914135201.47455,S4,0.8231
10,61000,S3,0.1032,147319358143.80374,S4,0.8231
10,61000,S4,0.8231,227406030855.4242,S4,0.8231
10,61000,S5,0.0214,109223876449.90797,S4,0.8231
10,61500,S1,0.0002,44828562698.47993,S4,0.823
10,61500,S2,0.0521,128048905196.31102,S4,0.823
10,61500,S3,0.1033,148602174865.60117,S4,0.823
10,61500,S4,0.823,229298418226.4744,S4,0.823
10,61500,S5,0.0214,110131203650.54878,S4,0.823
10,62000,S1,0.0002,45205506966.64634,S4,0.8228
10,62000,S2,0.0522,129183675191.14745,S4,0.8228
10,62000,S3,0.1034,149884991587.39865,S4,0.8228
10,62000,S4,0.8228,231190805597.5246,S4,0.8228
10,62000,S5,0.0214,111038530851.18958,S4,0.8228
10,62500,S1,0.0002,45582451234.81275,S4,0.8226
10,62500,S2,0.0524,130318445185.9839,S4,0.8226
10,62500,S3,0.1036,151167808309.19614,S4,0.8226
10,62500,S4,0.8226,233083192968.57486,S4,0.8226
10,62500,S5,0.0212,111945858051.83037,S4,0.8226
10,63000,S1,0.0002,45959395502.97917,S4,0.8223
10,63000,S2,0.0527,131453215180.82034,S4,0.8223
10,63000,S3,0.1036,152450625030.9936,S4,0.8223
10,63000,S4,0.8223,234975580339.625,S4,0.8223
10,63000,S5,0.0212,112853185252.4712,S4,0.8223
10,63500,S1,0.0002,46336339771.145584,S4,0.8221
10,63500,S2,0.0529,132587985175.6568,S4,0.8221
10,63500,S3,0.1036,153733441752.79105,S4,0.8221
10,63500,S4,0.8221,236867967710.6752,S4,0.8221
10,63500,S5,0.0212,113760512453.112,S4,0.8221
10,64000,S1,0.0002,46713284039.31199,S4,0.8221
10,64000,S2,0.053,133722755170.49326,S4,0.8221
10,64000,S3,0.1035,155016258474.5885,S4,0.8221
10,64000,S4,0.8221,238760355081.7254,S4,0.8221
10,64000,S5,0.0212,114667839653.7528,S4,0.8221
10,64500,S1,0.0002,47090228307.47841,S4,0.822
10,64500,S2,0.0531,134857525165.3297,S4,0.822
10,64500,S3,0.1035,156299075196.38596,S4,0.822
10,64500,S4,0.822,240652742452.7756,S4,0.822
10,64500,S5,0.0212,115575166854.3936,S4,0.822
10,65000,S1,0.0002,47467172575.64482,S4,0.8219
10,65000,S2,0.0531,135992295160.16615,S4,0.8219
10,65000,S3,0.1036,157581891918.1834,S4,0.8219
10,65000,S4,0.8219,242545129823.8258,S4,0.8219
10,65000,S5,0.0212,116482494055.0344,S4,0.8219
10,65500,S1,0.0002,47844116843.81123,S4,0.8218
10,65500,S2,0.0531,137127065155.0026,S4,0.8218
10,65500,S3,0.1037,158864708639.9809,S4,0.8218
10,65500,S4,0.8218,244437517194.876,S4,0.8218
10,65500,S5,0.0212,117389821255.6752,S4,0.8218
10,66000,S1,0.0002,48221061111.97765,S4,0.8216
10,66000,S2,0.0532,138261835149.83905,S4,0.8216
10,66000,S3,0.1038,160147525361.77835,S4,0.8216
10,66000,S4,0.8216,246329904565.92615,S4,0.8216
10,66000,S5,0.0212,118297148456.316,S4,0.8216
10,66500,S1,0.0002,48598005380.144066,S4,0.8212
10,66500,S2,0.0535,139396605144.6755,S4,0.8212
10,66500,S3,0.1039,161430342083.5758,S4,0.8212
10,66500,S4,0.8212,248222291936.9764,S4,0.8212
10,66500,S5,0.0212,119204475656.95682,S4,0.8212
10,67000,S1,0.0002,48974949648.31048,S4,0.8212
10,67000,S2,0.0535,140531375139.51196,S4,0.8212
10,67000,S3,0.1039,162713158805.37326,S4,0.8212
10,67000,S4,0.8212,250114679308.02655,S4,0.8212
10,67000,S5,0.0212,120111802857.5976,S4,0.8212
10,67500,S1,0.0002,49351893916.47689,S4,0.8207
10,67500,S2,0.0537,141666145134.3484,S4,0.8207
10,67500,S3,0.1043,163995975527.17072,S4,0.8207
10,67500,S4,0.8207,252007066679.0768,S4,0.8207
10,67500,S5,0.0211,121019130058.2384,S4,0.8207
10,68000,S1,0.0002,49728838184.6433,S4,0.8208
10,68000,S2,0.0537,142800915129.18484,S4,0.8208
10,68000,S3,0.1043,165278792248.9682,S4,0.8208
10,68000,S4,0.8208,253899454050.127,S4,0.8208
10,68000,S5,0.021,121926457258.87923,S4,0.8208
10,68500,S1,0.0002,50105782452.809715,S4,0.8207
10,68500,S2,0.0538,143935685124.0213,S4,0.8207
10,68500,S3,0.1043,166561608970.76566,S4,0.8207
10,68500,S4,0.8207,255791841421.17715,S4,0.8207
10,68500,S5,0.021,122833784459.52,S4,0.8207
10,69000,S1,0.0002,50482726720.97613,S4,0.8205
10,69000,S2,0.054,145070455118.85776,S4,0.8205
10,69000,S3,0.1043,167844425692.5631,S4,0.8205
10,69000,S4,0.8205,257684228792.22736,S4,0.8205
10,69000,S5,0.021,123741111660.1608,S4,0.8205
10,69500,S1,0.0002,50859670989.14254,S4,0.8205
10,69500,S2,0.054,146205225113.6942,S4,0.8205
10,69500,S3,0.1043,169127242414.36057,S4,0.8205
10,69500,S4,0.8205,259576616163.27756,S4,0.8205
10,69500,S5,0.021,124648438860.8016,S4,0.8205
10,70000,S1,0.0002,51236615257.30896,S4,0.8205
10,70000,S2,0.054,147339995108.53064,S4,0.8205
10,70000,S3,0.1043,170410059136.15802,S4,0.8205
10,70000,S4,0.8205,261469003534.32776,S4,0.8205
10,70000,S5,0.021,125555766061.44244,S4,0.8205
10,70500,S1,0.0002,51613559525.47537,S4,0.8203
10,70500,S2,0.0541,148474765103.3671,S4,0.8203
10,70500,S3,0.1044,171692875857.9555,S4,0.8203
10,70500,S4,0.8203,263361390905.3779,S4,0.8203
10,70500,S5,0.021,126463093262.08322,S4,0.8203
10,71000,S1,0.0002,51990503793.641785,S4,0.8202
10,71000,S2,0.0542,149609535098.20355,S4,0.8202
10,71000,S3,0.1044,172975692579.75296,S4,0.8202
10,71000,S4,0.8202,265253778276.4281,S4,0.8202
10,71000,S5,0.021,127370420462.72403,S4,0.8202
10,71500,S1,0.0002,52367448061.8082,S4,0.8201
10,71500,S2,0.0542,150744305093.04,S4,0.8201
10,71500,S3,0.1045,174258509301.5504,S4,0.8201
10,71500,S4,0.8201,267146165647.4783,S4,0.8201
10,71500,S5,0.021,128277747663.36485,S4,0.8201
10,72000,S1,0.0002,52744392329.97461,S4,0.8199
10,72000,S2,0.0544,151879075087.87646,S4,0.8199
10,72000,S3,0.1045,175541326023.3479,S4,0.8199
10,72000,S4,0.8199,269038553018.52856,S4,0.8199
10,72000,S5,0.021,129185074864.00565,S4,0.8199
10,72500,S1,0.0002,53121336598.14102,S4,0.8195
10,72500,S2,0.0546,153013845082.7129,S4,0.8195
10,72500,S3,0.1048,176824142745.14536,S4,0.8195
10,72500,S4,0.8195,270930940389.5787,S4,0.8195
10,72500,S5,0.0209,130092402064.64645,S4,0.8195
10,73000,S1,0.0002,53498280866.30744,S4,0.8191
10,73000,S2,0.0547,154148615077.54935,S4,0.8191
10,73000,S3,0.1051,178106959466.9428,S4,0.8191
10,73000,S4,0.8191,272823327760.6289,S4,0.8191
10,73000,S5,0.0209,130999729265.28725,S4,0.8191
10,73500,S1,0.0002,53875225134.473854,S4,0.8191
10,73500,S2,0.0547,155283385072.3858,S4,0.8191
10,73500,S3,0.1051,179389776188.74026,S4,0.8191
10,73500,S4,0.8191,274715715131.6791,S4,0.8191
10,73500,S5,0.0209,131907056465.92805,S4,0.8191
10,74000,S1,0.0002,54252169402.64026,S4,0.8187
10,74000,S2,0.0548,156418155067.22226,S4,0.8187
10,74000,S3,0.1054,180672592910.53772,S4,0.8187
10,74000,S4,0.8187,276608102502.7293,S4,0.8187
10,74000,S5,0.0209,132814383666.56885,S4,0.8187
10,74500,S1,0.0002,54629113670.80668,S4,0.8186
10,74500,S2,0.0549,157552925062.0587,S4,0.8186
10,74500,S3,0.1055,181955409632.3352,S4,0.8186
10,74500,S4,0.8186,278500489873.7795,S4,0.8186
10,74500,S5,0.0208,133721710867.20966,S4,0.8186
10,75000,S1,0.0002,55006057938.9731,S4,0.8186
10,75000,S2,0.0549,158687695056.89514,S4,0.8186
10,75000,S3,0.1055,183238226354.13263,S4,0.8186
10,75000,S4,0.8186,280392877244.8297,S4,0.8186
10,75000,S5,0.0208,134629038067.85045,S4,0.8186
10,75500,S1,0.0002,55383002207.1395,S4,0.8184
10,75500,S2,0.055,159822465051.73157,S4,0.8184
10,75500,S3,0.1056,184521043075.9301,S4,0.8184
10,75500,S4,0.8184,282285264615.8798,S4,0.8184
10,75500,S5,0.0208,135536365268.49126,S4,0.8184
10,76000,S1,0.0002,55759946475.305916,S4,0.8181
10,76000,S2,0.055,160957235046.56802,S4,0.8181
10,76000,S3,0.1059,185803859797.72757,S4,0.8181
10,76000,S4,0.8181,284177651986.9301,S4,0.8181
10,76000,S5,0.0208,136443692469.13205,S4,0.8181
10,76500,S1,0.0002,56136890743.472336,S4,0.8181
10,76500,S2,0.055,162092005041.4045,S4,0.8181
10,76500,S3,0.106,187086676519.52505,S4,0.8181
10,76500,S4,0.8181,286070039357.9802,S4,0.8181
10,76500,S5,0.0207,137351019669.77287,S4,0.8181
10,77000,S1,0.0002,56513835011.63875,S4,0.8179
10,77000,S2,0.0551,163226775036.24094,S4,0.8179
10,77000,S3,0.1061,188369493241.3225,S4,0.8179
10,77000,S4,0.8179,287962426729.03046,S4,0.8179
10,77000,S5,0.0207,138258346870.41364,S4,0.8179
10,77500,S1,0.0002,56890779279.80516,S4,0.8179
10,77500,S2,0.0551,164361545031.07736,S4,0.8179
10,77500,S3,0.1061,189652309963.11996,S4,0.8179
10,77500,S4,0.8179,289854814100.0806,S4,0.8179
10,77500,S5,0.0207,139165674071.05447,S4,0.8179
10,78000,S1,0.0002,57267723547.97157,S4,0.8179
10,78000,S2,0.0551,165496315025.91385,S4,0.8179
10,78000,S3,0.1062,190935126684.9174,S4,0.8179
10,78000,S4,0.8179,291747201471.13086,S4,0.8179
10,78000,S5,0.0206,140073001271.69525,S4,0.8179
10,78500,S1,0.0002,57644667816.137985,S4,0.8177
10,78500,S2,0.0552,166631085020.75027,S4,0.8177
10,78500,S3,0.1063,192217943406.71487,S4,0.8177
10,78500,S4,0.8177,293639588842.181,S4,0.8177
10,78500,S5,0.0206,140980328472.3361,S4,0.8177
10,79000,S1,0.0002,58021612084.3044,S4,0.8176
10,79000,S2,0.0553,167765855015.5867,S4,0.8176
10,79000,S3,0.1063,193500760128.51236,S4,0.8176
10,79000,S4,0.8176,295531976213.2312,S4,0.8176
10,79000,S5,0.0206,141887655672.97684,S4,0.8176
10,79500,S1,0.0002,58398556352.470825,S4,0.8175
10,79500,S2,0.0553,168900625010.4232,S4,0.8175
10,79500,S3,0.1064,194783576850.3098,S4,0.8175
10,79500,S4,0.8175,297424363584.2814,S4,0.8175
10,79500,S5,0.0206,142794982873.61765,S4,0.8175
10,80000,S1,0.0002,58775500620.63722,S4,0.8175
10,80000,S2,0.0553,170035395005.2596,S4,0.8175
10,80000,S3,0.1064,196066393572.10724,S4,0.8175
10,80000,S4,0.8175,299316750955.3316,S4,0.8175
10,80000,S5,0.0206,143702310074.25848,S4,0.8175
10,80500,S1,0.0002,59152444888.80365,S4,0.8172
10,80500,S2,0.0555,171170165000.09604,S4,0.8172
10,80500,S3,0.1065,197349210293.90472,S4,0.8172
10,80500,S4,0.8172,301209138326.3818,S4,0.8172
10,80500,S5,0.0206,144609637274.89926,S4,0.8172
10,81000,S1,0.0002,59529389156.97005,S4,0.8172
10,81000,S2,0.0555,172304934994.93253,S4,0.8172
10,81000,S3,0.1065,198632027015.70218,S4,0.8172
10,81000,S4,0.8172,303101525697.432,S4,0.8172
10,81000,S5,0.0206,145516964475.54007,S4,0.8172
10,81500,S1,0.0002,59906333425.136475,S4,0.8171
10,81500,S2,0.0557,173439704989.76898,S4,0.8171
10,81500,S3,0.1065,199914843737.49966,S4,0.8171
10,81500,S4,0.8171,304993913068.4822,S4,0.8171
10,81500,S5,0.0205,146424291676.1809,S4,0.8171
10,82000,S1,0.0002,60283277693.30289,S4,0.8169
10,82000,S2,0.0558,174574474984.6054,S4,0.8169
10,82000,S3,0.1066,201197660459.2971,S4,0.8169
10,82000,S4,0.8169,306886300439.5324,S4,0.8169
10,82000,S5,0.0205,147331618876.8217,S4,0.8169
10,82500,S1,0.0002,60660221961.4693,S4,0.8169
10,82500,S2,0.0558,175709244979.44186,S4,0.8169
10,82500,S3,0.1066,202480477181.09454,S4,0.8169
10,82500,S4,0.8169,308778687810.5826,S4,0.8169
10,82500,S5,0.0205,148238946077.4625,S4,0.8169
10,83000,S1,0.0002,61037166229.63571,S4,0.8169
10,83000,S2,0.0558,176844014974.2783,S4,0.8169
10,83000,S3,0.1066,203763293902.89203,S4,0.8169
10,83000,S4,0.8169,310671075181.6328,S4,0.8169
10,83000,S5,0.0205,149146273278.1033,S4,0.8169
10,83500,S1,0.0002,61414110497.802124,S4,0.8168
10,83500,S2,0.0559,177978784969.11478,S4,0.8168
10,83500,S3,0.1066,205046110624.68948,S4,0.8168
10,83500,S4,0.8168,312563462552.683,S4,0.8168
10,83500,S5,0.0205,150053600478.7441,S4,0.8168
10,84000,S1,0.0002,61791054765.96854,S4,0.8165
10,84000,S2,0.0562,179113554963.9512,S4,0.8165
10,84000,S3,0.1066,206328927346.48694,S4,0.8165
10,84000,S4,0.8165,314455849923.7332,S4,0.8165
10,84000,S5,0.0205,150960927679.3849,S4,0.8165
10,84500,S1,0.0002,62167999034.13495,S4,0.8164
10,84500,S2,0.0562,180248324958.78766,S4,0.8164
10,84500,S3,0.1067,207611744068.2844,S4,0.8164
10,84500,S4,0.8164,316348237294.7833,S4,0.8164
10,84500,S5,0.0205,151868254880.0257,S4,0.8164
10,85000,S1,0.0002,62544943302.30138,S4,0.8163
10,85000,S2,0.0563,181383094953.6241,S4,0.8163
10,85000,S3,0.1067,208894560790.0819,S4,0.8163
10,85000,S4,0.8163,318240624665.83356,S4,0.8163
10,85000,S5,0.0205,152775582080.6665,S4,0.8163
10,85500,S1,0.0002,62921887570.46777,S4,0.8163
10,85500,S2,0.0563,182517864948.46057,S4,0.8163
10,85500,S3,0.1067,210177377511.87936,S4,0.8163
10,85500,S4,0.8163,320133012036.8837,S4,0.8163
10,85500,S5,0.0205,153682909281.3073,S4,0.8163
10,86000,S1,0.0002,63298831838.6342,S4,0.8162
10,86000,S2,0.0564,183652634943.297,S4,0.8162
10,86000,S3,0.1067,211460194233.6768,S4,0.8162
10,86000,S4,0.8162,322025399407.93396,S4,0.8162
10,86000,S5,0.0205,154590236481.9481,S4,0.8162
10,86500,S1,0.0002,63675776106.80061,S4,0.816
10,86500,S2,0.0564,184787404938.13345,S4,0.816
10,86500,S3,0.1069,212743010955.47424,S4,0.816
10,86500,S4,0.816,323917786778.9841,S4,0.816
10,86500,S5,0.0205,155497563682.5889,S4,0.816
10,87000,S1,0.0002,64052720374.967026,S4,0.8159
10,87000,S2,0.0565,185922174932.9699,S4,0.8159
10,87000,S3,0.1069,214025827677.27173,S4,0.8159
10,87000,S4,0.8159,325810174150.0343,S4,0.8159
10,87000,S5,0.0205,156404890883.2297,S4,0.8159
10,87500,S1,0.0002,64429664643.13344,S4,0.8157
10,87500,S2,0.0565,187056944927.80634,S4,0.8157
10,87500,S3,0.1071,215308644399.0692,S4,0.8157
10,87500,S4,0.8157,327702561521.08453,S4,0.8157
10,87500,S5,0.0205,157312218083.8705,S4,0.8157
10,88000,S1,0.0002,64806608911.29985,S4,0.8156
10,88000,S2,0.0566,188191714922.6428,S4,0.8156
10,88000,S3,0.1071,216591461120.86664,S4,0.8156
10,88000,S4,0.8156,329594948892.1347,S4,0.8156
10,88000,S5,0.0205,158219545284.51132,S4,0.8156
10,88500,S1,0.0002,65183553179.46626,S4,0.8156
10,88500,S2,0.0566,189326484917.47925,S4,0.8156
10,88500,S3,0.1071,217874277842.6641,S4,0.8156
10,88500,S4,0.8156,331487336263.18494,S4,0.8156
10,88500,S5,0.0205,159126872485.15213,S4,0.8156
10,89000,S1,0.0002,65560497447.632675,S4,0.8155
10,89000,S2,0.0566,190461254912.3157,S4,0.8155
10,89000,S3,0.1072,219157094564.46155,S4,0.8155
10,89000,S4,0.8155,333379723634.2351,S4,0.8155
10,89000,S5,0.0205,160034199685.79294,S4,0.8155
10,89500,S1,0.0002,65937441715.79909,S4,0.8155
10,89500,S2,0.0566,191596024907.15216,S4,0.8155
10,89500,S3,0.1072,220439911286.25903,S4,0.8155
10,89500,S4,0.8155,335272111005.2853,S4,0.8155
10,89500,S5,0.0205,160941526886.43372,S4,0.8155
10,90000,S1,0.0002,66314385983.9655,S4,0.8154
10,90000,S2,0.0566,192730794901.9886,S4,0.8154
10,90000,S3,0.1073,221722728008.0565,S4,0.8154
10,90000,S4,0.8154,337164498376.3355,S4,0.8154
10,90000,S5,0.0205,161848854087.07455,S4,0.8154
10,90500,S1,0.0002,66691330252.13193,S4,0.8154
10,90500,S2,0.0566,193865564896.82504,S4,0.8154
10,90500,S3,0.1073,223005544729.85394,S4,0.8154
10,90500,S4,0.8154,339056885747.3857,S4,0.8154
10,90500,S5,0.0205,162756181287.71536,S4,0.8154
10,91000,S1,0.0002,67068274520.298325,S4,0.8154
10,91000,S2,0.0566,195000334891.6615,S4,0.8154
10,91000,S3,0.1073,224288361451.6514,S4,0.8154
10,91000,S4,0.8154,340949273118.4359,S4,0.8154
10,91000,S5,0.0205,163663508488.35614,S4,0.8154
10,91500,S1,0.0002,67445218788.46475,S4,0.8153
10,91500,S2,0.0565,196135104886.49796,S4,0.8153
10,91500,S3,0.1075,225571178173.44885,S4,0.8153
10,91500,S4,0.8153,342841660489.4861,S4,0.8153
10,91500,S5,0.0205,164570835688.99695,S4,0.8153
10,92000,S1,0.0002,67822163056.63115,S4,0.8152
10,92000,S2,0.0565,197269874881.3344,S4,0.8152
10,92000,S3,0.1077,226853994895.2463,S4,0.8152
10,92000,S4,0.8152,344734047860.5363,S4,0.8152
10,92000,S5,0.0204,165478162889.63776,S4,0.8152
10,92500,S1,0.0002,68199107324.79758,S4,0.8151
10,92500,S2,0.0565,198404644876.17084,S4,0.8151
10,92500,S3,0.1078,228136811617.0438,S4,0.8151
10,92500,S4,0.8151,346626435231.5865,S4,0.8151
10,92500,S5,0.0204,166385490090.27856,S4,0.8151
10,93000,S1,0.0002,68576051592.963974,S4,0.8151
10,93000,S2,0.0565,199539414871.0073,S4,0.8151
10,93000,S3,0.1078,229419628338.8413,S4,0.8151
10,93000,S4,0.8151,348518822602.6367,S4,0.8151
10,93000,S5,0.0204,167292817290.91934,S4,0.8151
10,93500,S1,0.0002,68952995861.1304,S4,0.8151
10,93500,S2,0.0565,200674184865.84375,S4,0.8151
10,93500,S3,0.1078,230702445060.6387,S4,0.8151
10,93500,S4,0.8151,350411209973.6868,S4,0.8151
10,93500,S5,0.0204,168200144491.56015,S4,0.8151
10,94000,S1,0.0002,69329940129.29681,S4,0.8151
10,94000,S2,0.0565,201808954860.68018,S4,0.8151
10,94000,S3,0.1078,231985261782.43616,S4,0.8151
10,94000,S4,0.8151,352303597344.7371,S4,0.8151
10,94000,S5,0.0204,169107471692.20096,S4,0.8151
10,94500,S1,0.0002,69706884397.46323,S4,0.815
10,94500,S2,0.0566,202943724855.51666,S4,0.815
10,94500,S3,0.1078,233268078504.2336,S4,0.815
10,94500,S4,0.815,354195984715.7873,S4,0.815
10,94500,S5,0.0204,170014798892.84174,S4,0.815
10,95000,S1,0.0002,70083828665.62964,S4,0.8148
10,95000,S2,0.0566,204078494850.3531,S4,0.8148
10,95000,S3,0.108,234550895226.0311,S4,0.8148
10,95000,S4,0.8148,356088372086.83746,S4,0.8148
10,95000,S5,0.0204,170922126093.48257,S4,0.8148
10,95500,S1,0.0002,70460772933.79605,S4,0.8148
10,95500,S2,0.0566,205213264845.1895,S4,0.8148
10,95500,S3,0.108,235833711947.82855,S4,0.8148
10,95500,S4,0.8148,357980759457.88763,S4,0.8148
10,95500,S5,0.0204,171829453294.12335,S4,0.8148
10,96000,S1,0.0002,70837717201.96248,S4,0.8147
10,96000,S2,0.0566,206348034840.026,S4,0.8147
10,96000,S3,0.1081,237116528669.626,S4,0.8147
10,96000,S4,0.8147,359873146828.93787,S4,0.8147
10,96000,S5,0.0204,172736780494.76416,S4,0.8147
10,96500,S1,0.0002,71214661470.12888,S4,0.8146
10,96500,S2,0.0567,207482804834.86246,S4,0.8146
10,96500,S3,0.1081,238399345391.4235,S4,0.8146
10,96500,S4,0.8146,361765534199.988,S4,0.8146
10,96500,S5,0.0204,173644107695.40497,S4,0.8146
10,97000,S1,0.0002,71591605738.2953,S4,0.8146
10,97000,S2,0.0567,208617574829.6989,S4,0.8146
10,97000,S3,0.1081,239682162113.22095,S4,0.8146
10,97000,S4,0.8146,363657921571.0382,S4,0.8146
10,97000,S5,0.0204,174551434896.04578,S4,0.8146
10,97500,S1,0.0002,71968550006.46172,S4,0.8144
10,97500,S2,0.0568,209752344824.53534,S4,0.8144
10,97500,S3,0.1082,240964978835.0184,S4,0.8144
10,97500,S4,0.8144,365550308942.0884,S4,0.8144
10,97500,S5,0.0204,175458762096.68655,S4,0.8144
10,98000,S1,0.0002,72345494274.62813,S4,0.8144
10,98000,S2,0.0568,210887114819.3718,S4,0.8144
10,98000,S3,0.1082,242247795556.8159,S4,0.8144
10,98000,S4,0.8144,367442696313.1386,S4,0.8144
10,98000,S5,0.0204,176366089297.3274,S4,0.8144
10,98500,S1,0.0002,72722438542.79454,S4,0.8144
10,98500,S2,0.0568,212021884814.20825,S4,0.8144
10,98500,S3,0.1082,243530612278.6133,S4,0.8144
10,98500,S4,0.8144,369335083684.1888,S4,0.8144
10,98500,S5,0.0204,177273416497.96817,S4,0.8144
10,99000,S1,0.0002,73099382810.96095,S4,0.8142
10,99000,S2,0.0569,213156654809.04468,S4,0.8142
10,99000,S3,0.1083,244813429000.41074,S4,0.8142
10,99000,S4,0.8142,371227471055.239,S4,0.8142
10,99000,S5,0.0204,178180743698.609,S4,0.8142
10,99500,S1,0.0002,73476327079.12738,S4,0.8142
10,99500,S2,0.0569,214291424803.88113,S4,0.8142
10,99500,S3,0.1083,246096245722.2082,S4,0.8142
10,99500,S4,0.8142,373119858426.2892,S4,0.8142
10,99500,S5,0.0204,179088070899.2498,S4,0.8142
10,100000,S1,0.0002,73853271347.29378,S4,0.8142
10,100000,S2,0.0569,215426194798.71756,S4,0.8142
10,100000,S3,0.1083,247379062444.0057,S4,0.8142
10,100000,S4,0.8142,375012245797.3394,S4,0.8142
10,100000,S5,0.0204,179995398099.8906,S4,0.8142
10,100500,S1,0.0002,74230215615.46019,S4,0.8141
10,100500,S2,0.057,216560964793.55402,S4,0.8141
10,100500,S3,0.1083,248661879165.8032,S4,0.8141
10,100500,S4,0.8141,376904633168.3896,S4,0.8141
10,100500,S5,0.0204,180902725300.5314,S4,0.8141
10,101000,S1,0.0002,74607159883.6266,S4,0.814
10,101000,S2,0.057,217695734788.39047,S4,0.814
10,101000,S3,0.1084,249944695887.60065,S4,0.814
10,101000,S4,0.814,378797020539.4398,S4,0.814
10,101000,S5,0.0204,181810052501.1722,S4,0.814
10,101500,S1,0.0002,74984104151.79301,S4,0.814
10,101500,S2,0.057,218830504783.22696,S4,0.814
10,101500,S3,0.1084,251227512609.3981,S4,0.814
10,101500,S4,0.814,380689407910.49,S4,0.814
10,101500,S5,0.0204,182717379701.813,S4,0.814
10,102000,S1,0.0002,75361048419.95943,S4,0.8139
10,102000,S2,0.057,219965274778.0634,S4,0.8139
10,102000,S3,0.1085,252510329331.19556,S4,0.8139
10,102000,S4,0.8139,382581795281.5402,S4,0.8139
10,102000,S5,0.0204,183624706902.4538,S4,0.8139
10,102500,S1,0.0002,75737992688.12585,S4,0.8137
10,102500,S2,0.0571,221100044772.8998,S4,0.8137
10,102500,S3,0.1086,253793146052.99304,S4,0.8137
10,102500,S4,0.8137,384474182652.59033,S4,0.8137
10,102500,S5,0.0204,184532034103.0946,S4,0.8137
10,103000,S1,0.0002,76114936956.29225,S4,0.8137
10,103000,S2,0.0571,222234814767.73627,S4,0.8137
10,103000,S3,0.1086,255075962774.7905,S4,0.8137
10,103000,S4,0.8137,386366570023.64056,S4,0.8137
10,103000,S5,0.0204,185439361303.7354,S4,0.8137
10,103500,S1,0.0002,76491881224.45866,S4,0.8137
10,103500,S2,0.0571,223369584762.57272,S4,0.8137
10,103500,S3,0.1086,256358779496.5879,S4,0.8137
10,103500,S4,0.8137,388258957394.69073,S4,0.8137
10,103500,S5,0.0204,186346688504.3762,S4,0.8137
10,104000,S1,0.0002,76868825492.6251,S4,0.8137
10,104000,S2,0.0571,224504354757.40918,S4,0.8137
10,104000,S3,0.1086,257641596218.3854,S4,0.8137
10,104000,S4,0.8137,390151344765.741,S4,0.8137
10,104000,S5,0.0204,187254015705.017,S4,0.8137
10,104500,S1,0.0002,77245769760.7915,S4,0.8137
10,104500,S2,0.0571,225639124752.2456,S4,0.8137
10,104500,S3,0.1086,258924412940.1829,S4,0.8137
10,104500,S4,0.8137,392043732136.7911,S4,0.8137
10,104500,S5,0.0204,188161342905.6578,S4,0.8137
10,105000,S1,0.0002,77622714028.95792,S4,0.8137
10,105000,S2,0.0571,226773894747.08206,S4,0.8137
10,105000,S3,0.1086,260207229661.9803,S4,0.8137
10,105000,S4,0.8137,393936119507.8414,S4,0.8137
10,105000,S5,0.0204,189068670106.2986,S4,0.8137
10,105500,S1,0.0002,77999658297.12433,S4,0.8136
10,105500,S2,0.0573,227908664741.9185,S4,0.8136
10,105500,S3,0.1086,261490046383.7778,S4,0.8136
10,105500,S4,0.8136,395828506878.8915,S4,0.8136
10,105500,S5,0.0203,189975997306.9394,S4,0.8136
10,106000,S1,0.0002,78376602565.29076,S4,0.8136
10,106000,S2,0.0573,229043434736.755,S4,0.8136
10,106000,S3,0.1086,262772863105.57526,S4,0.8136
10,106000,S4,0.8136,397720894249.9417,S4,0.8136
10,106000,S5,0.0203,190883324507.5802,S4,0.8136
10,106500,S1,0.0002,78753546833.45715,S4,0.8135
10,106500,S2,0.0574,230178204731.5914,S4,0.8135
10,106500,S3,0.1086,264055679827.3727,S4,0.8135
10,106500,S4,0.8135,399613281620.9919,S4,0.8135
10,106500,S5,0.0203,191790651708.22104,S4,0.8135
10,107000,S1,0.0002,79130491101.62358,S4,0.8134
10,107000,S2,0.0575,231312974726.42786,S4,0.8134
10,107000,S3,0.1086,265338496549.17014,S4,0.8134
10,107000,S4,0.8134,401505668992.0421,S4,0.8134
10,107000,S5,0.0203,192697978908.86182,S4,0.8134
10,107500,S1,0.0002,79507435369.78998,S4,0.8134
10,107500,S2,0.0575,232447744721.2643,S4,0.8134
10,107500,S3,0.1086,266621313270.96765,S4,0.8134
10,107500,S4,0.8134,403398056363.0923,S4,0.8134
10,107500,S5,0.0203,193605306109.50262,S4,0.8134
10,108000,S1,0.0002,79884379637.95639,S4,0.8133
10,108000,S2,0.0576,233582514716.1008,S4,0.8133
10,108000,S3,0.1086,267904129992.7651,S4,0.8133
10,108000,S4,0.8133,405290443734.1425,S4,0.8133
10,108000,S5,0.0203,194512633310.14343,S4,0.8133
10,108500,S1,0.0002,80261323906.12282,S4,0.8133
10,108500,S2,0.0576,234717284710.9372,S4,0.8133
10,108500,S3,0.1086,269186946714.5626,S4,0.8133
10,108500,S4,0.8133,407182831105.1927,S4,0.8133
10,108500,S5,0.0203,195419960510.78424,S4,0.8133
10,109000,S1,0.0002,80638268174.28923,S4,0.8132
10,109000,S2,0.0577,235852054705.7737,S4,0.8132
10,109000,S3,0.1086,270469763436.36,S4,0.8132
10,109000,S4,0.8132,409075218476.2429,S4,0.8132
10,109000,S5,0.0203,196327287711.42505,S4,0.8132
10,109500,S1,0.0002,81015212442.45564,S4,0.8131
10,109500,S2,0.0577,236986824700.6101,S4,0.8131
10,109500,S3,0.1087,271752580158.1575,S4,0.8131
10,109500,S4,0.8131,410967605847.2931,S4,0.8131
10,109500,S5,0.0203,197234614912.06583,S4,0.8131
10,110000,S1,0.0002,81392156710.62206,S4,0.8129
10,110000,S2,0.0579,238121594695.4466,S4,0.8129
10,110000,S3,0.1087,273035396879.9549,S4,0.8129
10,110000,S4,0.8129,412859993218.3433,S4,0.8129
10,110000,S5,0.0203,198141942112.70667,S4,0.8129
10,110500,S1,0.0002,81769100978.78845,S4,0.8128
10,110500,S2,0.058,239256364690.283,S4,0.8128
10,110500,S3,0.1087,274318213601.7524,S4,0.8128
10,110500,S4,0.8128,414752380589.3935,S4,0.8128
10,110500,S5,0.0203,199049269313.34744,S4,0.8128
10,111000,S1,0.0002,82146045246.95488,S4,0.8126
10,111000,S2,0.0581,240391134685.11945,S4,0.8126
10,111000,S3,0.1088,275601030323.54987,S4,0.8126
10,111000,S4,0.8126,416644767960.4437,S4,0.8126
10,111000,S5,0.0203,199956596513.98825,S4,0.8126
10,111500,S1,0.0002,82522989515.12129,S4,0.8126
10,111500,S2,0.0581,241525904679.9559,S4,0.8126
10,111500,S3,0.1088,276883847045.3473,S4,0.8126
10,111500,S4,0.8126,418537155331.49384,S4,0.8126
10,111500,S5,0.0203,200863923714.62906,S4,0.8126
10,112000,S1,0.0002,82899933783.2877,S4,0.8126
10,112000,S2,0.0581,242660674674.7924,S4,0.8126
10,112000,S3,0.1088,278166663767.1448,S4,0.8126
10,112000,S4,0.8126,420429542702.54407,S4,0.8126
10,112000,S5,0.0203,201771250915.26984,S4,0.8126
10,112500,S1,0.0002,83276878051.45412,S4,0.8126
10,112500,S2,0.0581,243795444669.6288,S4,0.8126
10,112500,S3,0.1088,279449480488.94226,S4,0.8126
10,112500,S4,0.8126,422321930073.59424,S4,0.8126
10,112500,S5,0.0203,202678578115.91064,S4,0.8126
10,113000,S1,0.0002,83653822319.62053,S4,0.8125
10,113000,S2,0.0582,244930214664.46524,S4,0.8125
10,113000,S3,0.1088,280732297210.7397,S4,0.8125
10,113000,S4,0.8125,424214317444.6444,S4,0.8125
10,113000,S5,0.0203,203585905316.55145,S4,0.8125
10,113500,S1,0.0002,84030766587.78696,S4,0.8125
10,113500,S2,0.0583,246064984659.3017,S4,0.8125
10,113500,S3,0.1087,282015113932.5372,S4,0.8125
10,113500,S4,0.8125,426106704815.6946,S4,0.8125
10,113500,S5,0.0203,204493232517.19226,S4,0.8125
10,114000,S1,0.0002,84407710855.95337,S4,0.8124
10,114000,S2,0.0583,247199754654.1382,S4,0.8124
10,114000,S3,0.1088,283297930654.3346,S4,0.8124
10,114000,S4,0.8124,427999092186.7449,S4,0.8124
10,114000,S5,0.0203,205400559717.83304,S4,0.8124
10,114500,S1,0.0002,84784655124.11977,S4,0.8123
10,114500,S2,0.0583,248334524648.9746,S4,0.8123
10,114500,S3,0.1089,284580747376.1321,S4,0.8123
10,114500,S4,0.8123,429891479557.79504,S4,0.8123
10,114500,S5,0.0203,206307886918.47385,S4,0.8123
10,115000,S1,0.0002,85161599392.2862,S4,0.8123
10,115000,S2,0.0583,249469294643.811,S4,0.8123
10,115000,S3,0.1089,285863564097.92957,S4,0.8123
10,115000,S4,0.8123,431783866928.8453,S4,0.8123
10,115000,S5,0.0203,207215214119.1147,S4,0.8123
10,115500,S1,0.0002,85538543660.4526,S4,0.8123
10,115500,S2,0.0583,250604064638.6475,S4,0.8123
10,115500,S3,0.1089,287146380819.727,S4,0.8123
10,115500,S4,0.8123,433676254299.8954,S4,0.8123
10,115500,S5,0.0203,208122541319.75546,S4,0.8123
10,116000,S1,0.0002,85915487928.61902,S4,0.8123
10,116000,S2,0.0583,251738834633.48395,S4,0.8123
10,116000,S3,0.109,288429197541.5245,S4,0.8123
10,116000,S4,0.8123,435568641670.9456,S4,0.8123
10,116000,S5,0.0202,209029868520.39627,S4,0.8123
10,116500,S1,0.0002,86292432196.78543,S4,0.8123
10,116500,S2,0.0583,252873604628.3204,S4,0.8123
10,116500,S3,0.109,289712014263.3219,S4,0.8123
10,116500,S4,0.8123,437461029041.9958,S4,0.8123
10,116500,S5,0.0202,209937195721.03708,S4,0.8123
10,117000,S1,0.0002,86669376464.95184,S4,0.8123
10,117000,S2,0.0583,254008374623.1568,S4,0.8123
10,117000,S3,0.109,290994830985.1194,S4,0.8123
10,117000,S4,0.8123,439353416413.046,S4,0.8123
10,117000,S5,0.0202,210844522921.6779,S4,0.8123
10,117500,S1,0.0002,87046320733.11826,S4,0.8123
10,117500,S2,0.0583,255143144617.9933,S4,0.8123
10,117500,S3,0.109,292277647706.9169,S4,0.8123
10,117500,S4,0.8123,441245803784.0962,S4,0.8123
10,117500,S5,0.0202,211751850122.31866,S4,0.8123
10,118000,S1,0.0002,87423265001.28467,S4,0.8123
10,118000,S2,0.0583,256277914612.8297,S4,0.8123
10,118000,S3,0.109,293560464428.7143,S4,0.8123
10,118000,S4,0.8123,443138191155.14636,S4,0.8123
10,118000,S5,0.0202,212659177322.9595,S4,0.8123
10,118500,S1,0.0002,87800209269.45108,S4,0.8123
10,118500,S2,0.0583,257412684607.6662,S4,0.8123
10,118500,S3,0.109,294843281150.5118,S4,0.8123
10,118500,S4,0.8123,445030578526.19653,S4,0.8123
10,118500,S5,0.0202,213566504523.6003,S4,0.8123
10,119000,S1,0.0002,88177153537.6175,S4,0.8122
10,119000,S2,0.0583,258547454602.50266,S4,0.8122
10,119000,S3,0.1091,296126097872.3092,S4,0.8122
10,119000,S4,0.8122,446922965897.2468,S4,0.8122
10,119000,S5,0.0202,214473831724.2411,S4,0.8122
10,119500,S1,0.0002,88554097805.7839,S4,0.8122
10,119500,S2,0.0583,259682224597.3391,S4,0.8122
10,119500,S3,0.1091,297408914594.1067,S4,0.8122
10,119500,S4,0.8122,448815353268.297,S4,0.8122
10,119500,S5,0.0202,215381158924.8819,S4,0.8122
10,120000,S1,0.0002,88931042073.95032,S4,0.8121
10,120000,S2,0.0584,260816994592.17554,S4,0.8121
10,120000,S3,0.1091,298691731315.9042,S4,0.8121
10,120000,S4,0.8121,450707740639.3472,S4,0.8121
10,120000,S5,0.0202,216288486125.5227,S4,0.8121
10,120500,S1,0.0002,89307986342.11674,S4,0.812
10,120500,S2,0.0584,261951764587.01196,S4,0.812
10,120500,S3,0.1092,299974548037.7016,S4,0.812
10,120500,S4,0.812,452600128010.3974,S4,0.812
10,120500,S5,0.0202,217195813326.1635,S4,0.812
10,121000,S1,0.0002,89684930610.28316,S4,0.8119
10,121000,S2,0.0584,263086534581.8484,S4,0.8119
10,121000,S3,0.1093,301257364759.4991,S4,0.8119
10,121000,S4,0.8119,454492515381.4476,S4,0.8119
10,121000,S5,0.0202,218103140526.8043,S4,0.8119
10,121500,S1,0.0002,90061874878.44957,S4,0.8119
10,121500,S2,0.0584,264221304576.6849,S4,0.8119
10,121500,S3,0.1093,302540181481.2965,S4,0.8119
10,121500,S4,0.8119,456384902752.4978,S4,0.8119
10,121500,S5,0.0202,219010467727.4451,S4,0.8119
10,122000,S1,0.0002,90438819146.61598,S4,0.8119
10,122000,S2,0.0585,265356074571.52136,S4,0.8119
10,122000,S3,0.1092,303822998203.094,S4,0.8119
10,122000,S4,0.8119,458277290123.548,S4,0.8119
10,122000,S5,0.0202,219917794928.0859,S4,0.8119
10,122500,S1,0.0002,90815763414.7824,S4,0.8119
10,122500,S2,0.0585,266490844566.3578,S4,0.8119
10,122500,S3,0.1092,305105814924.8915,S4,0.8119
10,122500,S4,0.8119,460169677494.5982,S4,0.8119
10,122500,S5,0.0202,220825122128.7267,S4,0.8119
10,123000,S1,0.0002,91192707682.9488,S4,0.8119
10,123000,S2,0.0585,267625614561.1942,S4,0.8119
10,123000,S3,0.1092,306388631646.6889,S4,0.8119
10,123000,S4,0.8119,462062064865.6483,S4,0.8119
10,123000,S5,0.0202,221732449329.3675,S4,0.8119
10,123500,S1,0.0002,91569651951.11522,S4,0.8118
10,123500,S2,0.0586,268760384556.0307,S4,0.8118
10,123500,S3,0.1092,307671448368.4864,S4,0.8118
10,123500,S4,0.8118,463954452236.6985,S4,0.8118
10,123500,S5,0.0202,222639776530.0083,S4,0.8118
10,124000,S1,0.0002,91946596219.28163,S4,0.8117
10,124000,S2,0.0587,269895154550.8671,S4,0.8117
10,124000,S3,0.1092,308954265090.2839,S4,0.8117
10,124000,S4,0.8117,465846839607.7488,S4,0.8117
10,124000,S5,0.0202,223547103730.6491,S4,0.8117
10,124500,S1,0.0002,92323540487.44804,S4,0.8117
10,124500,S2,0.0587,271029924545.7036,S4,0.8117
10,124500,S3,0.1092,310237081812.0813,S4,0.8117
10,124500,S4,0.8117,467739226978.7989,S4,0.8117
10,124500,S5,0.0202,224454430931.28992,S4,0.8117
10,125000,S1,0.0002,92700484755.61446,S4,0.8117
10,125000,S2,0.0587,272164694540.54,S4,0.8117
10,125000,S3,0.1092,311519898533.8788,S4,0.8117
10,125000,S4,0.8117,469631614349.8491,S4,0.8117
10,125000,S5,0.0202,225361758131.9307,S4,0.8117
10,125500,S1,0.0002,93077429023.78087,S4,0.8117
10,125500,S2,0.0587,273299464535.37646,S4,0.8117
10,125500,S3,0.1092,312802715255.6762,S4,0.8117
10,125500,S4,0.8117,471524001720.8994,S4,0.8117
10,125500,S5,0.0202,226269085332.5715,S4,0.8117
10,126000,S1,0.0002,93454373291.94728,S4,0.8117
10,126000,S2,0.0587,274434234530.2129,S4,0.8117
10,126000,S3,0.1092,314085531977.4737,S4,0.8117
10,126000,S4,0.8117,473416389091.9494,S4,0.8117
10,126000,S5,0.0202,227176412533.2123,S4,0.8117
10,126500,S1,0.0002,93831317560.1137,S4,0.8114
10,126500,S2,0.0589,275569004525.0494,S4,0.8114
10,126500,S3,0.1093,315368348699.2712,S4,0.8114
10,126500,S4,0.8114,475308776462.9997,S4,0.8114
10,126500,S5,0.0202,228083739733.8531,S4,0.8114
10,127000,S1,0.0002,94208261828.2801,S4,0.8114
10,127000,S2,0.0589,276703774519.88586,S4,0.8114
10,127000,S3,0.1093,316651165421.0686,S4,0.8114
10,127000,S4,0.8114,477201163834.0498,S4,0.8114
10,127000,S5,0.0202,228991066934.4939,S4,0.8114
10,127500,S1,0.0002,94585206096.44652,S4,0.8111
10,127500,S2,0.059,277838544514.7223,S4,0.8111
10,127500,S3,0.1095,317933982142.8661,S4,0.8111
10,127500,S4,0.8111,479093551205.1001,S4,0.8111
10,127500,S5,0.0202,229898394135.1347,S4,0.8111
10,128000,S1,0.0002,94962150364.61293,S4,0.811
10,128000,S2,0.059,278973314509.5587,S4,0.811
10,128000,S3,0.1096,319216798864.6636,S4,0.811
10,128000,S4,0.811,480985938576.1504,S4,0.811
10,128000,S5,0.0202,230805721335.7755,S4,0.811
10,128500,S1,0.0002,95339094632.77936,S4,0.8109
10,128500,S2,0.059,280108084504.39514,S4,0.8109
10,128500,S3,0.1097,320499615586.461,S4,0.8109
10,128500,S4,0.8109,482878325947.2005,S4,0.8109
10,128500,S5,0.0202,231713048536.4163,S4,0.8109
10,129000,S1,0.0002,95716038900.94577,S4,0.8109
10,129000,S2,0.059,281242854499.2316,S4,0.8109
10,129000,S3,0.1097,321782432308.2585,S4,0.8109
10,129000,S4,0.8109,484770713318.2507,S4,0.8109
10,129000,S5,0.0202,232620375737.0571,S4,0.8109
10,129500,S1,0.0002,96092983169.11218,S4,0.8108
10,129500,S2,0.0591,282377624494.0681,S4,0.8108
10,129500,S3,0.1097,323065249030.0559,S4,0.8108
10,129500,S4,0.8108,486663100689.3009,S4,0.8108
10,129500,S5,0.0202,233527702937.69794,S4,0.8108
10,130000,S1,0.0002,96469927437.2786,S4,0.8107
10,130000,S2,0.0591,283512394488.9045,S4,0.8107
10,130000,S3,0.1098,324348065751.8534,S4,0.8107
10,130000,S4,0.8107,488555488060.351,S4,0.8107
10,130000,S5,0.0202,234435030138.33875,S4,0.8107
10,130500,S1,0.0002,96846871705.445,S4,0.8107
10,130500,S2,0.0591,284647164483.741,S4,0.8107
10,130500,S3,0.1098,325630882473.6508,S4,0.8107
10,130500,S4,0.8107,490447875431.4012,S4,0.8107
10,130500,S5,0.0202,235342357338.97955,S4,0.8107
10,131000,S1,0.0002,97223815973.61142,S4,0.8107
10,131000,S2,0.0591,285781934478.5774,S4,0.8107
10,131000,S3,0.1098,326913699195.4483,S4,0.8107
10,131000,S4,0.8107,492340262802.4514,S4,0.8107
10,131000,S5,0.0202,236249684539.6203,S4,0.8107
10,131500,S1,0.0002,97600760241.77783,S4,0.8107
10,131500,S2,0.0591,286916704473.4139,S4,0.8107
10,131500,S3,0.1098,328196515917.2457,S4,0.8107
10,131500,S4,0.8107,494232650173.5016,S4,0.8107
10,131500,S5,0.0202,237157011740.26114,S4,0.8107
10,132000,S1,0.0002,97977704509.94424,S4,0.8107
10,132000,S2,0.0592,288051474468.2503,S4,0.8107
10,132000,S3,0.1097,329479332639.0432,S4,0.8107
10,132000,S4,0.8107,496125037544.5518,S4,0.8107
10,132000,S5,0.0202,238064338940.9019,S4,0.8107
10,132500,S1,0.0002,98354648778.11066,S4,0.8107
10,132500,S2,0.0592,289186244463.0868,S4,0.8107
10,132500,S3,0.1097,330762149360.8407,S4,0.8107
10,132500,S4,0.8107,498017424915.602,S4,0.8107
10,132500,S5,0.0202,238971666141.5427,S4,0.8107
10,133000,S1,0.0002,98731593046.27707,S4,0.8107
10,133000,S2,0.0592,290321014457.9232,S4,0.8107
10,133000,S3,0.1097,332044966082.6381,S4,0.8107
10,133000,S4,0.8107,499909812286.6522,S4,0.8107
10,133000,S5,0.0202,239878993342.1836,S4,0.8107
10,133500,S1,0.0002,99108537314.4435,S4,0.8107
10,133500,S2,0.0592,291455784452.7597,S4,0.8107
10,133500,S3,0.1097,333327782804.4356,S4,0.8107
10,133500,S4,0.8107,501802199657.7024,S4,0.8107
10,133500,S5,0.0202,240786320542.8244,S4,0.8107
10,134000,S1,0.0002,99485481582.6099,S4,0.8106
10,134000,S2,0.0593,292590554447.5961,S4,0.8106
10,134000,S3,0.1097,334610599526.2331,S4,0.8106
10,134000,S4,0.8106,503694587028.7526,S4,0.8106
10,134000,S5,0.0202,241693647743.46515,S4,0.8106
10,134500,S1,0.0002,99862425850.7763,S4,0.8106
10,134500,S2,0.0593,293725324442.43256,S4,0.8106
10,134500,S3,0.1097,335893416248.0305,S4,0.8106
10,134500,S4,0.8106,505586974399.8028,S4,0.8106
10,134500,S5,0.0202,242600974944.10596,S4,0.8106
10,135000,S1,0.0002,100239370118.94272,S4,0.8107
10,135000,S2,0.0593,294860094437.269,S4,0.8107
10,135000,S3,0.1098,337176232969.828,S4,0.8107
10,135000,S4,0.8107,507479361770.853,S4,0.8107
10,135000,S5,0.02,243508302144.74677,S4,0.8107
10,135500,S1,0.0002,100616314387.10915,S4,0.8106
10,135500,S2,0.0593,295994864432.1055,S4,0.8106
10,135500,S3,0.1099,338459049691.6255,S4,0.8106
10,135500,S4,0.8106,509371749141.9032,S4,0.8106
10,135500,S5,0.02,244415629345.38754,S4,0.8106
10,136000,S1,0.0002,100993258655.27556,S4,0.8106
10,136000,S2,0.0593,297129634426.94183,S4,0.8106
10,136000,S3,0.1099,339741866413.4229,S4,0.8106
10,136000,S4,0.8106,511264136512.9533,S4,0.8106
10,136000,S5,0.02,245322956546.02835,S4,0.8106
10,136500,S1,0.0002,101370202923.44197,S4,0.8105
10,136500,S2,0.0594,298264404421.7783,S4,0.8105
10,136500,S3,0.1099,341024683135.22034,S4,0.8105
10,136500,S4,0.8105,513156523884.0036,S4,0.8105
10,136500,S5,0.02,246230283746.66916,S4,0.8105
10,137000,S1,0.0002,101747147191.60837,S4,0.8105
10,137000,S2,0.0594,299399174416.6148,S4,0.8105
10,137000,S3,0.1099,342307499857.0178,S4,0.8105
10,137000,S4,0.8105,515048911255.0538,S4,0.8105
10,137000,S5,0.02,247137610947.31,S4,0.8105
10,137500,S1,0.0002,102124091459.7748,S4,0.8103
10,137500,S2,0.0595,300533944411.45123,S4,0.8103
10,137500,S3,0.11,343590316578.8153,S4,0.8103
10,137500,S4,0.8103,516941298626.104,S4,0.8103
10,137500,S5,0.02,248044938147.9508,S4,0.8103
10,138000,S1,0.0002,102501035727.9412,S4,0.8103
10,138000,S2,0.0595,301668714406.2877,S4,0.8103
10,138000,S3,0.11,344873133300.61273,S4,0.8103
10,138000,S4,0.8103,518833685997.1542,S4,0.8103
10,138000,S5,0.02,248952265348.5916,S4,0.8103
10,138500,S1,0.0002,102877979996.10762,S4,0.8102
10,138500,S2,0.0596,302803484401.12415,S4,0.8102
10,138500,S3,0.11,346155950022.4102,S4,0.8102
10,138500,S4,0.8102,520726073368.2044,S4,0.8102
10,138500,S5,0.02,249859592549.2324,S4,0.8102
10,139000,S1,0.0002,103254924264.27403,S4,0.8102
10,139000,S2,0.0596,303938254395.9606,S4,0.8102
10,139000,S3,0.11,347438766744.2077,S4,0.8102
10,139000,S4,0.8102,522618460739.2546,S4,0.8102
10,139000,S5,0.02,250766919749.8732,S4,0.8102
10,139500,S1,0.0002,103631868532.44044,S4,0.8101
10,139500,S2,0.0596,305073024390.797,S4,0.8101
10,139500,S3,0.1101,348721583466.0051,S4,0.8101
10,139500,S4,0.8101,524510848110.3048,S4,0.8101
10,139500,S5,0.02,251674246950.514,S4,0.8101
10,140000,S1,0.0002,104008812800.60687,S4,0.8101
10,140000,S2,0.0596,306207794385.6335,S4,0.8101
10,140000,S3,0.1101,350004400187.8026,S4,0.8101
10,140000,S4,0.8101,526403235481.355,S4,0.8101
10,140000,S5,0.02,252581574151.1548,S4,0.8101
10,140500,S1,0.0002,104385757068.77327,S4,0.8101
10,140500,S2,0.0596,307342564380.4699,S4,0.8101
10,140500,S3,0.1101,351287216909.60004,S4,0.8101
10,140500,S4,0.8101,528295622852.4052,S4,0.8101
10,140500,S5,0.02,253488901351.7956,S4,0.8101
10,141000,S1,0.0002,104762701336.9397,S4,0.8101
10,141000,S2,0.0596,308477334375.30634,S4,0.8101
10,141000,S3,0.1101,352570033631.3975,S4,0.8101
10,141000,S4,0.8101,530188010223.4554,S4,0.8101
10,141000,S5,0.02,254396228552.4364,S4,0.8101
10,141500,S1,0.0002,105139645605.1061,S4,0.8101
10,141500,S2,0.0596,309612104370.1428,S4,0.8101
10,141500,S3,0.1101,353852850353.19495,S4,0.8101
10,141500,S4,0.8101,532080397594.5055,S4,0.8101
10,141500,S5,0.02,255303555753.0772,S4,0.8101
10,142000,S1,0.0002,105516589873.27252,S4,0.8101
10,142000,S2,0.0596,310746874364.9793,S4,0.8101
10,142000,S3,0.1101,355135667074.9924,S4,0.8101
10,142000,S4,0.8101,533972784965.5558,S4,0.8101
10,142000,S5,0.02,256210882953.718,S4,0.8101
10,142500,S1,0.0002,105893534141.43892,S4,0.8101
10,142500,S2,0.0596,311881644359.81573,S4,0.8101
10,142500,S3,0.1101,356418483796.7899,S4,0.8101
10,142500,S4,0.8101,535865172336.6059,S4,0.8101
10,142500,S5,0.02,257118210154.3588,S4,0.8101
10,143000,S1,0.0002,106270478409.60535,S4,0.8101
10,143000,S2,0.0596,313016414354.6522,S4,0.8101
10,143000,S3,0.1101,357701300518.58734,S4,0.8101
10,143000,S4,0.8101,537757559707.6561,S4,0.8101
10,143000,S5,0.02,258025537354.9996,S4,0.8101
10,143500,S1,0.0002,106647422677.77177,S4,0.8101
10,143500,S2,0.0596,314151184349.48865,S4,0.8101
10,143500,S3,0.1101,358984117240.3848,S4,0.8101
10,143500,S4,0.8101,539649947078.7063,S4,0.8101
10,143500,S5,0.02,258932864555.64044,S4,0.8101
10,144000,S1,0.0002,107024366945.93817,S4,0.8101
10,144000,S2,0.0596,315285954344.3251,S4,0.8101
10,144000,S3,0.1101,360266933962.1823,S4,0.8101
10,144000,S4,0.8101,541542334449.7564,S4,0.8101
10,144000,S5,0.02,259840191756.28125,S4,0.8101
10,144500,S1,0.0002,107401311214.10458,S4,0.81
10,144500,S2,0.0597,316420724339.1615,S4,0.81
10,144500,S3,0.1101,361549750683.97974,S4,0.81
10,144500,S4,0.81,543434721820.8066,S4,0.81
10,144500,S5,0.02,260747518956.922,S4,0.81
10,145000,S1,0.0002,107778255482.271,S4,0.81
10,145000,S2,0.0597,317555494333.998,S4,0.81
10,145000,S3,0.1101,362832567405.7772,S4,0.81
10,145000,S4,0.81,545327109191.8568,S4,0.81
10,145000,S5,0.02,261654846157.5628,S4,0.81
10,145500,S1,0.0002,108155199750.43742,S4,0.81
10,145500,S2,0.0597,318690264328.8345,S4,0.81
10,145500,S3,0.1101,364115384127.5747,S4,0.81
10,145500,S4,0.81,547219496562.907,S4,0.81
10,145500,S5,0.02,262562173358.2036,S4,0.81
10,146000,S1,0.0002,108532144018.60382,S4,0.81
10,146000,S2,0.0597,319825034323.6709,S4,0.81
10,146000,S3,0.1101,365398200849.3721,S4,0.81
10,146000,S4,0.81,549111883933.9573,S4,0.81
10,146000,S5,0.02,263469500558.8444,S4,0.81
10,146500,S1,0.0002,108909088286.77025,S4,0.81
10,146500,S2,0.0597,320959804318.5073,S4,0.81
10,146500,S3,0.1101,366681017571.1696,S4,0.81
10,146500,S4,0.81,551004271305.0074,S4,0.81
10,146500,S5,0.02,264376827759.4852,S4,0.81
10,147000,S1,0.0002,109286032554.93666,S4,0.8099
10,147000,S2,0.0597,322094574313.34375,S4,0.8099
10,147000,S3,0.1102,367963834292.9671,S4,0.8099
10,147000,S4,0.8099,552896658676.0576,S4,0.8099
10,147000,S5,0.02,265284154960.126,S4,0.8099
10,147500,S1,0.0002,109662976823.10307,S4,0.8099
10,147500,S2,0.0597,323229344308.1802,S4,0.8099
10,147500,S3,0.1102,369246651014.7645,S4,0.8099
10,147500,S4,0.8099,554789046047.1079,S4,0.8099
10,147500,S5,0.02,266191482160.7668,S4,0.8099
10,148000,S1,0.0002,110039921091.26947,S4,0.8099
10,148000,S2,0.0597,324364114303.0167,S4,0.8099
10,148000,S3,0.1102,370529467736.56195,S4,0.8099
10,148000,S4,0.8099,556681433418.158,S4,0.8099
10,148000,S5,0.02,267098809361.40765,S4,0.8099
10,148500,S1,0.0002,110416865359.4359,S4,0.8099
10,148500,S2,0.0597,325498884297.8531,S4,0.8099
10,148500,S3,0.1102,371812284458.3594,S4,0.8099
10,148500,S4,0.8099,558573820789.2083,S4,0.8099
10,148500,S5,0.02,268006136562.04846,S4,0.8099
10,149000,S1,0.0002,110793809627.6023,S4,0.8099
10,149000,S2,0.0597,326633654292.6896,S4,0.8099
10,149000,S3,0.1102,373095101180.1569,S4,0.8099
10,149000,S4,0.8099,560466208160.2584,S4,0.8099
10,149000,S5,0.02,268913463762.68924,S4,0.8099
10,149500,S1,0.0002,111170753895.76872,S4,0.8099
10,149500,S2,0.0597,327768424287.526,S4,0.8099
10,149500,S3,0.1102,374377917901.95435,S4,0.8099
10,149500,S4,0.8099,562358595531.3087,S4,0.8099
10,149500,S5,0.02,269820790963.33,S4,0.8099
10,150000,S1,0.0002,111547698163.93513,S4,0.8099
10,150000,S2,0.0597,328903194282.3624,S4,0.8099
10,150000,S3,0.1102,375660734623.7518,S4,0.8099
10,150000,S4,0.8099,564250982902.3588,S4,0.8099
10,150000,S5,0.02,270728118163.97086,S4,0.8099
10,150500,S1,0.0002,111924642432.10155,S4,0.8097
10,150500,S2,0.0599,330037964277.1989,S4,0.8097
10,150500,S3,0.1102,376943551345.5493,S4,0.8097
10,150500,S4,0.8097,566143370273.409,S4,0.8097
10,150500,S5,0.02,271635445364.61166,S4,0.8097
10,151000,S1,0.0002,112301586700.26796,S4,0.8097
10,151000,S2,0.0599,331172734272.0354,S4,0.8097
10,151000,S3,0.1102,378226368067.34674,S4,0.8097
10,151000,S4,0.8097,568035757644.4592,S4,0.8097
10,151000,S5,0.02,272542772565.2525,S4,0.8097
10,151500,S1,0.0002,112678530968.43437,S4,0.8097
10,151500,S2,0.0599,332307504266.8718,S4,0.8097
10,151500,S3,0.1102,379509184789.1442,S4,0.8097
10,151500,S4,0.8097,569928145015.5094,S4,0.8097
10,151500,S5,0.02,273450099765.8933,S4,0.8097
10,152000,S1,0.0002,113055475236.60077,S4,0.8097
10,152000,S2,0.0599,333442274261.70825,S4,0.8097
10,152000,S3,0.1102,380792001510.9417,S4,0.8097
10,152000,S4,0.8097,571820532386.5596,S4,0.8097
10,152000,S5,0.02,274357426966.53406,S4,0.8097
10,152500,S1,0.0002,113432419504.7672,S4,0.8097
10,152500,S2,0.0599,334577044256.5447,S4,0.8097
10,152500,S3,0.1102,382074818232.73914,S4,0.8097
10,152500,S4,0.8097,573712919757.6097,S4,0.8097
10,152500,S5,0.02,275264754167.1749,S4,0.8097
10,153000,S1,0.0002,113809363772.9336,S4,0.8097
10,153000,S2,0.0599,335711814251.38116,S4,0.8097
10,153000,S3,0.1102,383357634954.5366,S4,0.8097
10,153000,S4,0.8097,575605307128.66,S4,0.8097
10,153000,S5,0.02,276172081367.8157,S4,0.8097
10,153500,S1,0.0002,114186308041.10005,S4,0.8097
10,153500,S2,0.0599,336846584246.2176,S4,0.8097
10,153500,S3,0.1102,384640451676.3341,S4,0.8097
10,153500,S4,0.8097,577497694499.7102,S4,0.8097
10,153500,S5,0.02,277079408568.4565,S4,0.8097
10,154000,S1,0.0002,114563252309.26645,S4,0.8097
10,154000,S2,0.0599,337981354241.054,S4,0.8097
10,154000,S3,0.1102,385923268398.1315,S4,0.8097
10,154000,S4,0.8097,579390081870.7604,S4,0.8097
10,154000,S5,0.02,277986735769.0973,S4,0.8097
10,154500,S1,0.0002,114940196577.43285,S4,0.8097
10,154500,S2,0.0599,339116124235.8905,S4,0.8097
10,154500,S3,0.1102,387206085119.92896,S4,0.8097
10,154500,S4,0.8097,581282469241.8105,S4,0.8097
10,154500,S5,0.02,278894062969.7381,S4,0.8097
10,155000,S1,0.0002,115317140845.59927,S4,0.8095
10,155000,S2,0.0601,340250894230.7269,S4,0.8095
10,155000,S3,0.1103,388488901841.7264,S4,0.8095
10,155000,S4,0.8095,583174856612.8608,S4,0.8095
10,155000,S5,0.0199,279801390170.3789,S4,0.8095
10,155500,S1,0.0002,115694085113.76567,S4,0.8095
10,155500,S2,0.0601,341385664225.5634,S4,0.8095
10,155500,S3,0.1103,389771718563.5239,S4,0.8095
10,155500,S4,0.8095,585067243983.911,S4,0.8095
10,155500,S5,0.0199,280708717371.0197,S4,0.8095
10,156000,S1,0.0002,116071029381.9321,S4,0.8094
10,156000,S2,0.0602,342520434220.39984,S4,0.8094
10,156000,S3,0.1103,391054535285.3214,S4,0.8094
10,156000,S4,0.8094,586959631354.9612,S4,0.8094
10,156000,S5,0.0199,281616044571.6605,S4,0.8094
10,156500,S1,0.0002,116447973650.0985,S4,0.8094
10,156500,S2,0.0602,343655204215.2363,S4,0.8094
10,156500,S3,0.1103,392337352007.11884,S4,0.8094
10,156500,S4,0.8094,588852018726.0114,S4,0.8094
10,156500,S5,0.0199,282523371772.3013,S4,0.8094
10,157000,S1,0.0002,116824917918.26492,S4,0.8094
10,157000,S2,0.0602,344789974210.0728,S4,0.8094
10,157000,S3,0.1103,393620168728.9163,S4,0.8094
10,157000,S4,0.8094,590744406097.0615,S4,0.8094
10,157000,S5,0.0199,283430698972.9421,S4,0.8094
10,157500,S1,0.0002,117201862186.43135,S4,0.8094
10,157500,S2,0.0602,345924744204.9092,S4,0.8094
10,157500,S3,0.1103,394902985450.7137,S4,0.8094
10,157500,S4,0.8094,592636793468.1118,S4,0.8094
10,157500,S5,0.0199,284338026173.5829,S4,0.8094
10,158000,S1,0.0002,117578806454.59775,S4,0.8094
10,158000,S2,0.0602,347059514199.74567,S4,0.8094
10,158000,S3,0.1103,396185802172.5112,S4,0.8094
10,158000,S4,0.8094,594529180839.162,S4,0.8094
10,158000,S5,0.0199,285245353374.2237,S4,0.8094
10,158500,S1,0.0002,117955750722.76418,S4,0.8094
10,158500,S2,0.0602,348194284194.5821,S4,0.8094
10,158500,S3,0.1103,397468618894.3087,S4,0.8094
10,158500,S4,0.8094,596421568210.2122,S4,0.8094
10,158500,S5,0.0199,286152680574.8645,S4,0.8094
10,159000,S1,0.0002,118332694990.9306,S4,0.8093
10,159000,S2,0.0602,349329054189.4186,S4,0.8093
10,159000,S3,0.1104,398751435616.1061,S4,0.8093
10,159000,S4,0.8093,598313955581.2622,S4,0.8093
10,159000,S5,0.0199,287060007775.5053,S4,0.8093
10,159500,S1,0.0002,118709639259.097,S4,0.8093
10,159500,S2,0.0602,350463824184.255,S4,0.8093
10,159500,S3,0.1104,400034252337.9036,S4,0.8093
10,159500,S4,0.8093,600206342952.3125,S4,0.8093
10,159500,S5,0.0199,287967334976.1461,S4,0.8093
10,160000,S1,0.0002,119086583527.2634,S4,0.8092
10,160000,S2,0.0603,351598594179.0914,S4,0.8092
10,160000,S3,0.1104,401317069059.70105,S4,0.8092
10,160000,S4,0.8092,602098730323.3628,S4,0.8092
10,160000,S5,0.0199,288874662176.7869,S4,0.8092
10,160500,S1,0.0002,119463527795.42982,S4,0.8092
10,160500,S2,0.0604,352733364173.9279,S4,0.8092
10,160500,S3,0.1103,402599885781.4985,S4,0.8092
10,160500,S4,0.8092,603991117694.4128,S4,0.8092
10,160500,S5,0.0199,289781989377.42773,S4,0.8092
10,161000,S1,0.0002,119840472063.59625,S4,0.8092
10,161000,S2,0.0604,353868134168.76434,S4,0.8092
10,161000,S3,0.1103,403882702503.29596,S4,0.8092
10,161000,S4,0.8092,605883505065.4631,S4,0.8092
10,161000,S5,0.0199,290689316578.0685,S4,0.8092
10,161500,S1,0.0002,120217416331.76265,S4,0.8092
10,161500,S2,0.0604,355002904163.6008,S4,0.8092
10,161500,S3,0.1103,405165519225.09344,S4,0.8092
10,161500,S4,0.8092,607775892436.5133,S4,0.8092
10,161500,S5,0.0199,291596643778.7093,S4,0.8092
10,162000,S1,0.0002,120594360599.92908,S4,0.8092
10,162000,S2,0.0604,356137674158.43726,S4,0.8092
10,162000,S3,0.1103,406448335946.8909,S4,0.8092
10,162000,S4,0.8092,609668279807.5635,S4,0.8092
10,162000,S5,0.0199,292503970979.3501,S4,0.8092
10,162500,S1,0.0002,120971304868.09547,S4,0.8092
10,162500,S2,0.0604,357272444153.2736,S4,0.8092
10,162500,S3,0.1103,407731152668.68835,S4,0.8092
10,162500,S4,0.8092,611560667178.6136,S4,0.8092
10,162500,S5,0.0199,293411298179.9909,S4,0.8092
10,163000,S1,0.0002,121348249136.2619,S4,0.8092
10,163000,S2,0.0604,358407214148.1101,S4,0.8092
10,163000,S3,0.1103,409013969390.4858,S4,0.8092
10,163000,S4,0.8092,613453054549.6638,S4,0.8092
10,163000,S5,0.0199,294318625380.6317,S4,0.8092
10,163500,S1,0.0002,121725193404.4283,S4,0.8092
10,163500,S2,0.0604,359541984142.9466,S4,0.8092
10,163500,S3,0.1103,410296786112.2833,S4,0.8092
10,163500,S4,0.8092,615345441920.7141,S4,0.8092
10,163500,S5,0.0199,295225952581.2725,S4,0.8092
10,164000,S1,0.0002,122102137672.59473,S4,0.8092
10,164000,S2,0.0604,360676754137.783,S4,0.8092
10,164000,S3,0.1103,411579602834.0807,S4,0.8092
10,164000,S4,0.8092,617237829291.7643,S4,0.8092
10,164000,S5,0.0199,296133279781.9133,S4,0.8092
10,164500,S1,0.0002,122479081940.76115,S4,0.8092
10,164500,S2,0.0604,361811524132.6195,S4,0.8092
10,164500,S3,0.1103,412862419555.8782,S4,0.8092
10,164500,S4,0.8092,619130216662.8145,S4,0.8092
10,164500,S5,0.0199,297040606982.55414,S4,0.8092
10,165000,S1,0.0002,122856026208.92755,S4,0.8091
10,165000,S2,0.0605,362946294127.4559,S4,0.8091
10,165000,S3,0.1103,414145236277.67566,S4,0.8091
10,165000,S4,0.8091,621022604033.8646,S4,0.8091
10,165000,S5,0.0199,297947934183.19495,S4,0.8091
10,165500,S1,0.0002,123232970477.09395,S4,0.8091
10,165500,S2,0.0605,364081064122.2924,S4,0.8091
10,165500,S3,0.1103,415428052999.4731,S4,0.8091
10,165500,S4,0.8091,622914991404.9148,S4,0.8091
10,165500,S5,0.0199,298855261383.8357,S4,0.8091
10,166000,S1,0.0002,123609914745.2604,S4,0.8091
10,166000,S2,0.0605,365215834117.1288,S4,0.8091
10,166000,S3,0.1103,416710869721.27057,S4,0.8091
10,166000,S4,0.8091,624807378775.965,S4,0.8091
10,166000,S5,0.0199,299762588584.4765,S4,0.8091
10,166500,S1,0.0002,123986859013.4268,S4,0.8091
10,166500,S2,0.0605,366350604111.9653,S4,0.8091
10,166500,S3,0.1103,417993686443.06805,S4,0.8091
10,166500,S4,0.8091,626699766147.0153,S4,0.8091
10,166500,S5,0.0199,300669915785.1173,S4,0.8091
10,167000,S1,0.0002,124363803281.5932,S4,0.8091
10,167000,S2,0.0605,367485374106.8017,S4,0.8091
10,167000,S3,0.1103,419276503164.8655,S4,0.8091
10,167000,S4,0.8091,628592153518.0654,S4,0.8091
10,167000,S5,0.0199,301577242985.7581,S4,0.8091
10,167500,S1,0.0002,124740747549.75963,S4,0.8091
10,167500,S2,0.0605,368620144101.6382,S4,0.8091
10,167500,S3,0.1103,420559319886.663,S4,0.8091
10,167500,S4,0.8091,630484540889.1156,S4,0.8091
10,167500,S5,0.0199,302484570186.3989,S4,0.8091
10,168000,S1,0.0002,125117691817.92603,S4,0.8091
10,168000,S2,0.0605,369754914096.4746,S4,0.8091
10,168000,S3,0.1103,421842136608.4604,S4,0.8091
10,168000,S4,0.8091,632376928260.1659,S4,0.8091
10,168000,S5,0.0199,303391897387.03973,S4,0.8091
10,168500,S1,0.0002,125494636086.09245,S4,0.8091
10,168500,S2,0.0605,370889684091.3111,S4,0.8091
10,168500,S3,0.1103,423124953330.2579,S4,0.8091
10,168500,S4,0.8091,634269315631.216,S4,0.8091
10,168500,S5,0.0199,304299224587.68054,S4,0.8091
10,169000,S1,0.0002,125871580354.25885,S4,0.8091
10,169000,S2,0.0605,372024454086.1475,S4,0.8091
10,169000,S3,0.1103,424407770052.05536,S4,0.8091
10,169000,S4,0.8091,636161703002.2662,S4,0.8091
10,169000,S5,0.0199,305206551788.32135,S4,0.8091
10,169500,S1,0.0002,126248524622.42525,S4,0.8091
10,169500,S2,0.0605,373159224080.984,S4,0.8091
10,169500,S3,0.1103,425690586773.8528,S4,0.8091
10,169500,S4,0.8091,638054090373.3164,S4,0.8091
10,169500,S5,0.0199,306113878988.9622,S4,0.8091
10,170000,S1,0.0002,126625468890.5917,S4,0.8091
10,170000,S2,0.0605,374293994075.82043,S4,0.8091
10,170000,S3,0.1103,426973403495.65027,S4,0.8091
10,170000,S4,0.8091,639946477744.3666,S4,0.8091
10,170000,S5,0.0199,307021206189.60297,S4,0.8091
10,170500,S1,0.0002,127002413158.7581,S4,0.8091
10,170500,S2,0.0605,375428764070.6569,S4,0.8091
10,170500,S3,0.1103,428256220217.44775,S4,0.8091
10,170500,S4,0.8091,641838865115.4167,S4,0.8091
10,170500,S5,0.0199,307928533390.2438,S4,0.8091
10,171000,S1,0.0002,127379357426.92453,S4,0.8092
10,171000,S2,0.0605,376563534065.4933,S4,0.8092
10,171000,S3,0.1103,429539036939.2452,S4,0.8092
10,171000,S4,0.8092,643731252486.467,S4,0.8092
10,171000,S5,0.0198,308835860590.8846,S4,0.8092
10,171500,S1,0.0002,127756301695.09093,S4,0.8091
10,171500,S2,0.0606,377698304060.3298,S4,0.8091
10,171500,S3,0.1103,430821853661.04266,S4,0.8091
10,171500,S4,0.8091,645623639857.5172,S4,0.8091
10,171500,S5,0.0198,309743187791.5254,S4,0.8091
10,172000,S1,0.0002,128133245963.25735,S4,0.809
10,172000,S2,0.0607,378833074055.1662,S4,0.809
10,172000,S3,0.1103,432104670382.84015,S4,0.809
10,172000,S4,0.809,647516027228.5674,S4,0.809
10,172000,S5,0.0198,310650514992.1662,S4,0.809
10,172500,S1,0.0002,128510190231.42375,S4,0.809
10,172500,S2,0.0607,379967844050.0027,S4,0.809
10,172500,S3,0.1103,433387487104.6376,S4,0.809
10,172500,S4,0.809,649408414599.6176,S4,0.809
10,172500,S5,0.0198,311557842192.807,S4,0.809
10,173000,S1,0.0002,128887134499.59015,S4,0.809
10,173000,S2,0.0607,381102614044.8391,S4,0.809
10,173000,S3,0.1103,434670303826.435,S4,0.809
10,173000,S4,0.809,651300801970.6678,S4,0.809
10,173000,S5,0.0198,312465169393.4478,S4,0.809
10,173500,S1,0.0002,129264078767.7566,S4,0.809
10,173500,S2,0.0607,382237384039.67554,S4,0.809
10,173500,S3,0.1103,435953120548.2325,S4,0.809
10,173500,S4,0.809,653193189341.718,S4,0.809
10,173500,S5,0.0198,313372496594.0886,S4,0.809
10,174000,S1,0.0002,129641023035.923,S4,0.8089
10,174000,S2,0.0608,383372154034.512,S4,0.8089
10,174000,S3,0.1104,437235937270.03,S4,0.8089
10,174000,S4,0.8089,655085576712.7682,S4,0.8089
10,174000,S5,0.0197,314279823794.7294,S4,0.8089
10,174500,S1,0.0002,130017967304.0894,S4,0.8088
10,174500,S2,0.0608,384506924029.3485,S4,0.8088
10,174500,S3,0.1105,438518753991.8274,S4,0.8088
10,174500,S4,0.8088,656977964083.8184,S4,0.8088
10,174500,S5,0.0197,315187150995.3702,S4,0.8088
10,175000,S1,0.0002,130394911572.25583,S4,0.8088
10,175000,S2,0.0608,385641694024.1849,S4,0.8088
10,175000,S3,0.1105,439801570713.6249,S4,0.8088
10,175000,S4,0.8088,658870351454.8685,S4,0.8088
10,175000,S5,0.0197,316094478196.011,S4,0.8088
10,175500,S1,0.0002,130771855840.42226,S4,0.8088
10,175500,S2,0.0608,386776464019.0214,S4,0.8088
10,175500,S3,0.1105,441084387435.42236,S4,0.8088
10,175500,S4,0.8088,660762738825.9187,S4,0.8088
10,175500,S5,0.0197,317001805396.6518,S4,0.8088
10,176000,S1,0.0002,131148800108.58865,S4,0.8088
10,176000,S2,0.0608,387911234013.8578,S4,0.8088
10,176000,S3,0.1105,442367204157.2198,S4,0.8088
10,176000,S4,0.8088,662655126196.9689,S4,0.8088
10,176000,S5,0.0197,317909132597.2926,S4,0.8088
10,176500,S1,0.0002,131525744376.75508,S4,0.8088
10,176500,S2,0.0608,389046004008.6943,S4,0.8088
10,176500,S3,0.1105,443650020879.0173,S4,0.8088
10,176500,S4,0.8088,664547513568.0192,S4,0.8088
10,176500,S5,0.0197,318816459797.9334,S4,0.8088
10,177000,S1,0.0002,131902688644.92148,S4,0.8087
10,177000,S2,0.0609,390180774003.5307,S4,0.8087
10,177000,S3,0.1105,444932837600.8147,S4,0.8087
10,177000,S4,0.8087,666439900939.0695,S4,0.8087
10,177000,S5,0.0197,319723786998.5742,S4,0.8087
10,177500,S1,0.0002,132279632913.0879,S4,0.8087
10,177500,S2,0.0609,391315543998.3672,S4,0.8087
10,177500,S3,0.1105,446215654322.6122,S4,0.8087
10,177500,S4,0.8087,668332288310.1195,S4,0.8087
10,177500,S5,0.0197,320631114199.215,S4,0.8087
10,178000,S1,0.0002,132656577181.2543,S4,0.8086
10,178000,S2,0.061,392450313993.2036,S4,0.8086
10,178000,S3,0.1105,447498471044.4096,S4,0.8086
10,178000,S4,0.8086,670224675681.1698,S4,0.8086
10,178000,S5,0.0197,321538441399.8558,S4,0.8086
10,178500,S1,0.0002,133033521449.42073,S4,0.8086
10,178500,S2,0.061,393585083988.04,S4,0.8086
10,178500,S3,0.1105,448781287766.2071,S4,0.8086
10,178500,S4,0.8086,672117063052.22,S4,0.8086
10,178500,S5,0.0197,322445768600.4966,S4,0.8086
10,179000,S1,0.0002,133410465717.58713,S4,0.8086
10,179000,S2,0.061,394719853982.8765,S4,0.8086
10,179000,S3,0.1105,450064104488.0046,S4,0.8086
10,179000,S4,0.8086,674009450423.2701,S4,0.8086
10,179000,S5,0.0197,323353095801.1374,S4,0.8086
10,179500,S1,0.0002,133787409985.75356,S4,0.8086
10,179500,S2,0.061,395854623977.71295,S4,0.8086
10,179500,S3,0.1105,451346921209.802,S4,0.8086
10,179500,S4,0.8086,675901837794.3204,S4,0.8086
10,179500,S5,0.0197,324260423001.7782,S4,0.8086
10,180000,S1,0.0002,134164354253.91997,S4,0.8086
10,180000,S2,0.061,396989393972.5494,S4,0.8086
10,180000,S3,0.1105,452629737931.5996,S4,0.8086
10,180000,S4,0.8086,677794225165.3705,S4,0.8086
10,180000,S5,0.0197,325167750202.419,S4,0.8086
10,180500,S1,0.0002,134541298522.08638,S4,0.8086
10,180500,S2,0.061,398124163967.3858,S4,0.8086
10,180500,S3,0.1105,453912554653.397,S4,0.8086
10,180500,S4,0.8086,679686612536.4207,S4,0.8086
10,180500,S5,0.0197,326075077403.0599,S4,0.8086
10,181000,S1,0.0002,134918242790.25278,S4,0.8086
10,181000,S2,0.061,399258933962.2223,S4,0.8086
10,181000,S3,0.1105,455195371375.1944,S4,0.8086
10,181000,S4,0.8086,681578999907.4708,S4,0.8086
10,181000,S5,0.0197,326982404603.7006,S4,0.8086
10,181500,S1,0.0002,135295187058.4192,S4,0.8086
10,181500,S2,0.061,400393703957.0588,S4,0.8086
10,181500,S3,0.1105,456478188096.9918,S4,0.8086
10,181500,S4,0.8086,683471387278.5211,S4,0.8086
10,181500,S5,0.0197,327889731804.3414,S4,0.8086
10,182000,S1,0.0002,135672131326.5856,S4,0.8086
10,182000,S2,0.061,401528473951.8952,S4,0.8086
10,182000,S3,0.1105,457761004818.7894,S4,0.8086
10,182000,S4,0.8086,685363774649.5713,S4,0.8086
10,182000,S5,0.0197,328797059004.9822,S4,0.8086
10,182500,S1,0.0002,136049075594.75203,S4,0.8085
10,182500,S2,0.0611,402663243946.7316,S4,0.8085
10,182500,S3,0.1105,459043821540.5868,S4,0.8085
10,182500,S4,0.8085,687256162020.6215,S4,0.8085
10,182500,S5,0.0197,329704386205.623,S4,0.8085
10,183000,S1,0.0002,136426019862.91846,S4,0.8085
10,183000,S2,0.0611,403798013941.5681,S4,0.8085
10,183000,S3,0.1105,460326638262.3842,S4,0.8085
10,183000,S4,0.8085,689148549391.6718,S4,0.8085
10,183000,S5,0.0197,330611713406.2638,S4,0.8085
10,183500,S1,0.0002,136802964131.08485,S4,0.8084
10,183500,S2,0.0612,404932783936.40454,S4,0.8084
10,183500,S3,0.1105,461609454984.1818,S4,0.8084
10,183500,S4,0.8084,691040936762.7218,S4,0.8084
10,183500,S5,0.0197,331519040606.9046,S4,0.8084
10,184000,S1,0.0002,137179908399.25125,S4,0.8084
10,184000,S2,0.0612,406067553931.24097,S4,0.8084
10,184000,S3,0.1105,462892271705.9791,S4,0.8084
10,184000,S4,0.8084,692933324133.772,S4,0.8084
10,184000,S5,0.0197,332426367807.5455,S4,0.8084
10,184500,S1,0.0002,137556852667.4177,S4,0.8084
10,184500,S2,0.0612,407202323926.07745,S4,0.8084
10,184500,S3,0.1105,464175088427.7767,S4,0.8084
10,184500,S4,0.8084,694825711504.8221,S4,0.8084
10,184500,S5,0.0197,333333695008.1863,S4,0.8084
10,185000,S1,0.0002,137933796935.5841,S4,0.8084
10,185000,S2,0.0612,408337093920.9139,S4,0.8084
10,185000,S3,0.1105,465457905149.5742,S4,0.8084
10,185000,S4,0.8084,696718098875.8726,S4,0.8084
10,185000,S5,0.0197,334241022208.827,S4,0.8084
10,185500,S1,0.0002,138310741203.7505,S4,0.8084
10,185500,S2,0.0612,409471863915.75037,S4,0.8084
10,185500,S3,0.1105,466740721871.3716,S4,0.8084
10,185500,S4,0.8084,698610486246.9226,S4,0.8084
10,185500,S5,0.0197,335148349409.46783,S4,0.8084
10,186000,S1,0.0002,138687685471.91693,S4,0.8084
10,186000,S2,0.0612,410606633910.5868,S4,0.8084
10,186000,S3,0.1105,468023538593.169,S4,0.8084
10,186000,S4,0.8084,700502873617.9728,S4,0.8084
10,186000,S5,0.0197,336055676610.1086,S4,0.8084
10,186500,S1,0.0002,139064629740.08334,S4,0.8084
10,186500,S2,0.0613,411741403905.4232,S4,0.8084
10,186500,S3,0.1105,469306355314.9665,S4,0.8084
10,186500,S4,0.8084,702395260989.023,S4,0.8084
10,186500,S5,0.0196,336963003810.74945,S4,0.8084
10,187000,S1,0.0002,139441574008.24976,S4,0.8084
10,187000,S2,0.0613,412876173900.2597,S4,0.8084
10,187000,S3,0.1105,470589172036.764,S4,0.8084
10,187000,S4,0.8084,704287648360.0732,S4,0.8084
10,187000,S5,0.0196,337870331011.3903,S4,0.8084
10,187500,S1,0.0002,139818518276.41614,S4,0.8084
10,187500,S2,0.0613,414010943895.0961,S4,0.8084
10,187500,S3,0.1105,471871988758.5615,S4,0.8084
10,187500,S4,0.8084,706180035731.1234,S4,0.8084
10,187500,S5,0.0196,338777658212.031,S4,0.8084
10,188000,S1,0.0002,140195462544.5826,S4,0.8084
10,188000,S2,0.0613,415145713889.9326,S4,0.8084
10,188000,S3,0.1105,473154805480.3589,S4,0.8084
10,188000,S4,0.8084,708072423102.1736,S4,0.8084
10,188000,S5,0.0196,339684985412.6719,S4,0.8084
10,188500,S1,0.0002,140572406812.749,S4,0.8084
10,188500,S2,0.0613,416280483884.769,S4,0.8084
10,188500,S3,0.1105,474437622202.1563,S4,0.8084
10,188500,S4,0.8084,709964810473.2238,S4,0.8084
10,188500,S5,0.0196,340592312613.3126,S4,0.8084
10,189000,S1,0.0002,140949351080.9154,S4,0.8084
10,189000,S2,0.0613,417415253879.6055,S4,0.8084
10,189000,S3,0.1105,475720438923.9538,S4,0.8084
10,189000,S4,0.8084,711857197844.274,S4,0.8084
10,189000,S5,0.0196,341499639813.9534,S4,0.8084
10,189500,S1,0.0002,141326295349.0818,S4,0.8084
10,189500,S2,0.0613,418550023874.4419,S4,0.8084
10,189500,S3,0.1105,477003255645.7512,S4,0.8084
10,189500,S4,0.8084,713749585215.3242,S4,0.8084
10,189500,S5,0.0196,342406967014.5943,S4,0.8084
10,190000,S1,0.0002,141703239617.24823,S4,0.8084
10,190000,S2,0.0613,419684793869.2784,S4,0.8084
10,190000,S3,0.1106,478286072367.5487,S4,0.8084
10,190000,S4,0.8084,715641972586.3744,S4,0.8084
10,190000,S5,0.0195,343314294215.2351,S4,0.8084
10,190500,S1,0.0002,142080183885.41464,S4,0.8084
10,190500,S2,0.0613,420819563864.11487,S4,0.8084
10,190500,S3,0.1106,479568889089.3461,S4,0.8084
10,190500,S4,0.8084,717534359957.4246,S4,0.8084
10,190500,S5,0.0195,344221621415.8759,S4,0.8084
10,191000,S1,0.0002,142457128153.58105,S4,0.8083
10,191000,S2,0.0614,421954333858.9513,S4,0.8083
10,191000,S3,0.1106,480851705811.1436,S4,0.8083
10,191000,S4,0.8083,719426747328.4749,S4,0.8083
10,191000,S5,0.0195,345128948616.51666,S4,0.8083
10,191500,S1,0.0002,142834072421.74747,S4,0.8083
10,191500,S2,0.0614,423089103853.7877,S4,0.8083
10,191500,S3,0.1106,482134522532.9412,S4,0.8083
10,191500,S4,0.8083,721319134699.525,S4,0.8083
10,191500,S5,0.0195,346036275817.1575,S4,0.8083
10,192000,S1,0.0002,143211016689.91388,S4,0.8083
10,192000,S2,0.0614,424223873848.62415,S4,0.8083
10,192000,S3,0.1106,483417339254.7386,S4,0.8083
10,192000,S4,0.8083,723211522070.5752,S4,0.8083
10,192000,S5,0.0195,346943603017.7983,S4,0.8083
10,192500,S1,0.0002,143587960958.0803,S4,0.8082
10,192500,S2,0.0614,425358643843.4606,S4,0.8082
10,192500,S3,0.1107,484700155976.536,S4,0.8082
10,192500,S4,0.8082,725103909441.6254,S4,0.8082
10,192500,S5,0.0195,347850930218.4391,S4,0.8082
10,193000,S1,0.0002,143964905226.24673,S4,0.8082
10,193000,S2,0.0614,426493413838.2971,S4,0.8082
10,193000,S3,0.1107,485982972698.3334,S4,0.8082
10,193000,S4,0.8082,726996296812.6757,S4,0.8082
10,193000,S5,0.0195,348758257419.0799,S4,0.8082
10,193500,S1,0.0002,144341849494.41312,S4,0.8081
10,193500,S2,0.0614,427628183833.1335,S4,0.8081
10,193500,S3,0.1108,487265789420.131,S4,0.8081
10,193500,S4,0.8081,728888684183.7258,S4,0.8081
10,193500,S5,0.0195,349665584619.7207,S4,0.8081
10,194000,S1,0.0002,144718793762.57956,S4,0.8081
10,194000,S2,0.0614,428762953827.97,S4,0.8081
10,194000,S3,0.1108,488548606141.9283,S4,0.8081
10,194000,S4,0.8081,730781071554.7759,S4,0.8081
10,194000,S5,0.0195,350572911820.3615,S4,0.8081
10,194500,S1,0.0002,145095738030.74594,S4,0.8081
10,194500,S2,0.0614,429897723822.8064,S4,0.8081
10,194500,S3,0.1108,489831422863.7259,S4,0.8081
10,194500,S4,0.8081,732673458925.826,S4,0.8081
10,194500,S5,0.0195,351480239021.0023,S4,0.8081
10,195000,S1,0.0002,145472682298.91235,S4,0.8081
10,195000,S2,0.0614,431032493817.6428,S4,0.8081
10,195000,S3,0.1108,491114239585.5233,S4,0.8081
10,195000,S4,0.8081,734565846296.8763,S4,0.8081
10,195000,S5,0.0195,352387566221.6431,S4,0.8081
10,195500,S1,0.0002,145849626567.07877,S4,0.8081
10,195500,S2,0.0614,432167263812.4793,S4,0.8081
10,195500,S3,0.1108,492397056307.3208,S4,0.8081
10,195500,S4,0.8081,736458233667.9265,S4,0.8081
10,195500,S5,0.0195,353294893422.2839,S4,0.8081
10,196000,S1,0.0002,146226570835.2452,S4,0.8081
10,196000,S2,0.0614,433302033807.3158,S4,0.8081
10,196000,S3,0.1108,493679873029.1182,S4,0.8081
10,196000,S4,0.8081,738350621038.9767,S4,0.8081
10,196000,S5,0.0195,354202220622.9247,S4,0.8081
10,196500,S1,0.0002,146603515103.4116,S4,0.8081
10,196500,S2,0.0614,434436803802.1522,S4,0.8081
10,196500,S3,0.1108,494962689750.9156,S4,0.8081
10,196500,S4,0.8081,740243008410.0269,S4,0.8081
10,196500,S5,0.0195,355109547823.5655,S4,0.8081
10,197000,S1,0.0002,146980459371.57803,S4,0.8081
10,197000,S2,0.0614,435571573796.9887,S4,0.8081
10,197000,S3,0.1108,496245506472.7132,S4,0.8081
10,197000,S4,0.8081,742135395781.0771,S4,0.8081
10,197000,S5,0.0195,356016875024.2063,S4,0.8081
10,197500,S1,0.0002,147357403639.74445,S4,0.8081
10,197500,S2,0.0614,436706343791.8251,S4,0.8081
10,197500,S3,0.1108,497528323194.5106,S4,0.8081
10,197500,S4,0.8081,744027783152.1274,S4,0.8081
10,197500,S5,0.0195,356924202224.84705,S4,0.8081
10,198000,S1,0.0002,147734347907.91086,S4,0.8081
10,198000,S2,0.0614,437841113786.6616,S4,0.8081
10,198000,S3,0.1108,498811139916.3081,S4,0.8081
10,198000,S4,0.8081,745920170523.1774,S4,0.8081
10,198000,S5,0.0195,357831529425.4879,S4,0.8081
10,198500,S1,0.0002,148111292176.07727,S4,0.808
10,198500,S2,0.0615,438975883781.498,S4,0.808
10,198500,S3,0.1108,500093956638.1056,S4,0.808
10,198500,S4,0.808,747812557894.2277,S4,0.808
10,198500,S5,0.0195,358738856626.1287,S4,0.808
10,199000,S1,0.0002,148488236444.24368,S4,0.8079
10,199000,S2,0.0616,440110653776.3345,S4,0.8079
10,199000,S3,0.1108,501376773359.903,S4,0.8079
10,199000,S4,0.8079,749704945265.278,S4,0.8079
10,199000,S5,0.0195,359646183826.7695,S4,0.8079
10,199500,S1,0.0002,148865180712.4101,S4,0.8079
10,199500,S2,0.0616,441245423771.17096,S4,0.8079
10,199500,S3,0.1108,502659590081.7005,S4,0.8079
10,199500,S4,0.8079,751597332636.328,S4,0.8079
10,199500,S5,0.0195,360553511027.4103,S4,0.8079
10,200000,S1,0.0002,149242124980.5765,S4,0.8079
10,200000,S2,0.0616,442380193766.0073,S4,0.8079
10,200000,S3,0.1108,503942406803.498,S4,0.8079
10,200000,S4,0.8079,753489720007.3782,S4,0.8079
10,200000,S5,0.0195,361460838228.0511,S4,0.8079
