scenario_id,year,outcome_id,DALY,Deaths,Incidence,Prevalence,YLD,YLL,Hypertension patient-years,outcome_name_cn,discount_factor,discounted_DALY,discounted_Deaths
S0,2025,dementia,0.0,0.0,0.0,0.0,0.0,0.0,0.0,痴呆,1.0,0.0,0.0
S0,2025,depression,0.0,0.0,0.0,0.0,0.0,0.0,0.0,抑郁症,1.0,0.0,0.0
S0,2025,hypertension,0.0,0.0,0.0,0.0,0.0,0.0,0.0,高血压,1.0,0.0,0.0
S0,2025,type2_diabetes,0.0,0.0,0.0,0.0,0.0,0.0,0.0,2型糖尿病,1.0,0.0,0.0
S0,2026,dementia,0.0,0.0,0.0,0.0,0.0,0.0,0.0,痴呆,0.970873786407767,0.0,0.0
S0,2026,depression,0.0,0.0,0.0,0.0,0.0,0.0,0.0,抑郁症,0.970873786407767,0.0,0.0
S0,2026,hypertension,0.0,0.0,0.0,0.0,0.0,0.0,0.0,高血压,0.970873786407767,0.0,0.0
S0,2026,type2_diabetes,0.0,0.0,0.0,0.0,0.0,0.0,0.0,2型糖尿病,0.970873786407767,0.0,0.0
S0,2027,dementia,0.0,0.0,0.0,0.0,0.0,0.0,0.0,痴呆,0.9425959091337544,0.0,0.0
S0,2027,depression,0.0,0.0,0.0,0.0,0.0,0.0,0.0,抑郁症,0.9425959091337544,0.0,0.0
S0,2027,hypertension,0.0,0.0,0.0,0.0,0.0,0.0,0.0,高血压,0.9425959091337544,0.0,0.0
S0,2027,type2_diabetes,0.0,0.0,0.0,0.0,0.0,0.0,0.0,2型糖尿病,0.9425959091337544,0.0,0.0
S0,2028,dementia,0.0,0.0,0.0,0.0,0.0,0.0,0.0,痴呆,0.9151416593531596,0.0,0.0
S0,2028,depression,0.0,0.0,0.0,0.0,0.0,0.0,0.0,抑郁症,0.9151416593531596,0.0,0.0
S0,2028,hypertension,0.0,0.0,0.0,0.0,0.0,0.0,0.0,高血压,0.9151416593531596,0.0,0.0
S0,2028,type2_diabetes,0.0,0.0,0.0,0.0,0.0,0.0,0.0,2型糖尿病,0.9151416593531596,0.0,0.0
S0,2029,dementia,0.0,0.0,0.0,0.0,0.0,0.0,0.0,痴呆,0.8884870479156888,0.0,0.0
S0,2029,depression,0.0,0.0,0.0,0.0,0.0,0.0,0.0,抑郁症,0.8884870479156888,0.0,0.0
S0,2029,hypertension,0.0,0.0,0.0,0.0,0.0,0.0,0.0,高血压,0.8884870479156888,0.0,0.0
S0,2029,type2_diabetes,0.0,0.0,0.0,0.0,0.0,0.0,0.0,2型糖尿病,0.8884870479156888,0.0,0.0
S0,2030,dementia,0.0,0.0,0.0,0.0,0.0,0.0,0.0,痴呆,0.8626087843841639,0.0,0.0
S0,2030,depression,0.0,0.0,0.0,0.0,0.0,0.0,0.0,抑郁症,0.8626087843841639,0.0,0.0
S0,2030,hypertension,0.0,0.0,0.0,0.0,0.0,0.0,0.0,高血压,0.8626087843841639,0.0,0.0
S0,2030,type2_diabetes,0.0,0.0,0.0,0.0,0.0,0.0,0.0,2型糖尿病,0.8626087843841639,0.0,0.0
S0,2031,dementia,0.0,0.0,0.0,0.0,0.0,0.0,0.0,痴呆,0.8374842566836542,0.0,0.0
S0,2031,depression,0.0,0.0,0.0,0.0,0.0,0.0,0.0,抑郁症,0.8374842566836542,0.0,0.0
S0,2031,hypertension,0.0,0.0,0.0,0.0,0.0,0.0,0.0,高血压,0.8374842566836542,0.0,0.0
S0,2031,type2_diabetes,0.0,0.0,0.0,0.0,0.0,0.0,0.0,2型糖尿病,0.8374842566836542,0.0,0.0
S0,2032,dementia,0.0,0.0,0.0,0.0,0.0,0.0,0.0,痴呆,0.8130915113433536,0.0,0.0
S0,2032,depression,0.0,0.0,0.0,0.0,0.0,0.0,0.0,抑郁症,0.8130915113433536,0.0,0.0
S0,2032,hypertension,0.0,0.0,0.0,0.0,0.0,0.0,0.0,高血压,0.8130915113433536,0.0,0.0
S0,2032,type2_diabetes,0.0,0.0,0.0,0.0,0.0,0.0,0.0,2型糖尿病,0.8130915113433536,0.0,0.0
S0,2033,dementia,0.0,0.0,0.0,0.0,0.0,0.0,0.0,痴呆,0.7894092343139355,0.0,0.0
S0,2033,depression,0.0,0.0,0.0,0.0,0.0,0.0,0.0,抑郁症,0.7894092343139355,0.0,0.0
S0,2033,hypertension,0.0,0.0,0.0,0.0,0.0,0.0,0.0,高血压,0.7894092343139355,0.0,0.0
S0,2033,type2_diabetes,0.0,0.0,0.0,0.0,0.0,0.0,0.0,2型糖尿病,0.7894092343139355,0.0,0.0
S0,2034,dementia,0.0,0.0,0.0,0.0,0.0,0.0,0.0,痴呆,0.7664167323436267,0.0,0.0
S0,2034,depression,0.0,0.0,0.0,0.0,0.0,0.0,0.0,抑郁症,0.7664167323436267,0.0,0.0
S0,2034,hypertension,0.0,0.0,0.0,0.0,0.0,0.0,0.0,高血压,0.7664167323436267,0.0,0.0
S0,2034,type2_diabetes,0.0,0.0,0.0,0.0,0.0,0.0,0.0,2型糖尿病,0.7664167323436267,0.0,0.0
S0,2035,dementia,0.0,0.0,0.0,0.0,0.0,0.0,0.0,痴呆,0.7440939148967249,0.0,0.0
S0,2035,depression,0.0,0.0,0.0,0.0,0.0,0.0,0.0,抑郁症,0.7440939148967249,0.0,0.0
S0,2035,hypertension,0.0,0.0,0.0,0.0,0.0,0.0,0.0,高血压,0.7440939148967249,0.0,0.0
S0,2035,type2_diabetes,0.0,0.0,0.0,0.0,0.0,0.0,0.0,2型糖尿病,0.7440939148967249,0.0,0.0
S0,2036,dementia,0.0,0.0,0.0,0.0,0.0,0.0,0.0,痴呆,0.7224212765987621,0.0,0.0
S0,2036,depression,0.0,0.0,0.0,0.0,0.0,0.0,0.0,抑郁症,0.7224212765987621,0.0,0.0
S0,2036,hypertension,0.0,0.0,0.0,0.0,0.0,0.0,0.0,高血压,0.7224212765987621,0.0,0.0
S0,2036,type2_diabetes,0.0,0.0,0.0,0.0,0.0,0.0,0.0,2型糖尿病,0.7224212765987621,0.0,0.0
S0,2037,dementia,0.0,0.0,0.0,0.0,0.0,0.0,0.0,痴呆,0.7013798801929729,0.0,0.0
S0,2037,depression,0.0,0.0,0.0,0.0,0.0,0.0,0.0,抑郁症,0.7013798801929729,0.0,0.0
S0,2037,hypertension,0.0,0.0,0.0,0.0,0.0,0.0,0.0,高血压,0.7013798801929729,0.0,0.0
S0,2037,type2_diabetes,0.0,0.0,0.0,0.0,0.0,0.0,0.0,2型糖尿病,0.7013798801929729,0.0,0.0
S0,2038,dementia,0.0,0.0,0.0,0.0,0.0,0.0,0.0,痴呆,0.6809513399931775,0.0,0.0
S0,2038,depression,0.0,0.0,0.0,0.0,0.0,0.0,0.0,抑郁症,0.6809513399931775,0.0,0.0
S0,2038,hypertension,0.0,0.0,0.0,0.0,0.0,0.0,0.0,高血压,0.6809513399931775,0.0,0.0
S0,2038,type2_diabetes,0.0,0.0,0.0,0.0,0.0,0.0,0.0,2型糖尿病,0.6809513399931775,0.0,0.0
S0,2039,dementia,0.0,0.0,0.0,0.0,0.0,0.0,0.0,痴呆,0.661117805818619,0.0,0.0
S0,2039,depression,0.0,0.0,0.0,0.0,0.0,0.0,0.0,抑郁症,0.661117805818619,0.0,0.0
S0,2039,hypertension,0.0,0.0,0.0,0.0,0.0,0.0,0.0,高血压,0.661117805818619,0.0,0.0
S0,2039,type2_diabetes,0.0,0.0,0.0,0.0,0.0,0.0,0.0,2型糖尿病,0.661117805818619,0.0,0.0
S0,2040,dementia,0.0,0.0,0.0,0.0,0.0,0.0,0.0,痴呆,0.6418619473967174,0.0,0.0
S0,2040,depression,0.0,0.0,0.0,0.0,0.0,0.0,0.0,抑郁症,0.6418619473967174,0.0,0.0
S0,2040,hypertension,0.0,0.0,0.0,0.0,0.0,0.0,0.0,高血压,0.6418619473967174,0.0,0.0
S0,2040,type2_diabetes,0.0,0.0,0.0,0.0,0.0,0.0,0.0,2型糖尿病,0.6418619473967174,0.0,0.0
S0,2041,dementia,0.0,0.0,0.0,0.0,0.0,0.0,0.0,痴呆,0.6231669392201139,0.0,0.0
S0,2041,depression,0.0,0.0,0.0,0.0,0.0,0.0,0.0,抑郁症,0.6231669392201139,0.0,0.0
S0,2041,hypertension,0.0,0.0,0.0,0.0,0.0,0.0,0.0,高血压,0.6231669392201139,0.0,0.0
S0,2041,type2_diabetes,0.0,0.0,0.0,0.0,0.0,0.0,0.0,2型糖尿病,0.6231669392201139,0.0,0.0
S0,2042,dementia,0.0,0.0,0.0,0.0,0.0,0.0,0.0,痴呆,0.6050164458447708,0.0,0.0
S0,2042,depression,0.0,0.0,0.0,0.0,0.0,0.0,0.0,抑郁症,0.6050164458447708,0.0,0.0
S0,2042,hypertension,0.0,0.0,0.0,0.0,0.0,0.0,0.0,高血压,0.6050164458447708,0.0,0.0
S0,2042,type2_diabetes,0.0,0.0,0.0,0.0,0.0,0.0,0.0,2型糖尿病,0.6050164458447708,0.0,0.0
S0,2043,dementia,0.0,0.0,0.0,0.0,0.0,0.0,0.0,痴呆,0.5873946076162823,0.0,0.0
S0,2043,depression,0.0,0.0,0.0,0.0,0.0,0.0,0.0,抑郁症,0.5873946076162823,0.0,0.0
S0,2043,hypertension,0.0,0.0,0.0,0.0,0.0,0.0,0.0,高血压,0.5873946076162823,0.0,0.0
S0,2043,type2_diabetes,0.0,0.0,0.0,0.0,0.0,0.0,0.0,2型糖尿病,0.5873946076162823,0.0,0.0
S0,2044,dementia,0.0,0.0,0.0,0.0,0.0,0.0,0.0,痴呆,0.5702860268119245,0.0,0.0
S0,2044,depression,0.0,0.0,0.0,0.0,0.0,0.0,0.0,抑郁症,0.5702860268119245,0.0,0.0
S0,2044,hypertension,0.0,0.0,0.0,0.0,0.0,0.0,0.0,高血压,0.5702860268119245,0.0,0.0
S0,2044,type2_diabetes,0.0,0.0,0.0,0.0,0.0,0.0,0.0,2型糖尿病,0.5702860268119245,0.0,0.0
S0,2045,dementia,0.0,0.0,0.0,0.0,0.0,0.0,0.0,痴呆,0.5536757541863345,0.0,0.0
S0,2045,depression,0.0,0.0,0.0,0.0,0.0,0.0,0.0,抑郁症,0.5536757541863345,0.0,0.0
S0,2045,hypertension,0.0,0.0,0.0,0.0,0.0,0.0,0.0,高血压,0.5536757541863345,0.0,0.0
S0,2045,type2_diabetes,0.0,0.0,0.0,0.0,0.0,0.0,0.0,2型糖尿病,0.5536757541863345,0.0,0.0
S0,2046,dementia,0.0,0.0,0.0,0.0,0.0,0.0,0.0,痴呆,0.5375492759090627,0.0,0.0
S0,2046,depression,0.0,0.0,0.0,0.0,0.0,0.0,0.0,抑郁症,0.5375492759090627,0.0,0.0
S0,2046,hypertension,0.0,0.0,0.0,0.0,0.0,0.0,0.0,高血压,0.5375492759090627,0.0,0.0
S0,2046,type2_diabetes,0.0,0.0,0.0,0.0,0.0,0.0,0.0,2型糖尿病,0.5375492759090627,0.0,0.0
S0,2047,dementia,0.0,0.0,0.0,0.0,0.0,0.0,0.0,痴呆,0.5218925008825851,0.0,0.0
S0,2047,depression,0.0,0.0,0.0,0.0,0.0,0.0,0.0,抑郁症,0.5218925008825851,0.0,0.0
S0,2047,hypertension,0.0,0.0,0.0,0.0,0.0,0.0,0.0,高血压,0.5218925008825851,0.0,0.0
S0,2047,type2_diabetes,0.0,0.0,0.0,0.0,0.0,0.0,0.0,2型糖尿病,0.5218925008825851,0.0,0.0
S0,2048,dementia,0.0,0.0,0.0,0.0,0.0,0.0,0.0,痴呆,0.5066917484296942,0.0,0.0
S0,2048,depression,0.0,0.0,0.0,0.0,0.0,0.0,0.0,抑郁症,0.5066917484296942,0.0,0.0
S0,2048,hypertension,0.0,0.0,0.0,0.0,0.0,0.0,0.0,高血压,0.5066917484296942,0.0,0.0
S0,2048,type2_diabetes,0.0,0.0,0.0,0.0,0.0,0.0,0.0,2型糖尿病,0.5066917484296942,0.0,0.0
S0,2049,dementia,0.0,0.0,0.0,0.0,0.0,0.0,0.0,痴呆,0.49193373633950893,0.0,0.0
S0,2049,depression,0.0,0.0,0.0,0.0,0.0,0.0,0.0,抑郁症,0.49193373633950893,0.0,0.0
S0,2049,hypertension,0.0,0.0,0.0,0.0,0.0,0.0,0.0,高血压,0.49193373633950893,0.0,0.0
S0,2049,type2_diabetes,0.0,0.0,0.0,0.0,0.0,0.0,0.0,2型糖尿病,0.49193373633950893,0.0,0.0
S0,2050,dementia,0.0,0.0,0.0,0.0,0.0,0.0,0.0,痴呆,0.47760556926165915,0.0,0.0
S0,2050,depression,0.0,0.0,0.0,0.0,0.0,0.0,0.0,抑郁症,0.47760556926165915,0.0,0.0
S0,2050,hypertension,0.0,0.0,0.0,0.0,0.0,0.0,0.0,高血压,0.47760556926165915,0.0,0.0
S0,2050,type2_diabetes,0.0,0.0,0.0,0.0,0.0,0.0,0.0,2型糖尿病,0.47760556926165915,0.0,0.0
S1,2025,dementia,0.0,0.0,0.0,0.0,0.0,0.0,0.0,痴呆,1.0,0.0,0.0
S1,2025,depression,574.3670692547292,0.0,3053.06735362084,3714.59183908713,574.3670692547292,0.0,0.0,抑郁症,1.0,574.3670692547292,0.0
S1,2025,hypertension,0.0,0.0,0.0,0.0,0.0,0.0,5610.8662101008385,高血压,1.0,0.0,0.0
S1,2025,type2_diabetes,0.0,0.0,0.0,0.0,0.0,0.0,0.0,2型糖尿病,1.0,0.0,0.0
S1,2026,dementia,0.0,0.0,0.0,0.0,0.0,0.0,0.0,痴呆,0.970873786407767,0.0,0.0
S1,2026,depression,3534.85497826568,0.0,18811.730947963875,22819.806706557996,3534.85497826568,0.0,0.0,抑郁症,0.970873786407767,3431.8980371511457,0.0
S1,2026,hypertension,0.0,0.0,0.0,0.0,0.0,0.0,34456.54197696717,高血压,0.970873786407767,0.0,0.0
S1,2026,type2_diabetes,732.902758404154,12.746059438852956,199.20880224814826,6985.606778235196,489.176656466182,243.72610193797212,0.0,2型糖尿病,0.970873786407767,711.5560761205379,12.374814989177628
S1,2027,dementia,0.0,0.0,0.0,0.0,0.0,0.0,0.0,痴呆,0.9425959091337544,0.0,0.0
S1,2027,depression,6034.6648948303355,0.0,32157.66594980318,38886.91176868993,6034.6648948303355,0.0,0.0,抑郁症,0.9425959091337544,5688.250442860152,0.0
S1,2027,hypertension,0.0,0.0,0.0,0.0,0.0,0.0,58745.78194308361,高血压,0.9425959091337544,0.0,0.0
S1,2027,type2_diabetes,2524.418684847439,44.627136925239824,670.9650891624598,23851.323773179764,1679.5178917238677,844.9007931235717,0.0,2型糖尿病,0.9425959091337544,2379.5067252780086,42.06535670208297
S1,2028,dementia,0.0,0.0,0.0,0.0,0.0,0.0,0.0,痴呆,0.9151416593531596,0.0,0.0
S1,2028,depression,8641.538814184345,0.0,46117.18990508746,55581.18464514607,8641.538814184345,0.0,0.0,抑郁症,0.9151416593531596,7908.232169777397,0.0
S1,2028,hypertension,0.0,0.0,0.0,0.0,0.0,0.0,84118.5781061228,高血压,0.9151416593531596,0.0,0.0
S1,2028,type2_diabetes,5473.145601080006,98.37544332014252,1419.018984389806,51232.61054959732,3628.4415876680605,1844.7040134119447,0.0,2型糖尿病,0.9151416593531596,5008.703547253803,90.02746643959793
S1,2029,dementia,0.0,0.0,0.0,0.0,0.0,0.0,0.0,痴呆,0.8884870479156888,0.0,0.0
S1,2029,depression,11350.68088587727,0.0,60671.1515938217,72850.26945505968,11350.68088587727,0.0,0.0,抑郁症,0.8884870479156888,10084.93295212613,0.0
S1,2029,hypertension,0.0,0.0,0.0,0.0,0.0,0.0,110491.3779034328,高血压,0.8884870479156888,0.0,0.0
S1,2029,type2_diabetes,9658.183818012198,175.4128830456109,2449.243351900562,89697.4701501888,6388.997492895438,3269.1863251167597,0.0,2型糖尿病,0.8884870479156888,8581.171228692734,155.8520746235748
S1,2030,dementia,3227.0488444460607,171.02123409994317,960.4140553565469,5658.725613729433,1163.3288918963622,2063.719952549698,0.0,痴呆,0.8626087843841639,2783.680680855937,147.5244188508315
S1,2030,depression,12870.486505351324,0.0,68906.31607765055,82416.07183964227,12870.486505351324,0.0,0.0,抑郁症,0.8626087843841639,11102.194718813891,0.0
S1,2030,hypertension,0.0,0.0,0.0,0.0,0.0,0.0,125271.29268846758,高血压,0.8626087843841639,0.0,0.0
S1,2030,type2_diabetes,11017.054454519362,201.31483848548933,2742.6003124480203,101653.17386743632,7280.380223323191,3736.6742311961702,0.0,2型糖尿病,0.8626087843841639,9503.407950507086,173.65594810446225
S1,2031,dementia,6702.397611463044,355.8026552108565,1999.6527127385962,11790.494123003244,2426.0200618059944,4276.377549657048,0.0,痴呆,0.8374842566836542,5613.152481634427,297.9791222253347
S1,2031,depression,13124.83004723174,0.0,70390.20947065778,83840.85720316516,13124.83004723174,0.0,0.0,抑郁症,0.8374842566836542,10991.838536205165,0.0
S1,2031,hypertension,0.0,0.0,0.0,0.0,0.0,0.0,127681.496711952,高血压,0.8374842566836542,0.0,0.0
S1,2031,type2_diabetes,11289.576756933671,207.25849946019386,2763.255400521116,103569.50132650886,7456.500992071852,3833.075764861819,0.0,2型糖尿病,0.8374842566836542,9454.842798553655,173.57573036179
S1,2032,dementia,10564.47952752628,563.406932871128,3155.0397324615496,18624.896063527172,3836.493243917058,6727.986283609222,0.0,痴呆,0.8130915113433536,8589.88862559226,458.1013945495088
S1,2032,depression,13395.2010838733,0.0,71981.15506730317,85362.48363943283,13395.2010838733,0.0,0.0,抑郁症,0.8130915113433536,10891.524294034669,0.0
S1,2032,hypertension,0.0,0.0,0.0,0.0,0.0,0.0,130129.77704702585,高血压,0.8130915113433536,0.0,0.0
S1,2032,type2_diabetes,11586.37582183179,215.18081496413566,2782.735033061088,105573.62486267538,7637.611068566029,3948.7647532657625,0.0,2型糖尿病,0.8130915113433536,9420.7838279653,174.9616940512836
S1,2033,dementia,15127.438985342396,813.9447773433342,4512.121804962119,26683.08710262754,5504.520762860848,9622.918222481549,0.0,痴呆,0.7894092343139355,11941.740026549918,642.5355234564281
S1,2033,depression,13684.492350021841,0.0,73691.09499948175,87026.68102211827,13684.492350021841,0.0,0.0,抑郁症,0.7894092343139355,10802.66462800565,0.0
S1,2033,hypertension,0.0,0.0,0.0,0.0,0.0,0.0,132737.04784867953,高血压,0.7894092343139355,0.0,0.0
S1,2033,type2_diabetes,11938.237947081512,227.17076224377615,2793.3009589147578,107752.4695574916,7830.633981980395,4107.603965101118,0.0,2型糖尿病,0.7894092343139355,9424.155276863186,179.33069748137243
S1,2034,dementia,20335.83558948875,1104.092405153052,6056.637704651068,35884.192126770715,7413.7802966684,12922.055292820349,0.0,痴呆,0.7664167323436267,15585.724661973198,846.1948933628177
S1,2034,depression,13975.753305052925,0.0,75423.39957437794,88700.26664451743,13975.753305052925,0.0,0.0,抑郁症,0.7664167323436267,10711.251180099305,0.0
S1,2034,hypertension,0.0,0.0,0.0,0.0,0.0,0.0,135343.63635537354,高血压,0.7664167323436267,0.0,0.0
S1,2034,type2_diabetes,12300.410390088426,240.16129808409704,2798.677999700206,109940.44202589395,8024.4405917416825,4275.969798346745,0.0,2型糖尿病,0.7664167323436267,9427.240337657166,184.06363731301735
S1,2035,dementia,25956.64834084602,1419.3908056976902,7721.327187845838,45822.477368147214,9478.699234347756,16477.949106498258,0.0,痴呆,0.7440939148967249,19314.184081537693,1056.160061380011
S1,2035,depression,14222.625589598683,0.0,76889.20074286596,90136.39938044248,14222.625589598683,0.0,0.0,抑郁症,0.7440939148967249,10582.969155074825,0.0
S1,2035,hypertension,0.0,0.0,0.0,0.0,0.0,0.0,137693.4496672385,高血压,0.7440939148967249,0.0,0.0
S1,2035,type2_diabetes,12627.040799985924,251.94990991718868,2802.4024228019703,111896.29620713412,8197.704164257193,4429.336635728731,0.0,2型糖尿病,0.7440939148967249,9395.704222422199,187.4743948281581
S1,2036,dementia,31975.486586622334,1759.1730289457005,9499.096892598423,56456.547582719504,11690.409520458397,20285.077066163933,0.0,痴呆,0.7224212765987621,23099.7718397743,1270.864025329064
S1,2036,depression,14428.605574310755,0.0,78110.14241878974,91358.25529062856,14428.605574310755,0.0,0.0,抑郁症,0.7224212765987621,10423.531658533591,0.0
S1,2036,hypertension,0.0,0.0,0.0,0.0,0.0,0.0,139782.33439135074,高血压,0.7224212765987621,0.0,0.0
S1,2036,type2_diabetes,12922.914101647337,263.008142143117,2802.2552850303455,113627.76370457184,8350.09848532996,4572.815616317377,0.0,2型糖尿病,0.7224212765987621,9335.788102688213,190.00267780289929
S1,2037,dementia,38234.607438753,2113.52003258735,11343.776096181871,67506.05895324665,13989.547037542121,24245.06040121088,0.0,痴呆,0.7013798801929729,26816.984384617932,1482.380427241564
S1,2037,depression,14599.101013819405,0.0,79116.2718702429,92390.10420184793,14599.101013819405,0.0,0.0,抑郁症,0.7013798801929729,10239.515719997764,0.0
S1,2037,hypertension,0.0,0.0,0.0,0.0,0.0,0.0,141602.6048922278,高血压,0.7013798801929729,0.0,0.0
S1,2037,type2_diabetes,13182.695854676582,272.7807074137141,2799.954591102371,115145.89409889598,8481.699783761313,4700.996070915268,0.0,2型糖尿病,0.7013798801929729,9246.077639173462,191.3228998847852
S1,2038,dementia,44877.30793601511,2491.841222512114,13291.546235056496,79186.75966666243,16421.02457227292,28456.28336374219,0.0,痴呆,0.6809513399931775,30559.262974315945,1696.8226195198617
S1,2038,depression,14721.786859002825,0.0,79828.73411463154,93188.43558072843,14721.786859002825,0.0,0.0,抑郁症,0.6809513399931775,10024.820488731924,0.0
S1,2038,hypertension,0.0,0.0,0.0,0.0,0.0,0.0,143131.8941871228,高血压,0.6809513399931775,0.0,0.0
S1,2038,type2_diabetes,13418.486315159524,282.4828657805309,2789.1659723968164,116441.15314106023,8592.18083146495,4826.305483694572,0.0,2型糖尿病,0.6809513399931775,9137.336236987992,192.35708597836543
S1,2039,dementia,51928.945827998716,2895.763739053033,15346.672180816691,91518.34827188232,18988.274245151653,32940.671582847055,0.0,痴呆,0.661117805818619,34331.150724280444,1914.4409693318612
S1,2039,depression,14794.857861378197,0.0,80232.15548295311,93751.89248613316,14794.857861378197,0.0,0.0,抑郁症,0.661117805818619,9781.1439667127,0.0
S1,2039,hypertension,0.0,0.0,0.0,0.0,0.0,0.0,144377.90385387233,高血压,0.661117805818619,0.0,0.0
S1,2039,type2_diabetes,13635.201942071759,292.3332007834341,2769.6440584472207,117535.40544414106,8683.602162397341,4951.599779674419,0.0,2型糖尿病,0.661117805818619,9014.474789836253,193.26668426987774
S1,2040,dementia,53758.79857117892,3007.886995376588,15852.090969253444,94598.89758724163,19633.765887638554,34125.03268354037,0.0,痴呆,0.6418619473967174,34505.72714060477,1930.648204401678
S1,2040,depression,14816.472022516191,0.0,80308.97223899257,94067.55418187745,14816.472022516191,0.0,0.0,抑郁症,0.6418619473967174,9510.129585921222,0.0
S1,2040,hypertension,0.0,0.0,0.0,0.0,0.0,0.0,145354.4122332055,高血压,0.6418619473967174,0.0,0.0
S1,2040,type2_diabetes,13827.436869410272,301.36495529278517,2746.2324529361395,118454.08483566286,8758.931753339302,5068.50511607097,0.0,2型糖尿病,0.6418619473967174,8875.305556504847,193.43469708135177
S1,2041,dementia,55479.81764107788,3113.3716868050114,16326.47478943555,97489.44039475251,20239.320104911792,35240.49753616609,0.0,痴呆,0.6231669392201139,34573.18814788058,1940.150304720842
S1,2041,depression,14827.336735001201,0.0,80314.84922587383,94328.22267911886,14827.336735001201,0.0,0.0,抑郁症,0.6231669392201139,9239.906049936655,0.0
S1,2041,hypertension,0.0,0.0,0.0,0.0,0.0,0.0,146198.14720549004,高血压,0.6231669392201139,0.0,0.0
S1,2041,type2_diabetes,14014.23438764637,309.91865347371015,2720.63781458757,119356.61061265985,8833.547392465996,5180.686995180373,0.0,2型糖尿病,0.6231669392201139,8733.207548862854,193.13105869243108
S1,2042,dementia,56998.280736902016,3205.988694554945,16745.682587758376,100038.12215920186,20772.869441766117,36225.411295135906,0.0,痴呆,0.6050164458447708,34484.89723070292,1939.6758853981494
S1,2042,depression,14837.8015206187,0.0,80310.99157425956,94582.88522757673,14837.8015206187,0.0,0.0,抑郁症,0.6050164458447708,8977.11394015486,0.0
S1,2042,hypertension,0.0,0.0,0.0,0.0,0.0,0.0,146930.58975094964,高血压,0.6050164458447708,0.0,0.0
S1,2042,type2_diabetes,14191.568593974378,317.56899944023536,2694.281256612163,120260.94637118265,8908.117678906943,5283.450915067436,0.0,2型糖尿病,0.6050164458447708,8586.132391688649,192.1344673518112
S1,2043,dementia,58352.75264364302,3288.6782578491793,17118.794511445823,102307.35404726202,21247.84118202408,37104.91146161894,0.0,痴呆,0.5873946076162823,34276.09224244267,1931.7518748455175
S1,2043,depression,14839.706116769663,0.0,80259.10118990557,94776.41064397681,14839.706116769663,0.0,0.0,抑郁症,0.5873946076162823,8716.76335160086,0.0
S1,2043,hypertension,0.0,0.0,0.0,0.0,0.0,0.0,147522.03841757338,高血压,0.5873946076162823,0.0,0.0
S1,2043,type2_diabetes,14351.66969955736,324.430718936757,2669.3399551570888,121067.31438217306,8975.362181543911,5376.307518013448,0.0,2型糖尿病,0.5873946076162823,8430.093391809984,190.56885484852472
S1,2044,dementia,59487.20275708404,3357.6485734911485,17431.93820877883,104210.77330316861,21645.96578081957,37841.23697626445,0.0,痴呆,0.5702860268119245,33924.72050649282,1914.8200644069932
S1,2044,depression,14828.366631339286,0.0,80136.83209381657,94872.90556009999,14828.366631339286,0.0,0.0,抑郁症,0.5702860268119245,8456.410290297003,0.0
S1,2044,hypertension,0.0,0.0,0.0,0.0,0.0,0.0,147973.77361756394,高血压,0.5702860268119245,0.0,0.0
S1,2044,type2_diabetes,14487.077336656504,330.2387077116873,2645.8611508890763,121717.81886360302,9031.319150241387,5455.758186415119,0.0,2型糖尿病,0.5702860268119245,8261.777774438915,188.33052052040262
S1,2045,dementia,60321.63723449965,3406.967130400576,17666.002526835477,105624.80540694126,21940.659056676523,38380.978177823126,0.0,痴呆,0.5536757541863345,33398.62798956607,1886.3550954125908
S1,2045,depression,14803.966528872188,0.0,79940.47786876037,94876.27922747299,14803.966528872188,0.0,0.0,抑郁症,0.5536757541863345,8196.597332822561,0.0
S1,2045,hypertension,0.0,0.0,0.0,0.0,0.0,0.0,148341.6997744831,高血压,0.5536757541863345,0.0,0.0
S1,2045,type2_diabetes,14601.795573227146,334.69996571029543,2624.759665179141,122264.56556202678,9081.177704466943,5520.617868760202,0.0,2型糖尿病,0.5536757541863345,8084.66017648122,185.31525594078812
S1,2046,dementia,60905.2924289822,3440.2787505479037,17834.048337374017,106626.64285520861,22148.51254431365,38756.77988466855,0.0,痴呆,0.5375492759090627,32739.595844229094,1849.3193512823605
S1,2046,depression,14759.50194337414,0.0,79638.33897925614,94737.25289726455,14759.50194337414,0.0,0.0,抑郁症,0.5375492759090627,7933.959582439172,0.0
S1,2046,hypertension,0.0,0.0,0.0,0.0,0.0,0.0,148556.00569563877,高血压,0.5375492759090627,0.0,0.0
S1,2046,type2_diabetes,14685.328998350653,337.93541598813255,2602.8389973356357,122601.24926154394,9116.330715295033,5568.998283055619,0.0,2型糖尿病,0.5375492759090627,7894.087969549754,181.65693816844853
S1,2047,dementia,61289.41784607227,3460.8920715682416,17950.556757295482,107302.16253967014,22287.67443508848,39001.74341098379,0.0,痴呆,0.5218925008825851,31986.4875573244,1806.2136185154602
S1,2047,depression,14696.350169214802,0.0,79240.08667443227,94464.64107184246,14696.350169214802,0.0,0.0,抑郁症,0.5218925008825851,7669.914943657715,0.0
S1,2047,hypertension,0.0,0.0,0.0,0.0,0.0,0.0,148637.84125660278,高血压,0.5218925008825851,0.0,0.0
S1,2047,type2_diabetes,14737.647303752565,340.1524200128676,2576.7589426550485,122720.1094818456,9135.568104214264,5602.079199538301,0.0,2型糖尿病,0.5218925008825851,7691.467608480913,177.52299716177896
S1,2048,dementia,61526.54026373751,3472.5749898927866,18026.62287546008,107729.34502777837,22374.753537721088,39151.786726016435,0.0,痴呆,0.5066917484296942,31174.990261063136,1759.5250931820037
S1,2048,depression,14619.287995044117,0.0,78767.1286177834,94095.32273781179,14619.287995044117,0.0,0.0,抑郁症,0.5066917484296942,7407.472595006142,0.0
S1,2048,hypertension,0.0,0.0,0.0,0.0,0.0,0.0,148597.0570141587,高血压,0.5066917484296942,0.0,0.0
S1,2048,type2_diabetes,14769.651083455861,341.6313144947746,2551.3227432203093,122701.23069333771,9144.74247150813,5624.908611947731,0.0,2型糖尿病,0.5066917484296942,7483.660331172778,173.10176805969206
S1,2049,dementia,61783.44704378629,3486.0992210386025,18106.48449899016,108181.01903835675,22467.20241630974,39316.24462747656,0.0,痴呆,0.49193373633950893,30393.361948183978,1714.9298150557713
S1,2049,depression,14532.514263123818,0.0,78241.71412332094,93665.05338176864,14532.514263123818,0.0,0.0,抑郁症,0.49193373633950893,7149.034039865705,0.0
S1,2049,hypertension,0.0,0.0,0.0,0.0,0.0,0.0,148470.63461947453,高血压,0.49193373633950893,0.0,0.0
S1,2049,type2_diabetes,14794.93571379799,343.16035801005273,2525.939816285634,122605.08248646255,9148.121285056484,5646.814428741505,0.0,2型糖尿病,0.49193373633950893,7278.128004591485,168.81215707948877
S1,2050,dementia,62121.822538574546,3504.59176317166,18209.855613759377,108771.44862666976,22588.57524591787,39533.24729265667,0.0,痴呆,0.47760556926165915,29669.728417107664,1673.8125440793226
S1,2050,depression,14434.027034817102,0.0,77652.74281791429,93167.59469662502,14434.027034817102,0.0,0.0,抑郁症,0.47760556926165915,6893.771698701999,0.0
S1,2050,hypertension,0.0,0.0,0.0,0.0,0.0,0.0,148325.19841047595,高血压,0.47760556926165915,0.0,0.0
S1,2050,type2_diabetes,14820.30726396305,345.07756341510947,2496.7306061377208,122451.31905135265,9148.012342698246,5672.294921264804,0.0,2型糖尿病,0.47760556926165915,7078.261287437775,164.81096611429965
S2,2025,dementia,0.0,0.0,0.0,0.0,0.0,0.0,0.0,痴呆,1.0,0.0,0.0
S2,2025,depression,1723.101207764395,0.0,9159.202060863588,11143.775517262775,1723.101207764395,0.0,0.0,抑郁症,1.0,1723.101207764395,0.0
S2,2025,hypertension,0.0,0.0,0.0,0.0,0.0,0.0,16832.598630284072,高血压,1.0,0.0,0.0
S2,2025,type2_diabetes,0.0,0.0,0.0,0.0,0.0,0.0,0.0,2型糖尿病,1.0,0.0,0.0
S2,2026,dementia,0.0,0.0,0.0,0.0,0.0,0.0,0.0,痴呆,0.970873786407767,0.0,0.0
S2,2026,depression,10604.564934795942,0.0,56435.19284388565,68459.42011966732,10604.564934795942,0.0,0.0,抑郁症,0.970873786407767,10295.69411145237,0.0
S2,2026,hypertension,0.0,0.0,0.0,0.0,0.0,0.0,103369.62593092659,高血压,0.970873786407767,0.0,0.0
S2,2026,type2_diabetes,2198.7082752126857,38.2381783165614,597.6264067445068,20956.82033470773,1467.5299693987065,731.1783058139793,0.0,2型糖尿病,0.970873786407767,2134.6682283618306,37.12444496753534
S2,2027,dementia,0.0,0.0,0.0,0.0,0.0,0.0,0.0,痴呆,0.9425959091337544,0.0,0.0
S2,2027,depression,18103.994684491372,0.0,96472.99784941145,116660.73530607217,18103.994684491372,0.0,0.0,抑郁症,0.9425959091337544,17064.7513285808,0.0
S2,2027,hypertension,0.0,0.0,0.0,0.0,0.0,0.0,176237.34582926676,高血压,0.9425959091337544,0.0,0.0
S2,2027,type2_diabetes,7573.256054541528,133.8814107756985,2012.8952674872228,71553.971319533,5038.553675171139,2534.7023793703893,0.0,2型糖尿病,0.9425959091337544,7138.520175833281,126.19607010622914
S2,2028,dementia,0.0,0.0,0.0,0.0,0.0,0.0,0.0,痴呆,0.9151416593531596,0.0,0.0
S2,2028,depression,25924.616442551644,0.0,138351.56971525465,166743.55393542958,25924.616442551644,0.0,0.0,抑郁症,0.9151416593531596,23724.696509330915,0.0
S2,2028,hypertension,0.0,0.0,0.0,0.0,0.0,0.0,252355.73431839628,高血压,0.9151416593531596,0.0,0.0
S2,2028,type2_diabetes,16419.436803239307,295.1263299603947,4257.056953169611,153697.83164878908,10885.324763003917,5534.11204023539,0.0,2型糖尿病,0.9151416593531596,15026.110641760757,270.0823993187637
S2,2029,dementia,0.0,0.0,0.0,0.0,0.0,0.0,0.0,痴呆,0.8884870479156888,0.0,0.0
S2,2029,depression,34052.04265763132,0.0,182013.45478146218,218550.8083651763,34052.04265763132,0.0,0.0,抑郁症,0.8884870479156888,30254.798856377955,0.0
S2,2029,hypertension,0.0,0.0,0.0,0.0,0.0,0.0,331474.133710352,高血压,0.8884870479156888,0.0,0.0
S2,2029,type2_diabetes,28974.551454038672,526.2386491368701,7347.730055702134,269092.41045058676,19166.992478687716,9807.558975350954,0.0,2型糖尿病,0.8884870479156888,25743.51368608005,467.5562238707576
S2,2030,dementia,9681.14653333808,513.0637022998208,2881.2421660696173,16976.17684118816,3489.986675689058,6191.159857649021,0.0,痴呆,0.8626087843841639,8351.042042567724,442.57325655248695
S2,2030,depression,38611.45951605479,0.0,206718.94823295582,247248.21551893264,38611.45951605479,0.0,0.0,抑郁症,0.8626087843841639,33306.58415644238,0.0
S2,2030,hypertension,0.0,0.0,0.0,0.0,0.0,0.0,375813.8780654197,高血压,0.8626087843841639,0.0,0.0
S2,2030,type2_diabetes,33051.16336356019,603.9445154565215,8227.80093734439,304959.52160232584,21841.140669970817,11210.022693589373,0.0,2型糖尿病,0.8626087843841639,28510.223851523067,520.9678443134328
S2,2031,dementia,20107.192834389505,1067.4079656325914,5998.9581382159,35371.48236901036,7278.060185418108,12829.132648971397,0.0,痴呆,0.8374842566836542,16839.457444903594,893.9373666760224
S2,2031,depression,39374.49014169434,0.0,211170.6284119685,251522.57160948997,39374.49014169434,0.0,0.0,抑郁症,0.8374842566836542,32975.515608614754,0.0
S2,2031,hypertension,0.0,0.0,0.0,0.0,0.0,0.0,383044.4901358794,高血压,0.8374842566836542,0.0,0.0
S2,2031,type2_diabetes,33868.73027080207,621.7754983806094,8289.766201563669,310708.50397953513,22369.502976216172,11499.227294585897,0.0,2型糖尿病,0.8374842566836542,28364.52839566185,520.7271910853933
S2,2032,dementia,31693.438582578638,1690.220798613369,9465.11919738459,55874.68819058122,11509.47973175111,20183.958850827523,0.0,痴呆,0.8130915113433536,25769.665876776617,1374.3041836485143
S2,2032,depression,40185.60325162035,0.0,215943.46520191163,256087.45091830223,40185.60325162035,0.0,0.0,抑郁症,0.8130915113433536,32674.572882104374,0.0
S2,2032,hypertension,0.0,0.0,0.0,0.0,0.0,0.0,390389.331141123,高血压,0.8130915113433536,0.0,0.0
S2,2032,type2_diabetes,34759.12746549673,645.5424448924441,8348.205099183333,316720.8745880357,22912.83320569886,11846.294259797865,0.0,2型糖尿病,0.8130915113433536,28262.351483897004,524.885082153881
S2,2033,dementia,45382.31695602808,2441.834332030053,13536.365414886619,80049.26130788412,16513.56228858284,28868.75466744523,0.0,痴呆,0.7894092343139355,35825.22007965046,1927.6065703693241
S2,2033,depression,41053.47705006559,0.0,221073.28499844542,261080.04306635587,41053.47705006559,0.0,0.0,抑郁症,0.7894092343139355,32407.993884017,0.0
S2,2033,hypertension,0.0,0.0,0.0,0.0,0.0,0.0,398211.1435460441,高血压,0.7894092343139355,0.0,0.0
S2,2033,type2_diabetes,35814.71384124474,681.5122867313271,8379.902876744482,323257.40867247747,23491.901945941372,12322.811895303366,0.0,2型糖尿病,0.7894092343139355,28272.465830589717,537.9920924441162
S2,2034,dementia,61007.50676846664,3312.277215459171,18169.913113953364,107652.57638031285,22241.34089000532,38766.165878461325,0.0,痴呆,0.7664167323436267,46757.17398591989,2538.5846800884647
S2,2034,depression,41927.25991515958,0.0,226270.19872313787,266100.7999335574,41927.25991515958,0.0,0.0,抑郁症,0.7664167323436267,32133.75354029853,0.0
S2,2034,hypertension,0.0,0.0,0.0,0.0,0.0,0.0,406030.9090661197,高血压,0.7664167323436267,0.0,0.0
S2,2034,type2_diabetes,36901.23117026381,720.4838942522168,8396.033999100606,329821.3260776734,24073.321775224424,12827.90939503939,0.0,2型糖尿病,0.7664167323436267,28281.721012970374,552.1909119389951
S2,2035,dementia,77869.94502254209,4258.172417093318,23163.981563538604,137467.4321044486,28436.097703044798,49433.8473194973,0.0,痴呆,0.7440939148967249,57942.55224461608,3168.4801841402164
S2,2035,depression,42667.8767687958,0.0,230667.60222859698,270409.1981413249,42667.8767687958,0.0,0.0,抑郁症,0.7440939148967249,31748.907465224293,0.0
S2,2035,hypertension,0.0,0.0,0.0,0.0,0.0,0.0,413080.34900167637,高血压,0.7440939148967249,0.0,0.0
S2,2035,type2_diabetes,37881.12239995375,755.8497297514665,8407.207268405455,335688.88862137176,24593.112492769214,13288.009907184532,0.0,2型糖尿病,0.7440939148967249,28187.112667263606,562.4231844844003
S2,2036,dementia,95926.4597598665,5277.51908683709,28497.290677795077,169369.64274815744,35071.22856137498,60855.231198491514,0.0,痴呆,0.7224212765987621,69299.31551932254,3812.5920759871838
S2,2036,depression,43285.81672293257,0.0,234330.42725637095,274074.76587188756,43285.81672293257,0.0,0.0,抑郁症,0.7224212765987621,31270.59497560099,0.0
S2,2036,hypertension,0.0,0.0,0.0,0.0,0.0,0.0,419347.0031740088,高血压,0.7224212765987621,0.0,0.0
S2,2036,type2_diabetes,38768.742304941145,789.0244264293303,8406.765855090931,340883.2911137085,25050.295455989377,13718.446848951771,0.0,2型糖尿病,0.7224212765987621,28007.364308064018,570.0080334086829
S2,2037,dementia,114703.82231626048,6340.560097762167,34031.32828854594,202518.17685974203,41968.64111262677,72735.18120363369,0.0,痴呆,0.7013798801929729,80450.95315385483,4447.141281724774
S2,2037,depression,43797.303041458545,0.0,237348.81561073047,277170.312605546,43797.303041458545,0.0,0.0,抑郁症,0.7013798801929729,30718.547159993523,0.0
S2,2037,hypertension,0.0,0.0,0.0,0.0,0.0,0.0,424807.8146767244,高血压,0.7013798801929729,0.0,0.0
S2,2037,type2_diabetes,39548.08756402835,818.342122241118,8399.86377330668,345437.6822966752,25445.09935128298,14102.98821274537,0.0,2型糖尿病,0.7013798801929729,27738.232917519406,573.9686996543385
S2,2038,dementia,134631.92380804408,7475.523667536298,39874.63870516907,237560.27899998444,49263.073716818064,85368.85009122602,0.0,痴呆,0.6809513399931775,91677.78892294699,5090.467858559555
S2,2038,depression,44165.360577010535,0.0,239486.20234390543,279565.30674219964,44165.360577010535,0.0,0.0,抑郁症,0.6809513399931775,30074.46146619718,0.0
S2,2038,hypertension,0.0,0.0,0.0,0.0,0.0,0.0,429395.68256138347,高血压,0.6809513399931775,0.0,0.0
S2,2038,type2_diabetes,40255.45894547884,847.4485973416104,8367.497917190443,349323.45942318114,25776.54249439487,14478.916451083962,0.0,2型糖尿病,0.6809513399931775,27412.008710964157,577.0712579351083
S2,2039,dementia,155786.83748399766,8687.29121715919,46040.01654245051,274555.0448156495,56964.82273545546,98822.0147485422,0.0,痴呆,0.661117805818619,102993.45217284233,5743.3229079956445
S2,2039,depression,44384.57358413601,0.0,240696.46644886676,281255.67745840916,44384.57358413601,0.0,0.0,抑郁症,0.661117805818619,29343.431900139036,0.0
S2,2039,hypertension,0.0,0.0,0.0,0.0,0.0,0.0,433133.7115615611,高血压,0.661117805818619,0.0,0.0
S2,2039,type2_diabetes,40905.60582621793,876.9996023503154,8308.932175342432,352606.21633245226,26050.806487194146,14854.79933902378,0.0,2型糖尿病,0.661117805818619,27043.424369510514,579.8000528096419
S2,2040,dementia,161276.39571353834,9023.66098612986,47556.27290776079,283796.69276172755,58901.297662916186,102375.09805062218,0.0,痴呆,0.6418619473967174,103517.18142181533,5791.944613205095
S2,2040,depression,44449.41606755,0.0,240926.9167169853,282202.6625456422,44449.41606755,0.0,0.0,抑郁症,0.6418619473967174,28530.388757764587,0.0
S2,2040,hypertension,0.0,0.0,0.0,0.0,0.0,0.0,436063.2366995584,高血压,0.6418619473967174,0.0,0.0
S2,2040,type2_diabetes,41482.31060823344,904.0948658783675,8238.697358809191,355362.2545070176,26276.795260020022,15205.51534821342,0.0,2型糖尿病,0.6418619473967174,26625.916669516228,580.304091244063
S2,2041,dementia,166439.4529232353,9340.115060415132,48979.42436830712,292468.32118426025,60717.96031473592,105721.4926084994,0.0,痴呆,0.6231669392201139,103719.56444364278,5820.450914162587
S2,2041,depression,44482.01020500504,0.0,240944.54767762902,282984.6680373665,44482.01020500504,0.0,0.0,抑郁症,0.6231669392201139,27719.718149810862,0.0
S2,2041,hypertension,0.0,0.0,0.0,0.0,0.0,0.0,438594.44161641074,高血压,0.6231669392201139,0.0,0.0
S2,2041,type2_diabetes,42042.7031629417,929.7559604211413,8161.9134437634875,358069.8318380085,26500.642177400092,15542.060985541613,0.0,2型糖尿病,0.6231669392201139,26199.622646590182,579.3931760772999
S2,2042,dementia,170994.84221070775,9617.966083664935,50237.04776327561,300114.3664776084,62318.6083252989,108676.23388540884,0.0,痴呆,0.6050164458447708,103454.69169210979,5819.0276561945075
S2,2042,depression,44513.40456185754,0.0,240932.97472278622,283748.65568274015,44513.40456185754,0.0,0.0,抑郁症,0.6050164458447708,26931.341820465455,0.0
S2,2042,hypertension,0.0,0.0,0.0,0.0,0.0,0.0,440791.76925278956,高血压,0.6050164458447708,0.0,0.0
S2,2042,type2_diabetes,42574.705781925695,952.7069983207158,8082.843769837269,360782.83911357675,26724.353036722914,15850.352745202781,0.0,2型糖尿病,0.6050164458447708,25758.397175067497,576.4034020554394
S2,2043,dementia,175058.2579309308,9866.034773547643,51356.38353433796,306922.06214178895,63743.523546072814,111314.73438485799,0.0,痴呆,0.5873946076162823,102828.27672732902,5795.255624536614
S2,2043,depression,44519.118350310426,0.0,240777.3035697242,284329.2319319404,44519.118350310426,0.0,0.0,抑郁症,0.5873946076162823,26150.290054803423,0.0
S2,2043,hypertension,0.0,0.0,0.0,0.0,0.0,0.0,442566.1152526612,高血压,0.5873946076162823,0.0,0.0
S2,2043,type2_diabetes,43055.00909867461,973.2921568102797,8008.0198654720525,363201.9431465478,26926.0865446338,16128.922554040804,0.0,2型糖尿病,0.5873946076162823,25290.280175431435,571.7065645455793
S2,2044,dementia,178461.60827125388,10072.945720473554,52295.814626337,312632.3199095088,64937.8973424593,113523.71092879458,0.0,痴呆,0.5702860268119245,101774.16151947946,5744.460193221042
S2,2044,depression,44485.09989401929,0.0,240410.4962814572,284618.71668030997,44485.09989401929,0.0,0.0,抑郁症,0.5702860268119245,25369.230870891824,0.0
S2,2044,hypertension,0.0,0.0,0.0,0.0,0.0,0.0,443921.32085263345,高血压,0.5702860268119245,0.0,0.0
S2,2044,type2_diabetes,43461.232009972024,990.7161231350699,7937.583452668023,365153.45659083757,27093.957450726222,16367.274559245798,0.0,2型糖尿病,0.5702860268119245,24785.333323318177,564.9915615612124
S2,2045,dementia,180964.91170350078,10220.901391201838,52998.007580506935,316874.4162208268,65821.97717003015,115142.9345334706,0.0,痴呆,0.5536757541863345,100195.88396869923,5659.065286237834
S2,2045,depression,44411.89958661798,0.0,239821.4336062885,284628.83768242894,44411.89958661798,0.0,0.0,抑郁症,0.5536757541863345,24589.79199846847,0.0
S2,2045,hypertension,0.0,0.0,0.0,0.0,0.0,0.0,445025.09932339186,高血压,0.5536757541863345,0.0,0.0
S2,2045,type2_diabetes,43805.38671968394,1004.0998971308937,7874.278995538227,366793.69668610895,27243.533113402897,16561.853606281045,0.0,2型糖尿病,0.5536757541863345,24253.98052944505,555.9457678223685
S2,2046,dementia,182715.8772869484,10320.836251643821,53502.145012122564,319879.9285656289,66445.53763294154,116270.33965400686,0.0,痴呆,0.5375492759090627,98218.78753268826,5547.95805384714
S2,2046,depression,44278.50583012384,0.0,238915.01693777577,284211.75869180367,44278.50583012384,0.0,0.0,抑郁症,0.5375492759090627,23801.87874731828,0.0
S2,2046,hypertension,0.0,0.0,0.0,0.0,0.0,0.0,445668.0170868599,高血压,0.5375492759090627,0.0,0.0
S2,2046,type2_diabetes,44055.98699505445,1013.8062479644047,7808.51699200771,367803.74778466043,27348.992145887165,16706.994849167288,0.0,2型糖尿病,0.5375492759090627,23682.263908650602,544.9708145053494
S2,2047,dementia,183868.25353821868,10382.676214704836,53851.670271886964,321906.4876190135,66863.02330526605,117005.2302329526,0.0,痴呆,0.5218925008825851,95959.46267197416,5418.640855546439
S2,2047,depression,44089.05050764582,0.0,237720.2600233042,283393.92321553733,44089.05050764582,0.0,0.0,抑郁症,0.5218925008825851,23009.744830973887,0.0
S2,2047,hypertension,0.0,0.0,0.0,0.0,0.0,0.0,445913.52376975294,高血压,0.5218925008825851,0.0,0.0
S2,2047,type2_diabetes,44212.94191126017,1020.4572600386095,7730.276827965938,368160.32844556525,27406.70431264484,16806.237598615327,0.0,2型糖尿病,0.5218925008825851,23074.40282544403,532.5689914853403
S2,2048,dementia,184579.6207912144,10417.724969678471,54079.868626380776,323188.03508333815,67124.26061316387,117455.36017805053,0.0,痴呆,0.5066917484296942,93524.97078319037,5278.575279546068
S2,2048,depression,43857.863985133765,0.0,236301.3858533576,282285.9682134454,43857.863985133765,0.0,0.0,抑郁症,0.5066917484296942,22222.417785019145,0.0
S2,2048,hypertension,0.0,0.0,0.0,0.0,0.0,0.0,445791.1710424217,高血压,0.5066917484296942,0.0,0.0
S2,2048,type2_diabetes,44308.95325037003,1024.8939434843305,7653.968229661705,368103.6920800413,27434.22741452642,16874.72583584361,0.0,2型糖尿病,0.5066917484296942,22450.980993519574,519.3053041790796
S2,2049,dementia,185350.34113136074,10458.29766311592,54319.45349697101,324543.0571150733,67401.60724892982,117948.73388243093,0.0,痴呆,0.49193373633950893,91180.08584455284,5144.789445167369
S2,2049,depression,43597.54278937288,0.0,234725.14236997024,280995.1601453159,43597.54278937288,0.0,0.0,抑郁症,0.49193373633950893,21447.102119597817,0.0
S2,2049,hypertension,0.0,0.0,0.0,0.0,0.0,0.0,445411.90385837015,高血压,0.49193373633950893,0.0,0.0
S2,2049,type2_diabetes,44384.80714139637,1029.4810740301643,7577.819448857661,367815.24745941535,27444.36385517145,16940.443286224923,0.0,2型糖尿病,0.49193373633950893,21834.384013775634,506.4364712384693
S2,2050,dementia,186365.46761572553,10513.775289515092,54629.56684127866,326314.34588001244,67765.72573775423,118599.7418779713,0.0,痴呆,0.47760556926165915,89009.1852513239,5021.43763223802
S2,2050,depression,43302.08110445273,0.0,232958.22845375026,279502.7840898851,43302.08110445273,0.0,0.0,抑郁症,0.47760556926165915,20681.31509610668,0.0
S2,2050,hypertension,0.0,0.0,0.0,0.0,0.0,0.0,444975.595231375,高血压,0.47760556926165915,0.0,0.0
S2,2050,type2_diabetes,44460.9217918915,1035.2326902453342,7490.191818413897,367353.9571540851,27444.037028096696,17016.884763794802,0.0,2型糖尿病,0.47760556926165915,21234.78386231445,494.4328983429017
S3,2025,dementia,0.0,0.0,0.0,0.0,0.0,0.0,0.0,痴呆,1.0,0.0,0.0
S3,2025,depression,1407.1993196742092,0.0,7480.01501637164,9100.750005764441,1407.1993196742092,0.0,0.0,抑郁症,1.0,1407.1993196742092,0.0
S3,2025,hypertension,0.0,0.0,0.0,0.0,0.0,0.0,13746.62221473698,高血压,1.0,0.0,0.0
S3,2025,type2_diabetes,0.0,0.0,0.0,0.0,0.0,0.0,0.0,2型糖尿病,1.0,0.0,0.0
S3,2026,dementia,0.0,0.0,0.0,0.0,0.0,0.0,0.0,痴呆,0.970873786407767,0.0,0.0
S3,2026,depression,8660.394696750369,0.0,46088.74082250837,55908.52643106402,8660.394696750369,0.0,0.0,抑郁症,0.970873786407767,8408.150191019775,0.0
S3,2026,hypertension,0.0,0.0,0.0,0.0,0.0,0.0,84418.52784359627,高血压,0.970873786407767,0.0,0.0
S3,2026,type2_diabetes,1795.61175809032,31.22784562519005,488.06156550803627,17114.736606677867,1198.4828083422628,597.1289497480574,0.0,2型糖尿病,0.970873786407767,1743.3123864954564,30.318296723485485
S3,2027,dementia,0.0,0.0,0.0,0.0,0.0,0.0,0.0,痴呆,0.9425959091337544,0.0,0.0
S3,2027,depression,14784.92899233437,0.0,78786.28157701796,95272.93383329063,14784.92899233437,0.0,0.0,抑郁症,0.9425959091337544,13936.213585007417,0.0
S3,2027,hypertension,0.0,0.0,0.0,0.0,0.0,0.0,143927.16576057722,高血压,0.9425959091337544,0.0,0.0
S3,2027,type2_diabetes,6184.825777875667,109.3364854668281,1643.8644684478145,58435.74324428493,4114.81883472309,2070.006943152577,0.0,2型糖尿病,0.9425959091337544,5829.7914769305935,103.06012392009434
S3,2028,dementia,0.0,0.0,0.0,0.0,0.0,0.0,0.0,痴呆,0.9151416593531596,0.0,0.0
S3,2028,depression,21171.77009475085,0.0,112987.1152674598,136173.90238060305,21171.77009475085,0.0,0.0,抑郁症,0.9151416593531596,19375.168815953893,0.0
S3,2028,hypertension,0.0,0.0,0.0,0.0,0.0,0.0,206090.516360022,高血压,0.9151416593531596,0.0,0.0
S3,2028,type2_diabetes,13409.20672264545,241.01983613431725,3476.596511755333,125519.89584651234,8889.681889786601,4519.52483285885,0.0,2型糖尿病,0.9151416593531596,12271.3236907713,220.5672927769857
S3,2029,dementia,0.0,0.0,0.0,0.0,0.0,0.0,0.0,痴呆,0.8884870479156888,0.0,0.0
S3,2029,depression,27809.168170398523,0.0,148644.32140485878,178483.1601648911,27809.168170398523,0.0,0.0,抑郁症,0.8884870479156888,24708.08573270832,0.0
S3,2029,hypertension,0.0,0.0,0.0,0.0,0.0,0.0,270703.8758634372,高血压,0.8884870479156888,0.0,0.0
S3,2029,type2_diabetes,23662.550354132036,429.7615634617845,6000.646212156849,219758.80186798348,15653.04385759528,8009.506496536757,0.0,2型糖尿病,0.8884870479156888,21023.869510299108,381.83758282779183
S3,2030,dementia,8696.896635781875,460.9022258993292,2588.315879185826,15250.265529000415,3135.171363660613,5561.725272121261,0.0,痴呆,0.8626087843841639,7502.019434906528,397.57830880297564
S3,2030,depression,34685.96113192214,0.0,185702.52182926977,222111.3136078384,34685.96113192214,0.0,0.0,抑郁症,0.8626087843841639,29920.41476720371,0.0
S3,2030,hypertension,0.0,0.0,0.0,0.0,0.0,0.0,337606.1337954339,高血压,0.8626087843841639,0.0,0.0
S3,2030,type2_diabetes,29690.961754931603,542.5434897184491,7391.307842047548,273955.3035727551,19620.624701857065,10070.337053074534,0.0,2型糖尿病,0.8626087843841639,25611.684426618252,468.0027801415735
S3,2031,dementia,21347.13639251054,1133.2314568466204,6368.893890072648,37552.72378176659,7726.87389685235,13620.262495658186,0.0,痴呆,0.8374842566836542,17877.890654006274,949.0635042877265
S3,2031,depression,41802.5837004318,0.0,224192.81716403796,267033.1301920732,41802.5837004318,0.0,0.0,抑郁症,0.8374842566836542,35009.00573781237,0.0
S3,2031,hypertension,0.0,0.0,0.0,0.0,0.0,0.0,406665.5670275945,高血压,0.8374842566836542,0.0,0.0
S3,2031,type2_diabetes,35957.30197083408,660.1183207807255,8800.968450660042,329868.8617249342,23748.955659749077,12208.346311085003,0.0,2型糖尿病,0.8374842566836542,30113.674313393676,552.8387012023079
S3,2032,dementia,38824.462263658526,2070.520478301359,11594.771016796036,68446.49303346149,14099.11267139501,24725.349592263512,0.0,痴呆,0.8130915113433536,31567.84069905111,1683.5226249694153
S3,2032,depression,49227.36398323457,0.0,264530.7448723401,313707.12737491744,49227.36398323457,0.0,0.0,抑郁症,0.8130915113433536,40026.35178057757,0.0
S3,2032,hypertension,0.0,0.0,0.0,0.0,0.0,0.0,478226.9306478678,高血压,0.8130915113433536,0.0,0.0
S3,2032,type2_diabetes,42579.9311452339,790.7894949932511,10226.551246499772,387983.0713703488,28068.22067698143,14511.710468252475,0.0,2型糖尿病,0.8130915113433536,34621.38056777416,642.9842256385099
S3,2033,dementia,63005.783373951446,3390.079997635008,18792.98731766735,111135.0577824443,22926.32897731552,40079.454396635934,0.0,痴呆,0.7894092343139355,49737.3472105807,2676.16045519604
S3,2033,depression,56995.91063784137,0.0,306923.41067284346,362466.1264571259,56995.91063784137,0.0,0.0,抑郁症,0.7894092343139355,44993.09817564385,0.0
S3,2033,hypertension,0.0,0.0,0.0,0.0,0.0,0.0,552849.8042897715,高血压,0.7894092343139355,0.0,0.0
S3,2033,type2_diabetes,49722.76104959523,946.1662247453389,11634.09849388033,448789.0357069597,32614.59053494885,17108.170514646386,0.0,2型糖尿病,0.7894092343139355,39251.60672813575,746.912355009925
S3,2034,dementia,94663.31466906975,5139.550145987422,28193.64851515068,167040.9143501171,34511.14728099122,60152.16738807852,0.0,痴呆,0.7664167323436267,72551.54830148495,3939.0372286038896
S3,2034,depression,65057.131635022786,0.0,351095.9250187367,412899.74123023724,65057.131635022786,0.0,0.0,抑郁症,0.7664167323436267,49860.87424336335,0.0
S3,2034,hypertension,0.0,0.0,0.0,0.0,0.0,0.0,630024.6272342432,高血压,0.7664167323436267,0.0,0.0
S3,2034,type2_diabetes,57258.41036586027,1117.950842581379,13027.84608860457,511772.757630531,37353.77095455713,19904.63941130315,0.0,2型糖尿病,0.7664167323436267,43883.80377179307,856.8162316920248
S3,2035,dementia,120828.19802664773,6607.264200523312,35942.77805942502,213303.6321487418,44123.34493589237,76704.85309075536,0.0,痴呆,0.7440939148967249,89907.52689956504,4916.425085724371
S3,2035,depression,66206.32211958205,0.0,357919.2294580426,419584.9391159595,66206.32211958205,0.0,0.0,抑郁症,0.7440939148967249,49263.72141687344,0.0
S3,2035,hypertension,0.0,0.0,0.0,0.0,0.0,0.0,640963.0082009308,高血压,0.7440939148967249,0.0,0.0
S3,2035,type2_diabetes,58778.87492392803,1172.826830664335,13045.183278142564,520877.25884416315,38160.312884613624,20618.562039314413,0.0,2型糖尿病,0.7440939148967249,43737.00315537054,872.6933079249433
S3,2036,dementia,148845.8900607252,8188.950449742173,44218.29603504507,262805.22899755574,54418.85631773308,94427.03374299212,0.0,痴呆,0.7224212765987621,107529.4379141481,5915.872037906748
S3,2036,depression,67165.15894841812,0.0,363602.71295947465,425272.67837788624,67165.15894841812,0.0,0.0,抑郁症,0.7224212765987621,48521.53987047498,0.0
S3,2036,hypertension,0.0,0.0,0.0,0.0,0.0,0.0,650686.7665916502,高血压,0.7224212765987621,0.0,0.0
S3,2036,type2_diabetes,60156.165143168444,1224.3029016762096,13044.49835181632,528937.2400447826,38869.708449211066,21286.45669395738,0.0,2型糖尿病,0.7224212765987621,43458.0936180137,884.462465172496
S3,2037,dementia,177982.09762739931,9838.435751694407,52805.27772772763,314240.70442736946,65121.341459759846,112860.75616763945,0.0,痴呆,0.7013798801929729,124833.06231039934,6900.480888809685
S3,2037,depression,67958.81521932952,0.0,368286.2455559819,430075.9350596031,67958.81521932952,0.0,0.0,抑郁症,0.7013798801929729,47664.94567658973,0.0
S3,2037,hypertension,0.0,0.0,0.0,0.0,0.0,0.0,659160.1257733816,高血压,0.7013798801929729,0.0,0.0
S3,2037,type2_diabetes,61365.44920351649,1269.7941930107652,13033.788621580885,536004.1370303369,39482.31249340707,21883.136710109422,0.0,2型糖尿病,0.7013798801929729,43040.49141035036,890.6080989636232
S3,2038,dementia,208903.8684421475,11599.520890793763,61872.14772418713,368614.36624830775,76439.86938392902,132463.9990582185,0.0,痴呆,0.6809513399931775,142253.3691454388,7898.709293864868
S3,2038,depression,68529.91782866124,0.0,371602.7573036261,433792.167628312,68529.91782866124,0.0,0.0,抑郁症,0.6809513399931775,46665.539375049215,0.0
S3,2038,hypertension,0.0,0.0,0.0,0.0,0.0,0.0,666278.9674410787,高血压,0.6809513399931775,0.0,0.0
S3,2038,type2_diabetes,62463.053797066255,1314.9577402083482,12983.56760150707,542033.5678716248,39996.60177046845,22466.452026597803,0.0,2型糖尿病,0.6809513399931775,42534.3001831782,895.4222352292753
S3,2039,dementia,241729.2428293448,13479.780205292489,71438.75900170479,426017.911205631,88390.41661118488,153338.82621815993,0.0,痴呆,0.661117805818619,159811.50662153258,8911.722712240224
S3,2039,depression,68870.06334471727,0.0,373480.68377315596,436415.05952296214,68870.06334471727,0.0,0.0,抑郁症,0.661117805818619,45531.22516504878,0.0
S3,2039,hypertension,0.0,0.0,0.0,0.0,0.0,0.0,672079.1424397146,高血压,0.661117805818619,0.0,0.0
S3,2039,type2_diabetes,63471.86504034656,1360.8110496468632,12892.693092072903,547127.3123425106,40422.16806596201,23049.696974384548,0.0,2型糖尿病,0.661117805818619,41962.38014668943,899.656415276266
S3,2040,dementia,250247.20734884907,14001.713963478665,73791.48346187799,440357.8682686292,91395.18020696155,158852.02714188755,0.0,痴呆,0.6418619473967174,160624.1598395224,8987.167391490228
S3,2040,depression,68970.67726481467,0.0,373838.2657725199,437884.4647166522,68970.67726481467,0.0,0.0,抑郁症,0.6418619473967174,44269.65322246445,0.0
S3,2040,hypertension,0.0,0.0,0.0,0.0,0.0,0.0,676624.7889455094,高血压,0.6418619473967174,0.0,0.0
S3,2040,type2_diabetes,64366.71862710727,1402.8538668878896,12783.712068418818,551403.7649100443,40772.82731179682,23593.89131531045,0.0,2型糖尿病,0.6418619473967174,41314.54736553164,900.4385149136762
S3,2041,dementia,258258.55111922912,14492.745202077995,75999.7401448258,453813.34503759304,94214.0350883686,164044.51603086054,0.0,痴呆,0.6231669392201139,160938.19082839132,9031.399668475935
S3,2041,depression,69021.25250143243,0.0,373865.6231464523,439097.8765713112,69021.25250143243,0.0,0.0,抑郁症,0.6231669392201139,43011.76266245628,0.0
S3,2041,hypertension,0.0,0.0,0.0,0.0,0.0,0.0,680552.3752414939,高血压,0.6231669392201139,0.0,0.0
S3,2041,type2_diabetes,65236.261074496215,1442.6713319200921,12664.56902690623,555605.0224019648,41120.163111931535,24116.097962564683,0.0,2型糖尿病,0.6231669392201139,40653.08113995806,899.0250782132488
S3,2042,dementia,265326.99683029077,14923.877373153957,77951.15244601863,465677.45865110535,96697.7072514256,168629.28957886522,0.0,痴呆,0.6050164458447708,160527.19660892928,9029.1912465288
S3,2042,depression,69069.96607848191,0.0,373847.66577818803,440283.33073438285,69069.96607848191,0.0,0.0,抑郁症,0.6050164458447708,41788.465391422,0.0
S3,2042,hypertension,0.0,0.0,0.0,0.0,0.0,0.0,683961.8952906099,高血压,0.6050164458447708,0.0,0.0
S3,2042,type2_diabetes,66061.75180495302,1478.283692394264,12541.879249530706,559814.705357888,41467.2877953141,24594.464009638912,0.0,2型糖尿病,0.6050164458447708,39968.44628331205,894.385945522662
S3,2043,dementia,271632.06355617044,15308.797290288638,79687.9884507838,476240.73309002584,98908.70070232653,172723.36285384395,0.0,痴呆,0.5873946076162823,159555.2093885778,8992.3049774063
S3,2043,depression,69078.83197356467,0.0,373606.11603902024,441184.1915477254,69078.83197356467,0.0,0.0,抑郁症,0.5873946076162823,40576.53340170311,0.0
S3,2043,hypertension,0.0,0.0,0.0,0.0,0.0,0.0,686715.0888337458,高血压,0.5873946076162823,0.0,0.0
S3,2043,type2_diabetes,66807.0224514417,1510.2249966505694,12425.777491257342,563568.348449048,41780.31095508915,25026.711496352567,0.0,2型糖尿病,0.5873946076162823,39242.08473887676,887.0980193198624
S3,2044,dementia,276912.92883423856,15629.854109602016,81145.67236186902,485101.1497262714,100761.97070971964,176150.95812451898,0.0,痴呆,0.5702860268119245,157919.5739577311,8913.487399814965
S3,2044,depression,69026.04666888628,0.0,373036.95339672605,441633.37538227893,69026.04666888628,0.0,0.0,抑郁症,0.5702860268119245,39364.58990133364,0.0
S3,2044,hypertension,0.0,0.0,0.0,0.0,0.0,0.0,688817.916189704,高血压,0.5702860268119245,0.0,0.0
S3,2044,type2_diabetes,67437.34500213819,1537.2611843978682,12316.483657389752,566596.4468101042,42040.790644375884,25396.554357762307,0.0,2型糖尿病,0.5702860268119245,38458.57554001438,876.6785730224535
S3,2045,dementia,280797.2213266085,15859.431992015416,82235.24176242274,491683.4691693336,102133.7679088338,178663.4534177747,0.0,痴呆,0.5536757541863345,155470.61329143707,8780.982969146016
S3,2045,depression,68912.46419190193,0.0,372122.9244790893,441649.0798039002,68912.46419190193,0.0,0.0,抑郁症,0.5536757541863345,38155.160584290075,0.0
S3,2045,hypertension,0.0,0.0,0.0,0.0,0.0,0.0,690530.6124501651,高血压,0.5536757541863345,0.0,0.0
S3,2045,type2_diabetes,67971.35839337451,1558.0283403813876,12218.256241410014,569141.5526912668,42272.882214295845,25698.476179078654,0.0,2型糖尿病,0.5536757541863345,37634.09312152127,862.6425164043479
S3,2046,dementia,283514.13625692483,16014.497583801232,83017.49501047969,496347.0224910182,103101.32589378467,180412.8103631402,0.0,痴呆,0.5375492759090627,152402.81865489326,8608.581580219787
S3,2046,depression,68705.48154640853,0.0,370716.46794844716,441001.91223678004,68705.48154640853,0.0,0.0,抑郁症,0.5375492759090627,36932.58185625537,0.0
S3,2046,hypertension,0.0,0.0,0.0,0.0,0.0,0.0,691528.2065131465,高血压,0.5375492759090627,0.0,0.0
S3,2046,type2_diabetes,68360.2064873244,1573.0893614247186,12116.215532598493,570708.815312519,42436.51947970059,25923.687007623797,0.0,2型糖尿病,0.5375492759090627,36746.979498255234,845.6130471741072
S3,2047,dementia,285302.24007347925,16110.452593150909,83559.84170521413,499491.5666221867,103749.12449534153,181553.1155781377,0.0,痴呆,0.5218925008825851,148897.09957935178,8407.924394189857
S3,2047,depression,68411.51003769679,0.0,368862.60346949205,439732.9041894402,68411.51003769679,0.0,0.0,抑郁症,0.5218925008825851,35703.45406272765,0.0
S3,2047,hypertension,0.0,0.0,0.0,0.0,0.0,0.0,691909.1510494346,高血压,0.5218925008825851,0.0,0.0
S3,2047,type2_diabetes,68603.74819897024,1583.4095151598592,11994.812878060342,571262.1096380228,42526.06952511957,26077.678673850663,0.0,2型糖尿病,0.5218925008825851,35803.78171747972,826.3695517880604
S3,2048,dementia,286406.044927711,16164.836577951668,83913.92948527036,501480.1011043306,104154.47771809634,182251.56720961464,0.0,痴呆,0.5066917484296942,145119.57966525544,8190.5893087626055
S3,2048,depression,68052.78561693225,0.0,366660.9837157915,438013.7273445274,68052.78561693225,0.0,0.0,抑郁症,0.5066917484296942,34481.78492975455,0.0
S3,2048,hypertension,0.0,0.0,0.0,0.0,0.0,0.0,691719.3004008577,高血压,0.5066917484296942,0.0,0.0
S3,2048,type2_diabetes,68752.72579348902,1590.2937689731357,11876.407369691604,571174.2288775179,42568.77620487248,26183.949588616546,0.0,2型糖尿病,0.5066917484296942,34836.43884161029,805.7887303178463
S3,2049,dementia,287601.9459888381,16227.791873935443,84285.68534280288,503582.64362357307,104584.82724792653,183017.1187409116,0.0,痴呆,0.49193373633950893,141481.09986880276,7982.998289084983
S3,2049,depression,67648.85389484325,0.0,364215.1792440688,436010.82349214645,67648.85389484325,0.0,0.0,抑郁症,0.49193373633950893,33278.75345557578,0.0
S3,2049,hypertension,0.0,0.0,0.0,0.0,0.0,0.0,691130.804153603,高血压,0.49193373633950893,0.0,0.0
S3,2049,type2_diabetes,68870.42574773154,1597.4114665367545,11758.249844810658,570726.6589745132,42584.50458194001,26285.92116579154,0.0,2型糖尿病,0.49193373633950893,33879.685861374295,785.820591205
S3,2050,dementia,289177.08391707746,16313.87465756483,84766.87788205361,506331.09335717035,105149.81776975242,184027.2661473251,0.0,痴呆,0.47760556926165915,138112.58578164235,7791.597392689605
S3,2050,depression,67190.39584707549,0.0,361473.51781740075,433695.15331280296,67190.39584707549,0.0,0.0,抑郁症,0.47760556926165915,32090.507257458707,0.0
S3,2050,hypertension,0.0,0.0,0.0,0.0,0.0,0.0,690453.7986007141,高血压,0.47760556926165915,0.0,0.0
S3,2050,type2_diabetes,68988.5303137498,1606.3360576972923,11622.280971572081,570010.8901840756,42583.99745526233,26404.532858487466,0.0,2型糖尿病,0.47760556926165915,32949.3062930237,767.1950472620447
S4,2025,dementia,0.0,0.0,0.0,0.0,0.0,0.0,0.0,痴呆,1.0,0.0,0.0
S4,2025,depression,2871.8353462739424,0.0,15265.336768105797,18572.9591954376,2871.8353462739424,0.0,0.0,抑郁症,1.0,2871.8353462739424,0.0
S4,2025,hypertension,0.0,0.0,0.0,0.0,0.0,0.0,28054.33105048595,高血压,1.0,0.0,0.0
S4,2025,type2_diabetes,0.0,0.0,0.0,0.0,0.0,0.0,0.0,2型糖尿病,1.0,0.0,0.0
S4,2026,dementia,0.0,0.0,0.0,0.0,0.0,0.0,0.0,痴呆,0.970873786407767,0.0,0.0
S4,2026,depression,17674.27489132701,0.0,94058.65473981178,114099.03353278166,17674.27489132701,0.0,0.0,抑郁症,0.970873786407767,17159.49018575438,0.0
S4,2026,hypertension,0.0,0.0,0.0,0.0,0.0,0.0,172282.7098848542,高血压,0.970873786407767,0.0,0.0
S4,2026,type2_diabetes,3664.513792021129,63.73029719426863,996.044011240854,34928.03389117943,2445.883282331169,1218.63050968996,0.0,2型糖尿病,0.970873786407767,3557.780380603038,61.87407494589188
S4,2027,dementia,0.0,0.0,0.0,0.0,0.0,0.0,0.0,痴呆,0.9425959091337544,0.0,0.0
S4,2027,depression,30173.324474151552,0.0,160788.3297490154,194434.5588434484,30173.324474151552,0.0,0.0,抑郁症,0.9425959091337544,28441.252214300643,0.0
S4,2027,hypertension,0.0,0.0,0.0,0.0,0.0,0.0,293728.9097154449,高血压,0.9425959091337544,0.0,0.0
S4,2027,type2_diabetes,12622.093424236535,223.1356846261824,3354.825445812054,119256.6188658925,8397.589458618915,4224.5039656176195,0.0,2型糖尿病,0.9425959091337544,11897.533626389419,210.3267835103991
S4,2028,dementia,0.0,0.0,0.0,0.0,0.0,0.0,0.0,痴呆,0.9151416593531596,0.0,0.0
S4,2028,depression,43207.69407091961,0.0,230585.94952542556,277905.9232257174,43207.69407091961,0.0,0.0,抑郁症,0.9151416593531596,39541.160848885054,0.0
S4,2028,hypertension,0.0,0.0,0.0,0.0,0.0,0.0,420592.8905306707,高血压,0.9151416593531596,0.0,0.0
S4,2028,type2_diabetes,27365.728005398683,491.87721660065324,7095.094921949477,256163.05274798197,18142.20793833981,9223.520067058875,0.0,2型糖尿病,0.9151416593531596,25043.517736267782,450.13733219793534
S4,2029,dementia,0.0,0.0,0.0,0.0,0.0,0.0,0.0,痴呆,0.8884870479156888,0.0,0.0
S4,2029,depression,56753.40442938586,0.0,303355.7579691055,364251.3472752954,56753.40442938586,0.0,0.0,抑郁症,0.8884870479156888,50424.66476063022,0.0
S4,2029,hypertension,0.0,0.0,0.0,0.0,0.0,0.0,552456.8895172235,高血压,0.8884870479156888,0.0,0.0
S4,2029,type2_diabetes,48290.919090065756,877.0644152281477,12246.216759503704,448487.3507509875,31944.987464480295,16345.931625585463,0.0,2型糖尿病,0.8884870479156888,42905.8561434679,779.2603731179569
S4,2030,dementia,16135.244222230174,855.1061704997034,4802.07027678271,28293.62806864701,5816.6444594817785,10318.599762748396,0.0,痴呆,0.8626087843841639,13918.403404279574,737.6220942541466
S4,2030,depression,64352.43252675759,0.0,344531.5803882576,412080.3591982186,64352.43252675759,0.0,0.0,抑郁症,0.8626087843841639,55510.973594070296,0.0
S4,2030,hypertension,0.0,0.0,0.0,0.0,0.0,0.0,626356.4634423847,高血压,0.8626087843841639,0.0,0.0
S4,2030,type2_diabetes,55085.27227260075,1006.5741924275511,13713.001562240555,508265.8693372122,36401.90111661823,18683.37115598252,0.0,2型糖尿病,0.8626087843841639,47517.03975253882,868.2797405224013
S4,2031,dementia,33511.98805731598,1779.0132760543265,9998.263563693214,58952.470615017504,12130.10030903023,21381.887748285757,0.0,痴呆,0.8374842566836542,28065.762408172774,1489.8956111267103
S4,2031,depression,65624.15023615764,0.0,351951.0473532829,419204.2860158195,65624.15023615764,0.0,0.0,抑郁症,0.8374842566836542,54959.192681024935,0.0
S4,2031,hypertension,0.0,0.0,0.0,0.0,0.0,0.0,638407.4835597742,高血压,0.8374842566836542,0.0,0.0
S4,2031,type2_diabetes,56447.88378467032,1036.2924973010136,13816.277002606177,517847.5066325607,37282.50496036047,19165.378824309846,0.0,2型糖尿病,0.8374842566836542,47274.21399276992,867.8786518089871
S4,2032,dementia,52822.397637631,2817.0346643556095,15775.198662307635,93124.48031763529,19182.466219585163,33639.93141804583,0.0,痴呆,0.8130915113433536,42949.44312796098,2290.5069727475193
S4,2032,depression,66976.00541936677,0.0,359905.775336517,426812.4181971672,66976.00541936677,0.0,0.0,抑郁症,0.8130915113433536,54457.621470173566,0.0
S4,2032,hypertension,0.0,0.0,0.0,0.0,0.0,0.0,650648.8852352295,高血压,0.8130915113433536,0.0,0.0
S4,2032,type2_diabetes,57931.87910916157,1075.9040748207485,13913.675165305696,527868.1243133971,38188.0553428317,19743.823766329868,0.0,2型糖尿病,0.8130915113433536,47103.919139828635,874.808470256475
S4,2033,dementia,75637.19492671211,4069.723886716676,22560.60902481065,133415.4355131379,27522.603814304253,48114.591112407856,0.0,痴呆,0.7894092343139355,59708.70013274969,3212.677617282145
S4,2033,depression,68422.46175010994,0.0,368455.4749974124,435133.40511059714,68422.46175010994,0.0,0.0,抑郁症,0.7894092343139355,54013.32314002883,0.0
S4,2033,hypertension,0.0,0.0,0.0,0.0,0.0,0.0,663685.2392434094,高血压,0.7894092343139355,0.0,0.0
S4,2033,type2_diabetes,59691.18973540958,1135.8538112189217,13966.504794574288,538762.3477874749,39153.16990990324,20538.019825506337,0.0,2型糖尿病,0.7894092343139355,47120.77638431752,896.6534874068944
S4,2034,dementia,101679.1779474433,5520.4620257652205,30283.188523255278,179420.96063385287,37068.90148334181,64610.27646410148,0.0,痴呆,0.7664167323436267,77928.62330986564,4230.974466814058
S4,2034,depression,69878.76652526557,0.0,377116.99787189433,443501.33322259306,69878.76652526557,0.0,0.0,抑郁症,0.7664167323436267,53556.25590049725,0.0
S4,2034,hypertension,0.0,0.0,0.0,0.0,0.0,0.0,676718.1817768598,高血压,0.7664167323436267,0.0,0.0
S4,2034,type2_diabetes,61502.051950441266,1200.8064904204098,13993.389998501134,549702.2101294671,40122.202958708236,21379.848991733037,0.0,2型糖尿病,0.7664167323436267,47136.20168828517,920.318186565029
S4,2035,dementia,129783.24170423935,7096.954028488999,38606.63593923175,229112.38684075218,47393.49617174227,82389.7455324971,0.0,痴呆,0.7440939148967249,96570.92040769536,5280.800306900463
S4,2035,depression,71113.12794799323,0.0,384446.00371432933,450681.9969022097,71113.12794799323,0.0,0.0,抑郁症,0.7440939148967249,52914.845775373986,0.0
S4,2035,hypertension,0.0,0.0,0.0,0.0,0.0,0.0,688467.2483360915,高血压,0.7440939148967249,0.0,0.0
S4,2035,type2_diabetes,63135.20399992239,1259.7495495857354,14012.012114009305,559481.48103562,40988.52082128199,22146.683178640393,0.0,2型糖尿病,0.7440939148967249,46978.52111210562,937.3719741406358
S4,2036,dementia,159877.4329331109,8795.865144728497,47495.48446299181,282282.7379135956,58452.04760229155,101425.38533081932,0.0,痴呆,0.7224212765987621,115498.85919887094,6354.320126645316
S4,2036,depression,72143.0278715551,0.0,390550.71209395607,456791.27645315113,72143.0278715551,0.0,0.0,抑郁症,0.7224212765987621,52117.65829266891,0.0
S4,2036,hypertension,0.0,0.0,0.0,0.0,0.0,0.0,698911.6719566601,高血压,0.7224212765987621,0.0,0.0
S4,2036,type2_diabetes,64614.57050823663,1315.0407107155868,14011.276425151738,568138.8185228585,41750.49242664979,22864.078081586842,0.0,2型糖尿病,0.7224212765987621,46678.94051344103,950.0133890144976
S4,2037,dementia,191173.0371937669,10567.600162936918,56718.88048090974,337530.29476623575,69947.7351877111,121225.30200605582,0.0,痴呆,0.7013798801929729,134084.921923091,7411.9021362079375
S4,2037,depression,72995.50506909675,0.0,395581.3593512131,461950.5210092377,72995.50506909675,0.0,0.0,抑郁症,0.7013798801929729,51197.57859998862,0.0
S4,2037,hypertension,0.0,0.0,0.0,0.0,0.0,0.0,708013.0244612016,高血压,0.7013798801929729,0.0,0.0
S4,2037,type2_diabetes,65913.47927337876,1363.9035370684771,13999.772955510909,575729.4704944454,42408.49891880394,23504.980354574822,0.0,2型糖尿病,0.7013798801929729,46230.3881958644,956.6144994238605
S4,2038,dementia,224386.53968007228,12459.206112560416,66457.73117528146,395933.79833330546,82105.122861363,142281.41681870926,0.0,痴呆,0.6809513399931775,152796.31487157752,8484.113097599204
S4,2038,depression,73608.9342950173,0.0,399143.67057317455,465942.1779036637,73608.9342950173,0.0,0.0,抑郁症,0.6809513399931775,50124.10244366179,0.0
S4,2038,hypertension,0.0,0.0,0.0,0.0,0.0,0.0,715659.4709356253,高血压,0.6809513399931775,0.0,0.0
S4,2038,type2_diabetes,67092.43157579508,1412.4143289026063,13945.829861983773,582205.7657052804,42960.904157323086,24131.527418471993,0.0,2型糖尿病,0.6809513399931775,45686.681184938236,961.7854298917943
S4,2039,dementia,259644.72914000347,14478.818695265742,76733.3609040863,457591.7413594286,94941.3712257618,164703.35791424167,0.0,痴呆,0.661117805818619,171655.75362140874,9572.204846659688
S4,2039,depression,73974.28930689323,0.0,401160.7774147773,468759.4624306816,73974.28930689323,0.0,0.0,抑郁症,0.661117805818619,48905.71983356498,0.0
S4,2039,hypertension,0.0,0.0,0.0,0.0,0.0,0.0,721889.5192693289,高血压,0.661117805818619,0.0,0.0
S4,2039,type2_diabetes,68176.00971036208,1461.666003917162,13848.22029223727,587677.0272207455,43418.01081198959,24757.99889837249,0.0,2型糖尿病,0.661117805818619,45072.37394918344,966.3334213493831
S4,2040,dementia,268793.99285590486,15039.434976883544,79260.45484627018,472994.48793622584,98168.82943819644,170625.16341770848,0.0,痴呆,0.6418619473967174,172528.63570303045,9653.241022008777
S4,2040,depression,74082.36011258326,0.0,401544.861194975,470337.7709094035,74082.36011258326,0.0,0.0,抑郁症,0.6418619473967174,47550.6479296076,0.0
S4,2040,hypertension,0.0,0.0,0.0,0.0,0.0,0.0,726772.061165993,高血压,0.6418619473967174,0.0,0.0
S4,2040,type2_diabetes,69137.18434705459,1506.824776463915,13731.162264681865,592270.4241783544,43794.65876669937,25342.52558035521,0.0,2型糖尿病,0.6418619473967174,44376.527782526304,967.1734854067519
S4,2041,dementia,277399.08820540004,15566.858434025678,81632.37394718081,487447.2019737809,101196.60052456276,176202.4876808373,0.0,痴呆,0.6231669392201139,172865.94073940953,9700.751523604598
S4,2041,depression,74136.68367500835,0.0,401574.24612938135,471641.11339561094,74136.68367500835,0.0,0.0,抑郁症,0.6231669392201139,46199.530249684736,0.0
S4,2041,hypertension,0.0,0.0,0.0,0.0,0.0,0.0,730990.7360274154,高血压,0.6231669392201139,0.0,0.0
S4,2041,type2_diabetes,70071.17193823501,1549.593267368537,13603.189072939022,596783.0530633391,44167.73696233282,25903.43497590219,0.0,2型糖尿病,0.6231669392201139,43666.03774431625,965.6552934621468
S4,2042,dementia,284991.40368452104,16029.943472775365,83728.412938795,500190.61079602817,103864.34720883447,181127.05647568658,0.0,痴呆,0.6050164458447708,172424.48615352123,9698.379426991134
S4,2042,depression,74189.00760309587,0.0,401554.9578713101,472914.42613790045,74189.00760309587,0.0,0.0,抑郁症,0.6050164458447708,44885.56970077574,0.0
S4,2042,hypertension,0.0,0.0,0.0,0.0,0.0,0.0,734652.948754715,高血压,0.6050164458447708,0.0,0.0
S4,2042,type2_diabetes,70957.842969875,1587.8449972011604,13471.406283061984,601304.7318559526,44540.588394537524,26417.254575337458,0.0,2型糖尿病,0.6050164458447708,42930.661958445125,960.6723367590461
S4,2043,dementia,291763.7632182263,16443.39128924656,85593.97255723234,511536.7702363294,106239.20591012441,185524.55730810194,0.0,痴呆,0.5873946076162823,171380.46121221993,9658.759374227977
S4,2043,depression,74198.53058385069,0.0,401295.5059495402,473882.05321990105,74198.53058385069,0.0,0.0,抑郁症,0.5873946076162823,43583.8167580057,0.0
S4,2043,hypertension,0.0,0.0,0.0,0.0,0.0,0.0,737610.1920878363,高血压,0.5873946076162823,0.0,0.0
S4,2043,type2_diabetes,71758.34849778982,1622.1535946837662,13346.69977578662,605336.5719109045,44876.81090772233,26881.537590067488,0.0,2型糖尿病,0.5873946076162823,42150.466959051686,952.8442742426126
S4,2044,dementia,297436.0137854316,16788.242867456414,87159.69104389743,521053.86651586276,108229.82890410193,189206.18488132965,0.0,痴呆,0.5702860268119245,169623.60253247063,9574.100322035349
S4,2044,depression,74141.8331566988,0.0,400684.1604690952,474364.52780051704,74141.8331566988,0.0,0.0,抑郁症,0.5702860268119245,42282.05145148637,0.0
S4,2044,hypertension,0.0,0.0,0.0,0.0,0.0,0.0,739868.8680877917,高血压,0.5702860268119245,0.0,0.0
S4,2044,type2_diabetes,72435.3866832855,1651.1935385584159,13229.305754446565,608589.0943180539,45156.595751209694,27278.79093207581,0.0,2型糖尿病,0.5702860268119245,41308.88887219627,941.6526026020013
S4,2045,dementia,301608.1861725099,17034.835652003567,88330.0126341807,528124.0270347262,109703.29528338673,191904.89088912314,0.0,痴呆,0.5536757541863345,166993.1399478368,9431.775477063335
S4,2045,depression,74019.83264436331,0.0,399702.38934381405,474381.396137382,74019.83264436331,0.0,0.0,抑郁症,0.5536757541863345,40982.98666411412,0.0
S4,2045,hypertension,0.0,0.0,0.0,0.0,0.0,0.0,741708.4988723905,高血压,0.5536757541863345,0.0,0.0
S4,2045,type2_diabetes,73008.97786613868,1673.499828551455,13123.798325896902,611322.8278101729,45405.88852233748,27603.089343801214,0.0,2型糖尿病,0.5536757541863345,40423.30088240774,926.5762797039284
S4,2046,dementia,304526.4621449227,17201.39375274021,89170.24168687343,533133.2142760633,110742.56272157241,193783.8994233503,0.0,痴呆,0.5375492759090627,163697.97922115176,9246.596756412173
S4,2046,depression,73797.50971687307,0.0,398191.69489629293,473686.2644863399,73797.50971687307,0.0,0.0,抑郁症,0.5375492759090627,39669.79791219714,0.0
S4,2046,hypertension,0.0,0.0,0.0,0.0,0.0,0.0,742780.0284781713,高血压,0.5375492759090627,0.0,0.0
S4,2046,type2_diabetes,73426.6449917562,1689.67707994064,13014.194986679373,613006.2463077585,45581.65357647792,27844.99141527828,0.0,2型糖尿病,0.5375492759090627,39470.43984775035,908.2846908422304
S4,2047,dementia,306447.08923037315,17304.4603578419,89752.78378648078,536510.812698371,111438.3721754466,195008.71705492656,0.0,痴呆,0.5218925008825851,159932.43778662814,9031.068092577663
S4,2047,depression,73481.75084607638,0.0,396200.43337217363,472323.20535922947,73481.75084607638,0.0,0.0,抑郁症,0.5218925008825851,38349.57471828981,0.0
S4,2047,hypertension,0.0,0.0,0.0,0.0,0.0,0.0,743189.2062829924,高血压,0.5218925008825851,0.0,0.0
S4,2047,type2_diabetes,73688.23651876571,1700.7621000643142,12883.794713276418,613600.5474092665,45677.84052107403,28010.39599769167,0.0,2型糖尿病,0.5218925008825851,38457.338042406074,887.6149858088824
S4,2048,dementia,307632.7013186994,17362.874949464633,90133.11437730379,538646.7251389122,111873.76768860965,195758.93363008977,0.0,痴呆,0.5066917484296942,155874.9513053217,8797.625465910374
S4,2048,depression,73096.43997522295,0.0,393835.6430889293,470476.61368907616,73096.43997522295,0.0,0.0,抑郁症,0.5066917484296942,37037.36297503191,0.0
S4,2048,hypertension,0.0,0.0,0.0,0.0,0.0,0.0,742985.2850707729,高血压,0.5066917484296942,0.0,0.0
S4,2048,type2_diabetes,73848.25541728213,1708.1565724738487,12756.613716102695,613506.1534667263,45723.71235754332,28124.543059738804,0.0,2型糖尿病,0.5066917484296942,37418.30165586532,865.508840298448
S4,2049,dementia,308917.2352189434,17430.496105193713,90532.4224949542,540905.0951918041,112336.01208155292,196581.22313739048,0.0,痴呆,0.49193373633950893,151966.80974092576,8574.649075279201
S4,2049,depression,72662.57131562149,0.0,391208.5706166171,468325.2669088604,72662.57131562149,0.0,0.0,抑郁症,0.49193373633950893,35745.17019932971,0.0
S4,2049,hypertension,0.0,0.0,0.0,0.0,0.0,0.0,742353.1730973525,高血压,0.49193373633950893,0.0,0.0
S4,2049,type2_diabetes,73974.67856899268,1715.8017900502382,12629.699081429286,613025.4124323496,45740.60642528503,28234.07214370765,0.0,2型糖尿病,0.49193373633950893,36390.64002295877,844.0607853974313
S4,2050,dementia,310609.1126928847,17522.958815859005,91049.27806880031,543857.2431333694,112942.87622959362,197666.2364632911,0.0,痴呆,0.47760556926165915,148348.64208554404,8369.062720396949
S4,2050,depression,72170.13517408792,0.0,388263.71408958384,465837.9734831425,72170.13517408792,0.0,0.0,抑郁症,0.47760556926165915,34468.85849351115,0.0
S4,2050,hypertension,0.0,0.0,0.0,0.0,0.0,0.0,741625.9920523593,高血压,0.47760556926165915,0.0,0.0
S4,2050,type2_diabetes,74101.53631981787,1725.3878170755206,12483.653030689677,612256.595256799,45740.061713493764,28361.47460632411,0.0,2型糖尿病,0.47760556926165915,35391.30643719012,824.0548305714855
S5,2025,dementia,0.0,0.0,0.0,0.0,0.0,0.0,0.0,痴呆,1.0,0.0,0.0
S5,2025,depression,1378.4809662115206,0.0,7327.361648690885,8915.020413810314,1378.4809662115206,0.0,0.0,抑郁症,1.0,1378.4809662115206,0.0
S5,2025,hypertension,0.0,0.0,0.0,0.0,0.0,0.0,13466.07890422505,高血压,1.0,0.0,0.0
S5,2025,type2_diabetes,0.0,0.0,0.0,0.0,0.0,0.0,0.0,2型糖尿病,1.0,0.0,0.0
S5,2026,dementia,0.0,0.0,0.0,0.0,0.0,0.0,0.0,痴呆,0.970873786407767,0.0,0.0
S5,2026,depression,8483.651947836745,0.0,45148.15427510844,54767.53609573383,8483.651947836745,0.0,0.0,抑郁症,0.970873786407767,8236.555289161888,0.0
S5,2026,hypertension,0.0,0.0,0.0,0.0,0.0,0.0,82695.70074473723,高血压,0.970873786407767,0.0,0.0
S5,2026,type2_diabetes,1758.966620170328,30.590542653253493,478.10112539563295,16765.456267767633,1174.0239755190719,584.9426446512562,0.0,2型糖尿病,0.970873786407767,1707.734582689639,29.699555974032517
S5,2027,dementia,0.0,0.0,0.0,0.0,0.0,0.0,0.0,痴呆,0.9425959091337544,0.0,0.0
S5,2027,depression,14483.195747592785,0.0,77178.39827952746,93328.58824485567,14483.195747592785,0.0,0.0,抑郁症,0.9425959091337544,13651.801062864346,0.0
S5,2027,hypertension,0.0,0.0,0.0,0.0,0.0,0.0,140989.87666342026,高血压,0.9425959091337544,0.0,0.0
S5,2027,type2_diabetes,6058.6048436332185,107.10512862055762,1610.3162139897815,57243.17705562652,4030.8429401369185,2027.7619034963006,0.0,2型糖尿病,0.9425959091337544,5710.816140666621,100.9568560849822
S5,2028,dementia,0.0,0.0,0.0,0.0,0.0,0.0,0.0,痴呆,0.9151416593531596,0.0,0.0
S5,2028,depression,20739.693154041215,0.0,110681.25577220328,133394.84314834292,20739.693154041215,0.0,0.0,抑郁症,0.9151416593531596,18979.75720746464,0.0
S5,2028,hypertension,0.0,0.0,0.0,0.0,0.0,0.0,201884.58745471248,高血压,0.9151416593531596,0.0,0.0
S5,2028,type2_diabetes,13135.549442590858,236.1010639683014,3405.645562535647,122958.2653190269,8708.259810402793,4427.289632188064,0.0,2型糖尿病,0.9151416593531596,12020.888513408068,216.0659194549978
S5,2029,dementia,0.0,0.0,0.0,0.0,0.0,0.0,0.0,痴呆,0.8884870479156888,0.0,0.0
S5,2029,depression,27241.634126105157,0.0,145610.76382517032,174840.6466921415,27241.634126105157,0.0,0.0,抑郁症,0.8884870479156888,24203.839085102456,0.0
S5,2029,hypertension,0.0,0.0,0.0,0.0,0.0,0.0,265179.3069682811,高血压,0.8884870479156888,0.0,0.0
S5,2029,type2_diabetes,23179.64116323239,420.99091930953557,5878.1840445618545,215273.92836048003,15333.593982950992,7846.047180281398,0.0,2型糖尿病,0.8884870479156888,20594.810948865328,374.0449790966412
S5,2030,dementia,7744.917226670504,410.45096183985913,2304.993732855705,13580.941472950595,2791.989340551262,4952.9278861192415,0.0,痴呆,0.8626087843841639,6680.833634054213,354.0586052419917
S5,2030,depression,30889.167612843834,0.0,165375.15858636465,197798.5724151461,30889.167612843834,0.0,0.0,抑郁症,0.8626087843841639,26645.267325153905,0.0
S5,2030,hypertension,0.0,0.0,0.0,0.0,0.0,0.0,300651.10245235707,高血压,0.8626087843841639,0.0,0.0
S5,2030,type2_diabetes,26440.9306908481,483.1556123652106,6582.2407498755365,243967.61728186085,17472.912535976662,8968.018154871439,0.0,2型糖尿病,0.8626087843841639,22808.17908121841,416.7742754507406
S5,2031,dementia,16085.75426751182,853.9263725060854,4799.166510572782,28297.185895208644,5822.448148334563,10263.306119177256,0.0,痴呆,0.8374842566836542,13471.565955923055,715.1498933408282
S5,2031,depression,31499.592113354993,0.0,168936.50272957236,201218.0572875887,31499.592113354993,0.0,0.0,抑郁症,0.8374842566836542,26380.412486891404,0.0
S5,2031,hypertension,0.0,0.0,0.0,0.0,0.0,0.0,306435.5921086838,高血压,0.8374842566836542,0.0,0.0
S5,2031,type2_diabetes,27094.984216640973,497.42039870447127,6631.812961250781,248566.80318362225,17895.602380972527,9199.381835668446,0.0,2型糖尿病,0.8374842566836542,22691.62271652891,416.58175286830107
S5,2032,dementia,25354.75086606309,1352.1766388907067,7572.095357907722,44699.75055246528,9207.583785400955,16147.167080662137,0.0,痴呆,0.8130915113433536,20615.73270142144,1099.4433469188207
S5,2032,depression,32148.48260129616,0.0,172754.77216152867,204869.96073464098,32148.48260129616,0.0,0.0,抑郁症,0.8130915113433536,26139.658305683402,0.0
S5,2032,hypertension,0.0,0.0,0.0,0.0,0.0,0.0,312311.46491291345,高血压,0.8130915113433536,0.0,0.0
S5,2032,type2_diabetes,27807.301972396875,516.4339559139437,6678.564079346584,253376.69967042477,18330.266564558788,9477.035407838088,0.0,2型糖尿病,0.8130915113433536,22609.881187117193,419.9080657230953
S5,2033,dementia,36305.853564823294,1953.4674656240916,10829.092331909525,64039.409046308705,13210.849830866566,23095.00373395672,0.0,痴呆,0.7894092343139355,28660.17606372102,1542.0852562954983
S5,2033,depression,32842.78164005269,0.0,176858.62799875753,208864.0344530861,32842.78164005269,0.0,0.0,抑郁症,0.7894092343139355,25926.395107213775,0.0
S5,2033,hypertension,0.0,0.0,0.0,0.0,0.0,0.0,318568.91483685066,高血压,0.7894092343139355,0.0,0.0
S5,2033,type2_diabetes,28651.771072996766,545.2098293850881,6703.922301395731,258605.9269379896,18793.521556753658,9858.249516243108,0.0,2型糖尿病,0.7894092343139355,22617.97266447254,430.39367395531383
S5,2034,dementia,48806.00541477279,2649.821772367308,14535.93049116254,86122.06110424935,17793.072712004054,31012.932702768732,0.0,痴呆,0.7664167323436267,37405.73918873552,2030.8677440707495
S5,2034,depression,33541.80793212738,0.0,181016.15897850884,212880.63994684396,33541.80793212738,0.0,0.0,抑郁症,0.7664167323436267,25707.00283223861,0.0
S5,2034,hypertension,0.0,0.0,0.0,0.0,0.0,0.0,324824.7272528894,高血压,0.7664167323436267,0.0,0.0
S5,2034,type2_diabetes,29520.984936211724,576.3871154017929,6716.827199280606,263857.06086214393,19258.65742017992,10262.327516031804,0.0,2型糖尿病,0.7664167323436267,22625.376810376816,441.752729551211
S5,2035,dementia,62295.95601803414,3406.5379336746782,18531.185250831026,109973.94568355971,22748.878162436013,39547.07785559812,0.0,痴呆,0.7440939148967249,46354.041795693214,2534.784147312191
S5,2035,depression,34134.30141503709,0.0,184534.08178287983,216327.35851306285,34134.30141503709,0.0,0.0,抑郁症,0.7440939148967249,25399.125972179765,0.0
S5,2035,hypertension,0.0,0.0,0.0,0.0,0.0,0.0,330464.27920133114,高血压,0.7440939148967249,0.0,0.0
S5,2035,type2_diabetes,30304.897919963427,604.6797838011613,6725.765814724627,268551.1108971039,19674.489994215834,10630.407925747597,0.0,2型糖尿病,0.7440939148967249,22549.690133811204,449.9385475875114
S5,2036,dementia,76741.16780789214,4222.01526946961,22797.83254223578,135495.71419852413,28056.982849099586,48684.18495879255,0.0,痴呆,0.7224212765987621,55439.452415457265,3050.073660789702
S5,2036,depression,34628.65337834628,0.0,187464.34180509805,219259.81269751117,34628.65337834628,0.0,0.0,抑郁症,0.7224212765987621,25016.475980480955,0.0
S5,2036,hypertension,0.0,0.0,0.0,0.0,0.0,0.0,335477.60253919463,高血压,0.7224212765987621,0.0,0.0
S5,2036,type2_diabetes,31014.99384395322,631.2195411434711,6725.412684072853,272706.6328909691,20040.236364791683,10974.757479161537,0.0,2型糖尿病,0.7224212765987621,22405.89144645143,456.00642672695125
S5,2037,dementia,91763.05785300692,5072.448078209641,27225.062630836364,162014.54148779123,33574.912890100924,58188.14496290599,0.0,痴呆,0.7013798801929729,64360.762523082834,3557.7130253797536
S5,2037,depression,35037.84243316593,0.0,189879.05248857965,221736.2500844306,35037.84243316593,0.0,0.0,抑郁症,0.7013798801929729,24574.837727994185,0.0
S5,2037,hypertension,0.0,0.0,0.0,0.0,0.0,0.0,339846.2517413931,高血压,0.7013798801929729,0.0,0.0
S5,2037,type2_diabetes,31638.470051221808,654.673697792862,6719.8910186452995,276350.1458373342,20356.079481025947,11282.39057019586,0.0,2型糖尿病,0.7013798801929729,22190.586334014915,459.17495972344807
S5,2038,dementia,107705.53904643541,5980.418934029049,31899.710964135298,190048.2231999879,39410.45897345453,68295.08007298091,0.0,痴呆,0.6809513399931775,73342.23113835769,4072.3742868476506
S5,2038,depression,35332.28846160796,0.0,191588.96187512195,223652.24539375625,35332.28846160796,0.0,0.0,抑郁症,0.6809513399931775,24059.569172957425,0.0
S5,2038,hypertension,0.0,0.0,0.0,0.0,0.0,0.0,343516.54604912084,高血压,0.6809513399931775,0.0,0.0
S5,2038,type2_diabetes,32204.367156382843,677.9588778732855,6693.998333752301,279458.7675385433,20621.233995515744,11583.133160867099,0.0,2型糖尿病,0.6809513399931775,21929.60696877117,461.6570063480847
S5,2039,dementia,124629.46998720008,6949.832973727467,36832.01323396097,219644.03585252297,45571.85818836506,79057.61179883502,0.0,痴呆,0.661117805818619,82394.76173827515,4594.658326396591
S5,2039,depression,35507.65886730846,0.0,192557.17315909156,225004.54196672534,35507.65886730846,0.0,0.0,抑郁症,0.661117805818619,23474.745520111002,0.0
S5,2039,hypertension,0.0,0.0,0.0,0.0,0.0,0.0,346506.969249246,高血压,0.661117805818619,0.0,0.0
S5,2039,type2_diabetes,32724.484660974456,701.5996818802589,6647.145740273939,282084.9730659622,20840.645189755334,11883.839471219126,0.0,2型糖尿病,0.661117805818619,21634.739495608486,463.84004224771786
S5,2040,dementia,129021.11657083272,7218.928788904008,38045.01832620921,227037.35420938552,47121.03813033366,81900.07844049906,0.0,痴呆,0.6418619473967174,82813.74513745357,4633.555690564153
S5,2040,depression,35559.53285403967,0.0,192741.53337358646,225762.13003651187,35559.53285403967,0.0,0.0,抑郁症,0.6418619473967174,22824.311006211457,0.0
S5,2040,hypertension,0.0,0.0,0.0,0.0,0.0,0.0,348850.5893596435,高血压,0.6418619473967174,0.0,0.0
S5,2040,type2_diabetes,33185.84848658689,723.2758927027012,6590.957887047348,284289.80360561464,21021.436208016043,12164.412278570842,0.0,2型糖尿病,0.6418619473967174,21300.73333561307,464.24327299525504
S5,2041,dementia,133151.56233859033,7472.092048332229,39183.53949464629,233974.65694741183,48574.368251789485,84577.19408680085,0.0,痴呆,0.6231669392201139,82975.65155491553,4656.360731330146
S5,2041,depression,35585.60816400373,0.0,192755.63814210158,226387.73442989148,35585.60816400373,0.0,0.0,抑郁症,0.6231669392201139,22175.774519848503,0.0
S5,2041,hypertension,0.0,0.0,0.0,0.0,0.0,0.0,350875.553293125,高血压,0.6231669392201139,0.0,0.0
S5,2041,type2_diabetes,33634.16253035351,743.8047683369205,6529.5307550107855,286455.8654704074,21200.513741920106,12433.648788433404,0.0,2型糖尿病,0.6231669392201139,20959.698117272237,463.51454086184464
S5,2042,dementia,136795.87376856836,7694.372866932075,40189.6382106211,240091.49318209046,49854.88666023989,86940.9871083285,0.0,痴呆,0.6050164458447708,82763.75335368914,4655.222124955683
S5,2042,depression,35610.72364948575,0.0,192746.37977822742,226998.92454619054,35610.72364948575,0.0,0.0,抑郁症,0.6050164458447708,21545.073456372193,0.0
S5,2042,hypertension,0.0,0.0,0.0,0.0,0.0,0.0,352633.41540222784,高血压,0.6050164458447708,0.0,0.0
S5,2042,type2_diabetes,34059.764625540716,762.1655986565804,6466.275015869808,288626.2712908621,21379.482429378375,12680.282196162345,0.0,2型糖尿病,0.6050164458447708,20606.717740054093,461.12272164435626
S5,2043,dementia,140046.60634474686,7892.827818838246,41085.106827471005,245537.64971343498,50994.818836859034,89051.78750788784,0.0,痴呆,0.5873946076162823,82262.62138186453,4636.204499629368
S5,2043,depression,35615.29468024807,0.0,192621.84285577794,227463.38554555087,35615.29468024807,0.0,0.0,抑郁症,0.5873946076162823,20920.23204384258,0.0
S5,2043,hypertension,0.0,0.0,0.0,0.0,0.0,0.0,354052.8922021251,高血压,0.5873946076162823,0.0,0.0
S5,2043,type2_diabetes,34444.007278939855,778.6337254482319,6406.415892377633,290561.554517239,21540.869235707087,12903.138043232768,0.0,2型糖尿病,0.5873946076162823,20232.224140345246,457.3652516364682
S5,2044,dementia,142769.28661700536,8058.356576378976,41836.65170107025,250105.8559276109,51950.31787396824,90818.96874303713,0.0,痴呆,0.5702860268119245,81419.32921558486,4595.5681545769085
S5,2044,depression,35588.07991521519,0.0,192328.3970251644,227694.97334424665,35588.07991521519,0.0,0.0,抑郁症,0.5702860268119245,20295.38469671332,0.0
S5,2044,hypertension,0.0,0.0,0.0,0.0,0.0,0.0,355137.0566821029,高血压,0.5702860268119245,0.0,0.0
S5,2044,type2_diabetes,34768.9856079778,792.5728985080643,6350.066762134406,292122.7652726709,21675.16596058103,13093.81964739677,0.0,2型糖尿病,0.5702860268119245,19828.266658654644,451.99324924897473
S5,2045,dementia,144771.92936280294,8176.721112961606,42398.40606440621,253499.53297666542,52657.581736024935,92114.34762677798,0.0,痴呆,0.5536757541863345,80156.70717496067,4527.252228990342
S5,2045,depression,35529.51966929416,0.0,191857.1468850295,227703.07014594192,35529.51966929416,0.0,0.0,抑郁症,0.5536757541863345,19671.83359877465,0.0
S5,2045,hypertension,0.0,0.0,0.0,0.0,0.0,0.0,356020.0794587098,高血压,0.5536757541863345,0.0,0.0
S5,2045,type2_diabetes,35044.30937574734,803.2799177047236,6299.423196430566,293434.957348888,21794.826490722375,13249.482885024969,0.0,2型糖尿病,0.5536757541863345,19403.184423556144,444.75661425789957
S5,2046,dementia,146172.70182956106,8256.669001315193,42801.71600969872,255903.9428525071,53156.43010635406,93016.271723207,0.0,痴呆,0.5375492759090627,78575.03002615187,4438.366443077785
S5,2046,depression,35422.80466409885,0.0,191132.0135502194,227369.40695344174,35422.80466409885,0.0,0.0,抑郁症,0.5375492759090627,19041.502997854503,0.0
S5,2046,hypertension,0.0,0.0,0.0,0.0,0.0,0.0,356534.4136694842,高血压,0.5375492759090627,0.0,0.0
S5,2046,type2_diabetes,35244.78959604375,811.0449983715325,6246.813593606151,294242.9982277292,21879.193716709786,13365.595879333967,0.0,2型糖尿病,0.5375492759090627,18945.811126920584,435.9766516042842
S5,2047,dementia,147094.60283057726,8306.140971764009,43081.33621751025,257525.19009521478,53490.41864421367,93604.1841863636,0.0,痴呆,0.5218925008825851,76767.57013758055,4334.912684437224
S5,2047,depression,35271.240406116434,0.0,190176.20801864215,226715.1385724287,35271.240406116434,0.0,0.0,抑郁症,0.5218925008825851,18407.795864778993,0.0
S5,2047,hypertension,0.0,0.0,0.0,0.0,0.0,0.0,356730.8190157981,高血压,0.5218925008825851,0.0,0.0
S5,2047,type2_diabetes,35370.353529008324,816.3658080308963,6184.221462372731,294528.26275645295,21925.363450115925,13444.990078892399,0.0,2型糖尿病,0.5218925008825851,18459.522260355323,426.05519318827686
S5,2048,dementia,147663.69663297388,8334.179975742914,43263.89490110529,258550.42806667456,53699.40849053193,93964.28814244195,0.0,痴呆,0.5066917484296942,74819.97662655349,4222.860223636924
S5,2048,depression,35086.291188106785,0.0,189041.1086826848,225828.77457075508,35086.291188106785,0.0,0.0,抑郁症,0.5066917484296942,17777.9342280152,0.0
S5,2048,hypertension,0.0,0.0,0.0,0.0,0.0,0.0,356632.93683393253,高血压,0.5066917484296942,0.0,0.0
S5,2048,type2_diabetes,35447.16260029621,819.9151547874732,6123.174583729342,294482.95366403373,21947.381931621185,13499.780668675023,0.0,2型糖尿病,0.5066917484296942,17960.78479481575,415.44424334326817
S5,2049,dementia,148280.27290509097,8366.638130492875,43455.562797577484,259634.44569206273,53921.285799144694,94358.98710594629,0.0,痴呆,0.49193373633950893,72944.06867564344,4115.831556133964
S5,2049,depression,34878.034231498066,0.0,187780.1138959749,224796.1281162515,34878.034231498066,0.0,0.0,抑郁症,0.49193373633950893,17157.681695678137,0.0
S5,2049,hypertension,0.0,0.0,0.0,0.0,0.0,0.0,356329.5230866906,高血压,0.49193373633950893,0.0,0.0
S5,2049,type2_diabetes,35507.845713117276,823.5848592241405,6062.255559086106,294252.1979675329,21955.491084137204,13552.354628980072,0.0,2型糖尿病,0.49193373633950893,17467.5072110206,405.1491769907799
S5,2050,dementia,149092.3740925828,8411.020231612214,43703.653473023616,261051.47670401406,54212.58059020423,94879.79350237857,0.0,痴呆,0.47760556926165915,71207.34820106025,4017.150105790484
S5,2050,depression,34641.66488356195,0.0,186366.5827629989,223602.22727190683,34641.66488356195,0.0,0.0,抑郁症,0.47760556926165915,16545.052076885233,0.0
S5,2050,hypertension,0.0,0.0,0.0,0.0,0.0,0.0,355980.4761850935,高血压,0.47760556926165915,0.0,0.0
S5,2050,type2_diabetes,35568.73743351338,828.1861521962762,5992.153454731092,293883.16572326864,21955.229622477396,13613.50781103598,0.0,2型糖尿病,0.47760556926165915,16987.827089851642,395.54631867432556
S6,2025,dementia,0.0,0.0,0.0,0.0,0.0,0.0,0.0,痴呆,1.0,0.0,0.0
S6,2025,depression,3216.45558782661,0.0,17097.17718027738,20801.714298888804,3216.45558782661,0.0,0.0,抑郁症,1.0,3216.45558782661,0.0
S6,2025,hypertension,0.0,0.0,0.0,0.0,0.0,0.0,31420.850776535146,高血压,1.0,0.0,0.0
S6,2025,type2_diabetes,0.0,0.0,0.0,0.0,0.0,0.0,0.0,2型糖尿病,1.0,0.0,0.0
S6,2026,dementia,0.0,0.0,0.0,0.0,0.0,0.0,0.0,痴呆,0.970873786407767,0.0,0.0
S6,2026,depression,19795.187878285833,0.0,105345.69330858698,127790.91755671261,19795.187878285833,0.0,0.0,抑郁症,0.970873786407767,19218.6290080445,0.0
S6,2026,hypertension,0.0,0.0,0.0,0.0,0.0,0.0,192956.63507105754,高血压,0.970873786407767,0.0,0.0
S6,2026,type2_diabetes,4104.255447063607,71.37793285757958,1115.5692925897536,39119.39795812068,2739.389276210879,1364.8661708527275,0.0,2型糖尿病,0.970873786407767,3984.7140262753464,69.29896393939765
S6,2027,dementia,0.0,0.0,0.0,0.0,0.0,0.0,0.0,痴呆,0.9425959091337544,0.0,0.0
S6,2027,depression,33794.12341104977,0.0,180082.92931889725,217766.70590466275,33794.12341104977,0.0,0.0,抑郁症,0.9425959091337544,31854.20248001675,0.0
S6,2027,hypertension,0.0,0.0,0.0,0.0,0.0,0.0,328976.3788812844,高血压,0.9425959091337544,0.0,0.0
S6,2027,type2_diabetes,14136.744635144323,249.91196678131328,3757.404499309364,133567.41312979444,9405.300193652802,4731.4444414915215,0.0,2型糖尿病,0.9425959091337544,13325.237661555588,235.5659975316366
S6,2028,dementia,0.0,0.0,0.0,0.0,0.0,0.0,0.0,痴呆,0.9151416593531596,0.0,0.0
S6,2028,depression,48392.6173594298,0.0,258256.2634684757,311254.6340128024,48392.6173594298,0.0,0.0,抑郁症,0.9151416593531596,44286.1001507511,0.0
S6,2028,hypertension,0.0,0.0,0.0,0.0,0.0,0.0,471064.0373943407,高血压,0.9151416593531596,0.0,0.0
S6,2028,type2_diabetes,30649.615366046102,550.9024825927198,7946.506312583351,286902.61907773645,20319.27289094034,10330.342475105761,0.0,2型糖尿病,0.9151416593531596,28048.73986461953,504.1538120616767
S6,2029,dementia,0.0,0.0,0.0,0.0,0.0,0.0,0.0,痴呆,0.8884870479156888,0.0,0.0
S6,2029,depression,63563.812960912015,0.0,339758.44892539736,407961.50894833007,63563.812960912015,0.0,0.0,抑郁症,0.8884870479156888,56475.62453190571,0.0
S6,2029,hypertension,0.0,0.0,0.0,0.0,0.0,0.0,618751.7162593108,高血压,0.8884870479156888,0.0,0.0
S6,2029,type2_diabetes,54085.829380874384,982.3121450555448,13715.762770644347,502305.8328411131,35778.385960218395,18307.44342065599,0.0,2型糖尿病,0.8884870479156888,48054.55888068471,872.7716178921288
S6,2030,dementia,19878.62088178753,1053.4908020556318,5916.1505809962855,34857.74978057303,7166.105974081534,12712.514907705994,0.0,痴呆,0.8626087843841639,17147.4729940724,908.7504201211063
S6,2030,depression,79282.19687296553,0.0,424462.9070383344,507683.0025322063,79282.19687296553,0.0,0.0,抑郁症,0.8626087843841639,68389.51946789476,0.0
S6,2030,hypertension,0.0,0.0,0.0,0.0,0.0,0.0,771671.162961013,高血压,0.8626087843841639,0.0,0.0
S6,2030,type2_diabetes,67865.05543984381,1240.0994050707395,16894.417924680303,626183.5510234424,44847.14217567344,23017.913264170373,0.0,2型糖尿病,0.8626087843841639,58540.992975127556,1069.7206403235955
S6,2031,dementia,48793.45461145222,2590.243329935107,14557.471748737367,85834.79721546578,17661.426049948066,31132.028561504158,0.0,痴呆,0.8374842566836542,40863.75006629968,2169.288009800496
S6,2031,depression,95548.76274384515,0.0,512440.724946378,610361.4404390308,95548.76274384515,0.0,0.0,抑郁症,0.8374842566836542,80020.58454357198,0.0
S6,2031,hypertension,0.0,0.0,0.0,0.0,0.0,0.0,929521.2960630445,高血压,0.8374842566836542,0.0,0.0
S6,2031,type2_diabetes,82188.11879047973,1508.8418760702775,20116.49931579452,753985.9696570054,54283.32722228463,27904.791568195094,0.0,2型糖尿病,0.8374842566836542,68831.2555734728,1263.6313170338867
S6,2032,dementia,88741.62803122042,4732.618236117446,26502.333752676925,156449.12693362788,32226.543248903203,56515.08478231722,0.0,痴呆,0.8130915113433536,72155.06445497472,3848.05171421585
S6,2032,depression,112519.68910453659,0.0,604641.7025653507,717044.8625712438,112519.68910453659,0.0,0.0,抑郁症,0.8130915113433536,91488.80406989194,0.0
S6,2032,hypertension,0.0,0.0,0.0,0.0,0.0,0.0,1093090.127195173,高血压,0.8130915113433536,0.0,0.0
S6,2032,type2_diabetes,97325.55690339251,1807.5188456989085,23374.974277713467,886818.448846512,64155.93297595768,33169.62392743484,0.0,2型糖尿病,0.8130915113433536,79134.58415491297,1469.6782300309194
S6,2033,dementia,144013.21914046045,7748.754280308584,42955.39958323965,254022.98921701557,52403.0376624355,91610.18147802496,0.0,痴呆,0.7894092343139355,113685.3650527559,6116.93818330523
S6,2033,depression,130276.36717220873,0.0,701539.2243950702,828494.0033305731,130276.36717220873,0.0,0.0,抑郁症,0.7894092343139355,102841.36725861442,0.0
S6,2033,hypertension,0.0,0.0,0.0,0.0,0.0,0.0,1263656.695519466,高血压,0.7894092343139355,0.0,0.0
S6,2033,type2_diabetes,113652.02525621899,2162.6656565608,26592.22512886936,1025803.5101873463,74547.63550845532,39104.389747763664,0.0,2型糖尿病,0.7894092343139355,89717.95823573989,1707.2282400227057
S6,2034,dementia,216373.29067215888,11747.543190828363,64442.62517748712,381807.80422883807,78882.6223565512,137490.6683156077,0.0,痴呆,0.7664167323436267,165832.11040339374,9003.513665380297
S6,2034,depression,148702.01516576728,0.0,802504.9714714027,943770.837097692,148702.01516576728,0.0,0.0,抑郁症,0.7664167323436267,113967.71255625978,0.0
S6,2034,hypertension,0.0,0.0,0.0,0.0,0.0,0.0,1440056.2908211763,高血压,0.7664167323436267,0.0,0.0
S6,2034,type2_diabetes,130876.36655053872,2555.316211614603,29777.933916810514,1169766.3031555058,85380.04789613112,45496.3186544076,0.0,2型糖尿病,0.7664167323436267,100305.83719267062,1958.4371010103596
S6,2035,dementia,276178.738346622,15102.318172624626,82154.92127868538,487551.15919712174,100853.35985346779,175325.37849315422,0.0,痴呆,0.7440939148967249,205502.9186275762,11237.543053084211
S6,2035,depression,151328.7362733306,0.0,818101.0959040981,959051.2894079091,151328.7362733306,0.0,0.0,抑郁症,0.7440939148967249,112602.79180999659,0.0
S6,2035,hypertension,0.0,0.0,0.0,0.0,0.0,0.0,1465058.3044592221,高血压,0.7440939148967249,0.0,0.0
S6,2035,type2_diabetes,134351.71411183552,2680.7470415184607,29817.56177861181,1190576.5916438054,87223.5723076885,47128.14180414702,0.0,2型糖尿病,0.7440939148967249,99970.29292656126,1994.7275609712847
S6,2036,dementia,340219.1772816598,18717.601027982244,101070.3909372465,600697.6662801312,124385.95729767642,215833.2199839834,0.0,痴呆,0.7224212765987621,245781.57237519723,13521.993229501235
S6,2036,depression,153520.3633106692,0.0,831091.9153359383,972051.8362923053,153520.3633106692,0.0,0.0,抑郁症,0.7224212765987621,110906.37684679941,0.0
S6,2036,hypertension,0.0,0.0,0.0,0.0,0.0,0.0,1487284.0379237891,高血压,0.7224212765987621,0.0,0.0
S6,2036,type2_diabetes,137499.8060415282,2798.4066324027754,29815.996232723006,1208999.4058166484,88845.04788391122,48654.75815761698,0.0,2型糖尿病,0.7224212765987621,99332.78541260299,2021.6284918228557
S6,2037,dementia,406816.2231483401,22487.853146730013,120697.7776633771,718264.4672625567,148848.78047945062,257967.44266888953,0.0,痴呆,0.7013798801929729,285332.71385234053,15772.527745850666
S6,2037,depression,155334.43478703755,0.0,841797.1326993797,983030.7087076557,155334.43478703755,0.0,0.0,抑郁症,0.7013798801929729,108948.44726077556,0.0
S6,2037,hypertension,0.0,0.0,0.0,0.0,0.0,0.0,1506651.7160535026,高血压,0.7013798801929729,0.0,0.0
S6,2037,type2_diabetes,140263.88389375256,2902.3867268817785,29791.516849327647,1225152.3132122005,90245.28569921634,50018.59819453621,0.0,2型糖尿病,0.7013798801929729,98378.26608080123,2035.6756547740167
S6,2038,dementia,477494.5564391968,26513.190607528755,141422.05194099984,842547.122853279,174719.70144898148,302774.85499021533,0.0,痴呆,0.6809513399931775,325150.558046719,18054.19267169123
S6,2038,depression,156639.81217979625,0.0,849377.7309797124,991524.9545789924,156639.81217979625,0.0,0.0,抑郁症,0.6809513399931775,106664.0900001119,0.0
S6,2038,hypertension,0.0,0.0,0.0,0.0,0.0,0.0,1522923.3541510096,高血压,0.6809513399931775,0.0,0.0
S6,2038,type2_diabetes,142772.69439329332,3005.617691904773,29676.725946301747,1238933.8694208486,91420.80404678441,51351.890346508895,0.0,2型糖尿病,0.6809513399931775,97221.2575615495,2046.6793948097563
S6,2039,dementia,552523.9836099301,30810.926183525662,163288.5920038964,973755.2256128689,202035.2379684221,350488.745641508,0.0,痴呆,0.661117805818619,365283.44370635966,20369.651913691923
S6,2039,depression,157417.28764506843,0.0,853670.1343386441,997520.1360524879,157417.28764506843,0.0,0.0,抑郁症,0.661117805818619,104071.37180582604,0.0
S6,2039,hypertension,0.0,0.0,0.0,0.0,0.0,0.0,1536180.8970050514,高血压,0.661117805818619,0.0,0.0
S6,2039,type2_diabetes,145078.54866365218,3110.42525633577,29469.012781881087,1250576.713925759,92393.5270079148,52685.02165573739,0.0,2型糖尿病,0.661117805818619,95914.01176386347,2056.35752063152
S6,2040,dementia,571993.6167973685,32003.91763080834,168666.24791286374,1006532.2703282936,208903.26904448302,363090.3477528854,0.0,痴呆,0.6418619473967174,367140.9367760507,20542.09689483478
S6,2040,depression,157647.26231957675,0.0,854487.4646229045,1000878.7764952078,157647.26231957675,0.0,0.0,抑郁症,0.6418619473967174,101187.77879420469,0.0
S6,2040,hypertension,0.0,0.0,0.0,0.0,0.0,0.0,1546570.9461611514,高血压,0.6418619473967174,0.0,0.0
S6,2040,type2_diabetes,147123.9282905339,3206.523124315262,29219.91329924319,1260351.462651551,93195.03385553726,53928.89443499665,0.0,2型糖尿病,0.6418619473967174,94433.2511212171,2058.1451769456007
S6,2041,dementia,590305.2597010942,33126.27474760681,173713.69175960158,1037287.6458002107,215346.3659162706,374958.8937848237,0.0,痴呆,0.6231669392201139,367858.7218934653,20643.199242230687
S6,2041,depression,157762.86286041734,0.0,854549.9957633212,1003652.289305857,157762.86286041734,0.0,0.0,抑郁症,0.6231669392201139,98312.60037132885,0.0
S6,2041,hypertension,0.0,0.0,0.0,0.0,0.0,0.0,1555548.2862662575,高血压,0.6231669392201139,0.0,0.0
S6,2041,type2_diabetes,149111.45388456585,3297.5344729602994,28947.586347214423,1269954.3369187985,93988.94425584524,55122.509628720625,0.0,2型糖尿病,0.6231669392201139,92921.32831990607,2054.9144644874814
S6,2042,dementia,606461.7070406637,34111.71971006616,178174.0627337566,1064405.6197739532,221023.33086040083,385438.376180263,0.0,痴呆,0.6050164458447708,366919.3065346949,20638.15142063724
S6,2042,depression,157874.20817938758,0.0,854508.9503501457,1006361.8988214493,157874.20817938758,0.0,0.0,抑郁症,0.6050164458447708,95516.49232325051,0.0
S6,2042,hypertension,0.0,0.0,0.0,0.0,0.0,0.0,1563341.4749499508,高血压,0.6050164458447708,0.0,0.0
S6,2042,type2_diabetes,150998.28983989573,3378.934154044123,28667.15257035608,1279576.4693894803,94782.37210357684,56215.9177363189,0.0,2型糖尿病,0.6050164458447708,91356.44864757228,2044.3107326232823
S6,2043,dementia,620873.2881283887,34991.53666351686,182143.97360179125,1088550.2470629143,226077.03017674584,394796.2579516429,0.0,痴呆,0.5873946076162823,364697.6214596058,20553.839948357243
S6,2043,depression,157894.47308243386,0.0,853956.8366606194,1008421.0092519465,157894.47308243386,0.0,0.0,抑郁症,0.5873946076162823,92746.36206103588,0.0
S6,2043,hypertension,0.0,0.0,0.0,0.0,0.0,0.0,1569634.4887628327,高血压,0.5873946076162823,0.0,0.0
S6,2043,type2_diabetes,152701.7656032985,3451.942849487109,28401.777122874097,1288156.2250264175,95497.85361163408,57203.91199166441,0.0,2型糖尿病,0.5873946076162823,89696.19368886303,2027.6526155883116
S6,2044,dementia,632943.8373354017,35725.38082194744,185475.8225414146,1108802.6279457612,230313.07590793003,402630.76142747153,0.0,痴呆,0.5702860268119245,360959.0261890993,20373.68548529133
S6,2044,depression,157773.82095745468,0.0,852655.8934782324,1009447.7151594975,157773.82095745468,0.0,0.0,抑郁症,0.5702860268119245,89976.20548876277,0.0
S6,2044,hypertension,0.0,0.0,0.0,0.0,0.0,0.0,1574440.9512907371,高血压,0.5702860268119245,0.0,0.0
S6,2044,type2_diabetes,154142.50286203332,3513.739850052364,28151.962645462456,1295077.5927088317,96093.23575857519,58049.26710345812,0.0,2型糖尿病,0.5702860268119245,87905.31552003468,2003.83673833709
S6,2045,dementia,641822.2201751042,36250.13026746377,187966.26688553742,1123847.929529903,233448.61236304813,408373.6078120561,0.0,痴呆,0.5536757541863345,355361.4018089985,20070.818215190877
S6,2045,depression,157514.20386720475,0.0,850566.6845236344,1009483.6109803461,157514.20386720475,0.0,0.0,抑郁症,0.5536757541863345,87211.79562123463,0.0
S6,2045,hypertension,0.0,0.0,0.0,0.0,0.0,0.0,1578355.685600363,高血压,0.5536757541863345,0.0,0.0
S6,2045,type2_diabetes,155363.1048991449,3561.2076351575524,27927.442837508766,1300894.9775800603,96623.7307755351,58739.37412360978,0.0,2型糖尿病,0.5536757541863345,86020.78427776466,1971.7543232099906
S6,2046,dementia,648032.3114443987,36604.565905831354,189754.27430966755,1134507.479979468,235660.17347150727,412372.1379728915,0.0,痴呆,0.5375492759090627,348349.2997826127,19676.757897645206
S6,2046,depression,157041.10067750554,0.0,847351.9267393094,1008004.3708269286,157041.10067750554,0.0,0.0,抑郁症,0.5375492759090627,84417.3299571553,0.0
S6,2046,hypertension,0.0,0.0,0.0,0.0,0.0,0.0,1580635.9006014643,高血压,0.5375492759090627,0.0,0.0
S6,2046,type2_diabetes,156251.90054245893,3595.632826113738,27694.20693165386,1304477.2921429225,96997.75881074596,59254.14173171298,0.0,2型糖尿病,0.5375492759090627,83993.09599601367,1932.8298221122964
S6,2047,dementia,652119.4058822374,36823.89164148776,190993.923897632,1141695.009422139,237140.85598935158,414978.54989288584,0.0,痴呆,0.5218925008825851,340336.22760994645,19218.11290100537
S6,2047,depression,156369.1658004502,0.0,843114.5222159837,1005103.7810044377,156369.1658004502,0.0,0.0,抑郁症,0.5218925008825851,81607.89500052056,0.0
S6,2047,hypertension,0.0,0.0,0.0,0.0,0.0,0.0,1581506.6309701242,高血压,0.5218925008825851,0.0,0.0
S6,2047,type2_diabetes,156808.56731193518,3619.221748936917,27416.71514985237,1305741.9648869315,97202.4446288465,59606.12268308868,0.0,2型糖尿病,0.5218925008825851,81837.21535424104,1888.844689801331
S6,2048,dementia,654642.3884061957,36948.19789246092,191803.2673949034,1146240.2310956107,238067.37764136255,416575.0107648332,0.0,痴呆,0.5066917484296942,331701.8963777263,18721.34699145737
S6,2048,depression,155549.2242672741,0.0,838082.2484932397,1001174.2339303514,155549.2242672741,0.0,0.0,抑郁症,0.5066917484296942,78815.50841086774,0.0
S6,2048,hypertension,0.0,0.0,0.0,0.0,0.0,0.0,1581072.6866305214,高血压,0.5066917484296942,0.0,0.0
S6,2048,type2_diabetes,157149.08752797812,3634.9571862244075,27146.073987866683,1305541.0945772063,97300.05989685314,59849.02763112498,0.0,2型糖尿病,0.5066917484296942,79626.14592368228,1841.8028121551267
S6,2049,dementia,657375.8765459149,37092.09571185241,192652.9950692635,1151046.0425681649,239051.03370954582,418324.84283636906,0.0,痴呆,0.49193373633950893,323385.3711286917,18246.853232194233
S6,2049,depression,154625.95175964216,0.0,832491.8382721595,996596.1679820525,154625.95175964216,0.0,0.0,抑郁症,0.49193373633950893,76065.72218417344,0.0
S6,2049,hypertension,0.0,0.0,0.0,0.0,0.0,0.0,1579727.5523510838,高血压,0.49193373633950893,0.0,0.0
S6,2049,type2_diabetes,157418.1159948182,3651.226209226965,26875.99964528167,1304518.0776560525,97336.0104730075,60082.10552181069,0.0,2型糖尿病,0.49193373633950893,77439.28196885712,1796.1613513257623
S6,2050,dementia,660976.191810462,37288.85636014816,193752.863730408,1157328.2133878157,240342.4406165764,420633.75119388563,0.0,痴呆,0.47760556926165915,315685.9103580393,17809.3654690048
S6,2050,depression,153578.04765045876,0.0,826225.1835826326,991303.2075721247,153578.04765045876,0.0,0.0,抑郁症,0.47760556926165915,73349.73087419156,0.0
S6,2050,hypertension,0.0,0.0,0.0,0.0,0.0,0.0,1578180.1110873388,高血压,0.47760556926165915,0.0,0.0
S6,2050,type2_diabetes,157688.06928857422,3671.6252747367657,26565.213649307778,1302882.034706481,97334.85132631568,60353.217962258524,0.0,2型糖尿病,0.47760556926165915,75312.70009834143,1753.5886794561486
S7,2025,dementia,0.0,0.0,0.0,0.0,0.0,0.0,0.0,痴呆,1.0,0.0,0.0
S7,2025,depression,8615.506038821644,0.0,45796.010304316325,55718.87758631185,8615.506038821644,0.0,0.0,抑郁症,1.0,8615.506038821644,0.0
S7,2025,hypertension,0.0,0.0,0.0,0.0,0.0,0.0,84162.99315142218,高血压,1.0,0.0,0.0
S7,2025,type2_diabetes,0.0,0.0,0.0,0.0,0.0,0.0,0.0,2型糖尿病,1.0,0.0,0.0
S7,2026,dementia,0.0,0.0,0.0,0.0,0.0,0.0,0.0,痴呆,0.970873786407767,0.0,0.0
S7,2026,depression,53022.824673981166,0.0,282175.96421943593,342297.100598346,53022.824673981166,0.0,0.0,抑郁症,0.970873786407767,51478.47055726327,0.0
S7,2026,hypertension,0.0,0.0,0.0,0.0,0.0,0.0,516848.12965459435,高血压,0.970873786407767,0.0,0.0
S7,2026,type2_diabetes,10993.541376063407,191.19089158280832,2988.132033722521,104784.10167353824,7337.649846993501,3655.891529069905,0.0,2型糖尿病,0.970873786407767,10673.341141809133,185.62222483767798
S7,2027,dementia,0.0,0.0,0.0,0.0,0.0,0.0,0.0,痴呆,0.9425959091337544,0.0,0.0
S7,2027,depression,90519.97342245428,0.0,482364.9892470441,583303.6765303428,90519.97342245428,0.0,0.0,抑郁症,0.9425959091337544,85323.75664290157,0.0
S7,2027,hypertension,0.0,0.0,0.0,0.0,0.0,0.0,881186.7291462973,高血压,0.9425959091337544,0.0,0.0
S7,2027,type2_diabetes,37866.28027270785,669.4070538785055,10064.47633743586,357769.8565976636,25192.76837585571,12673.511896852146,0.0,2型糖尿病,0.9425959091337544,35692.6008791666,630.980350531158
S7,2028,dementia,0.0,0.0,0.0,0.0,0.0,0.0,0.0,痴呆,0.9151416593531596,0.0,0.0
S7,2028,depression,129623.08221275917,0.0,691757.848576278,833717.7696771547,129623.08221275917,0.0,0.0,抑郁症,0.9151416593531596,118623.48254665545,0.0
S7,2028,hypertension,0.0,0.0,0.0,0.0,0.0,0.0,1261778.6715920435,高血压,0.9151416593531596,0.0,0.0
S7,2028,type2_diabetes,82097.18401619571,1475.631649801948,21285.284765848388,768489.1582439437,54426.62381501925,27670.56020117645,0.0,2型糖尿病,0.9151416593531596,75130.55320880303,1350.4119965937953
S7,2029,dementia,0.0,0.0,0.0,0.0,0.0,0.0,0.0,痴呆,0.8884870479156888,0.0,0.0
S7,2029,depression,170260.21328815713,0.0,910067.273907314,1092754.0418258838,170260.21328815713,0.0,0.0,抑郁症,0.8884870479156888,151273.99428189025,0.0
S7,2029,hypertension,0.0,0.0,0.0,0.0,0.0,0.0,1657370.6685517428,高血压,0.8884870479156888,0.0,0.0
S7,2029,type2_diabetes,144872.757270199,2631.193245684498,36738.650278511326,1345462.0522529772,95834.96239344186,49037.79487675714,0.0,2型糖尿病,0.8884870479156888,128717.56843040526,2337.781119353919
S7,2030,dementia,48405.73266669062,2565.3185114991156,14406.210830348162,84880.8842059412,17449.93337844537,30955.79928824525,0.0,痴呆,0.8626087843841639,41755.21021283881,2212.866282762445
S7,2030,depression,193057.29758027356,0.0,1033594.7411647771,1236241.077594661,193057.29758027356,0.0,0.0,抑郁症,0.8626087843841639,166532.92078221156,0.0
S7,2030,hypertension,0.0,0.0,0.0,0.0,0.0,0.0,1879069.3903271044,高血压,0.8626087843841639,0.0,0.0
S7,2030,type2_diabetes,165255.8168178021,3019.7225772826523,41139.00468672172,1524797.608011635,109205.70334985456,56050.113467947514,0.0,2型糖尿病,0.8626087843841639,142551.11925761632,2604.839221567203
S7,2031,dementia,100535.96417194889,5337.039828163031,29994.790691079903,176857.4118450541,36390.300927091026,64145.66324485786,0.0,痴呆,0.8374842566836542,84197.28722451911,4469.686833380174
S7,2031,depression,196872.450708472,0.0,1055853.1420598438,1257612.8580474525,196872.450708472,0.0,0.0,抑郁症,0.8374842566836542,164877.57804307403,0.0
S7,2031,hypertension,0.0,0.0,0.0,0.0,0.0,0.0,1915222.4506793846,高血压,0.8374842566836542,0.0,0.0
S7,2031,type2_diabetes,169343.6513540123,3108.877491903088,41448.831007818604,1553542.5198976917,111847.51488108213,57496.13647293021,0.0,2型糖尿病,0.8374842566836542,141822.6419783109,2603.6359554270007
S7,2032,dementia,158467.19291289191,8451.103993066768,47325.595986922606,279373.440952904,57547.398658755104,100919.7942541368,0.0,痴呆,0.8130915113433536,128848.32938388205,6871.520918242509
S7,2032,depression,200928.01625810086,0.0,1079717.3260095539,1280437.2545915057,200928.01625810086,0.0,0.0,抑郁症,0.8130915113433536,163372.86441052114,0.0
S7,2032,hypertension,0.0,0.0,0.0,0.0,0.0,0.0,1951946.6557056948,高血压,0.8130915113433536,0.0,0.0
S7,2032,type2_diabetes,173795.6373274844,3227.712224462267,41741.02549591679,1583604.372940185,114564.16602849467,59231.47129898973,0.0,2型糖尿病,0.8130915113433536,141311.75741948566,2624.4254107694424
S7,2033,dementia,226911.58478013822,12209.171660150132,67681.8270744325,400246.30653941695,82567.8114429134,144343.7733372248,0.0,痴呆,0.7894092343139355,179126.10039825056,9638.032851846516
S7,2033,depression,205267.38525032985,0.0,1105366.4249922372,1305400.2153317924,205267.38525032985,0.0,0.0,抑郁症,0.7894092343139355,162039.9694200865,0.0
S7,2033,hypertension,0.0,0.0,0.0,0.0,0.0,0.0,1991055.717730256,高血压,0.7894092343139355,0.0,0.0
S7,2033,type2_diabetes,179073.56920622755,3407.5614336567305,41899.51438372275,1616287.043362416,117459.50972970907,61614.05947651847,0.0,2型糖尿病,0.7894092343139355,141362.32915295163,2689.960462220656
S7,2034,dementia,305037.53384233,16561.38607729567,90849.56556976587,538262.8819015587,111206.70445002543,193830.82939230453,0.0,痴呆,0.7664167323436267,233785.869929597,12692.923400442181
S7,2034,depression,209636.29957580025,0.0,1131350.993615702,1330503.999667802,209636.29957580025,0.0,0.0,抑郁症,0.7664167323436267,160668.76770149445,0.0
S7,2034,hypertension,0.0,0.0,0.0,0.0,0.0,0.0,2030154.54533059,高血压,0.7664167323436267,0.0,0.0
S7,2034,type2_diabetes,184506.15585132292,3602.419471261168,41980.169995503486,1649106.6303883982,120366.60887612448,64139.546975198435,0.0,2型糖尿病,0.7664167323436267,141408.60506485484,2760.9545596950397
S7,2035,dementia,389349.72511272214,21290.862085467234,115819.90781769642,687337.1605222635,142180.48851522827,247169.23659749387,0.0,痴呆,0.7440939148967249,289712.7612230891,15842.400920701564
S7,2035,depression,213339.38384398192,0.0,1153338.011143,1352045.9907066438,213339.38384398192,0.0,0.0,抑郁症,0.7440939148967249,158744.53732612362,0.0
S7,2035,hypertension,0.0,0.0,0.0,0.0,0.0,0.0,2065401.745008309,高血压,0.7440939148967249,0.0,0.0
S7,2035,type2_diabetes,189405.61199976807,3779.2486487572423,42036.03634202776,1678444.4431068664,122965.5624638464,66440.04953592166,0.0,2型糖尿病,0.7440939148967249,140935.56333631751,2812.115922421934
S7,2036,dementia,479632.29879933293,26387.595434185518,142486.45338897547,846848.2137407872,175356.14280687482,304276.1559924581,0.0,痴呆,0.7224212765987621,346496.57759661303,19062.96037993597
S7,2036,depression,216429.08361466578,0.0,1171652.1362818708,1370373.829359457,216429.08361466578,0.0,0.0,抑郁症,0.7224212765987621,156352.97487800708,0.0
S7,2036,hypertension,0.0,0.0,0.0,0.0,0.0,0.0,2096735.0158700016,高血压,0.7224212765987621,0.0,0.0
S7,2036,type2_diabetes,193843.7115247119,3945.122132146811,42033.82927545539,1704416.45556859,125251.47727995056,68592.23424476135,0.0,2型糖尿病,0.7224212765987621,140036.82154032454,2850.0401670435294
S7,2037,dementia,573519.1115813062,31702.80048881108,170156.6414427308,1012590.8842987163,209843.20556313507,363675.9060181711,0.0,痴呆,0.7013798801929729,402254.7657692768,22235.70640862404
S7,2037,depression,218986.51520728975,0.0,1186744.0780536367,1385851.5630277093,218986.51520728975,0.0,0.0,抑郁症,0.7013798801929729,153592.73579996554,0.0
S7,2037,hypertension,0.0,0.0,0.0,0.0,0.0,0.0,2124039.0733836656,高血压,0.7013798801929729,0.0,0.0
S7,2037,type2_diabetes,197740.43782013803,4091.7106112054666,41999.31886653325,1727188.4114833507,127225.49675641293,70514.9410637251,0.0,2型糖尿病,0.7013798801929729,138691.16458759442,2869.843498271606
S7,2038,dementia,673159.6190402204,37377.61833768147,199373.19352584542,1187801.3949999223,246315.3685840902,426844.25045613025,0.0,痴呆,0.6809513399931775,458388.94461473497,25452.339292797762
S7,2038,depression,220826.8028850508,0.0,1197431.0117195179,1397826.5337109836,220826.8028850508,0.0,0.0,抑郁症,0.6809513399931775,150372.30733098462,0.0
S7,2038,hypertension,0.0,0.0,0.0,0.0,0.0,0.0,2146978.4128068946,高血压,0.6809513399931775,0.0,0.0
S7,2038,type2_diabetes,201277.29472738775,4237.242986707872,41837.48958595166,1746617.2971158624,128882.71247197085,72394.58225541691,0.0,2型糖尿病,0.6809513399931775,137060.0435548164,2885.356289675419
S7,2039,dementia,778934.1874200146,43436.45608579747,230200.08271226007,1372775.2240782932,284824.1136772869,494110.0737427277,0.0,痴呆,0.661117805818619,514967.260864229,28716.614539979226
S7,2039,depression,221922.86792067997,0.0,1203482.3322443333,1406278.387292046,221922.86792067997,0.0,0.0,抑郁症,0.661117805818619,146717.15950069512,0.0
S7,2039,hypertension,0.0,0.0,0.0,0.0,0.0,0.0,2165668.5578078977,高血压,0.661117805818619,0.0,0.0
S7,2039,type2_diabetes,204528.02913108765,4384.998011751535,41544.66087671189,1763031.081662247,130254.03243596954,74273.99669511814,0.0,2型糖尿病,0.661117805818619,135217.12184755126,2899.0002640481816
S7,2040,dementia,806381.9785677191,45118.30493065088,237781.36453881173,1418983.463808685,294506.4883145909,511875.4902531282,0.0,痴呆,0.6418619473967174,517585.90710909426,28959.72306602649
S7,2040,depression,222247.08033775003,0.0,1204634.5835849263,1411013.3127282117,222247.08033775003,0.0,0.0,抑郁症,0.6418619473967174,142651.94378882294,0.0
S7,2040,hypertension,0.0,0.0,0.0,0.0,0.0,0.0,2180316.1834978894,高血压,0.6418619473967174,0.0,0.0
S7,2040,type2_diabetes,207411.55304116526,4520.4743293917945,41193.48679404568,1776811.272535074,131383.97630009893,76027.57674106632,0.0,2型糖尿病,0.6418619473967174,133129.58334757987,2901.5204562202875
S7,2041,dementia,832197.2646162047,46700.5753020773,244897.1218415437,1462341.6059213504,303589.8015736899,528607.4630425149,0.0,痴呆,0.6231669392201139,518597.82221823145,29102.254570813955
S7,2041,depression,222410.05102502528,0.0,1204722.7383881456,1414923.3401868339,222410.05102502528,0.0,0.0,抑郁症,0.6231669392201139,138598.59074905436,0.0
S7,2041,hypertension,0.0,0.0,0.0,0.0,0.0,0.0,2192972.2080821563,高血压,0.6231669392201139,0.0,0.0
S7,2041,type2_diabetes,210213.51581470654,4648.779802105662,40809.56721881715,1790349.1591900282,132503.21088699927,77710.30492770726,0.0,2型糖尿病,0.6231669392201139,130998.11323294968,2896.9658803864722
S7,2042,dementia,854974.2110535677,48089.83041832637,251185.23881638632,1500571.8323880923,311593.0416265051,543381.1694270626,0.0,痴呆,0.6050164458447708,517273.4584605665,29095.138280973566
S7,2042,depression,222567.02280928788,0.0,1204664.873613932,1418743.2784137027,222567.02280928788,0.0,0.0,抑郁症,0.6050164458447708,134656.70910232738,0.0
S7,2042,hypertension,0.0,0.0,0.0,0.0,0.0,0.0,2203958.846264055,高血压,0.6050164458447708,0.0,0.0
S7,2042,type2_diabetes,212873.52890962645,4763.534991603534,40414.21884918603,1803914.195567869,133621.76518361334,79251.76372601309,0.0,2型糖尿病,0.6050164458447708,128791.98587533625,2882.01701027717
S7,2043,dementia,875291.2896546838,49330.17386773994,256781.91767169832,1534610.3107089964,318717.61773037486,556573.6719243089,0.0,痴呆,0.5873946076162823,514141.3836366626,28976.278122684085
S7,2043,depression,222595.5917515524,0.0,1203886.5178486223,1421646.1596597047,222595.5917515524,0.0,0.0,抑郁症,0.5873946076162823,130751.45027401728,0.0
S7,2043,hypertension,0.0,0.0,0.0,0.0,0.0,0.0,2212830.5762634184,高血压,0.5873946076162823,0.0,0.0
S7,2043,type2_diabetes,215275.0454933709,4866.460784051352,40040.09932735992,1816009.715732724,134630.43272316776,80644.61277020318,0.0,2型糖尿病,0.5873946076162823,126451.40087715592,2858.532822727869
S7,2044,dementia,892308.0413562998,50364.72860236952,261479.07313169367,1563161.5995475964,324689.48671230755,567618.5546439921,0.0,痴呆,0.5702860268119245,508870.80759741465,28722.300966106206
S7,2044,depression,222425.49947009678,0.0,1202052.4814072875,1423093.5834015529,222425.49947009678,0.0,0.0,抑郁症,0.5702860268119245,126846.15435445932,0.0
S7,2044,hypertension,0.0,0.0,0.0,0.0,0.0,0.0,2219606.6042632842,高血压,0.5702860268119245,0.0,0.0
S7,2044,type2_diabetes,217306.16004985795,4953.5806156753015,39687.917263339754,1825767.2829541722,135469.78725362982,81836.37279622813,0.0,2型糖尿病,0.5702860268119245,123926.66661658966,2824.9578078060345
S7,2045,dementia,904824.5585175346,51104.50695601098,264990.0379025435,1584372.0811041873,329109.885850162,575714.6726673726,0.0,痴呆,0.5536757541863345,500979.41984351317,28295.326431190155
S7,2045,depression,222059.49793309032,0.0,1199107.1680314443,1423144.188412148,222059.49793309032,0.0,0.0,抑郁症,0.5536757541863345,122948.95999234257,0.0
S7,2045,hypertension,0.0,0.0,0.0,0.0,0.0,0.0,2225125.4966170806,高血压,0.5536757541863345,0.0,0.0
S7,2045,type2_diabetes,219026.9335984175,5020.49948565442,39371.394977690754,1833968.4834305285,136217.66556701317,82809.26803140434,0.0,2型糖尿病,0.5536757541863345,121269.90264722402,2779.7288391118154
S7,2046,dementia,913579.3864347731,51604.18125822092,267510.72506062174,1599399.6428281981,332227.68816471903,581351.6982700541,0.0,痴呆,0.5375492759090627,491093.937663458,27739.790269236677
S7,2046,depression,221392.52915061964,0.0,1194575.084688881,1421058.793459022,221392.52915061964,0.0,0.0,抑郁症,0.5375492759090627,119009.39373659164,0.0
S7,2046,hypertension,0.0,0.0,0.0,0.0,0.0,0.0,2228340.085434423,高血压,0.5375492759090627,0.0,0.0
S7,2046,type2_diabetes,220279.93497527,5069.031239821975,39042.584960038155,1839018.7389232854,136744.96072943445,83534.97424583555,0.0,2型糖尿病,0.5375492759090627,118411.3195432518,2724.8540725267208
S7,2047,dementia,919341.2676911245,51913.381073526005,269258.3513594438,1609532.4380951216,334315.1165263416,585026.1511647829,0.0,痴呆,0.5218925008825851,479797.31335988705,27093.204277733148
S7,2047,depression,220445.25253822957,0.0,1188601.3001165232,1416969.6160776906,220445.25253822957,0.0,0.0,抑郁症,0.5218925008825851,115048.72415486968,0.0
S7,2047,hypertension,0.0,0.0,0.0,0.0,0.0,0.0,2229567.6188488863,高血压,0.5218925008825851,0.0,0.0
S7,2047,type2_diabetes,221064.70955629853,5102.286300192997,38651.38413982929,1840801.6422278092,137033.5215632228,84031.18799307571,0.0,2型糖尿病,0.5218925008825851,115372.01412721895,2662.8449574266756
S7,2048,dementia,922898.1039561033,52088.62484839418,270399.3431319128,1615940.1754167452,335621.3030658308,587276.8008902726,0.0,痴呆,0.5066917484296942,467624.8539159677,26392.876397731263
S7,2048,depression,219289.3199256693,0.0,1181506.92926679,1411429.8410672306,219289.3199256693,0.0,0.0,抑郁症,0.5066917484296942,111112.08892509596,0.0
S7,2048,hypertension,0.0,0.0,0.0,0.0,0.0,0.0,2228955.855212228,高血压,0.5066917484296942,0.0,0.0
S7,2048,type2_diabetes,221544.7662518478,5124.469717421602,38269.841148308114,1840518.460400189,137171.1370726307,84373.62917921713,0.0,2型糖尿病,0.5066917484296942,112254.90496759667,2596.5265208953724
S7,2049,dementia,926751.7056568353,52291.48831558143,271597.26748486405,1622715.285575421,337008.0362446606,589743.6694121746,0.0,痴呆,0.49193373633950893,455900.4292227798,25723.947225837746
S7,2049,depression,217987.71394686482,0.0,1173625.7118498534,1404975.8007265835,217987.71394686482,0.0,0.0,抑郁症,0.49193373633950893,107235.5105979893,0.0
S7,2049,hypertension,0.0,0.0,0.0,0.0,0.0,0.0,2227059.5192919676,高血压,0.49193373633950893,0.0,0.0
S7,2049,type2_diabetes,221924.03570697946,5147.405370150771,37889.097244287885,1839076.2372970588,137221.81927585579,84702.21643112367,0.0,2型糖尿病,0.49193373633950893,109171.92006887699,2532.1823561923215
S7,2050,dementia,931827.3380786593,52568.876447577306,273147.83420640236,1631571.7294001172,338828.6286887826,592998.7093898766,0.0,痴呆,0.47760556926165915,445045.9262566346,25107.188161190985
S7,2050,depression,216510.4055222641,0.0,1164791.1422687534,1397513.9204494294,216510.4055222641,0.0,0.0,抑郁症,0.47760556926165915,103406.57548053362,0.0
S7,2050,hypertension,0.0,0.0,0.0,0.0,0.0,0.0,2224877.976156988,高血压,0.47760556926165915,0.0,0.0
S7,2050,type2_diabetes,222304.60895945504,5176.163451226617,37450.95909206906,1836769.785770407,137220.18514048198,85084.42381897305,0.0,2型糖尿病,0.47760556926165915,106173.91931157105,2472.1644917144827
