scenario_id,year,outcome_id,cost_stream,basis,avoided_units,unit_cost_main_2025_cny,unit_cost_low_2025_cny,unit_cost_high_2025_cny,parameter_id,dedup_rule,savings_main_2025_cny,discounted_savings_main_2025_cny,savings_low_2025_cny,discounted_savings_low_2025_cny,savings_high_2025_cny,discounted_savings_high_2025_cny
S0,2025,bladder_cancer,direct_medical,avoided_incident_case_first_year,0.0,17917.502226658013,6349.271058827539,40450.2353820222,INTERNATIONAL_PROXY_BLADDER,Event-specific first-year cost; no annual patient-year cost added for the same outcome,0.0,0.0,0.0,0.0,0.0,0.0
S0,2025,breast_cancer,direct_medical,avoided_incident_case_first_year,0.0,53995.542586727424,26175.98574835096,99226.21468667472,CHINA_BREAST_NEW_DIAGNOSIS_COURSE,Event-specific first-year cost; no annual patient-year cost added for the same outcome,0.0,0.0,0.0,0.0,0.0,0.0
S0,2025,colon_cancer,direct_medical,avoided_incident_case_first_year,0.0,72296.25822013385,35047.815693114135,132856.9673630357,CHINA_CRC_NEW_DIAGNOSIS_COURSE,Event-specific first-year cost; no annual patient-year cost added for the same outcome,0.0,0.0,0.0,0.0,0.0,0.0
S0,2025,coronary_heart_disease,direct_medical,avoided_incident_case_first_year,0.0,21846.326995845397,8586.27962692537,46223.917226713966,CHINA_INCIDENT_MI_IMMEDIATE_PROXY,Event-specific first-year cost; no annual patient-year cost added for the same outcome,0.0,0.0,0.0,0.0,0.0,0.0
S0,2025,endometrial_cancer,direct_medical,avoided_incident_case_first_year,0.0,22329.17043600619,7912.595953582618,50409.93932055516,INTERNATIONAL_PROXY_ENDOMETRIAL,Event-specific first-year cost; no annual patient-year cost added for the same outcome,0.0,0.0,0.0,0.0,0.0,0.0
S0,2025,gastric_cancer,direct_medical,avoided_incident_case_first_year,0.0,64762.28390756019,31395.4919125426,119011.97726255516,CHINA_GASTRIC_NEW_DIAGNOSIS_COURSE,Event-specific first-year cost; no annual patient-year cost added for the same outcome,0.0,0.0,0.0,0.0,0.0,0.0
S0,2025,oesophageal_cancer,direct_medical,avoided_incident_case_first_year,0.0,68356.63525540795,29827.5487154762,135047.26753332303,CHINA_OESOPHAGEAL_NEW_DIAGNOSIS_DERIVED,Event-specific first-year cost; no annual patient-year cost added for the same outcome,0.0,0.0,0.0,0.0,0.0,0.0
S0,2025,renal_cancer,direct_medical,avoided_incident_case_first_year,0.0,13135.225379367826,4654.616770652017,29653.851952691733,INTERNATIONAL_PROXY_RENAL,Event-specific first-year cost; no annual patient-year cost added for the same outcome,0.0,0.0,0.0,0.0,0.0,0.0
S0,2025,stroke,direct_medical,avoided_incident_case_first_year,0.0,29612.850356671155,4730.172689851648,100820.84684525008,CHINA_FIRST_ISCHAEMIC_STROKE_ONE_YEAR,Event-specific first-year cost; no annual patient-year cost added for the same outcome,0.0,0.0,0.0,0.0,0.0,0.0
S0,2026,bladder_cancer,direct_medical,avoided_incident_case_first_year,0.0,17917.502226658013,6349.271058827539,40450.2353820222,INTERNATIONAL_PROXY_BLADDER,Event-specific first-year cost; no annual patient-year cost added for the same outcome,0.0,0.0,0.0,0.0,0.0,0.0
S0,2026,breast_cancer,direct_medical,avoided_incident_case_first_year,0.0,53995.542586727424,26175.98574835096,99226.21468667472,CHINA_BREAST_NEW_DIAGNOSIS_COURSE,Event-specific first-year cost; no annual patient-year cost added for the same outcome,0.0,0.0,0.0,0.0,0.0,0.0
S0,2026,colon_cancer,direct_medical,avoided_incident_case_first_year,0.0,72296.25822013385,35047.815693114135,132856.9673630357,CHINA_CRC_NEW_DIAGNOSIS_COURSE,Event-specific first-year cost; no annual patient-year cost added for the same outcome,0.0,0.0,0.0,0.0,0.0,0.0
S0,2026,coronary_heart_disease,direct_medical,avoided_incident_case_first_year,0.0,21846.326995845397,8586.27962692537,46223.917226713966,CHINA_INCIDENT_MI_IMMEDIATE_PROXY,Event-specific first-year cost; no annual patient-year cost added for the same outcome,0.0,0.0,0.0,0.0,0.0,0.0
S0,2026,endometrial_cancer,direct_medical,avoided_incident_case_first_year,0.0,22329.17043600619,7912.595953582618,50409.93932055516,INTERNATIONAL_PROXY_ENDOMETRIAL,Event-specific first-year cost; no annual patient-year cost added for the same outcome,0.0,0.0,0.0,0.0,0.0,0.0
S0,2026,gastric_cancer,direct_medical,avoided_incident_case_first_year,0.0,64762.28390756019,31395.4919125426,119011.97726255516,CHINA_GASTRIC_NEW_DIAGNOSIS_COURSE,Event-specific first-year cost; no annual patient-year cost added for the same outcome,0.0,0.0,0.0,0.0,0.0,0.0
S0,2026,oesophageal_cancer,direct_medical,avoided_incident_case_first_year,0.0,68356.63525540795,29827.5487154762,135047.26753332303,CHINA_OESOPHAGEAL_NEW_DIAGNOSIS_DERIVED,Event-specific first-year cost; no annual patient-year cost added for the same outcome,0.0,0.0,0.0,0.0,0.0,0.0
S0,2026,renal_cancer,direct_medical,avoided_incident_case_first_year,0.0,13135.225379367826,4654.616770652017,29653.851952691733,INTERNATIONAL_PROXY_RENAL,Event-specific first-year cost; no annual patient-year cost added for the same outcome,0.0,0.0,0.0,0.0,0.0,0.0
S0,2026,stroke,direct_medical,avoided_incident_case_first_year,0.0,29612.850356671155,4730.172689851648,100820.84684525008,CHINA_FIRST_ISCHAEMIC_STROKE_ONE_YEAR,Event-specific first-year cost; no annual patient-year cost added for the same outcome,0.0,0.0,0.0,0.0,0.0,0.0
S0,2027,bladder_cancer,direct_medical,avoided_incident_case_first_year,0.0,17917.502226658013,6349.271058827539,40450.2353820222,INTERNATIONAL_PROXY_BLADDER,Event-specific first-year cost; no annual patient-year cost added for the same outcome,0.0,0.0,0.0,0.0,0.0,0.0
S0,2027,breast_cancer,direct_medical,avoided_incident_case_first_year,0.0,53995.542586727424,26175.98574835096,99226.21468667472,CHINA_BREAST_NEW_DIAGNOSIS_COURSE,Event-specific first-year cost; no annual patient-year cost added for the same outcome,0.0,0.0,0.0,0.0,0.0,0.0
S0,2027,colon_cancer,direct_medical,avoided_incident_case_first_year,0.0,72296.25822013385,35047.815693114135,132856.9673630357,CHINA_CRC_NEW_DIAGNOSIS_COURSE,Event-specific first-year cost; no annual patient-year cost added for the same outcome,0.0,0.0,0.0,0.0,0.0,0.0
S0,2027,coronary_heart_disease,direct_medical,avoided_incident_case_first_year,0.0,21846.326995845397,8586.27962692537,46223.917226713966,CHINA_INCIDENT_MI_IMMEDIATE_PROXY,Event-specific first-year cost; no annual patient-year cost added for the same outcome,0.0,0.0,0.0,0.0,0.0,0.0
S0,2027,endometrial_cancer,direct_medical,avoided_incident_case_first_year,0.0,22329.17043600619,7912.595953582618,50409.93932055516,INTERNATIONAL_PROXY_ENDOMETRIAL,Event-specific first-year cost; no annual patient-year cost added for the same outcome,0.0,0.0,0.0,0.0,0.0,0.0
S0,2027,gastric_cancer,direct_medical,avoided_incident_case_first_year,0.0,64762.28390756019,31395.4919125426,119011.97726255516,CHINA_GASTRIC_NEW_DIAGNOSIS_COURSE,Event-specific first-year cost; no annual patient-year cost added for the same outcome,0.0,0.0,0.0,0.0,0.0,0.0
S0,2027,oesophageal_cancer,direct_medical,avoided_incident_case_first_year,0.0,68356.63525540795,29827.5487154762,135047.26753332303,CHINA_OESOPHAGEAL_NEW_DIAGNOSIS_DERIVED,Event-specific first-year cost; no annual patient-year cost added for the same outcome,0.0,0.0,0.0,0.0,0.0,0.0
S0,2027,renal_cancer,direct_medical,avoided_incident_case_first_year,0.0,13135.225379367826,4654.616770652017,29653.851952691733,INTERNATIONAL_PROXY_RENAL,Event-specific first-year cost; no annual patient-year cost added for the same outcome,0.0,0.0,0.0,0.0,0.0,0.0
S0,2027,stroke,direct_medical,avoided_incident_case_first_year,0.0,29612.850356671155,4730.172689851648,100820.84684525008,CHINA_FIRST_ISCHAEMIC_STROKE_ONE_YEAR,Event-specific first-year cost; no annual patient-year cost added for the same outcome,0.0,0.0,0.0,0.0,0.0,0.0
S0,2028,bladder_cancer,direct_medical,avoided_incident_case_first_year,0.0,17917.502226658013,6349.271058827539,40450.2353820222,INTERNATIONAL_PROXY_BLADDER,Event-specific first-year cost; no annual patient-year cost added for the same outcome,0.0,0.0,0.0,0.0,0.0,0.0
S0,2028,breast_cancer,direct_medical,avoided_incident_case_first_year,0.0,53995.542586727424,26175.98574835096,99226.21468667472,CHINA_BREAST_NEW_DIAGNOSIS_COURSE,Event-specific first-year cost; no annual patient-year cost added for the same outcome,0.0,0.0,0.0,0.0,0.0,0.0
S0,2028,colon_cancer,direct_medical,avoided_incident_case_first_year,0.0,72296.25822013385,35047.815693114135,132856.9673630357,CHINA_CRC_NEW_DIAGNOSIS_COURSE,Event-specific first-year cost; no annual patient-year cost added for the same outcome,0.0,0.0,0.0,0.0,0.0,0.0
S0,2028,coronary_heart_disease,direct_medical,avoided_incident_case_first_year,0.0,21846.326995845397,8586.27962692537,46223.917226713966,CHINA_INCIDENT_MI_IMMEDIATE_PROXY,Event-specific first-year cost; no annual patient-year cost added for the same outcome,0.0,0.0,0.0,0.0,0.0,0.0
S0,2028,endometrial_cancer,direct_medical,avoided_incident_case_first_year,0.0,22329.17043600619,7912.595953582618,50409.93932055516,INTERNATIONAL_PROXY_ENDOMETRIAL,Event-specific first-year cost; no annual patient-year cost added for the same outcome,0.0,0.0,0.0,0.0,0.0,0.0
S0,2028,gastric_cancer,direct_medical,avoided_incident_case_first_year,0.0,64762.28390756019,31395.4919125426,119011.97726255516,CHINA_GASTRIC_NEW_DIAGNOSIS_COURSE,Event-specific first-year cost; no annual patient-year cost added for the same outcome,0.0,0.0,0.0,0.0,0.0,0.0
S0,2028,oesophageal_cancer,direct_medical,avoided_incident_case_first_year,0.0,68356.63525540795,29827.5487154762,135047.26753332303,CHINA_OESOPHAGEAL_NEW_DIAGNOSIS_DERIVED,Event-specific first-year cost; no annual patient-year cost added for the same outcome,0.0,0.0,0.0,0.0,0.0,0.0
S0,2028,renal_cancer,direct_medical,avoided_incident_case_first_year,0.0,13135.225379367826,4654.616770652017,29653.851952691733,INTERNATIONAL_PROXY_RENAL,Event-specific first-year cost; no annual patient-year cost added for the same outcome,0.0,0.0,0.0,0.0,0.0,0.0
S0,2028,stroke,direct_medical,avoided_incident_case_first_year,0.0,29612.850356671155,4730.172689851648,100820.84684525008,CHINA_FIRST_ISCHAEMIC_STROKE_ONE_YEAR,Event-specific first-year cost; no annual patient-year cost added for the same outcome,0.0,0.0,0.0,0.0,0.0,0.0
S0,2029,bladder_cancer,direct_medical,avoided_incident_case_first_year,0.0,17917.502226658013,6349.271058827539,40450.2353820222,INTERNATIONAL_PROXY_BLADDER,Event-specific first-year cost; no annual patient-year cost added for the same outcome,0.0,0.0,0.0,0.0,0.0,0.0
S0,2029,breast_cancer,direct_medical,avoided_incident_case_first_year,0.0,53995.542586727424,26175.98574835096,99226.21468667472,CHINA_BREAST_NEW_DIAGNOSIS_COURSE,Event-specific first-year cost; no annual patient-year cost added for the same outcome,0.0,0.0,0.0,0.0,0.0,0.0
S0,2029,colon_cancer,direct_medical,avoided_incident_case_first_year,0.0,72296.25822013385,35047.815693114135,132856.9673630357,CHINA_CRC_NEW_DIAGNOSIS_COURSE,Event-specific first-year cost; no annual patient-year cost added for the same outcome,0.0,0.0,0.0,0.0,0.0,0.0
S0,2029,coronary_heart_disease,direct_medical,avoided_incident_case_first_year,0.0,21846.326995845397,8586.27962692537,46223.917226713966,CHINA_INCIDENT_MI_IMMEDIATE_PROXY,Event-specific first-year cost; no annual patient-year cost added for the same outcome,0.0,0.0,0.0,0.0,0.0,0.0
S0,2029,endometrial_cancer,direct_medical,avoided_incident_case_first_year,0.0,22329.17043600619,7912.595953582618,50409.93932055516,INTERNATIONAL_PROXY_ENDOMETRIAL,Event-specific first-year cost; no annual patient-year cost added for the same outcome,0.0,0.0,0.0,0.0,0.0,0.0
S0,2029,gastric_cancer,direct_medical,avoided_incident_case_first_year,0.0,64762.28390756019,31395.4919125426,119011.97726255516,CHINA_GASTRIC_NEW_DIAGNOSIS_COURSE,Event-specific first-year cost; no annual patient-year cost added for the same outcome,0.0,0.0,0.0,0.0,0.0,0.0
S0,2029,oesophageal_cancer,direct_medical,avoided_incident_case_first_year,0.0,68356.63525540795,29827.5487154762,135047.26753332303,CHINA_OESOPHAGEAL_NEW_DIAGNOSIS_DERIVED,Event-specific first-year cost; no annual patient-year cost added for the same outcome,0.0,0.0,0.0,0.0,0.0,0.0
S0,2029,renal_cancer,direct_medical,avoided_incident_case_first_year,0.0,13135.225379367826,4654.616770652017,29653.851952691733,INTERNATIONAL_PROXY_RENAL,Event-specific first-year cost; no annual patient-year cost added for the same outcome,0.0,0.0,0.0,0.0,0.0,0.0
S0,2029,stroke,direct_medical,avoided_incident_case_first_year,0.0,29612.850356671155,4730.172689851648,100820.84684525008,CHINA_FIRST_ISCHAEMIC_STROKE_ONE_YEAR,Event-specific first-year cost; no annual patient-year cost added for the same outcome,0.0,0.0,0.0,0.0,0.0,0.0
S0,2030,bladder_cancer,direct_medical,avoided_incident_case_first_year,0.0,17917.502226658013,6349.271058827539,40450.2353820222,INTERNATIONAL_PROXY_BLADDER,Event-specific first-year cost; no annual patient-year cost added for the same outcome,0.0,0.0,0.0,0.0,0.0,0.0
S0,2030,breast_cancer,direct_medical,avoided_incident_case_first_year,0.0,53995.542586727424,26175.98574835096,99226.21468667472,CHINA_BREAST_NEW_DIAGNOSIS_COURSE,Event-specific first-year cost; no annual patient-year cost added for the same outcome,0.0,0.0,0.0,0.0,0.0,0.0
S0,2030,colon_cancer,direct_medical,avoided_incident_case_first_year,0.0,72296.25822013385,35047.815693114135,132856.9673630357,CHINA_CRC_NEW_DIAGNOSIS_COURSE,Event-specific first-year cost; no annual patient-year cost added for the same outcome,0.0,0.0,0.0,0.0,0.0,0.0
S0,2030,coronary_heart_disease,direct_medical,avoided_incident_case_first_year,0.0,21846.326995845397,8586.27962692537,46223.917226713966,CHINA_INCIDENT_MI_IMMEDIATE_PROXY,Event-specific first-year cost; no annual patient-year cost added for the same outcome,0.0,0.0,0.0,0.0,0.0,0.0
S0,2030,endometrial_cancer,direct_medical,avoided_incident_case_first_year,0.0,22329.17043600619,7912.595953582618,50409.93932055516,INTERNATIONAL_PROXY_ENDOMETRIAL,Event-specific first-year cost; no annual patient-year cost added for the same outcome,0.0,0.0,0.0,0.0,0.0,0.0
S0,2030,gastric_cancer,direct_medical,avoided_incident_case_first_year,0.0,64762.28390756019,31395.4919125426,119011.97726255516,CHINA_GASTRIC_NEW_DIAGNOSIS_COURSE,Event-specific first-year cost; no annual patient-year cost added for the same outcome,0.0,0.0,0.0,0.0,0.0,0.0
S0,2030,oesophageal_cancer,direct_medical,avoided_incident_case_first_year,0.0,68356.63525540795,29827.5487154762,135047.26753332303,CHINA_OESOPHAGEAL_NEW_DIAGNOSIS_DERIVED,Event-specific first-year cost; no annual patient-year cost added for the same outcome,0.0,0.0,0.0,0.0,0.0,0.0
S0,2030,renal_cancer,direct_medical,avoided_incident_case_first_year,0.0,13135.225379367826,4654.616770652017,29653.851952691733,INTERNATIONAL_PROXY_RENAL,Event-specific first-year cost; no annual patient-year cost added for the same outcome,0.0,0.0,0.0,0.0,0.0,0.0
S0,2030,stroke,direct_medical,avoided_incident_case_first_year,0.0,29612.850356671155,4730.172689851648,100820.84684525008,CHINA_FIRST_ISCHAEMIC_STROKE_ONE_YEAR,Event-specific first-year cost; no annual patient-year cost added for the same outcome,0.0,0.0,0.0,0.0,0.0,0.0
S0,2031,bladder_cancer,direct_medical,avoided_incident_case_first_year,0.0,17917.502226658013,6349.271058827539,40450.2353820222,INTERNATIONAL_PROXY_BLADDER,Event-specific first-year cost; no annual patient-year cost added for the same outcome,0.0,0.0,0.0,0.0,0.0,0.0
S0,2031,breast_cancer,direct_medical,avoided_incident_case_first_year,0.0,53995.542586727424,26175.98574835096,99226.21468667472,CHINA_BREAST_NEW_DIAGNOSIS_COURSE,Event-specific first-year cost; no annual patient-year cost added for the same outcome,0.0,0.0,0.0,0.0,0.0,0.0
S0,2031,colon_cancer,direct_medical,avoided_incident_case_first_year,0.0,72296.25822013385,35047.815693114135,132856.9673630357,CHINA_CRC_NEW_DIAGNOSIS_COURSE,Event-specific first-year cost; no annual patient-year cost added for the same outcome,0.0,0.0,0.0,0.0,0.0,0.0
S0,2031,coronary_heart_disease,direct_medical,avoided_incident_case_first_year,0.0,21846.326995845397,8586.27962692537,46223.917226713966,CHINA_INCIDENT_MI_IMMEDIATE_PROXY,Event-specific first-year cost; no annual patient-year cost added for the same outcome,0.0,0.0,0.0,0.0,0.0,0.0
S0,2031,endometrial_cancer,direct_medical,avoided_incident_case_first_year,0.0,22329.17043600619,7912.595953582618,50409.93932055516,INTERNATIONAL_PROXY_ENDOMETRIAL,Event-specific first-year cost; no annual patient-year cost added for the same outcome,0.0,0.0,0.0,0.0,0.0,0.0
S0,2031,gastric_cancer,direct_medical,avoided_incident_case_first_year,0.0,64762.28390756019,31395.4919125426,119011.97726255516,CHINA_GASTRIC_NEW_DIAGNOSIS_COURSE,Event-specific first-year cost; no annual patient-year cost added for the same outcome,0.0,0.0,0.0,0.0,0.0,0.0
S0,2031,oesophageal_cancer,direct_medical,avoided_incident_case_first_year,0.0,68356.63525540795,29827.5487154762,135047.26753332303,CHINA_OESOPHAGEAL_NEW_DIAGNOSIS_DERIVED,Event-specific first-year cost; no annual patient-year cost added for the same outcome,0.0,0.0,0.0,0.0,0.0,0.0
S0,2031,renal_cancer,direct_medical,avoided_incident_case_first_year,0.0,13135.225379367826,4654.616770652017,29653.851952691733,INTERNATIONAL_PROXY_RENAL,Event-specific first-year cost; no annual patient-year cost added for the same outcome,0.0,0.0,0.0,0.0,0.0,0.0
S0,2031,stroke,direct_medical,avoided_incident_case_first_year,0.0,29612.850356671155,4730.172689851648,100820.84684525008,CHINA_FIRST_ISCHAEMIC_STROKE_ONE_YEAR,Event-specific first-year cost; no annual patient-year cost added for the same outcome,0.0,0.0,0.0,0.0,0.0,0.0
S0,2032,bladder_cancer,direct_medical,avoided_incident_case_first_year,0.0,17917.502226658013,6349.271058827539,40450.2353820222,INTERNATIONAL_PROXY_BLADDER,Event-specific first-year cost; no annual patient-year cost added for the same outcome,0.0,0.0,0.0,0.0,0.0,0.0
S0,2032,breast_cancer,direct_medical,avoided_incident_case_first_year,0.0,53995.542586727424,26175.98574835096,99226.21468667472,CHINA_BREAST_NEW_DIAGNOSIS_COURSE,Event-specific first-year cost; no annual patient-year cost added for the same outcome,0.0,0.0,0.0,0.0,0.0,0.0
S0,2032,colon_cancer,direct_medical,avoided_incident_case_first_year,0.0,72296.25822013385,35047.815693114135,132856.9673630357,CHINA_CRC_NEW_DIAGNOSIS_COURSE,Event-specific first-year cost; no annual patient-year cost added for the same outcome,0.0,0.0,0.0,0.0,0.0,0.0
S0,2032,coronary_heart_disease,direct_medical,avoided_incident_case_first_year,0.0,21846.326995845397,8586.27962692537,46223.917226713966,CHINA_INCIDENT_MI_IMMEDIATE_PROXY,Event-specific first-year cost; no annual patient-year cost added for the same outcome,0.0,0.0,0.0,0.0,0.0,0.0
S0,2032,endometrial_cancer,direct_medical,avoided_incident_case_first_year,0.0,22329.17043600619,7912.595953582618,50409.93932055516,INTERNATIONAL_PROXY_ENDOMETRIAL,Event-specific first-year cost; no annual patient-year cost added for the same outcome,0.0,0.0,0.0,0.0,0.0,0.0
S0,2032,gastric_cancer,direct_medical,avoided_incident_case_first_year,0.0,64762.28390756019,31395.4919125426,119011.97726255516,CHINA_GASTRIC_NEW_DIAGNOSIS_COURSE,Event-specific first-year cost; no annual patient-year cost added for the same outcome,0.0,0.0,0.0,0.0,0.0,0.0
S0,2032,oesophageal_cancer,direct_medical,avoided_incident_case_first_year,0.0,68356.63525540795,29827.5487154762,135047.26753332303,CHINA_OESOPHAGEAL_NEW_DIAGNOSIS_DERIVED,Event-specific first-year cost; no annual patient-year cost added for the same outcome,0.0,0.0,0.0,0.0,0.0,0.0
S0,2032,renal_cancer,direct_medical,avoided_incident_case_first_year,0.0,13135.225379367826,4654.616770652017,29653.851952691733,INTERNATIONAL_PROXY_RENAL,Event-specific first-year cost; no annual patient-year cost added for the same outcome,0.0,0.0,0.0,0.0,0.0,0.0
S0,2032,stroke,direct_medical,avoided_incident_case_first_year,0.0,29612.850356671155,4730.172689851648,100820.84684525008,CHINA_FIRST_ISCHAEMIC_STROKE_ONE_YEAR,Event-specific first-year cost; no annual patient-year cost added for the same outcome,0.0,0.0,0.0,0.0,0.0,0.0
S0,2033,bladder_cancer,direct_medical,avoided_incident_case_first_year,0.0,17917.502226658013,6349.271058827539,40450.2353820222,INTERNATIONAL_PROXY_BLADDER,Event-specific first-year cost; no annual patient-year cost added for the same outcome,0.0,0.0,0.0,0.0,0.0,0.0
S0,2033,breast_cancer,direct_medical,avoided_incident_case_first_year,0.0,53995.542586727424,26175.98574835096,99226.21468667472,CHINA_BREAST_NEW_DIAGNOSIS_COURSE,Event-specific first-year cost; no annual patient-year cost added for the same outcome,0.0,0.0,0.0,0.0,0.0,0.0
S0,2033,colon_cancer,direct_medical,avoided_incident_case_first_year,0.0,72296.25822013385,35047.815693114135,132856.9673630357,CHINA_CRC_NEW_DIAGNOSIS_COURSE,Event-specific first-year cost; no annual patient-year cost added for the same outcome,0.0,0.0,0.0,0.0,0.0,0.0
S0,2033,coronary_heart_disease,direct_medical,avoided_incident_case_first_year,0.0,21846.326995845397,8586.27962692537,46223.917226713966,CHINA_INCIDENT_MI_IMMEDIATE_PROXY,Event-specific first-year cost; no annual patient-year cost added for the same outcome,0.0,0.0,0.0,0.0,0.0,0.0
S0,2033,endometrial_cancer,direct_medical,avoided_incident_case_first_year,0.0,22329.17043600619,7912.595953582618,50409.93932055516,INTERNATIONAL_PROXY_ENDOMETRIAL,Event-specific first-year cost; no annual patient-year cost added for the same outcome,0.0,0.0,0.0,0.0,0.0,0.0
S0,2033,gastric_cancer,direct_medical,avoided_incident_case_first_year,0.0,64762.28390756019,31395.4919125426,119011.97726255516,CHINA_GASTRIC_NEW_DIAGNOSIS_COURSE,Event-specific first-year cost; no annual patient-year cost added for the same outcome,0.0,0.0,0.0,0.0,0.0,0.0
S0,2033,oesophageal_cancer,direct_medical,avoided_incident_case_first_year,0.0,68356.63525540795,29827.5487154762,135047.26753332303,CHINA_OESOPHAGEAL_NEW_DIAGNOSIS_DERIVED,Event-specific first-year cost; no annual patient-year cost added for the same outcome,0.0,0.0,0.0,0.0,0.0,0.0
S0,2033,renal_cancer,direct_medical,avoided_incident_case_first_year,0.0,13135.225379367826,4654.616770652017,29653.851952691733,INTERNATIONAL_PROXY_RENAL,Event-specific first-year cost; no annual patient-year cost added for the same outcome,0.0,0.0,0.0,0.0,0.0,0.0
S0,2033,stroke,direct_medical,avoided_incident_case_first_year,0.0,29612.850356671155,4730.172689851648,100820.84684525008,CHINA_FIRST_ISCHAEMIC_STROKE_ONE_YEAR,Event-specific first-year cost; no annual patient-year cost added for the same outcome,0.0,0.0,0.0,0.0,0.0,0.0
S0,2034,bladder_cancer,direct_medical,avoided_incident_case_first_year,0.0,17917.502226658013,6349.271058827539,40450.2353820222,INTERNATIONAL_PROXY_BLADDER,Event-specific first-year cost; no annual patient-year cost added for the same outcome,0.0,0.0,0.0,0.0,0.0,0.0
S0,2034,breast_cancer,direct_medical,avoided_incident_case_first_year,0.0,53995.542586727424,26175.98574835096,99226.21468667472,CHINA_BREAST_NEW_DIAGNOSIS_COURSE,Event-specific first-year cost; no annual patient-year cost added for the same outcome,0.0,0.0,0.0,0.0,0.0,0.0
S0,2034,colon_cancer,direct_medical,avoided_incident_case_first_year,0.0,72296.25822013385,35047.815693114135,132856.9673630357,CHINA_CRC_NEW_DIAGNOSIS_COURSE,Event-specific first-year cost; no annual patient-year cost added for the same outcome,0.0,0.0,0.0,0.0,0.0,0.0
S0,2034,coronary_heart_disease,direct_medical,avoided_incident_case_first_year,0.0,21846.326995845397,8586.27962692537,46223.917226713966,CHINA_INCIDENT_MI_IMMEDIATE_PROXY,Event-specific first-year cost; no annual patient-year cost added for the same outcome,0.0,0.0,0.0,0.0,0.0,0.0
S0,2034,endometrial_cancer,direct_medical,avoided_incident_case_first_year,0.0,22329.17043600619,7912.595953582618,50409.93932055516,INTERNATIONAL_PROXY_ENDOMETRIAL,Event-specific first-year cost; no annual patient-year cost added for the same outcome,0.0,0.0,0.0,0.0,0.0,0.0
S0,2034,gastric_cancer,direct_medical,avoided_incident_case_first_year,0.0,64762.28390756019,31395.4919125426,119011.97726255516,CHINA_GASTRIC_NEW_DIAGNOSIS_COURSE,Event-specific first-year cost; no annual patient-year cost added for the same outcome,0.0,0.0,0.0,0.0,0.0,0.0
S0,2034,oesophageal_cancer,direct_medical,avoided_incident_case_first_year,0.0,68356.63525540795,29827.5487154762,135047.26753332303,CHINA_OESOPHAGEAL_NEW_DIAGNOSIS_DERIVED,Event-specific first-year cost; no annual patient-year cost added for the same outcome,0.0,0.0,0.0,0.0,0.0,0.0
S0,2034,renal_cancer,direct_medical,avoided_incident_case_first_year,0.0,13135.225379367826,4654.616770652017,29653.851952691733,INTERNATIONAL_PROXY_RENAL,Event-specific first-year cost; no annual patient-year cost added for the same outcome,0.0,0.0,0.0,0.0,0.0,0.0
S0,2034,stroke,direct_medical,avoided_incident_case_first_year,0.0,29612.850356671155,4730.172689851648,100820.84684525008,CHINA_FIRST_ISCHAEMIC_STROKE_ONE_YEAR,Event-specific first-year cost; no annual patient-year cost added for the same outcome,0.0,0.0,0.0,0.0,0.0,0.0
S0,2035,bladder_cancer,direct_medical,avoided_incident_case_first_year,0.0,17917.502226658013,6349.271058827539,40450.2353820222,INTERNATIONAL_PROXY_BLADDER,Event-specific first-year cost; no annual patient-year cost added for the same outcome,0.0,0.0,0.0,0.0,0.0,0.0
S0,2035,breast_cancer,direct_medical,avoided_incident_case_first_year,0.0,53995.542586727424,26175.98574835096,99226.21468667472,CHINA_BREAST_NEW_DIAGNOSIS_COURSE,Event-specific first-year cost; no annual patient-year cost added for the same outcome,0.0,0.0,0.0,0.0,0.0,0.0
S0,2035,colon_cancer,direct_medical,avoided_incident_case_first_year,0.0,72296.25822013385,35047.815693114135,132856.9673630357,CHINA_CRC_NEW_DIAGNOSIS_COURSE,Event-specific first-year cost; no annual patient-year cost added for the same outcome,0.0,0.0,0.0,0.0,0.0,0.0
S0,2035,coronary_heart_disease,direct_medical,avoided_incident_case_first_year,0.0,21846.326995845397,8586.27962692537,46223.917226713966,CHINA_INCIDENT_MI_IMMEDIATE_PROXY,Event-specific first-year cost; no annual patient-year cost added for the same outcome,0.0,0.0,0.0,0.0,0.0,0.0
S0,2035,endometrial_cancer,direct_medical,avoided_incident_case_first_year,0.0,22329.17043600619,7912.595953582618,50409.93932055516,INTERNATIONAL_PROXY_ENDOMETRIAL,Event-specific first-year cost; no annual patient-year cost added for the same outcome,0.0,0.0,0.0,0.0,0.0,0.0
S0,2035,gastric_cancer,direct_medical,avoided_incident_case_first_year,0.0,64762.28390756019,31395.4919125426,119011.97726255516,CHINA_GASTRIC_NEW_DIAGNOSIS_COURSE,Event-specific first-year cost; no annual patient-year cost added for the same outcome,0.0,0.0,0.0,0.0,0.0,0.0
S0,2035,oesophageal_cancer,direct_medical,avoided_incident_case_first_year,0.0,68356.63525540795,29827.5487154762,135047.26753332303,CHINA_OESOPHAGEAL_NEW_DIAGNOSIS_DERIVED,Event-specific first-year cost; no annual patient-year cost added for the same outcome,0.0,0.0,0.0,0.0,0.0,0.0
S0,2035,renal_cancer,direct_medical,avoided_incident_case_first_year,0.0,13135.225379367826,4654.616770652017,29653.851952691733,INTERNATIONAL_PROXY_RENAL,Event-specific first-year cost; no annual patient-year cost added for the same outcome,0.0,0.0,0.0,0.0,0.0,0.0
S0,2035,stroke,direct_medical,avoided_incident_case_first_year,0.0,29612.850356671155,4730.172689851648,100820.84684525008,CHINA_FIRST_ISCHAEMIC_STROKE_ONE_YEAR,Event-specific first-year cost; no annual patient-year cost added for the same outcome,0.0,0.0,0.0,0.0,0.0,0.0
S0,2036,bladder_cancer,direct_medical,avoided_incident_case_first_year,0.0,17917.502226658013,6349.271058827539,40450.2353820222,INTERNATIONAL_PROXY_BLADDER,Event-specific first-year cost; no annual patient-year cost added for the same outcome,0.0,0.0,0.0,0.0,0.0,0.0
S0,2036,breast_cancer,direct_medical,avoided_incident_case_first_year,0.0,53995.542586727424,26175.98574835096,99226.21468667472,CHINA_BREAST_NEW_DIAGNOSIS_COURSE,Event-specific first-year cost; no annual patient-year cost added for the same outcome,0.0,0.0,0.0,0.0,0.0,0.0
S0,2036,colon_cancer,direct_medical,avoided_incident_case_first_year,0.0,72296.25822013385,35047.815693114135,132856.9673630357,CHINA_CRC_NEW_DIAGNOSIS_COURSE,Event-specific first-year cost; no annual patient-year cost added for the same outcome,0.0,0.0,0.0,0.0,0.0,0.0
S0,2036,coronary_heart_disease,direct_medical,avoided_incident_case_first_year,0.0,21846.326995845397,8586.27962692537,46223.917226713966,CHINA_INCIDENT_MI_IMMEDIATE_PROXY,Event-specific first-year cost; no annual patient-year cost added for the same outcome,0.0,0.0,0.0,0.0,0.0,0.0
S0,2036,endometrial_cancer,direct_medical,avoided_incident_case_first_year,0.0,22329.17043600619,7912.595953582618,50409.93932055516,INTERNATIONAL_PROXY_ENDOMETRIAL,Event-specific first-year cost; no annual patient-year cost added for the same outcome,0.0,0.0,0.0,0.0,0.0,0.0
S0,2036,gastric_cancer,direct_medical,avoided_incident_case_first_year,0.0,64762.28390756019,31395.4919125426,119011.97726255516,CHINA_GASTRIC_NEW_DIAGNOSIS_COURSE,Event-specific first-year cost; no annual patient-year cost added for the same outcome,0.0,0.0,0.0,0.0,0.0,0.0
S0,2036,oesophageal_cancer,direct_medical,avoided_incident_case_first_year,0.0,68356.63525540795,29827.5487154762,135047.26753332303,CHINA_OESOPHAGEAL_NEW_DIAGNOSIS_DERIVED,Event-specific first-year cost; no annual patient-year cost added for the same outcome,0.0,0.0,0.0,0.0,0.0,0.0
S0,2036,renal_cancer,direct_medical,avoided_incident_case_first_year,0.0,13135.225379367826,4654.616770652017,29653.851952691733,INTERNATIONAL_PROXY_RENAL,Event-specific first-year cost; no annual patient-year cost added for the same outcome,0.0,0.0,0.0,0.0,0.0,0.0
S0,2036,stroke,direct_medical,avoided_incident_case_first_year,0.0,29612.850356671155,4730.172689851648,100820.84684525008,CHINA_FIRST_ISCHAEMIC_STROKE_ONE_YEAR,Event-specific first-year cost; no annual patient-year cost added for the same outcome,0.0,0.0,0.0,0.0,0.0,0.0
S0,2037,bladder_cancer,direct_medical,avoided_incident_case_first_year,0.0,17917.502226658013,6349.271058827539,40450.2353820222,INTERNATIONAL_PROXY_BLADDER,Event-specific first-year cost; no annual patient-year cost added for the same outcome,0.0,0.0,0.0,0.0,0.0,0.0
S0,2037,breast_cancer,direct_medical,avoided_incident_case_first_year,0.0,53995.542586727424,26175.98574835096,99226.21468667472,CHINA_BREAST_NEW_DIAGNOSIS_COURSE,Event-specific first-year cost; no annual patient-year cost added for the same outcome,0.0,0.0,0.0,0.0,0.0,0.0
S0,2037,colon_cancer,direct_medical,avoided_incident_case_first_year,0.0,72296.25822013385,35047.815693114135,132856.9673630357,CHINA_CRC_NEW_DIAGNOSIS_COURSE,Event-specific first-year cost; no annual patient-year cost added for the same outcome,0.0,0.0,0.0,0.0,0.0,0.0
S0,2037,coronary_heart_disease,direct_medical,avoided_incident_case_first_year,0.0,21846.326995845397,8586.27962692537,46223.917226713966,CHINA_INCIDENT_MI_IMMEDIATE_PROXY,Event-specific first-year cost; no annual patient-year cost added for the same outcome,0.0,0.0,0.0,0.0,0.0,0.0
S0,2037,endometrial_cancer,direct_medical,avoided_incident_case_first_year,0.0,22329.17043600619,7912.595953582618,50409.93932055516,INTERNATIONAL_PROXY_ENDOMETRIAL,Event-specific first-year cost; no annual patient-year cost added for the same outcome,0.0,0.0,0.0,0.0,0.0,0.0
S0,2037,gastric_cancer,direct_medical,avoided_incident_case_first_year,0.0,64762.28390756019,31395.4919125426,119011.97726255516,CHINA_GASTRIC_NEW_DIAGNOSIS_COURSE,Event-specific first-year cost; no annual patient-year cost added for the same outcome,0.0,0.0,0.0,0.0,0.0,0.0
S0,2037,oesophageal_cancer,direct_medical,avoided_incident_case_first_year,0.0,68356.63525540795,29827.5487154762,135047.26753332303,CHINA_OESOPHAGEAL_NEW_DIAGNOSIS_DERIVED,Event-specific first-year cost; no annual patient-year cost added for the same outcome,0.0,0.0,0.0,0.0,0.0,0.0
S0,2037,renal_cancer,direct_medical,avoided_incident_case_first_year,0.0,13135.225379367826,4654.616770652017,29653.851952691733,INTERNATIONAL_PROXY_RENAL,Event-specific first-year cost; no annual patient-year cost added for the same outcome,0.0,0.0,0.0,0.0,0.0,0.0
S0,2037,stroke,direct_medical,avoided_incident_case_first_year,0.0,29612.850356671155,4730.172689851648,100820.84684525008,CHINA_FIRST_ISCHAEMIC_STROKE_ONE_YEAR,Event-specific first-year cost; no annual patient-year cost added for the same outcome,0.0,0.0,0.0,0.0,0.0,0.0
S0,2038,bladder_cancer,direct_medical,avoided_incident_case_first_year,0.0,17917.502226658013,6349.271058827539,40450.2353820222,INTERNATIONAL_PROXY_BLADDER,Event-specific first-year cost; no annual patient-year cost added for the same outcome,0.0,0.0,0.0,0.0,0.0,0.0
S0,2038,breast_cancer,direct_medical,avoided_incident_case_first_year,0.0,53995.542586727424,26175.98574835096,99226.21468667472,CHINA_BREAST_NEW_DIAGNOSIS_COURSE,Event-specific first-year cost; no annual patient-year cost added for the same outcome,0.0,0.0,0.0,0.0,0.0,0.0
S0,2038,colon_cancer,direct_medical,avoided_incident_case_first_year,0.0,72296.25822013385,35047.815693114135,132856.9673630357,CHINA_CRC_NEW_DIAGNOSIS_COURSE,Event-specific first-year cost; no annual patient-year cost added for the same outcome,0.0,0.0,0.0,0.0,0.0,0.0
S0,2038,coronary_heart_disease,direct_medical,avoided_incident_case_first_year,0.0,21846.326995845397,8586.27962692537,46223.917226713966,CHINA_INCIDENT_MI_IMMEDIATE_PROXY,Event-specific first-year cost; no annual patient-year cost added for the same outcome,0.0,0.0,0.0,0.0,0.0,0.0
S0,2038,endometrial_cancer,direct_medical,avoided_incident_case_first_year,0.0,22329.17043600619,7912.595953582618,50409.93932055516,INTERNATIONAL_PROXY_ENDOMETRIAL,Event-specific first-year cost; no annual patient-year cost added for the same outcome,0.0,0.0,0.0,0.0,0.0,0.0
S0,2038,gastric_cancer,direct_medical,avoided_incident_case_first_year,0.0,64762.28390756019,31395.4919125426,119011.97726255516,CHINA_GASTRIC_NEW_DIAGNOSIS_COURSE,Event-specific first-year cost; no annual patient-year cost added for the same outcome,0.0,0.0,0.0,0.0,0.0,0.0
S0,2038,oesophageal_cancer,direct_medical,avoided_incident_case_first_year,0.0,68356.63525540795,29827.5487154762,135047.26753332303,CHINA_OESOPHAGEAL_NEW_DIAGNOSIS_DERIVED,Event-specific first-year cost; no annual patient-year cost added for the same outcome,0.0,0.0,0.0,0.0,0.0,0.0
S0,2038,renal_cancer,direct_medical,avoided_incident_case_first_year,0.0,13135.225379367826,4654.616770652017,29653.851952691733,INTERNATIONAL_PROXY_RENAL,Event-specific first-year cost; no annual patient-year cost added for the same outcome,0.0,0.0,0.0,0.0,0.0,0.0
S0,2038,stroke,direct_medical,avoided_incident_case_first_year,0.0,29612.850356671155,4730.172689851648,100820.84684525008,CHINA_FIRST_ISCHAEMIC_STROKE_ONE_YEAR,Event-specific first-year cost; no annual patient-year cost added for the same outcome,0.0,0.0,0.0,0.0,0.0,0.0
S0,2039,bladder_cancer,direct_medical,avoided_incident_case_first_year,0.0,17917.502226658013,6349.271058827539,40450.2353820222,INTERNATIONAL_PROXY_BLADDER,Event-specific first-year cost; no annual patient-year cost added for the same outcome,0.0,0.0,0.0,0.0,0.0,0.0
S0,2039,breast_cancer,direct_medical,avoided_incident_case_first_year,0.0,53995.542586727424,26175.98574835096,99226.21468667472,CHINA_BREAST_NEW_DIAGNOSIS_COURSE,Event-specific first-year cost; no annual patient-year cost added for the same outcome,0.0,0.0,0.0,0.0,0.0,0.0
S0,2039,colon_cancer,direct_medical,avoided_incident_case_first_year,0.0,72296.25822013385,35047.815693114135,132856.9673630357,CHINA_CRC_NEW_DIAGNOSIS_COURSE,Event-specific first-year cost; no annual patient-year cost added for the same outcome,0.0,0.0,0.0,0.0,0.0,0.0
S0,2039,coronary_heart_disease,direct_medical,avoided_incident_case_first_year,0.0,21846.326995845397,8586.27962692537,46223.917226713966,CHINA_INCIDENT_MI_IMMEDIATE_PROXY,Event-specific first-year cost; no annual patient-year cost added for the same outcome,0.0,0.0,0.0,0.0,0.0,0.0
S0,2039,endometrial_cancer,direct_medical,avoided_incident_case_first_year,0.0,22329.17043600619,7912.595953582618,50409.93932055516,INTERNATIONAL_PROXY_ENDOMETRIAL,Event-specific first-year cost; no annual patient-year cost added for the same outcome,0.0,0.0,0.0,0.0,0.0,0.0
S0,2039,gastric_cancer,direct_medical,avoided_incident_case_first_year,0.0,64762.28390756019,31395.4919125426,119011.97726255516,CHINA_GASTRIC_NEW_DIAGNOSIS_COURSE,Event-specific first-year cost; no annual patient-year cost added for the same outcome,0.0,0.0,0.0,0.0,0.0,0.0
S0,2039,oesophageal_cancer,direct_medical,avoided_incident_case_first_year,0.0,68356.63525540795,29827.5487154762,135047.26753332303,CHINA_OESOPHAGEAL_NEW_DIAGNOSIS_DERIVED,Event-specific first-year cost; no annual patient-year cost added for the same outcome,0.0,0.0,0.0,0.0,0.0,0.0
S0,2039,renal_cancer,direct_medical,avoided_incident_case_first_year,0.0,13135.225379367826,4654.616770652017,29653.851952691733,INTERNATIONAL_PROXY_RENAL,Event-specific first-year cost; no annual patient-year cost added for the same outcome,0.0,0.0,0.0,0.0,0.0,0.0
S0,2039,stroke,direct_medical,avoided_incident_case_first_year,0.0,29612.850356671155,4730.172689851648,100820.84684525008,CHINA_FIRST_ISCHAEMIC_STROKE_ONE_YEAR,Event-specific first-year cost; no annual patient-year cost added for the same outcome,0.0,0.0,0.0,0.0,0.0,0.0
S0,2040,bladder_cancer,direct_medical,avoided_incident_case_first_year,0.0,17917.502226658013,6349.271058827539,40450.2353820222,INTERNATIONAL_PROXY_BLADDER,Event-specific first-year cost; no annual patient-year cost added for the same outcome,0.0,0.0,0.0,0.0,0.0,0.0
S0,2040,breast_cancer,direct_medical,avoided_incident_case_first_year,0.0,53995.542586727424,26175.98574835096,99226.21468667472,CHINA_BREAST_NEW_DIAGNOSIS_COURSE,Event-specific first-year cost; no annual patient-year cost added for the same outcome,0.0,0.0,0.0,0.0,0.0,0.0
S0,2040,colon_cancer,direct_medical,avoided_incident_case_first_year,0.0,72296.25822013385,35047.815693114135,132856.9673630357,CHINA_CRC_NEW_DIAGNOSIS_COURSE,Event-specific first-year cost; no annual patient-year cost added for the same outcome,0.0,0.0,0.0,0.0,0.0,0.0
S0,2040,coronary_heart_disease,direct_medical,avoided_incident_case_first_year,0.0,21846.326995845397,8586.27962692537,46223.917226713966,CHINA_INCIDENT_MI_IMMEDIATE_PROXY,Event-specific first-year cost; no annual patient-year cost added for the same outcome,0.0,0.0,0.0,0.0,0.0,0.0
S0,2040,endometrial_cancer,direct_medical,avoided_incident_case_first_year,0.0,22329.17043600619,7912.595953582618,50409.93932055516,INTERNATIONAL_PROXY_ENDOMETRIAL,Event-specific first-year cost; no annual patient-year cost added for the same outcome,0.0,0.0,0.0,0.0,0.0,0.0
S0,2040,gastric_cancer,direct_medical,avoided_incident_case_first_year,0.0,64762.28390756019,31395.4919125426,119011.97726255516,CHINA_GASTRIC_NEW_DIAGNOSIS_COURSE,Event-specific first-year cost; no annual patient-year cost added for the same outcome,0.0,0.0,0.0,0.0,0.0,0.0
S0,2040,oesophageal_cancer,direct_medical,avoided_incident_case_first_year,0.0,68356.63525540795,29827.5487154762,135047.26753332303,CHINA_OESOPHAGEAL_NEW_DIAGNOSIS_DERIVED,Event-specific first-year cost; no annual patient-year cost added for the same outcome,0.0,0.0,0.0,0.0,0.0,0.0
S0,2040,renal_cancer,direct_medical,avoided_incident_case_first_year,0.0,13135.225379367826,4654.616770652017,29653.851952691733,INTERNATIONAL_PROXY_RENAL,Event-specific first-year cost; no annual patient-year cost added for the same outcome,0.0,0.0,0.0,0.0,0.0,0.0
S0,2040,stroke,direct_medical,avoided_incident_case_first_year,0.0,29612.850356671155,4730.172689851648,100820.84684525008,CHINA_FIRST_ISCHAEMIC_STROKE_ONE_YEAR,Event-specific first-year cost; no annual patient-year cost added for the same outcome,0.0,0.0,0.0,0.0,0.0,0.0
S0,2041,bladder_cancer,direct_medical,avoided_incident_case_first_year,0.0,17917.502226658013,6349.271058827539,40450.2353820222,INTERNATIONAL_PROXY_BLADDER,Event-specific first-year cost; no annual patient-year cost added for the same outcome,0.0,0.0,0.0,0.0,0.0,0.0
S0,2041,breast_cancer,direct_medical,avoided_incident_case_first_year,0.0,53995.542586727424,26175.98574835096,99226.21468667472,CHINA_BREAST_NEW_DIAGNOSIS_COURSE,Event-specific first-year cost; no annual patient-year cost added for the same outcome,0.0,0.0,0.0,0.0,0.0,0.0
S0,2041,colon_cancer,direct_medical,avoided_incident_case_first_year,0.0,72296.25822013385,35047.815693114135,132856.9673630357,CHINA_CRC_NEW_DIAGNOSIS_COURSE,Event-specific first-year cost; no annual patient-year cost added for the same outcome,0.0,0.0,0.0,0.0,0.0,0.0
S0,2041,coronary_heart_disease,direct_medical,avoided_incident_case_first_year,0.0,21846.326995845397,8586.27962692537,46223.917226713966,CHINA_INCIDENT_MI_IMMEDIATE_PROXY,Event-specific first-year cost; no annual patient-year cost added for the same outcome,0.0,0.0,0.0,0.0,0.0,0.0
S0,2041,endometrial_cancer,direct_medical,avoided_incident_case_first_year,0.0,22329.17043600619,7912.595953582618,50409.93932055516,INTERNATIONAL_PROXY_ENDOMETRIAL,Event-specific first-year cost; no annual patient-year cost added for the same outcome,0.0,0.0,0.0,0.0,0.0,0.0
S0,2041,gastric_cancer,direct_medical,avoided_incident_case_first_year,0.0,64762.28390756019,31395.4919125426,119011.97726255516,CHINA_GASTRIC_NEW_DIAGNOSIS_COURSE,Event-specific first-year cost; no annual patient-year cost added for the same outcome,0.0,0.0,0.0,0.0,0.0,0.0
S0,2041,oesophageal_cancer,direct_medical,avoided_incident_case_first_year,0.0,68356.63525540795,29827.5487154762,135047.26753332303,CHINA_OESOPHAGEAL_NEW_DIAGNOSIS_DERIVED,Event-specific first-year cost; no annual patient-year cost added for the same outcome,0.0,0.0,0.0,0.0,0.0,0.0
S0,2041,renal_cancer,direct_medical,avoided_incident_case_first_year,0.0,13135.225379367826,4654.616770652017,29653.851952691733,INTERNATIONAL_PROXY_RENAL,Event-specific first-year cost; no annual patient-year cost added for the same outcome,0.0,0.0,0.0,0.0,0.0,0.0
S0,2041,stroke,direct_medical,avoided_incident_case_first_year,0.0,29612.850356671155,4730.172689851648,100820.84684525008,CHINA_FIRST_ISCHAEMIC_STROKE_ONE_YEAR,Event-specific first-year cost; no annual patient-year cost added for the same outcome,0.0,0.0,0.0,0.0,0.0,0.0
S0,2042,bladder_cancer,direct_medical,avoided_incident_case_first_year,0.0,17917.502226658013,6349.271058827539,40450.2353820222,INTERNATIONAL_PROXY_BLADDER,Event-specific first-year cost; no annual patient-year cost added for the same outcome,0.0,0.0,0.0,0.0,0.0,0.0
S0,2042,breast_cancer,direct_medical,avoided_incident_case_first_year,0.0,53995.542586727424,26175.98574835096,99226.21468667472,CHINA_BREAST_NEW_DIAGNOSIS_COURSE,Event-specific first-year cost; no annual patient-year cost added for the same outcome,0.0,0.0,0.0,0.0,0.0,0.0
S0,2042,colon_cancer,direct_medical,avoided_incident_case_first_year,0.0,72296.25822013385,35047.815693114135,132856.9673630357,CHINA_CRC_NEW_DIAGNOSIS_COURSE,Event-specific first-year cost; no annual patient-year cost added for the same outcome,0.0,0.0,0.0,0.0,0.0,0.0
S0,2042,coronary_heart_disease,direct_medical,avoided_incident_case_first_year,0.0,21846.326995845397,8586.27962692537,46223.917226713966,CHINA_INCIDENT_MI_IMMEDIATE_PROXY,Event-specific first-year cost; no annual patient-year cost added for the same outcome,0.0,0.0,0.0,0.0,0.0,0.0
S0,2042,endometrial_cancer,direct_medical,avoided_incident_case_first_year,0.0,22329.17043600619,7912.595953582618,50409.93932055516,INTERNATIONAL_PROXY_ENDOMETRIAL,Event-specific first-year cost; no annual patient-year cost added for the same outcome,0.0,0.0,0.0,0.0,0.0,0.0
S0,2042,gastric_cancer,direct_medical,avoided_incident_case_first_year,0.0,64762.28390756019,31395.4919125426,119011.97726255516,CHINA_GASTRIC_NEW_DIAGNOSIS_COURSE,Event-specific first-year cost; no annual patient-year cost added for the same outcome,0.0,0.0,0.0,0.0,0.0,0.0
S0,2042,oesophageal_cancer,direct_medical,avoided_incident_case_first_year,0.0,68356.63525540795,29827.5487154762,135047.26753332303,CHINA_OESOPHAGEAL_NEW_DIAGNOSIS_DERIVED,Event-specific first-year cost; no annual patient-year cost added for the same outcome,0.0,0.0,0.0,0.0,0.0,0.0
S0,2042,renal_cancer,direct_medical,avoided_incident_case_first_year,0.0,13135.225379367826,4654.616770652017,29653.851952691733,INTERNATIONAL_PROXY_RENAL,Event-specific first-year cost; no annual patient-year cost added for the same outcome,0.0,0.0,0.0,0.0,0.0,0.0
S0,2042,stroke,direct_medical,avoided_incident_case_first_year,0.0,29612.850356671155,4730.172689851648,100820.84684525008,CHINA_FIRST_ISCHAEMIC_STROKE_ONE_YEAR,Event-specific first-year cost; no annual patient-year cost added for the same outcome,0.0,0.0,0.0,0.0,0.0,0.0
S0,2043,bladder_cancer,direct_medical,avoided_incident_case_first_year,0.0,17917.502226658013,6349.271058827539,40450.2353820222,INTERNATIONAL_PROXY_BLADDER,Event-specific first-year cost; no annual patient-year cost added for the same outcome,0.0,0.0,0.0,0.0,0.0,0.0
S0,2043,breast_cancer,direct_medical,avoided_incident_case_first_year,0.0,53995.542586727424,26175.98574835096,99226.21468667472,CHINA_BREAST_NEW_DIAGNOSIS_COURSE,Event-specific first-year cost; no annual patient-year cost added for the same outcome,0.0,0.0,0.0,0.0,0.0,0.0
S0,2043,colon_cancer,direct_medical,avoided_incident_case_first_year,0.0,72296.25822013385,35047.815693114135,132856.9673630357,CHINA_CRC_NEW_DIAGNOSIS_COURSE,Event-specific first-year cost; no annual patient-year cost added for the same outcome,0.0,0.0,0.0,0.0,0.0,0.0
S0,2043,coronary_heart_disease,direct_medical,avoided_incident_case_first_year,0.0,21846.326995845397,8586.27962692537,46223.917226713966,CHINA_INCIDENT_MI_IMMEDIATE_PROXY,Event-specific first-year cost; no annual patient-year cost added for the same outcome,0.0,0.0,0.0,0.0,0.0,0.0
S0,2043,endometrial_cancer,direct_medical,avoided_incident_case_first_year,0.0,22329.17043600619,7912.595953582618,50409.93932055516,INTERNATIONAL_PROXY_ENDOMETRIAL,Event-specific first-year cost; no annual patient-year cost added for the same outcome,0.0,0.0,0.0,0.0,0.0,0.0
S0,2043,gastric_cancer,direct_medical,avoided_incident_case_first_year,0.0,64762.28390756019,31395.4919125426,119011.97726255516,CHINA_GASTRIC_NEW_DIAGNOSIS_COURSE,Event-specific first-year cost; no annual patient-year cost added for the same outcome,0.0,0.0,0.0,0.0,0.0,0.0
S0,2043,oesophageal_cancer,direct_medical,avoided_incident_case_first_year,0.0,68356.63525540795,29827.5487154762,135047.26753332303,CHINA_OESOPHAGEAL_NEW_DIAGNOSIS_DERIVED,Event-specific first-year cost; no annual patient-year cost added for the same outcome,0.0,0.0,0.0,0.0,0.0,0.0
S0,2043,renal_cancer,direct_medical,avoided_incident_case_first_year,0.0,13135.225379367826,4654.616770652017,29653.851952691733,INTERNATIONAL_PROXY_RENAL,Event-specific first-year cost; no annual patient-year cost added for the same outcome,0.0,0.0,0.0,0.0,0.0,0.0
S0,2043,stroke,direct_medical,avoided_incident_case_first_year,0.0,29612.850356671155,4730.172689851648,100820.84684525008,CHINA_FIRST_ISCHAEMIC_STROKE_ONE_YEAR,Event-specific first-year cost; no annual patient-year cost added for the same outcome,0.0,0.0,0.0,0.0,0.0,0.0
S0,2044,bladder_cancer,direct_medical,avoided_incident_case_first_year,0.0,17917.502226658013,6349.271058827539,40450.2353820222,INTERNATIONAL_PROXY_BLADDER,Event-specific first-year cost; no annual patient-year cost added for the same outcome,0.0,0.0,0.0,0.0,0.0,0.0
S0,2044,breast_cancer,direct_medical,avoided_incident_case_first_year,0.0,53995.542586727424,26175.98574835096,99226.21468667472,CHINA_BREAST_NEW_DIAGNOSIS_COURSE,Event-specific first-year cost; no annual patient-year cost added for the same outcome,0.0,0.0,0.0,0.0,0.0,0.0
S0,2044,colon_cancer,direct_medical,avoided_incident_case_first_year,0.0,72296.25822013385,35047.815693114135,132856.9673630357,CHINA_CRC_NEW_DIAGNOSIS_COURSE,Event-specific first-year cost; no annual patient-year cost added for the same outcome,0.0,0.0,0.0,0.0,0.0,0.0
S0,2044,coronary_heart_disease,direct_medical,avoided_incident_case_first_year,0.0,21846.326995845397,8586.27962692537,46223.917226713966,CHINA_INCIDENT_MI_IMMEDIATE_PROXY,Event-specific first-year cost; no annual patient-year cost added for the same outcome,0.0,0.0,0.0,0.0,0.0,0.0
S0,2044,endometrial_cancer,direct_medical,avoided_incident_case_first_year,0.0,22329.17043600619,7912.595953582618,50409.93932055516,INTERNATIONAL_PROXY_ENDOMETRIAL,Event-specific first-year cost; no annual patient-year cost added for the same outcome,0.0,0.0,0.0,0.0,0.0,0.0
S0,2044,gastric_cancer,direct_medical,avoided_incident_case_first_year,0.0,64762.28390756019,31395.4919125426,119011.97726255516,CHINA_GASTRIC_NEW_DIAGNOSIS_COURSE,Event-specific first-year cost; no annual patient-year cost added for the same outcome,0.0,0.0,0.0,0.0,0.0,0.0
S0,2044,oesophageal_cancer,direct_medical,avoided_incident_case_first_year,0.0,68356.63525540795,29827.5487154762,135047.26753332303,CHINA_OESOPHAGEAL_NEW_DIAGNOSIS_DERIVED,Event-specific first-year cost; no annual patient-year cost added for the same outcome,0.0,0.0,0.0,0.0,0.0,0.0
S0,2044,renal_cancer,direct_medical,avoided_incident_case_first_year,0.0,13135.225379367826,4654.616770652017,29653.851952691733,INTERNATIONAL_PROXY_RENAL,Event-specific first-year cost; no annual patient-year cost added for the same outcome,0.0,0.0,0.0,0.0,0.0,0.0
S0,2044,stroke,direct_medical,avoided_incident_case_first_year,0.0,29612.850356671155,4730.172689851648,100820.84684525008,CHINA_FIRST_ISCHAEMIC_STROKE_ONE_YEAR,Event-specific first-year cost; no annual patient-year cost added for the same outcome,0.0,0.0,0.0,0.0,0.0,0.0
S0,2045,bladder_cancer,direct_medical,avoided_incident_case_first_year,0.0,17917.502226658013,6349.271058827539,40450.2353820222,INTERNATIONAL_PROXY_BLADDER,Event-specific first-year cost; no annual patient-year cost added for the same outcome,0.0,0.0,0.0,0.0,0.0,0.0
S0,2045,breast_cancer,direct_medical,avoided_incident_case_first_year,0.0,53995.542586727424,26175.98574835096,99226.21468667472,CHINA_BREAST_NEW_DIAGNOSIS_COURSE,Event-specific first-year cost; no annual patient-year cost added for the same outcome,0.0,0.0,0.0,0.0,0.0,0.0
S0,2045,colon_cancer,direct_medical,avoided_incident_case_first_year,0.0,72296.25822013385,35047.815693114135,132856.9673630357,CHINA_CRC_NEW_DIAGNOSIS_COURSE,Event-specific first-year cost; no annual patient-year cost added for the same outcome,0.0,0.0,0.0,0.0,0.0,0.0
S0,2045,coronary_heart_disease,direct_medical,avoided_incident_case_first_year,0.0,21846.326995845397,8586.27962692537,46223.917226713966,CHINA_INCIDENT_MI_IMMEDIATE_PROXY,Event-specific first-year cost; no annual patient-year cost added for the same outcome,0.0,0.0,0.0,0.0,0.0,0.0
S0,2045,endometrial_cancer,direct_medical,avoided_incident_case_first_year,0.0,22329.17043600619,7912.595953582618,50409.93932055516,INTERNATIONAL_PROXY_ENDOMETRIAL,Event-specific first-year cost; no annual patient-year cost added for the same outcome,0.0,0.0,0.0,0.0,0.0,0.0
S0,2045,gastric_cancer,direct_medical,avoided_incident_case_first_year,0.0,64762.28390756019,31395.4919125426,119011.97726255516,CHINA_GASTRIC_NEW_DIAGNOSIS_COURSE,Event-specific first-year cost; no annual patient-year cost added for the same outcome,0.0,0.0,0.0,0.0,0.0,0.0
S0,2045,oesophageal_cancer,direct_medical,avoided_incident_case_first_year,0.0,68356.63525540795,29827.5487154762,135047.26753332303,CHINA_OESOPHAGEAL_NEW_DIAGNOSIS_DERIVED,Event-specific first-year cost; no annual patient-year cost added for the same outcome,0.0,0.0,0.0,0.0,0.0,0.0
S0,2045,renal_cancer,direct_medical,avoided_incident_case_first_year,0.0,13135.225379367826,4654.616770652017,29653.851952691733,INTERNATIONAL_PROXY_RENAL,Event-specific first-year cost; no annual patient-year cost added for the same outcome,0.0,0.0,0.0,0.0,0.0,0.0
S0,2045,stroke,direct_medical,avoided_incident_case_first_year,0.0,29612.850356671155,4730.172689851648,100820.84684525008,CHINA_FIRST_ISCHAEMIC_STROKE_ONE_YEAR,Event-specific first-year cost; no annual patient-year cost added for the same outcome,0.0,0.0,0.0,0.0,0.0,0.0
S0,2046,bladder_cancer,direct_medical,avoided_incident_case_first_year,0.0,17917.502226658013,6349.271058827539,40450.2353820222,INTERNATIONAL_PROXY_BLADDER,Event-specific first-year cost; no annual patient-year cost added for the same outcome,0.0,0.0,0.0,0.0,0.0,0.0
S0,2046,breast_cancer,direct_medical,avoided_incident_case_first_year,0.0,53995.542586727424,26175.98574835096,99226.21468667472,CHINA_BREAST_NEW_DIAGNOSIS_COURSE,Event-specific first-year cost; no annual patient-year cost added for the same outcome,0.0,0.0,0.0,0.0,0.0,0.0
S0,2046,colon_cancer,direct_medical,avoided_incident_case_first_year,0.0,72296.25822013385,35047.815693114135,132856.9673630357,CHINA_CRC_NEW_DIAGNOSIS_COURSE,Event-specific first-year cost; no annual patient-year cost added for the same outcome,0.0,0.0,0.0,0.0,0.0,0.0
S0,2046,coronary_heart_disease,direct_medical,avoided_incident_case_first_year,0.0,21846.326995845397,8586.27962692537,46223.917226713966,CHINA_INCIDENT_MI_IMMEDIATE_PROXY,Event-specific first-year cost; no annual patient-year cost added for the same outcome,0.0,0.0,0.0,0.0,0.0,0.0
S0,2046,endometrial_cancer,direct_medical,avoided_incident_case_first_year,0.0,22329.17043600619,7912.595953582618,50409.93932055516,INTERNATIONAL_PROXY_ENDOMETRIAL,Event-specific first-year cost; no annual patient-year cost added for the same outcome,0.0,0.0,0.0,0.0,0.0,0.0
S0,2046,gastric_cancer,direct_medical,avoided_incident_case_first_year,0.0,64762.28390756019,31395.4919125426,119011.97726255516,CHINA_GASTRIC_NEW_DIAGNOSIS_COURSE,Event-specific first-year cost; no annual patient-year cost added for the same outcome,0.0,0.0,0.0,0.0,0.0,0.0
S0,2046,oesophageal_cancer,direct_medical,avoided_incident_case_first_year,0.0,68356.63525540795,29827.5487154762,135047.26753332303,CHINA_OESOPHAGEAL_NEW_DIAGNOSIS_DERIVED,Event-specific first-year cost; no annual patient-year cost added for the same outcome,0.0,0.0,0.0,0.0,0.0,0.0
S0,2046,renal_cancer,direct_medical,avoided_incident_case_first_year,0.0,13135.225379367826,4654.616770652017,29653.851952691733,INTERNATIONAL_PROXY_RENAL,Event-specific first-year cost; no annual patient-year cost added for the same outcome,0.0,0.0,0.0,0.0,0.0,0.0
S0,2046,stroke,direct_medical,avoided_incident_case_first_year,0.0,29612.850356671155,4730.172689851648,100820.84684525008,CHINA_FIRST_ISCHAEMIC_STROKE_ONE_YEAR,Event-specific first-year cost; no annual patient-year cost added for the same outcome,0.0,0.0,0.0,0.0,0.0,0.0
S0,2047,bladder_cancer,direct_medical,avoided_incident_case_first_year,0.0,17917.502226658013,6349.271058827539,40450.2353820222,INTERNATIONAL_PROXY_BLADDER,Event-specific first-year cost; no annual patient-year cost added for the same outcome,0.0,0.0,0.0,0.0,0.0,0.0
S0,2047,breast_cancer,direct_medical,avoided_incident_case_first_year,0.0,53995.542586727424,26175.98574835096,99226.21468667472,CHINA_BREAST_NEW_DIAGNOSIS_COURSE,Event-specific first-year cost; no annual patient-year cost added for the same outcome,0.0,0.0,0.0,0.0,0.0,0.0
S0,2047,colon_cancer,direct_medical,avoided_incident_case_first_year,0.0,72296.25822013385,35047.815693114135,132856.9673630357,CHINA_CRC_NEW_DIAGNOSIS_COURSE,Event-specific first-year cost; no annual patient-year cost added for the same outcome,0.0,0.0,0.0,0.0,0.0,0.0
S0,2047,coronary_heart_disease,direct_medical,avoided_incident_case_first_year,0.0,21846.326995845397,8586.27962692537,46223.917226713966,CHINA_INCIDENT_MI_IMMEDIATE_PROXY,Event-specific first-year cost; no annual patient-year cost added for the same outcome,0.0,0.0,0.0,0.0,0.0,0.0
S0,2047,endometrial_cancer,direct_medical,avoided_incident_case_first_year,0.0,22329.17043600619,7912.595953582618,50409.93932055516,INTERNATIONAL_PROXY_ENDOMETRIAL,Event-specific first-year cost; no annual patient-year cost added for the same outcome,0.0,0.0,0.0,0.0,0.0,0.0
S0,2047,gastric_cancer,direct_medical,avoided_incident_case_first_year,0.0,64762.28390756019,31395.4919125426,119011.97726255516,CHINA_GASTRIC_NEW_DIAGNOSIS_COURSE,Event-specific first-year cost; no annual patient-year cost added for the same outcome,0.0,0.0,0.0,0.0,0.0,0.0
S0,2047,oesophageal_cancer,direct_medical,avoided_incident_case_first_year,0.0,68356.63525540795,29827.5487154762,135047.26753332303,CHINA_OESOPHAGEAL_NEW_DIAGNOSIS_DERIVED,Event-specific first-year cost; no annual patient-year cost added for the same outcome,0.0,0.0,0.0,0.0,0.0,0.0
S0,2047,renal_cancer,direct_medical,avoided_incident_case_first_year,0.0,13135.225379367826,4654.616770652017,29653.851952691733,INTERNATIONAL_PROXY_RENAL,Event-specific first-year cost; no annual patient-year cost added for the same outcome,0.0,0.0,0.0,0.0,0.0,0.0
S0,2047,stroke,direct_medical,avoided_incident_case_first_year,0.0,29612.850356671155,4730.172689851648,100820.84684525008,CHINA_FIRST_ISCHAEMIC_STROKE_ONE_YEAR,Event-specific first-year cost; no annual patient-year cost added for the same outcome,0.0,0.0,0.0,0.0,0.0,0.0
S0,2048,bladder_cancer,direct_medical,avoided_incident_case_first_year,0.0,17917.502226658013,6349.271058827539,40450.2353820222,INTERNATIONAL_PROXY_BLADDER,Event-specific first-year cost; no annual patient-year cost added for the same outcome,0.0,0.0,0.0,0.0,0.0,0.0
S0,2048,breast_cancer,direct_medical,avoided_incident_case_first_year,0.0,53995.542586727424,26175.98574835096,99226.21468667472,CHINA_BREAST_NEW_DIAGNOSIS_COURSE,Event-specific first-year cost; no annual patient-year cost added for the same outcome,0.0,0.0,0.0,0.0,0.0,0.0
S0,2048,colon_cancer,direct_medical,avoided_incident_case_first_year,0.0,72296.25822013385,35047.815693114135,132856.9673630357,CHINA_CRC_NEW_DIAGNOSIS_COURSE,Event-specific first-year cost; no annual patient-year cost added for the same outcome,0.0,0.0,0.0,0.0,0.0,0.0
S0,2048,coronary_heart_disease,direct_medical,avoided_incident_case_first_year,0.0,21846.326995845397,8586.27962692537,46223.917226713966,CHINA_INCIDENT_MI_IMMEDIATE_PROXY,Event-specific first-year cost; no annual patient-year cost added for the same outcome,0.0,0.0,0.0,0.0,0.0,0.0
S0,2048,endometrial_cancer,direct_medical,avoided_incident_case_first_year,0.0,22329.17043600619,7912.595953582618,50409.93932055516,INTERNATIONAL_PROXY_ENDOMETRIAL,Event-specific first-year cost; no annual patient-year cost added for the same outcome,0.0,0.0,0.0,0.0,0.0,0.0
S0,2048,gastric_cancer,direct_medical,avoided_incident_case_first_year,0.0,64762.28390756019,31395.4919125426,119011.97726255516,CHINA_GASTRIC_NEW_DIAGNOSIS_COURSE,Event-specific first-year cost; no annual patient-year cost added for the same outcome,0.0,0.0,0.0,0.0,0.0,0.0
S0,2048,oesophageal_cancer,direct_medical,avoided_incident_case_first_year,0.0,68356.63525540795,29827.5487154762,135047.26753332303,CHINA_OESOPHAGEAL_NEW_DIAGNOSIS_DERIVED,Event-specific first-year cost; no annual patient-year cost added for the same outcome,0.0,0.0,0.0,0.0,0.0,0.0
S0,2048,renal_cancer,direct_medical,avoided_incident_case_first_year,0.0,13135.225379367826,4654.616770652017,29653.851952691733,INTERNATIONAL_PROXY_RENAL,Event-specific first-year cost; no annual patient-year cost added for the same outcome,0.0,0.0,0.0,0.0,0.0,0.0
S0,2048,stroke,direct_medical,avoided_incident_case_first_year,0.0,29612.850356671155,4730.172689851648,100820.84684525008,CHINA_FIRST_ISCHAEMIC_STROKE_ONE_YEAR,Event-specific first-year cost; no annual patient-year cost added for the same outcome,0.0,0.0,0.0,0.0,0.0,0.0
S0,2049,bladder_cancer,direct_medical,avoided_incident_case_first_year,0.0,17917.502226658013,6349.271058827539,40450.2353820222,INTERNATIONAL_PROXY_BLADDER,Event-specific first-year cost; no annual patient-year cost added for the same outcome,0.0,0.0,0.0,0.0,0.0,0.0
S0,2049,breast_cancer,direct_medical,avoided_incident_case_first_year,0.0,53995.542586727424,26175.98574835096,99226.21468667472,CHINA_BREAST_NEW_DIAGNOSIS_COURSE,Event-specific first-year cost; no annual patient-year cost added for the same outcome,0.0,0.0,0.0,0.0,0.0,0.0
S0,2049,colon_cancer,direct_medical,avoided_incident_case_first_year,0.0,72296.25822013385,35047.815693114135,132856.9673630357,CHINA_CRC_NEW_DIAGNOSIS_COURSE,Event-specific first-year cost; no annual patient-year cost added for the same outcome,0.0,0.0,0.0,0.0,0.0,0.0
S0,2049,coronary_heart_disease,direct_medical,avoided_incident_case_first_year,0.0,21846.326995845397,8586.27962692537,46223.917226713966,CHINA_INCIDENT_MI_IMMEDIATE_PROXY,Event-specific first-year cost; no annual patient-year cost added for the same outcome,0.0,0.0,0.0,0.0,0.0,0.0
S0,2049,endometrial_cancer,direct_medical,avoided_incident_case_first_year,0.0,22329.17043600619,7912.595953582618,50409.93932055516,INTERNATIONAL_PROXY_ENDOMETRIAL,Event-specific first-year cost; no annual patient-year cost added for the same outcome,0.0,0.0,0.0,0.0,0.0,0.0
S0,2049,gastric_cancer,direct_medical,avoided_incident_case_first_year,0.0,64762.28390756019,31395.4919125426,119011.97726255516,CHINA_GASTRIC_NEW_DIAGNOSIS_COURSE,Event-specific first-year cost; no annual patient-year cost added for the same outcome,0.0,0.0,0.0,0.0,0.0,0.0
S0,2049,oesophageal_cancer,direct_medical,avoided_incident_case_first_year,0.0,68356.63525540795,29827.5487154762,135047.26753332303,CHINA_OESOPHAGEAL_NEW_DIAGNOSIS_DERIVED,Event-specific first-year cost; no annual patient-year cost added for the same outcome,0.0,0.0,0.0,0.0,0.0,0.0
S0,2049,renal_cancer,direct_medical,avoided_incident_case_first_year,0.0,13135.225379367826,4654.616770652017,29653.851952691733,INTERNATIONAL_PROXY_RENAL,Event-specific first-year cost; no annual patient-year cost added for the same outcome,0.0,0.0,0.0,0.0,0.0,0.0
S0,2049,stroke,direct_medical,avoided_incident_case_first_year,0.0,29612.850356671155,4730.172689851648,100820.84684525008,CHINA_FIRST_ISCHAEMIC_STROKE_ONE_YEAR,Event-specific first-year cost; no annual patient-year cost added for the same outcome,0.0,0.0,0.0,0.0,0.0,0.0
S0,2050,bladder_cancer,direct_medical,avoided_incident_case_first_year,0.0,17917.502226658013,6349.271058827539,40450.2353820222,INTERNATIONAL_PROXY_BLADDER,Event-specific first-year cost; no annual patient-year cost added for the same outcome,0.0,0.0,0.0,0.0,0.0,0.0
S0,2050,breast_cancer,direct_medical,avoided_incident_case_first_year,0.0,53995.542586727424,26175.98574835096,99226.21468667472,CHINA_BREAST_NEW_DIAGNOSIS_COURSE,Event-specific first-year cost; no annual patient-year cost added for the same outcome,0.0,0.0,0.0,0.0,0.0,0.0
S0,2050,colon_cancer,direct_medical,avoided_incident_case_first_year,0.0,72296.25822013385,35047.815693114135,132856.9673630357,CHINA_CRC_NEW_DIAGNOSIS_COURSE,Event-specific first-year cost; no annual patient-year cost added for the same outcome,0.0,0.0,0.0,0.0,0.0,0.0
S0,2050,coronary_heart_disease,direct_medical,avoided_incident_case_first_year,0.0,21846.326995845397,8586.27962692537,46223.917226713966,CHINA_INCIDENT_MI_IMMEDIATE_PROXY,Event-specific first-year cost; no annual patient-year cost added for the same outcome,0.0,0.0,0.0,0.0,0.0,0.0
S0,2050,endometrial_cancer,direct_medical,avoided_incident_case_first_year,0.0,22329.17043600619,7912.595953582618,50409.93932055516,INTERNATIONAL_PROXY_ENDOMETRIAL,Event-specific first-year cost; no annual patient-year cost added for the same outcome,0.0,0.0,0.0,0.0,0.0,0.0
S0,2050,gastric_cancer,direct_medical,avoided_incident_case_first_year,0.0,64762.28390756019,31395.4919125426,119011.97726255516,CHINA_GASTRIC_NEW_DIAGNOSIS_COURSE,Event-specific first-year cost; no annual patient-year cost added for the same outcome,0.0,0.0,0.0,0.0,0.0,0.0
S0,2050,oesophageal_cancer,direct_medical,avoided_incident_case_first_year,0.0,68356.63525540795,29827.5487154762,135047.26753332303,CHINA_OESOPHAGEAL_NEW_DIAGNOSIS_DERIVED,Event-specific first-year cost; no annual patient-year cost added for the same outcome,0.0,0.0,0.0,0.0,0.0,0.0
S0,2050,renal_cancer,direct_medical,avoided_incident_case_first_year,0.0,13135.225379367826,4654.616770652017,29653.851952691733,INTERNATIONAL_PROXY_RENAL,Event-specific first-year cost; no annual patient-year cost added for the same outcome,0.0,0.0,0.0,0.0,0.0,0.0
S0,2050,stroke,direct_medical,avoided_incident_case_first_year,0.0,29612.850356671155,4730.172689851648,100820.84684525008,CHINA_FIRST_ISCHAEMIC_STROKE_ONE_YEAR,Event-specific first-year cost; no annual patient-year cost added for the same outcome,0.0,0.0,0.0,0.0,0.0,0.0
S1,2025,bladder_cancer,direct_medical,avoided_incident_case_first_year,0.0,17917.502226658013,6349.271058827539,40450.2353820222,INTERNATIONAL_PROXY_BLADDER,Event-specific first-year cost; no annual patient-year cost added for the same outcome,0.0,0.0,0.0,0.0,0.0,0.0
S1,2025,breast_cancer,direct_medical,avoided_incident_case_first_year,0.0,53995.542586727424,26175.98574835096,99226.21468667472,CHINA_BREAST_NEW_DIAGNOSIS_COURSE,Event-specific first-year cost; no annual patient-year cost added for the same outcome,0.0,0.0,0.0,0.0,0.0,0.0
S1,2025,colon_cancer,direct_medical,avoided_incident_case_first_year,0.0,72296.25822013385,35047.815693114135,132856.9673630357,CHINA_CRC_NEW_DIAGNOSIS_COURSE,Event-specific first-year cost; no annual patient-year cost added for the same outcome,0.0,0.0,0.0,0.0,0.0,0.0
S1,2025,coronary_heart_disease,direct_medical,avoided_incident_case_first_year,0.0,21846.326995845397,8586.27962692537,46223.917226713966,CHINA_INCIDENT_MI_IMMEDIATE_PROXY,Event-specific first-year cost; no annual patient-year cost added for the same outcome,0.0,0.0,0.0,0.0,0.0,0.0
S1,2025,endometrial_cancer,direct_medical,avoided_incident_case_first_year,0.0,22329.17043600619,7912.595953582618,50409.93932055516,INTERNATIONAL_PROXY_ENDOMETRIAL,Event-specific first-year cost; no annual patient-year cost added for the same outcome,0.0,0.0,0.0,0.0,0.0,0.0
S1,2025,gastric_cancer,direct_medical,avoided_incident_case_first_year,0.0,64762.28390756019,31395.4919125426,119011.97726255516,CHINA_GASTRIC_NEW_DIAGNOSIS_COURSE,Event-specific first-year cost; no annual patient-year cost added for the same outcome,0.0,0.0,0.0,0.0,0.0,0.0
S1,2025,oesophageal_cancer,direct_medical,avoided_incident_case_first_year,0.0,68356.63525540795,29827.5487154762,135047.26753332303,CHINA_OESOPHAGEAL_NEW_DIAGNOSIS_DERIVED,Event-specific first-year cost; no annual patient-year cost added for the same outcome,0.0,0.0,0.0,0.0,0.0,0.0
S1,2025,renal_cancer,direct_medical,avoided_incident_case_first_year,0.0,13135.225379367826,4654.616770652017,29653.851952691733,INTERNATIONAL_PROXY_RENAL,Event-specific first-year cost; no annual patient-year cost added for the same outcome,0.0,0.0,0.0,0.0,0.0,0.0
S1,2025,stroke,direct_medical,avoided_incident_case_first_year,0.0,29612.850356671155,4730.172689851648,100820.84684525008,CHINA_FIRST_ISCHAEMIC_STROKE_ONE_YEAR,Event-specific first-year cost; no annual patient-year cost added for the same outcome,0.0,0.0,0.0,0.0,0.0,0.0
S1,2026,bladder_cancer,direct_medical,avoided_incident_case_first_year,0.0,17917.502226658013,6349.271058827539,40450.2353820222,INTERNATIONAL_PROXY_BLADDER,Event-specific first-year cost; no annual patient-year cost added for the same outcome,0.0,0.0,0.0,0.0,0.0,0.0
S1,2026,breast_cancer,direct_medical,avoided_incident_case_first_year,0.0,53995.542586727424,26175.98574835096,99226.21468667472,CHINA_BREAST_NEW_DIAGNOSIS_COURSE,Event-specific first-year cost; no annual patient-year cost added for the same outcome,0.0,0.0,0.0,0.0,0.0,0.0
S1,2026,colon_cancer,direct_medical,avoided_incident_case_first_year,0.0,72296.25822013385,35047.815693114135,132856.9673630357,CHINA_CRC_NEW_DIAGNOSIS_COURSE,Event-specific first-year cost; no annual patient-year cost added for the same outcome,0.0,0.0,0.0,0.0,0.0,0.0
S1,2026,coronary_heart_disease,direct_medical,avoided_incident_case_first_year,157.45373559028423,21846.326995845397,8586.27962692537,46223.917226713966,CHINA_INCIDENT_MI_IMMEDIATE_PROXY,Event-specific first-year cost; no annual patient-year cost added for the same outcome,3439785.7944227294,3339597.858662844,1351941.8020821516,1312564.8563904385,7278128.440962205,7066144.117439033
S1,2026,endometrial_cancer,direct_medical,avoided_incident_case_first_year,0.0,22329.17043600619,7912.595953582618,50409.93932055516,INTERNATIONAL_PROXY_ENDOMETRIAL,Event-specific first-year cost; no annual patient-year cost added for the same outcome,0.0,0.0,0.0,0.0,0.0,0.0
S1,2026,gastric_cancer,direct_medical,avoided_incident_case_first_year,0.0,64762.28390756019,31395.4919125426,119011.97726255516,CHINA_GASTRIC_NEW_DIAGNOSIS_COURSE,Event-specific first-year cost; no annual patient-year cost added for the same outcome,0.0,0.0,0.0,0.0,0.0,0.0
S1,2026,oesophageal_cancer,direct_medical,avoided_incident_case_first_year,0.0,68356.63525540795,29827.5487154762,135047.26753332303,CHINA_OESOPHAGEAL_NEW_DIAGNOSIS_DERIVED,Event-specific first-year cost; no annual patient-year cost added for the same outcome,0.0,0.0,0.0,0.0,0.0,0.0
S1,2026,renal_cancer,direct_medical,avoided_incident_case_first_year,0.0,13135.225379367826,4654.616770652017,29653.851952691733,INTERNATIONAL_PROXY_RENAL,Event-specific first-year cost; no annual patient-year cost added for the same outcome,0.0,0.0,0.0,0.0,0.0,0.0
S1,2026,stroke,direct_medical,avoided_incident_case_first_year,328.1986505827903,29612.850356671155,4730.172689851648,100820.84684525008,CHINA_FIRST_ISCHAEMIC_STROKE_ONE_YEAR,Event-specific first-year cost; no annual patient-year cost added for the same outcome,9718897.526969574,9435822.841718033,1552436.2938328786,1507219.7027503676,33089265.88522525,32125500.859441992
S1,2027,bladder_cancer,direct_medical,avoided_incident_case_first_year,0.0,17917.502226658013,6349.271058827539,40450.2353820222,INTERNATIONAL_PROXY_BLADDER,Event-specific first-year cost; no annual patient-year cost added for the same outcome,0.0,0.0,0.0,0.0,0.0,0.0
S1,2027,breast_cancer,direct_medical,avoided_incident_case_first_year,0.0,53995.542586727424,26175.98574835096,99226.21468667472,CHINA_BREAST_NEW_DIAGNOSIS_COURSE,Event-specific first-year cost; no annual patient-year cost added for the same outcome,0.0,0.0,0.0,0.0,0.0,0.0
S1,2027,colon_cancer,direct_medical,avoided_incident_case_first_year,0.0,72296.25822013385,35047.815693114135,132856.9673630357,CHINA_CRC_NEW_DIAGNOSIS_COURSE,Event-specific first-year cost; no annual patient-year cost added for the same outcome,0.0,0.0,0.0,0.0,0.0,0.0
S1,2027,coronary_heart_disease,direct_medical,avoided_incident_case_first_year,548.33792060777,21846.326995845397,8586.27962692537,46223.917226713966,CHINA_INCIDENT_MI_IMMEDIATE_PROXY,Event-specific first-year cost; no annual patient-year cost added for the same outcome,11979169.517819256,11291516.182316199,4708182.716385117,4437913.767918859,25346326.654442016,23891343.816044882
S1,2027,endometrial_cancer,direct_medical,avoided_incident_case_first_year,0.0,22329.17043600619,7912.595953582618,50409.93932055516,INTERNATIONAL_PROXY_ENDOMETRIAL,Event-specific first-year cost; no annual patient-year cost added for the same outcome,0.0,0.0,0.0,0.0,0.0,0.0
S1,2027,gastric_cancer,direct_medical,avoided_incident_case_first_year,0.0,64762.28390756019,31395.4919125426,119011.97726255516,CHINA_GASTRIC_NEW_DIAGNOSIS_COURSE,Event-specific first-year cost; no annual patient-year cost added for the same outcome,0.0,0.0,0.0,0.0,0.0,0.0
S1,2027,oesophageal_cancer,direct_medical,avoided_incident_case_first_year,0.0,68356.63525540795,29827.5487154762,135047.26753332303,CHINA_OESOPHAGEAL_NEW_DIAGNOSIS_DERIVED,Event-specific first-year cost; no annual patient-year cost added for the same outcome,0.0,0.0,0.0,0.0,0.0,0.0
S1,2027,renal_cancer,direct_medical,avoided_incident_case_first_year,0.0,13135.225379367826,4654.616770652017,29653.851952691733,INTERNATIONAL_PROXY_RENAL,Event-specific first-year cost; no annual patient-year cost added for the same outcome,0.0,0.0,0.0,0.0,0.0,0.0
S1,2027,stroke,direct_medical,avoided_incident_case_first_year,1132.5657859958374,29612.850356671155,4730.172689851648,100820.84684525008,CHINA_FIRST_ISCHAEMIC_STROKE_ONE_YEAR,Event-specific first-year cost; no annual patient-year cost added for the same outcome,33538501.13978038,31613253.972834744,5357231.750377876,5049704.732187648,114186241.6520566,107631484.26058687
S1,2028,bladder_cancer,direct_medical,avoided_incident_case_first_year,5.830421482647359,17917.502226658013,6349.271058827539,40450.2353820222,INTERNATIONAL_PROXY_BLADDER,Event-specific first-year cost; no annual patient-year cost added for the same outcome,104466.58989768877,95601.72842593692,37018.926380539226,33877.56171535912,235841.9213494845,215828.7672488046
S1,2028,breast_cancer,direct_medical,avoided_incident_case_first_year,18.192191543208928,53995.542586727424,26175.98574835096,99226.21468667472,CHINA_BREAST_NEW_DIAGNOSIS_COURSE,Event-specific first-year cost; no annual patient-year cost added for the same outcome,982297.2532172402,898941.1382872759,476198.5465663077,435789.12808625365,1805142.3036875573,1651960.9231652163
S1,2028,colon_cancer,direct_medical,avoided_incident_case_first_year,44.104136803524085,72296.25822013385,35047.815693114135,132856.9673630357,CHINA_CRC_NEW_DIAGNOSIS_COURSE,Event-specific first-year cost; no annual patient-year cost added for the same outcome,3188564.062923686,2917987.8074978343,1545753.6579938042,1414583.5675276662,5859541.863880661,5362310.864361054
S1,2028,coronary_heart_disease,direct_medical,avoided_incident_case_first_year,1199.5822154535863,21846.326995845397,8586.27962692537,46223.917226713966,CHINA_INCIDENT_MI_IMMEDIATE_PROXY,Event-specific first-year cost; no annual patient-year cost added for the same outcome,26206465.33719971,23982628.174466003,10299948.337371128,9425911.81271363,55449389.03376473,50744045.89047834
S1,2028,endometrial_cancer,direct_medical,avoided_incident_case_first_year,3.431347901816336,22329.17043600619,7912.595953582618,50409.93932055516,INTERNATIONAL_PROXY_ENDOMETRIAL,Event-specific first-year cost; no annual patient-year cost added for the same outcome,76619.1521248892,70117.37801380326,27150.869523246147,24846.891788384608,172974.03951827576,158295.74954977387
S1,2028,gastric_cancer,direct_medical,avoided_incident_case_first_year,79.64674250594604,64762.28390756019,31395.4919125426,119011.97726255516,CHINA_GASTRIC_NEW_DIAGNOSIS_COURSE,Event-specific first-year cost; no annual patient-year cost added for the same outcome,5158104.950482419,4720396.723502228,2500548.6602057917,2288356.250194048,9478916.308154235,8674551.199113991
S1,2028,oesophageal_cancer,direct_medical,avoided_incident_case_first_year,38.464937588331566,68356.63525540795,29827.5487154762,135047.26753332303,CHINA_OESOPHAGEAL_NEW_DIAGNOSIS_DERIVED,Event-specific first-year cost; no annual patient-year cost added for the same outcome,2629333.708847612,2406212.813308001,1147314.7997537116,1049955.5696470495,5194584.717143986,4753780.877697711
S1,2028,renal_cancer,direct_medical,avoided_incident_case_first_year,8.982721468054146,13135.225379367826,4654.616770652017,29653.851952691733,INTERNATIONAL_PROXY_RENAL,Event-specific first-year cost; no annual patient-year cost added for the same outcome,117990.07100297704,107977.62936486152,41811.12599130074,38263.10321910297,266372.2925459434,243768.3818061999
S1,2028,stroke,direct_medical,avoided_incident_case_first_year,2460.1313403846,29612.850356671155,4730.172689851648,100820.84684525008,CHINA_FIRST_ISCHAEMIC_STROKE_ONE_YEAR,Event-specific first-year cost; no annual patient-year cost added for the same outcome,72851501.240566,66669443.73166033,11636846.079735365,10649362.631046332,248032525.08811557,226984896.58269227
S1,2029,bladder_cancer,direct_medical,avoided_incident_case_first_year,15.754108845110208,17917.502226658013,6349.271058827539,40450.2353820222,INTERNATIONAL_PROXY_BLADDER,Event-specific first-year cost; no annual patient-year cost added for the same outcome,282274.28031127487,250797.04201629024,100027.10734787719,88872.7893190611,637257.4110187058,566194.9558784047
S1,2029,breast_cancer,direct_medical,avoided_incident_case_first_year,48.14504690923392,53995.542586727424,26175.98574835096,99226.21468667472,CHINA_BREAST_NEW_DIAGNOSIS_COURSE,Event-specific first-year cost; no annual patient-year cost added for the same outcome,2599617.93072753,2309726.8609807948,1260244.0617497955,1119710.5260773527,4777250.76071567,4244525.425541244
S1,2029,colon_cancer,direct_medical,avoided_incident_case_first_year,118.9079121580147,72296.25822013385,35047.815693114135,132856.9673630357,CHINA_CRC_NEW_DIAGNOSIS_COURSE,Event-specific first-year cost; no annual patient-year cost added for the same outcome,8596597.121792823,7637965.198862213,4167462.5897671045,3702736.533681246,15797744.604784075,14036091.467630602
S1,2029,coronary_heart_disease,direct_medical,avoided_incident_case_first_year,2116.394192110078,21846.326995845397,8586.27962692537,46223.917226713966,CHINA_INCIDENT_MI_IMMEDIATE_PROXY,Event-specific first-year cost; no annual patient-year cost added for the same outcome,46235439.57294481,41079589.21524995,18171952.33425794,16145544.284329448,97828029.95519443,86918937.53829826
S1,2029,endometrial_cancer,direct_medical,avoided_incident_case_first_year,8.809992860378701,22329.17043600619,7912.595953582618,50409.93932055516,INTERNATIONAL_PROXY_ENDOMETRIAL,Event-specific first-year cost; no annual patient-year cost added for the same outcome,196719.8321193937,174783.02290623,69709.91385812426,61936.35557426179,444111.2055062145,394587.0539264943
S1,2029,gastric_cancer,direct_medical,avoided_incident_case_first_year,207.64164611270957,64762.28390756019,31395.4919125426,119011.97726255516,CHINA_GASTRIC_NEW_DIAGNOSIS_COURSE,Event-specific first-year cost; no annual patient-year cost added for the same outcome,13447347.236584438,11947793.848530103,6519011.621238605,5792057.390682356,24711842.865925316,21956152.31650236
S1,2029,oesophageal_cancer,direct_medical,avoided_incident_case_first_year,100.26911338146539,68356.63525540795,29827.5487154762,135047.26753332303,CHINA_OESOPHAGEAL_NEW_DIAGNOSIS_DERIVED,Event-specific first-year cost; no annual patient-year cost added for the same outcome,6854059.210799974,6089742.834443005,2990781.8640432656,2657270.949343582,13541069.780155856,12031065.114591021
S1,2029,renal_cancer,direct_medical,avoided_incident_case_first_year,24.025499023303066,13135.225379367826,4654.616770652017,29653.851952691733,INTERNATIONAL_PROXY_RENAL,Event-specific first-year cost; no annual patient-year cost added for the same outcome,315580.34452286735,280389.0486853384,111829.49067715011,99359.05404165614,712448.591126569,633001.3455217369
S1,2029,stroke,direct_medical,avoided_incident_case_first_year,4327.946791007299,29612.850356671155,4730.172689851648,100820.84684525008,CHINA_FIRST_ISCHAEMIC_STROKE_ONE_YEAR,Event-specific first-year cost; no annual patient-year cost added for the same outcome,128162840.67373428,113871023.96269494,20471935.713953804,18189049.727610573,436347260.57053846,387688889.41041553
S1,2030,bladder_cancer,direct_medical,avoided_incident_case_first_year,27.429922563946846,17917.502226658013,6349.271058827539,40450.2353820222,INTERNATIONAL_PROXY_BLADDER,Event-specific first-year cost; no annual patient-year cost added for the same outcome,491475.69861657446,423951.254938001,174160.01348114817,150231.95751730283,1109546.8242222918,957104.8372597008
S1,2030,breast_cancer,direct_medical,avoided_incident_case_first_year,82.54697787166788,53995.542586727424,26175.98574835096,99226.21468667472,CHINA_BREAST_NEW_DIAGNOSIS_COURSE,Event-specific first-year cost; no annual patient-year cost added for the same outcome,4457168.859075289,3844793.011321886,2160748.5163382203,1863880.651038398,8190824.148030304,7065476.8614368765
S1,2030,colon_cancer,direct_medical,avoided_incident_case_first_year,206.78946966203947,72296.25822013385,35047.815693114135,132856.9673630357,CHINA_CRC_NEW_DIAGNOSIS_COURSE,Event-specific first-year cost; no annual patient-year cost added for the same outcome,14950104.89589134,12896091.810660567,7247519.219991976,6251773.744158143,27473421.82190904,23698815.00067032
S1,2030,coronary_heart_disease,direct_medical,avoided_incident_case_first_year,2400.941720738195,21846.326995845397,8586.27962692537,46223.917226713966,CHINA_INCIDENT_MI_IMMEDIATE_PROXY,Event-specific first-year cost; no annual patient-year cost added for the same outcome,52451757.92921432,45245347.146132,20615156.982209504,17782815.50431245,110980931.36556652,95733126.29507367
S1,2030,endometrial_cancer,direct_medical,avoided_incident_case_first_year,14.651479094662799,22329.17043600619,7912.595953582618,50409.93932055516,INTERNATIONAL_PROXY_ENDOMETRIAL,Event-specific first-year cost; no annual patient-year cost added for the same outcome,327155.37384430727,282207.09933658456,115931.23419842917,100003.3010040628,738580.1721183341,637105.7444412428
S1,2030,gastric_cancer,direct_medical,avoided_incident_case_first_year,349.15656511969684,64762.28390756019,31395.4919125426,119011.97726255516,CHINA_GASTRIC_NEW_DIAGNOSIS_COURSE,Event-specific first-year cost; no annual patient-year cost added for the same outcome,22612176.598470334,19505462.167886533,10961942.116426595,9455867.563540313,41553813.18909722,35844684.28157379
S1,2030,oesophageal_cancer,direct_medical,avoided_incident_case_first_year,168.50345739424756,68356.63525540795,29827.5487154762,135047.26753332303,CHINA_OESOPHAGEAL_NEW_DIAGNOSIS_DERIVED,Event-specific first-year cost; no annual patient-year cost added for the same outcome,11518329.376373755,9935812.10149017,5026045.084153088,4335510.640301298,22755931.49101085,19629466.400990184
S1,2030,renal_cancer,direct_medical,avoided_incident_case_first_year,41.529890620940606,13135.225379367826,4654.616770652017,29653.851952691733,INTERNATIONAL_PROXY_RENAL,Event-specific first-year cost; no annual patient-year cost added for the same outcome,545504.4732865489,470556.9505778335,193305.72536757405,166747.2167738221,1231521.2280848536,1062321.0295015683
S1,2030,stroke,direct_medical,avoided_incident_case_first_year,4905.415280865355,29612.850356671155,4730.172689851648,100820.84684525008,CHINA_FIRST_ISCHAEMIC_STROKE_ONE_YEAR,Event-specific first-year cost; no annual patient-year cost added for the same outcome,145263328.64959377,125305423.34202337,23203461.393930256,20015509.626523055,494568122.7444754,426618807.15576994
S1,2031,bladder_cancer,direct_medical,avoided_incident_case_first_year,38.09600758209956,17917.502226658013,6349.271058827539,40450.2353820222,INTERNATIONAL_PROXY_BLADDER,Event-specific first-year cost; no annual patient-year cost added for the same outcome,682585.3006790495,571654.4431623823,241881.8783978992,202572.26513531068,1540992.4738112295,1290556.936484903
S1,2031,breast_cancer,direct_medical,avoided_incident_case_first_year,113.06355264701298,53995.542586727424,26175.98574835096,99226.21468667472,CHINA_BREAST_NEW_DIAGNOSIS_COURSE,Event-specific first-year cost; no annual patient-year cost added for the same outcome,6104927.871958488,5112780.980954478,2959549.94274614,2478576.4839189025,11218868.34819066,9395625.619416231
S1,2031,colon_cancer,direct_medical,avoided_incident_case_first_year,286.9135148470733,72296.25822013385,35047.815693114135,132856.9673630357,CHINA_CRC_NEW_DIAGNOSIS_COURSE,Event-specific first-year cost; no annual patient-year cost added for the same outcome,20742773.55623022,17371746.293296825,10055691.988223791,8421483.73019738,38118459.47805148,31923609.701901942
S1,2031,coronary_heart_disease,direct_medical,avoided_incident_case_first_year,2443.3455328358796,21846.326995845397,8586.27962692537,46223.917226713966,CHINA_INCIDENT_MI_IMMEDIATE_PROXY,Event-specific first-year cost; no annual patient-year cost added for the same outcome,53378125.47417073,44703339.735902704,20979247.970127825,17569789.892044563,112941001.66606703,94586310.8294135
S1,2031,endometrial_cancer,direct_medical,avoided_incident_case_first_year,19.467589901488502,22329.17043600619,7912.595953582618,50409.93932055516,INTERNATIONAL_PROXY_ENDOMETRIAL,Event-specific first-year cost; no annual patient-year cost added for the same outcome,434695.13288860966,364050.33025121957,154039.17308052376,129005.3823675072,981360.0256514878,821873.5716217881
S1,2031,gastric_cancer,direct_medical,avoided_incident_case_first_year,468.3792886862272,64762.28390756019,31395.4919125426,119011.97726255516,CHINA_GASTRIC_NEW_DIAGNOSIS_COURSE,Event-specific first-year cost; no annual patient-year cost added for the same outcome,30333312.47031854,25403671.646957744,14704998.1699509,12315204.461895825,55742745.25537703,46683671.57570573
S1,2031,oesophageal_cancer,direct_medical,avoided_incident_case_first_year,225.87972600520715,68356.63525540795,29827.5487154762,135047.26753332303,CHINA_OESOPHAGEAL_NEW_DIAGNOSIS_DERIVED,Event-specific first-year cost; no annual patient-year cost added for the same outcome,15440378.04212943,12931073.527527383,6737438.531258733,5642498.700303031,30504439.788178913,25546988.081554305
S1,2031,renal_cancer,direct_medical,avoided_incident_case_first_year,57.331138769570565,13135.225379367826,4654.616770652017,29653.851952691733,INTERNATIONAL_PROXY_RENAL,Event-specific first-year cost; no annual patient-year cost added for the same outcome,753057.4289941221,630673.7411612461,266854.4799974212,223486.4258233434,1700089.101352071,1423797.8573418208
S1,2031,stroke,direct_medical,avoided_incident_case_first_year,4989.887089149304,29612.850356671155,4730.172689851648,100820.84684525008,CHINA_FIRST_ISCHAEMIC_STROKE_ONE_YEAR,Event-specific first-year cost; no annual patient-year cost added for the same outcome,147764779.66766378,123750676.66399735,23603027.634537376,19767164.053994287,503084641.99021274,421325467.44613564
S1,2032,bladder_cancer,direct_medical,avoided_incident_case_first_year,49.91155292106823,17917.502226658013,6349.271058827539,40450.2353820222,INTERNATIONAL_PROXY_BLADDER,Event-specific first-year cost; no annual patient-year cost added for the same outcome,894290.3605991992,727139.9008793955,316901.97846287757,257670.30861608,2018934.0639394675,1641578.1493511205
S1,2032,breast_cancer,direct_medical,avoided_incident_case_first_year,145.06251062242657,53995.542586727424,26175.98574835096,99226.21468667472,CHINA_BREAST_NEW_DIAGNOSIS_COURSE,Event-specific first-year cost; no annual patient-year cost added for the same outcome,7832728.970050833,6368725.436201502,3797154.2106726477,3087433.855959602,14394003.822008932,11703642.321919251
S1,2032,colon_cancer,direct_medical,avoided_incident_case_first_year,374.6113620006113,72296.25822013385,35047.815693114135,132856.9673630357,CHINA_CRC_NEW_DIAGNOSIS_COURSE,Event-specific first-year cost; no annual patient-year cost added for the same outcome,27082999.75939223,22020957.20607591,13129309.971943883,10675330.487983216,49769729.49513757,40467344.57435129
S1,2032,coronary_heart_disease,direct_medical,avoided_incident_case_first_year,2516.6091980473934,21846.326995845397,8586.27962692537,46223.917226713966,CHINA_INCIDENT_MI_IMMEDIATE_PROXY,Event-specific first-year cost; no annual patient-year cost added for the same outcome,54978667.461295605,44702687.8177485,21608310.28612733,17569533.6681234,116327535.26252973,94584931.45745756
S1,2032,endometrial_cancer,direct_medical,avoided_incident_case_first_year,24.25008125926049,22329.17043600619,7912.595953582618,50409.93932055516,INTERNATIONAL_PROXY_ENDOMETRIAL,Event-specific first-year cost; no annual patient-year cost added for the same outcome,541484.1975250271,440276.2045341673,191881.09484607424,156016.88940661188,1222445.1247978532,993959.754056201
S1,2032,gastric_cancer,direct_medical,avoided_incident_case_first_year,591.4496964290408,64762.28390756019,31395.4919125426,119011.97726255516,CHINA_GASTRIC_NEW_DIAGNOSIS_COURSE,Event-specific first-year cost; no annual patient-year cost added for the same outcome,38303633.15717783,31144358.97371111,18568854.16091373,15098177.693611663,70389597.82335816,57233184.47704512
S1,2032,oesophageal_cancer,direct_medical,avoided_incident_case_first_year,285.325895799069,68356.63525540795,29827.5487154762,135047.26753332303,CHINA_OESOPHAGEAL_NEW_DIAGNOSIS_DERIVED,Event-specific first-year cost; no annual patient-year cost added for the same outcome,19503918.188059494,15858470.316646418,8510572.056733616,6919873.896006049,38532482.584161915,31330434.500167664
S1,2032,renal_cancer,direct_medical,avoided_incident_case_first_year,74.3338620856189,13135.225379367826,4654.616770652017,29653.851952691733,INTERNATIONAL_PROXY_RENAL,Event-specific first-year cost; no annual patient-year cost added for the same outcome,976392.0318134492,793896.0728108052,345995.6410910559,281326.1187329392,2204285.3413587483,1792285.6996373849
S1,2032,stroke,direct_medical,avoided_incident_case_first_year,5111.47534245862,29612.850356671155,4730.172689851648,100820.84684525008,CHINA_FIRST_ISCHAEMIC_STROKE_ONE_YEAR,Event-specific first-year cost; no annual patient-year cost added for the same outcome,151365354.41804156,123073884.78878778,24178161.06974786,19659057.525704324,515343272.6552927,419021240.4239219
S1,2033,bladder_cancer,direct_medical,avoided_incident_case_first_year,63.60805070855929,17917.502226658013,6349.271058827539,40450.2353820222,INTERNATIONAL_PROXY_BLADDER,Event-specific first-year cost; no annual patient-year cost added for the same outcome,1139697.3902039868,899687.6441505197,403864.75547229,318814.56738376524,2572960.623352827,2031118.8756008614
S1,2033,breast_cancer,direct_medical,avoided_incident_case_first_year,178.58632332176086,53995.542586727424,26175.98574835096,99226.21468667472,CHINA_BREAST_NEW_DIAGNOSIS_COURSE,Event-specific first-year cost; no annual patient-year cost added for the same outcome,9642865.426327212,7612167.012789286,4674673.054120809,3690230.0763214943,17720444.85802895,13988682.807078948
S1,2033,colon_cancer,direct_medical,avoided_incident_case_first_year,473.7345411601391,72296.25822013385,35047.815693114135,132856.9673630357,CHINA_CRC_NEW_DIAGNOSIS_COURSE,Event-specific first-year cost; no annual patient-year cost added for the same outcome,34249234.71551004,27036662.15260904,16603360.886042546,13106846.404088791,62938934.4736553,49684576.071383186
S1,2033,coronary_heart_disease,direct_medical,avoided_incident_case_first_year,2649.019394943636,21846.326995845397,8586.27962692537,46223.917226713966,CHINA_INCIDENT_MI_IMMEDIATE_PROXY,Event-specific first-year cost; no annual patient-year cost added for the same outcome,57871343.9202752,45684173.29282287,22745221.262134716,17955287.700842813,122448053.24383456,96661623.95444745
S1,2033,endometrial_cancer,direct_medical,avoided_incident_case_first_year,28.983817726621012,22329.17043600619,7912.595953582618,50409.93932055516,INTERNATIONAL_PROXY_ENDOMETRIAL,Event-specific first-year cost; no annual patient-year cost added for the same outcome,647184.605903858,510893.50420633063,229337.23886303758,181040.93413054262,1461072.4928769963,1153384.1178791826
S1,2033,gastric_cancer,direct_medical,avoided_incident_case_first_year,723.939758660357,64762.28390756019,31395.4919125426,119011.97726255516,CHINA_GASTRIC_NEW_DIAGNOSIS_COURSE,Event-specific first-year cost; no annual patient-year cost added for the same outcome,46883992.18233265,37010656.370235756,22728444.83818928,17942044.23686152,86157502.09714608,68013527.76090938
S1,2033,oesophageal_cancer,direct_medical,avoided_incident_case_first_year,350.00304833844524,68356.63525540795,29827.5487154762,135047.26753332303,CHINA_OESOPHAGEAL_NEW_DIAGNOSIS_DERIVED,Event-specific first-year cost; no annual patient-year cost added for the same outcome,23925030.713552017,18886640.176522486,10439732.974880148,8241221.614142082,47266955.30644061,37312970.99680829
S1,2033,renal_cancer,direct_medical,avoided_incident_case_first_year,92.94945362514616,13135.225379367826,4654.616770652017,29653.851952691733,INTERNATIONAL_PROXY_RENAL,Event-specific first-year cost; no annual patient-year cost added for the same outcome,1220912.0222553927,963799.2246533082,432644.0856665473,341533.2363964818,2756309.33688367,2175856.0431616893
S1,2033,stroke,direct_medical,avoided_incident_case_first_year,5308.9380269508565,29612.850356671155,4730.172689851648,100820.84684525008,CHINA_FIRST_ISCHAEMIC_STROKE_ONE_YEAR,Event-specific first-year cost; no annual patient-year cost added for the same outcome,157212787.34493673,124105226.08232607,25112193.667197835,19823797.574765902,535251627.72613645,422532577.608577
S1,2034,bladder_cancer,direct_medical,avoided_incident_case_first_year,78.89582655237993,17917.502226658013,6349.271058827539,40450.2353820222,INTERNATIONAL_PROXY_BLADDER,Event-specific first-year cost; no annual patient-year cost added for the same outcome,1413616.1479262917,1083419.0688818533,500930.98819130316,383921.89109924244,3191354.7547029653,2445907.6828487427
S1,2034,breast_cancer,direct_medical,avoided_incident_case_first_year,213.50761084619165,53995.542586727424,26175.98574835096,99226.21468667472,CHINA_BREAST_NEW_DIAGNOSIS_COURSE,Event-specific first-year cost; no annual patient-year cost added for the same outcome,11528459.294035967,8835604.10109156,5588772.178674376,4283328.510992587,21185552.031063214,16236961.560543353
S1,2034,colon_cancer,direct_medical,avoided_incident_case_first_year,582.6902587542471,72296.25822013385,35047.815693114135,132856.9673630357,CHINA_CRC_NEW_DIAGNOSIS_COURSE,Event-specific first-year cost; no annual patient-year cost added for the same outcome,42126325.40925366,32286320.66580448,20422020.794991836,15651778.445551235,77414460.69007184,59331737.998229
S1,2034,coronary_heart_disease,direct_medical,avoided_incident_case_first_year,2792.357058794828,21846.326995845397,8586.27962692537,46223.917226713966,CHINA_INCIDENT_MI_IMMEDIATE_PROXY,Event-specific first-year cost; no annual patient-year cost added for the same outcome,61002745.3955889,46753524.79007746,23975958.52503128,18375575.787560795,129073681.55316259,98924229.24753672
S1,2034,endometrial_cancer,direct_medical,avoided_incident_case_first_year,33.64921991132922,22329.17043600619,7912.595953582618,50409.93932055516,INTERNATIONAL_PROXY_ENDOMETRIAL,Event-specific first-year cost; no annual patient-year cost added for the same outcome,751359.1664387232,575854.2371583973,266252.68131159525,204060.50998856183,1696255.1339141224,1300038.3169555624
S1,2034,gastric_cancer,direct_medical,avoided_incident_case_first_year,862.1198409270305,64762.28390756019,31395.4919125426,119011.97726255516,CHINA_GASTRIC_NEW_DIAGNOSIS_COURSE,Event-specific first-year cost; no annual patient-year cost added for the same outcome,55832849.90045698,42791230.37814042,27066676.493467096,20744353.753525104,102602586.90600543,78636339.38650365
S1,2034,oesophageal_cancer,direct_medical,avoided_incident_case_first_year,417.9276182803535,68356.63525540795,29827.5487154762,135047.26753332303,CHINA_OESOPHAGEAL_NEW_DIAGNOSIS_DERIVED,Event-specific first-year cost; no annual patient-year cost added for the same outcome,28568125.76595149,21895089.598722305,12465756.393800186,9553964.281528011,56439982.875471406,43256547.24894904
S1,2034,renal_cancer,direct_medical,avoided_incident_case_first_year,112.9812497934509,13135.225379367826,4654.616770652017,29653.851952691733,INTERNATIONAL_PROXY_RENAL,Event-specific first-year cost; no annual patient-year cost added for the same outcome,1484034.1796796322,1137388.6266763182,525884.4200578213,403046.6188111386,3350329.2548050764,2567748.3997429647
S1,2034,stroke,direct_medical,avoided_incident_case_first_year,5518.8532267278915,29612.850356671155,4730.172689851648,100820.84684525008,CHINA_FIRST_ISCHAEMIC_STROKE_ONE_YEAR,Event-specific first-year cost; no annual patient-year cost added for the same outcome,163428974.7435248,125254700.79320136,26105128.81236792,20007407.52178448,556415455.933347,426446115.561925
S1,2035,bladder_cancer,direct_medical,avoided_incident_case_first_year,83.15559961280063,17917.502226658013,6349.271058827539,40450.2353820222,INTERNATIONAL_PROXY_BLADDER,Event-specific first-year cost; no annual patient-year cost added for the same outcome,1489940.6412214374,1108655.764690196,527977.4420010055,392864.8017956867,3363663.5776709793,2502881.599904723
S1,2035,breast_cancer,direct_medical,avoided_incident_case_first_year,217.983059651774,53995.542586727424,26175.98574835096,99226.21468667472,CHINA_BREAST_NEW_DIAGNOSIS_COURSE,Event-specific first-year cost; no annual patient-year cost added for the same outcome,11770113.580612507,8758069.892977068,5705921.4628267735,4245741.439368022,21629633.875065148,16094478.947880045
S1,2035,colon_cancer,direct_medical,avoided_incident_case_first_year,609.8817033538448,72296.25822013385,35047.815693114135,132856.9673630357,CHINA_CRC_NEW_DIAGNOSIS_COURSE,Event-specific first-year cost; no annual patient-year cost added for the same outcome,44092165.10940464,32808711.75252968,21375021.533748064,15905023.454048395,81027033.55779439,60291722.61248754
S1,2035,coronary_heart_disease,direct_medical,avoided_incident_case_first_year,2920.658477240274,21846.326995845397,8586.27962692537,46223.917226713966,CHINA_INCIDENT_MI_IMMEDIATE_PROXY,Event-specific first-year cost; no annual patient-year cost added for the same outcome,63805660.1369789,47477403.443894535,25077590.38033504,18660082.40227995,135004275.69945487,100455860.03300416
S1,2035,endometrial_cancer,direct_medical,avoided_incident_case_first_year,33.56376997850583,22329.17043600619,7912.595953582618,50409.93932055516,INTERNATIONAL_PROXY_ENDOMETRIAL,Event-specific first-year cost; no annual patient-year cost added for the same outcome,749451.1403249645,557662.0330282176,265576.550518903,197613.8951803784,1691947.60798555,1258967.9194261173
S1,2035,gastric_cancer,direct_medical,avoided_incident_case_first_year,878.4912800110146,64762.28390756019,31395.4919125426,119011.97726255516,CHINA_GASTRIC_NEW_DIAGNOSIS_COURSE,Event-specific first-year cost; no annual patient-year cost added for the same outcome,56893101.68638928,42333810.76444287,27580665.876825005,20522605.64774523,104550984.24202384,77795751.17095332
S1,2035,oesophageal_cancer,direct_medical,avoided_incident_case_first_year,426.9586851730045,68356.63525540795,29827.5487154762,135047.26753332303,CHINA_OESOPHAGEAL_NEW_DIAGNOSIS_DERIVED,Event-specific first-year cost; no annual patient-year cost added for the same outcome,29185459.111499622,21716722.528334044,12735130.981493458,9476133.468742039,57659603.78223458,42904160.30971694
S1,2035,renal_cancer,direct_medical,avoided_incident_case_first_year,117.04289396402667,13135.225379367826,4654.616770652017,29653.851952691733,INTERNATIONAL_PROXY_RENAL,Event-specific first-year cost; no annual patient-year cost added for the same outcome,1537384.7912709406,1143958.6680394786,544789.8171306043,405374.7878245822,3470772.649723844,2582580.808649495
S1,2035,stroke,direct_medical,avoided_incident_case_first_year,5707.821390304545,29612.850356671155,4730.172689851648,100820.84684525008,CHINA_FIRST_ISCHAEMIC_STROKE_ONE_YEAR,Event-specific first-year cost; no annual patient-year cost added for the same outcome,169024860.6936952,125770370.30844522,26998980.858969625,20089777.36557245,575467386.211937,428201780.30182576
S1,2036,bladder_cancer,direct_medical,avoided_incident_case_first_year,87.08019315051224,17917.502226658013,6349.271058827539,40450.2353820222,INTERNATIONAL_PROXY_BLADDER,Event-specific first-year cost; no annual patient-year cost added for the same outcome,1560259.554672113,1127164.6993116438,552895.7501676595,399423.6536621508,3522414.3100501774,2544667.042576197
S1,2036,breast_cancer,direct_medical,avoided_incident_case_first_year,221.63448251718899,53995.542586727424,26175.98574835096,99226.21468667472,CHINA_BREAST_NEW_DIAGNOSIS_COURSE,Event-specific first-year cost; no annual patient-year cost added for the same outcome,11967274.139444172,8645413.46122461,5801501.055713079,4191127.7988573085,21991950.744220648,15887453.131536976
S1,2036,colon_cancer,direct_medical,avoided_incident_case_first_year,634.6581411923116,72296.25822013385,35047.815693114135,132856.9673630357,CHINA_CRC_NEW_DIAGNOSIS_COURSE,Event-specific first-year cost; no annual patient-year cost added for the same outcome,45883408.857149534,33147150.801284913,22243381.560642544,16069092.102912752,84318755.95107186,60913663.3153928
S1,2036,coronary_heart_disease,direct_medical,avoided_incident_case_first_year,3042.302901893841,21846.326995845397,8586.27962692537,46223.917226713966,CHINA_INCIDENT_MI_IMMEDIATE_PROXY,Event-specific first-year cost; no annual patient-year cost added for the same outcome,66463144.015182205,48014389.3462153,26122063.42546702,18871134.40721972,140627157.51573262,101592050.65697075
S1,2036,endometrial_cancer,direct_medical,avoided_incident_case_first_year,33.54568306870908,22329.17043600619,7912.595953582618,50409.93932055516,INTERNATIONAL_PROXY_ENDOMETRIAL,Event-specific first-year cost; no annual patient-year cost added for the same outcome,749047.2746334522,541127.688373522,265433.4361096324,191754.7617663166,1691035.8479601995,1221640.2760576773
S1,2036,gastric_cancer,direct_medical,avoided_incident_case_first_year,895.0116199160038,64762.28390756019,31395.4919125426,119011.97726255516,CHINA_GASTRIC_NEW_DIAGNOSIS_COURSE,Event-specific first-year cost; no annual patient-year cost added for the same outcome,57962996.62956559,41873702.02062052,28099330.07470455,20299553.90413805,106517102.5591661,76950221.21039404
S1,2036,oesophageal_cancer,direct_medical,avoided_incident_case_first_year,436.1469415133916,68356.63525540795,29827.5487154762,135047.26753332303,CHINA_OESOPHAGEAL_NEW_DIAGNOSIS_DERIVED,Event-specific first-year cost; no annual patient-year cost added for the same outcome,29813537.398792654,21537933.747560725,13009194.145096637,9398118.641821854,58900452.69439959,42550940.22773314
S1,2036,renal_cancer,direct_medical,avoided_incident_case_first_year,120.66539197747171,13135.225379367826,4654.616770652017,29653.851952691733,INTERNATIONAL_PROXY_RENAL,Event-specific first-year cost; no annual patient-year cost added for the same outcome,1584967.1191138534,1145013.969557292,561651.1571356392,405748.7459411004,3578193.669513463,2584963.2386475247
S1,2036,stroke,direct_medical,avoided_incident_case_first_year,5886.940320244252,29612.850356671155,4730.172689851648,100820.84684525008,CHINA_FIRST_ISCHAEMIC_STROKE_ONE_YEAR,Event-specific first-year cost; no annual patient-year cost added for the same outcome,174329082.76204678,125939038.51724908,27846244.329605874,20116719.377074916,593526308.4144732,428776033.4197343
S1,2037,bladder_cancer,direct_medical,avoided_incident_case_first_year,90.49429737361598,17917.502226658013,6349.271058827539,40450.2353820222,INTERNATIONAL_PROXY_BLADDER,Event-specific first-year cost; no annual patient-year cost added for the same outcome,1621431.7746916167,1137239.6238742855,574572.8233032329,402993.81797055964,3660515.6294934796,2567412.0136586414
S1,2037,breast_cancer,direct_medical,avoided_incident_case_first_year,224.43404553076937,53995.542586727424,26175.98574835096,99226.21468667472,CHINA_BREAST_NEW_DIAGNOSIS_COURSE,Event-specific first-year cost; no annual patient-year cost added for the same outcome,12118438.063368179,8499628.637011135,5874782.377258169,4120454.159921123,22269740.78483505,15619548.12359617
S1,2037,colon_cancer,direct_medical,avoided_incident_case_first_year,656.1324627149495,72296.25822013385,35047.815693114135,132856.9673630357,CHINA_CRC_NEW_DIAGNOSIS_COURSE,Event-specific first-year cost; no annual patient-year cost added for the same outcome,47435921.95105234,33270601.2548723,22996009.62350263,16128938.474648727,87171769.18474829,61140525.02700824
S1,2037,coronary_heart_disease,direct_medical,avoided_incident_case_first_year,3150.379834787177,21846.326995845397,8586.27962692537,46223.917226713966,CHINA_INCIDENT_MI_IMMEDIATE_PROXY,Event-specific first-year cost; no annual patient-year cost added for the same outcome,68824228.03187807,48271928.81137249,27050042.19250965,18972355.352197282,145622896.7159113,102136969.85195953
S1,2037,endometrial_cancer,direct_medical,avoided_incident_case_first_year,33.602202850337854,22329.17043600619,7912.595953582618,50409.93932055516,INTERNATIONAL_PROXY_ENDOMETRIAL,Event-specific first-year cost; no annual patient-year cost added for the same outcome,750309.3144704469,526251.8570909536,265880.6543050456,186483.34146210214,1693885.0067225168,1188056.863075712
S1,2037,gastric_cancer,direct_medical,avoided_incident_case_first_year,910.8482024936143,64762.28390756019,31395.4919125426,119011.97726255516,CHINA_GASTRIC_NEW_DIAGNOSIS_COURSE,Event-specific first-year cost; no annual patient-year cost added for the same outcome,58988609.88658232,41373424.13500112,28596527.374942232,20057028.94417205,108401845.56480926,76030873.45494308
S1,2037,oesophageal_cancer,direct_medical,avoided_incident_case_first_year,444.9874194043667,68356.63525540795,29827.5487154762,135047.26753332303,CHINA_OESOPHAGEAL_NEW_DIAGNOSIS_DERIVED,Event-specific first-year cost; no annual patient-year cost added for the same outcome,30417842.721469536,21334462.883712996,13272883.930057786,9309333.740679165,60094335.077264525,42148957.53676816
S1,2037,renal_cancer,direct_medical,avoided_incident_case_first_year,123.76296927170138,13135.225379367826,4654.616770652017,29653.851952691733,INTERNATIONAL_PROXY_RENAL,Event-specific first-year cost; no annual patient-year cost added for the same outcome,1625654.4950035724,1140201.3549407735,576069.1923577515,404043.3411187424,3670048.768008569,2574098.365208218
S1,2037,stroke,direct_medical,avoided_incident_case_first_year,6047.84052297817,29612.850356671155,4730.172689851648,100820.84684525008,CHINA_FIRST_ISCHAEMIC_STROKE_ONE_YEAR,Event-specific first-year cost; no annual patient-year cost added for the same outcome,179093796.38796437,125612785.45389512,28607330.07436945,20064605.740202073,609748403.1116792,427665261.9223261
S1,2038,bladder_cancer,direct_medical,avoided_incident_case_first_year,93.7026190828052,17917.502226658013,6349.271058827539,40450.2353820222,INTERNATIONAL_PROXY_BLADDER,Event-specific first-year cost; no annual patient-year cost added for the same outcome,1678916.8860598498,1143260.7032996276,594943.3274787961,405127.456066686,3790292.9978114353,2581005.0958264545
S1,2038,breast_cancer,direct_medical,avoided_incident_case_first_year,226.48695196618635,53995.542586727424,26175.98574835096,99226.21468667472,CHINA_BREAST_NEW_DIAGNOSIS_COURSE,Event-specific first-year cost; no annual patient-year cost added for the same outcome,12229285.860228304,8327548.593682081,5928519.226854342,4037033.111701781,22473442.919527393,15303321.070312366
S1,2038,colon_cancer,direct_medical,avoided_incident_case_first_year,675.8003668434271,72296.25822013385,35047.815693114135,132856.9673630357,CHINA_CRC_NEW_DIAGNOSIS_COURSE,Event-specific first-year cost; no annual patient-year cost added for the same outcome,48857837.82657359,33269810.13717464,23685326.702467356,16128554.956221335,89784787.28164476,61139071.2104384
S1,2038,coronary_heart_disease,direct_medical,avoided_incident_case_first_year,3263.6021853179473,21846.326995845397,8586.27962692537,46223.917226713966,CHINA_INCIDENT_MI_IMMEDIATE_PROXY,Event-specific first-year cost; no annual patient-year cost added for the same outcome,71297720.5248115,48550278.32982947,28022200.954184607,19081755.289310105,150856477.2750596,102725920.34710217
S1,2038,endometrial_cancer,direct_medical,avoided_incident_case_first_year,33.71246549740329,22329.17043600619,7912.595953582618,50409.93932055516,INTERNATIONAL_PROXY_ENDOMETRIAL,Event-specific first-year cost; no annual patient-year cost added for the same outcome,752771.3879094961,512600.6853054954,266753.11808004684,181645.8932039662,1699443.340070409,1157238.2196634263
S1,2038,gastric_cancer,direct_medical,avoided_incident_case_first_year,928.7911419467498,64762.28390756019,31395.4919125426,119011.97726255516,CHINA_GASTRIC_NEW_DIAGNOSIS_COURSE,Event-specific first-year cost; no annual patient-year cost added for the same outcome,60150635.62558244,40959655.93068172,29159854.785430387,19856442.19014529,110537270.26702923,75270502.30752157
S1,2038,oesophageal_cancer,direct_medical,avoided_incident_case_first_year,454.99846368437335,68356.63525540795,29827.5487154762,135047.26753332303,CHINA_OESOPHAGEAL_NEW_DIAGNOSIS_DERIVED,Event-specific first-year cost; no annual patient-year cost added for the same outcome,31102164.023843687,21179060.268723957,13571488.841012476,9241523.5119899,61446299.25243453,41841939.81356707
S1,2038,renal_cancer,direct_medical,avoided_incident_case_first_year,126.47800356774844,13135.225379367826,4654.616770652017,29653.851952691733,INTERNATIONAL_PROXY_RENAL,Event-specific first-year cost; no annual patient-year cost added for the same outcome,1661317.082394864,1131276.0934103387,588706.6365250276,400880.573004594,3750559.993070029,2553948.853005839
S1,2038,stroke,direct_medical,avoided_incident_case_first_year,6214.297088446966,29612.850356671155,4730.172689851648,100820.84684525008,CHINA_FIRST_ISCHAEMIC_STROKE_ONE_YEAR,Event-specific first-year cost; no annual patient-year cost added for the same outcome,184023049.75207725,125310742.31830817,29394698.37439645,20016359.24674054,626530695.005195,426636916.3106443
S1,2039,bladder_cancer,direct_medical,avoided_incident_case_first_year,96.76286355335647,17917.502226658013,6349.271058827539,40450.2353820222,INTERNATIONAL_PROXY_BLADDER,Event-specific first-year cost; no annual patient-year cost added for the same outcome,1733748.8231750699,1146212.217818115,614373.6491286042,406173.3588646809,3914080.606971766,2587668.382678382
S1,2039,breast_cancer,direct_medical,avoided_incident_case_first_year,227.88503128840057,53995.542586727424,26175.98574835096,99226.21468667472,CHINA_BREAST_NEW_DIAGNOSIS_COURSE,Event-specific first-year cost; no annual patient-year cost added for the same outcome,12304775.911810545,8134906.451905984,5965115.331267686,3943643.9592626966,22612169.03850242,14949307.579534432
S1,2039,colon_cancer,direct_medical,avoided_incident_case_first_year,693.9969694486124,72296.25822013385,35047.815693114135,132856.9673630357,CHINA_CRC_NEW_DIAGNOSIS_COURSE,Event-specific first-year cost; no annual patient-year cost added for the same outcome,50173384.107247226,33170517.611478053,24323077.876814727,16080419.876675146,92202332.72007999,60956603.89925754
S1,2039,coronary_heart_disease,direct_medical,avoided_incident_case_first_year,3385.7043328155196,21846.326995845397,8586.27962692537,46223.917226713966,CHINA_INCIDENT_MI_IMMEDIATE_PROXY,Event-specific first-year cost; no annual patient-year cost added for the same outcome,73965203.96593842,48899713.352887824,29070604.13564685,19219094.019980516,156500516.8341914,103465278.29890047
S1,2039,endometrial_cancer,direct_medical,avoided_incident_case_first_year,33.86939648789312,22329.17043600619,7912.595953582618,50409.93932055516,INTERNATIONAL_PROXY_ENDOMETRIAL,Event-specific first-year cost; no annual patient-year cost added for the same outcome,756275.5267428348,499987.2168345433,267994.84960038844,177176.1669384996,1707354.2217785162,1128762.2768573684
S1,2039,gastric_cancer,direct_medical,avoided_incident_case_first_year,949.7150609829505,64762.28390756019,31395.4919125426,119011.97726255516,CHINA_GASTRIC_NEW_DIAGNOSIS_COURSE,Event-specific first-year cost; no annual patient-year cost added for the same outcome,61505716.41066368,40662524.27872019,29816771.516310122,19712398.561458044,113027467.24360909,74724471.14133066
S1,2039,oesophageal_cancer,direct_medical,avoided_incident_case_first_year,466.6017381831225,68356.63525540795,29827.5487154762,135047.26753332303,CHINA_OESOPHAGEAL_NEW_DIAGNOSIS_DERIVED,Event-specific first-year cost; no annual patient-year cost added for the same outcome,31895324.82652306,21086567.16518305,13917586.07638296,9201163.969110064,63013289.767929696,41659207.868786514
S1,2039,renal_cancer,direct_medical,avoided_incident_case_first_year,128.8649596551584,13135.225379367826,4654.616770652017,29653.851952691733,INTERNATIONAL_PROXY_RENAL,Event-specific first-year cost; no annual patient-year cost added for the same outcome,1692670.2885736476,1119054.4671561786,599817.0023602959,396549.7004931402,3821342.4355036602,2526357.5262417574
S1,2039,stroke,direct_medical,avoided_incident_case_first_year,6392.078259420347,29612.850356671155,4730.172689851648,100820.84684525008,CHINA_FIRST_ISCHAEMIC_STROKE_ONE_YEAR,Event-specific first-year cost; no annual patient-year cost added for the same outcome,189287656.96434578,125141440.44081572,30235634.014104586,19989316.016939625,644454743.2158716,426060505.7842785
S1,2040,bladder_cancer,direct_medical,avoided_incident_case_first_year,99.40801326365113,17917.502226658013,6349.271058827539,40450.2353820222,INTERNATIONAL_PROXY_BLADDER,Event-specific first-year cost; no annual patient-year cost added for the same outcome,1781143.2989991184,1143248.1064881878,631168.4216304442,405122.99224302935,4021077.5353738726,2580976.6574882665
S1,2040,breast_cancer,direct_medical,avoided_incident_case_first_year,228.7732503528331,53995.542586727424,26175.98574835096,99226.21468667472,CHINA_BREAST_NEW_DIAGNOSIS_COURSE,Event-specific first-year cost; no annual patient-year cost added for the same outcome,12352735.782130454,7928751.044795366,5988365.340839685,3843703.8393943678,22700303.6540786,14570461.10990371
S1,2040,colon_cancer,direct_medical,avoided_incident_case_first_year,709.5947433552192,72296.25822013385,35047.815693114135,132856.9673630357,CHINA_CRC_NEW_DIAGNOSIS_COURSE,Event-specific first-year cost; no annual patient-year cost added for the same outcome,51301044.79725853,32928188.5170546,24869745.781916346,15962943.458842125,94274605.65892605,60511281.97829587
S1,2040,coronary_heart_disease,direct_medical,avoided_incident_case_first_year,3503.0544474421404,21846.326995845397,8586.27962692537,46223.917226713966,CHINA_INCIDENT_MI_IMMEDIATE_PROXY,Event-specific first-year cost; no annual patient-year cost added for the same outcome,76528872.94307151,49120971.41931584,30078205.03408276,19306055.257374108,161924898.81923774,103933430.88813236
S1,2040,endometrial_cancer,direct_medical,avoided_incident_case_first_year,34.120449448029134,22329.17043600619,7912.595953582618,50409.93932055516,INTERNATIONAL_PROXY_ENDOMETRIAL,Event-specific first-year cost; no annual patient-year cost added for the same outcome,761881.3310781758,489022.63485104113,269981.3302368956,173290.74238661007,1720009.7862652184,1104008.8309536048
S1,2040,gastric_cancer,direct_medical,avoided_incident_case_first_year,972.1610368333787,64762.28390756019,31395.4919125426,119011.97726255516,CHINA_GASTRIC_NEW_DIAGNOSIS_COURSE,Event-specific first-year cost; no annual patient-year cost added for the same outcome,62959369.07127135,40411223.23895489,30521473.969591368,19590572.719540134,115698807.21115611,74262661.70803003
S1,2040,oesophageal_cancer,direct_medical,avoided_incident_case_first_year,478.90922382178235,68356.63525540795,29827.5487154762,135047.26753332303,CHINA_OESOPHAGEAL_NEW_DIAGNOSIS_DERIVED,Event-specific first-year cost; no annual patient-year cost added for the same outcome,32736623.133236103,21012392.675491355,14284688.20383511,9168797.788468521,64675382.073636316,41512666.686410956
S1,2040,renal_cancer,direct_medical,avoided_incident_case_first_year,130.8232993767403,13135.225379367826,4654.616770652017,29653.851952691733,INTERNATIONAL_PROXY_RENAL,Event-specific first-year cost; no annual patient-year cost added for the same outcome,1718393.5221859943,1102971.4125442067,608932.323271005,390850.4868475347,3879414.7516805255,2490048.707273215
S1,2040,stroke,direct_medical,avoided_incident_case_first_year,6565.427965848903,29612.850356671155,4730.172689851648,100820.84684525008,CHINA_FIRST_ISCHAEMIC_STROKE_ONE_YEAR,Event-specific first-year cost; no annual patient-year cost added for the same outcome,194421035.88018748,124791464.70494421,31055608.06124674,19933413.067781027,661932007.4183741,424868967.325776
S1,2041,bladder_cancer,direct_medical,avoided_incident_case_first_year,101.93912708230346,17917.502226658013,6349.271058827539,40450.2353820222,INTERNATIONAL_PROXY_BLADDER,Event-specific first-year cost; no annual patient-year cost added for the same outcome,1826494.5364807462,1138211.0098009673,647239.1493458119,403338.0396412598,4123461.6851170487,2569604.9973058044
S1,2041,breast_cancer,direct_medical,avoided_incident_case_first_year,229.8361957276239,53995.542586727424,26175.98574835096,99226.21468667472,CHINA_BREAST_NEW_DIAGNOSIS_COURSE,Event-specific first-year cost; no annual patient-year cost added for the same outcome,12410130.094382336,7733582.786239664,6016188.983821485,3749090.0748178023,22805775.7000378,14211805.439533006
S1,2041,colon_cancer,direct_medical,avoided_incident_case_first_year,724.6456716483274,72296.25822013385,35047.815693114135,132856.9673630357,CHINA_CRC_NEW_DIAGNOSIS_COURSE,Event-specific first-year cost; no annual patient-year cost added for the same outcome,52389170.5955898,32647199.08833409,25397247.94274348,15826725.26509379,96274226.34794693,59994914.95903453
S1,2041,coronary_heart_disease,direct_medical,avoided_incident_case_first_year,3613.901949100277,21846.326995845397,8586.27962692537,46223.917226713966,CHINA_INCIDENT_MI_IMMEDIATE_PROXY,Event-specific first-year cost; no annual patient-year cost added for the same outcome,78950483.71096767,49199331.28411119,31029972.679265592,19336853.098621696,167048704.56067148,104099229.92175873
S1,2041,endometrial_cancer,direct_medical,avoided_incident_case_first_year,34.37635714465277,22329.17043600619,7912.595953582618,50409.93932055516,INTERNATIONAL_PROXY_ENDOMETRIAL,Event-specific first-year cost; no annual patient-year cost added for the same outcome,767595.5376519707,478340.16175759636,272006.2244416904,169505.28633414756,1732910.0777236791,1079892.2690787548
S1,2041,gastric_cancer,direct_medical,avoided_incident_case_first_year,993.7670436685713,64762.28390756019,31395.4919125426,119011.97726255516,CHINA_GASTRIC_NEW_DIAGNOSIS_COURSE,Event-specific first-year cost; no annual patient-year cost added for the same outcome,64358623.42004078,40106166.36908675,31199805.182448,19442687.099809967,118270180.80536066,73702066.57348607
S1,2041,oesophageal_cancer,direct_medical,avoided_incident_case_first_year,490.7023403646647,68356.63525540795,29827.5487154762,135047.26753332303,CHINA_OESOPHAGEAL_NEW_DIAGNOSIS_DERIVED,Event-specific first-year cost; no annual patient-year cost added for the same outcome,33542760.89928243,20902739.642597947,14636447.96202522,9120950.47754973,66268010.23845461,41296033.10850493
S1,2041,renal_cancer,direct_medical,avoided_incident_case_first_year,132.70437954397556,13135.225379367826,4654.616770652017,29653.851952691733,INTERNATIONAL_PROXY_RENAL,Event-specific first-year cost; no annual patient-year cost added for the same outcome,1743101.9341392885,1086243.497046241,617688.0305643592,384922.7593996919,3935196.024470865,2452284.0618006694
S1,2041,stroke,direct_medical,avoided_incident_case_first_year,6729.858155811378,29612.850356671155,4730.172689851648,100820.84684525008,CHINA_FIRST_ISCHAEMIC_STROKE_ONE_YEAR,Event-specific first-year cost; no annual patient-year cost added for the same outcome,199290282.48966527,124191115.35539657,31833391.25519436,19837516.99349581,678509998.4173161,422824998.9439632
S1,2042,bladder_cancer,direct_medical,avoided_incident_case_first_year,104.25234811325828,17917.502226658013,6349.271058827539,40450.2353820222,INTERNATIONAL_PROXY_BLADDER,Event-specific first-year cost; no annual patient-year cost added for the same outcome,1867941.6794536314,1130135.4359483481,661926.4166903245,400476.36803674494,4217032.020309815,2551373.7249414376
S1,2042,breast_cancer,direct_medical,avoided_incident_case_first_year,231.05734869993742,53995.542586727424,26175.98574835096,99226.21468667472,CHINA_BREAST_NEW_DIAGNOSIS_COURSE,Event-specific first-year cost; no annual patient-year cost added for the same outcome,12476066.911703799,7548225.661040579,6048153.86662132,3659232.5563055393,22926946.087033853,13871179.435651897
S1,2042,colon_cancer,direct_medical,avoided_incident_case_first_year,738.6308071235878,72296.25822013385,35047.815693114135,132856.9673630357,CHINA_CRC_NEW_DIAGNOSIS_COURSE,Event-specific first-year cost; no annual patient-year cost added for the same outcome,53400243.561152786,32308025.566613767,25887396.39332364,15662300.558063408,98132249.03535123,59371624.53412214
S1,2042,coronary_heart_disease,direct_medical,avoided_incident_case_first_year,3712.044716237623,21846.326995845397,8586.27962692537,46223.917226713966,CHINA_INCIDENT_MI_IMMEDIATE_PROXY,Event-specific first-year cost; no annual patient-year cost added for the same outcome,81094542.69412725,49063531.99820789,31872653.92126707,19283479.7950854,171585247.70522884,103811896.72601217
S1,2042,endometrial_cancer,direct_medical,avoided_incident_case_first_year,34.61201309567976,22329.17043600619,7912.595953582618,50409.93932055516,INTERNATIONAL_PROXY_ENDOMETRIAL,Event-specific first-year cost; no annual patient-year cost added for the same outcome,772857.5395467115,467591.5217208858,273870.87476622424,165696.38327145932,1744789.479915477,1055626.329885808
S1,2042,gastric_cancer,direct_medical,avoided_incident_case_first_year,1013.7261515404683,64762.28390756019,31395.4919125426,119011.97726255516,CHINA_GASTRIC_NEW_DIAGNOSIS_COURSE,Event-specific first-year cost; no annual patient-year cost added for the same outcome,65651220.830582194,39720068.29228902,31826431.192221705,19255514.28384113,120645553.69759175,72992544.10509141
S1,2042,oesophageal_cancer,direct_medical,avoided_incident_case_first_year,501.4950015721457,68356.63525540795,29827.5487154762,135047.26753332303,CHINA_OESOPHAGEAL_NEW_DIAGNOSIS_DERIVED,Event-specific first-year cost; no annual patient-year cost added for the same outcome,34280510.9048774,20740272.869411834,14958366.58996099,9050057.789901363,67725529.64393781,40975059.23812992
S1,2042,renal_cancer,direct_medical,avoided_incident_case_first_year,134.48139846310332,13135.225379367826,4654.616770652017,29653.851952691733,INTERNATIONAL_PROXY_RENAL,Event-specific first-year cost; no annual patient-year cost added for the same outcome,1766443.4781454322,1068727.3549332244,625959.3726270972,378715.7148700689,3987891.4804158113,2412739.9298958154
S1,2042,stroke,direct_medical,avoided_incident_case_first_year,6878.144429911784,29612.850356671155,4730.172689851648,100820.84684525008,CHINA_FIRST_ISCHAEMIC_STROKE_ONE_YEAR,Event-specific first-year cost; no annual patient-year cost added for the same outcome,203681461.7345489,123230634.06310447,32534810.939223953,19684095.680680845,693460346.147646,419554913.96053326
S1,2043,bladder_cancer,direct_medical,avoided_incident_case_first_year,106.34240680458095,17917.502226658013,6349.271058827539,40450.2353820222,INTERNATIONAL_PROXY_BLADDER,Event-specific first-year cost; no annual patient-year cost added for the same outcome,1905390.3107092513,1119215.993914927,675196.7658503905,396606.939340473,4301575.386336058,2526722.1861887267
S1,2043,breast_cancer,direct_medical,avoided_incident_case_first_year,232.21473418580078,53995.542586727424,26175.98574835096,99226.21468667472,CHINA_BREAST_NEW_DIAGNOSIS_COURSE,Event-specific first-year cost; no annual patient-year cost added for the same outcome,12538560.568994995,7365082.865497804,6078449.572604627,3570448.501615454,23041789.067729373,13534622.648216037
S1,2043,colon_cancer,direct_medical,avoided_incident_case_first_year,751.3013870229032,72296.25822013385,35047.815693114135,132856.9673630357,CHINA_CRC_NEW_DIAGNOSIS_COURSE,Event-specific first-year cost; no annual patient-year cost added for the same outcome,54316279.07735253,31905089.43581797,26331472.542359725,15466964.981978301,99815623.85550532,58631159.208578974
S1,2043,coronary_heart_disease,direct_medical,avoided_incident_case_first_year,3799.9446040252924,21846.326995845397,8586.27962692537,46223.917226713966,CHINA_INCIDENT_MI_IMMEDIATE_PROXY,Event-specific first-year cost; no annual patient-year cost added for the same outcome,83014832.3856348,48762464.89549139,32627386.936987363,19165151.147396307,175648324.84256348,103174878.84935486
S1,2043,endometrial_cancer,direct_medical,avoided_incident_case_first_year,34.83064573306247,22329.17043600619,7912.595953582618,50409.93932055516,INTERNATIONAL_PROXY_ENDOMETRIAL,Event-specific first-year cost; no annual patient-year cost added for the same outcome,777739.4249697035,456839.94435779203,275600.82648809976,161886.43933370046,1755810.7378994324,1031353.7594368921
S1,2043,gastric_cancer,direct_medical,avoided_incident_case_first_year,1031.7956108402286,64762.28390756019,31395.4919125426,119011.97726255516,CHINA_GASTRIC_NEW_DIAGNOSIS_COURSE,Event-specific first-year cost; no annual patient-year cost added for the same outcome,66821440.28380937,39250553.695863046,32393730.75553135,19027902.766372833,122796035.7769215,72129729.25201976
S1,2043,oesophageal_cancer,direct_medical,avoided_incident_case_first_year,511.2550367311461,68356.63525540795,29827.5487154762,135047.26753332303,CHINA_OESOPHAGEAL_NEW_DIAGNOSIS_DERIVED,Event-specific first-year cost; no annual patient-year cost added for the same outcome,34947674.068321146,20528075.29646322,15249484.514130834,8957464.972528454,69043595.72318998,40555835.818240404
S1,2043,renal_cancer,direct_medical,avoided_incident_case_first_year,136.08262576612017,13135.225379367826,4654.616770652017,29653.851952691733,INTERNATIONAL_PROXY_RENAL,Event-specific first-year cost; no annual patient-year cost added for the same outcome,1787475.959654156,1049953.7399445905,633412.4720853453,372063.07049983076,4035374.037802081,2370356.949519686
S1,2043,stroke,direct_medical,avoided_incident_case_first_year,7011.143272873279,29612.850356671155,4730.172689851648,100820.84684525008,CHINA_FIRST_ISCHAEMIC_STROKE_ONE_YEAR,Event-specific first-year cost; no annual patient-year cost added for the same outcome,207619936.56877804,121954831.17413479,33163918.433982287,19480306.855547417,706869402.1244622,415211275.09685457
S1,2044,bladder_cancer,direct_medical,avoided_incident_case_first_year,108.13203129190597,17917.502226658013,6349.271058827539,40450.2353820222,INTERNATIONAL_PROXY_BLADDER,Event-specific first-year cost; no annual patient-year cost added for the same outcome,1937455.9114457793,1104904.0338616895,686559.5768139324,391535.3332308938,4373966.118093787,2494411.758897683
S1,2044,breast_cancer,direct_medical,avoided_incident_case_first_year,233.13400167928054,53995.542586727424,26175.98574835096,99226.21468667472,CHINA_BREAST_NEW_DIAGNOSIS_COURSE,Event-specific first-year cost; no annual patient-year cost added for the same outcome,12588196.916087776,7178872.80400182,6102512.305412876,3480177.496224787,23133004.501391876,13192429.22532114
S1,2044,colon_cancer,direct_medical,avoided_incident_case_first_year,762.2167370476867,72296.25822013385,35047.815693114135,132856.9673630357,CHINA_CRC_NEW_DIAGNOSIS_COURSE,Event-specific first-year cost; no annual patient-year cost added for the same outcome,55105418.04130742,31425849.910587355,26714031.718254164,15234639.008730898,101265804.15750408,57750473.10489748
S1,2044,coronary_heart_disease,direct_medical,avoided_incident_case_first_year,3873.6291112119957,21846.326995845397,8586.27962692537,46223.917226713966,CHINA_INCIDENT_MI_IMMEDIATE_PROXY,Event-specific first-year cost; no annual patient-year cost added for the same outcome,84624568.22416323,48260208.7832327,33260062.71986459,18967749.02002699,179054311.40365288,102112171.83393428
S1,2044,endometrial_cancer,direct_medical,avoided_incident_case_first_year,35.010941970929906,22329.17043600619,7912.595953582618,50409.93932055516,INTERNATIONAL_PROXY_ENDOMETRIAL,Event-specific first-year cost; no annual patient-year cost added for the same outcome,781765.2903940163,445829.82135827397,277027.43777029583,157984.8768039097,1764899.4603100545,1006497.5009427309
S1,2044,gastric_cancer,direct_medical,avoided_incident_case_first_year,1047.3210333610086,64762.28390756019,31395.4919125426,119011.97726255516,CHINA_GASTRIC_NEW_DIAGNOSIS_COURSE,Event-specific first-year cost; no annual patient-year cost added for the same outcome,67826902.10488495,38680734.5123562,32881159.032721303,18751665.541741658,124643747.00895613,71082587.2486883
S1,2044,oesophageal_cancer,direct_medical,avoided_incident_case_first_year,519.6398145149253,68356.63525540795,29827.5487154762,135047.26753332303,CHINA_OESOPHAGEAL_NEW_DIAGNOSIS_DERIVED,Event-specific first-year cost; no annual patient-year cost added for the same outcome,35520829.26498459,20257032.590592798,15499581.881944953,8839194.96870048,70175937.05176347,40020356.31905392
S1,2044,renal_cancer,direct_medical,avoided_incident_case_first_year,137.45276551779963,13135.225379367826,4654.616770652017,29653.851952691733,INTERNATIONAL_PROXY_RENAL,Event-specific first-year cost; no annual patient-year cost added for the same outcome,1805473.0540936966,1029636.0545350852,639789.9475516495,364863.2671834398,4076003.9591528815,2324488.103134971
S1,2044,stroke,direct_medical,avoided_incident_case_first_year,7123.89633109714,29612.850356671155,4730.172689851648,100820.84684525008,CHINA_FIRST_ISCHAEMIC_STROKE_ONE_YEAR,Event-specific first-year cost; no annual patient-year cost added for the same outcome,210958876.00921828,120306899.22000653,33697259.87069005,19217076.446104735,718237260.9389838,409600673.8491726
S1,2045,bladder_cancer,direct_medical,avoided_incident_case_first_year,109.5807102475182,17917.502226658013,6349.271058827539,40450.2353820222,INTERNATIONAL_PROXY_BLADDER,Event-specific first-year cost; no annual patient-year cost added for the same outcome,1963412.6198586738,1087093.963079218,695757.6321803336,385224.13172834454,4432565.522841283,2454204.0588394916
S1,2045,breast_cancer,direct_medical,avoided_incident_case_first_year,233.8983692332102,53995.542586727424,26175.98574835096,99226.21468667472,CHINA_BREAST_NEW_DIAGNOSIS_COURSE,Event-specific first-year cost; no annual patient-year cost added for the same outcome,12629469.356897896,6992630.971153644,6122520.37961104,3389891.0887023457,23208849.800397627,12850177.417032516
S1,2045,colon_cancer,direct_medical,avoided_incident_case_first_year,771.4212338306131,72296.25822013385,35047.815693114135,132856.9673630357,CHINA_CRC_NEW_DIAGNOSIS_COURSE,Event-specific first-year cost; no annual patient-year cost added for the same outcome,55770868.717512265,30878977.79879565,27036629.225050032,14969526.076835869,102488685.6861865,56745500.3428655
S1,2045,coronary_heart_disease,direct_medical,avoided_incident_case_first_year,3927.642302347016,21846.326995845397,8586.27962692537,46223.917226713966,CHINA_INCIDENT_MI_IMMEDIATE_PROXY,Event-specific first-year cost; no annual patient-year cost added for the same outcome,85804558.05978799,47507903.39637824,33723835.08249244,18672069.82335457,181551012.67982873,100520393.86879694
S1,2045,endometrial_cancer,direct_medical,avoided_incident_case_first_year,35.15127193836371,22329.17043600619,7912.595953582618,50409.93932055516,INTERNATIONAL_PROXY_ENDOMETRIAL,Event-specific first-year cost; no annual patient-year cost added for the same outcome,784898.742154125,434579.40302209044,278137.81210277893,153998.16288374312,1771973.4854532483,981098.7559565151
S1,2045,gastric_cancer,direct_medical,avoided_incident_case_first_year,1060.249171249644,64762.28390756019,31395.4919125426,119011.97726255516,CHINA_GASTRIC_NEW_DIAGNOSIS_COURSE,Event-specific first-year cost; no annual patient-year cost added for the same outcome,68664157.84122485,38017679.37830968,33287044.28124819,18430229.347054005,126182350.26140557,69864107.94598795
S1,2045,oesophageal_cancer,direct_medical,avoided_incident_case_first_year,526.5253185826539,68356.63525540795,29827.5487154762,135047.26753332303,CHINA_OESOPHAGEAL_NEW_DIAGNOSIS_DERIVED,Event-specific first-year cost; no annual patient-year cost added for the same outcome,35991499.15509194,19927620.43899235,15704959.589955736,8695455.345434649,71105805.5616998,39369560.52140099
S1,2045,renal_cancer,direct_medical,avoided_incident_case_first_year,138.6423671540851,13135.225379367826,4654.616770652017,29653.851952691733,INTERNATIONAL_PROXY_RENAL,Event-specific first-year cost; no annual patient-year cost added for the same outcome,1821098.739697971,1008298.2181500572,645327.0872782989,357301.96174568264,4111280.2299579703,2276316.1819933457
S1,2045,stroke,direct_medical,avoided_incident_case_first_year,7212.518274250211,29612.850356671155,4730.172689851648,100820.84684525008,CHINA_FIRST_ISCHAEMIC_STROKE_ONE_YEAR,Event-specific first-year cost; no annual patient-year cost added for the same outcome,213583224.35012758,118255852.82360597,34116456.96591429,18889455.040768217,727172200.2967479,402617616.4226382
S1,2046,bladder_cancer,direct_medical,avoided_incident_case_first_year,110.70376731157572,17917.502226658013,6349.271058827539,40450.2353820222,INTERNATIONAL_PROXY_BLADDER,Event-specific first-year cost; no annual patient-year cost added for the same outcome,1983534.9973045883,1066247.801541366,702888.2258945658,377837.0568746295,4477993.445429852,2407142.1341163456
S1,2046,breast_cancer,direct_medical,avoided_incident_case_first_year,234.25874940521086,53995.542586727424,26175.98574835096,99226.21468667472,CHINA_BREAST_NEW_DIAGNOSIS_COURSE,Event-specific first-year cost; no annual patient-year cost added for the same outcome,12648928.279822571,6799422.237844288,6131953.685857318,3296227.2637405093,23244608.960713387,12495122.71562079
S1,2046,colon_cancer,direct_medical,avoided_incident_case_first_year,778.6163815327129,72296.25822013385,35047.815693114135,132856.9673630357,CHINA_CRC_NEW_DIAGNOSIS_COURSE,Event-specific first-year cost; no annual patient-year cost added for the same outcome,56291050.973715276,30259213.691080783,27288803.43559796,14669076.527230425,103444611.1896166,55606575.84167293
S1,2046,coronary_heart_disease,direct_medical,avoided_incident_case_first_year,3965.1085650148716,21846.326995845397,8586.27962692537,46223.917226713966,CHINA_INCIDENT_MI_IMMEDIATE_PROXY,Event-specific first-year cost; no annual patient-year cost added for the same outcome,86623058.28534219,46564162.25831422,34045530.89033448,18301150.478038922,183282850.104182,98523563.3600523
S1,2046,endometrial_cancer,direct_medical,avoided_incident_case_first_year,35.18426295619478,22329.17043600619,7912.595953582618,50409.93932055516,INTERNATIONAL_PROXY_ENDOMETRIAL,Event-specific first-year cost; no annual patient-year cost added for the same outcome,785635.4042141321,422317.74266383046,278398.8566969736,149653.10383136905,1773636.5606602356,953417.0489087498
S1,2046,gastric_cancer,direct_medical,avoided_incident_case_first_year,1070.3596115254843,64762.28390756019,31395.4919125426,119011.97726255516,CHINA_GASTRIC_NEW_DIAGNOSIS_COURSE,Event-specific first-year cost; no annual patient-year cost added for the same outcome,69318933.04479924,37262342.265020624,33604466.52716058,18064056.6489855,127385613.7496283,68476044.43234423
S1,2046,oesophageal_cancer,direct_medical,avoided_incident_case_first_year,531.8375315448679,68356.63525540795,29827.5487154762,135047.26753332303,CHINA_OESOPHAGEAL_NEW_DIAGNOSIS_DERIVED,Event-specific first-year cost; no annual patient-year cost added for the same outcome,36354624.158949055,19542401.892589178,15863409.88087316,8527364.494912038,71823205.40680191,38608512.05989424
S1,2046,renal_cancer,direct_medical,avoided_incident_case_first_year,139.60184510872796,13135.225379367826,4654.616770652017,29653.851952691733,INTERNATIONAL_PROXY_RENAL,Event-specific first-year cost; no annual patient-year cost added for the same outcome,1833701.6988787397,985705.0204654846,649793.0894570504,349295.8047283502,4139732.4471768215,2225310.179437152
S1,2046,stroke,direct_medical,avoided_incident_case_first_year,7278.536290498552,29612.850356671155,4730.172689851648,100820.84684525008,CHINA_FIRST_ISCHAEMIC_STROKE_ONE_YEAR,Event-specific first-year cost; no annual patient-year cost added for the same outcome,215538205.986134,115862406.55858472,34428733.583410375,18507140.808228273,733828192.6019492,394468813.5748339
S1,2047,bladder_cancer,direct_medical,avoided_incident_case_first_year,111.55708803479399,17917.502226658013,6349.271058827539,40450.2353820222,INTERNATIONAL_PROXY_BLADDER,Event-specific first-year cost; no annual patient-year cost added for the same outcome,1998824.3732629053,1043171.4509872433,708306.1904663934,369659.6891331226,4512510.469540389,2355045.374207282
S1,2047,breast_cancer,direct_medical,avoided_incident_case_first_year,234.13416257495174,53995.542586727424,26175.98574835096,99226.21468667472,CHINA_BREAST_NEW_DIAGNOSIS_COURSE,Event-specific first-year cost; no annual patient-year cost added for the same outcome,12642201.14632357,6597869.972915491,6128692.502764023,3198518.6574078654,23232246.681146964,12124735.321544925
S1,2047,colon_cancer,direct_medical,avoided_incident_case_first_year,783.9550257002668,72296.25822013385,35047.815693114135,132856.9673630357,CHINA_CRC_NEW_DIAGNOSIS_COURSE,Event-specific first-year cost; no annual patient-year cost added for the same outcome,56677014.97099816,29579309.085773945,27475911.252433505,14339472.037560482,104153887.26354817,54357132.70061597
S1,2047,coronary_heart_disease,direct_medical,avoided_incident_case_first_year,3989.279112255495,21846.326995845397,8586.27962692537,46223.917226713966,CHINA_INCIDENT_MI_IMMEDIATE_PROXY,Event-specific first-year cost; no annual patient-year cost added for the same outcome,87151095.96402937,45483503.42732545,34253065.967678286,17876418.260767784,184400107.47915697,96237033.25531471
S1,2047,endometrial_cancer,direct_medical,avoided_incident_case_first_year,35.080583619076066,22329.17043600619,7912.595953582618,50409.93932055516,INTERNATIONAL_PROXY_ENDOMETRIAL,Event-specific first-year cost; no annual patient-year cost added for the same outcome,783320.3306249162,408809.0063420109,277578.48399361793,144866.12920262586,1768410.0915672858,922919.965274052
S1,2047,gastric_cancer,direct_medical,avoided_incident_case_first_year,1077.95347212351,64762.28390756019,31395.4919125426,119011.97726255516,CHINA_GASTRIC_NEW_DIAGNOSIS_COURSE,Event-specific first-year cost; no annual patient-year cost added for the same outcome,69810728.80080302,36433695.842287,33842879.51615087,17662345.027751986,128289374.11445555,66953262.29325478
S1,2047,oesophageal_cancer,direct_medical,avoided_incident_case_first_year,535.7529235503301,68356.63525540795,29827.5487154762,135047.26753332303,CHINA_OESOPHAGEAL_NEW_DIAGNOSIS_DERIVED,Event-specific first-year cost; no annual patient-year cost added for the same outcome,36622267.182148375,19112886.607681636,15980196.426656269,8339944.677702589,72351968.3984614,37759949.731250785
S1,2047,renal_cancer,direct_medical,avoided_incident_case_first_year,140.36919843741225,13135.225379367826,4654.616770652017,29653.851952691733,INTERNATIONAL_PROXY_RENAL,Event-specific first-year cost; no annual patient-year cost added for the same outcome,1843781.057796616,962255.507333414,653364.82512976,340986.2025756833,4162487.4291810305,2172370.97430761
S1,2047,stroke,direct_medical,avoided_incident_case_first_year,7325.844418419844,29612.850356671155,4730.172689851648,100820.84684525008,CHINA_FIRST_ISCHAEMIC_STROKE_ONE_YEAR,Event-specific first-year cost; no annual patient-year cost added for the same outcome,216939134.49892148,113218907.44294561,34652509.198111676,18084884.687259283,738597838.1216372,385468672.88377196
S1,2048,bladder_cancer,direct_medical,avoided_incident_case_first_year,112.20035997276626,17917.502226658013,6349.271058827539,40450.2353820222,INTERNATIONAL_PROXY_BLADDER,Event-specific first-year cost; no annual patient-year cost added for the same outcome,2010350.1996438701,1018627.8576135373,712390.4983651167,360962.38718132215,4538530.970846017,2299636.1929202857
S1,2048,breast_cancer,direct_medical,avoided_incident_case_first_year,233.82779557106824,53995.542586727424,26175.98574835096,99226.21468667472,CHINA_BREAST_NEW_DIAGNOSIS_COURSE,Event-specific first-year cost; no annual patient-year cost added for the same outcome,12625658.69371821,6397317.078596649,6120673.044436604,3101294.526452082,23201847.043046705,11756184.445039665
S1,2048,colon_cancer,direct_medical,avoided_incident_case_first_year,787.959946584155,72296.25822013385,35047.815693114135,132856.9673630357,CHINA_CRC_NEW_DIAGNOSIS_COURSE,Event-specific first-year cost; no annual patient-year cost added for the same outcome,56966555.76537094,28864483.74277348,27616274.981437523,13992938.655459799,104685968.90671045,53043516.62139772
S1,2048,coronary_heart_disease,direct_medical,avoided_incident_case_first_year,4004.0627162618694,21846.326995845397,8586.27962692537,46223.917226713966,CHINA_INCIDENT_MI_IMMEDIATE_PROXY,Event-specific first-year cost; no annual patient-year cost added for the same outcome,87474063.41132972,44322386.1321366,34380002.12557075,17420063.388022047,185083463.56706014,93780263.76021731
S1,2048,endometrial_cancer,direct_medical,avoided_incident_case_first_year,34.93149522055266,22329.17043600619,7912.595953582618,50409.93932055516,INTERNATIONAL_PROXY_ENDOMETRIAL,Event-specific first-year cost; no annual patient-year cost added for the same outcome,779991.310364256,395215.16080843314,276398.80773473554,140048.99515499602,1760894.5544443224,892230.740591721
S1,2048,gastric_cancer,direct_medical,avoided_incident_case_first_year,1083.6997242168454,64762.28390756019,31395.4919125426,119011.97726255516,CHINA_GASTRIC_NEW_DIAGNOSIS_COURSE,Event-specific first-year cost; no annual patient-year cost added for the same outcome,70182869.21027602,35561080.70996731,34023285.927274615,17239318.233814184,128973246.9379325,65349679.991635725
S1,2048,oesophageal_cancer,direct_medical,avoided_incident_case_first_year,538.658159266578,68356.63525540795,29827.5487154762,135047.26753332303,CHINA_OESOPHAGEAL_NEW_DIAGNOSIS_DERIVED,Event-specific first-year cost; no annual patient-year cost added for the same outcome,36820859.32033491,18656825.587704297,16066852.486512592,8140941.578153045,72744312.54348087,36858942.91097246
S1,2048,renal_cancer,direct_medical,avoided_incident_case_first_year,140.95591691385403,13135.225379367826,4654.616770652017,29653.851952691733,INTERNATIONAL_PROXY_RENAL,Event-specific first-year cost; no annual patient-year cost added for the same outcome,1851487.737218918,938133.5587675918,656095.7747898573,332438.31526560767,4179885.892019344,2117913.6908638934
S1,2048,stroke,direct_medical,avoided_incident_case_first_year,7358.8318668008005,29612.850356671155,4730.172689851648,100820.84684525008,CHINA_FIRST_ISCHAEMIC_STROKE_ONE_YEAR,Event-specific first-year cost; no annual patient-year cost added for the same outcome,217915986.87147516,110416232.39869003,34808545.52555117,17637202.79263613,741923660.6026692,375926596.7921255
S1,2049,bladder_cancer,direct_medical,avoided_incident_case_first_year,112.84770498482767,17917.502226658013,6349.271058827539,40450.2353820222,INTERNATIONAL_PROXY_BLADDER,Event-specific first-year cost; no annual patient-year cost added for the same outcome,2021949.0053388963,994664.9288843169,716500.6673152745,352470.8503621544,4564716.228957279,2245537.9098405475
S1,2049,breast_cancer,direct_medical,avoided_incident_case_first_year,233.4469857631285,53995.542586727424,26175.98574835096,99226.21468667472,CHINA_BREAST_NEW_DIAGNOSIS_COURSE,Event-specific first-year cost; no annual patient-year cost added for the same outcome,12605096.661516156,6200872.297620312,6110704.972331141,3006061.9287072737,23164060.727289286,11395182.9423707
S1,2049,colon_cancer,direct_medical,avoided_incident_case_first_year,791.7954587558871,72296.25822013385,35047.815693114135,132856.9673630357,CHINA_CRC_NEW_DIAGNOSIS_COURSE,Event-specific first-year cost; no annual patient-year cost added for the same outcome,57243848.94374496,28160180.49335091,27750701.305121087,13651506.179069903,105195543.4221308,51749236.72191385
S1,2049,coronary_heart_disease,direct_medical,avoided_incident_case_first_year,4020.4971994219986,21846.326995845397,8586.27962692537,46223.917226713966,CHINA_INCIDENT_MI_IMMEDIATE_PROXY,Event-specific first-year cost; no annual patient-year cost added for the same outcome,87833096.50445361,43208063.337704524,34521113.19350761,16982100.195881315,185843129.75631776,91422505.19405356
S1,2049,endometrial_cancer,direct_medical,avoided_incident_case_first_year,34.76568551619567,22329.17043600619,7912.595953582618,50409.93932055516,INTERNATIONAL_PROXY_ENDOMETRIAL,Event-specific first-year cost; no annual patient-year cost added for the same outcome,776288.9172157248,381882.7075248832,275086.8225389757,135324.48842936175,1752536.097308927,862131.6304190416
S1,2049,gastric_cancer,direct_medical,avoided_incident_case_first_year,1089.3188020427854,64762.28390756019,31395.4919125426,119011.97726255516,CHINA_GASTRIC_NEW_DIAGNOSIS_COURSE,Event-specific first-year cost; no annual patient-year cost added for the same outcome,70546773.52373822,34704337.88622969,34199699.63971486,16823986.025453888,129641984.5003898,63775265.821745455
S1,2049,oesophageal_cancer,direct_medical,avoided_incident_case_first_year,541.5282628454959,68356.63525540795,29827.5487154762,135047.26753332303,CHINA_OESOPHAGEAL_NEW_DIAGNOSIS_DERIVED,Event-specific first-year cost; no annual patient-year cost added for the same outcome,37017049.94382425,18209935.68713167,16152460.640831228,7945940.314120964,73131912.18935135,35976054.80896048
S1,2049,renal_cancer,direct_medical,avoided_incident_case_first_year,141.47314785041726,13135.225379367826,4654.616770652017,29653.851952691733,INTERNATIONAL_PROXY_RENAL,Event-specific first-year cost; no annual patient-year cost added for the same outcome,1858281.6821438577,914151.4510682956,658503.2865814846,323939.98215987615,4195223.781637542,2063772.1096813201
S1,2049,stroke,direct_medical,avoided_incident_case_first_year,7391.803938859137,29612.850356671155,4730.172689851648,100820.84684525008,CHINA_FIRST_ISCHAEMIC_STROKE_ONE_YEAR,Event-specific first-year cost; no annual patient-year cost added for the same outcome,218892383.90728804,107680548.2717744,34964509.12032933,17200221.610840444,745247932.8298334,366612600.0962753
S1,2050,bladder_cancer,direct_medical,avoided_incident_case_first_year,113.61863358296692,17917.502226658013,6349.271058827539,40450.2353820222,INTERNATIONAL_PROXY_BLADDER,Event-specific first-year cost; no annual patient-year cost added for the same outcome,2035762.1202126506,972291.3263054852,721395.5019518625,344542.5093725196,4595900.472214744,2195027.661302051
S1,2050,breast_cancer,direct_medical,avoided_incident_case_first_year,232.86183505705958,53995.542586727424,26175.98574835096,99226.21468667472,CHINA_BREAST_NEW_DIAGNOSIS_COURSE,Event-specific first-year cost; no annual patient-year cost added for the same outcome,12573501.131646957,6005174.16559236,6095388.075788443,2911191.2918076687,23105998.43770483,11035553.537199022
S1,2050,colon_cancer,direct_medical,avoided_incident_case_first_year,796.1876029275095,72296.25822013385,35047.815693114135,132856.9673630357,CHINA_CRC_NEW_DIAGNOSIS_COURSE,Event-specific first-year cost; no annual patient-year cost added for the same outcome,57561384.53291663,27491637.82733291,27904636.36454569,13327409.73592844,105779070.37699376,50520673.12337321
S1,2050,coronary_heart_disease,direct_medical,avoided_incident_case_first_year,4042.0884577838583,21846.326995845397,8586.27962692537,46223.917226713966,CHINA_INCIDENT_MI_IMMEDIATE_PROXY,Event-specific first-year cost; no annual patient-year cost added for the same outcome,88304786.1948786,42174857.67913409,34706501.775299735,16576018.537472814,186841162.29565698,89236379.6797273
S1,2050,endometrial_cancer,direct_medical,avoided_incident_case_first_year,34.557737268421285,22329.17043600619,7912.595953582618,50409.93932055516,INTERNATIONAL_PROXY_ENDOMETRIAL,Event-specific first-year cost; no annual patient-year cost added for the same outcome,771645.6053493018,368542.2386111109,273441.4120750815,130597.14127383122,1742053.4387568047,832014.4243016746
S1,2050,gastric_cancer,direct_medical,avoided_incident_case_first_year,1095.8256451395932,64762.28390756019,31395.4919125426,119011.97726255516,CHINA_GASTRIC_NEW_DIAGNOSIS_COURSE,Event-specific first-year cost; no annual patient-year cost added for the same outcome,70968171.54371564,33894793.96959539,34403985.17953687,16431534.926542392,130416376.76307811,62287587.864972934
S1,2050,oesophageal_cancer,direct_medical,avoided_incident_case_first_year,544.9097476211525,68356.63525540795,29827.5487154762,135047.26753332303,CHINA_OESOPHAGEAL_NEW_DIAGNOSIS_DERIVED,Event-specific first-year cost; no annual patient-year cost added for the same outcome,37248196.86525552,17789946.26780071,16253322.04270777,7762677.126600517,73588572.46850932,35146312.04497525
S1,2050,renal_cancer,direct_medical,avoided_incident_case_first_year,142.03249990081537,13135.225379367826,4654.616770652017,29653.851952691733,INTERNATIONAL_PROXY_RENAL,Event-specific first-year cost; no annual patient-year cost added for the same outcome,1865628.8973922483,891034.7515700263,661106.8560159662,315748.31631029124,4211810.724529482,2011584.2587112645
S1,2050,stroke,direct_medical,avoided_incident_case_first_year,7432.019386729772,29612.850356671155,4730.172689851648,100820.84684525008,CHINA_FIRST_ISCHAEMIC_STROKE_ONE_YEAR,Event-specific first-year cost; no annual patient-year cost added for the same outcome,220083277.94710767,105112999.24890032,35154735.13355716,16790097.285705417,749302488.3404118,357871041.4930001
S2,2025,bladder_cancer,direct_medical,avoided_incident_case_first_year,0.0,17917.502226658013,6349.271058827539,40450.2353820222,INTERNATIONAL_PROXY_BLADDER,Event-specific first-year cost; no annual patient-year cost added for the same outcome,0.0,0.0,0.0,0.0,0.0,0.0
S2,2025,breast_cancer,direct_medical,avoided_incident_case_first_year,0.0,53995.542586727424,26175.98574835096,99226.21468667472,CHINA_BREAST_NEW_DIAGNOSIS_COURSE,Event-specific first-year cost; no annual patient-year cost added for the same outcome,0.0,0.0,0.0,0.0,0.0,0.0
S2,2025,colon_cancer,direct_medical,avoided_incident_case_first_year,0.0,72296.25822013385,35047.815693114135,132856.9673630357,CHINA_CRC_NEW_DIAGNOSIS_COURSE,Event-specific first-year cost; no annual patient-year cost added for the same outcome,0.0,0.0,0.0,0.0,0.0,0.0
S2,2025,coronary_heart_disease,direct_medical,avoided_incident_case_first_year,0.0,21846.326995845397,8586.27962692537,46223.917226713966,CHINA_INCIDENT_MI_IMMEDIATE_PROXY,Event-specific first-year cost; no annual patient-year cost added for the same outcome,0.0,0.0,0.0,0.0,0.0,0.0
S2,2025,endometrial_cancer,direct_medical,avoided_incident_case_first_year,0.0,22329.17043600619,7912.595953582618,50409.93932055516,INTERNATIONAL_PROXY_ENDOMETRIAL,Event-specific first-year cost; no annual patient-year cost added for the same outcome,0.0,0.0,0.0,0.0,0.0,0.0
S2,2025,gastric_cancer,direct_medical,avoided_incident_case_first_year,0.0,64762.28390756019,31395.4919125426,119011.97726255516,CHINA_GASTRIC_NEW_DIAGNOSIS_COURSE,Event-specific first-year cost; no annual patient-year cost added for the same outcome,0.0,0.0,0.0,0.0,0.0,0.0
S2,2025,oesophageal_cancer,direct_medical,avoided_incident_case_first_year,0.0,68356.63525540795,29827.5487154762,135047.26753332303,CHINA_OESOPHAGEAL_NEW_DIAGNOSIS_DERIVED,Event-specific first-year cost; no annual patient-year cost added for the same outcome,0.0,0.0,0.0,0.0,0.0,0.0
S2,2025,renal_cancer,direct_medical,avoided_incident_case_first_year,0.0,13135.225379367826,4654.616770652017,29653.851952691733,INTERNATIONAL_PROXY_RENAL,Event-specific first-year cost; no annual patient-year cost added for the same outcome,0.0,0.0,0.0,0.0,0.0,0.0
S2,2025,stroke,direct_medical,avoided_incident_case_first_year,0.0,29612.850356671155,4730.172689851648,100820.84684525008,CHINA_FIRST_ISCHAEMIC_STROKE_ONE_YEAR,Event-specific first-year cost; no annual patient-year cost added for the same outcome,0.0,0.0,0.0,0.0,0.0,0.0
S2,2026,bladder_cancer,direct_medical,avoided_incident_case_first_year,0.0,17917.502226658013,6349.271058827539,40450.2353820222,INTERNATIONAL_PROXY_BLADDER,Event-specific first-year cost; no annual patient-year cost added for the same outcome,0.0,0.0,0.0,0.0,0.0,0.0
S2,2026,breast_cancer,direct_medical,avoided_incident_case_first_year,0.0,53995.542586727424,26175.98574835096,99226.21468667472,CHINA_BREAST_NEW_DIAGNOSIS_COURSE,Event-specific first-year cost; no annual patient-year cost added for the same outcome,0.0,0.0,0.0,0.0,0.0,0.0
S2,2026,colon_cancer,direct_medical,avoided_incident_case_first_year,0.0,72296.25822013385,35047.815693114135,132856.9673630357,CHINA_CRC_NEW_DIAGNOSIS_COURSE,Event-specific first-year cost; no annual patient-year cost added for the same outcome,0.0,0.0,0.0,0.0,0.0,0.0
S2,2026,coronary_heart_disease,direct_medical,avoided_incident_case_first_year,472.3612067711447,21846.326995845397,8586.27962692537,46223.917226713966,CHINA_INCIDENT_MI_IMMEDIATE_PROXY,Event-specific first-year cost; no annual patient-year cost added for the same outcome,10319357.383274568,10018793.575994726,4055825.406248962,3937694.5691737495,21834385.322900113,21198432.352330208
S2,2026,endometrial_cancer,direct_medical,avoided_incident_case_first_year,0.0,22329.17043600619,7912.595953582618,50409.93932055516,INTERNATIONAL_PROXY_ENDOMETRIAL,Event-specific first-year cost; no annual patient-year cost added for the same outcome,0.0,0.0,0.0,0.0,0.0,0.0
S2,2026,gastric_cancer,direct_medical,avoided_incident_case_first_year,0.0,64762.28390756019,31395.4919125426,119011.97726255516,CHINA_GASTRIC_NEW_DIAGNOSIS_COURSE,Event-specific first-year cost; no annual patient-year cost added for the same outcome,0.0,0.0,0.0,0.0,0.0,0.0
S2,2026,oesophageal_cancer,direct_medical,avoided_incident_case_first_year,0.0,68356.63525540795,29827.5487154762,135047.26753332303,CHINA_OESOPHAGEAL_NEW_DIAGNOSIS_DERIVED,Event-specific first-year cost; no annual patient-year cost added for the same outcome,0.0,0.0,0.0,0.0,0.0,0.0
S2,2026,renal_cancer,direct_medical,avoided_incident_case_first_year,0.0,13135.225379367826,4654.616770652017,29653.851952691733,INTERNATIONAL_PROXY_RENAL,Event-specific first-year cost; no annual patient-year cost added for the same outcome,0.0,0.0,0.0,0.0,0.0,0.0
S2,2026,stroke,direct_medical,avoided_incident_case_first_year,984.5959517488535,29612.850356671155,4730.172689851648,100820.84684525008,CHINA_FIRST_ISCHAEMIC_STROKE_ONE_YEAR,Event-specific first-year cost; no annual patient-year cost added for the same outcome,29156692.580923013,28307468.52516797,4657308.8815009175,4521659.108253318,99267797.6557244,96376502.57837321
S2,2027,bladder_cancer,direct_medical,avoided_incident_case_first_year,0.0,17917.502226658013,6349.271058827539,40450.2353820222,INTERNATIONAL_PROXY_BLADDER,Event-specific first-year cost; no annual patient-year cost added for the same outcome,0.0,0.0,0.0,0.0,0.0,0.0
S2,2027,breast_cancer,direct_medical,avoided_incident_case_first_year,0.0,53995.542586727424,26175.98574835096,99226.21468667472,CHINA_BREAST_NEW_DIAGNOSIS_COURSE,Event-specific first-year cost; no annual patient-year cost added for the same outcome,0.0,0.0,0.0,0.0,0.0,0.0
S2,2027,colon_cancer,direct_medical,avoided_incident_case_first_year,0.0,72296.25822013385,35047.815693114135,132856.9673630357,CHINA_CRC_NEW_DIAGNOSIS_COURSE,Event-specific first-year cost; no annual patient-year cost added for the same outcome,0.0,0.0,0.0,0.0,0.0,0.0
S2,2027,coronary_heart_disease,direct_medical,avoided_incident_case_first_year,1645.0137618233675,21846.326995845397,8586.27962692537,46223.917226713966,CHINA_INCIDENT_MI_IMMEDIATE_PROXY,Event-specific first-year cost; no annual patient-year cost added for the same outcome,35937508.553459026,33874548.54694979,14124548.149155844,13313741.303757042,76038979.9633287,71674031.44813715
S2,2027,endometrial_cancer,direct_medical,avoided_incident_case_first_year,0.0,22329.17043600619,7912.595953582618,50409.93932055516,INTERNATIONAL_PROXY_ENDOMETRIAL,Event-specific first-year cost; no annual patient-year cost added for the same outcome,0.0,0.0,0.0,0.0,0.0,0.0
S2,2027,gastric_cancer,direct_medical,avoided_incident_case_first_year,0.0,64762.28390756019,31395.4919125426,119011.97726255516,CHINA_GASTRIC_NEW_DIAGNOSIS_COURSE,Event-specific first-year cost; no annual patient-year cost added for the same outcome,0.0,0.0,0.0,0.0,0.0,0.0
S2,2027,oesophageal_cancer,direct_medical,avoided_incident_case_first_year,0.0,68356.63525540795,29827.5487154762,135047.26753332303,CHINA_OESOPHAGEAL_NEW_DIAGNOSIS_DERIVED,Event-specific first-year cost; no annual patient-year cost added for the same outcome,0.0,0.0,0.0,0.0,0.0,0.0
S2,2027,renal_cancer,direct_medical,avoided_incident_case_first_year,0.0,13135.225379367826,4654.616770652017,29653.851952691733,INTERNATIONAL_PROXY_RENAL,Event-specific first-year cost; no annual patient-year cost added for the same outcome,0.0,0.0,0.0,0.0,0.0,0.0
S2,2027,stroke,direct_medical,avoided_incident_case_first_year,3397.697357987519,29612.850356671155,4730.172689851648,100820.84684525008,CHINA_FIRST_ISCHAEMIC_STROKE_ONE_YEAR,Event-specific first-year cost; no annual patient-year cost added for the same outcome,100615503.41934134,94839761.91850443,16071695.25113366,15149114.196562976,342558724.9561705,322894452.7817612
S2,2028,bladder_cancer,direct_medical,avoided_incident_case_first_year,17.49126444793862,17917.502226658013,6349.271058827539,40450.2353820222,INTERNATIONAL_PROXY_BLADDER,Event-specific first-year cost; no annual patient-year cost added for the same outcome,313399.7696930043,286805.18527775403,111056.77914159572,101632.68514605727,707525.7640483137,647486.3017462859
S2,2028,breast_cancer,direct_medical,avoided_incident_case_first_year,54.57657462963515,53995.542586727424,26175.98574835096,99226.21468667472,CHINA_BREAST_NEW_DIAGNOSIS_COURSE,Event-specific first-year cost; no annual patient-year cost added for the same outcome,2946891.759652172,2696823.414862241,1428595.6396991422,1307367.3842589615,5415426.911063502,4955882.769496408
S2,2028,colon_cancer,direct_medical,avoided_incident_case_first_year,132.31241041056572,72296.25822013385,35047.815693114135,132856.9673630357,CHINA_CRC_NEW_DIAGNOSIS_COURSE,Event-specific first-year cost; no annual patient-year cost added for the same outcome,9565692.188770585,8753963.42249307,4637260.973981183,4243750.702582789,17578625.591641117,16086932.593082368
S2,2028,coronary_heart_disease,direct_medical,avoided_incident_case_first_year,3598.746646361131,21846.326995845397,8586.27962692537,46223.917226713966,CHINA_INCIDENT_MI_IMMEDIATE_PROXY,Event-specific first-year cost; no annual patient-year cost added for the same outcome,78619396.01160726,71947884.52340545,30899845.012116577,28277735.438143816,166348167.1013114,152232137.67145076
S2,2028,endometrial_cancer,direct_medical,avoided_incident_case_first_year,10.294043705450026,22329.17043600619,7912.595953582618,50409.93932055516,INTERNATIONAL_PROXY_ENDOMETRIAL,Event-specific first-year cost; no annual patient-year cost added for the same outcome,229857.45637469031,210352.13404143057,81452.60856974649,74540.67536516118,518922.1185548786,474887.2486493686
S2,2028,gastric_cancer,direct_medical,avoided_incident_case_first_year,238.94022751784053,64762.28390756019,31395.4919125426,119011.97726255516,CHINA_GASTRIC_NEW_DIAGNOSIS_COURSE,Event-specific first-year cost; no annual patient-year cost added for the same outcome,15474314.851447413,14161190.170506826,7501645.980617451,6865068.7505822135,28436748.924462993,26023653.597342238
S2,2028,oesophageal_cancer,direct_medical,avoided_incident_case_first_year,115.39481276498793,68356.63525540795,29827.5487154762,135047.26753332303,CHINA_OESOPHAGEAL_NEW_DIAGNOSIS_DERIVED,Event-specific first-year cost; no annual patient-year cost added for the same outcome,7888001.126542374,7218638.43992358,3441944.3992609326,3149866.7089409637,15583754.151431045,14261342.633092295
S2,2028,renal_cancer,direct_medical,avoided_incident_case_first_year,26.948164404161474,13135.225379367826,4654.616770652017,29653.851952691733,INTERNATIONAL_PROXY_RENAL,Event-specific first-year cost; no annual patient-year cost added for the same outcome,353970.21300891845,323932.888094573,125433.37797389773,114789.30965730482,799116.8776378016,731305.1454185735
S2,2028,stroke,direct_medical,avoided_incident_case_first_year,7380.394021154324,29612.850356671155,4730.172689851648,100820.84684525008,CHINA_FIRST_ISCHAEMIC_STROKE_ONE_YEAR,Event-specific first-year cost; no annual patient-year cost added for the same outcome,218554503.72171348,200008331.19499516,34910538.23920857,31948087.893141262,744097575.2643995,680954689.7481251
S2,2029,bladder_cancer,direct_medical,avoided_incident_case_first_year,47.26232653534276,17917.502226658013,6349.271058827539,40450.2353820222,INTERNATIONAL_PROXY_BLADDER,Event-specific first-year cost; no annual patient-year cost added for the same outcome,846822.840934042,752391.1260490639,300081.3220437086,266618.3679572517,1911772.2330566084,1698584.86763565
S2,2029,breast_cancer,direct_medical,avoided_incident_case_first_year,144.435140727718,53995.542586727424,26175.98574835096,99226.21468667472,CHINA_BREAST_NEW_DIAGNOSIS_COURSE,Event-specific first-year cost; no annual patient-year cost added for the same outcome,7798853.792183465,6929180.582943162,3780732.1852498115,3359131.578232436,14331752.282148622,12733576.276625166
S2,2029,colon_cancer,direct_medical,avoided_incident_case_first_year,356.7237364739929,72296.25822013385,35047.815693114135,132856.9673630357,CHINA_CRC_NEW_DIAGNOSIS_COURSE,Event-specific first-year cost; no annual patient-year cost added for the same outcome,25789791.365374774,22913895.596583355,12502387.76929952,11108209.601042144,47393233.81434543,42108274.402885765
S2,2029,coronary_heart_disease,direct_medical,avoided_incident_case_first_year,6349.182576330166,21846.326995845397,8586.27962692537,46223.917226713966,CHINA_INCIDENT_MI_IMMEDIATE_PROXY,Event-specific first-year cost; no annual patient-year cost added for the same outcome,138706318.71883294,123238767.64574853,54515857.00277324,48436632.852987826,293484089.8655801,260756812.61489198
S2,2029,endometrial_cancer,direct_medical,avoided_incident_case_first_year,26.429978581138915,22329.17043600619,7912.595953582618,50409.93932055516,INTERNATIONAL_PROXY_ENDOMETRIAL,Event-specific first-year cost; no annual patient-year cost added for the same outcome,590159.4963582439,524349.0687187458,209129.74157439504,185809.06672280515,1332333.6165187852,1183761.1617796088
S2,2029,gastric_cancer,direct_medical,avoided_incident_case_first_year,622.9249383381099,64762.28390756019,31395.4919125426,119011.97726255516,CHINA_GASTRIC_NEW_DIAGNOSIS_COURSE,Event-specific first-year cost; no annual patient-year cost added for the same outcome,40342041.7097521,35843381.54558923,19557034.863715224,17376172.172046546,74135528.5977737,65868456.949505076
S2,2029,oesophageal_cancer,direct_medical,avoided_incident_case_first_year,300.8073401443891,68356.63525540795,29827.5487154762,135047.26753332303,CHINA_OESOPHAGEAL_NEW_DIAGNOSIS_DERIVED,Event-specific first-year cost; no annual patient-year cost added for the same outcome,20562177.63239944,18269228.503328584,8972345.592129586,7971812.848030559,40623209.34046662,36093195.34377222
S2,2029,renal_cancer,direct_medical,avoided_incident_case_first_year,72.07649706990877,13135.225379367826,4654.616770652017,29653.851952691733,INTERNATIONAL_PROXY_RENAL,Event-specific first-year cost; no annual patient-year cost added for the same outcome,946741.0335685965,841167.1460560103,335488.4720314483,298077.1621249667,2137345.773379694,1899004.0365651993
S2,2029,stroke,direct_medical,avoided_incident_case_first_year,12983.840373021605,29612.850356671155,4730.172689851648,100820.84684525008,CHINA_FIRST_ISCHAEMIC_STROKE_ONE_YEAR,Event-specific first-year cost; no annual patient-year cost added for the same outcome,384488522.02119416,341613071.8880771,61415807.14186003,54567149.1828305,1309041781.711586,1163066668.2312205
S2,2030,bladder_cancer,direct_medical,avoided_incident_case_first_year,82.28976769183389,17917.502226658013,6349.271058827539,40450.2353820222,INTERNATIONAL_PROXY_BLADDER,Event-specific first-year cost; no annual patient-year cost added for the same outcome,1474427.0958496043,1271853.7648139005,522480.0404434023,450695.87255187205,3328640.4726666063,2871314.51177887
S2,2030,breast_cancer,direct_medical,avoided_incident_case_first_year,247.64093361498442,53995.542586727424,26175.98574835096,99226.21468667472,CHINA_BREAST_NEW_DIAGNOSIS_COURSE,Event-specific first-year cost; no annual patient-year cost added for the same outcome,13371506.57722483,11534379.033964764,6482245.549014158,5591641.95311476,24572472.444089007,21196430.584308982
S2,2030,colon_cancer,direct_medical,avoided_incident_case_first_year,620.3684089861313,72296.25822013385,35047.815693114135,132856.9673630357,CHINA_CRC_NEW_DIAGNOSIS_COURSE,Event-specific first-year cost; no annual patient-year cost added for the same outcome,44850314.687674955,38688275.4319825,21742557.659976378,18755321.232474815,82420265.46572883,71096445.00201243
S2,2030,coronary_heart_disease,direct_medical,avoided_incident_case_first_year,7202.825162214334,21846.326995845397,8586.27962692537,46223.917226713966,CHINA_INCIDENT_MI_IMMEDIATE_PROXY,Event-specific first-year cost; no annual patient-year cost added for the same outcome,157355273.7876375,135736041.43839127,61845470.946626365,53348446.5129355,332942794.096688,287199378.885211
S2,2030,endometrial_cancer,direct_medical,avoided_incident_case_first_year,43.95443728398452,22329.17043600619,7912.595953582618,50409.93932055516,INTERNATIONAL_PROXY_ENDOMETRIAL,Event-specific first-year cost; no annual patient-year cost added for the same outcome,981466.1215328353,846621.2980096792,347793.70259525685,300009.90301216196,2215740.5163548067,1911317.2333235596
S2,2030,gastric_cancer,direct_medical,avoided_incident_case_first_year,1047.4696953590976,64762.28390756019,31395.4919125426,119011.97726255516,CHINA_GASTRIC_NEW_DIAGNOSIS_COURSE,Event-specific first-year cost; no annual patient-year cost added for the same outcome,67836529.79541145,58516386.50365999,32885826.349280007,28367602.690621134,124661439.5672925,107534052.84472209
S2,2030,oesophageal_cancer,direct_medical,avoided_incident_case_first_year,505.5103721827685,68356.63525540795,29827.5487154762,135047.26753332303,CHINA_OESOPHAGEAL_NEW_DIAGNOSIS_DERIVED,Event-specific first-year cost; no annual patient-year cost added for the same outcome,34554988.129123025,29807436.30447203,15078135.252460033,13006531.920904558,68267794.47303604,58888399.20297356
S2,2030,renal_cancer,direct_medical,avoided_incident_case_first_year,124.58967186282662,13135.225379367826,4654.616770652017,29653.851952691733,INTERNATIONAL_PROXY_RENAL,Event-specific first-year cost; no annual patient-year cost added for the same outcome,1636513.41985971,1411670.8517335553,579917.1761027445,500241.6503214856,3694563.6842547036,3186963.088504828
S2,2030,stroke,direct_medical,avoided_incident_case_first_year,14716.24584259596,29612.850356671155,4730.172689851648,100820.84684525008,CHINA_FIRST_ISCHAEMIC_STROKE_ONE_YEAR,Event-specific first-year cost; no annual patient-year cost added for the same outcome,435789985.94877815,375916270.0260674,69610384.18179026,60046528.87956873,1483704368.2334154,1279856421.4673004
S2,2031,bladder_cancer,direct_medical,avoided_incident_case_first_year,114.28802274631704,17917.502226658013,6349.271058827539,40450.2353820222,INTERNATIONAL_PROXY_BLADDER,Event-specific first-year cost; no annual patient-year cost added for the same outcome,2047755.9020374771,1714963.3294874225,725645.6351938142,607716.7954060296,4622977.421434431,3871670.8094553314
S2,2031,breast_cancer,direct_medical,avoided_incident_case_first_year,339.19065794105086,53995.542586727424,26175.98574835096,99226.21468667472,CHINA_BREAST_NEW_DIAGNOSIS_COURSE,Event-specific first-year cost; no annual patient-year cost added for the same outcome,18314783.615876105,15338342.94286397,8878649.828238731,7435729.451756968,33656605.044573165,28186876.858249687
S2,2031,colon_cancer,direct_medical,avoided_incident_case_first_year,860.7405445412671,72296.25822013385,35047.815693114135,132856.9673630357,CHINA_CRC_NEW_DIAGNOSIS_COURSE,Event-specific first-year cost; no annual patient-year cost added for the same outcome,62228320.66869407,52115238.87989333,30167075.964673027,25264451.190593522,114355378.43416071,95770829.10571107
S2,2031,coronary_heart_disease,direct_medical,avoided_incident_case_first_year,7330.036598508543,21846.326995845397,8586.27962692537,46223.917226713966,CHINA_INCIDENT_MI_IMMEDIATE_PROXY,Event-specific first-year cost; no annual patient-year cost added for the same outcome,160134376.42253193,134110019.20772465,62937743.91039124,52709369.6761402,338823004.99824286,283758932.48827547
S2,2031,endometrial_cancer,direct_medical,avoided_incident_case_first_year,58.40276970446786,22329.17043600619,7912.595953582618,50409.93932055516,INTERNATIONAL_PROXY_ENDOMETRIAL,Event-specific first-year cost; no annual patient-year cost added for the same outcome,1304085.3986658815,1092150.9907537026,462117.5192415899,387016.1471025372,2944080.076954582,2465620.7148654633
S2,2031,gastric_cancer,direct_medical,avoided_incident_case_first_year,1405.137866058735,64762.28390756019,31395.4919125426,119011.97726255516,CHINA_GASTRIC_NEW_DIAGNOSIS_COURSE,Event-specific first-year cost; no annual patient-year cost added for the same outcome,90999937.41095908,76211014.94087613,44114994.50985438,36945613.38568888,167228235.76613745,140051014.72712252
S2,2031,oesophageal_cancer,direct_medical,avoided_incident_case_first_year,677.6391780156299,68356.63525540795,29827.5487154762,135047.26753332303,CHINA_OESOPHAGEAL_NEW_DIAGNOSIS_DERIVED,Event-specific first-year cost; no annual patient-year cost added for the same outcome,46321134.12638887,38793220.58258263,20212315.59377645,16927496.100909304,91513319.36453788,76640964.24466386
S2,2031,renal_cancer,direct_medical,avoided_incident_case_first_year,171.9934163087113,13135.225379367826,4654.616770652017,29653.851952691733,INTERNATIONAL_PROXY_RENAL,Event-specific first-year cost; no annual patient-year cost added for the same outcome,2259172.2869823608,1892021.2234837336,800563.4399922617,670459.2774700285,5100267.3040562,4271393.572025452
S2,2031,stroke,direct_medical,avoided_incident_case_first_year,14969.661267449283,29612.850356671155,4730.172689851648,100820.84684525008,CHINA_FIRST_ISCHAEMIC_STROKE_ONE_YEAR,Event-specific first-year cost; no annual patient-year cost added for the same outcome,443294339.00303185,371252029.992026,70809082.9036186,59301492.16198828,1509253925.9707763,1263976402.3385227
S2,2032,bladder_cancer,direct_medical,avoided_incident_case_first_year,149.7346587632261,17917.502226658013,6349.271058827539,40450.2353820222,INTERNATIONAL_PROXY_BLADDER,Event-specific first-year cost; no annual patient-year cost added for the same outcome,2682871.081797981,2181419.7026384985,950705.9353887687,773010.9258483506,6056802.191819268,4924734.448054066
S2,2032,breast_cancer,direct_medical,avoided_incident_case_first_year,435.1875318673217,53995.542586727424,26175.98574835096,99226.21468667472,CHINA_BREAST_NEW_DIAGNOSIS_COURSE,Event-specific first-year cost; no annual patient-year cost added for the same outcome,23498186.910154767,19106176.30860635,11391462.632019041,9262301.5678797,43182011.46603096,35110926.96576114
S2,2032,colon_cancer,direct_medical,avoided_incident_case_first_year,1123.8340860017604,72296.25822013385,35047.815693114135,132856.9673630357,CHINA_CRC_NEW_DIAGNOSIS_COURSE,Event-specific first-year cost; no annual patient-year cost added for the same outcome,81248999.27817139,66062871.61822342,39387929.91582908,32025991.463947557,149309188.48540294,121402033.72304593
S2,2032,coronary_heart_disease,direct_medical,avoided_incident_case_first_year,7549.827594142558,21846.326995845397,8586.27962692537,46223.917226713966,CHINA_INCIDENT_MI_IMMEDIATE_PROXY,Event-specific first-year cost; no annual patient-year cost added for the same outcome,164936002.38389507,134108063.45325221,64824930.85838523,52708601.00437284,348982605.78760666,283754794.3723869
S2,2032,endometrial_cancer,direct_medical,avoided_incident_case_first_year,72.75024377778989,22329.17043600619,7912.595953582618,50409.93932055516,INTERNATIONAL_PROXY_ENDOMETRIAL,Event-specific first-year cost; no annual patient-year cost added for the same outcome,1624452.5925752693,1320828.6136026548,575643.2845382893,468050.6682198898,3667335.374393984,2981879.262168948
S2,2032,gastric_cancer,direct_medical,avoided_incident_case_first_year,1774.34908928716,64762.28390756019,31395.4919125426,119011.97726255516,CHINA_GASTRIC_NEW_DIAGNOSIS_COURSE,Event-specific first-year cost; no annual patient-year cost added for the same outcome,114910899.47153592,93433076.92113532,55706562.48274236,45294533.080835946,211168793.47007895,171699553.431139
S2,2032,oesophageal_cancer,direct_medical,avoided_incident_case_first_year,855.9776873972102,68356.63525540795,29827.5487154762,135047.26753332303,CHINA_OESOPHAGEAL_NEW_DIAGNOSIS_DERIVED,Event-specific first-year cost; no annual patient-year cost added for the same outcome,58511754.5641787,47575410.94993942,25531716.170200944,20759621.688018225,115597447.75248618,93991303.50050335
S2,2032,renal_cancer,direct_medical,avoided_incident_case_first_year,223.00158625685944,13135.225379367826,4654.616770652017,29653.851952691733,INTERNATIONAL_PROXY_RENAL,Event-specific first-year cost; no annual patient-year cost added for the same outcome,2929176.0954403835,2381688.2184324446,1037986.9232731804,843978.3561988279,6612856.024076325,5376857.0989122195
S2,2032,stroke,direct_medical,avoided_incident_case_first_year,15334.426027376434,29612.850356671155,4730.172689851648,100820.84684525008,CHINA_FIRST_ISCHAEMIC_STROKE_ONE_YEAR,Event-specific first-year cost; no annual patient-year cost added for the same outcome,454096063.2541417,369221654.3663772,72534483.20924631,58977172.577115186,1546029817.9659362,1257063721.271813
S2,2033,bladder_cancer,direct_medical,avoided_incident_case_first_year,190.82415212570248,17917.502226658013,6349.271058827539,40450.2353820222,INTERNATIONAL_PROXY_BLADDER,Event-specific first-year cost; no annual patient-year cost added for the same outcome,3419092.170612402,2699062.932451908,1211594.2664170263,956443.7021514191,7718881.870059477,6093356.62680337
S2,2033,breast_cancer,direct_medical,avoided_incident_case_first_year,535.7589699653552,53995.542586727424,26175.98574835096,99226.21468667472,CHINA_BREAST_NEW_DIAGNOSIS_COURSE,Event-specific first-year cost; no annual patient-year cost added for the same outcome,28928596.278985552,22836501.03837095,14024019.162364326,11070690.228965983,53161334.57409404,41966048.42124253
S2,2033,colon_cancer,direct_medical,avoided_incident_case_first_year,1421.2036234804466,72296.25822013385,35047.815693114135,132856.9673630357,CHINA_CRC_NEW_DIAGNOSIS_COURSE,Event-specific first-year cost; no annual patient-year cost added for the same outcome,102747704.14653225,81109986.4578288,49810082.65812867,39320539.21226719,188816803.42096978,149053728.21415263
S2,2033,coronary_heart_disease,direct_medical,avoided_incident_case_first_year,7947.058184830225,21846.326995845397,8586.27962692537,46223.917226713966,CHINA_INCIDENT_MI_IMMEDIATE_PROXY,Event-specific first-year cost; no annual patient-year cost added for the same outcome,173614031.76081067,137052519.87845683,68235663.78639828,53865863.1025238,367344159.7314721,289984871.8633174
S2,2033,endometrial_cancer,direct_medical,avoided_incident_case_first_year,86.95145317987512,22329.17043600619,7912.595953582618,50409.93932055516,INTERNATIONAL_PROXY_ENDOMETRIAL,Event-specific first-year cost; no annual patient-year cost added for the same outcome,1941553.8177118436,1532680.5126192048,688011.7165892083,543122.8023917034,4383217.478631598,3460152.3536380287
S2,2033,gastric_cancer,direct_medical,avoided_incident_case_first_year,2171.8192759812014,64762.28390756019,31395.4919125426,119011.97726255516,CHINA_GASTRIC_NEW_DIAGNOSIS_COURSE,Event-specific first-year cost; no annual patient-year cost added for the same outcome,140651976.54700637,111031969.11071391,68185334.51457193,53826132.71058779,258472506.29145375,204040583.28274038
S2,2033,oesophageal_cancer,direct_medical,avoided_incident_case_first_year,1050.0091450153577,68356.63525540795,29827.5487154762,135047.26753332303,CHINA_OESOPHAGEAL_NEW_DIAGNOSIS_DERIVED,Event-specific first-year cost; no annual patient-year cost added for the same outcome,71775092.14065756,56659920.52956865,31319198.9246411,24723664.842426762,141800865.9193248,111938912.99042721
S2,2033,renal_cancer,direct_medical,avoided_incident_case_first_year,278.8483608754402,13135.225379367826,4654.616770652017,29653.851952691733,INTERNATIONAL_PROXY_RENAL,Event-specific first-year cost; no annual patient-year cost added for the same outcome,3662736.066766201,2891397.6739599425,1297932.2569996498,1024599.7091894516,8268928.010651062,6527568.129485109
S2,2033,stroke,direct_medical,avoided_incident_case_first_year,15926.814080851304,29612.850356671155,4730.172689851648,100820.84684525008,CHINA_FIRST_ISCHAEMIC_STROKE_ONE_YEAR,Event-specific first-year cost; no annual patient-year cost added for the same outcome,471638362.0347727,372315678.2469486,75336581.00158751,59471392.72429298,1605754883.1782818,1267597732.8256304
S2,2034,bladder_cancer,direct_medical,avoided_incident_case_first_year,236.68747965707442,17917.502226658013,6349.271058827539,40450.2353820222,INTERNATIONAL_PROXY_BLADDER,Event-specific first-year cost; no annual patient-year cost added for the same outcome,4240848.443777704,3250257.206644662,1502792.9645734944,1151765.6732974092,9574064.264106251,7337723.048544202
S2,2034,breast_cancer,direct_medical,avoided_incident_case_first_year,640.522832538562,53995.542586727424,26175.98574835096,99226.21468667472,CHINA_BREAST_NEW_DIAGNOSIS_COURSE,Event-specific first-year cost; no annual patient-year cost added for the same outcome,34585377.882107206,26506812.303274143,16766316.536022788,12849985.532977499,63556656.09318836,48710884.68162908
S2,2034,colon_cancer,direct_medical,avoided_incident_case_first_year,1748.070776262847,72296.25822013385,35047.815693114135,132856.9673630357,CHINA_CRC_NEW_DIAGNOSIS_COURSE,Event-specific first-year cost; no annual patient-year cost added for the same outcome,126378976.22776861,96858961.9974193,61266062.38497922,46955335.336656556,232243382.07022956,177995213.99469775
S2,2034,coronary_heart_disease,direct_medical,avoided_incident_case_first_year,8377.07117638466,21846.326995845397,8586.27962692537,46223.917226713966,CHINA_INCIDENT_MI_IMMEDIATE_PROXY,Event-specific first-year cost; no annual patient-year cost added for the same outcome,183008236.18677053,140260574.37023532,71927875.57509534,55126727.36268353,387221044.6594959,296772687.74261636
S2,2034,endometrial_cancer,direct_medical,avoided_incident_case_first_year,100.94765973398668,22329.17043600619,7912.595953582618,50409.93932055516,INTERNATIONAL_PROXY_ENDOMETRIAL,Event-specific first-year cost; no annual patient-year cost added for the same outcome,2254077.499316148,1727562.7114751756,798758.043934778,612181.5299656795,5088765.401742318,3900114.95086665
S2,2034,gastric_cancer,direct_medical,avoided_incident_case_first_year,2586.3595227809647,64762.28390756019,31395.4919125426,119011.97726255516,CHINA_GASTRIC_NEW_DIAGNOSIS_COURSE,Event-specific first-year cost; no annual patient-year cost added for the same outcome,167498549.7013627,128373691.13441494,81200029.48039731,62233061.26057226,307807760.7180012,235909018.1594994
S2,2034,oesophageal_cancer,direct_medical,avoided_incident_case_first_year,1253.782854841085,68356.63525540795,29827.5487154762,135047.26753332303,CHINA_OESOPHAGEAL_NEW_DIAGNOSIS_DERIVED,Event-specific first-year cost; no annual patient-year cost added for the same outcome,85704377.29785614,65685268.7961682,37397269.18140129,28661892.84458459,169319948.62641752,129769641.74684966
S2,2034,renal_cancer,direct_medical,avoided_incident_case_first_year,338.9437493803616,13135.225379367826,4654.616770652017,29653.851952691733,INTERNATIONAL_PROXY_RENAL,Event-specific first-year cost; no annual patient-year cost added for the same outcome,4452102.539039014,3412165.8800290446,1577653.2601735054,1209139.8564334475,10050987.764415493,7703245.199229096
S2,2034,stroke,direct_medical,avoided_incident_case_first_year,16556.55968018383,29612.850356671155,4730.172689851648,100820.84684525008,CHINA_FIRST_ISCHAEMIC_STROKE_ONE_YEAR,Event-specific first-year cost; no annual patient-year cost added for the same outcome,490286924.23057896,375764102.3796076,78315386.4371045,60022222.565354005,1669246367.8000565,1279338346.685787
S2,2035,bladder_cancer,direct_medical,avoided_incident_case_first_year,249.4667988383976,17917.502226658013,6349.271058827539,40450.2353820222,INTERNATIONAL_PROXY_BLADDER,Event-specific first-year cost; no annual patient-year cost added for the same outcome,4469821.9236642355,3325967.294070531,1583932.3260029894,1178594.40538704,10090990.733012766,7508644.799714041
S2,2035,breast_cancer,direct_medical,avoided_incident_case_first_year,653.9491789553083,53995.542586727424,26175.98574835096,99226.21468667472,CHINA_BREAST_NEW_DIAGNOSIS_COURSE,Event-specific first-year cost; no annual patient-year cost added for the same outcome,35310340.741836786,26274209.678930663,17117764.38847996,12737224.318103796,64888901.62519409,48283436.84363913
S2,2035,colon_cancer,direct_medical,avoided_incident_case_first_year,1829.645110061523,72296.25822013385,35047.815693114135,132856.9673630357,CHINA_CRC_NEW_DIAGNOSIS_COURSE,Event-specific first-year cost; no annual patient-year cost added for the same outcome,132276495.32821308,98426135.25758842,64125064.60124378,47715070.36214488,243081100.67338163,180875167.83746147
S2,2035,coronary_heart_disease,direct_medical,avoided_incident_case_first_year,8761.975431721165,21846.326995845397,8586.27962692537,46223.917226713966,CHINA_INCIDENT_MI_IMMEDIATE_PROXY,Event-specific first-year cost; no annual patient-year cost added for the same outcome,191416980.4109442,142432210.33168918,75232771.14100806,55980247.20684204,405012827.09838045,301367580.0990243
S2,2035,endometrial_cancer,direct_medical,avoided_incident_case_first_year,100.69130993551555,22329.17043600619,7912.595953582618,50409.93932055516,INTERNATIONAL_PROXY_ENDOMETRIAL,Event-specific first-year cost; no annual patient-year cost added for the same outcome,2248353.42097485,1672986.0990846206,796729.6515566936,592841.6855411237,5075842.823956552,3776903.7582782786
S2,2035,gastric_cancer,direct_medical,avoided_incident_case_first_year,2635.4738400331066,64762.28390756019,31395.4919125426,119011.97726255516,CHINA_GASTRIC_NEW_DIAGNOSIS_COURSE,Event-specific first-year cost; no annual patient-year cost added for the same outcome,170679305.05917192,127001432.29333162,82741997.63047698,61567816.943237156,313652952.726079,233387253.5128655
S2,2035,oesophageal_cancer,direct_medical,avoided_incident_case_first_year,1280.8760555189535,68356.63525540795,29827.5487154762,135047.26753332303,CHINA_OESOPHAGEAL_NEW_DIAGNOSIS_DERIVED,Event-specific first-year cost; no annual patient-year cost added for the same outcome,87556377.33449477,65150167.584999084,38205392.94447859,28428400.406224784,172978811.34669563,128712480.92914478
S2,2035,renal_cancer,direct_medical,avoided_incident_case_first_year,351.1286818920671,13135.225379367826,4654.616770652017,29653.851952691733,INTERNATIONAL_PROXY_RENAL,Event-specific first-year cost; no annual patient-year cost added for the same outcome,4612154.373812652,3431876.0041183094,1634369.4513917528,1216124.363473702,10412317.949171148,7747742.425948198
S2,2035,stroke,direct_medical,avoided_incident_case_first_year,17123.464170913925,29612.850356671155,4730.172689851648,100820.84684525008,CHINA_FIRST_ISCHAEMIC_STROKE_ONE_YEAR,Event-specific first-year cost; no annual patient-year cost added for the same outcome,507074582.08109415,377311110.925342,80996942.57691024,60269332.09671836,1726402158.63584,1284605340.905499
S2,2036,bladder_cancer,direct_medical,avoided_incident_case_first_year,261.24057945150946,17917.502226658013,6349.271058827539,40450.2353820222,INTERNATIONAL_PROXY_BLADDER,Event-specific first-year cost; no annual patient-year cost added for the same outcome,4680778.66401585,3381494.0979345785,1658687.2505028052,1198270.9609863271,10567242.930149429,7634001.1277277935
S2,2036,breast_cancer,direct_medical,avoided_incident_case_first_year,664.9034475515166,53995.542586727424,26175.98574835096,99226.21468667472,CHINA_BREAST_NEW_DIAGNOSIS_COURSE,Event-specific first-year cost; no annual patient-year cost added for the same outcome,35901822.4183298,25936240.38367187,17404503.167137917,12573383.396570971,65975852.23265695,47662359.39460732
S2,2036,colon_cancer,direct_medical,avoided_incident_case_first_year,1903.9744235769213,72296.25822013385,35047.815693114135,132856.9673630357,CHINA_CRC_NEW_DIAGNOSIS_COURSE,Event-specific first-year cost; no annual patient-year cost added for the same outcome,137650226.5714476,99441452.40385403,66730144.68192716,48207276.30873791,252956267.85321376,182740989.9461771
S2,2036,coronary_heart_disease,direct_medical,avoided_incident_case_first_year,9126.908705681471,21846.326995845397,8586.27962692537,46223.917226713966,CHINA_INCIDENT_MI_IMMEDIATE_PROXY,Event-specific first-year cost; no annual patient-year cost added for the same outcome,199389432.0455455,144043168.0386451,78366190.27640063,56613403.22165883,421881472.54719543,304776151.9709105
S2,2036,endometrial_cancer,direct_medical,avoided_incident_case_first_year,100.63704920611883,22329.17043600619,7912.595953582618,50409.93932055516,INTERNATIONAL_PROXY_ENDOMETRIAL,Event-specific first-year cost; no annual patient-year cost added for the same outcome,2247141.8239001688,1623383.0651204304,796300.3083288306,575264.2852989017,5073107.543880174,3664920.8281727256
S2,2036,gastric_cancer,direct_medical,avoided_incident_case_first_year,2685.034859748163,64762.28390756019,31395.4919125426,119011.97726255516,CHINA_GASTRIC_NEW_DIAGNOSIS_COURSE,Event-specific first-year cost; no annual patient-year cost added for the same outcome,173888989.88870656,125621106.06186862,84297990.2241184,60898661.71241758,319551307.67751634,230850663.63119516
S2,2036,oesophageal_cancer,direct_medical,avoided_incident_case_first_year,1308.440824540207,68356.63525540795,29827.5487154762,135047.26753332303,CHINA_OESOPHAGEAL_NEW_DIAGNOSIS_DERIVED,Event-specific first-year cost; no annual patient-year cost added for the same outcome,89440612.19638015,64613801.24268376,39027582.43529087,28194355.925466254,176701358.0832031,127652820.68320258
S2,2036,renal_cancer,direct_medical,avoided_incident_case_first_year,361.9961759324205,13135.225379367826,4654.616770652017,29653.851952691733,INTERNATIONAL_PROXY_RENAL,Event-specific first-year cost; no annual patient-year cost added for the same outcome,4754901.35734163,3435041.908671927,1684953.4714069427,1217246.2378233194,10734581.008540548,7754889.71594269
S2,2036,stroke,direct_medical,avoided_incident_case_first_year,17660.82096073252,29612.850356671155,4730.172689851648,100820.84684525008,CHINA_FIRST_ISCHAEMIC_STROKE_ONE_YEAR,Event-specific first-year cost; no annual patient-year cost added for the same outcome,522987248.2861334,377817115.55174226,83538732.9888165,60350158.13122393,1780578925.2433958,1286328100.2591858
S2,2037,bladder_cancer,direct_medical,avoided_incident_case_first_year,271.4828921208925,17917.502226658013,6349.271058827539,40450.2353820222,INTERNATIONAL_PROXY_BLADDER,Event-specific first-year cost; no annual patient-year cost added for the same outcome,4864295.324075648,3411718.871623416,1723718.4699099814,1208981.4539118772,10981546.888482241,7702236.040977188
S2,2037,breast_cancer,direct_medical,avoided_incident_case_first_year,673.3021365922964,53995.542586727424,26175.98574835096,99226.21468667472,CHINA_BREAST_NEW_DIAGNOSIS_COURSE,Event-specific first-year cost; no annual patient-year cost added for the same outcome,36355314.1901039,25498885.911032964,17624347.131774202,12361362.479763156,66809222.35450399,46858644.370787695
S2,2037,colon_cancer,direct_medical,avoided_incident_case_first_year,1968.397388144931,72296.25822013385,35047.815693114135,132856.9673630357,CHINA_CRC_NEW_DIAGNOSIS_COURSE,Event-specific first-year cost; no annual patient-year cost added for the same outcome,142307765.85316297,99811803.76462108,68988028.87051079,48386815.42394821,261515307.55425584,183421575.08103243
S2,2037,coronary_heart_disease,direct_medical,avoided_incident_case_first_year,9451.139504362069,21846.326995845397,8586.27962692537,46223.917226713966,CHINA_INCIDENT_MI_IMMEDIATE_PROXY,Event-specific first-year cost; no annual patient-year cost added for the same outcome,206472684.09564593,144815786.4341257,81150126.57753357,56917066.05659508,436868690.1477587,306410909.555896
S2,2037,endometrial_cancer,direct_medical,avoided_incident_case_first_year,100.80660855101067,22329.17043600619,7912.595953582618,50409.93932055516,INTERNATIONAL_PROXY_ENDOMETRIAL,Event-specific first-year cost; no annual patient-year cost added for the same outcome,2250927.943411276,1578755.5712728158,797641.9629151139,559450.0243862903,5081655.020167405,3564170.589227034
S2,2037,gastric_cancer,direct_medical,avoided_incident_case_first_year,2732.544607481039,64762.28390756019,31395.4919125426,119011.97726255516,CHINA_GASTRIC_NEW_DIAGNOSIS_COURSE,Event-specific first-year cost; no annual patient-year cost added for the same outcome,176965829.65975964,124120272.40501226,85789582.12483284,60171086.83252046,325205536.6944511,228092620.36484554
S2,2037,oesophageal_cancer,direct_medical,avoided_incident_case_first_year,1334.9622582130708,68356.63525540795,29827.5487154762,135047.26753332303,CHINA_OESOPHAGEAL_NEW_DIAGNOSIS_DERIVED,Event-specific first-year cost; no annual patient-year cost added for the same outcome,91253528.1644066,64003388.651137576,39818651.79017249,27928001.222036883,180283005.23178962,126446872.6103017
S2,2037,renal_cancer,direct_medical,avoided_incident_case_first_year,371.288907815103,13135.225379367826,4654.616770652017,29653.851952691733,INTERNATIONAL_PROXY_RENAL,Event-specific first-year cost; no annual patient-year cost added for the same outcome,4876963.485010702,3420604.0648223097,1728207.5770732493,1212130.0233562235,11010146.304025674,7722295.09562463
S2,2037,stroke,direct_medical,avoided_incident_case_first_year,18143.52156893542,29612.850356671155,4730.172689851648,100820.84684525008,CHINA_FIRST_ISCHAEMIC_STROKE_ONE_YEAR,Event-specific first-year cost; no annual patient-year cost added for the same outcome,537281389.16392,376838356.3617043,85821990.22311264,60193817.22060923,1829245209.3351293,1282995785.7670426
S2,2038,bladder_cancer,direct_medical,avoided_incident_case_first_year,281.1078572483373,17917.502226658013,6349.271058827539,40450.2353820222,INTERNATIONAL_PROXY_BLADDER,Event-specific first-year cost; no annual patient-year cost added for the same outcome,5036750.658178147,3429782.109897928,1784829.9824358914,1215382.3681997198,11370878.99343114,7743015.287477208
S2,2038,breast_cancer,direct_medical,avoided_incident_case_first_year,679.4608558985085,53995.542586727424,26175.98574835096,99226.21468667472,CHINA_BREAST_NEW_DIAGNOSIS_COURSE,Event-specific first-year cost; no annual patient-year cost added for the same outcome,36687857.58068218,24982645.781044386,17785557.680561703,12111099.335104441,67420328.75857715,45909963.21093367
S2,2038,colon_cancer,direct_medical,avoided_incident_case_first_year,2027.401100530262,72296.25822013385,35047.815693114135,132856.9673630357,CHINA_CRC_NEW_DIAGNOSIS_COURSE,Event-specific first-year cost; no annual patient-year cost added for the same outcome,146573513.47971937,99809430.41152297,71055980.10740139,48385664.868663535,269354361.8449317,183417213.63131344
S2,2038,coronary_heart_disease,direct_medical,avoided_incident_case_first_year,9790.80655595363,21846.326995845397,8586.27962692537,46223.917226713966,CHINA_INCIDENT_MI_IMMEDIATE_PROXY,Event-specific first-year cost; no annual patient-year cost added for the same outcome,213893161.57442987,145650834.98948523,84066602.862552,57245265.86792908,452569431.825169,308177761.0412998
S2,2038,endometrial_cancer,direct_medical,avoided_incident_case_first_year,101.13739649220204,22329.17043600619,7912.595953582618,50409.93932055516,INTERNATIONAL_PROXY_ENDOMETRIAL,Event-specific first-year cost; no annual patient-year cost added for the same outcome,2258314.163728314,1537802.0559163673,800259.3542400787,544937.6796118565,5098330.020210833,3471714.6589900106
S2,2038,gastric_cancer,direct_medical,avoided_incident_case_first_year,2786.373425840232,64762.28390756019,31395.4919125426,119011.97726255516,CHINA_GASTRIC_NEW_DIAGNOSIS_COURSE,Event-specific first-year cost; no annual patient-year cost added for the same outcome,180451906.8767462,122878967.79204442,87479564.35629061,59569326.570435494,331611810.8010856,225811506.92256328
S2,2038,oesophageal_cancer,direct_medical,avoided_incident_case_first_year,1364.9953910531747,68356.63525540795,29827.5487154762,135047.26753332303,CHINA_OESOPHAGEAL_NEW_DIAGNOSIS_DERIVED,Event-specific first-year cost; no annual patient-year cost added for the same outcome,93306492.0715348,63537180.80617441,40714466.52303906,27724570.535970815,184338897.75731096,125525819.44070624
S2,2038,renal_cancer,direct_medical,avoided_incident_case_first_year,379.4340107032609,13135.225379367826,4654.616770652017,29653.851952691733,INTERNATIONAL_PROXY_RENAL,Event-specific first-year cost; no annual patient-year cost added for the same outcome,4983951.247184796,3393828.280231155,1766119.9095751552,1202641.7190138313,11251679.97921055,7661846.559017831
S2,2038,stroke,direct_medical,avoided_incident_case_first_year,18642.8912653406,29612.850356671155,4730.172689851648,100820.84684525008,CHINA_FIRST_ISCHAEMIC_STROKE_ONE_YEAR,Event-specific first-year cost; no annual patient-year cost added for the same outcome,552069149.256223,375932226.95491856,88184095.12318794,60049077.74022066,1879592085.0155551,1279910748.9319127
S2,2039,bladder_cancer,direct_medical,avoided_incident_case_first_year,290.2885906599846,17917.502226658013,6349.271058827539,40450.2353820222,INTERNATIONAL_PROXY_BLADDER,Event-specific first-year cost; no annual patient-year cost added for the same outcome,5201246.469523691,3438636.6534533408,1843120.9473852743,1218520.0765936868,11742241.820911868,7763005.1480328785
S2,2039,breast_cancer,direct_medical,avoided_incident_case_first_year,683.6550938653501,53995.542586727424,26175.98574835096,99226.21468667472,CHINA_BREAST_NEW_DIAGNOSIS_COURSE,Event-specific first-year cost; no annual patient-year cost added for the same outcome,36914327.73543964,24404719.355723247,17895345.99380694,11830931.877790658,67836507.11552198,44847922.738613024
S2,2039,colon_cancer,direct_medical,avoided_incident_case_first_year,2081.9909083454563,72296.25822013385,35047.815693114135,132856.9673630357,CHINA_CRC_NEW_DIAGNOSIS_COURSE,Event-specific first-year cost; no annual patient-year cost added for the same outcome,150520152.32171413,99511552.83441596,72969233.63043083,48241259.63001661,276606998.1601894,182869811.69773918
S2,2039,coronary_heart_disease,direct_medical,avoided_incident_case_first_year,10157.112998446799,21846.326995845397,8586.27962692537,46223.917226713966,CHINA_INCIDENT_MI_IMMEDIATE_PROXY,Event-specific first-year cost; no annual patient-year cost added for the same outcome,221895611.89782047,146699140.0586669,87211812.4069426,57657282.05994291,469501550.50258535,310395834.8967087
S2,2039,endometrial_cancer,direct_medical,avoided_incident_case_first_year,101.60818946370208,22329.17043600619,7912.595953582618,50409.93932055516,INTERNATIONAL_PROXY_ENDOMETRIAL,Event-specific first-year cost; no annual patient-year cost added for the same outcome,2268826.580229012,1499961.650503965,803984.548801345,531528.5008156176,5122062.665336694,3386286.830572862
S2,2039,gastric_cancer,direct_medical,avoided_incident_case_first_year,2849.145182948704,64762.28390756019,31395.4919125426,119011.97726255516,CHINA_GASTRIC_NEW_DIAGNOSIS_COURSE,Event-specific first-year cost; no annual patient-year cost added for the same outcome,184517149.2319815,121987572.83615427,89450314.54892574,59137195.68437108,339082401.73080975,224173413.4239804
S2,2039,oesophageal_cancer,direct_medical,avoided_incident_case_first_year,1399.8052145493837,68356.63525540795,29827.5487154762,135047.26753332303,CHINA_OESOPHAGEAL_NEW_DIAGNOSIS_DERIVED,Event-specific first-year cost; no annual patient-year cost added for the same outcome,95685974.47957028,63259701.49554988,41752758.22914936,27603491.90733051,189039869.30379125,124977623.60636097
S2,2039,renal_cancer,direct_medical,avoided_incident_case_first_year,386.59487896548444,13135.225379367826,4654.616770652017,29653.851952691733,INTERNATIONAL_PROXY_RENAL,Event-specific first-year cost; no annual patient-year cost added for the same outcome,5078010.865721065,3357163.401468616,1799451.0070809308,1189649.101479449,11464027.306511255,7579072.5787254535
S2,2039,stroke,direct_medical,avoided_incident_case_first_year,19176.234778261307,29612.850356671155,4730.172689851648,100820.84684525008,CHINA_FIRST_ISCHAEMIC_STROKE_ONE_YEAR,Event-specific first-year cost; no annual patient-year cost added for the same outcome,567862970.8930452,375424321.3224523,90706902.042315,59967948.0508197,1933364229.6476414,1278181517.3528533
S2,2040,bladder_cancer,direct_medical,avoided_incident_case_first_year,298.2240397908661,17917.502226658013,6349.271058827539,40450.2353820222,INTERNATIONAL_PROXY_BLADDER,Event-specific first-year cost; no annual patient-year cost added for the same outcome,5343429.89699579,3429744.319463559,1893505.264890778,1215368.976728732,12063232.606118087,7742929.972462534
S2,2040,breast_cancer,direct_medical,avoided_incident_case_first_year,686.3197510586471,53995.542586727424,26175.98574835096,99226.21468667472,CHINA_BREAST_NEW_DIAGNOSIS_COURSE,Event-specific first-year cost; no annual patient-year cost added for the same outcome,37058207.346399345,23786253.134391222,17965096.022522923,11531111.518185586,68100910.96225046,43711383.329720534
S2,2040,colon_cancer,direct_medical,avoided_incident_case_first_year,2128.7842300652574,72296.25822013385,35047.815693114135,132856.9673630357,CHINA_CRC_NEW_DIAGNOSIS_COURSE,Event-specific first-year cost; no annual patient-year cost added for the same outcome,153903134.39174667,98784565.55114523,74609237.34573501,47888830.37651737,282823816.976725,181533845.9348535
S2,2040,coronary_heart_disease,direct_medical,avoided_incident_case_first_year,10509.163342326683,21846.326995845397,8586.27962692537,46223.917226713966,CHINA_INCIDENT_MI_IMMEDIATE_PROXY,Event-specific first-year cost; no annual patient-year cost added for the same outcome,229586618.82922027,147362914.2579512,90234615.10225053,57918165.77212377,485774696.4577253,311800292.6644048
S2,2040,endometrial_cancer,direct_medical,avoided_incident_case_first_year,102.36134834411018,22329.17043600619,7912.595953582618,50409.93932055516,INTERNATIONAL_PROXY_ENDOMETRIAL,Event-specific first-year cost; no annual patient-year cost added for the same outcome,2285643.9932350363,1467067.90455345,809943.990710867,519872.2271599459,5160029.358796804,3312026.4928615517
S2,2040,gastric_cancer,direct_medical,avoided_incident_case_first_year,2916.4831104999826,64762.28390756019,31395.4919125426,119011.97726255516,CHINA_GASTRIC_NEW_DIAGNOSIS_COURSE,Event-specific first-year cost; no annual patient-year cost added for the same outcome,188878107.2138041,121233669.71685827,91564421.90876928,58771718.1586173,347096421.63345003,222787985.12407836
S2,2040,oesophageal_cancer,direct_medical,avoided_incident_case_first_year,1436.7276714653626,68356.63525540795,29827.5487154762,135047.26753332303,CHINA_OESOPHAGEAL_NEW_DIAGNOSIS_DERIVED,Event-specific first-year cost; no annual patient-year cost added for the same outcome,98209869.39970937,63037178.026474744,42854064.61150579,27506393.365405858,194026146.22091106,124538000.05923422
S2,2040,renal_cancer,direct_medical,avoided_incident_case_first_year,392.46989813023026,13135.225379367826,4654.616770652017,29653.851952691733,INTERNATIONAL_PROXY_RENAL,Event-specific first-year cost; no annual patient-year cost added for the same outcome,5155180.566558106,3308914.237632699,1826796.9698130586,1172551.4605426323,11638244.255041854,7470146.121819823
S2,2040,stroke,direct_medical,avoided_incident_case_first_year,19696.283897547015,29612.850356671155,4730.172689851648,100820.84684525008,CHINA_FIRST_ISCHAEMIC_STROKE_ONE_YEAR,Event-specific first-year cost; no annual patient-year cost added for the same outcome,583263107.6405715,374374394.1148384,93166824.18374167,59800239.20334402,1985796022.255153,1274606901.9773476
S2,2041,bladder_cancer,direct_medical,avoided_incident_case_first_year,305.8173812468209,17917.502226658013,6349.271058827539,40450.2353820222,INTERNATIONAL_PROXY_BLADDER,Event-specific first-year cost; no annual patient-year cost added for the same outcome,5479483.609440636,3414633.029401903,1941717.4480368677,1210014.1189234254,12370385.055347526,7708814.991915158
S2,2041,breast_cancer,direct_medical,avoided_incident_case_first_year,689.508587183019,53995.542586727424,26175.98574835096,99226.21468667472,CHINA_BREAST_NEW_DIAGNOSIS_COURSE,Event-specific first-year cost; no annual patient-year cost added for the same outcome,37230390.283154964,23200748.35872395,18048566.95146831,11247270.224455811,68417327.10012802,42635416.318608135
S2,2041,colon_cancer,direct_medical,avoided_incident_case_first_year,2173.937014944563,72296.25822013385,35047.815693114135,132856.9673630357,CHINA_CRC_NEW_DIAGNOSIS_COURSE,Event-specific first-year cost; no annual patient-year cost added for the same outcome,157167511.7867391,97941597.26498339,76191743.82821576,47480175.79527222,288822679.0437851,179984744.8770689
S2,2041,coronary_heart_disease,direct_medical,avoided_incident_case_first_year,10841.705847301106,21846.326995845397,8586.27962692537,46223.917226713966,CHINA_INCIDENT_MI_IMMEDIATE_PROXY,Event-specific first-year cost; no annual patient-year cost added for the same outcome,236851451.13290903,147597993.8523373,93089918.03779915,58010559.29586657,501146113.6820271,312297689.76528406
S2,2041,endometrial_cancer,direct_medical,avoided_incident_case_first_year,103.1290714339812,22329.17043600619,7912.595953582618,50409.93932055516,INTERNATIONAL_PROXY_ENDOMETRIAL,Event-specific first-year cost; no annual patient-year cost added for the same outcome,2302786.6129564233,1435020.4852731074,816018.6733252524,508515.85900255555,5198730.23317219,3239676.807236983
S2,2041,gastric_cancer,direct_medical,avoided_incident_case_first_year,2981.301131005554,64762.28390756019,31395.4919125426,119011.97726255516,CHINA_GASTRIC_NEW_DIAGNOSIS_COURSE,Event-specific first-year cost; no annual patient-year cost added for the same outcome,193075870.260112,120318499.1072538,93599415.54733898,58328061.29942678,354810542.41606295,221106199.72044635
S2,2041,oesophageal_cancer,direct_medical,avoided_incident_case_first_year,1472.1070210940095,68356.63525540795,29827.5487154762,135047.26753332303,CHINA_OESOPHAGEAL_NEW_DIAGNOSIS_DERIVED,Event-specific first-year cost; no annual patient-year cost added for the same outcome,100628282.69784835,62708218.92779451,43909343.88607612,27362851.432649482,198804030.71536592,123888099.32551609
S2,2041,renal_cancer,direct_medical,avoided_incident_case_first_year,398.1131386319361,13135.225379367826,4654.616770652017,29653.851952691733,INTERNATIONAL_PROXY_RENAL,Event-specific first-year cost; no annual patient-year cost added for the same outcome,5229305.802417989,3258730.4911388,1853064.0916931215,1154768.278199103,11805588.073412875,7356852.185402183
S2,2041,stroke,direct_medical,avoided_incident_case_first_year,20189.574467434475,29612.850356671155,4730.172689851648,100820.84684525008,CHINA_FIRST_ISCHAEMIC_STROKE_ONE_YEAR,Event-specific first-year cost; no annual patient-year cost added for the same outcome,597870847.4690058,372573346.06619596,95500173.76558469,59512550.980488434,2035529995.2519827,1268474996.831911
S2,2042,bladder_cancer,direct_medical,avoided_incident_case_first_year,312.75704433968383,17917.502226658013,6349.271058827539,40450.2353820222,INTERNATIONAL_PROXY_BLADDER,Event-specific first-year cost; no annual patient-year cost added for the same outcome,5603825.038359264,3390406.307844058,1985779.2500703959,1201429.1041098852,12651096.060925765,7654121.1748220865
S2,2042,breast_cancer,direct_medical,avoided_incident_case_first_year,693.1720460999599,53995.542586727424,26175.98574835096,99226.21468667472,CHINA_BREAST_NEW_DIAGNOSIS_COURSE,Event-specific first-year cost; no annual patient-year cost added for the same outcome,37428200.735119365,22644676.98312656,18144461.599867824,10977697.668918956,68780838.2611162,41613538.306964554
S2,2042,colon_cancer,direct_medical,avoided_incident_case_first_year,2215.8924213703276,72296.25822013385,35047.815693114135,132856.9673630357,CHINA_CRC_NEW_DIAGNOSIS_COURSE,Event-specific first-year cost; no annual patient-year cost added for the same outcome,160200730.68342686,96924076.69982225,77662189.17995565,46986901.674180984,294396747.1059958,178114873.60233137
S2,2042,coronary_heart_disease,direct_medical,avoided_incident_case_first_year,11136.13414871316,21846.326995845397,8586.27962692537,46223.917226713966,CHINA_INCIDENT_MI_IMMEDIATE_PROXY,Event-specific first-year cost; no annual patient-year cost added for the same outcome,243283628.0823881,147190595.99462754,95617961.7638037,57850439.38525771,514755743.1156999,311435690.1780446
S2,2042,endometrial_cancer,direct_medical,avoided_incident_case_first_year,103.83603928706232,22329.17043600619,7912.595953582618,50409.93932055516,INTERNATIONAL_PROXY_ENDOMETRIAL,Event-specific first-year cost; no annual patient-year cost added for the same outcome,2318572.618640649,1402774.5651629688,821612.6242988551,497089.1498144883,5234368.439747593,3166878.9896581275
S2,2042,gastric_cancer,direct_medical,avoided_incident_case_first_year,3041.1784546212407,64762.28390756019,31395.4919125426,119011.97726255516,CHINA_GASTRIC_NEW_DIAGNOSIS_COURSE,Event-specific first-year cost; no annual patient-year cost added for the same outcome,196953662.49173594,119160204.87686062,95479293.57665996,57766542.85152027,361936661.09275573,218977632.3152624
S2,2042,oesophageal_cancer,direct_medical,avoided_incident_case_first_year,1504.4850047164523,68356.63525540795,29827.5487154762,135047.26753332303,CHINA_OESOPHAGEAL_NEW_DIAGNOSIS_DERIVED,Event-specific first-year cost; no annual patient-year cost added for the same outcome,102841532.71463324,62220818.60823613,44875099.769883424,27150173.369704362,203176588.9318155,122925177.71439102
S2,2042,renal_cancer,direct_medical,avoided_incident_case_first_year,403.4441953893194,13135.225379367826,4654.616770652017,29653.851952691733,INTERNATIONAL_PROXY_RENAL,Event-specific first-year cost; no annual patient-year cost added for the same outcome,5299330.434436421,3206182.064799749,1877878.1178813356,1136147.1446102331,11963674.441247715,7238219.789687617
S2,2042,stroke,direct_medical,avoided_incident_case_first_year,20634.433289735716,29612.850356671155,4730.172689851648,100820.84684525008,CHINA_FIRST_ISCHAEMIC_STROKE_ONE_YEAR,Event-specific first-year cost; no annual patient-year cost added for the same outcome,611044385.2036575,369691902.1893199,97604432.81767358,59052287.04204358,2080381038.4429746,1258664741.881622
S2,2043,bladder_cancer,direct_medical,avoided_incident_case_first_year,319.0272204136504,17917.502226658013,6349.271058827539,40450.2353820222,INTERNATIONAL_PROXY_BLADDER,Event-specific first-year cost; no annual patient-year cost added for the same outcome,5716170.932126097,3357647.9817438074,2025590.2975505847,1189820.8180210742,12904726.159004437,7580166.558563985
S2,2043,breast_cancer,direct_medical,avoided_incident_case_first_year,696.6442025575502,53995.542586727424,26175.98574835096,99226.21468667472,CHINA_BREAST_NEW_DIAGNOSIS_COURSE,Event-specific first-year cost; no annual patient-year cost added for the same outcome,37615681.70699297,22095248.596498102,18235348.717817754,10711345.504848635,69125367.20320278,40603867.94465673
S2,2043,colon_cancer,direct_medical,avoided_incident_case_first_year,2253.904161068258,72296.25822013385,35047.815693114135,132856.9673630357,CHINA_CRC_NEW_DIAGNOSIS_COURSE,Event-specific first-year cost; no annual patient-year cost added for the same outcome,162948837.23202494,95715268.30743474,78994417.62706333,46400894.9459256,299446871.56645596,175893477.62570167
S2,2043,coronary_heart_disease,direct_medical,avoided_incident_case_first_year,11399.83381207618,21846.326995845397,8586.27962692537,46223.917226713966,CHINA_INCIDENT_MI_IMMEDIATE_PROXY,Event-specific first-year cost; no annual patient-year cost added for the same outcome,249044497.156911,146287394.68647805,97882160.81096469,57495453.442190446,526944974.5277045,309524636.5480728
S2,2043,endometrial_cancer,direct_medical,avoided_incident_case_first_year,104.49193719921067,22329.17043600619,7912.595953582618,50409.93932055516,INTERNATIONAL_PROXY_ENDOMETRIAL,Event-specific first-year cost; no annual patient-year cost added for the same outcome,2333218.27490963,1370519.8330736812,826802.4794644833,485659.31800120947,5267432.21369947,3094061.2783113653
S2,2043,gastric_cancer,direct_medical,avoided_incident_case_first_year,3095.3868325205167,64762.28390756019,31395.4919125426,119011.97726255516,CHINA_GASTRIC_NEW_DIAGNOSIS_COURSE,Event-specific first-year cost; no annual patient-year cost added for the same outcome,200464320.85141715,117751661.08758269,97181192.26658873,57083708.299115375,368388107.3307444,216389187.7560475
S2,2043,oesophageal_cancer,direct_medical,avoided_incident_case_first_year,1533.765110193453,68356.63525540795,29827.5487154762,135047.26753332303,CHINA_OESOPHAGEAL_NEW_DIAGNOSIS_DERIVED,Event-specific first-year cost; no annual patient-year cost added for the same outcome,104843022.20496444,61584225.88939026,45748453.54239294,26872394.91758562,207130787.1695719,121667507.45472236
S2,2043,renal_cancer,direct_medical,avoided_incident_case_first_year,408.24787729837,13135.225379367826,4654.616770652017,29653.851952691733,INTERNATIONAL_PROXY_RENAL,Event-specific first-year cost; no annual patient-year cost added for the same outcome,5362427.878962592,3149861.219833845,1900237.41625608,1116189.211499518,12106122.113406524,7111070.848559223
S2,2043,stroke,direct_medical,avoided_incident_case_first_year,21033.429818620225,29612.850356671155,4730.172689851648,100820.84684525008,CHINA_FIRST_ISCHAEMIC_STROKE_ONE_YEAR,Event-specific first-year cost; no annual patient-year cost added for the same outcome,622859809.7063457,365864493.52241117,99491755.3019487,58440920.56664333,2120608206.373426,1245633825.2905867
S2,2044,bladder_cancer,direct_medical,avoided_incident_case_first_year,324.3960938756242,17917.502226658013,6349.271058827539,40450.2353820222,INTERNATIONAL_PROXY_BLADDER,Event-specific first-year cost; no annual patient-year cost added for the same outcome,5812367.734335659,3314712.101584111,2059678.7304412022,1174605.9996923422,13121898.35427757,7483235.276690887
S2,2044,breast_cancer,direct_medical,avoided_incident_case_first_year,699.4020050379909,53995.542586727424,26175.98574835096,99226.21468667472,CHINA_BREAST_NEW_DIAGNOSIS_COURSE,Event-specific first-year cost; no annual patient-year cost added for the same outcome,37764590.74827138,21536618.41201005,18307536.916242536,10440532.488676589,69399013.50419043,39577287.67597186
S2,2044,colon_cancer,direct_medical,avoided_incident_case_first_year,2286.6502111425953,72296.25822013385,35047.815693114135,132856.9673630357,CHINA_CRC_NEW_DIAGNOSIS_COURSE,Event-specific first-year cost; no annual patient-year cost added for the same outcome,165316254.12388867,94277549.7317429,80142095.1547462,45703917.026183404,303797412.4724505,173251419.3146572
S2,2044,coronary_heart_disease,direct_medical,avoided_incident_case_first_year,11620.887333636303,21846.326995845397,8586.27962692537,46223.917226713966,CHINA_INCIDENT_MI_IMMEDIATE_PROXY,Event-specific first-year cost; no annual patient-year cost added for the same outcome,253873704.6724966,144780626.349702,99780188.15959647,56903247.06008251,537162934.2109733,306336515.50181115
S2,2044,endometrial_cancer,direct_medical,avoided_incident_case_first_year,105.03282591281334,22329.17043600619,7912.595953582618,50409.93932055516,INTERNATIONAL_PROXY_ENDOMETRIAL,Event-specific first-year cost; no annual patient-year cost added for the same outcome,2345295.8711825763,1337489.4640751227,831082.3133110743,473954.6304118356,5294698.380931354,3019492.502828872
S2,2044,gastric_cancer,direct_medical,avoided_incident_case_first_year,3141.9631000828535,64762.28390756019,31395.4919125426,119011.97726255516,CHINA_GASTRIC_NEW_DIAGNOSIS_COURSE,Event-specific first-year cost; no annual patient-year cost added for the same outcome,203480706.3146437,116042203.53706226,98643477.0981585,56254996.625221886,373931241.0268479,213247761.74605322
S2,2044,oesophageal_cancer,direct_medical,avoided_incident_case_first_year,1558.9194435447905,68356.63525540795,29827.5487154762,135047.26753332303,CHINA_OESOPHAGEAL_NEW_DIAGNOSIS_DERIVED,Event-specific first-year cost; no annual patient-year cost added for the same outcome,106562487.79495478,60771097.77177896,46498745.64583529,26517584.906101685,210527811.1552924,120061068.95716287
S2,2044,renal_cancer,direct_medical,avoided_incident_case_first_year,412.3582965534083,13135.225379367826,4654.616770652017,29653.851952691733,INTERNATIONAL_PROXY_RENAL,Event-specific first-year cost; no annual patient-year cost added for the same outcome,5416419.162281213,3088908.163605326,1919369.8426549924,1094589.8015503443,12228011.877458924,6973464.309405073
S2,2044,stroke,direct_medical,avoided_incident_case_first_year,21371.688993291835,29612.850356671155,4730.172689851648,100820.84684525008,CHINA_FIRST_ISCHAEMIC_STROKE_ONE_YEAR,Event-specific first-year cost; no annual patient-year cost added for the same outcome,632876628.0276672,360920697.6600266,101091779.6120721,57651229.338315316,2154711782.8169928,1228802021.5475414
S2,2045,bladder_cancer,direct_medical,avoided_incident_case_first_year,328.7421307424598,17917.502226658013,6349.271058827539,40450.2353820222,INTERNATIONAL_PROXY_BLADDER,Event-specific first-year cost; no annual patient-year cost added for the same outcome,5890237.859574323,3261281.8892367138,2087272.8965403987,1155672.3951847001,13297696.568520013,7362612.17651635
S2,2045,breast_cancer,direct_medical,avoided_incident_case_first_year,701.6951076997816,53995.542586727424,26175.98574835096,99226.21468667472,CHINA_BREAST_NEW_DIAGNOSIS_COURSE,Event-specific first-year cost; no annual patient-year cost added for the same outcome,37888408.070701845,20977892.913465448,18367561.138837073,10169673.266109224,69626549.40120786,38550532.25110584
S2,2045,colon_cancer,direct_medical,avoided_incident_case_first_year,2314.2637014913653,72296.25822013385,35047.815693114135,132856.9673630357,CHINA_CRC_NEW_DIAGNOSIS_COURSE,Event-specific first-year cost; no annual patient-year cost added for the same outcome,167312606.1525025,92636933.39636797,81109887.67513348,44908578.2304984,307466057.05849653,170236501.02856162
S2,2045,coronary_heart_disease,direct_medical,avoided_incident_case_first_year,11782.926907041368,21846.326995845397,8586.27962692537,46223.917226713966,CHINA_INCIDENT_MI_IMMEDIATE_PROXY,Event-specific first-year cost; no annual patient-year cost added for the same outcome,257413674.17937094,142523710.1891386,101171505.24748006,56016209.47006522,544653038.0395011,301561181.60639906
S2,2045,endometrial_cancer,direct_medical,avoided_incident_case_first_year,105.45381581511515,22329.17043600619,7912.595953582618,50409.93932055516,INTERNATIONAL_PROXY_ENDOMETRIAL,Event-specific first-year cost; no annual patient-year cost added for the same outcome,2354696.226462911,1303738.209066568,834413.4363085268,461994.48865133454,5315920.456360955,2943296.2678702152
S2,2045,gastric_cancer,direct_medical,avoided_incident_case_first_year,3180.7475137487563,64762.28390756019,31395.4919125426,119011.97726255516,CHINA_GASTRIC_NEW_DIAGNOSIS_COURSE,Event-specific first-year cost; no annual patient-year cost added for the same outcome,205992473.52366316,114053038.13492274,99861132.84373906,55290688.04115896,378547050.78419584,209592323.8379523
S2,2045,oesophageal_cancer,direct_medical,avoided_incident_case_first_year,1579.5759557479755,68356.63525540795,29827.5487154762,135047.26753332303,CHINA_OESOPHAGEAL_NEW_DIAGNOSIS_DERIVED,Event-specific first-year cost; no annual patient-year cost added for the same outcome,107974497.46527676,59782861.316977575,47114878.76986762,26086366.036304176,213317416.68510127,118108681.56420402
S2,2045,renal_cancer,direct_medical,avoided_incident_case_first_year,415.92710146226466,13135.225379367826,4654.616770652017,29653.851952691733,INTERNATIONAL_PROXY_RENAL,Event-specific first-year cost; no annual patient-year cost added for the same outcome,5463296.219094036,3024894.65445024,1935981.2618349402,1071905.885237072,12333840.689874189,6828948.545980192
S2,2045,stroke,direct_medical,avoided_incident_case_first_year,21637.55482275106,29612.850356671155,4730.172689851648,100820.84684525008,CHINA_FIRST_ISCHAEMIC_STROKE_ONE_YEAR,Event-specific first-year cost; no annual patient-year cost added for the same outcome,640749673.0503954,354767558.4708249,102349370.89774488,56668365.12230577,2181516600.890287,1207852849.2679384
S2,2046,bladder_cancer,direct_medical,avoided_incident_case_first_year,332.1113019346316,17917.502226658013,6349.271058827539,40450.2353820222,INTERNATIONAL_PROXY_BLADDER,Event-specific first-year cost; no annual patient-year cost added for the same outcome,5950604.991912054,3198743.404623178,2108664.677683091,1133511.1706235623,13433980.336285694,7221426.40234696
S2,2046,breast_cancer,direct_medical,avoided_incident_case_first_year,702.7762482157835,53995.542586727424,26175.98574835096,99226.21468667472,CHINA_BREAST_NEW_DIAGNOSIS_COURSE,Event-specific first-year cost; no annual patient-year cost added for the same outcome,37946784.83947586,20398266.713537246,18395861.057575908,9888681.791223653,69733826.88215514,37485368.14687042
S2,2046,colon_cancer,direct_medical,avoided_incident_case_first_year,2335.8491445976597,72296.25822013385,35047.815693114135,132856.9673630357,CHINA_CRC_NEW_DIAGNOSIS_COURSE,Event-specific first-year cost; no annual patient-year cost added for the same outcome,168873152.92111117,90777641.07322371,81866410.30677709,44007229.58168225,310333833.56878614,166819727.52498454
S2,2046,coronary_heart_disease,direct_medical,avoided_incident_case_first_year,11895.32569504494,21846.326995845397,8586.27962692537,46223.917226713966,CHINA_INCIDENT_MI_IMMEDIATE_PROXY,Event-specific first-year cost; no annual patient-year cost added for the same outcome,259869174.85603365,139692486.77494648,102136592.67100623,54903451.43411827,549848550.312561,295570690.08016497
S2,2046,endometrial_cancer,direct_medical,avoided_incident_case_first_year,105.55278886860839,22329.17043600619,7912.595953582618,50409.93932055516,INTERNATIONAL_PROXY_ENDOMETRIAL,Event-specific first-year cost; no annual patient-year cost added for the same outcome,2356906.2126429337,1266953.2279917803,835196.5700911111,448959.31149420945,5320909.681981919,2860251.1467269016
S2,2046,gastric_cancer,direct_medical,avoided_incident_case_first_year,3211.0788345762758,64762.28390756019,31395.4919125426,119011.97726255516,CHINA_GASTRIC_NEW_DIAGNOSIS_COURSE,Event-specific first-year cost; no annual patient-year cost added for the same outcome,207956799.13438627,111787026.79505572,100813399.58147618,54192169.94695352,382156841.2488638,205428133.29702133
S2,2046,oesophageal_cancer,direct_medical,avoided_incident_case_first_year,1595.5125946346182,68356.63525540795,29827.5487154762,135047.26753332303,CHINA_OESOPHAGEAL_NEW_DIAGNOSIS_DERIVED,Event-specific first-year cost; no annual patient-year cost added for the same outcome,109063872.47684816,58627205.677768074,47590229.64261991,25582093.48473634,215469616.22040766,115825536.17968376
S2,2046,renal_cancer,direct_medical,avoided_incident_case_first_year,418.80553532619325,13135.225379367826,4654.616770652017,29653.851952691733,INTERNATIONAL_PROXY_RENAL,Event-specific first-year cost; no annual patient-year cost added for the same outcome,5501105.096636343,2957115.06139652,1949379.268371195,1047887.4141850742,12419197.341530742,6675930.538311606
S2,2046,stroke,direct_medical,avoided_incident_case_first_year,21835.608871496082,29612.850356671155,4730.172689851648,100820.84684525008,CHINA_FIRST_ISCHAEMIC_STROKE_ONE_YEAR,Event-specific first-year cost; no annual patient-year cost added for the same outcome,646614617.9584146,347587219.6757609,103286200.75023313,55521422.4246859,2201484577.8058906,1183406440.724525
S2,2047,bladder_cancer,direct_medical,avoided_incident_case_first_year,334.6712641042859,17917.502226658013,6349.271058827539,40450.2353820222,INTERNATIONAL_PROXY_BLADDER,Event-specific first-year cost; no annual patient-year cost added for the same outcome,5996473.1197869945,3129514.3529608315,2124918.57139857,1108979.0673990496,13537531.408617282,7065136.122619818
S2,2047,breast_cancer,direct_medical,avoided_incident_case_first_year,702.4024877250041,53995.542586727424,26175.98574835096,99226.21468667472,CHINA_BREAST_NEW_DIAGNOSIS_COURSE,Event-specific first-year cost; no annual patient-year cost added for the same outcome,37926603.43897875,19793609.91875067,18386077.50829597,9595555.97222563,69696740.04345566,36374205.96464248
S2,2047,colon_cancer,direct_medical,avoided_incident_case_first_year,2351.8650771003186,72296.25822013385,35047.815693114135,132856.9673630357,CHINA_CRC_NEW_DIAGNOSIS_COURSE,Event-specific first-year cost; no annual patient-year cost added for the same outcome,170031044.91295964,88737927.25730364,82427733.75728363,43018416.112672634,312461661.7905805,163071398.10181454
S2,2047,coronary_heart_disease,direct_medical,avoided_incident_case_first_year,11967.837336766808,21846.326995845397,8586.27962692537,46223.917226713966,CHINA_INCIDENT_MI_IMMEDIATE_PROXY,Event-specific first-year cost; no annual patient-year cost added for the same outcome,261453287.8920952,136450510.28198007,102759197.90303762,53629254.78230479,553200322.4374858,288711099.7659519
S2,2047,endometrial_cancer,direct_medical,avoided_incident_case_first_year,105.24175085725182,22329.17043600619,7912.595953582618,50409.93932055516,INTERNATIONAL_PROXY_ENDOMETRIAL,Event-specific first-year cost; no annual patient-year cost added for the same outcome,2349960.991875276,1226427.0190263079,832735.4519810408,434598.38760797516,5305230.274703048,2768759.8958227774
S2,2047,gastric_cancer,direct_medical,avoided_incident_case_first_year,3233.8604163703517,64762.28390756019,31395.4919125426,119011.97726255516,CHINA_GASTRIC_NEW_DIAGNOSIS_COURSE,Event-specific first-year cost; no annual patient-year cost added for the same outcome,209432186.4023975,109301087.52685496,101528638.54844701,52987035.08325304,384868122.34334546,200859786.87975326
S2,2047,oesophageal_cancer,direct_medical,avoided_incident_case_first_year,1607.2587706510044,68356.63525540795,29827.5487154762,135047.26753332303,CHINA_OESOPHAGEAL_NEW_DIAGNOSIS_DERIVED,Event-specific first-year cost; no annual patient-year cost added for the same outcome,109866801.54644608,57338659.82304541,47940589.27996922,25019834.033107985,217055905.19538608,113279849.19375333
S2,2047,renal_cancer,direct_medical,avoided_incident_case_first_year,421.1075953122461,13135.225379367826,4654.616770652017,29653.851952691733,INTERNATIONAL_PROXY_RENAL,Event-specific first-year cost; no annual patient-year cost added for the same outcome,5531343.17338997,2886766.522000306,1960094.4753893234,1022958.6077270726,12487462.28754337,6517112.922922975
S2,2047,stroke,direct_medical,avoided_incident_case_first_year,21977.533255259954,29612.850356671155,4730.172689851648,100820.84684525008,CHINA_FIRST_ISCHAEMIC_STROKE_ONE_YEAR,Event-specific first-year cost; no annual patient-year cost added for the same outcome,650817403.4967769,339656722.32884336,103957527.59433703,54254654.061778896,2215793514.3649545,1156406018.651338
S2,2048,bladder_cancer,direct_medical,avoided_incident_case_first_year,336.6010799182025,17917.502226658013,6349.271058827539,40450.2353820222,INTERNATIONAL_PROXY_BLADDER,Event-specific first-year cost; no annual patient-year cost added for the same outcome,6031050.598929885,3055883.572839738,2137171.4950947384,1082887.1615436566,13615592.912534157,6898908.578758884
S2,2048,breast_cancer,direct_medical,avoided_incident_case_first_year,701.4833867133509,53995.542586727424,26175.98574835096,99226.21468667472,CHINA_BREAST_NEW_DIAGNOSIS_COURSE,Event-specific first-year cost; no annual patient-year cost added for the same outcome,37876976.08116252,19191951.235793944,18362019.133313637,9303883.579358185,69605541.12915462,35268553.33512635
S2,2048,colon_cancer,direct_medical,avoided_incident_case_first_year,2363.8798397519813,72296.25822013385,35047.815693114135,132856.9673630357,CHINA_CRC_NEW_DIAGNOSIS_COURSE,Event-specific first-year cost; no annual patient-year cost added for the same outcome,170899667.29607788,86593451.22830273,82848824.94429561,41978815.966370806,314057906.7200671,159130549.8641606
S2,2048,coronary_heart_disease,direct_medical,avoided_incident_case_first_year,12012.188148785932,21846.326995845397,8586.27962692537,46223.917226713966,CHINA_INCIDENT_MI_IMMEDIATE_PROXY,Event-specific first-year cost; no annual patient-year cost added for the same outcome,262422190.23399624,132967158.39641337,103140006.37671502,52260190.164067544,555250390.7011954,281340791.2806595
S2,2048,endometrial_cancer,direct_medical,avoided_incident_case_first_year,104.79448566168105,22329.17043600619,7912.595953582618,50409.93932055516,INTERNATIONAL_PROXY_ENDOMETRIAL,Event-specific first-year cost; no annual patient-year cost added for the same outcome,2339973.931093283,1185645.4824255602,829196.4232043892,420146.9854650806,5282683.663334129,2676692.221775752
S2,2048,gastric_cancer,direct_medical,avoided_incident_case_first_year,3251.0991726503576,64762.28390756019,31395.4919125426,119011.97726255516,CHINA_GASTRIC_NEW_DIAGNOSIS_COURSE,Event-specific first-year cost; no annual patient-year cost added for the same outcome,210548607.6308165,106683242.12989606,102069857.78181824,51717954.701439716,386919740.81377625,196049039.9748964
S2,2048,oesophageal_cancer,direct_medical,avoided_incident_case_first_year,1615.9744777997478,68356.63525540795,29827.5487154762,135047.26753332303,CHINA_OESOPHAGEAL_NEW_DIAGNOSIS_DERIVED,Event-specific first-year cost; no annual patient-year cost added for the same outcome,110462577.96100569,55970476.76311338,48200557.45953819,24422824.734459344,218232937.63044453,110576828.73291834
S2,2048,renal_cancer,direct_medical,avoided_incident_case_first_year,422.8677507415714,13135.225379367826,4654.616770652017,29653.851952691733,INTERNATIONAL_PROXY_RENAL,Event-specific first-year cost; no annual patient-year cost added for the same outcome,5554463.211656877,2814400.6763028377,1968287.3243696152,997314.9457968449,12539657.67605831,6353741.072591821
S2,2048,stroke,direct_medical,avoided_incident_case_first_year,22076.495600402814,29612.850356671155,4730.172689851648,100820.84684525008,CHINA_FIRST_ISCHAEMIC_STROKE_ONE_YEAR,Event-specific first-year cost; no annual patient-year cost added for the same outcome,653747960.6144377,331248697.1960763,104425636.57665545,52911608.37790938,2225770981.808049,1127779790.3763976
S2,2049,bladder_cancer,direct_medical,avoided_incident_case_first_year,338.54311495438657,17917.502226658013,6349.271058827539,40450.2353820222,INTERNATIONAL_PROXY_BLADDER,Event-specific first-year cost; no annual patient-year cost added for the same outcome,6065847.016014961,2983994.7866521003,2149502.001945211,1057412.551086162,13694148.686867936,6736613.729519723
S2,2049,breast_cancer,direct_medical,avoided_incident_case_first_year,700.3409572895284,53995.542586727424,26175.98574835096,99226.21468667472,CHINA_BREAST_NEW_DIAGNOSIS_COURSE,Event-specific first-year cost; no annual patient-year cost added for the same outcome,37815289.98455618,18602616.892864734,18332114.916997164,9018185.786123661,69492182.18188204,34185548.827119075
S2,2049,colon_cancer,direct_medical,avoided_incident_case_first_year,2375.3863762671754,72296.25822013385,35047.815693114135,132856.9673630357,CHINA_CRC_NEW_DIAGNOSIS_COURSE,Event-specific first-year cost; no annual patient-year cost added for the same outcome,171731546.83119974,84480541.48003544,83252103.91534622,40954518.53720132,315586630.2663278,155247710.1657098
S2,2049,coronary_heart_disease,direct_medical,avoided_incident_case_first_year,12061.491598266317,21846.326995845397,8586.27962692537,46223.917226713966,CHINA_INCIDENT_MI_IMMEDIATE_PROXY,Event-specific first-year cost; no annual patient-year cost added for the same outcome,263499289.5133679,129624190.01311705,103563339.5805256,50946300.58764531,557529389.2689682,274267515.58216804
S2,2049,endometrial_cancer,direct_medical,avoided_incident_case_first_year,104.29705654860943,22329.17043600619,7912.595953582618,50409.93932055516,INTERNATIONAL_PROXY_ENDOMETRIAL,Event-specific first-year cost; no annual patient-year cost added for the same outcome,2328866.7516476754,1145648.122574896,825260.4676171044,405973.4652881725,5257608.291927911,2586394.891257681
S2,2049,gastric_cancer,direct_medical,avoided_incident_case_first_year,3267.956406128178,64762.28390756019,31395.4919125426,119011.97726255516,CHINA_GASTRIC_NEW_DIAGNOSIS_COURSE,Event-specific first-year cost; no annual patient-year cost added for the same outcome,211640320.57120314,104113013.65868339,102599098.91913898,50471958.07635891,388925953.50114816,191325797.46522593
S2,2049,oesophageal_cancer,direct_medical,avoided_incident_case_first_year,1624.5847885365013,68356.63525540795,29827.5487154762,135047.26753332303,CHINA_OESOPHAGEAL_NEW_DIAGNOSIS_DERIVED,Event-specific first-year cost; no annual patient-year cost added for the same outcome,111051149.83147366,54629807.06139547,48457381.92249409,23837820.942363095,219395736.5680559,107928164.42688236
S2,2049,renal_cancer,direct_medical,avoided_incident_case_first_year,424.4194435512611,13135.225379367826,4654.616770652017,29653.851952691733,INTERNATIONAL_PROXY_RENAL,Event-specific first-year cost; no annual patient-year cost added for the same outcome,5574845.046431695,2742454.353204947,1975509.859744497,971819.9464796496,12585671.344912903,6191316.329044097
S2,2049,stroke,direct_medical,avoided_incident_case_first_year,22175.411816577813,29612.850356671155,4730.172689851648,100820.84684525008,CHINA_FIRST_ISCHAEMIC_STROKE_ONE_YEAR,Event-specific first-year cost; no annual patient-year cost added for the same outcome,656677151.721876,323041644.8153291,104893527.3609899,51600664.832522266,2235743798.4895406,1099837800.2888458
S2,2050,bladder_cancer,direct_medical,avoided_incident_case_first_year,340.855900748804,17917.502226658013,6349.271058827539,40450.2353820222,INTERNATIONAL_PROXY_BLADDER,Event-specific first-year cost; no annual patient-year cost added for the same outcome,6107286.360636218,2916873.9789156276,2164186.505854973,1033627.5281172654,13787701.416640319,6585082.9839042835
S2,2050,breast_cancer,direct_medical,avoided_incident_case_first_year,698.5855051713182,53995.542586727424,26175.98574835096,99226.21468667472,CHINA_BREAST_NEW_DIAGNOSIS_COURSE,Event-specific first-year cost; no annual patient-year cost added for the same outcome,37720503.39494841,18015522.496780682,18286164.22736898,8733573.87542475,69317995.31312834,33106660.61160368
S2,2050,colon_cancer,direct_medical,avoided_incident_case_first_year,2388.5628087820396,72296.25822013385,35047.815693114135,132856.9673630357,CHINA_CRC_NEW_DIAGNOSIS_COURSE,Event-specific first-year cost; no annual patient-year cost added for the same outcome,172684153.59871453,82474913.48198184,83713909.09361994,39982229.207777135,317337211.13091636,151562019.37008864
S2,2050,coronary_heart_disease,direct_medical,avoided_incident_case_first_year,12126.265373351896,21846.326995845397,8586.27962692537,46223.917226713966,CHINA_INCIDENT_MI_IMMEDIATE_PROXY,Event-specific first-year cost; no annual patient-year cost added for the same outcome,264914358.5846428,126524573.03740562,104119505.32590196,49728055.612419754,560523486.8869858,267709139.03918898
S2,2050,endometrial_cancer,direct_medical,avoided_incident_case_first_year,103.67321180528558,22329.17043600619,7912.595953582618,50409.93932055516,INTERNATIONAL_PROXY_ENDOMETRIAL,Event-specific first-year cost; no annual patient-year cost added for the same outcome,2314936.81604839,1105626.715833564,820324.2362254163,391791.4238215757,5226160.316271509,2496043.2729055467
S2,2050,gastric_cancer,direct_medical,avoided_incident_case_first_year,3287.4769354185996,64762.28390756019,31395.4919125426,119011.97726255516,CHINA_GASTRIC_NEW_DIAGNOSIS_COURSE,Event-specific first-year cost; no annual patient-year cost added for the same outcome,212904514.63113526,101684381.90878059,103211955.53860497,49294604.779624484,391249130.2892129,186862763.59490857
S2,2050,oesophageal_cancer,direct_medical,avoided_incident_case_first_year,1634.729242863471,68356.63525540795,29827.5487154762,135047.26753332303,CHINA_OESOPHAGEAL_NEW_DIAGNOSIS_DERIVED,Event-specific first-year cost; no annual patient-year cost added for the same outcome,111744590.59576748,53369838.80340257,48759966.12812371,23288031.379801743,220765717.40552977,105438936.13492662
S2,2050,renal_cancer,direct_medical,avoided_incident_case_first_year,426.0974997024555,13135.225379367826,4654.616770652017,29653.851952691733,INTERNATIONAL_PROXY_RENAL,Event-specific first-year cost; no annual patient-year cost added for the same outcome,5596886.692176868,2673104.254710138,1983320.5680479421,947244.9489308946,12635432.173588725,6034752.776133927
S2,2050,stroke,direct_medical,avoided_incident_case_first_year,22296.058160189707,29612.850356671155,4730.172689851648,100820.84684525008,CHINA_FIRST_ISCHAEMIC_STROKE_ONE_YEAR,Event-specific first-year cost; no annual patient-year cost added for the same outcome,660249833.8413346,315338997.7467065,105464205.40067333,50370291.85711713,2247907465.0212746,1073613124.479019
S3,2025,bladder_cancer,direct_medical,avoided_incident_case_first_year,0.0,17917.502226658013,6349.271058827539,40450.2353820222,INTERNATIONAL_PROXY_BLADDER,Event-specific first-year cost; no annual patient-year cost added for the same outcome,0.0,0.0,0.0,0.0,0.0,0.0
S3,2025,breast_cancer,direct_medical,avoided_incident_case_first_year,0.0,53995.542586727424,26175.98574835096,99226.21468667472,CHINA_BREAST_NEW_DIAGNOSIS_COURSE,Event-specific first-year cost; no annual patient-year cost added for the same outcome,0.0,0.0,0.0,0.0,0.0,0.0
S3,2025,colon_cancer,direct_medical,avoided_incident_case_first_year,0.0,72296.25822013385,35047.815693114135,132856.9673630357,CHINA_CRC_NEW_DIAGNOSIS_COURSE,Event-specific first-year cost; no annual patient-year cost added for the same outcome,0.0,0.0,0.0,0.0,0.0,0.0
S3,2025,coronary_heart_disease,direct_medical,avoided_incident_case_first_year,0.0,21846.326995845397,8586.27962692537,46223.917226713966,CHINA_INCIDENT_MI_IMMEDIATE_PROXY,Event-specific first-year cost; no annual patient-year cost added for the same outcome,0.0,0.0,0.0,0.0,0.0,0.0
S3,2025,endometrial_cancer,direct_medical,avoided_incident_case_first_year,0.0,22329.17043600619,7912.595953582618,50409.93932055516,INTERNATIONAL_PROXY_ENDOMETRIAL,Event-specific first-year cost; no annual patient-year cost added for the same outcome,0.0,0.0,0.0,0.0,0.0,0.0
S3,2025,gastric_cancer,direct_medical,avoided_incident_case_first_year,0.0,64762.28390756019,31395.4919125426,119011.97726255516,CHINA_GASTRIC_NEW_DIAGNOSIS_COURSE,Event-specific first-year cost; no annual patient-year cost added for the same outcome,0.0,0.0,0.0,0.0,0.0,0.0
S3,2025,oesophageal_cancer,direct_medical,avoided_incident_case_first_year,0.0,68356.63525540795,29827.5487154762,135047.26753332303,CHINA_OESOPHAGEAL_NEW_DIAGNOSIS_DERIVED,Event-specific first-year cost; no annual patient-year cost added for the same outcome,0.0,0.0,0.0,0.0,0.0,0.0
S3,2025,renal_cancer,direct_medical,avoided_incident_case_first_year,0.0,13135.225379367826,4654.616770652017,29653.851952691733,INTERNATIONAL_PROXY_RENAL,Event-specific first-year cost; no annual patient-year cost added for the same outcome,0.0,0.0,0.0,0.0,0.0,0.0
S3,2025,stroke,direct_medical,avoided_incident_case_first_year,0.0,29612.850356671155,4730.172689851648,100820.84684525008,CHINA_FIRST_ISCHAEMIC_STROKE_ONE_YEAR,Event-specific first-year cost; no annual patient-year cost added for the same outcome,0.0,0.0,0.0,0.0,0.0,0.0
S3,2026,bladder_cancer,direct_medical,avoided_incident_case_first_year,0.0,17917.502226658013,6349.271058827539,40450.2353820222,INTERNATIONAL_PROXY_BLADDER,Event-specific first-year cost; no annual patient-year cost added for the same outcome,0.0,0.0,0.0,0.0,0.0,0.0
S3,2026,breast_cancer,direct_medical,avoided_incident_case_first_year,0.0,53995.542586727424,26175.98574835096,99226.21468667472,CHINA_BREAST_NEW_DIAGNOSIS_COURSE,Event-specific first-year cost; no annual patient-year cost added for the same outcome,0.0,0.0,0.0,0.0,0.0,0.0
S3,2026,colon_cancer,direct_medical,avoided_incident_case_first_year,0.0,72296.25822013385,35047.815693114135,132856.9673630357,CHINA_CRC_NEW_DIAGNOSIS_COURSE,Event-specific first-year cost; no annual patient-year cost added for the same outcome,0.0,0.0,0.0,0.0,0.0,0.0
S3,2026,coronary_heart_disease,direct_medical,avoided_incident_case_first_year,385.7616521963678,21846.326995845397,8586.27962692537,46223.917226713966,CHINA_INCIDENT_MI_IMMEDIATE_PROXY,Event-specific first-year cost; no annual patient-year cost added for the same outcome,8427475.196339432,8182014.753727604,3312257.415102743,3215783.898158003,17831414.680365324,17312053.087733325
S3,2026,endometrial_cancer,direct_medical,avoided_incident_case_first_year,0.0,22329.17043600619,7912.595953582618,50409.93932055516,INTERNATIONAL_PROXY_ENDOMETRIAL,Event-specific first-year cost; no annual patient-year cost added for the same outcome,0.0,0.0,0.0,0.0,0.0,0.0
S3,2026,gastric_cancer,direct_medical,avoided_incident_case_first_year,0.0,64762.28390756019,31395.4919125426,119011.97726255516,CHINA_GASTRIC_NEW_DIAGNOSIS_COURSE,Event-specific first-year cost; no annual patient-year cost added for the same outcome,0.0,0.0,0.0,0.0,0.0,0.0
S3,2026,oesophageal_cancer,direct_medical,avoided_incident_case_first_year,0.0,68356.63525540795,29827.5487154762,135047.26753332303,CHINA_OESOPHAGEAL_NEW_DIAGNOSIS_DERIVED,Event-specific first-year cost; no annual patient-year cost added for the same outcome,0.0,0.0,0.0,0.0,0.0,0.0
S3,2026,renal_cancer,direct_medical,avoided_incident_case_first_year,0.0,13135.225379367826,4654.616770652017,29653.851952691733,INTERNATIONAL_PROXY_RENAL,Event-specific first-year cost; no annual patient-year cost added for the same outcome,0.0,0.0,0.0,0.0,0.0,0.0
S3,2026,stroke,direct_medical,avoided_incident_case_first_year,804.0866939281261,29612.850356671155,4730.172689851648,100820.84684525008,CHINA_FIRST_ISCHAEMIC_STROKE_ONE_YEAR,Event-specific first-year cost; no annual patient-year cost added for the same outcome,23811298.94108404,23117765.962217513,3803468.919891923,3692688.271739731,81068701.41883108,78707477.10566124
S3,2027,bladder_cancer,direct_medical,avoided_incident_case_first_year,0.0,17917.502226658013,6349.271058827539,40450.2353820222,INTERNATIONAL_PROXY_BLADDER,Event-specific first-year cost; no annual patient-year cost added for the same outcome,0.0,0.0,0.0,0.0,0.0,0.0
S3,2027,breast_cancer,direct_medical,avoided_incident_case_first_year,0.0,53995.542586727424,26175.98574835096,99226.21468667472,CHINA_BREAST_NEW_DIAGNOSIS_COURSE,Event-specific first-year cost; no annual patient-year cost added for the same outcome,0.0,0.0,0.0,0.0,0.0,0.0
S3,2027,colon_cancer,direct_medical,avoided_incident_case_first_year,0.0,72296.25822013385,35047.815693114135,132856.9673630357,CHINA_CRC_NEW_DIAGNOSIS_COURSE,Event-specific first-year cost; no annual patient-year cost added for the same outcome,0.0,0.0,0.0,0.0,0.0,0.0
S3,2027,coronary_heart_disease,direct_medical,avoided_incident_case_first_year,1343.4279054890815,21846.326995845397,8586.27962692537,46223.917226713966,CHINA_INCIDENT_MI_IMMEDIATE_PROXY,Event-specific first-year cost; no annual patient-year cost added for the same outcome,29348965.31865816,27664214.646675613,11535047.655143922,10872888.731401566,62098500.30338501,58533792.34931192
S3,2027,endometrial_cancer,direct_medical,avoided_incident_case_first_year,0.0,22329.17043600619,7912.595953582618,50409.93932055516,INTERNATIONAL_PROXY_ENDOMETRIAL,Event-specific first-year cost; no annual patient-year cost added for the same outcome,0.0,0.0,0.0,0.0,0.0,0.0
S3,2027,gastric_cancer,direct_medical,avoided_incident_case_first_year,0.0,64762.28390756019,31395.4919125426,119011.97726255516,CHINA_GASTRIC_NEW_DIAGNOSIS_COURSE,Event-specific first-year cost; no annual patient-year cost added for the same outcome,0.0,0.0,0.0,0.0,0.0,0.0
S3,2027,oesophageal_cancer,direct_medical,avoided_incident_case_first_year,0.0,68356.63525540795,29827.5487154762,135047.26753332303,CHINA_OESOPHAGEAL_NEW_DIAGNOSIS_DERIVED,Event-specific first-year cost; no annual patient-year cost added for the same outcome,0.0,0.0,0.0,0.0,0.0,0.0
S3,2027,renal_cancer,direct_medical,avoided_incident_case_first_year,0.0,13135.225379367826,4654.616770652017,29653.851952691733,INTERNATIONAL_PROXY_RENAL,Event-specific first-year cost; no annual patient-year cost added for the same outcome,0.0,0.0,0.0,0.0,0.0,0.0
S3,2027,stroke,direct_medical,avoided_incident_case_first_year,2774.7861756898146,29612.850356671155,4730.172689851648,100820.84684525008,CHINA_FIRST_ISCHAEMIC_STROKE_ONE_YEAR,Event-specific first-year cost; no annual patient-year cost added for the same outcome,82169327.79246232,77452472.2334455,13125217.788425859,12371776.593859797,279756292.04754,263697136.43843907
S3,2028,bladder_cancer,direct_medical,avoided_incident_case_first_year,14.284532632480804,17917.502226658013,6349.271058827539,40450.2353820222,INTERNATIONAL_PROXY_BLADDER,Event-specific first-year cost; no annual patient-year cost added for the same outcome,255943.14524924385,234224.23464345976,90696.36963228793,83000.02620259949,577812.7073060257,528780.4797593779
S3,2028,breast_cancer,direct_medical,avoided_incident_case_first_year,44.570869280868095,53995.542586727424,26175.98574835096,99226.21468667472,CHINA_BREAST_NEW_DIAGNOSIS_COURSE,Event-specific first-year cost; no annual patient-year cost added for the same outcome,2406628.2703825743,2202405.7888041334,1166686.4390876167,1067683.3638114706,4422598.644035133,4047304.261755345
S3,2028,colon_cancer,direct_medical,avoided_incident_case_first_year,108.0551351686276,72296.25822013385,35047.815693114135,132856.9673630357,CHINA_CRC_NEW_DIAGNOSIS_COURSE,Event-specific first-year cost; no annual patient-year cost added for the same outcome,7811981.954162568,7149070.128369271,3787096.4620845956,3465729.740442577,14355877.56650677,13137661.617683804
S3,2028,coronary_heart_disease,direct_medical,avoided_incident_case_first_year,2938.976427861564,21846.326995845397,8586.27962692537,46223.917226713966,CHINA_INCIDENT_MI_IMMEDIATE_PROXY,Event-specific first-year cost; no annual patient-year cost added for the same outcome,64205840.07614536,58757439.02744725,25234873.426561646,23093483.941150576,135851003.1327364,124322912.43168367
S3,2028,endometrial_cancer,direct_medical,avoided_incident_case_first_year,8.406802359450852,22329.17043600619,7912.595953582618,50409.93932055516,INTERNATIONAL_PROXY_ENDOMETRIAL,Event-specific first-year cost; no annual patient-year cost added for the same outcome,187716.92270599704,171787.57613383493,66519.63033195962,60874.88488154829,423786.3968198174,387824.5863969843
S3,2028,gastric_cancer,direct_medical,avoided_incident_case_first_year,195.13451913956317,64762.28390756019,31395.4919125426,119011.97726255516,CHINA_GASTRIC_NEW_DIAGNOSIS_COURSE,Event-specific first-year cost; no annual patient-year cost added for the same outcome,12637357.128681628,11564971.972580185,6126344.217504044,5606472.812975285,23223344.954977326,21252650.437828775
S3,2028,oesophageal_cancer,direct_medical,avoided_incident_case_first_year,94.23909709140862,68356.63525540795,29827.5487154762,135047.26753332303,CHINA_OESOPHAGEAL_NEW_DIAGNOSIS_DERIVED,Event-specific first-year cost; no annual patient-year cost added for the same outcome,6441867.5866763955,5895221.39260437,2810921.2593964823,2572391.14563517,12726732.557002265,11646763.150358932
S3,2028,renal_cancer,direct_medical,avoided_incident_case_first_year,22.007667596732198,13135.225379367826,4654.616770652017,29653.851952691733,INTERNATIONAL_PROXY_RENAL,Event-specific first-year cost; no annual patient-year cost added for the same outcome,289075.6739572877,264545.1919439052,102437.25867868467,93744.60288680033,652612.1167375477,597232.5354251773
S3,2028,stroke,direct_medical,avoided_incident_case_first_year,6027.321783942702,29612.850356671155,4730.172689851648,100820.84684525008,CHINA_FIRST_ISCHAEMIC_STROKE_ONE_YEAR,Event-specific first-year cost; no annual patient-year cost added for the same outcome,178486178.03939945,163340137.14257947,28510272.895353682,26090938.446065377,607679686.4659266,556112996.6276358
S3,2029,bladder_cancer,direct_medical,avoided_incident_case_first_year,38.59756667053192,17917.502226658013,6349.271058827539,40450.2353820222,INTERNATIONAL_PROXY_BLADDER,Event-specific first-year cost; no annual patient-year cost added for the same outcome,691571.9867628367,614452.7529401006,245066.4130023747,217738.33383176688,1561280.656996311,1387177.6419025194
S3,2029,breast_cancer,direct_medical,avoided_incident_case_first_year,117.95536492762301,53995.542586727424,26175.98574835096,99226.21468667472,CHINA_BREAST_NEW_DIAGNOSIS_COURSE,Event-specific first-year cost; no annual patient-year cost added for the same outcome,6369063.930282443,5658830.809402942,3087597.9512869962,2743290.788889512,11704264.363753382,10399087.29257604
S3,2029,colon_cancer,direct_medical,avoided_incident_case_first_year,291.32438478709855,72296.25822013385,35047.815693114135,132856.9673630357,CHINA_CRC_NEW_DIAGNOSIS_COURSE,Event-specific first-year cost; no annual patient-year cost added for the same outcome,21061662.948389713,18713014.737210017,10210283.344928093,9071704.507517885,38704474.28171601,34388424.095690556
S3,2029,coronary_heart_disease,direct_medical,avoided_incident_case_first_year,5185.165770669543,21846.326995845397,8586.27962692537,46223.917226713966,CHINA_INCIDENT_MI_IMMEDIATE_PROXY,Event-specific first-year cost; no annual patient-year cost added for the same outcome,113276826.95371154,100644993.5773595,44521283.218930684,39556583.496606015,239678673.3902195,212951396.96882468
S3,2029,endometrial_cancer,direct_medical,avoided_incident_case_first_year,21.584482507927557,22329.17043600619,7912.595953582618,50409.93932055516,INTERNATIONAL_PROXY_ENDOMETRIAL,Event-specific first-year cost; no annual patient-year cost added for the same outcome,481963.5886925087,428218.4061202583,170789.2889524024,151744.07115693955,1088072.4534902123,966738.2821198994
S3,2029,gastric_cancer,direct_medical,avoided_incident_case_first_year,508.7220329761195,64762.28390756019,31395.4919125426,119011.97726255516,CHINA_GASTRIC_NEW_DIAGNOSIS_COURSE,Event-specific first-year cost; no annual patient-year cost added for the same outcome,32946000.72963065,29272094.928897664,15971578.472033989,14190540.607171247,60544015.02151477,53792573.17542878
S3,2029,oesophageal_cancer,direct_medical,avoided_incident_case_first_year,245.65932778457946,68356.63525540795,29827.5487154762,135047.26753332303,CHINA_OESOPHAGEAL_NEW_DIAGNOSIS_DERIVED,Event-specific first-year cost; no annual patient-year cost added for the same outcome,16792445.0664592,14919869.944384709,7327415.56690568,6510313.825891491,33175620.961380396,29476109.530746713
S3,2029,renal_cancer,direct_medical,avoided_incident_case_first_year,58.86247260709131,13135.225379367826,4654.616770652017,29653.851952691733,INTERNATIONAL_PROXY_RENAL,Event-specific first-year cost; no annual patient-year cost added for the same outcome,773171.8440810093,686953.1692790651,273982.2521590122,243429.6824020526,1745499.0482600585,1550853.296528224
S3,2029,stroke,direct_medical,avoided_incident_case_first_year,10603.469637967528,29612.850356671155,4730.172689851648,100820.84684525008,CHINA_FIRST_ISCHAEMIC_STROKE_ONE_YEAR,Event-specific first-year cost; no annual patient-year cost added for the same outcome,313998959.65063846,278984008.70859325,50156242.499185145,44563171.83264442,1069050788.3977835,949837779.0554863
S3,2030,bladder_cancer,direct_medical,avoided_incident_case_first_year,73.9236413098246,17917.502226658013,6349.271058827539,40450.2353820222,INTERNATIONAL_PROXY_BLADDER,Event-specific first-year cost; no annual patient-year cost added for the same outcome,1324527.0077714506,1142548.632057725,469361.2363316172,404875.12550906464,2990228.6912785848,2579397.5364144696
S3,2030,breast_cancer,direct_medical,avoided_incident_case_first_year,222.4641053641241,53995.542586727424,26175.98574835096,99226.21468667472,CHINA_BREAST_NEW_DIAGNOSIS_COURSE,Event-specific first-year cost; no annual patient-year cost added for the same outcome,12012070.075206779,10361717.165511513,5823217.251530958,5023158.354548012,22074271.0789396,19041460.141570598
S3,2030,colon_cancer,direct_medical,avoided_incident_case_first_year,557.2976207392076,72296.25822013385,35047.815693114135,132856.9673630357,CHINA_CRC_NEW_DIAGNOSIS_COURSE,Event-specific first-year cost; no annual patient-year cost added for the same outcome,40290532.694427975,34754967.42973093,19532064.29787877,16848530.240506534,74040871.81004636,63868306.4268078
S3,2030,coronary_heart_disease,direct_medical,avoided_incident_case_first_year,6470.5379373892465,21846.326995845397,8586.27962692537,46223.917226713966,CHINA_INCIDENT_MI_IMMEDIATE_PROXY,Event-specific first-year cost; no annual patient-year cost added for the same outcome,141357487.61922848,121936210.55882218,55557848.067053,47924687.78412066,299093610.03019303,258000775.365216
S3,2030,endometrial_cancer,direct_medical,avoided_incident_case_first_year,39.48573616011184,22329.17043600619,7912.595953582618,50409.93932055516,INTERNATIONAL_PROXY_ENDOMETRIAL,Event-specific first-year cost; no annual patient-year cost added for the same outcome,881683.7325103099,760548.1327120108,312434.6761647318,269508.8962059192,1990473.5638586886,1716999.981268958
S3,2030,gastric_cancer,direct_medical,avoided_incident_case_first_year,940.9769429975945,64762.28390756019,31395.4919125426,119011.97726255516,CHINA_GASTRIC_NEW_DIAGNOSIS_COURSE,Event-specific first-year cost; no annual patient-year cost added for the same outcome,60939815.93287829,52567220.542454846,29542434.003770035,25483563.08374146,111987526.54461838,96601424.13884255
S3,2030,oesophageal_cancer,direct_medical,avoided_incident_case_first_year,454.1168176775125,68356.63525540795,29827.5487154762,135047.26753332303,CHINA_OESOPHAGEAL_NEW_DIAGNOSIS_DERIVED,Event-specific first-year cost; no annual patient-year cost added for the same outcome,31041897.669328313,26777013.61351691,13545191.501793027,11684201.17561239,61327235.368276305,52901411.95067033
S3,2030,renal_cancer,direct_medical,avoided_incident_case_first_year,111.92305522343761,13135.225379367826,4654.616770652017,29653.851952691733,INTERNATIONAL_PROXY_RENAL,Event-specific first-year cost; no annual patient-year cost added for the same outcome,1470134.5555072846,1268150.981807292,520958.9298656246,449383.74920546135,3318949.7096887603,2862955.174506795
S3,2030,stroke,direct_medical,avoided_incident_case_first_year,13220.094181932127,29612.850356671155,4730.172689851648,100820.84684525008,CHINA_FIRST_ISCHAEMIC_STROKE_ONE_YEAR,Event-specific first-year cost; no annual patient-year cost added for the same outcome,391484670.71065503,337698115.9067528,62533328.45664201,53941798.44347961,1332861090.7963607,1149737685.2847996
S3,2031,bladder_cancer,direct_medical,avoided_incident_case_first_year,121.3357841490097,17917.502226658013,6349.271058827539,40450.2353820222,INTERNATIONAL_PROXY_BLADDER,Event-specific first-year cost; no annual patient-year cost added for the same outcome,2174034.182663177,1820719.4014725268,770393.7826974525,645192.6644560846,4908061.02908968,4110423.842705182
S3,2031,breast_cancer,direct_medical,avoided_incident_case_first_year,360.10741518074474,53995.542586727424,26175.98574835096,99226.21468667472,CHINA_BREAST_NEW_DIAGNOSIS_COURSE,Event-specific first-year cost; no annual patient-year cost added for the same outcome,19444195.272188235,16284207.424340388,9426166.567646677,7894266.10128189,35732095.68898808,29925067.59784139
S3,2031,colon_cancer,direct_medical,avoided_incident_case_first_year,913.8195447879687,72296.25822013385,35047.815693114135,132856.9673630357,CHINA_CRC_NEW_DIAGNOSIS_COURSE,Event-specific first-year cost; no annual patient-year cost added for the same outcome,66065733.77659615,55329011.94415282,32027378.982494183,26822425.68067983,121407293.4375993,101676696.90056215
S3,2031,coronary_heart_disease,direct_medical,avoided_incident_case_first_year,7782.055522082973,21846.326995845397,8586.27962692537,46223.917226713966,CHINA_INCIDENT_MI_IMMEDIATE_PROXY,Event-specific first-year cost; no annual patient-year cost added for the same outcome,170009329.635249,142380137.05886286,66818904.78486311,55959780.80616695,359717090.3064557,301257399.99170893
S3,2031,endometrial_cancer,direct_medical,avoided_incident_case_first_year,62.00427383624324,22329.17043600619,7912.595953582618,50409.93932055516,INTERNATIONAL_PROXY_ENDOMETRIAL,Event-specific first-year cost; no annual patient-year cost added for the same outcome,1384503.9982502747,1159500.3018501787,490614.76626148686,410882.1428405261,3125631.6817001076,2617667.325615495
S3,2031,gastric_cancer,direct_medical,avoided_incident_case_first_year,1491.7880344656933,64762.28390756019,31395.4919125426,119011.97726255516,CHINA_GASTRIC_NEW_DIAGNOSIS_COURSE,Event-specific first-year cost; no annual patient-year cost added for the same outcome,96611600.2179684,80910694.19556364,46835419.171295494,39223926.211139776,177540643.63838294,148687493.96862867
S3,2031,oesophageal_cancer,direct_medical,avoided_incident_case_first_year,719.4269273265907,68356.63525540795,29827.5487154762,135047.26753332303,CHINA_OESOPHAGEAL_NEW_DIAGNOSIS_DERIVED,Event-specific first-year cost; no annual patient-year cost added for the same outcome,49177604.06418264,41185469.185175054,21458741.72205924,17971358.3604653,97156640.72535063,81367157.03975113
S3,2031,renal_cancer,direct_medical,avoided_incident_case_first_year,182.5996769810809,13135.225379367826,4654.616770652017,29653.851952691733,INTERNATIONAL_PROXY_RENAL,Event-specific first-year cost; no annual patient-year cost added for the same outcome,2398487.911346261,2008695.8655985538,849931.5187917803,711804.2662473435,5414783.787806306,4534796.175633666
S3,2031,stroke,direct_medical,avoided_incident_case_first_year,15892.790378941536,29612.850356671155,4730.172689851648,100820.84684525008,CHINA_FIRST_ISCHAEMIC_STROKE_ONE_YEAR,Event-specific first-year cost; no annual patient-year cost added for the same outcome,470630823.24153876,394145905.17485636,75175643.01600628,62958417.51197576,1602324584.7389286,1341921613.8160264
S3,2032,bladder_cancer,direct_medical,avoided_incident_case_first_year,183.424956984967,17917.502226658013,6349.271058827539,40450.2353820222,INTERNATIONAL_PROXY_BLADDER,Event-specific first-year cost; no annual patient-year cost added for the same outcome,3286517.075202796,2672239.1357323797,1164614.7708513371,946938.3841643072,7419582.684979212,6032799.698866725
S3,2032,breast_cancer,direct_medical,avoided_incident_case_first_year,533.1047265374713,53995.542586727424,26175.98574835096,99226.21468667472,CHINA_BREAST_NEW_DIAGNOSIS_COURSE,Event-specific first-year cost; no annual patient-year cost added for the same outcome,28785278.964939706,23405065.97804287,13954541.724223383,11346319.420652678,52897964.04588814,43010885.53305757
S3,2032,colon_cancer,direct_medical,avoided_incident_case_first_year,1376.6967553521008,72296.25822013385,35047.815693114135,132856.9673630357,CHINA_CRC_NEW_DIAGNOSIS_COURSE,Event-specific first-year cost; no annual patient-year cost added for the same outcome,99530024.11575592,80927017.73232041,48250214.146888666,39231839.543334164,182903755.8946112,148717491.31072524
S3,2032,coronary_heart_disease,direct_medical,avoided_incident_case_first_year,9248.538802824434,21846.326995845397,8586.27962692537,46223.917226713966,CHINA_INCIDENT_MI_IMMEDIATE_PROXY,Event-specific first-year cost; no annual patient-year cost added for the same outcome,202046602.9202671,164282377.73023042,79410540.3015202,64568036.23035535,427503692.08980894,347599623.1061664
S3,2032,endometrial_cancer,direct_medical,avoided_incident_case_first_year,89.11904862779333,22329.17043600619,7912.595953582618,50409.93932055516,INTERNATIONAL_PROXY_ENDOMETRIAL,Event-specific first-year cost; no annual patient-year cost added for the same outcome,1989954.4259047208,1618015.051663265,705163.0235594101,573362.0685693696,4492485.833632667,3652802.0961569906
S3,2032,gastric_cancer,direct_medical,avoided_incident_case_first_year,2173.5776343767434,64762.28390756019,31395.4919125426,119011.97726255516,CHINA_GASTRIC_NEW_DIAGNOSIS_COURSE,Event-specific first-year cost; no annual patient-year cost added for the same outcome,140765851.85262972,114455519.22838931,68240539.04135852,55485803.024023324,258681772.0008434,210331952.95314258
S3,2032,oesophageal_cancer,direct_medical,avoided_incident_case_first_year,1048.5726670615672,68356.63525540795,29827.5487154762,135047.26753332303,CHINA_OESOPHAGEAL_NEW_DIAGNOSIS_DERIVED,Event-specific first-year cost; no annual patient-year cost added for the same outcome,71676899.34111787,58279878.41367496,31276352.308495704,25430536.567821957,141606873.49679354,115139346.78811494
S3,2032,renal_cancer,direct_medical,avoided_incident_case_first_year,273.1769431646494,13135.225379367826,4654.616770652017,29653.851952691733,INTERNATIONAL_PROXY_RENAL,Event-specific first-year cost; no annual patient-year cost added for the same outcome,3588240.716914425,2917568.0675797085,1271533.98100963,1033873.4863435512,8100748.629493398,6586649.946167387
S3,2032,stroke,direct_medical,avoided_incident_case_first_year,18784.671883535837,29612.850356671155,4730.172689851648,100820.84684525008,CHINA_FIRST_ISCHAEMIC_STROKE_ONE_YEAR,Event-specific first-year cost; no annual patient-year cost added for the same outcome,556267677.4863148,452296526.5988049,88854741.93132533,72247036.40696497,1893886527.008242,1539903058.5579464
S3,2033,bladder_cancer,direct_medical,avoided_incident_case_first_year,264.9275312012119,17917.502226658013,6349.271058827539,40450.2353820222,INTERNATIONAL_PROXY_BLADDER,Event-specific first-year cost; no annual patient-year cost added for the same outcome,4746839.630200724,3747199.037887798,1682096.7065424842,1327862.6731536952,10716380.99626705,8459610.116879582
S3,2033,breast_cancer,direct_medical,avoided_incident_case_first_year,743.8120366352182,53995.542586727424,26175.98574835096,99226.21468667472,CHINA_BREAST_NEW_DIAGNOSIS_COURSE,Event-specific first-year cost; no annual patient-year cost added for the same outcome,40162534.50065738,31704675.608270958,19470013.270415373,15369808.267880764,73805652.83369893,58262863.891490415
S3,2033,colon_cancer,direct_medical,avoided_incident_case_first_year,1973.1043639320187,72296.25822013385,35047.815693114135,132856.9673630357,CHINA_CRC_NEW_DIAGNOSIS_COURSE,Event-specific first-year cost; no annual patient-year cost added for the same outcome,142648062.5901022,112607697.86561891,69152998.09036858,54590015.27303091,262140662.08277956,206936259.3373151
S3,2033,coronary_heart_disease,direct_medical,avoided_incident_case_first_year,11033.165779939456,21846.326995845397,8586.27962692537,46223.917226713966,CHINA_INCIDENT_MI_IMMEDIATE_PROXY,Event-specific first-year cost; no annual patient-year cost added for the same outcome,241034147.42792898,190274581.76459366,94733846.55678432,74783773.27400497,509996141.76053447,402595663.77024484
S3,2033,endometrial_cancer,direct_medical,avoided_incident_case_first_year,120.71760083139122,22329.17043600619,7912.595953582618,50409.93932055516,INTERNATIONAL_PROXY_ENDOMETRIAL,Event-specific first-year cost; no annual patient-year cost added for the same outcome,2695523.883589897,2127871.445019626,955189.5998646679,754035.490653802,6085366.93283343,4803844.85096738
S3,2033,gastric_cancer,direct_medical,avoided_incident_case_first_year,3015.2090948206032,64762.28390756019,31395.4919125426,119011.97726255516,CHINA_GASTRIC_NEW_DIAGNOSIS_COURSE,Event-specific first-year cost; no annual patient-year cost added for the same outcome,195271827.43942946,154149383.78204295,94663972.75106514,74728614.24653359,358845996.23463917,283276343.1242079
S3,2033,oesophageal_cancer,direct_medical,avoided_incident_case_first_year,1457.762696329683,68356.63525540795,29827.5487154762,135047.26753332303,CHINA_OESOPHAGEAL_NEW_DIAGNOSIS_DERIVED,Event-specific first-year cost; no annual patient-year cost added for the same outcome,99647752.92194816,78662856.33521932,43481487.84037756,34324688.022903144,196866868.85133302,155408524.20171276
S3,2033,renal_cancer,direct_medical,avoided_incident_case_first_year,387.13447434874126,13135.225379367826,4654.616770652017,29653.851952691733,INTERNATIONAL_PROXY_RENAL,Event-specific first-year cost; no annual patient-year cost added for the same outcome,5085098.572693809,4014223.770681106,1801962.6168012044,1422485.9295913742,11480028.388120709,9062440.419768613
S3,2033,stroke,direct_medical,avoided_incident_case_first_year,22111.726882248808,29612.850356671155,4730.172689851648,100820.84684525008,CHINA_FIRST_ISCHAEMIC_STROKE_ONE_YEAR,Event-specific first-year cost; no annual patient-year cost added for the same outcome,654791259.2916168,516898266.6328528,104592286.62387183,82566116.89889434,2229323029.479206,1759848185.739603
S3,2034,bladder_cancer,direct_medical,avoided_incident_case_first_year,367.2600726012697,17917.502226658013,6349.271058827539,40450.2353820222,INTERNATIONAL_PROXY_BLADDER,Event-specific first-year cost; no annual patient-year cost added for the same outcome,6580383.168595834,5043315.765644219,2331833.7500301423,1787156.4030666868,14855756.383139921,11385700.263659073
S3,2034,breast_cancer,direct_medical,avoided_incident_case_first_year,993.8779284890268,53995.542586727424,26175.98574835096,99226.21468667472,CHINA_BREAST_NEW_DIAGNOSIS_COURSE,Event-specific first-year cost; no annual patient-year cost added for the same outcome,53664978.01373768,41129737.0905814,26015734.491729338,19938894.21867058,98618744.70459972,75583056.06432965
S3,2034,colon_cancer,direct_medical,avoided_incident_case_first_year,2712.423154501249,72296.25822013385,35047.815693114135,132856.9673630357,CHINA_CRC_NEW_DIAGNOSIS_COURSE,Event-specific first-year cost; no annual patient-year cost added for the same outcome,196098044.78009233,150292822.69933254,95064506.80069502,72859028.66404715,360364314.5123148,276189240.38177925
S3,2034,coronary_heart_disease,direct_medical,avoided_incident_case_first_year,12998.422108690458,21846.326995845397,8586.27962692537,46223.917226713966,CHINA_INCIDENT_MI_IMMEDIATE_PROXY,Event-specific first-year cost; no annual patient-year cost added for the same outcome,283967779.816478,217637657.89781955,111608086.9340252,85538305.29109901,600837987.6299965,460492287.1473023
S3,2034,endometrial_cancer,direct_medical,avoided_incident_case_first_year,156.63711868723834,22329.17043600619,7912.595953582618,50409.93932055516,INTERNATIONAL_PROXY_ENDOMETRIAL,Event-specific first-year cost; no annual patient-year cost added for the same outcome,3497576.919772275,2680601.4739723536,1239406.2315054825,949901.6739967604,7896067.648370282,6051678.365428176
S3,2034,gastric_cancer,direct_medical,avoided_incident_case_first_year,4013.167859515199,64762.28390756019,31395.4919125426,119011.97726255516,CHINA_GASTRIC_NEW_DIAGNOSIS_COURSE,Event-specific first-year cost; no annual patient-year cost added for the same outcome,259901916.28661892,199193177.41023728,125995379.07708532,96564966.72265628,477615042.04744,366052159.8441628
S3,2034,oesophageal_cancer,direct_medical,avoided_incident_case_first_year,1945.4530630950803,68356.63525540795,29827.5487154762,135047.26753332303,CHINA_OESOPHAGEAL_NEW_DIAGNOSIS_DERIVED,Event-specific first-year cost; no annual patient-year cost added for the same outcome,132984625.44050655,101921642.08205415,58028096.0131409,44473703.730513684,262728120.28532407,201359227.44386137
S3,2034,renal_cancer,direct_medical,avoided_incident_case_first_year,525.9277177885273,13135.225379367826,4654.616770652017,29653.851952691733,INTERNATIONAL_PROXY_RENAL,Event-specific first-year cost; no annual patient-year cost added for the same outcome,6908179.106408863,5294544.057178396,2447991.97536922,1876182.0105658974,15595782.681118026,11952868.800803803
S3,2034,stroke,direct_medical,avoided_incident_case_first_year,25690.26177041923,29612.850356671155,4730.172689851648,100820.84684525008,CHINA_FIRST_ISCHAEMIC_STROKE_ONE_YEAR,Event-specific first-year cost; no annual patient-year cost added for the same outcome,760761877.4311345,583060632.1923727,121519374.62157689,93134482.01391,2590113947.3698206,1985106667.9408302
S3,2035,bladder_cancer,direct_medical,avoided_incident_case_first_year,387.0893161976192,17917.502226658013,6349.271058827539,40450.2353820222,INTERNATIONAL_PROXY_BLADDER,Event-specific first-year cost; no annual patient-year cost added for the same outcome,6935673.68488637,5160792.584633294,2457734.9925148855,1828785.6523590742,15657853.954059714,11650913.847557457
S3,2035,breast_cancer,direct_medical,avoided_incident_case_first_year,1014.7111426790173,53995.542586727424,26175.98574835096,99226.21468667472,CHINA_BREAST_NEW_DIAGNOSIS_COURSE,Event-specific first-year cost; no annual patient-year cost added for the same outcome,54789878.71775173,40768815.35180864,26561064.409458872,19763926.40025832,100685945.68842919,74919799.50238231
S3,2035,colon_cancer,direct_medical,avoided_incident_case_first_year,2838.999329112189,72296.25822013385,35047.815693114135,132856.9673630357,CHINA_CRC_NEW_DIAGNOSIS_COURSE,Event-specific first-year cost; no annual patient-year cost added for the same outcome,205249028.5842816,152724553.2080279,99500725.23959868,74037884.17859635,377180841.2115384,280657968.76113355
S3,2035,coronary_heart_disease,direct_medical,avoided_incident_case_first_year,13595.665211554362,21846.326995845397,8586.27962692537,46223.917226713966,CHINA_INCIDENT_MI_IMMEDIATE_PROXY,Event-specific first-year cost; no annual patient-year cost added for the same outcome,297015347.93765616,221007313.03134346,116736183.22046722,86862683.58261883,628444903.3810035,467622028.45366496
S3,2035,endometrial_cancer,direct_medical,avoided_incident_case_first_year,156.2393492499479,22329.17043600619,7912.595953582618,50409.93932055516,INTERNATIONAL_PROXY_ENDOMETRIAL,Event-specific first-year cost; no annual patient-year cost added for the same outcome,3488695.0582127823,2595916.763746407,1236258.842665519,919892.6820646805,7876016.115172899,5860495.664928698
S3,2035,gastric_cancer,direct_medical,avoided_incident_case_first_year,4089.376908451361,64762.28390756019,31395.4919125426,119011.97726255516,CHINA_GASTRIC_NEW_DIAGNOSIS_COURSE,Event-specific first-year cost; no annual patient-year cost added for the same outcome,264837388.3501478,197063889.1084858,128387999.65662315,95532729.2902561,486684831.6466315,362139221.70079553
S3,2035,oesophageal_cancer,direct_medical,avoided_incident_case_first_year,1987.4926794802518,68356.63525540795,29827.5487154762,135047.26753332303,CHINA_OESOPHAGEAL_NEW_DIAGNOSIS_DERIVED,Event-specific first-year cost; no annual patient-year cost added for the same outcome,135858312.16402498,101091343.3693907,59282034.71884954,44111401.296992324,268405455.6062906,199718866.2417239
S3,2035,renal_cancer,direct_medical,avoided_incident_case_first_year,544.8346714025287,13135.225379367826,4654.616770652017,29653.851952691733,INTERNATIONAL_PROXY_RENAL,Event-specific first-year cost; no annual patient-year cost added for the same outcome,7156526.203366024,5325127.59972362,2535996.598742891,1887019.6373233767,16156446.684464034,12021913.664263055
S3,2035,stroke,direct_medical,avoided_incident_case_first_year,26569.908571868717,29612.850356671155,4730.172689851648,100820.84684525008,CHINA_FIRST_ISCHAEMIC_STROKE_ONE_YEAR,Event-specific first-year cost; no annual patient-year cost added for the same outcome,786810726.5291826,585461073.7858359,125680255.89850861,93517913.63674347,2678800682.8166733,1993279287.3050783
S3,2036,bladder_cancer,direct_medical,avoided_incident_case_first_year,405.3582991155864,17917.502226658013,6349.271058827539,40450.2353820222,INTERNATIONAL_PROXY_BLADDER,Event-specific first-year cost; no annual patient-year cost added for the same outcome,7263008.226997824,5246951.67529508,2573729.7170301494,1859317.1077970911,16396838.613281632,11845425.083190791
S3,2036,breast_cancer,direct_medical,avoided_incident_case_first_year,1031.7085161175464,53995.542586727424,26175.98574835096,99226.21468667472,CHINA_BREAST_NEW_DIAGNOSIS_COURSE,Event-specific first-year cost; no annual patient-year cost added for the same outcome,55707661.11911433,40244399.662001796,27005987.414345212,19509699.90368137,102372530.71435027,73956094.3273069
S3,2036,colon_cancer,direct_medical,avoided_incident_case_first_year,2954.333647250114,72296.25822013385,35047.815693114135,132856.9673630357,CHINA_CRC_NEW_DIAGNOSIS_COURSE,Event-specific first-year cost; no annual patient-year cost added for the same outcome,213587268.2300241,154299986.97997624,103542941.16478767,74801623.73905642,392503808.9522267,283553102.7331442
S3,2036,coronary_heart_disease,direct_medical,avoided_incident_case_first_year,14161.9200083156,21846.326995845397,8586.27962692537,46223.917226713966,CHINA_INCIDENT_MI_IMMEDIATE_PROXY,Event-specific first-year cost; no annual patient-year cost added for the same outcome,309385935.39066815,223506982.4066286,121598205.245547,87845130.66560635,654619418.2357246,472910995.80819106
S3,2036,endometrial_cancer,direct_medical,avoided_incident_case_first_year,156.15515468484443,22329.17043600619,7912.595953582618,50409.93932055516,INTERNATIONAL_PROXY_ENDOMETRIAL,Event-specific first-year cost; no annual patient-year cost added for the same outcome,3486815.0634188014,2518949.3893788042,1235592.6450903679,892618.4160222247,7871771.872254913,5686735.485048622
S3,2036,gastric_cancer,direct_medical,avoided_incident_case_first_year,4166.279090709212,64762.28390756019,31395.4919125426,119011.97726255516,CHINA_GASTRIC_NEW_DIAGNOSIS_COURSE,Event-specific first-year cost; no annual patient-year cost added for the same outcome,269817749.3106417,194922082.90599853,130802381.4977564,94494423.42376748,495837112.4129437,358203279.7344027
S3,2036,oesophageal_cancer,direct_medical,avoided_incident_case_first_year,2030.2640127449467,68356.63525540795,29827.5487154762,135047.26753332303,CHINA_OESOPHAGEAL_NEW_DIAGNOSIS_DERIVED,Event-specific first-year cost; no annual patient-year cost added for the same outcome,138782016.59138724,100259081.59490055,60557798.74542809,43748242.27768307,274181607.29244477,198074626.7601084
S3,2036,renal_cancer,direct_medical,avoided_incident_case_first_year,561.6973996551519,13135.225379367826,4654.616770652017,29653.851952691733,INTERNATIONAL_PROXY_RENAL,Event-specific first-year cost; no annual patient-year cost added for the same outcome,7378021.939475264,5330040.028289395,2614486.136466499,1888760.4123558935,16656491.531585796,12033003.87590468
S3,2036,stroke,direct_medical,avoided_incident_case_first_year,27403.707190736375,29612.850356671155,4730.172689851648,100820.84684525008,CHINA_FIRST_ISCHAEMIC_STROKE_ONE_YEAR,Event-specific first-year cost; no annual patient-year cost added for the same outcome,811501880.2573096,586246224.2977813,129624267.35431243,93643328.70028162,2762864965.6693106,1995952435.5688183
S3,2037,bladder_cancer,direct_medical,avoided_incident_case_first_year,421.25095427428056,17917.502226658013,6349.271058827539,40450.2353820222,INTERNATIONAL_PROXY_BLADDER,Event-specific first-year cost; no annual patient-year cost added for the same outcome,7547764.911191234,5293850.449136033,2674636.4924771725,1875936.2226533925,17039700.25529612,11951302.92358376
S3,2037,breast_cancer,direct_medical,avoided_incident_case_first_year,1044.740481945783,53995.542586727424,26175.98574835096,99226.21468667472,CHINA_BREAST_NEW_DIAGNOSIS_COURSE,Event-specific first-year cost; no annual patient-year cost added for the same outcome,56411329.18498165,39565771.305288784,27347111.966138124,19180714.114433773,103665643.35341227,72708996.51534376
S3,2037,colon_cancer,direct_medical,avoided_incident_case_first_year,3054.2966139383666,72296.25822013385,35047.815693114135,132856.9673630357,CHINA_CRC_NEW_DIAGNOSIS_COURSE,Event-specific first-year cost; no annual patient-year cost added for the same outcome,220814216.68216863,154874648.84144458,107046424.79741445,75080208.59949663,405784585.55504006,284609144.0007492
S3,2037,coronary_heart_disease,direct_medical,avoided_incident_case_first_year,14665.018130935314,21846.326995845397,8586.27962692537,46223.917226713966,CHINA_INCIDENT_MI_IMMEDIATE_PROXY,Event-specific first-year cost; no annual patient-year cost added for the same outcome,320376781.48841435,224705828.6169543,125917946.40614106,88316314.1644844,677874584.2126135,475447594.6609041
S3,2037,endometrial_cancer,direct_medical,avoided_incident_case_first_year,156.4182542683289,22329.17043600619,7912.595953582618,50409.93932055516,INTERNATIONAL_PROXY_ENDOMETRIAL,Event-specific first-year cost; no annual patient-year cost added for the same outcome,3492689.8588600685,2449702.394758486,1237674.4457900363,868079.9545061198,7885034.706293628,5530404.6976176575
S3,2037,gastric_cancer,direct_medical,avoided_incident_case_first_year,4239.998382608084,64762.28390756019,31395.4919125426,119011.97726255516,CHINA_GASTRIC_NEW_DIAGNOSIS_COURSE,Event-specific first-year cost; no annual patient-year cost added for the same outcome,274591979.02206075,192593289.34844428,133116834.93036582,93365469.73512772,504610591.10422397,353923715.9327858
S3,2037,oesophageal_cancer,direct_medical,avoided_incident_case_first_year,2071.4164373272797,68356.63525540795,29827.5487154762,135047.26753332303,CHINA_OESOPHAGEAL_NEW_DIAGNOSIS_DERIVED,Event-specific first-year cost; no annual patient-year cost added for the same outcome,141595057.86843747,99311924.72368173,61785274.69441759,43334948.562860526,279739129.78466,196203397.3336513
S3,2037,renal_cancer,direct_medical,avoided_incident_case_first_year,576.1166219597663,13135.225379367826,4654.616770652017,29653.851952691733,INTERNATIONAL_PROXY_RENAL,Event-specific first-year cost; no annual patient-year cost added for the same outcome,7567421.674241583,5307637.307249268,2681602.0904253167,1880821.7529077344,17084077.01507978,11982427.890044179
S3,2037,stroke,direct_medical,avoided_incident_case_first_year,28152.697634465123,29612.850356671155,4730.172689851648,100820.84684525008,CHINA_FIRST_ISCHAEMIC_STROKE_ONE_YEAR,Event-specific first-year cost; no annual patient-year cost added for the same outcome,833681622.1860257,584727516.287918,133167121.49619803,93400739.72064644,2838378816.4850426,1990781794.2485514
S3,2038,bladder_cancer,direct_medical,avoided_incident_case_first_year,436.1856918303338,17917.502226658013,6349.271058827539,40450.2353820222,INTERNATIONAL_PROXY_BLADDER,Event-specific first-year cost; no annual patient-year cost added for the same outcome,7815358.104606371,5321878.573858248,2769461.189413006,1885868.3079898856,17643813.9048072,12014578.72106872
S3,2038,breast_cancer,direct_medical,avoided_incident_case_first_year,1054.2967614025047,53995.542586727424,26175.98574835096,99226.21468667472,CHINA_BREAST_NEW_DIAGNOSIS_COURSE,Event-specific first-year cost; no annual patient-year cost added for the same outcome,56927325.679357745,38764738.70358668,27597257.001004532,18792389.134970136,104613876.7903908,71236959.58229779
S3,2038,colon_cancer,direct_medical,avoided_incident_case_first_year,3145.850707656219,72296.25822013385,35047.815693114135,132856.9673630357,CHINA_CRC_NEW_DIAGNOSIS_COURSE,Event-specific first-year cost; no annual patient-year cost added for the same outcome,227433235.0827048,154870966.1885512,110255195.79998784,75078423.32121187,417948184.7960651,284602376.48459667
S3,2038,coronary_heart_disease,direct_medical,avoided_incident_case_first_year,15192.06817265478,21846.326995845397,8586.27962692537,46223.917226713966,CHINA_INCIDENT_MI_IMMEDIATE_PROXY,Event-specific first-year cost; no annual patient-year cost added for the same outcome,331890889.04299176,226001545.62535223,130443345.44172707,88825570.87173699,702236901.7153902,478189159.21575224
S3,2038,endometrial_cancer,direct_medical,avoided_incident_case_first_year,156.93152689039795,22329.17043600619,7912.595953582618,50409.93932055516,INTERNATIONAL_PROXY_ENDOMETRIAL,Event-specific first-year cost; no annual patient-year cost added for the same outcome,3504150.810718384,2386156.190096863,1241735.7646625047,845561.6328643855,7910908.748027031,5386943.912532757
S3,2038,gastric_cancer,direct_medical,avoided_incident_case_first_year,4323.522765762027,64762.28390756019,31395.4919125426,119011.97726255516,CHINA_GASTRIC_NEW_DIAGNOSIS_COURSE,Event-specific first-year cost; no annual patient-year cost added for the same outcome,280001208.83708024,190667198.35731933,135739124.02617553,92431738.39512435,514550993.09300995,350384188.2415053
S3,2038,oesophageal_cancer,direct_medical,avoided_incident_case_first_year,2118.0178484507996,68356.63525540795,29827.5487154762,135047.26753332303,CHINA_OESOPHAGEAL_NEW_DIAGNOSIS_DERIVED,Event-specific first-year cost; no annual patient-year cost added for the same outcome,144780573.53099522,98588525.55091196,63175280.55491432,43019291.94831383,286032523.0200884,194774229.83215857
S3,2038,renal_cancer,direct_medical,avoided_incident_case_first_year,588.7551066078861,13135.225379367826,4654.616770652017,29653.851952691733,INTERNATIONAL_PROXY_RENAL,Event-specific first-year cost; no annual patient-year cost added for the same outcome,7733431.018548315,5266090.214825279,2740429.3930240828,1866099.0673364392,17458856.767741494,11888631.910742525
S3,2038,stroke,direct_medical,avoided_incident_case_first_year,28927.552946720345,29612.850356671155,4730.172689851648,100820.84684525008,CHINA_FIRST_ISCHAEMIC_STROKE_ONE_YEAR,Event-specific first-year cost; no annual patient-year cost added for the same outcome,856627296.5959113,583321505.4917189,136832320.93281415,93176152.2935763,2916500385.2491546,1985994845.4260302
S3,2039,bladder_cancer,direct_medical,avoided_incident_case_first_year,450.43112984074065,17917.502226658013,6349.271058827539,40450.2353820222,INTERNATIONAL_PROXY_BLADDER,Event-specific first-year cost; no annual patient-year cost added for the same outcome,8070600.771877555,5335617.873941742,2859909.336692804,1890736.9855145286,18220045.22544816,12045596.321364293
S3,2039,breast_cancer,direct_medical,avoided_incident_case_first_year,1060.804820647755,53995.542586727424,26175.98574835096,99226.21468667472,CHINA_BREAST_NEW_DIAGNOSIS_COURSE,Event-specific first-year cost; no annual patient-year cost added for the same outcome,57278731.8694916,37867989.53363129,27767611.86705763,18357662.630372185,105259646.8742536,69589026.78274919
S3,2039,colon_cancer,direct_medical,avoided_incident_case_first_year,3230.5558927826637,72296.25822013385,35047.815693114135,132856.9673630357,CHINA_CRC_NEW_DIAGNOSIS_COURSE,Event-specific first-year cost; no annual patient-year cost added for the same outcome,233557103.01919052,154408759.48140037,113223927.51655059,74854354.52590828,429201858.81188905,283752991.15098876
S3,2039,coronary_heart_disease,direct_medical,avoided_incident_case_first_year,15760.453669257196,21846.326995845397,8586.27962692537,46223.917226713966,CHINA_INCIDENT_MI_IMMEDIATE_PROXY,Event-specific first-year cost; no annual patient-year cost added for the same outcome,344308024.4614641,227628165.65770653,135323662.25144428,89464882.66301471,728509905.8632051,481630870.4814108
S3,2039,endometrial_cancer,direct_medical,avoided_incident_case_first_year,157.66204065117918,22329.17043600619,7912.595953582618,50409.93932055516,INTERNATIONAL_PROXY_ENDOMETRIAL,Event-specific first-year cost; no annual patient-year cost added for the same outcome,3520462.576988716,2327440.494365341,1247516.0248900985,824755.0570989075,7947733.902380844,5254388.398772273
S3,2039,gastric_cancer,direct_medical,avoided_incident_case_first_year,4420.923608875447,64762.28390756019,31395.4919125426,119011.97726255516,CHINA_GASTRIC_NEW_DIAGNOSIS_COURSE,Event-specific first-year cost; no annual patient-year cost added for the same outcome,286309109.89162725,189284050.51743445,138797071.40841773,91761215.30358331,526142860.018978,347842413.1628795
S3,2039,oesophageal_cancer,direct_medical,avoided_incident_case_first_year,2172.03109124246,68356.63525540795,29827.5487154762,135047.26753332303,CHINA_OESOPHAGEAL_NEW_DIAGNOSIS_DERIVED,Event-specific first-year cost; no annual patient-year cost added for the same outcome,148472737.06746656,98157970.15392822,64786363.185563415,42831418.276207834,293326863.8697161,193923612.62920344
S3,2039,renal_cancer,direct_medical,avoided_incident_case_first_year,599.8663871947742,13135.225379367826,4654.616770652017,29653.851952691733,INTERNATIONAL_PROXY_RENAL,Event-specific first-year cost; no annual patient-year cost added for the same outcome,7879380.193310486,5209198.544612114,2792148.1459872327,1845938.8557956042,17788349.03726989,11760194.284655612
S3,2039,stroke,direct_medical,avoided_incident_case_first_year,29755.124297603114,29612.850356671155,4730.172689851648,100820.84684525008,CHINA_FIRST_ISCHAEMIC_STROKE_ONE_YEAR,Event-specific first-year cost; no annual patient-year cost added for the same outcome,881134043.169071,582533405.2520244,140746876.33566344,93050266.05885832,2999936829.670023,1983311654.4259095
S3,2040,bladder_cancer,direct_medical,avoided_incident_case_first_year,462.7443017421579,17917.502226658013,6349.271058827539,40450.2353820222,INTERNATIONAL_PROXY_BLADDER,Event-specific first-year cost; no annual patient-year cost added for the same outcome,8291222.056838422,5321819.935700926,2938089.002688841,1885847.5288907387,18718115.927159794,12014446.340604298
S3,2040,breast_cancer,direct_medical,avoided_incident_case_first_year,1064.9394803926898,53995.542586727424,26175.98574835096,99226.21468667472,CHINA_BREAST_NEW_DIAGNOSIS_COURSE,Event-specific first-year cost; no annual patient-year cost added for the same outcome,57501985.06583086,36908336.11353116,27875840.661615323,17892441.37238501,105669913.50976086,67825496.46661781
S3,2040,colon_cancer,direct_medical,avoided_incident_case_first_year,3303.163530317889,72296.25822013385,35047.815693114135,132856.9673630357,CHINA_CRC_NEW_DIAGNOSIS_COURSE,Event-specific first-year cost; no annual patient-year cost added for the same outcome,238806363.53119105,153280717.54685873,115768666.6147976,74307501.80089533,438848289.34221363,281680017.60891134
S3,2040,coronary_heart_disease,direct_medical,avoided_incident_case_first_year,16306.71845284417,21846.326995845397,8586.27962692537,46223.917226713966,CHINA_INCIDENT_MI_IMMEDIATE_PROXY,Event-specific first-year cost; no annual patient-year cost added for the same outcome,356241903.55001986,228658121.95692933,140014044.4336639,89869687.22308204,753760404.0035981,483810120.78428596
S3,2040,endometrial_cancer,direct_medical,avoided_incident_case_first_year,158.83069218061274,22329.17043600619,7912.595953582618,50409.93932055516,INTERNATIONAL_PROXY_ENDOMETRIAL,Event-specific first-year cost; no annual patient-year cost added for the same outcome,3546557.596169737,2276400.365232128,1256763.0922530426,806668.4058098583,8006645.555066464,5139161.108090231
S3,2040,gastric_cancer,direct_medical,avoided_incident_case_first_year,4525.4096264591835,64762.28390756019,31395.4919125426,119011.97726255516,CHINA_GASTRIC_NEW_DIAGNOSIS_COURSE,Event-specific first-year cost; no annual patient-year cost added for the same outcome,293075863.0267556,188114244.17732695,142077461.3284417,91194116.0094554,538577947.5679085,345692690.2508649
S3,2040,oesophageal_cancer,direct_medical,avoided_incident_case_first_year,2229.322436890422,68356.63525540795,29827.5487154762,135047.26753332303,CHINA_OESOPHAGEAL_NEW_DIAGNOSIS_DERIVED,Event-specific first-year cost; no annual patient-year cost added for the same outcome,152388980.6852158,97812687.90441337,66495223.58885318,42680753.705321446,301063903.55278045,193241463.42524517
S3,2040,renal_cancer,direct_medical,avoided_incident_case_first_year,608.9824585987384,13135.225379367826,4654.616770652017,29653.851952691733,INTERNATIONAL_PROXY_RENAL,Event-specific first-year cost; no annual patient-year cost added for the same outcome,7999121.845775966,5134331.925393386,2834579.9648265857,1819409.0162753111,18058675.669073213,11591176.732357051
S3,2040,stroke,direct_medical,avoided_incident_case_first_year,30562.067181028135,29612.850356671155,4730.172689851648,100820.84684525008,CHINA_FIRST_ISCHAEMIC_STROKE_ONE_YEAR,Event-specific first-year cost; no annual patient-year cost added for the same outcome,905029922.0223168,580904268.2015436,144563855.52511063,92790037.83052522,3081293494.5326815,1977765042.9015834
S3,2041,bladder_cancer,direct_medical,avoided_incident_case_first_year,474.5266365679806,17917.502226658013,6349.271058827539,40450.2353820222,INTERNATIONAL_PROXY_BLADDER,Event-specific first-year cost; no annual patient-year cost added for the same outcome,8502332.067315329,5298372.250621918,3012898.2402038528,1877538.5745295025,19194714.144214116,11961511.26245494
S3,2041,breast_cancer,direct_medical,avoided_incident_case_first_year,1069.8874911123426,53995.542586727424,26175.98574835096,99226.21468667472,CHINA_BREAST_NEW_DIAGNOSIS_COURSE,Event-specific first-year cost; no annual patient-year cost added for the same outcome,57769155.58936345,35999827.869954154,28005359.719695643,17452014.298281003,106160885.8837011,66155954.321041815
S3,2041,colon_cancer,direct_medical,avoided_incident_case_first_year,3373.22560152228,72296.25822013385,35047.815693114135,132856.9673630357,CHINA_CRC_NEW_DIAGNOSIS_COURSE,Event-specific first-year cost; no annual patient-year cost added for the same outcome,243871589.12242112,151972711.7561644,118224189.17344694,73673406.10899666,448156523.6496021,279276329.13424915
S3,2041,coronary_heart_disease,direct_medical,avoided_incident_case_first_year,16822.71357306284,21846.326995845397,8586.27962692537,46223.917226713966,CHINA_INCIDENT_MI_IMMEDIATE_PROXY,Event-specific first-year cost; no annual patient-year cost added for the same outcome,367514501.6745775,229022887.12755188,144444522.82199037,90013051.17408964,777611719.7299743,484581915.28581715
S3,2041,endometrial_cancer,direct_medical,avoided_incident_case_first_year,160.02194250839625,22329.17043600619,7912.595953582618,50409.93932055516,INTERNATIONAL_PROXY_ENDOMETRIAL,Event-specific first-year cost; no annual patient-year cost added for the same outcome,3573157.2277707634,2226673.452982134,1266188.9747763665,789047.1078856423,8066696.411805621,5026898.512562784
S3,2041,gastric_cancer,direct_medical,avoided_incident_case_first_year,4625.985588276999,64762.28390756019,31395.4919125426,119011.97726255516,CHINA_GASTRIC_NEW_DIAGNOSIS_COURSE,Event-specific first-year cost; no annual patient-year cost added for the same outcome,299589392.02027684,186694204.44809076,145235093.12428913,90505708.44961147,550547691.6489301,343083119.89956284
S3,2041,oesophageal_cancer,direct_medical,avoided_incident_case_first_year,2284.2193943975403,68356.63525540795,29827.5487154762,135047.26753332303,CHINA_OESOPHAGEAL_NEW_DIAGNOSIS_DERIVED,Event-specific first-year cost; no annual patient-year cost added for the same outcome,156141551.9861615,97302253.03629456,68132665.26322818,42458024.472994484,308477587.66000974,192233034.12009266
S3,2041,renal_cancer,direct_medical,avoided_incident_case_first_year,617.738886777219,13135.225379367826,4654.616770652017,29653.851952691733,INTERNATIONAL_PROXY_RENAL,Event-specific first-year cost; no annual patient-year cost added for the same outcome,8114139.5034185555,5056463.4787503565,2875337.7822771515,1791815.445005603,18318337.493912254,11415382.307682352
S3,2041,stroke,direct_medical,avoided_incident_case_first_year,31327.48971530354,29612.850356671155,4730.172689851648,100820.84684525008,CHINA_FIRST_ISCHAEMIC_STROKE_ONE_YEAR,Event-specific first-year cost; no annual patient-year cost added for the same outcome,927696264.9894384,578109641.9794,148184436.2929372,92343641.60472764,3158464042.6327653,1968250370.0842478
S3,2042,bladder_cancer,direct_medical,avoided_incident_case_first_year,485.2946804670723,17917.502226658013,6349.271058827539,40450.2353820222,INTERNATIONAL_PROXY_BLADDER,Event-specific first-year cost; no annual patient-year cost added for the same outcome,8695268.517854057,5260780.45433799,3081267.46969254,1864217.4932104906,19630284.054536324,11876644.689598843
S3,2042,breast_cancer,direct_medical,avoided_incident_case_first_year,1075.5719581984642,53995.542586727424,26175.98574835096,99226.21468667472,CHINA_BREAST_NEW_DIAGNOSIS_COURSE,Event-specific first-year cost; no annual patient-year cost added for the same outcome,58076091.473994985,35136990.452152245,28154156.249128934,17033727.54960633,106724934.03516795,64570340.27297492
S3,2042,colon_cancer,direct_medical,avoided_incident_case_first_year,3438.3264071595927,72296.25822013385,35047.815693114135,132856.9673630357,CHINA_CRC_NEW_DIAGNOSIS_COURSE,Event-specific first-year cost; no annual patient-year cost added for the same outcome,248578133.777115,150393859.01255608,120505830.21089672,72908009.09777014,456805619.2594659,276374912.20628166
S3,2042,coronary_heart_disease,direct_medical,avoided_incident_case_first_year,17279.568154087225,21846.326995845397,8586.27962692537,46223.917226713966,CHINA_INCIDENT_MI_IMMEDIATE_PROXY,Event-specific first-year cost; no annual patient-year cost added for the same outcome,377495096.24118614,228390741.45167214,148367204.00350755,89764598.44612819,798729328.0678905,483244379.2596171
S3,2042,endometrial_cancer,direct_medical,avoided_incident_case_first_year,161.11892096042735,22329.17043600619,7912.595953582618,50409.93932055516,INTERNATIONAL_PROXY_ENDOMETRIAL,Event-specific first-year cost; no annual patient-year cost added for the same outcome,3597651.8465907923,2176638.533611238,1274868.922037075,771316.6641288254,8121995.029008466,4913940.565619598
S3,2042,gastric_cancer,direct_medical,avoided_incident_case_first_year,4718.895235420675,64762.28390756019,31395.4919125426,119011.97726255516,CHINA_GASTRIC_NEW_DIAGNOSIS_COURSE,Event-specific first-year cost; no annual patient-year cost added for the same outcome,305606432.9663468,184896917.90059733,148152037.1997856,89634418.99127655,561605052.4622653,339780292.8091858
S3,2042,oesophageal_cancer,direct_medical,avoided_incident_case_first_year,2334.459232318365,68356.63525540795,29827.5487154762,135047.26753332303,CHINA_OESOPHAGEAL_NEW_DIAGNOSIS_DERIVED,Event-specific first-year cost; no annual patient-year cost added for the same outcome,159575778.26220614,96545970.20711319,69631196.47626922,42128019.01199133,315262340.49253416,190738900.753497
S3,2042,renal_cancer,direct_medical,avoided_incident_case_first_year,626.0109098457591,13135.225379367826,4654.616770652017,29653.851952691733,INTERNATIONAL_PROXY_RENAL,Event-specific first-year cost; no annual patient-year cost added for the same outcome,8222794.390767159,4974925.837214264,2913840.8795791985,1762921.6527202076,18563634.841335993,11231304.373665258
S3,2042,stroke,direct_medical,avoided_incident_case_first_year,32017.762321240993,29612.850356671155,4730.172689851648,100820.84684525008,CHINA_FIRST_ISCHAEMIC_STROKE_ONE_YEAR,Event-specific first-year cost; no annual patient-year cost added for the same outcome,948137204.3743736,573638601.5637805,151449544.92209527,91629465.39357404,3228057911.3174567,1953028124.486382
S3,2043,bladder_cancer,direct_medical,avoided_incident_case_first_year,495.0239036751765,17917.502226658013,6349.271058827539,40450.2353820222,INTERNATIONAL_PROXY_BLADDER,Event-specific first-year cost; no annual patient-year cost added for the same outcome,8869591.896348916,5209950.451672428,3143040.945032629,1846205.3026293502,20023833.423388373,11761891.776705012
S3,2043,breast_cancer,direct_medical,avoided_incident_case_first_year,1080.9595876351605,53995.542586727424,26175.98574835096,99226.21468667472,CHINA_BREAST_NEW_DIAGNOSIS_COURSE,Event-specific first-year cost; no annual patient-year cost added for the same outcome,58366999.44868562,34284460.73890045,28295182.76048129,16620437.775023902,107259528.11030582,63003668.427460685
S3,2043,colon_cancer,direct_medical,avoided_incident_case_first_year,3497.307956590883,72296.25822013385,35047.815693114135,132856.9673630357,CHINA_CRC_NEW_DIAGNOSIS_COURSE,Event-specific first-year cost; no annual patient-year cost added for the same outcome,252842279.10502315,148518191.3237016,122573004.68465887,71998721.99109393,464641729.0472801,272928046.11587805
S3,2043,coronary_heart_disease,direct_medical,avoided_incident_case_first_year,17688.742131738858,21846.326995845397,8586.27962692537,46223.917226713966,CHINA_INCIDENT_MI_IMMEDIATE_PROXY,Event-specific first-year cost; no annual patient-year cost added for the same outcome,386434044.7551545,226989274.08852684,151880486.1916858,89213778.59113546,817642952.142185,480279061.0437774
S3,2043,endometrial_cancer,direct_medical,avoided_incident_case_first_year,162.13665588744436,22329.17043600619,7912.595953582618,50409.93932055516,INTERNATIONAL_PROXY_ENDOMETRIAL,Event-specific first-year cost; no annual patient-year cost added for the same outcome,3620377.023234831,2126589.940986028,1282921.8473024096,753581.3750985549,8173298.984923803,4800951.750179876
S3,2043,gastric_cancer,direct_medical,avoided_incident_case_first_year,4803.008568461056,64762.28390756019,31395.4919125426,119011.97726255516,CHINA_GASTRIC_NEW_DIAGNOSIS_COURSE,Event-specific first-year cost; no annual patient-year cost added for the same outcome,311053804.5211191,182711327.45423454,150792816.6669919,88574887.37746169,571615546.5415448,335763889.66813743
S3,2043,oesophageal_cancer,direct_medical,avoided_incident_case_first_year,2379.8921959835125,68356.63525540795,29827.5487154762,135047.26753332303,CHINA_OESOPHAGEAL_NEW_DIAGNOSIS_DERIVED,Event-specific first-year cost; no annual patient-year cost added for the same outcome,162681422.78803682,95558190.50503741,70986350.41327985,41696999.447120436,321397938.0914531,188787415.73391128
S3,2043,renal_cancer,direct_medical,avoided_incident_case_first_year,633.4646229413028,13135.225379367826,4654.616770652017,29653.851952691733,INTERNATIONAL_PROXY_RENAL,Event-specific first-year cost; no annual patient-year cost added for the same outcome,8320700.59219027,4887534.659442171,2948535.0575573444,1731953.5931767486,18784666.145969085,11034011.600014372
S3,2043,stroke,direct_medical,avoided_incident_case_first_year,32636.871935226805,29612.850356671155,4730.172689851648,100820.84684525008,CHINA_FIRST_ISCHAEMIC_STROKE_ONE_YEAR,Event-specific first-year cost; no annual patient-year cost added for the same outcome,966470804.7277119,567699739.1156269,154378040.31019554,90680828.41257791,3290477066.8895426,1932808485.5759583
S3,2044,bladder_cancer,direct_medical,avoided_incident_case_first_year,503.35460566367203,17917.502226658013,6349.271058827539,40450.2353820222,INTERNATIONAL_PROXY_BLADDER,Event-specific first-year cost; no annual patient-year cost added for the same outcome,9018857.26777741,5143328.2776246285,3195934.830067901,1822596.9761892667,20360812.279720496,11611486.737665245
S3,2044,breast_cancer,direct_medical,avoided_incident_case_first_year,1085.2387778173115,53995.542586727424,26175.98574835096,99226.21468667472,CHINA_BREAST_NEW_DIAGNOSIS_COURSE,Event-specific first-year cost; no annual patient-year cost added for the same outcome,58598056.64440267,33417652.902636494,28407194.78170376,16200226.244930273,107684135.95400505,61410758.04388465
S3,2044,colon_cancer,direct_medical,avoided_incident_case_first_year,3548.118910956232,72296.25822013385,35047.815693114135,132856.9673630357,CHINA_CRC_NEW_DIAGNOSIS_COURSE,Event-specific first-year cost; no annual patient-year cost added for the same outcome,256515720.98223186,146287331.33375323,124353817.64844686,70917244.58562735,471392318.35308194,268828452.30324095
S3,2044,coronary_heart_disease,direct_medical,avoided_incident_case_first_year,18031.743512692992,21846.326995845397,8586.27962692537,46223.917226713966,CHINA_INCIDENT_MI_IMMEDIATE_PROXY,Event-specific first-year cost; no annual patient-year cost added for the same outcome,393927365.08350503,224651271.88596255,154825591.96097955,88294871.68823127,833497819.5840575,475332159.8869945
S3,2044,endometrial_cancer,direct_medical,avoided_incident_case_first_year,162.9759348747179,22329.17043600619,7912.595953582618,50409.93932055516,INTERNATIONAL_PROXY_ENDOMETRIAL,Event-specific first-year cost; no annual patient-year cost added for the same outcome,3639117.4267850206,2075337.8184232642,1289562.722821037,735419.6015223764,8215606.9877452785,4685245.866889539
S3,2044,gastric_cancer,direct_medical,avoided_incident_case_first_year,4875.279410295285,64762.28390756019,31395.4919125426,119011.97726255516,CHINA_GASTRIC_NEW_DIAGNOSIS_COURSE,Event-specific first-year cost; no annual patient-year cost added for the same outcome,315734229.2982258,180058819.15501034,153061795.29731107,87289003.09680365,580216642.3266658,330889443.64262974
S3,2044,oesophageal_cancer,direct_medical,avoided_incident_case_first_year,2418.9233365670057,68356.63525540795,29827.5487154762,135047.26753332303,CHINA_OESOPHAGEAL_NEW_DIAGNOSIS_DERIVED,Event-specific first-year cost; no annual patient-year cost added for the same outcome,165349460.2285052,94296486.70921057,72150553.6604546,41146452.579301216,326668986.9759628,186294758.66519818
S3,2044,renal_cancer,direct_medical,avoided_incident_case_first_year,639.842623485371,13135.225379367826,4654.616770652017,29653.851952691733,INTERNATIONAL_PROXY_RENAL,Event-specific first-year cost; no annual patient-year cost added for the same outcome,8404477.066806337,4792955.833860924,2978222.205852992,1698438.5087389485,18973798.429857068,10820492.12009352
S3,2044,stroke,direct_medical,avoided_incident_case_first_year,33161.737421258935,29612.850356671155,4730.172689851648,100820.84684525008,CHINA_FIRST_ISCHAEMIC_STROKE_ONE_YEAR,Event-specific first-year cost; no annual patient-year cost added for the same outcome,982013567.8229629,560028615.8691599,156860744.69807044,89455490.85662225,3343394449.6711454,1906691136.7679987
S3,2045,bladder_cancer,direct_medical,avoided_incident_case_first_year,510.098206202045,17917.502226658013,6349.271058827539,40450.2353820222,INTERNATIONAL_PROXY_BLADDER,Event-specific first-year cost; no annual patient-year cost added for the same outcome,9139685.745439399,5060422.39813225,3238751.7777984864,1793218.3331949087,20633592.508820016,11424319.893894425
S3,2045,breast_cancer,direct_medical,avoided_incident_case_first_year,1088.7969087808567,53995.542586727424,26175.98574835096,99226.21468667472,CHINA_BREAST_NEW_DIAGNOSIS_COURSE,Event-specific first-year cost; no annual patient-year cost added for the same outcome,58790179.85637392,32550697.17072808,28500332.367096283,15779943.017913233,108037195.82087708,59817575.87630082
S3,2045,colon_cancer,direct_medical,avoided_incident_case_first_year,3590.965843480742,72296.25822013385,35047.815693114135,132856.9673630357,CHINA_CRC_NEW_DIAGNOSIS_COURSE,Event-specific first-year cost; no annual patient-year cost added for the same outcome,259613393.8799645,143741641.65336326,125855509.04258119,69683143.88765618,477084831.86909693,264150304.09598282
S3,2045,coronary_heart_disease,direct_medical,avoided_incident_case_first_year,18283.17491742653,21846.326995845397,8586.27962692537,46223.917226713966,CHINA_INCIDENT_MI_IMMEDIATE_PROXY,Event-specific first-year cost; no annual patient-year cost added for the same outcome,399420217.7683387,221149290.31015489,156984452.30901235,86918485.02772108,845119964.0246569,467922433.4592798
S3,2045,endometrial_cancer,direct_medical,avoided_incident_case_first_year,163.6291708731228,22329.17043600619,7912.595953582618,50409.93932055516,INTERNATIONAL_PROXY_ENDOMETRIAL,Event-specific first-year cost; no annual patient-year cost added for the same outcome,3653703.644728339,2022967.121068322,1294731.5153387503,716861.4482239983,8248536.574786873,4567014.708978686
S3,2045,gastric_cancer,direct_medical,avoided_incident_case_first_year,4935.4598921668785,64762.28390756019,31395.4919125426,119011.97726255516,CHINA_GASTRIC_NEW_DIAGNOSIS_COURSE,Event-specific first-year cost; no annual patient-year cost added for the same outcome,319631654.75088775,176972297.50602385,154951191.1292036,85792717.61053266,587378840.4668175,325217422.48855984
S3,2045,oesophageal_cancer,direct_medical,avoided_incident_case_first_year,2450.975358002282,68356.63525540795,29827.5487154762,135047.26753332303,CHINA_OESOPHAGEAL_NEW_DIAGNOSIS_DERIVED,Event-specific first-year cost; no annual patient-year cost added for the same outcome,167540428.5669549,92763073.14351046,73106586.89124478,40477344.63299875,330997524.8897164,183265304.22712374
S3,2045,renal_cancer,direct_medical,avoided_incident_case_first_year,645.3802191022799,13135.225379367826,4654.616770652017,29653.851952691733,INTERNATIONAL_PROXY_RENAL,Event-specific first-year cost; no annual patient-year cost added for the same outcome,8477214.633294234,4693628.205488616,3003997.591280545,1663240.631926188,19138009.47045476,10596251.827179251
S3,2045,stroke,direct_medical,avoided_incident_case_first_year,33574.2725666365,29612.850356671155,4730.172689851648,100820.84684525008,CHINA_FIRST_ISCHAEMIC_STROKE_ONE_YEAR,Event-specific first-year cost; no annual patient-year cost added for the same outcome,994229909.3498963,550480994.8939148,158812107.17633936,87930413.21478067,3384986592.38154,1874185004.4474795
S3,2046,bladder_cancer,direct_medical,avoided_incident_case_first_year,515.3260368352314,17917.502226658013,6349.271058827539,40450.2353820222,INTERNATIONAL_PROXY_BLADDER,Event-specific first-year cost; no annual patient-year cost added for the same outcome,9233355.412450109,4963383.516173581,3271944.691538229,1758831.4997508763,20845059.488469753,11205246.63430825
S3,2046,breast_cancer,direct_medical,avoided_incident_case_first_year,1090.4744784815202,53995.542586727424,26175.98574835096,99226.21468667472,CHINA_BREAST_NEW_DIAGNOSIS_COURSE,Event-specific first-year cost; no annual patient-year cost added for the same outcome,58880761.1425883,31651310.517172813,28544244.40767272,15343937.91271578,108203654.71214698,58164796.24122884
S3,2046,colon_cancer,direct_medical,avoided_incident_case_first_year,3624.459256034009,72296.25822013385,35047.815693114135,132856.9673630357,CHINA_CRC_NEW_DIAGNOSIS_COURSE,Event-specific first-year cost; no annual patient-year cost added for the same outcome,262034842.28258893,140856639.73195112,127029379.99268152,68284551.23424312,481534665.08756304,258848610.54293248
S3,2046,coronary_heart_disease,direct_medical,avoided_incident_case_first_year,18457.580370145413,21846.326995845397,8586.27962692537,46223.917226713966,CHINA_INCIDENT_MI_IMMEDIATE_PROXY,Event-specific first-year cost; no annual patient-year cost added for the same outcome,403230336.3182938,216756175.31246665,158481946.2945172,85191855.47527666,853181667.2350221,458627187.44107294
S3,2046,endometrial_cancer,direct_medical,avoided_incident_case_first_year,163.78274406112652,22329.17043600619,7912.595953582618,50409.93932055516,INTERNATIONAL_PROXY_ENDOMETRIAL,Event-specific first-year cost; no annual patient-year cost added for the same outcome,3657132.8066176744,1965889.0921006089,1295946.6779247273,696635.1983351924,8256278.189875404,4438156.36267131
S3,2046,gastric_cancer,direct_medical,avoided_incident_case_first_year,4982.523991650914,64762.28390756019,31395.4919125426,119011.97726255516,CHINA_GASTRIC_NEW_DIAGNOSIS_COURSE,Event-specific first-year cost; no annual patient-year cost added for the same outcome,322679633.3235265,173456203.24366352,156428791.68392572,84088183.70102386,592980032.0044941,318755986.83254856
S3,2046,oesophageal_cancer,direct_medical,avoided_incident_case_first_year,2475.7037093413887,68356.63525540795,29827.5487154762,135047.26753332303,CHINA_OESOPHAGEAL_NEW_DIAGNOSIS_DERIVED,Event-specific first-year cost; no annual patient-year cost added for the same outcome,169230775.4599098,90969880.81000368,73844172.99546541,39694881.72381599,334337021.1686667,179722623.63880974
S3,2046,renal_cancer,direct_medical,avoided_incident_case_first_year,649.8465889811424,13135.225379367826,4654.616770652017,29653.851952691733,INTERNATIONAL_PROXY_RENAL,Event-specific first-year cost; no annual patient-year cost added for the same outcome,8535881.408280713,4588456.870266927,3024786.831422634,1625971.9710105048,19270454.541608512,10358818.885280164
S3,2046,stroke,direct_medical,avoided_incident_case_first_year,33881.58643227254,29612.850356671155,4730.172689851648,100820.84684525008,CHINA_FIRST_ISCHAEMIC_STROKE_ONE_YEAR,Event-specific first-year cost; no annual patient-year cost added for the same outcome,1003330348.8655064,539339502.5302402,160265754.8307837,86150740.46230713,3415970236.562253,1836252327.1909485
S3,2047,bladder_cancer,direct_medical,avoided_incident_case_first_year,519.2982448018117,17917.502226658013,6349.271058827539,40450.2353820222,INTERNATIONAL_PROXY_BLADDER,Event-specific first-year cost; no annual patient-year cost added for the same outcome,9304527.45753606,4855963.104344175,3297165.3166200817,1720765.8529141748,21005736.23570427,10962736.21693164
S3,2047,breast_cancer,direct_medical,avoided_incident_case_first_year,1089.8945267866616,53995.542586727424,26175.98574835096,99226.21468667472,CHINA_BREAST_NEW_DIAGNOSIS_COURSE,Event-specific first-year cost; no annual patient-year cost added for the same outcome,58849446.33615032,30713084.72392897,28529063.600373365,14889104.350237181,108146108.30076504,56440642.92180516
S3,2047,colon_cancer,direct_medical,avoided_incident_case_first_year,3649.3106446339666,72296.25822013385,35047.815693114135,132856.9673630357,CHINA_CRC_NEW_DIAGNOSIS_COURSE,Event-specific first-year cost; no annual patient-year cost added for the same outcome,263831504.68994036,137691683.79424843,127900366.8800508,66750242.33482986,484836345.21171373,253032452.72131363
S3,2047,coronary_heart_disease,direct_medical,avoided_incident_case_first_year,18570.094267550514,21846.326995845397,8586.27962692537,46223.917226713966,CHINA_INCIDENT_MI_IMMEDIATE_PROXY,Event-specific first-year cost; no annual patient-year cost added for the same outcome,405688351.71258265,211725708.4542135,159448022.0795526,83214727.00387934,858382500.3155304,447983389.80351853
S3,2047,endometrial_cancer,direct_medical,avoided_incident_case_first_year,163.30011674683846,22329.17043600619,7912.595953582618,50409.93932055516,INTERNATIONAL_PROXY_ENDOMETRIAL,Event-specific first-year cost; no annual patient-year cost added for the same outcome,3646356.1390598645,1903005.9245225198,1292127.842990603,674351.831438386,8231948.9762477,4296192.438351748
S3,2047,gastric_cancer,direct_medical,avoided_incident_case_first_year,5017.873412734721,64762.28390756019,31395.4919125426,119011.97726255516,CHINA_GASTRIC_NEW_DIAGNOSIS_COURSE,Event-specific first-year cost; no annual patient-year cost added for the same outcome,324968942.56772393,169598854.1458386,157538604.14767545,82218216.10418193,597187036.5027646,311667435.9750874
S3,2047,oesophageal_cancer,direct_medical,avoided_incident_case_first_year,2493.929859126815,68356.63525540795,29827.5487154762,135047.26753332303,CHINA_OESOPHAGEAL_NEW_DIAGNOSIS_DERIVED,Event-specific first-year cost; no annual patient-year cost added for the same outcome,170476653.73290262,88970487.15875903,74387814.36608577,38822442.47470599,336798412.89484155,175772565.99897432
S3,2047,renal_cancer,direct_medical,avoided_incident_case_first_year,653.4186187261677,13135.225379367826,4654.616770652017,29653.851952691733,INTERNATIONAL_PROXY_RENAL,Event-specific first-year cost; no annual patient-year cost added for the same outcome,8582800.824043427,4479299.386637135,3041413.2609790964,1587290.7729898388,19376378.9828381,10112386.885402136
S3,2047,stroke,direct_medical,avoided_incident_case_first_year,34101.805767746155,29612.850356671155,4730.172689851648,100820.84684525008,CHINA_FIRST_ISCHAEMIC_STROKE_ONE_YEAR,Event-specific first-year cost; no annual patient-year cost added for the same outcome,1009851671.0925322,527034014.14693934,161307430.31721827,84185138.21919636,3438172936.456401,1794356672.2740521
S3,2048,bladder_cancer,direct_medical,avoided_incident_case_first_year,522.2926756730724,17917.502226658013,6349.271058827539,40450.2353820222,INTERNATIONAL_PROXY_BLADDER,Event-specific first-year cost; no annual patient-year cost added for the same outcome,9358180.179339446,4741712.677189613,3316177.7698886367,1680279.9123285573,21126861.669281956,10704806.478040762
S3,2048,breast_cancer,direct_medical,avoided_incident_case_first_year,1088.468388383581,53995.542586727424,26175.98574835096,99226.21468667472,CHINA_BREAST_NEW_DIAGNOSIS_COURSE,Event-specific first-year cost; no annual patient-year cost added for the same outcome,58772441.21927221,29779511.000874463,28491733.02185915,14436526.020637868,108004597.98540805,54725038.59167264
S3,2048,colon_cancer,direct_medical,avoided_incident_case_first_year,3667.953551348463,72296.25822013385,35047.815693114135,132856.9673630357,CHINA_CRC_NEW_DIAGNOSIS_COURSE,Event-specific first-year cost; no annual patient-year cost added for the same outcome,265179317.08774546,134364171.82258204,128553760.03856438,65137129.44115154,487313185.2606337,246917569.87255397
S3,2048,coronary_heart_disease,direct_medical,avoided_incident_case_first_year,18638.91194420019,21846.326995845397,8586.27962692537,46223.917226713966,CHINA_INCIDENT_MI_IMMEDIATE_PROXY,Event-specific first-year cost; no annual patient-year cost added for the same outcome,407191765.1797658,206320707.445109,160038909.89454204,81090395.07124779,861563522.9047198,436547127.8038394
S3,2048,endometrial_cancer,direct_medical,avoided_incident_case_first_year,162.60611025171139,22329.17043600619,7912.595953582618,50409.93932055516,INTERNATIONAL_PROXY_ENDOMETRIAL,Event-specific first-year cost; no annual patient-year cost added for the same outcome,3630859.5497464766,1839726.5735636945,1286636.4500055006,651928.0724466619,8196964.150940273,4153334.097455451
S3,2048,gastric_cancer,direct_medical,avoided_incident_case_first_year,5044.622216229195,64762.28390756019,31395.4919125426,119011.97726255516,CHINA_GASTRIC_NEW_DIAGNOSIS_COURSE,Event-specific first-year cost; no annual patient-year cost added for the same outcome,326701256.1738206,165536830.70489058,158378395.99145642,80249026.37840152,600370464.4960495,304202760.36105096
S3,2048,oesophageal_cancer,direct_medical,avoided_incident_case_first_year,2507.4537313859482,68356.63525540795,29827.5487154762,135047.26753332303,CHINA_OESOPHAGEAL_NEW_DIAGNOSIS_DERIVED,Event-specific first-year cost; no annual patient-year cost added for the same outcome,171401100.1361609,86847523.11076447,74791198.32471696,37896083.04630285,338624774.88990724,171578379.2505787
S3,2048,renal_cancer,direct_medical,avoided_incident_case_first_year,656.1497932340039,13135.225379367826,4654.616770652017,29653.851952691733,INTERNATIONAL_PROXY_RENAL,Event-specific first-year cost; no annual patient-year cost added for the same outcome,8618675.41675424,4367011.716063229,3054125.8316468485,1547500.3575614356,19457368.827350445,9858888.230971625
S3,2048,stroke,direct_medical,avoided_incident_case_first_year,34255.3623399595,29612.850356671155,4730.172689851648,100820.84684525008,CHINA_FIRST_ISCHAEMIC_STROKE_ONE_YEAR,Event-specific first-year cost; no annual patient-year cost added for the same outcome,1014398918.8867694,513987561.81592876,162033779.4214491,82101178.99972545,3453654640.105604,1749938308.0674348
S3,2049,bladder_cancer,direct_medical,avoided_incident_case_first_year,525.306066704218,17917.502226658013,6349.271058827539,40450.2353820222,INTERNATIONAL_PROXY_BLADDER,Event-specific first-year cost; no annual patient-year cost added for the same outcome,9412172.619849788,4630165.243955131,3335310.6063516196,1640751.8084353453,21248754.04578987,10452978.970304668
S3,2049,breast_cancer,direct_medical,avoided_incident_case_first_year,1086.6957187276182,53995.542586727424,26175.98574835096,99226.21468667472,CHINA_BREAST_NEW_DIAGNOSIS_COURSE,Event-specific first-year cost; no annual patient-year cost added for the same outcome,58676724.95937148,28865060.54542933,28445331.646208137,13993218.278135642,107828702.68555693,53044576.59674806
S3,2049,colon_cancer,direct_medical,avoided_incident_case_first_year,3685.8078605078717,72296.25822013385,35047.815693114135,132856.9673630357,CHINA_CRC_NEW_DIAGNOSIS_COURSE,Event-specific first-year cost; no annual patient-year cost added for the same outcome,266470116.83307618,131085640.19652063,129179514.57531121,63547761.2635569,489685254.6299148,240892696.9404578
S3,2049,coronary_heart_disease,direct_medical,avoided_incident_case_first_year,18715.41446331059,21846.326995845397,8586.27962692537,46223.917226713966,CHINA_INCIDENT_MI_IMMEDIATE_PROXY,Event-specific first-year cost; no annual patient-year cost added for the same outcome,408863064.22825754,201133534.83702734,160695781.91578814,79051676.41183254,865099769.015714,425571761.67834634
S3,2049,endometrial_cancer,direct_medical,avoided_incident_case_first_year,161.83426607792887,22329.17043600619,7912.595953582618,50409.93932055516,INTERNATIONAL_PROXY_ENDOMETRIAL,Event-specific first-year cost; no annual patient-year cost added for the same outcome,3613624.9096400486,1777664.0035287493,1280529.1589192327,629935.4936388269,8158055.532974973,4013222.7396015823
S3,2049,gastric_cancer,direct_medical,avoided_incident_case_first_year,5070.779023508944,64762.28390756019,31395.4919125426,119011.97726255516,CHINA_GASTRIC_NEW_DIAGNOSIS_COURSE,Event-specific first-year cost; no annual patient-year cost added for the same outcome,328395230.7529871,161548692.86039212,159199601.82286572,78315654.94848444,603483437.8492881,296873862.4002121
S3,2049,oesophageal_cancer,direct_medical,avoided_incident_case_first_year,2520.8140635458103,68356.63525540795,29827.5487154762,135047.26753332303,CHINA_OESOPHAGEAL_NEW_DIAGNOSIS_DERIVED,Event-specific first-year cost; no annual patient-year cost added for the same outcome,172314367.48850372,84767250.62359884,75189704.28307018,36988352.16223349,340429051.2414342,167468535.13571286
S3,2049,renal_cancer,direct_medical,avoided_incident_case_first_year,658.5575032437057,13135.225379367826,4654.616770652017,29653.851952691733,INTERNATIONAL_PROXY_RENAL,Event-specific first-year cost; no annual patient-year cost added for the same outcome,8650301.230379833,4255375.004723002,3065332.799036873,1507940.616954254,19528766.703523155,9606859.17056674
S3,2049,stroke,direct_medical,avoided_incident_case_first_year,34408.847335391045,29612.850356671155,4730.172689851648,100820.84684525008,CHINA_FIRST_ISCHAEMIC_STROKE_ONE_YEAR,Event-specific first-year cost; no annual patient-year cost added for the same outcome,1018944047.0884781,501252952.2051355,162759789.95514137,80067031.59846637,3469129127.323052,1706581653.4482489
S3,2050,bladder_cancer,direct_medical,avoided_incident_case_first_year,528.8947393285558,17917.502226658013,6349.271058827539,40450.2353820222,INTERNATIONAL_PROXY_BLADDER,Event-specific first-year cost; no annual patient-year cost added for the same outcome,9476472.669587107,4526016.123950705,3358096.0615849346,1603845.3811286082,21393916.698153358,10217853.76335805
S3,2050,breast_cancer,direct_medical,avoided_incident_case_first_year,1083.971842190864,53995.542586727424,26175.98574835096,99226.21468667472,CHINA_BREAST_NEW_DIAGNOSIS_COURSE,Event-specific first-year cost; no annual patient-year cost added for the same outcome,58529647.76783018,27954085.74083893,28374031.49280179,13551595.463367844,107558422.72754095,51370501.71567338
S3,2050,colon_cancer,direct_medical,avoided_incident_case_first_year,3706.253291626768,72296.25822013385,35047.815693114135,132856.9673630357,CHINA_CRC_NEW_DIAGNOSIS_COURSE,Event-specific first-year cost; no annual patient-year cost added for the same outcome,267948245.00066987,127973574.08620745,129896082.27693255,62039092.32073369,492401572.6048012,235173733.38925225
S3,2050,coronary_heart_disease,direct_medical,avoided_incident_case_first_year,18815.921770985053,21846.326995845397,8586.27962692537,46223.917226713966,CHINA_INCIDENT_MI_IMMEDIATE_PROXY,Event-specific first-year cost; no annual patient-year cost added for the same outcome,411058779.7371859,196323962.49638164,161558765.7640305,77161366.29194084,869745610.4863384,415395347.4091569
S3,2050,endometrial_cancer,direct_medical,avoided_incident_case_first_year,160.8662669845384,22329.17043600619,7912.595953582618,50409.93932055516,INTERNATIONAL_PROXY_ENDOMETRIAL,Event-specific first-year cost; no annual patient-year cost added for the same outcome,3592010.2929018335,1715564.1207351193,1272869.7732097998,607929.6926298254,8109258.757414808,3873027.145125194
S3,2050,gastric_cancer,direct_medical,avoided_incident_case_first_year,5101.068378124582,64762.28390756019,31395.4919125426,119011.97726255516,CHINA_GASTRIC_NEW_DIAGNOSIS_COURSE,Event-specific first-year cost; no annual patient-year cost added for the same outcome,330356838.5359817,157780265.92845955,160150551.0107371,76488795.08305147,607088233.8321018,289948721.5114362
S3,2050,oesophageal_cancer,direct_medical,avoided_incident_case_first_year,2536.554875176491,68356.63525540795,29827.5487154762,135047.26753332303,CHINA_OESOPHAGEAL_NEW_DIAGNOSIS_DERIVED,Event-specific first-year cost; no annual patient-year cost added for the same outcome,173390356.40776622,82812199.87661316,75659214.10880543,36135262.02432577,342554804.84091437,163606082.56936145
S3,2050,renal_cancer,direct_medical,avoided_incident_case_first_year,661.161287038309,13135.225379367826,4654.616770652017,29653.851952691733,INTERNATIONAL_PROXY_RENAL,Event-specific first-year cost; no annual patient-year cost added for the same outcome,8684502.517361091,4147766.768558556,3077452.414754385,1469808.4124244356,19605978.92268514,9363924.724301126
S3,2050,stroke,direct_medical,avoided_incident_case_first_year,34596.05024522885,29612.850356671155,4730.172689851648,100820.84684525008,CHINA_FIRST_ISCHAEMIC_STROKE_ONE_YEAR,Event-specific first-year cost; no annual patient-year cost added for the same outcome,1024487658.8438383,489301011.50365585,163645292.04671693,78157902.8649627,3488003083.2247944,1665889698.1500003
S4,2025,bladder_cancer,direct_medical,avoided_incident_case_first_year,0.0,17917.502226658013,6349.271058827539,40450.2353820222,INTERNATIONAL_PROXY_BLADDER,Event-specific first-year cost; no annual patient-year cost added for the same outcome,0.0,0.0,0.0,0.0,0.0,0.0
S4,2025,breast_cancer,direct_medical,avoided_incident_case_first_year,0.0,53995.542586727424,26175.98574835096,99226.21468667472,CHINA_BREAST_NEW_DIAGNOSIS_COURSE,Event-specific first-year cost; no annual patient-year cost added for the same outcome,0.0,0.0,0.0,0.0,0.0,0.0
S4,2025,colon_cancer,direct_medical,avoided_incident_case_first_year,0.0,72296.25822013385,35047.815693114135,132856.9673630357,CHINA_CRC_NEW_DIAGNOSIS_COURSE,Event-specific first-year cost; no annual patient-year cost added for the same outcome,0.0,0.0,0.0,0.0,0.0,0.0
S4,2025,coronary_heart_disease,direct_medical,avoided_incident_case_first_year,0.0,21846.326995845397,8586.27962692537,46223.917226713966,CHINA_INCIDENT_MI_IMMEDIATE_PROXY,Event-specific first-year cost; no annual patient-year cost added for the same outcome,0.0,0.0,0.0,0.0,0.0,0.0
S4,2025,endometrial_cancer,direct_medical,avoided_incident_case_first_year,0.0,22329.17043600619,7912.595953582618,50409.93932055516,INTERNATIONAL_PROXY_ENDOMETRIAL,Event-specific first-year cost; no annual patient-year cost added for the same outcome,0.0,0.0,0.0,0.0,0.0,0.0
S4,2025,gastric_cancer,direct_medical,avoided_incident_case_first_year,0.0,64762.28390756019,31395.4919125426,119011.97726255516,CHINA_GASTRIC_NEW_DIAGNOSIS_COURSE,Event-specific first-year cost; no annual patient-year cost added for the same outcome,0.0,0.0,0.0,0.0,0.0,0.0
S4,2025,oesophageal_cancer,direct_medical,avoided_incident_case_first_year,0.0,68356.63525540795,29827.5487154762,135047.26753332303,CHINA_OESOPHAGEAL_NEW_DIAGNOSIS_DERIVED,Event-specific first-year cost; no annual patient-year cost added for the same outcome,0.0,0.0,0.0,0.0,0.0,0.0
S4,2025,renal_cancer,direct_medical,avoided_incident_case_first_year,0.0,13135.225379367826,4654.616770652017,29653.851952691733,INTERNATIONAL_PROXY_RENAL,Event-specific first-year cost; no annual patient-year cost added for the same outcome,0.0,0.0,0.0,0.0,0.0,0.0
S4,2025,stroke,direct_medical,avoided_incident_case_first_year,0.0,29612.850356671155,4730.172689851648,100820.84684525008,CHINA_FIRST_ISCHAEMIC_STROKE_ONE_YEAR,Event-specific first-year cost; no annual patient-year cost added for the same outcome,0.0,0.0,0.0,0.0,0.0,0.0
S4,2026,bladder_cancer,direct_medical,avoided_incident_case_first_year,0.0,17917.502226658013,6349.271058827539,40450.2353820222,INTERNATIONAL_PROXY_BLADDER,Event-specific first-year cost; no annual patient-year cost added for the same outcome,0.0,0.0,0.0,0.0,0.0,0.0
S4,2026,breast_cancer,direct_medical,avoided_incident_case_first_year,0.0,53995.542586727424,26175.98574835096,99226.21468667472,CHINA_BREAST_NEW_DIAGNOSIS_COURSE,Event-specific first-year cost; no annual patient-year cost added for the same outcome,0.0,0.0,0.0,0.0,0.0,0.0
S4,2026,colon_cancer,direct_medical,avoided_incident_case_first_year,0.0,72296.25822013385,35047.815693114135,132856.9673630357,CHINA_CRC_NEW_DIAGNOSIS_COURSE,Event-specific first-year cost; no annual patient-year cost added for the same outcome,0.0,0.0,0.0,0.0,0.0,0.0
S4,2026,coronary_heart_disease,direct_medical,avoided_incident_case_first_year,787.2686779518868,21846.326995845397,8586.27962692537,46223.917226713966,CHINA_INCIDENT_MI_IMMEDIATE_PROXY,Event-specific first-year cost; no annual patient-year cost added for the same outcome,17198928.97212382,16697989.293324096,6759709.010414757,6562824.281956075,36390642.204832554,35330720.58721607
S4,2026,endometrial_cancer,direct_medical,avoided_incident_case_first_year,0.0,22329.17043600619,7912.595953582618,50409.93932055516,INTERNATIONAL_PROXY_ENDOMETRIAL,Event-specific first-year cost; no annual patient-year cost added for the same outcome,0.0,0.0,0.0,0.0,0.0,0.0
S4,2026,gastric_cancer,direct_medical,avoided_incident_case_first_year,0.0,64762.28390756019,31395.4919125426,119011.97726255516,CHINA_GASTRIC_NEW_DIAGNOSIS_COURSE,Event-specific first-year cost; no annual patient-year cost added for the same outcome,0.0,0.0,0.0,0.0,0.0,0.0
S4,2026,oesophageal_cancer,direct_medical,avoided_incident_case_first_year,0.0,68356.63525540795,29827.5487154762,135047.26753332303,CHINA_OESOPHAGEAL_NEW_DIAGNOSIS_DERIVED,Event-specific first-year cost; no annual patient-year cost added for the same outcome,0.0,0.0,0.0,0.0,0.0,0.0
S4,2026,renal_cancer,direct_medical,avoided_incident_case_first_year,0.0,13135.225379367826,4654.616770652017,29653.851952691733,INTERNATIONAL_PROXY_RENAL,Event-specific first-year cost; no annual patient-year cost added for the same outcome,0.0,0.0,0.0,0.0,0.0,0.0
S4,2026,stroke,direct_medical,avoided_incident_case_first_year,1640.9932529147457,29612.850356671155,4730.172689851648,100820.84684525008,CHINA_FIRST_ISCHAEMIC_STROKE_ONE_YEAR,Event-specific first-year cost; no annual patient-year cost added for the same outcome,48594487.634871386,47179114.20861299,7762181.469168148,7536098.513755484,165446329.4262063,160627504.29728764
S4,2027,bladder_cancer,direct_medical,avoided_incident_case_first_year,0.0,17917.502226658013,6349.271058827539,40450.2353820222,INTERNATIONAL_PROXY_BLADDER,Event-specific first-year cost; no annual patient-year cost added for the same outcome,0.0,0.0,0.0,0.0,0.0,0.0
S4,2027,breast_cancer,direct_medical,avoided_incident_case_first_year,0.0,53995.542586727424,26175.98574835096,99226.21468667472,CHINA_BREAST_NEW_DIAGNOSIS_COURSE,Event-specific first-year cost; no annual patient-year cost added for the same outcome,0.0,0.0,0.0,0.0,0.0,0.0
S4,2027,colon_cancer,direct_medical,avoided_incident_case_first_year,0.0,72296.25822013385,35047.815693114135,132856.9673630357,CHINA_CRC_NEW_DIAGNOSIS_COURSE,Event-specific first-year cost; no annual patient-year cost added for the same outcome,0.0,0.0,0.0,0.0,0.0,0.0
S4,2027,coronary_heart_disease,direct_medical,avoided_incident_case_first_year,2741.689603038868,21846.326995845397,8586.27962692537,46223.917226713966,CHINA_INCIDENT_MI_IMMEDIATE_PROXY,Event-specific first-year cost; no annual patient-year cost added for the same outcome,59895847.58909667,56457580.91158137,23540913.58192574,22189568.83959444,126731633.2722109,119456719.08022518
S4,2027,endometrial_cancer,direct_medical,avoided_incident_case_first_year,0.0,22329.17043600619,7912.595953582618,50409.93932055516,INTERNATIONAL_PROXY_ENDOMETRIAL,Event-specific first-year cost; no annual patient-year cost added for the same outcome,0.0,0.0,0.0,0.0,0.0,0.0
S4,2027,gastric_cancer,direct_medical,avoided_incident_case_first_year,0.0,64762.28390756019,31395.4919125426,119011.97726255516,CHINA_GASTRIC_NEW_DIAGNOSIS_COURSE,Event-specific first-year cost; no annual patient-year cost added for the same outcome,0.0,0.0,0.0,0.0,0.0,0.0
S4,2027,oesophageal_cancer,direct_medical,avoided_incident_case_first_year,0.0,68356.63525540795,29827.5487154762,135047.26753332303,CHINA_OESOPHAGEAL_NEW_DIAGNOSIS_DERIVED,Event-specific first-year cost; no annual patient-year cost added for the same outcome,0.0,0.0,0.0,0.0,0.0,0.0
S4,2027,renal_cancer,direct_medical,avoided_incident_case_first_year,0.0,13135.225379367826,4654.616770652017,29653.851952691733,INTERNATIONAL_PROXY_RENAL,Event-specific first-year cost; no annual patient-year cost added for the same outcome,0.0,0.0,0.0,0.0,0.0,0.0
S4,2027,stroke,direct_medical,avoided_incident_case_first_year,5662.8289299790185,29612.850356671155,4730.172689851648,100820.84684525008,CHINA_FIRST_ISCHAEMIC_STROKE_ONE_YEAR,Event-specific first-year cost; no annual patient-year cost added for the same outcome,167692505.6988969,158066269.86416903,26786158.751888584,25248523.66093749,570931208.2602661,538157421.3029183
S4,2028,bladder_cancer,direct_medical,avoided_incident_case_first_year,29.152107413228773,17917.502226658013,6349.271058827539,40450.2353820222,INTERNATIONAL_PROXY_BLADDER,Event-specific first-year cost; no annual patient-year cost added for the same outcome,522332.9494883001,478008.642129553,185094.6319026452,169387.808576749,1179209.606747098,1079143.836243726
S4,2028,breast_cancer,direct_medical,avoided_incident_case_first_year,90.96095771606265,53995.542586727424,26175.98574835096,99226.21468667472,CHINA_BREAST_NEW_DIAGNOSIS_COURSE,Event-specific first-year cost; no annual patient-year cost added for the same outcome,4911486.2660871735,4494705.69143727,2380992.73283201,2178945.6404317,9025711.518439574,8259804.615827718
S4,2028,colon_cancer,direct_medical,avoided_incident_case_first_year,220.52068401762233,72296.25822013385,35047.815693114135,132856.9673630357,CHINA_CRC_NEW_DIAGNOSIS_COURSE,Event-specific first-year cost; no annual patient-year cost added for the same outcome,15942820.314618569,14589939.037489299,7728768.289969088,7072917.837638392,29297709.319403563,26811554.321805503
S4,2028,coronary_heart_disease,direct_medical,avoided_incident_case_first_year,5997.911077268409,21846.326995845397,8586.27962692537,46223.917226713966,CHINA_INCIDENT_MI_IMMEDIATE_PROXY,Event-specific first-year cost; no annual patient-year cost added for the same outcome,131032326.68600899,119913140.87233956,51499741.68685974,47129559.06357191,277246945.1688457,253720229.45241192
S4,2028,endometrial_cancer,direct_medical,avoided_incident_case_first_year,17.156739509084,22329.17043600619,7912.595953582618,50409.93932055516,INTERNATIONAL_PROXY_ENDOMETRIAL,Event-specific first-year cost; no annual patient-year cost added for the same outcome,383095.76062449784,350586.89006906375,135754.3476162491,124234.45894193985,864870.1975914958,791478.7477489765
S4,2028,gastric_cancer,direct_medical,avoided_incident_case_first_year,398.2337125297346,64762.28390756019,31395.4919125426,119011.97726255516,CHINA_GASTRIC_NEW_DIAGNOSIS_COURSE,Event-specific first-year cost; no annual patient-year cost added for the same outcome,25790524.75241238,23601983.6175114,12502743.301029097,11441781.250970367,47394581.5407717,43372755.99557044
S4,2028,oesophageal_cancer,direct_medical,avoided_incident_case_first_year,192.32468794164788,68356.63525540795,29827.5487154762,135047.26753332303,CHINA_OESOPHAGEAL_NEW_DIAGNOSIS_DERIVED,Event-specific first-year cost; no annual patient-year cost added for the same outcome,13146668.544237379,12031064.066539383,5736573.998768261,5249777.848234976,25972923.585718587,23768904.388487324
S4,2028,renal_cancer,direct_medical,avoided_incident_case_first_year,44.913607340269266,13135.225379367826,4654.616770652017,29653.851952691733,INTERNATIONAL_PROXY_RENAL,Event-specific first-year cost; no annual patient-year cost added for the same outcome,589950.355014866,539888.14682429,209055.62995649688,191315.51609550865,1331861.4627296736,1218841.9090309597
S4,2028,stroke,direct_medical,avoided_incident_case_first_year,12300.656701923623,29612.850356671155,4730.172689851648,100820.84684525008,CHINA_FIRST_ISCHAEMIC_STROKE_ONE_YEAR,Event-specific first-year cost; no annual patient-year cost added for the same outcome,364257506.2028484,333347218.65831846,58184230.39867976,53246813.155234344,1240162625.4406404,1134924482.9135187
S4,2029,bladder_cancer,direct_medical,avoided_incident_case_first_year,78.77054422557349,17917.502226658013,6349.271058827539,40450.2353820222,INTERNATIONAL_PROXY_BLADDER,Event-specific first-year cost; no annual patient-year cost added for the same outcome,1411371.4015567764,1253985.2100818085,500135.5367395284,444363.9465954321,3186287.055094437,2830974.77939283
S4,2029,breast_cancer,direct_medical,avoided_incident_case_first_year,240.72523454618667,53995.542586727424,26175.98574835096,99226.21468667472,CHINA_BREAST_NEW_DIAGNOSIS_COURSE,Event-specific first-year cost; no annual patient-year cost added for the same outcome,12998089.65363857,11548634.30490479,6301220.308749424,5598552.630387161,23886253.803580046,21222627.127707727
S4,2029,colon_cancer,direct_medical,avoided_incident_case_first_year,594.539560790032,72296.25822013385,35047.815693114135,132856.9673630357,CHINA_CRC_NEW_DIAGNOSIS_COURSE,Event-specific first-year cost; no annual patient-year cost added for the same outcome,42982985.60896113,38189825.994308405,20837312.94883407,18513682.668404937,78988723.02391487,70180457.33814813
S4,2029,coronary_heart_disease,direct_medical,avoided_incident_case_first_year,10581.970960550509,21846.326995845397,8586.27962692537,46223.917226713966,CHINA_INCIDENT_MI_IMMEDIATE_PROXY,Event-specific first-year cost; no annual patient-year cost added for the same outcome,231177197.86472663,205397946.07625204,90859761.67129073,80727721.42164814,489140149.7759776,434594687.6914962
S4,2029,endometrial_cancer,direct_medical,avoided_incident_case_first_year,44.04996430189617,22329.17043600619,7912.595953582618,50409.93932055516,INTERNATIONAL_PROXY_ENDOMETRIAL,Event-specific first-year cost; no annual patient-year cost added for the same outcome,983599.1605970279,873915.1145312028,348549.5692906424,309681.7778713277,2220556.0275312066,1972935.2696325907
S4,2029,gastric_cancer,direct_medical,avoided_incident_case_first_year,1038.2082305635151,64762.28390756019,31395.4919125426,119011.97726255516,CHINA_GASTRIC_NEW_DIAGNOSIS_COURSE,Event-specific first-year cost; no annual patient-year cost added for the same outcome,67236736.18292007,59738969.24264863,32595058.106192,28960286.95341087,123559214.32962269,109780761.58250834
S4,2029,oesophageal_cancer,direct_medical,avoided_incident_case_first_year,501.3455669073202,68356.63525540795,29827.5487154762,135047.26753332303,CHINA_OESOPHAGEAL_NEW_DIAGNOSIS_DERIVED,Event-specific first-year cost; no annual patient-year cost added for the same outcome,34270296.05399941,30448714.172214612,14953909.320216127,13286354.74671773,67705348.90077837,60155325.5729543
S4,2029,renal_cancer,direct_medical,avoided_incident_case_first_year,120.12749511651563,13135.225379367826,4654.616770652017,29653.851952691733,INTERNATIONAL_PROXY_RENAL,Event-specific first-year cost; no annual patient-year cost added for the same outcome,1577901.7226143407,1401945.2434266957,559147.4533857519,496795.27020828193,3562242.955632854,3165006.7276086924
S4,2029,stroke,direct_medical,avoided_incident_case_first_year,21639.733955036503,29612.850356671155,4730.172689851648,100820.84684525008,CHINA_FIRST_ISCHAEMIC_STROKE_ONE_YEAR,Event-specific first-year cost; no annual patient-year cost added for the same outcome,640814203.3686717,569355119.8134749,102359678.56976905,90945248.6380529,2181736302.852693,1938444447.0520785
S4,2030,bladder_cancer,direct_medical,avoided_incident_case_first_year,137.14961281971455,17917.502226658013,6349.271058827539,40450.2353820222,INTERNATIONAL_PROXY_BLADDER,Event-specific first-year cost; no annual patient-year cost added for the same outcome,2457378.4930825196,2119756.274689701,870800.0674056159,751159.7875864063,5547734.121110663,4785524.186297817
S4,2030,breast_cancer,direct_medical,avoided_incident_case_first_year,412.73488935830255,53995.542586727424,26175.98574835096,99226.21468667472,CHINA_BREAST_NEW_DIAGNOSIS_COURSE,Event-specific first-year cost; no annual patient-year cost added for the same outcome,22285844.295374457,19223965.056607716,10803742.581690138,9319403.255191159,40954120.74014787,35327384.307181224
S4,2030,colon_cancer,direct_medical,avoided_incident_case_first_year,1033.947348310258,72296.25822013385,35047.815693114135,132856.9673630357,CHINA_CRC_NEW_DIAGNOSIS_COURSE,Event-specific first-year cost; no annual patient-year cost added for the same outcome,74750524.47946107,64480459.0533066,36237596.099962,31258868.720792543,137367109.10955325,118494075.00335854
S4,2030,coronary_heart_disease,direct_medical,avoided_incident_case_first_year,12004.708603690855,21846.326995845397,8586.27962692537,46223.917226713966,CHINA_INCIDENT_MI_IMMEDIATE_PROXY,Event-specific first-year cost; no annual patient-year cost added for the same outcome,262258789.64606902,226226735.73065776,103075784.9110465,88914077.52156137,554904656.8278271,478665631.4753636
S4,2030,endometrial_cancer,direct_medical,avoided_incident_case_first_year,73.25739547330664,22329.17043600619,7912.595953582618,50409.93932055516,INTERNATIONAL_PROXY_ENDOMETRIAL,Event-specific first-year cost; no annual patient-year cost added for the same outcome,1635776.8692213723,1411035.4966827815,579656.1709920877,500016.50502026384,3692900.8605913003,3185528.7222058945
S4,2030,gastric_cancer,direct_medical,avoided_incident_case_first_year,1745.7828255985028,64762.28390756019,31395.4919125426,119011.97726255516,CHINA_GASTRIC_NEW_DIAGNOSIS_COURSE,Event-specific first-year cost; no annual patient-year cost added for the same outcome,113060882.99235287,97527310.8394337,54809710.58213356,47279337.81770208,207769065.9454883,179223421.40787086
S4,2030,oesophageal_cancer,direct_medical,avoided_incident_case_first_year,842.5172869712723,68356.63525540795,29827.5487154762,135047.26753332303,CHINA_OESOPHAGEAL_NEW_DIAGNOSIS_DERIVED,Event-specific first-year cost; no annual patient-year cost added for the same outcome,57591646.88187113,49679060.507452875,25130225.420766465,21677553.201507375,113779657.4550589,98147332.00495493
S4,2030,renal_cancer,direct_medical,avoided_incident_case_first_year,207.64945310470952,13135.225379367826,4654.616770652017,29653.851952691733,INTERNATIONAL_PROXY_RENAL,Event-specific first-year cost; no annual patient-year cost added for the same outcome,2727522.3664328298,2352784.7528892416,966528.6268379005,833736.0838691365,6157606.140424461,5311605.1475080075
S4,2030,stroke,direct_medical,avoided_incident_case_first_year,24527.07640432719,29612.850356671155,4730.172689851648,100820.84684525008,CHINA_FIRST_ISCHAEMIC_STROKE_ONE_YEAR,Event-specific first-year cost; no annual patient-year cost added for the same outcome,726316643.2479811,626527116.7101275,116017306.96965322,100077548.13261695,2472840613.7224183,2133094035.7788851
S4,2031,bladder_cancer,direct_medical,avoided_incident_case_first_year,190.4800379105314,17917.502226658013,6349.271058827539,40450.2353820222,INTERNATIONAL_PROXY_BLADDER,Event-specific first-year cost; no annual patient-year cost added for the same outcome,3412926.503395849,2858272.215812416,1209409.3919897093,1012861.325676732,7704962.369057506,6452784.682425654
S4,2031,breast_cancer,direct_medical,avoided_incident_case_first_year,565.3177632350727,53995.542586727424,26175.98574835096,99226.21468667472,CHINA_BREAST_NEW_DIAGNOSIS_COURSE,Event-specific first-year cost; no annual patient-year cost added for the same outcome,30524639.35979286,25563904.90477274,14797749.713730903,12392882.419594683,56094341.74095407,46978128.0970818
S4,2031,colon_cancer,direct_medical,avoided_incident_case_first_year,1434.5675742354276,72296.25822013385,35047.815693114135,132856.9673630357,CHINA_CRC_NEW_DIAGNOSIS_COURSE,Event-specific first-year cost; no annual patient-year cost added for the same outcome,103713867.78115551,86858731.46648782,50278459.941121094,42107418.65098868,190592297.39026552,159618048.5095165
S4,2031,coronary_heart_disease,direct_medical,avoided_incident_case_first_year,12216.7276641808,21846.326995845397,8586.27962692537,46223.917226713966,CHINA_INCIDENT_MI_IMMEDIATE_PROXY,Event-specific first-year cost; no annual patient-year cost added for the same outcome,266890627.3708843,223516698.67953917,104896239.85065117,87848949.46023291,564705008.3304,472931554.14712185
S4,2031,endometrial_cancer,direct_medical,avoided_incident_case_first_year,97.33794950744475,22329.17043600619,7912.595953582618,50409.93932055516,INTERNATIONAL_PROXY_ENDOMETRIAL,Event-specific first-year cost; no annual patient-year cost added for the same outcome,2173475.6644430985,1820251.6512561399,770195.8654026365,645026.9118375508,4906800.128257552,4109367.8581090355
S4,2031,gastric_cancer,direct_medical,avoided_incident_case_first_year,2341.896443431238,64762.28390756019,31395.4919125426,119011.97726255516,CHINA_GASTRIC_NEW_DIAGNOSIS_COURSE,Event-specific first-year cost; no annual patient-year cost added for the same outcome,151666562.3515993,127018358.23479424,73524990.8497577,61576022.30948181,278713726.27689725,233418357.87853876
S4,2031,oesophageal_cancer,direct_medical,avoided_incident_case_first_year,1129.398630026072,68356.63525540795,29827.5487154762,135047.26753332303,CHINA_OESOPHAGEAL_NEW_DIAGNOSIS_DERIVED,Event-specific first-year cost; no annual patient-year cost added for the same outcome,77201890.21064962,64655367.637638986,33687192.65629474,28212493.50151606,152522198.94089946,127734940.40777563
S4,2031,renal_cancer,direct_medical,avoided_incident_case_first_year,286.65569384785596,13135.225379367826,4654.616770652017,29653.851952691733,INTERNATIONAL_PROXY_RENAL,Event-specific first-year cost; no annual patient-year cost added for the same outcome,3765287.1449706513,3153368.7058062647,1334272.3999871206,1117432.1291167291,8500445.506760446,7118989.286709181
S4,2031,stroke,direct_medical,avoided_incident_case_first_year,24949.43544574854,29612.850356671155,4730.172689851648,100820.84684525008,CHINA_FIRST_ISCHAEMIC_STROKE_ONE_YEAR,Event-specific first-year cost; no annual patient-year cost added for the same outcome,738823898.3383785,618753383.3200366,118015138.17269641,98835820.2699794,2515423209.9512672,2106627337.2308486
S4,2032,bladder_cancer,direct_medical,avoided_incident_case_first_year,249.55776460539153,17917.502226658013,6349.271058827539,40450.2353820222,INTERNATIONAL_PROXY_BLADDER,Event-specific first-year cost; no annual patient-year cost added for the same outcome,4471451.802996899,3635699.504397712,1584509.8923147079,1288351.5430806603,10094670.319699375,8207890.74675726
S4,2032,breast_cancer,direct_medical,avoided_incident_case_first_year,725.3125531122123,53995.542586727424,26175.98574835096,99226.21468667472,CHINA_BREAST_NEW_DIAGNOSIS_COURSE,Event-specific first-year cost; no annual patient-year cost added for the same outcome,39163644.850258455,31843627.181010995,18985771.053365316,15437169.2797997,71970019.11005254,58518211.60960266
S4,2032,colon_cancer,direct_medical,avoided_incident_case_first_year,1873.0568100029166,72296.25822013385,35047.815693114135,132856.9673630357,CHINA_CRC_NEW_DIAGNOSIS_COURSE,Event-specific first-year cost; no annual patient-year cost added for the same outcome,135414998.79695106,110104786.03037134,65646549.85971452,53376652.439912096,248848647.47566926,202336722.87174132
S4,2032,coronary_heart_disease,direct_medical,avoided_incident_case_first_year,12583.045990237893,21846.326995845397,8586.27962692537,46223.917226713966,CHINA_INCIDENT_MI_IMMEDIATE_PROXY,Event-specific first-year cost; no annual patient-year cost added for the same outcome,274893337.3064983,223513439.08875898,108041551.4306446,87847668.34062348,581637676.3126915,472924657.2873226
S4,2032,endometrial_cancer,direct_medical,avoided_incident_case_first_year,121.25040629631859,22329.17043600619,7912.595953582618,50409.93932055516,INTERNATIONAL_PROXY_ENDOMETRIAL,Event-specific first-year cost; no annual patient-year cost added for the same outcome,2707420.9876254955,2201381.022671129,959405.4742304988,780084.4470331632,6112225.623990079,4969798.770281666
S4,2032,gastric_cancer,direct_medical,avoided_incident_case_first_year,2957.248482145257,64762.28390756019,31395.4919125426,119011.97726255516,CHINA_GASTRIC_NEW_DIAGNOSIS_COURSE,Event-specific first-year cost; no annual patient-year cost added for the same outcome,191518165.78589258,155721794.86855835,92844270.8045703,75490888.46805967,351947989.1167971,286165922.3852307
S4,2032,oesophageal_cancer,direct_medical,avoided_incident_case_first_year,1426.6294789953372,68356.63525540795,29827.5487154762,135047.26753332303,CHINA_OESOPHAGEAL_NEW_DIAGNOSIS_DERIVED,Event-specific first-year cost; no annual patient-year cost added for the same outcome,97519590.94029695,79292351.58323166,42552860.283667855,34599369.48003006,192662412.92080855,156652172.50083748
S4,2032,renal_cancer,direct_medical,avoided_incident_case_first_year,371.66931042809586,13135.225379367826,4654.616770652017,29653.851952691733,INTERNATIONAL_PROXY_RENAL,Event-specific first-year cost; no annual patient-year cost added for the same outcome,4881960.159067264,3969480.3640540405,1729978.2054552857,1406630.5936647009,11021426.70679378,8961428.498186955
S4,2032,stroke,direct_medical,avoided_incident_case_first_year,25557.376712294496,29612.850356671155,4730.172689851648,100820.84684525008,CHINA_FIRST_ISCHAEMIC_STROKE_ONE_YEAR,Event-specific first-year cost; no annual patient-year cost added for the same outcome,756826772.0902492,615369423.9439726,120890805.34874593,98295287.628527,2576716363.276604,2095106202.1197238
S4,2033,bladder_cancer,direct_medical,avoided_incident_case_first_year,318.04025354285704,17917.502226658013,6349.271058827539,40450.2353820222,INTERNATIONAL_PROXY_BLADDER,Event-specific first-year cost; no annual patient-year cost added for the same outcome,5698486.95102102,4498438.2207534565,2019323.777361835,1594072.83691913,12864803.116766587,10155594.378006242
S4,2033,breast_cancer,direct_medical,avoided_incident_case_first_year,892.9316166089286,53995.542586727424,26175.98574835096,99226.21468667472,CHINA_BREAST_NEW_DIAGNOSIS_COURSE,Event-specific first-year cost; no annual patient-year cost added for the same outcome,48214327.13164277,38060835.06395172,23373365.270607296,18451150.381610036,88602224.29015708,69943414.03540447
S4,2033,colon_cancer,direct_medical,avoided_incident_case_first_year,2368.6727058007336,72296.25822013385,35047.815693114135,132856.9673630357,CHINA_CRC_NEW_DIAGNOSIS_COURSE,Event-specific first-year cost; no annual patient-year cost added for the same outcome,171246173.57755297,135183310.7630474,83016804.43021408,65534232.02044503,314694672.36828154,248422880.3569199
S4,2033,coronary_heart_disease,direct_medical,avoided_incident_case_first_year,13245.096974717024,21846.326995845397,8586.27962692537,46223.917226713966,CHINA_INCIDENT_MI_IMMEDIATE_PROXY,Event-specific first-year cost; no annual patient-year cost added for the same outcome,289356719.6013507,228420866.4640944,113726106.31066364,89776438.50420621,612240266.2191193,483308119.772195
S4,2033,endometrial_cancer,direct_medical,avoided_incident_case_first_year,144.91908863312568,22329.17043600619,7912.595953582618,50409.93932055516,INTERNATIONAL_PROXY_ENDOMETRIAL,Event-specific first-year cost; no annual patient-year cost added for the same outcome,3235923.0295197503,2554467.5210320167,1146686.194315351,905204.6706528419,7305362.464386021,5766920.589396734
S4,2033,gastric_cancer,direct_medical,avoided_incident_case_first_year,3619.698793301998,64762.28390756019,31395.4919125426,119011.97726255516,CHINA_GASTRIC_NEW_DIAGNOSIS_COURSE,Event-specific first-year cost; no annual patient-year cost added for the same outcome,234419960.91167703,185053281.85118964,113642224.19095309,89710221.18431288,430787510.48575574,340067638.8045669
S4,2033,oesophageal_cancer,direct_medical,avoided_incident_case_first_year,1750.0152416922992,68356.63525540795,29827.5487154762,135047.26753332303,CHINA_OESOPHAGEAL_NEW_DIAGNOSIS_DERIVED,Event-specific first-year cost; no annual patient-year cost added for the same outcome,119625153.56776509,94433200.88261639,52198664.87440292,41206108.07071213,236334776.53221288,186564854.98404923
S4,2033,renal_cancer,direct_medical,avoided_incident_case_first_year,464.74726812574113,13135.225379367826,4654.616770652017,29653.851952691733,INTERNATIONAL_PROXY_RENAL,Event-specific first-year cost; no annual patient-year cost added for the same outcome,6104560.111277099,4818996.123266648,2163220.428332784,1707666.1819824467,13781546.684418658,10879280.21580869
S4,2033,stroke,direct_medical,avoided_incident_case_first_year,26544.6901347521,29612.850356671155,4730.172689851648,100820.84684525008,CHINA_FIRST_ISCHAEMIC_STROKE_ONE_YEAR,Event-specific first-year cost; no annual patient-year cost added for the same outcome,786063936.724619,620526130.4115794,125560968.33597885,99118987.87382136,2676258138.630462,2112662888.0427115
S4,2034,bladder_cancer,direct_medical,avoided_incident_case_first_year,394.4791327618033,17917.502226658013,6349.271058827539,40450.2353820222,INTERNATIONAL_PROXY_BLADDER,Event-specific first-year cost; no annual patient-year cost added for the same outcome,7068080.739629733,5417095.344407944,2504654.9409559043,1919609.4554957433,15956773.77351093,12229538.414240727
S4,2034,breast_cancer,direct_medical,avoided_incident_case_first_year,1067.5380542309895,53995.542586727424,26175.98574835096,99226.21468667472,CHINA_BREAST_NEW_DIAGNOSIS_COURSE,Event-specific first-year cost; no annual patient-year cost added for the same outcome,57642296.470181525,44178020.50545909,27943860.893372692,21416642.554963555,105927760.15531917,81184807.80271913
S4,2034,colon_cancer,direct_medical,avoided_incident_case_first_year,2913.4512937713316,72296.25822013385,35047.815693114135,132856.9673630357,CHINA_CRC_NEW_DIAGNOSIS_COURSE,Event-specific first-year cost; no annual patient-year cost added for the same outcome,210631627.04627523,161431603.3290277,102110103.97496256,78258892.22775878,387072303.450372,296658689.9911548
S4,2034,coronary_heart_disease,direct_medical,avoided_incident_case_first_year,13961.785293974135,21846.326995845397,8586.27962692537,46223.917226713966,CHINA_INCIDENT_MI_IMMEDIATE_PROXY,Event-specific first-year cost; no annual patient-year cost added for the same outcome,305013726.97794443,233767623.95038727,119879792.62515636,91877878.93780394,645368407.7658128,494621146.2376834
S4,2034,endometrial_cancer,direct_medical,avoided_incident_case_first_year,168.24609955665187,22329.17043600619,7912.595953582618,50409.93932055516,INTERNATIONAL_PROXY_ENDOMETRIAL,Event-specific first-year cost; no annual patient-year cost added for the same outcome,3756795.832193745,2879271.1857920857,1331263.406558022,1020302.5499428442,8481275.669570902,6500191.584778035
S4,2034,gastric_cancer,direct_medical,avoided_incident_case_first_year,4310.599204634987,64762.28390756019,31395.4919125426,119011.97726255516,CHINA_GASTRIC_NEW_DIAGNOSIS_COURSE,Event-specific first-year cost; no annual patient-year cost added for the same outcome,279164249.50227416,213956151.89069387,135333382.46733028,103721768.76762153,513012934.53000736,393181696.9325031
S4,2034,oesophageal_cancer,direct_medical,avoided_incident_case_first_year,2089.6380914017886,68356.63525540795,29827.5487154762,135047.26753332303,CHINA_OESOPHAGEAL_NEW_DIAGNOSIS_DERIVED,Event-specific first-year cost; no annual patient-year cost added for the same outcome,142840628.82975888,109475447.99361263,62328781.96900156,47769821.40764053,282199914.37735987,216282736.24474737
S4,2034,renal_cancer,direct_medical,avoided_incident_case_first_year,564.9062489672657,13135.225379367826,4654.616770652017,29653.851952691733,INTERNATIONAL_PROXY_RENAL,Event-specific first-year cost; no annual patient-year cost added for the same outcome,7420170.898398308,5686943.133381704,2629422.1002891585,2015233.0940557327,16751646.274025714,12838741.998715077
S4,2034,stroke,direct_medical,avoided_incident_case_first_year,27594.266133639354,29612.850356671155,4730.172689851648,100820.84684525008,CHINA_FIRST_ISCHAEMIC_STROKE_ONE_YEAR,Event-specific first-year cost; no annual patient-year cost added for the same outcome,817144873.717621,626273503.9660045,130525644.0618391,100037037.60892202,2782077279.666724,2132230577.8096168
S4,2035,bladder_cancer,direct_medical,avoided_incident_case_first_year,415.7779980640215,17917.502226658013,6349.271058827539,40450.2353820222,INTERNATIONAL_PROXY_BLADDER,Event-specific first-year cost; no annual patient-year cost added for the same outcome,7449703.206107517,5543278.823451226,2639887.210005144,1964324.0089785203,16818317.88835564,12514407.999524167
S4,2035,breast_cancer,direct_medical,avoided_incident_case_first_year,1089.9152982588514,53995.542586727424,26175.98574835096,99226.21468667472,CHINA_BREAST_NEW_DIAGNOSIS_COURSE,Event-specific first-year cost; no annual patient-year cost added for the same outcome,58850567.90306153,43790349.4648846,28529607.31413338,21228707.196839746,108148169.3753239,80472394.73939887
S4,2035,colon_cancer,direct_medical,avoided_incident_case_first_year,3049.408516769273,72296.25822013385,35047.815693114135,132856.9673630357,CHINA_CRC_NEW_DIAGNOSIS_COURSE,Event-specific first-year cost; no annual patient-year cost added for the same outcome,220460825.54702672,164043558.76265103,106875107.66874202,79525117.27024324,405135167.78897846,301458613.06244254
S4,2035,coronary_heart_disease,direct_medical,avoided_incident_case_first_year,14603.292386202309,21846.326995845397,8586.27962692537,46223.917226713966,CHINA_INCIDENT_MI_IMMEDIATE_PROXY,Event-specific first-year cost; no annual patient-year cost added for the same outcome,319028300.68491507,237387017.21948797,125387951.90168327,93300412.01140575,675021378.4973178,502279300.1650531
S4,2035,endometrial_cancer,direct_medical,avoided_incident_case_first_year,167.81884989252782,22329.17043600619,7912.595953582618,50409.93932055516,INTERNATIONAL_PROXY_ENDOMETRIAL,Event-specific first-year cost; no annual patient-year cost added for the same outcome,3747255.7016247925,2788310.1651410656,1327882.7525945043,988069.4759018839,8459738.039927682,6294839.597130535
S4,2035,gastric_cancer,direct_medical,avoided_incident_case_first_year,4392.456400055185,64762.28390756019,31395.4919125426,119011.97726255516,CHINA_GASTRIC_NEW_DIAGNOSIS_COURSE,Event-specific first-year cost; no annual patient-year cost added for the same outcome,284465508.43195367,211669053.82221973,137903329.38412854,102613028.23872878,522754921.2101326,388978755.85477656
S4,2035,oesophageal_cancer,direct_medical,avoided_incident_case_first_year,2134.7934258649066,68356.63525540795,29827.5487154762,135047.26753332303,CHINA_OESOPHAGEAL_NEW_DIAGNOSIS_DERIVED,Event-specific first-year cost; no annual patient-year cost added for the same outcome,145927295.5574902,108583612.64166434,63675654.90746383,47380667.34370762,288298018.91115725,214520801.54857305
S4,2035,renal_cancer,direct_medical,avoided_incident_case_first_year,585.2144698201114,13135.225379367826,4654.616770652017,29653.851952691733,INTERNATIONAL_PROXY_RENAL,Event-specific first-year cost; no annual patient-year cost added for the same outcome,7686923.956354414,5719793.340197178,2723949.0856529195,2026873.9391228352,17353863.24861857,12912904.043246988
S4,2035,stroke,direct_medical,avoided_incident_case_first_year,28539.10695152378,29612.850356671155,4730.172689851648,100820.84684525008,CHINA_FIRST_ISCHAEMIC_STROKE_ONE_YEAR,Event-specific first-year cost; no annual patient-year cost added for the same outcome,845124303.4685072,628851851.5422493,134994904.2948531,100448886.82786594,2877336931.059791,2141008901.509208
S4,2036,bladder_cancer,direct_medical,avoided_incident_case_first_year,435.4009657525041,17917.502226658013,6349.271058827539,40450.2353820222,INTERNATIONAL_PROXY_BLADDER,Event-specific first-year cost; no annual patient-year cost added for the same outcome,7801297.773359541,5635823.49655748,2764478.750837934,1997118.2683104915,17612071.550248574,12723335.212879313
S4,2036,breast_cancer,direct_medical,avoided_incident_case_first_year,1108.1724125859814,53995.542586727424,26175.98574835096,99226.21468667472,CHINA_BREAST_NEW_DIAGNOSIS_COURSE,Event-specific first-year cost; no annual patient-year cost added for the same outcome,59836370.69722284,43227067.30612448,29007505.27856635,20955638.99428723,109959753.72110687,79437265.6576875
S4,2036,colon_cancer,direct_medical,avoided_incident_case_first_year,3173.2907059615,72296.25822013385,35047.815693114135,132856.9673630357,CHINA_CRC_NEW_DIAGNOSIS_COURSE,Event-specific first-year cost; no annual patient-year cost added for the same outcome,229417044.28574345,165735754.0064215,111216907.80321069,80345460.5145623,421593779.75535154,304568316.5769584
S4,2036,coronary_heart_disease,direct_medical,avoided_incident_case_first_year,15211.51450946914,21846.326995845397,8586.27962692537,46223.917226713966,CHINA_INCIDENT_MI_IMMEDIATE_PROXY,Event-specific first-year cost; no annual patient-year cost added for the same outcome,332315720.0759096,240071946.7310755,130610317.12733455,94355672.03609818,703135787.57866,507960253.28485155
S4,2036,endometrial_cancer,direct_medical,avoided_incident_case_first_year,167.72841534354941,22329.17043600619,7912.595953582618,50409.93932055516,INTERNATIONAL_PROXY_ENDOMETRIAL,Event-specific first-year cost; no annual patient-year cost added for the same outcome,3745236.3731673504,2705638.4418676747,1327167.1805481939,958773.808831606,8455179.239801198,6108201.380288532
S4,2036,gastric_cancer,direct_medical,avoided_incident_case_first_year,4475.058099580222,64762.28390756019,31395.4919125426,119011.97726255516,CHINA_GASTRIC_NEW_DIAGNOSIS_COURSE,Event-specific first-year cost; no annual patient-year cost added for the same outcome,289814983.1478411,209368510.10311207,140496650.3735291,101497769.52069484,532585512.7958547,384751106.05198765
S4,2036,oesophageal_cancer,direct_medical,avoided_incident_case_first_year,2180.73470756704,68356.63525540795,29827.5487154762,135047.26753332303,CHINA_OESOPHAGEAL_NEW_DIAGNOSIS_DERIVED,Event-specific first-year cost; no annual patient-year cost added for the same outcome,149067686.99396887,107689668.73780768,65045970.72548563,46990593.209111035,294502263.472009,212754701.13867372
S4,2036,renal_cancer,direct_medical,avoided_incident_case_first_year,603.3269598873738,13135.225379367826,4654.616770652017,29653.851952691733,INTERNATIONAL_PROXY_RENAL,Event-specific first-year cost; no annual patient-year cost added for the same outcome,7924835.595569467,5725069.847786605,2808255.785678267,2028743.7297055533,17890968.347567767,12924816.193237951
S4,2036,stroke,direct_medical,avoided_incident_case_first_year,29434.701601220917,29612.850356671155,4730.172689851648,100820.84684525008,CHINA_FIRST_ISCHAEMIC_STROKE_ONE_YEAR,Event-specific first-year cost; no annual patient-year cost added for the same outcome,871645413.8102238,629695192.5862381,139231221.64802775,100583596.8853734,2967631542.0723314,2143880167.0986466
S4,2037,bladder_cancer,direct_medical,avoided_incident_case_first_year,452.4714868681939,17917.502226658013,6349.271058827539,40450.2353820222,INTERNATIONAL_PROXY_BLADDER,Event-specific first-year cost; no annual patient-year cost added for the same outcome,8107158.873460126,5686198.1193728605,2872864.116516888,2014969.0898533058,18302578.14747201,12837060.068296442
S4,2037,breast_cancer,direct_medical,avoided_incident_case_first_year,1122.1702276538592,53995.542586727424,26175.98574835096,99226.21468667472,CHINA_BREAST_NEW_DIAGNOSIS_COURSE,Event-specific first-year cost; no annual patient-year cost added for the same outcome,60592190.316841565,42498143.18505615,29373911.88629117,20602270.799605843,111348703.92417648,78097740.61798172
S4,2037,colon_cancer,direct_medical,avoided_incident_case_first_year,3280.6623135749846,72296.25822013385,35047.815693114135,132856.9673630357,CHINA_CRC_NEW_DIAGNOSIS_COURSE,Event-specific first-year cost; no annual patient-year cost added for the same outcome,237179609.75527883,166353006.27437353,114980048.11752146,80644692.37324946,435858845.923773,305702625.13506335
S4,2037,coronary_heart_disease,direct_medical,avoided_incident_case_first_year,15751.89917393713,21846.326995845397,8586.27962692537,46223.917226713966,CHINA_INCIDENT_MI_IMMEDIATE_PROXY,Event-specific first-year cost; no annual patient-year cost added for the same outcome,344121140.1594175,241359644.0568815,135250210.96255895,94861776.76099391,728114483.579614,510684849.25983804
S4,2037,endometrial_cancer,direct_medical,avoided_incident_case_first_year,168.01101425168775,22329.17043600619,7912.595953582618,50409.93932055516,INTERNATIONAL_PROXY_ENDOMETRIAL,Event-specific first-year cost; no annual patient-year cost added for the same outcome,3751546.5723522007,2631259.2854547445,1329403.271525216,932416.7073105022,8469425.033612508,5940284.315378507
S4,2037,gastric_cancer,direct_medical,avoided_incident_case_first_year,4554.241012468416,64762.28390756019,31395.4919125426,119011.97726255516,CHINA_GASTRIC_NEW_DIAGNOSIS_COURSE,Event-specific first-year cost; no annual patient-year cost added for the same outcome,294943049.43293387,206867120.67502123,142982636.87472197,100285144.72086784,542009227.8240873,380154367.2747441
S4,2037,oesophageal_cancer,direct_medical,avoided_incident_case_first_year,2224.9370970217683,68356.63525540795,29827.5487154762,135047.26753332303,CHINA_OESOPHAGEAL_NEW_DIAGNOSIS_DERIVED,Event-specific first-year cost; no annual patient-year cost added for the same outcome,152089213.60734323,106672314.41856185,66364419.650286995,46546668.703394465,300471675.38631386,210744787.68383464
S4,2037,renal_cancer,direct_medical,avoided_incident_case_first_year,618.814846358499,13135.225379367826,4654.616770652017,29653.851952691733,INTERNATIONAL_PROXY_RENAL,Event-specific first-year cost; no annual patient-year cost added for the same outcome,8128272.475017759,5701006.774703795,2880345.961788721,2020216.7055936863,18350243.840042613,12870491.826040927
S4,2037,stroke,direct_medical,avoided_incident_case_first_year,30239.202614892798,29612.850356671155,4730.172689851648,100820.84684525008,CHINA_FIRST_ISCHAEMIC_STROKE_ONE_YEAR,Event-specific first-year cost; no annual patient-year cost added for the same outcome,895468981.9398795,628063927.2695161,143036650.37185645,100323028.70101683,3048742015.558593,2138326309.6117685
S4,2038,bladder_cancer,direct_medical,avoided_incident_case_first_year,468.51309541385353,17917.502226658013,6349.271058827539,40450.2353820222,INTERNATIONAL_PROXY_BLADDER,Event-specific first-year cost; no annual patient-year cost added for the same outcome,8394584.430296158,5716303.516496033,2974716.6373928855,2025637.2803326845,18951464.9890502,12905025.47912752
S4,2038,breast_cancer,direct_medical,avoided_incident_case_first_year,1132.4347598308318,53995.542586727424,26175.98574835096,99226.21468667472,CHINA_BREAST_NEW_DIAGNOSIS_COURSE,Event-specific first-year cost; no annual patient-year cost added for the same outcome,61146429.30113612,41637742.96840674,29642596.134269092,20185165.558507122,112367214.59762704,76516605.35155506
S4,2038,colon_cancer,direct_medical,avoided_incident_case_first_year,3379.001834217148,72296.25822013385,35047.815693114135,132856.9673630357,CHINA_CRC_NEW_DIAGNOSIS_COURSE,Event-specific first-year cost; no annual patient-year cost added for the same outcome,244289189.13286886,166349050.68587384,118426633.51233721,80642774.78110696,448923936.4082254,305695356.0521931
S4,2038,coronary_heart_disease,direct_medical,avoided_incident_case_first_year,16318.010926589594,21846.326995845397,8586.27962692537,46223.917226713966,CHINA_INCIDENT_MI_IMMEDIATE_PROXY,Event-specific first-year cost; no annual patient-year cost added for the same outcome,356488602.6240544,242751391.6491452,140111004.77092183,95408776.4465497,754282386.3752915,513629601.73550636
S4,2038,endometrial_cancer,direct_medical,avoided_incident_case_first_year,168.56232748700023,22329.17043600619,7912.595953582618,50409.93932055516,INTERNATIONAL_PROXY_ENDOMETRIAL,Event-specific first-year cost; no annual patient-year cost added for the same outcome,3763856.9395471187,2563003.4265272305,1333765.590400106,908229.4660197437,8497216.700351229,5786191.098316575
S4,2038,gastric_cancer,direct_medical,avoided_incident_case_first_year,4643.955709733661,64762.28390756019,31395.4919125426,119011.97726255516,CHINA_GASTRIC_NEW_DIAGNOSIS_COURSE,Event-specific first-year cost; no annual patient-year cost added for the same outcome,300753178.1279065,204798279.65340474,145799273.92714918,99282210.95072457,552686351.3351357,376352511.53760076
S4,2038,oesophageal_cancer,direct_medical,avoided_incident_case_first_year,2274.992318421878,68356.63525540795,29827.5487154762,135047.26753332303,CHINA_OESOPHAGEAL_NEW_DIAGNOSIS_DERIVED,Event-specific first-year cost; no annual patient-year cost added for the same outcome,155510820.1192192,105895301.34362032,67857444.2050627,46207617.559949726,307231496.2621741,209209699.06783637
S4,2038,renal_cancer,direct_medical,avoided_incident_case_first_year,632.3900178387547,13135.225379367826,4654.616770652017,29653.851952691733,INTERNATIONAL_PROXY_RENAL,Event-specific first-year cost; no annual patient-year cost added for the same outcome,8306585.411974483,5656380.467051805,2943533.182625196,2004402.8650230097,18752799.965350516,12769744.265029447
S4,2038,stroke,direct_medical,avoided_incident_case_first_year,31071.48544223474,29612.850356671155,4730.172689851648,100820.84684525008,CHINA_FIRST_ISCHAEMIC_STROKE_ONE_YEAR,Event-specific first-year cost; no annual patient-year cost added for the same outcome,920115248.7603837,626553711.5915391,146973491.87198183,100081796.2337024,3132653475.025966,2133184581.5532157
S4,2039,bladder_cancer,direct_medical,avoided_incident_case_first_year,483.81431776664454,17917.502226658013,6349.271058827539,40450.2353820222,INTERNATIONAL_PROXY_BLADDER,Event-specific first-year cost; no annual patient-year cost added for the same outcome,8668744.11587288,5731061.089088943,3071868.2456421466,2030866.7943228264,19570403.034853257,12938341.913388226
S4,2039,breast_cancer,direct_medical,avoided_incident_case_first_year,1139.4251564423012,53995.542586727424,26175.98574835096,99226.21468667472,CHINA_BREAST_NEW_DIAGNOSIS_COURSE,Event-specific first-year cost; no annual patient-year cost added for the same outcome,61523879.55906883,40674532.259540565,29825576.656346235,19718219.796318647,113060845.1925417,74746537.89769173
S4,2039,colon_cancer,direct_medical,avoided_incident_case_first_year,3469.984847242322,72296.25822013385,35047.815693114135,132856.9673630357,CHINA_CRC_NEW_DIAGNOSIS_COURSE,Event-specific first-year cost; no annual patient-year cost added for the same outcome,250866920.5361826,165852588.0573549,121615389.3840477,80402099.38335858,461011663.6003016,304783019.4962227
S4,2039,coronary_heart_disease,direct_medical,avoided_incident_case_first_year,16928.521664078373,21846.326995845397,8586.27962692537,46223.917226713966,CHINA_INCIDENT_MI_IMMEDIATE_PROXY,Event-specific first-year cost; no annual patient-year cost added for the same outcome,369826019.829709,244498566.76445028,145353020.6782409,96095470.09990697,782502584.1709929,517326391.49452597
S4,2039,endometrial_cancer,direct_medical,avoided_incident_case_first_year,169.34698243950862,22329.17043600619,7912.595953582618,50409.93932055516,INTERNATIONAL_PROXY_ENDOMETRIAL,Event-specific first-year cost; no annual patient-year cost added for the same outcome,3781377.633715135,2499936.0841733515,1339974.2480022826,885880.834692723,8536771.10889475,5643811.384288277
S4,2039,gastric_cancer,direct_medical,avoided_incident_case_first_year,4748.575304914469,64762.28390756019,31395.4919125426,119011.97726255516,CHINA_GASTRIC_NEW_DIAGNOSIS_COURSE,Event-specific first-year cost; no annual patient-year cost added for the same outcome,307528582.0533,203312621.39358884,149083857.58154172,98561992.80728434,565137336.2180116,373622355.706631
S4,2039,oesophageal_cancer,direct_medical,avoided_incident_case_first_year,2333.008690915674,68356.63525540795,29827.5487154762,135047.26753332303,CHINA_OESOPHAGEAL_NEW_DIAGNOSIS_DERIVED,Event-specific first-year cost; no annual patient-year cost added for the same outcome,159476624.1326195,105432835.82591802,69587930.38191663,46005819.84555153,315066448.8396568,208296039.34393805
S4,2039,renal_cancer,direct_medical,avoided_incident_case_first_year,644.3247982758112,13135.225379367826,4654.616770652017,29653.851952691733,INTERNATIONAL_PROXY_RENAL,Event-specific first-year cost; no annual patient-year cost added for the same outcome,8463351.44286849,5595272.335781059,2999085.011801569,1982748.50246576,19106712.17751887,12631787.631209163
S4,2039,stroke,direct_medical,avoided_incident_case_first_year,31960.39129710281,29612.850356671155,4730.172689851648,100820.84684525008,CHINA_FIRST_ISCHAEMIC_STROKE_ONE_YEAR,Event-specific first-year cost; no annual patient-year cost added for the same outcome,946438284.8217607,625707202.2040995,151178170.070528,99946580.08470148,3222273716.0794663,2130302528.9214644
S4,2040,bladder_cancer,direct_medical,avoided_incident_case_first_year,497.04006631811353,17917.502226658013,6349.271058827539,40450.2353820222,INTERNATIONAL_PROXY_BLADDER,Event-specific first-year cost; no annual patient-year cost added for the same outcome,8905716.494993046,5716240.5324393045,3155842.1081513185,2025614.9612145673,20105387.676863614,12904883.287437644
S4,2040,breast_cancer,direct_medical,avoided_incident_case_first_year,1143.8662517644655,53995.542586727424,26175.98574835096,99226.21468667472,CHINA_BREAST_NEW_DIAGNOSIS_COURSE,Event-specific first-year cost; no annual patient-year cost added for the same outcome,61763678.91066847,39643755.22398723,29941826.704206277,19218519.196976878,113501518.27042277,72852305.54953766
S4,2040,colon_cancer,direct_medical,avoided_incident_case_first_year,3547.973716775321,72296.25822013385,35047.815693114135,132856.9673630357,CHINA_CRC_NEW_DIAGNOSIS_COURSE,Event-specific first-year cost; no annual patient-year cost added for the same outcome,256505223.98623666,164640942.58523706,124348728.90955459,79814717.2941932,471373028.29452735,302556409.8914133
S4,2040,coronary_heart_disease,direct_medical,avoided_incident_case_first_year,17515.272237211524,21846.326995845397,8586.27962692537,46223.917226713966,CHINA_INCIDENT_MI_IMMEDIATE_PROXY,Event-specific first-year cost; no annual patient-year cost added for the same outcome,382644364.7153755,245604857.0965907,150391025.17042086,96530276.28687507,809624494.0962266,519667154.4406861
S4,2040,endometrial_cancer,direct_medical,avoided_incident_case_first_year,170.60224724018914,22329.17043600619,7912.595953582618,50409.93932055516,INTERNATIONAL_PROXY_ENDOMETRIAL,Event-specific first-year cost; no annual patient-year cost added for the same outcome,3809406.6553918496,2445113.1742558284,1349906.651184822,866453.7119332711,8600048.931328284,5520044.154769431
S4,2040,gastric_cancer,direct_medical,avoided_incident_case_first_year,4860.805184166601,64762.28390756019,31395.4919125426,119011.97726255516,CHINA_GASTRIC_NEW_DIAGNOSIS_COURSE,Event-specific first-year cost; no annual patient-year cost added for the same outcome,314796845.3563378,202056116.19476226,152607369.84794766,97952863.59769478,578494036.0557457,371313308.5401278
S4,2040,oesophageal_cancer,direct_medical,avoided_incident_case_first_year,2394.5461191089753,68356.63525540795,29827.5487154762,135047.26753332303,CHINA_OESOPHAGEAL_NEW_DIAGNOSIS_DERIVED,Event-specific first-year cost; no annual patient-year cost added for the same outcome,163683115.66618487,105061963.37745957,71423441.01917744,45843988.942343816,323376910.36819017,207563333.43206027
S4,2040,renal_cancer,direct_medical,avoided_incident_case_first_year,654.1164968837215,13135.225379367826,4654.616770652017,29653.851952691733,INTERNATIONAL_PROXY_RENAL,Event-specific first-year cost; no annual patient-year cost added for the same outcome,8591967.610930234,5514857.062721202,3044661.6163551183,1954252.4342377335,19397073.758403223,12450243.536366457
S4,2040,stroke,direct_medical,avoided_incident_case_first_year,32827.13982924568,29612.850356671155,4730.172689851648,100820.84684525008,CHINA_FIRST_ISCHAEMIC_STROKE_ONE_YEAR,Event-specific first-year cost; no annual patient-year cost added for the same outcome,972105179.4009718,623957323.5247431,155278040.30623922,99667065.33890869,3309660037.0919876,2124344836.6289551
S4,2041,bladder_cancer,direct_medical,avoided_incident_case_first_year,509.69563541137154,17917.502226658013,6349.271058827539,40450.2353820222,INTERNATIONAL_PROXY_BLADDER,Event-specific first-year cost; no annual patient-year cost added for the same outcome,9132472.68240112,5691055.04900321,3236195.746728134,2016690.1982057223,20617308.425579347,12848024.986525347
S4,2041,breast_cancer,direct_medical,avoided_incident_case_first_year,1149.180978638422,53995.542586727424,26175.98574835096,99226.21468667472,CHINA_BREAST_NEW_DIAGNOSIS_COURSE,Event-specific first-year cost; no annual patient-year cost added for the same outcome,62050650.47192801,38667913.93120849,30080944.91911534,18745450.374093942,114028878.50021902,71059027.19768374
S4,2041,colon_cancer,direct_medical,avoided_incident_case_first_year,3623.228358240829,72296.25822013385,35047.815693114135,132856.9673630357,CHINA_CRC_NEW_DIAGNOSIS_COURSE,Event-specific first-year cost; no annual patient-year cost added for the same outcome,261945852.9778906,163235995.44163406,126986239.71368909,79133626.3254513,481371131.7396273,299974574.79510576
S4,2041,coronary_heart_disease,direct_medical,avoided_incident_case_first_year,18069.509745502248,21846.326995845397,8586.27962692537,46223.917226713966,CHINA_INCIDENT_MI_IMMEDIATE_PROXY,Event-specific first-year cost; no annual patient-year cost added for the same outcome,394752418.55485725,245996656.42056772,155149863.3963354,96684265.49311312,835243522.8033973,520496149.60881853
S4,2041,endometrial_cancer,direct_medical,avoided_incident_case_first_year,171.8817857233079,22329.17043600619,7912.595953582618,50409.93932055516,INTERNATIONAL_PROXY_ENDOMETRIAL,Event-specific first-year cost; no annual patient-year cost added for the same outcome,3837977.6882608375,2391700.808788595,1360031.1222088006,847526.431670955,8664550.388620615,5399461.345395157
S4,2041,gastric_cancer,direct_medical,avoided_incident_case_first_year,4968.835218342553,64762.28390756019,31395.4919125426,119011.97726255516,CHINA_GASTRIC_NEW_DIAGNOSIS_COURSE,Event-specific first-year cost; no annual patient-year cost added for the same outcome,321793117.10018426,200530831.84542152,155999025.91223046,97213435.4990439,591350904.0267673,368510332.8674079
S4,2041,oesophageal_cancer,direct_medical,avoided_incident_case_first_year,2453.5117018233896,68356.63525540795,29827.5487154762,135047.26753332303,CHINA_OESOPHAGEAL_NEW_DIAGNOSIS_DERIVED,Event-specific first-year cost; no annual patient-year cost added for the same outcome,167713804.49641666,104513698.21299255,73182239.81012808,45604752.38774989,331340051.19228196,206480165.5425302
S4,2041,renal_cancer,direct_medical,avoided_incident_case_first_year,663.5218977198984,13135.225379367826,4654.616770652017,29653.851952691733,INTERNATIONAL_PROXY_RENAL,Event-specific first-year cost; no annual patient-year cost added for the same outcome,8715509.670696713,5431217.485231373,3088440.152821892,1924613.7969985192,19675980.122354936,12261420.309003728
S4,2041,stroke,direct_medical,avoided_incident_case_first_year,33649.29077905813,29612.850356671155,4730.172689851648,100820.84684525008,CHINA_FIRST_ISCHAEMIC_STROKE_ONE_YEAR,Event-specific first-year cost; no annual patient-year cost added for the same outcome,996451412.448363,620955576.7770057,159166956.27597764,99187584.96748269,3392549992.0867057,2114124994.7198942
S4,2042,bladder_cancer,direct_medical,avoided_incident_case_first_year,521.261740566143,17917.502226658013,6349.271058827539,40450.2353820222,INTERNATIONAL_PROXY_BLADDER,Event-specific first-year cost; no annual patient-year cost added for the same outcome,9339708.397265498,5650677.179740132,3309632.08345068,2002381.8401831544,21085160.101543073,12756868.624703556
S4,2042,breast_cancer,direct_medical,avoided_incident_case_first_year,1155.2867434999928,53995.542586727424,26175.98574835096,99226.21468667472,CHINA_BREAST_NEW_DIAGNOSIS_COURSE,Event-specific first-year cost; no annual patient-year cost added for the same outcome,62380334.5585355,37741128.30521288,30240769.3331146,18296162.781532537,114634730.43519959,69355897.17827784
S4,2042,colon_cancer,direct_medical,avoided_incident_case_first_year,3693.1540356171026,72296.25822013385,35047.815693114135,132856.9673630357,CHINA_CRC_NEW_DIAGNOSIS_COURSE,Event-specific first-year cost; no annual patient-year cost added for the same outcome,267001217.80570346,161540127.83303225,129436981.96658888,78311502.7902993,490661245.17664504,296858122.6705435
S4,2042,coronary_heart_disease,direct_medical,avoided_incident_case_first_year,18560.223581189017,21846.326995845397,8586.27962692537,46223.917226713966,CHINA_INCIDENT_MI_IMMEDIATE_PROXY,Event-specific first-year cost; no annual patient-year cost added for the same outcome,405472713.4706559,245317659.99105138,159363269.6063431,96417398.97543168,857926238.5261858,519059483.630086
S4,2042,endometrial_cancer,direct_medical,avoided_incident_case_first_year,173.06006547844356,22329.17043600619,7912.595953582618,50409.93932055516,INTERNATIONAL_PROXY_ENDOMETRIAL,Event-specific first-year cost; no annual patient-year cost added for the same outcome,3864287.697734557,2337957.6086050337,1369354.3738314754,828481.9163575108,8723947.399579642,5278131.649430406
S4,2042,gastric_cancer,direct_medical,avoided_incident_case_first_year,5068.6307577020325,64762.28390756019,31395.4919125426,119011.97726255516,CHINA_GASTRIC_NEW_DIAGNOSIS_COURSE,Event-specific first-year cost; no annual patient-year cost added for the same outcome,328256104.1528909,198600341.461433,159132155.96109882,96277571.41919976,603227768.487922,364962720.5254348
S4,2042,oesophageal_cancer,direct_medical,avoided_incident_case_first_year,2507.475007860796,68356.63525540795,29827.5487154762,135047.26753332303,CHINA_OESOPHAGEAL_NEW_DIAGNOSIS_DERIVED,Event-specific first-year cost; no annual patient-year cost added for the same outcome,171402554.5243916,103701364.34706195,74791832.94980696,45250288.949508026,338627648.21969813,204875296.1906551
S4,2042,renal_cancer,direct_medical,avoided_incident_case_first_year,672.4069923155378,13135.225379367826,4654.616770652017,29653.851952691733,INTERNATIONAL_PROXY_RENAL,Event-specific first-year cost; no annual patient-year cost added for the same outcome,8832217.390727438,5343636.77466629,3129796.863135584,1893578.5743504039,19939457.402079687,12063699.64947946
S4,2042,stroke,direct_medical,avoided_incident_case_first_year,34390.72214956023,29612.850356671155,4730.172689851648,100820.84684525008,CHINA_FIRST_ISCHAEMIC_STROKE_ONE_YEAR,Event-specific first-year cost; no annual patient-year cost added for the same outcome,1018407308.6727831,616153170.3155457,162674054.69612595,98420478.40340798,3467301730.7383614,2097774569.802746
S4,2043,bladder_cancer,direct_medical,avoided_incident_case_first_year,531.7120340227539,17917.502226658013,6349.271058827539,40450.2353820222,INTERNATIONAL_PROXY_BLADDER,Event-specific first-year cost; no annual patient-year cost added for the same outcome,9526951.553543553,5596079.969573046,3375983.8292509946,1983034.696701802,21507876.93167419,12633610.93094005
S4,2043,breast_cancer,direct_medical,avoided_incident_case_first_year,1161.0736709293133,53995.542586727424,26175.98574835096,99226.21468667472,CHINA_BREAST_NEW_DIAGNOSIS_COURSE,Event-specific first-year cost; no annual patient-year cost added for the same outcome,62692802.84499168,36825414.32749883,30392247.863031235,17852242.508082025,115208945.33867756,67673113.24109821
S4,2043,colon_cancer,direct_medical,avoided_incident_case_first_year,3756.5069351136535,72296.25822013385,35047.815693114135,132856.9673630357,CHINA_CRC_NEW_DIAGNOSIS_COURSE,Event-specific first-year cost; no annual patient-year cost added for the same outcome,271581395.3867003,159525447.17905322,131657362.71176839,77334824.90987375,499078119.277412,293155796.04282755
S4,2043,coronary_heart_disease,direct_medical,avoided_incident_case_first_year,18999.723020127392,21846.326995845397,8586.27962692537,46223.917226713966,CHINA_INCIDENT_MI_IMMEDIATE_PROXY,Event-specific first-year cost; no annual patient-year cost added for the same outcome,415074161.9281943,243812324.4774689,163136934.6849448,95825755.73698622,878241624.2128605,515874394.2467996
S4,2043,endometrial_cancer,direct_medical,avoided_incident_case_first_year,174.15322866535783,22329.17043600619,7912.595953582618,50409.93932055516,INTERNATIONAL_PROXY_ENDOMETRIAL,Event-specific first-year cost; no annual patient-year cost added for the same outcome,3888697.1248495337,2284199.721789557,1378004.1324408588,809432.1966687137,8779053.689499456,5156768.797185808
S4,2043,gastric_cancer,direct_medical,avoided_incident_case_first_year,5158.978054200827,64762.28390756019,31395.4919125426,119011.97726255516,CHINA_GASTRIC_NEW_DIAGNOSIS_COURSE,Event-specific first-year cost; no annual patient-year cost added for the same outcome,334107201.4190264,196252768.47930318,161968653.7776468,95139513.83185832,613980178.8845698,360648646.26007664
S4,2043,oesophageal_cancer,direct_medical,avoided_incident_case_first_year,2556.2751836558,68356.63525540795,29827.5487154762,135047.26753332303,CHINA_OESOPHAGEAL_NEW_DIAGNOSIS_DERIVED,Event-specific first-year cost; no annual patient-year cost added for the same outcome,174738370.3416105,102640376.48231891,76247422.57065625,44787324.862643495,345217978.6159593,202779179.09120753
S4,2043,renal_cancer,direct_medical,avoided_incident_case_first_year,680.4131288306226,13135.225379367826,4654.616770652017,29653.851952691733,INTERNATIONAL_PROXY_RENAL,Event-specific first-year cost; no annual patient-year cost added for the same outcome,8937379.798271064,5249768.69972312,3167062.3604268273,1860315.352499213,20176870.18901105,11851784.747598808
S4,2043,stroke,direct_medical,avoided_incident_case_first_year,35055.71636436775,29612.850356671155,4730.172689851648,100820.84684525008,CHINA_FIRST_ISCHAEMIC_STROKE_ONE_YEAR,Event-specific first-year cost; no annual patient-year cost added for the same outcome,1038099682.8439304,609774155.8706975,165819592.16991782,97401534.27774084,3534347010.622448,2076056375.484353
S4,2044,bladder_cancer,direct_medical,avoided_incident_case_first_year,540.6601564593767,17917.502226658013,6349.271058827539,40450.2353820222,INTERNATIONAL_PROXY_BLADDER,Event-specific first-year cost; no annual patient-year cost added for the same outcome,9687279.557226151,5524520.169306882,3432797.8840686893,1957676.6661539145,21869830.590462737,12472058.79448488
S4,2044,breast_cancer,direct_medical,avoided_incident_case_first_year,1165.6700083967162,53995.542586727424,26175.98574835096,99226.21468667472,CHINA_BREAST_NEW_DIAGNOSIS_COURSE,Event-specific first-year cost; no annual patient-year cost added for the same outcome,62940984.5804558,35894364.02001875,30512561.527072586,17400887.481128614,115665022.50699048,65962146.12662343
S4,2044,colon_cancer,direct_medical,avoided_incident_case_first_year,3811.0836852375496,72296.25822013385,35047.815693114135,132856.9673630357,CHINA_CRC_NEW_DIAGNOSIS_COURSE,Event-specific first-year cost; no annual patient-year cost added for the same outcome,275527090.20647323,157129249.55290034,133570158.59123984,76173195.04363681,506329020.787403,288752365.52442044
S4,2044,coronary_heart_disease,direct_medical,avoided_incident_case_first_year,19368.145556060932,21846.326995845397,8586.27962692537,46223.917226713966,CHINA_INCIDENT_MI_IMMEDIATE_PROXY,Event-specific first-year cost; no annual patient-year cost added for the same outcome,423122841.120837,241301043.91617534,166300313.59933114,94838745.10013962,895271557.0183084,510560859.1696965
S4,2044,endometrial_cancer,direct_medical,avoided_incident_case_first_year,175.05470985469583,22329.17043600619,7912.595953582618,50409.93932055516,INTERNATIONAL_PROXY_ENDOMETRIAL,Event-specific first-year cost; no annual patient-year cost added for the same outcome,3908826.451971115,2229149.106791959,1385137.1888518455,789924.3840197574,8824497.301552607,5032487.504714986
S4,2044,gastric_cancer,direct_medical,avoided_incident_case_first_year,5236.605166804722,64762.28390756019,31395.4919125426,119011.97726255516,CHINA_GASTRIC_NEW_DIAGNOSIS_COURSE,Event-specific first-year cost; no annual patient-year cost added for the same outcome,339134510.524404,193403672.56176916,164405795.16359645,93758327.70870255,623218735.0447425,355412936.2434197
S4,2044,oesophageal_cancer,direct_medical,avoided_incident_case_first_year,2598.1990725746978,68356.63525540795,29827.5487154762,135047.26753332303,CHINA_OESOPHAGEAL_NEW_DIAGNOSIS_DERIVED,Event-specific first-year cost; no annual patient-year cost added for the same outcome,177604146.32492784,101285162.95296676,77497909.40972689,44195974.84350361,350879685.258827,200101781.59527504
S4,2044,renal_cancer,direct_medical,avoided_incident_case_first_year,687.2638275890201,13135.225379367826,4654.616770652017,29653.851952691733,INTERNATIONAL_PROXY_RENAL,Event-specific first-year cost; no annual patient-year cost added for the same outcome,9027365.270468771,5148180.272675591,3198949.7377583496,1824316.3359172572,20380019.79576506,11622440.515675226
S4,2044,stroke,direct_medical,avoided_incident_case_first_year,35619.481655487114,29612.850356671155,4730.172689851648,100820.84684525008,CHINA_FIRST_ISCHAEMIC_STROKE_ONE_YEAR,Event-specific first-year cost; no annual patient-year cost added for the same outcome,1054794380.0461333,601534496.1000565,168486299.3534569,96085382.23052748,3591186304.695061,2048003369.245944
S4,2045,bladder_cancer,direct_medical,avoided_incident_case_first_year,547.9035512374362,17917.502226658013,6349.271058827539,40450.2353820222,INTERNATIONAL_PROXY_BLADDER,Event-specific first-year cost; no annual patient-year cost added for the same outcome,9817063.099290596,5435469.815394555,3478788.160900685,1926120.6586411784,22162827.614200152,12271020.29419399
S4,2045,breast_cancer,direct_medical,avoided_incident_case_first_year,1169.4918461663683,53995.542586727424,26175.98574835096,99226.21468667472,CHINA_BREAST_NEW_DIAGNOSIS_COURSE,Event-specific first-year cost; no annual patient-year cost added for the same outcome,63147346.78450662,34963154.8557777,30612601.898063507,16949455.443516325,116044249.00201963,64250887.085180014
S4,2045,colon_cancer,direct_medical,avoided_incident_case_first_year,3857.106169152168,72296.25822013385,35047.815693114135,132856.9673630357,CHINA_CRC_NEW_DIAGNOSIS_COURSE,Event-specific first-year cost; no annual patient-year cost added for the same outcome,278854343.5874964,154394888.99394232,135183146.1252187,74847630.38416192,512443428.4308133,283727501.7142615
S4,2045,coronary_heart_disease,direct_medical,avoided_incident_case_first_year,19638.211511736055,21846.326995845397,8586.27962692537,46223.917226713966,CHINA_INCIDENT_MI_IMMEDIATE_PROXY,Event-specific first-year cost; no annual patient-year cost added for the same outcome,429022790.2989612,237539516.981903,168619175.41247058,93360349.11677748,907755063.3991888,502601969.3440097
S4,2045,endometrial_cancer,direct_medical,avoided_incident_case_first_year,175.7563596918656,22329.17043600619,7912.595953582618,50409.93932055516,INTERNATIONAL_PROXY_ENDOMETRIAL,Event-specific first-year cost; no annual patient-year cost added for the same outcome,3924493.710771675,2172897.015111034,1390689.0605142668,769990.8144189216,8859867.427268613,4905493.779783889
S4,2045,gastric_cancer,direct_medical,avoided_incident_case_first_year,5301.245856247893,64762.28390756019,31395.4919125426,119011.97726255516,CHINA_GASTRIC_NEW_DIAGNOSIS_COURSE,Event-specific first-year cost; no annual patient-year cost added for the same outcome,343320789.2061031,190088396.89153668,166435221.4062307,92151146.73526433,630911751.306989,349320539.72991824
S4,2045,oesophageal_cancer,direct_medical,avoided_incident_case_first_year,2632.6265929133415,68356.63525540795,29827.5487154762,135047.26753332303,CHINA_OESOPHAGEAL_NEW_DIAGNOSIS_DERIVED,Event-specific first-year cost; no annual patient-year cost added for the same outcome,179957495.77546462,99638102.19496448,78524797.94978082,43477276.72717443,355529027.80850875,196847802.60701036
S4,2045,renal_cancer,direct_medical,avoided_incident_case_first_year,693.2118357704476,13135.225379367826,4654.616770652017,29653.851952691733,INTERNATIONAL_PROXY_RENAL,Event-specific first-year cost; no annual patient-year cost added for the same outcome,9105493.698490145,5041491.0907504475,3226635.436391597,1786509.80872847,20556401.149790507,11381580.909967093
S4,2045,stroke,direct_medical,avoided_incident_case_first_year,36062.5913712525,29612.850356671155,4730.172689851648,100820.84684525008,CHINA_FIRST_ISCHAEMIC_STROKE_ONE_YEAR,Event-specific first-year cost; no annual patient-year cost added for the same outcome,1067916121.7506807,591279264.1180536,170582284.82957828,94447275.20384488,3635861001.4838853,2013088082.1132717
S4,2046,bladder_cancer,direct_medical,avoided_incident_case_first_year,553.5188365577226,17917.502226658013,6349.271058827539,40450.2353820222,INTERNATIONAL_PROXY_BLADDER,Event-specific first-year cost; no annual patient-year cost added for the same outcome,9917674.986520147,5331239.007705327,3514441.1294718385,1889185.284372615,22389967.227142952,12035710.670578336
S4,2046,breast_cancer,direct_medical,avoided_incident_case_first_year,1171.293747026373,53995.542586727424,26175.98574835096,99226.21468667472,CHINA_BREAST_NEW_DIAGNOSIS_COURSE,Event-specific first-year cost; no annual patient-year cost added for the same outcome,63244641.39913006,33997111.18923069,30659768.429294933,16481136.31870703,116223044.80359855,62475613.57812095
S4,2046,colon_cancer,direct_medical,avoided_incident_case_first_year,3893.0819076626576,72296.25822013385,35047.815693114135,132856.9673630357,CHINA_CRC_NEW_DIAGNOSIS_COURSE,Event-specific first-year cost; no annual patient-year cost added for the same outcome,281455254.8685108,151296068.45536864,136444017.177958,73345382.63613503,517223055.9479625,278032879.2082998
S4,2046,coronary_heart_disease,direct_medical,avoided_incident_case_first_year,19825.542825075343,21846.326995845397,8586.27962692537,46223.917226713966,CHINA_INCIDENT_MI_IMMEDIATE_PROXY,Event-specific first-year cost; no annual patient-year cost added for the same outcome,433115291.4267325,232820811.29158267,170227654.45168087,91505752.39019917,916414250.5209556,492617816.800286
S4,2046,endometrial_cancer,direct_medical,avoided_incident_case_first_year,175.92131478102124,22329.17043600619,7912.595953582618,50409.93932055516,INTERNATIONAL_PROXY_ENDOMETRIAL,Event-specific first-year cost; no annual patient-year cost added for the same outcome,3928177.021071718,2111588.7133197207,1391994.2834852426,748265.5191570467,8868182.803303564,4767085.244545032
S4,2046,gastric_cancer,direct_medical,avoided_incident_case_first_year,5351.798057627091,64762.28390756019,31395.4919125426,119011.97726255516,CHINA_GASTRIC_NEW_DIAGNOSIS_COURSE,Event-specific first-year cost; no annual patient-year cost added for the same outcome,346594665.2239748,186311711.32509163,168022332.63579252,90320283.24492194,636928068.7481022,342380222.1617
S4,2046,oesophageal_cancer,direct_medical,avoided_incident_case_first_year,2659.187657724412,68356.63525540795,29827.5487154762,135047.26753332303,CHINA_OESOPHAGEAL_NEW_DIAGNOSIS_DERIVED,Event-specific first-year cost; no annual patient-year cost added for the same outcome,181773120.79475024,97712009.46294858,79317049.40436795,42636822.47456134,359116027.0340193,193042560.29947644
S4,2046,renal_cancer,direct_medical,avoided_incident_case_first_year,698.0092255436622,13135.225379367826,4654.616770652017,29653.851952691733,INTERNATIONAL_PROXY_RENAL,Event-specific first-year cost; no annual patient-year cost added for the same outcome,9168508.494393993,4928525.102327581,3248965.4472853565,1746479.0236418073,20698662.23588477,11126550.897186117
S4,2046,stroke,direct_medical,avoided_incident_case_first_year,36392.68145249421,29612.850356671155,4730.172689851648,100820.84684525008,CHINA_FIRST_ISCHAEMIC_STROKE_ONE_YEAR,Event-specific first-year cost; no annual patient-year cost added for the same outcome,1077691029.930713,579312032.7929467,172143667.9170587,92535704.04114504,3669140963.009892,1972344067.8742483
S4,2047,bladder_cancer,direct_medical,avoided_incident_case_first_year,557.7854401738131,17917.502226658013,6349.271058827539,40450.2353820222,INTERNATIONAL_PROXY_BLADDER,Event-specific first-year cost; no annual patient-year cost added for the same outcome,9994121.866311716,5215857.25493475,3541530.9523309707,1848298.4456650934,22562552.3476956,11775226.871033097
S4,2047,breast_cancer,direct_medical,avoided_incident_case_first_year,1170.6708128750763,53995.542586727424,26175.98574835096,99226.21468667472,CHINA_BREAST_NEW_DIAGNOSIS_COURSE,Event-specific first-year cost; no annual patient-year cost added for the same outcome,63211005.731635,32989349.864586405,30643462.51382843,15992593.287043666,116161233.40576632,60623676.607741065
S4,2047,colon_cancer,direct_medical,avoided_incident_case_first_year,3919.7751285004215,72296.25822013385,35047.815693114135,132856.9673630357,CHINA_CRC_NEW_DIAGNOSIS_COURSE,Event-specific first-year cost; no annual patient-year cost added for the same outcome,283385074.8549248,147896545.42883527,137379556.26213554,71697360.18778571,520769436.3176196,271785663.5030166
S4,2047,coronary_heart_disease,direct_medical,avoided_incident_case_first_year,19946.39556127846,21846.326995845397,8586.27962692537,46223.917226713966,CHINA_INCIDENT_MI_IMMEDIATE_PROXY,Event-specific first-year cost; no annual patient-year cost added for the same outcome,435755479.8201684,227417517.1366385,171265329.8383999,89382091.30384333,922000537.3958304,481185166.2765973
S4,2047,endometrial_cancer,direct_medical,avoided_incident_case_first_year,175.40291809542737,22329.17043600619,7912.595953582618,50409.93932055516,INTERNATIONAL_PROXY_ENDOMETRIAL,Event-specific first-year cost; no annual patient-year cost added for the same outcome,3916601.6531256316,2044045.0317106028,1387892.4199684619,724330.6460133236,8842050.4578388,4614599.8263714975
S4,2047,gastric_cancer,direct_medical,avoided_incident_case_first_year,5389.7673606172175,64762.28390756019,31395.4919125426,119011.97726255516,CHINA_GASTRIC_NEW_DIAGNOSIS_COURSE,Event-specific first-year cost; no annual patient-year cost added for the same outcome,349053644.0039936,182168479.21142375,169214397.5807439,88311725.13875449,641446870.5722382,334766311.4662532
S4,2047,oesophageal_cancer,direct_medical,avoided_incident_case_first_year,2678.764617751723,68356.63525540795,29827.5487154762,135047.26753332303,CHINA_OESOPHAGEAL_NEW_DIAGNOSIS_DERIVED,Event-specific first-year cost; no annual patient-year cost added for the same outcome,183111335.91074684,95564433.03841077,79900982.13328351,41699723.38851408,361759841.9923167,188799748.65625897
S4,2047,renal_cancer,direct_medical,avoided_incident_case_first_year,701.8459921870835,13135.225379367826,4654.616770652017,29653.851952691733,INTERNATIONAL_PROXY_RENAL,Event-specific first-year cost; no annual patient-year cost added for the same outcome,9218905.288983373,4811277.536667223,3266824.1256489037,1704931.0128784706,20812437.145905815,10861854.871538397
S4,2047,stroke,direct_medical,avoided_incident_case_first_year,36629.222092100674,29612.850356671155,4730.172689851648,100820.84684525008,CHINA_FIRST_ISCHAEMIC_STROKE_ONE_YEAR,Event-specific first-year cost; no annual patient-year cost added for the same outcome,1084695672.4946504,566094537.2147505,173262545.99056527,90424423.43630001,3692989190.6083326,1927343364.4189363
S4,2048,bladder_cancer,direct_medical,avoided_incident_case_first_year,561.0017998636741,17917.502226658013,6349.271058827539,40450.2353820222,INTERNATIONAL_PROXY_BLADDER,Event-specific first-year cost; no annual patient-year cost added for the same outcome,10051750.998216534,5093139.28806626,3561952.491824585,1804811.935906105,22692654.85422373,11498180.964598209
S4,2048,breast_cancer,direct_medical,avoided_incident_case_first_year,1169.1389778556565,53995.542586727424,26175.98574835096,99226.21468667472,CHINA_BREAST_NEW_DIAGNOSIS_COURSE,Event-specific first-year cost; no annual patient-year cost added for the same outcome,63128293.468608074,31986585.39299187,30603365.222191274,15506472.632264594,116009235.21526481,58780922.225214176
S4,2048,colon_cancer,direct_medical,avoided_incident_case_first_year,3939.799732919859,72296.25822013385,35047.815693114135,132856.9673630357,CHINA_CRC_NEW_DIAGNOSIS_COURSE,Event-specific first-year cost; no annual patient-year cost added for the same outcome,284832778.8267885,144322418.71383384,138081374.9071555,69964693.27728273,523429844.5334305,265217583.10692692
S4,2048,coronary_heart_disease,direct_medical,avoided_incident_case_first_year,20020.313581310333,21846.326995845397,8586.27962692537,46223.917226713966,CHINA_INCIDENT_MI_IMMEDIATE_PROXY,Event-specific first-year cost; no annual patient-year cost added for the same outcome,437370317.0566701,221611930.66069388,171900010.62786222,87100316.94011451,925417317.8353462,468901318.8011096
S4,2048,endometrial_cancer,direct_medical,avoided_incident_case_first_year,174.65747610280985,22329.17043600619,7912.595953582618,50409.93932055516,INTERNATIONAL_PROXY_ENDOMETRIAL,Event-specific first-year cost; no annual patient-year cost added for the same outcome,3899956.551822319,1976075.8040426923,1381994.038674046,700244.9757751668,8804472.772223957,4461153.702959794
S4,2048,gastric_cancer,direct_medical,avoided_incident_case_first_year,5418.4986210838915,64762.28390756019,31395.4919125426,119011.97726255516,CHINA_GASTRIC_NEW_DIAGNOSIS_COURSE,Event-specific first-year cost; no annual patient-year cost added for the same outcome,350914346.0513584,177805403.54982555,170116429.63636255,86196591.1690656,644866234.6896225,326748399.9581584
S4,2048,oesophageal_cancer,direct_medical,avoided_incident_case_first_year,2693.290796332962,68356.63525540795,29827.5487154762,135047.26753332303,CHINA_OESOPHAGEAL_NEW_DIAGNOSIS_DERIVED,Event-specific first-year cost; no annual patient-year cost added for the same outcome,184104296.6016795,93284127.938524,80334262.43256512,40704707.89076632,363721562.71741414,184294714.55486724
S4,2048,renal_cancer,direct_medical,avoided_incident_case_first_year,704.7795845692924,13135.225379367826,4654.616770652017,29653.851952691733,INTERNATIONAL_PROXY_RENAL,Event-specific first-year cost; no annual patient-year cost added for the same outcome,9257438.686094884,4690667.793838108,3280478.8739493904,1662191.576328091,20899429.46009738,10589568.454319801
S4,2048,stroke,direct_medical,avoided_incident_case_first_year,36794.159334005446,29612.850356671155,4730.172689851648,100820.84684525008,CHINA_FIRST_ISCHAEMIC_STROKE_ONE_YEAR,Event-specific first-year cost; no annual patient-year cost added for the same outcome,1089579934.3574185,552081161.9934719,174042727.62776268,88186013.96318412,3709618303.0134916,1879632983.9607012
S4,2049,bladder_cancer,direct_medical,avoided_incident_case_first_year,564.2385249239808,17917.502226658013,6349.271058827539,40450.2353820222,INTERNATIONAL_PROXY_BLADDER,Event-specific first-year cost; no annual patient-year cost added for the same outcome,10109745.026691658,4973324.644420195,3582503.336575372,1762354.2518102801,22823581.14478002,11227689.549199602
S4,2049,breast_cancer,direct_medical,avoided_incident_case_first_year,1167.2349288159553,53995.542586727424,26175.98574835096,99226.21468667472,CHINA_BREAST_NEW_DIAGNOSIS_COURSE,Event-specific first-year cost; no annual patient-year cost added for the same outcome,63025483.30759767,31004361.48810987,30553524.861663893,15030309.643540395,115820303.63647747,56975914.71186877
S4,2049,colon_cancer,direct_medical,avoided_incident_case_first_year,3958.977293778516,72296.25822013385,35047.815693114135,132856.9673630357,CHINA_CRC_NEW_DIAGNOSIS_COURSE,Event-specific first-year cost; no annual patient-year cost added for the same outcome,286219244.7186583,140800902.46672183,138753506.5255732,68257530.89533365,525977717.11053175,258746183.60950914
S4,2049,coronary_heart_disease,direct_medical,avoided_incident_case_first_year,20102.48599711098,21846.326995845397,8586.27962692537,46223.917226713966,CHINA_INCIDENT_MI_IMMEDIATE_PROXY,Event-specific first-year cost; no annual patient-year cost added for the same outcome,439165482.5222897,216040316.68853328,172605565.96754655,84910500.97941075,929215648.7816344,457112525.97029024
S4,2049,endometrial_cancer,direct_medical,avoided_incident_case_first_year,173.82842758102436,22329.17043600619,7912.595953582618,50409.93932055516,INTERNATIONAL_PROXY_ENDOMETRIAL,Event-specific first-year cost; no annual patient-year cost added for the same outcome,3881444.586079652,1909413.5376249219,1375434.1126952425,676622.4421469878,8762680.486546954,4310658.152096349
S4,2049,gastric_cancer,direct_medical,avoided_incident_case_first_year,5446.594010213591,64762.28390756019,31395.4919125426,119011.97726255516,CHINA_GASTRIC_NEW_DIAGNOSIS_COURSE,Event-specific first-year cost; no annual patient-year cost added for the same outcome,352733867.61866933,173521689.4311377,170998498.19856375,84119930.12726425,648209922.501909,318876329.1087076
S4,2049,oesophageal_cancer,direct_medical,avoided_incident_case_first_year,2707.641314227552,68356.63525540795,29827.5487154762,135047.26753332303,CHINA_OESOPHAGEAL_NEW_DIAGNOSIS_DERIVED,Event-specific first-year cost; no annual patient-year cost added for the same outcome,185085249.7191262,91049678.4356608,80762303.2041583,39729701.57060589,365659560.94676656,179880274.04480726
S4,2049,renal_cancer,direct_medical,avoided_incident_case_first_year,707.3657392521086,13135.225379367826,4654.616770652017,29653.851952691733,INTERNATIONAL_PROXY_RENAL,Event-specific first-year cost; no annual patient-year cost added for the same outcome,9291408.410719581,4570757.255341622,3292516.432907527,1619699.9107994316,20976118.908188373,10318860.548406927
S4,2049,stroke,direct_medical,avoided_incident_case_first_year,36959.019694297116,29612.850356671155,4730.172689851648,100820.84684525008,CHINA_FIRST_ISCHAEMIC_STROKE_ONE_YEAR,Event-specific first-year cost; no annual patient-year cost added for the same outcome,1094461919.5364826,538402741.3588928,174822545.60165343,86001108.05420555,3726239664.149311,1833063000.4814475
S4,2050,bladder_cancer,direct_medical,avoided_incident_case_first_year,568.0931679146767,17917.502226658013,6349.271058827539,40450.2353820222,INTERNATIONAL_PROXY_BLADDER,Event-specific first-year cost; no annual patient-year cost added for the same outcome,10178810.601060424,4861456.631526074,3606977.50975831,1722712.5468621193,22979502.361067332,10975138.306507204
S4,2050,breast_cancer,direct_medical,avoided_incident_case_first_year,1164.309175285608,53995.542586727424,26175.98574835096,99226.21468667472,CHINA_BREAST_NEW_DIAGNOSIS_COURSE,Event-specific first-year cost; no annual patient-year cost added for the same outcome,62867505.65825153,30025870.8279698,30476940.378950335,14555956.459042221,115529992.18855493,55177767.68600981
S4,2050,colon_cancer,direct_medical,avoided_incident_case_first_year,3980.938014636621,72296.25822013385,35047.815693114135,132856.9673630357,CHINA_CRC_NEW_DIAGNOSIS_COURSE,Event-specific first-year cost; no annual patient-year cost added for the same outcome,287806922.66451615,137458189.13663256,139523181.822696,66637048.679626696,528895351.88484573,252603365.61680728
S4,2050,coronary_heart_disease,direct_medical,avoided_incident_case_first_year,20210.442288920283,21846.326995845397,8586.27962692537,46223.917226713966,CHINA_INCIDENT_MI_IMMEDIATE_PROXY,Event-specific first-year cost; no annual patient-year cost added for the same outcome,441523930.9744146,210874288.3956808,173532508.8765072,82880092.68736814,934205811.4783307,446181898.3986584
S4,2050,endometrial_cancer,direct_medical,avoided_incident_case_first_year,172.78868634215183,22329.17043600619,7912.595953582618,50409.93932055516,INTERNATIONAL_PROXY_ENDOMETRIAL,Event-specific first-year cost; no annual patient-year cost added for the same outcome,3858228.026747523,1842711.1930560386,1367207.0603757668,652985.7063693277,8710267.193786312,4160072.121509466
S4,2050,gastric_cancer,direct_medical,avoided_incident_case_first_year,5479.128225697625,64762.28390756019,31395.4919125426,119011.97726255516,CHINA_GASTRIC_NEW_DIAGNOSIS_COURSE,Event-specific first-year cost; no annual patient-year cost added for the same outcome,354840857.7185561,169473969.8479664,172019925.89767367,82157674.63270685,652081883.8153499,311437939.3248453
S4,2050,oesophageal_cancer,direct_medical,avoided_incident_case_first_year,2724.548738105835,68356.63525540795,29827.5487154762,135047.26753332303,CHINA_OESOPHAGEAL_NEW_DIAGNOSIS_DERIVED,Event-specific first-year cost; no annual patient-year cost added for the same outcome,186240984.32628256,88949731.33900592,81266610.213541,38813385.633003615,367942862.34255636,175731560.22488093
S4,2050,renal_cancer,direct_medical,avoided_incident_case_first_year,710.1624995040993,13135.225379367826,4654.616770652017,29653.851952691733,INTERNATIONAL_PROXY_RENAL,Event-specific first-year cost; no annual patient-year cost added for the same outcome,9328144.486961536,4455173.757850272,3305534.2800799357,1578741.5815515064,21059053.622648075,10057921.29355664
S4,2050,stroke,direct_medical,avoided_incident_case_first_year,37160.09693365028,29612.850356671155,4730.172689851648,100820.84684525008,CHINA_FIRST_ISCHAEMIC_STROKE_ONE_YEAR,Event-specific first-year cost; no annual patient-year cost added for the same outcome,1100416389.7355804,525564996.2445217,175773675.66779253,83950486.42853029,3746512441.7022023,1789355207.465069
S5,2025,bladder_cancer,direct_medical,avoided_incident_case_first_year,0.0,17917.502226658013,6349.271058827539,40450.2353820222,INTERNATIONAL_PROXY_BLADDER,Event-specific first-year cost; no annual patient-year cost added for the same outcome,0.0,0.0,0.0,0.0,0.0,0.0
S5,2025,breast_cancer,direct_medical,avoided_incident_case_first_year,0.0,53995.542586727424,26175.98574835096,99226.21468667472,CHINA_BREAST_NEW_DIAGNOSIS_COURSE,Event-specific first-year cost; no annual patient-year cost added for the same outcome,0.0,0.0,0.0,0.0,0.0,0.0
S5,2025,colon_cancer,direct_medical,avoided_incident_case_first_year,0.0,72296.25822013385,35047.815693114135,132856.9673630357,CHINA_CRC_NEW_DIAGNOSIS_COURSE,Event-specific first-year cost; no annual patient-year cost added for the same outcome,0.0,0.0,0.0,0.0,0.0,0.0
S5,2025,coronary_heart_disease,direct_medical,avoided_incident_case_first_year,0.0,21846.326995845397,8586.27962692537,46223.917226713966,CHINA_INCIDENT_MI_IMMEDIATE_PROXY,Event-specific first-year cost; no annual patient-year cost added for the same outcome,0.0,0.0,0.0,0.0,0.0,0.0
S5,2025,endometrial_cancer,direct_medical,avoided_incident_case_first_year,0.0,22329.17043600619,7912.595953582618,50409.93932055516,INTERNATIONAL_PROXY_ENDOMETRIAL,Event-specific first-year cost; no annual patient-year cost added for the same outcome,0.0,0.0,0.0,0.0,0.0,0.0
S5,2025,gastric_cancer,direct_medical,avoided_incident_case_first_year,0.0,64762.28390756019,31395.4919125426,119011.97726255516,CHINA_GASTRIC_NEW_DIAGNOSIS_COURSE,Event-specific first-year cost; no annual patient-year cost added for the same outcome,0.0,0.0,0.0,0.0,0.0,0.0
S5,2025,oesophageal_cancer,direct_medical,avoided_incident_case_first_year,0.0,68356.63525540795,29827.5487154762,135047.26753332303,CHINA_OESOPHAGEAL_NEW_DIAGNOSIS_DERIVED,Event-specific first-year cost; no annual patient-year cost added for the same outcome,0.0,0.0,0.0,0.0,0.0,0.0
S5,2025,renal_cancer,direct_medical,avoided_incident_case_first_year,0.0,13135.225379367826,4654.616770652017,29653.851952691733,INTERNATIONAL_PROXY_RENAL,Event-specific first-year cost; no annual patient-year cost added for the same outcome,0.0,0.0,0.0,0.0,0.0,0.0
S5,2025,stroke,direct_medical,avoided_incident_case_first_year,0.0,29612.850356671155,4730.172689851648,100820.84684525008,CHINA_FIRST_ISCHAEMIC_STROKE_ONE_YEAR,Event-specific first-year cost; no annual patient-year cost added for the same outcome,0.0,0.0,0.0,0.0,0.0,0.0
S5,2026,bladder_cancer,direct_medical,avoided_incident_case_first_year,0.0,17917.502226658013,6349.271058827539,40450.2353820222,INTERNATIONAL_PROXY_BLADDER,Event-specific first-year cost; no annual patient-year cost added for the same outcome,0.0,0.0,0.0,0.0,0.0,0.0
S5,2026,breast_cancer,direct_medical,avoided_incident_case_first_year,0.0,53995.542586727424,26175.98574835096,99226.21468667472,CHINA_BREAST_NEW_DIAGNOSIS_COURSE,Event-specific first-year cost; no annual patient-year cost added for the same outcome,0.0,0.0,0.0,0.0,0.0,0.0
S5,2026,colon_cancer,direct_medical,avoided_incident_case_first_year,0.0,72296.25822013385,35047.815693114135,132856.9673630357,CHINA_CRC_NEW_DIAGNOSIS_COURSE,Event-specific first-year cost; no annual patient-year cost added for the same outcome,0.0,0.0,0.0,0.0,0.0,0.0
S5,2026,coronary_heart_disease,direct_medical,avoided_incident_case_first_year,377.88896541691065,21846.326995845397,8586.27962692537,46223.917226713966,CHINA_INCIDENT_MI_IMMEDIATE_PROXY,Event-specific first-year cost; no annual patient-year cost added for the same outcome,8255485.906619542,8015034.860795672,3244660.3249991257,3150155.655338957,17467508.258319855,16958745.881863937
S5,2026,endometrial_cancer,direct_medical,avoided_incident_case_first_year,0.0,22329.17043600619,7912.595953582618,50409.93932055516,INTERNATIONAL_PROXY_ENDOMETRIAL,Event-specific first-year cost; no annual patient-year cost added for the same outcome,0.0,0.0,0.0,0.0,0.0,0.0
S5,2026,gastric_cancer,direct_medical,avoided_incident_case_first_year,0.0,64762.28390756019,31395.4919125426,119011.97726255516,CHINA_GASTRIC_NEW_DIAGNOSIS_COURSE,Event-specific first-year cost; no annual patient-year cost added for the same outcome,0.0,0.0,0.0,0.0,0.0,0.0
S5,2026,oesophageal_cancer,direct_medical,avoided_incident_case_first_year,0.0,68356.63525540795,29827.5487154762,135047.26753332303,CHINA_OESOPHAGEAL_NEW_DIAGNOSIS_DERIVED,Event-specific first-year cost; no annual patient-year cost added for the same outcome,0.0,0.0,0.0,0.0,0.0,0.0
S5,2026,renal_cancer,direct_medical,avoided_incident_case_first_year,0.0,13135.225379367826,4654.616770652017,29653.851952691733,INTERNATIONAL_PROXY_RENAL,Event-specific first-year cost; no annual patient-year cost added for the same outcome,0.0,0.0,0.0,0.0,0.0,0.0
S5,2026,stroke,direct_medical,avoided_incident_case_first_year,787.6767613990655,29612.850356671155,4730.172689851648,100820.84684525008,CHINA_FIRST_ISCHAEMIC_STROKE_ONE_YEAR,Event-specific first-year cost; no annual patient-year cost added for the same outcome,23325354.064737897,22645974.82013388,3725847.1052006525,3617327.2866025753,79414238.12457778,77101202.06269687
S5,2027,bladder_cancer,direct_medical,avoided_incident_case_first_year,0.0,17917.502226658013,6349.271058827539,40450.2353820222,INTERNATIONAL_PROXY_BLADDER,Event-specific first-year cost; no annual patient-year cost added for the same outcome,0.0,0.0,0.0,0.0,0.0,0.0
S5,2027,breast_cancer,direct_medical,avoided_incident_case_first_year,0.0,53995.542586727424,26175.98574835096,99226.21468667472,CHINA_BREAST_NEW_DIAGNOSIS_COURSE,Event-specific first-year cost; no annual patient-year cost added for the same outcome,0.0,0.0,0.0,0.0,0.0,0.0
S5,2027,colon_cancer,direct_medical,avoided_incident_case_first_year,0.0,72296.25822013385,35047.815693114135,132856.9673630357,CHINA_CRC_NEW_DIAGNOSIS_COURSE,Event-specific first-year cost; no annual patient-year cost added for the same outcome,0.0,0.0,0.0,0.0,0.0,0.0
S5,2027,coronary_heart_disease,direct_medical,avoided_incident_case_first_year,1316.0110094586994,21846.326995845397,8586.27962692537,46223.917226713966,CHINA_INCIDENT_MI_IMMEDIATE_PROXY,Event-specific first-year cost; no annual patient-year cost added for the same outcome,28750006.842767335,27099638.83755994,11299638.519324722,10650993.043005677,60831183.97066321,57339225.158509955
S5,2027,endometrial_cancer,direct_medical,avoided_incident_case_first_year,0.0,22329.17043600619,7912.595953582618,50409.93932055516,INTERNATIONAL_PROXY_ENDOMETRIAL,Event-specific first-year cost; no annual patient-year cost added for the same outcome,0.0,0.0,0.0,0.0,0.0,0.0
S5,2027,gastric_cancer,direct_medical,avoided_incident_case_first_year,0.0,64762.28390756019,31395.4919125426,119011.97726255516,CHINA_GASTRIC_NEW_DIAGNOSIS_COURSE,Event-specific first-year cost; no annual patient-year cost added for the same outcome,0.0,0.0,0.0,0.0,0.0,0.0
S5,2027,oesophageal_cancer,direct_medical,avoided_incident_case_first_year,0.0,68356.63525540795,29827.5487154762,135047.26753332303,CHINA_OESOPHAGEAL_NEW_DIAGNOSIS_DERIVED,Event-specific first-year cost; no annual patient-year cost added for the same outcome,0.0,0.0,0.0,0.0,0.0,0.0
S5,2027,renal_cancer,direct_medical,avoided_incident_case_first_year,0.0,13135.225379367826,4654.616770652017,29653.851952691733,INTERNATIONAL_PROXY_RENAL,Event-specific first-year cost; no annual patient-year cost added for the same outcome,0.0,0.0,0.0,0.0,0.0,0.0
S5,2027,stroke,direct_medical,avoided_incident_case_first_year,2718.1578863899936,29612.850356671155,4730.172689851648,100820.84684525008,CHINA_FIRST_ISCHAEMIC_STROKE_ONE_YEAR,Event-specific first-year cost; no annual patient-year cost added for the same outcome,80492402.73547244,75871809.53480294,12857356.200906826,12119291.357250284,274046979.96493423,258315562.22540694
S5,2028,bladder_cancer,direct_medical,avoided_incident_case_first_year,13.993011558350812,17917.502226658013,6349.271058827539,40450.2353820222,INTERNATIONAL_PROXY_BLADDER,Event-specific first-year cost; no annual patient-year cost added for the same outcome,250719.815754402,229444.14822220188,88845.42331327604,81306.14811684533,566020.6112386476,517989.04139702563
S5,2028,breast_cancer,direct_medical,avoided_incident_case_first_year,43.66125970370807,53995.542586727424,26175.98574835096,99226.21468667472,CHINA_BREAST_NEW_DIAGNOSIS_COURSE,Event-specific first-year cost; no annual patient-year cost added for the same outcome,2357513.407721735,2157458.7318897904,1142876.5117593124,1045893.907407168,4332341.528850797,3964706.2155971224
S5,2028,colon_cancer,direct_medical,avoided_incident_case_first_year,105.84992832845921,72296.25822013385,35047.815693114135,132856.9673630357,CHINA_CRC_NEW_DIAGNOSIS_COURSE,Event-specific first-year cost; no annual patient-year cost added for the same outcome,7652553.751016948,7003170.737994895,3709808.779185179,3395000.562066444,14062900.473313775,12869546.074466702
S5,2028,coronary_heart_disease,direct_medical,avoided_incident_case_first_year,2878.997317088863,21846.326995845397,8586.27962692537,46223.917226713966,CHINA_INCIDENT_MI_IMMEDIATE_PROXY,Event-specific first-year cost; no annual patient-year cost added for the same outcome,62895516.809284896,57558307.61872352,24719876.009692904,22622188.350514725,133078533.68104719,121785710.13715886
S5,2028,endometrial_cancer,direct_medical,avoided_incident_case_first_year,8.235234964360004,22329.17043600619,7912.595953582618,50409.93932055516,INTERNATIONAL_PROXY_ENDOMETRIAL,Event-specific first-year cost; no annual patient-year cost added for the same outcome,183885.96509975186,168281.70723314412,65162.08685579706,59632.54029212883,415137.694843902,379909.7989194941
S5,2028,gastric_cancer,direct_medical,avoided_incident_case_first_year,191.1521820142746,64762.28390756019,31395.4919125426,119011.97726255516,CHINA_GASTRIC_NEW_DIAGNOSIS_COURSE,Event-specific first-year cost; no annual patient-year cost added for the same outcome,12379451.88115807,11328952.136405589,6001316.784494028,5492055.000465833,22749399.139570653,20818922.877874028
S5,2028,oesophageal_cancer,direct_medical,avoided_incident_case_first_year,92.31585021198758,68356.63525540795,29827.5487154762,135047.26753332303,CHINA_OESOPHAGEAL_NEW_DIAGNOSIS_DERIVED,Event-specific first-year cost; no annual patient-year cost added for the same outcome,6310400.901233709,5774910.75193869,2753555.5194086637,2519893.3671526955,12467003.321144462,11409074.106473494
S5,2028,renal_cancer,direct_medical,avoided_incident_case_first_year,21.558531523328696,13135.225379367826,4654.616770652017,29653.851952691733,INTERNATIONAL_PROXY_RENAL,Event-specific first-year cost; no annual patient-year cost added for the same outcome,283176.1704071284,259146.31047565257,100346.70237911593,91831.44772584179,639293.5021102269,585044.1163348457
S5,2028,stroke,direct_medical,avoided_incident_case_first_year,5904.315216923352,29612.850356671155,4730.172689851648,100820.84684525008,CHINA_FIRST_ISCHAEMIC_STROKE_ONE_YEAR,Event-specific first-year cost; no annual patient-year cost added for the same outcome,174843602.9773676,160006664.95599324,27928430.591366347,25558470.314512543,595278060.2115088,544763751.7984902
S5,2029,bladder_cancer,direct_medical,avoided_incident_case_first_year,37.809861228275814,17917.502226658013,6349.271058827539,40450.2353820222,INTERNATIONAL_PROXY_BLADDER,Event-specific first-year cost; no annual patient-year cost added for the same outcome,677458.2727472624,601912.9008392767,240065.05763497707,213294.69436581046,1529417.7864453516,1358867.8941085779
S5,2029,breast_cancer,direct_medical,avoided_incident_case_first_year,115.5481125821721,53995.542586727424,26175.98574835096,99226.21468667472,CHINA_BREAST_NEW_DIAGNOSIS_COURSE,Event-specific first-year cost; no annual patient-year cost added for the same outcome,6239083.033746649,5543344.4663544195,3024585.748199789,2687305.262585895,11465401.82571867,10186861.021299928
S5,2029,colon_cancer,direct_medical,avoided_incident_case_first_year,285.3789891792299,72296.25822013385,35047.815693114135,132856.9673630357,CHINA_CRC_NEW_DIAGNOSIS_COURSE,Event-specific first-year cost; no annual patient-year cost added for the same outcome,20631833.09230239,18331116.477268968,10001910.215440862,8886567.680834822,37914587.05148107,33686619.52231281
S5,2029,coronary_heart_disease,direct_medical,avoided_incident_case_first_year,5079.346061064434,21846.326995845397,8586.27962692537,46223.917226713966,CHINA_INCIDENT_MI_IMMEDIATE_PROXY,Event-specific first-year cost; no annual patient-year cost added for the same outcome,110965054.97507294,98591014.11660467,43612685.60222118,38749306.28239256,234787271.89247802,208605450.09192598
S5,2029,endometrial_cancer,direct_medical,avoided_incident_case_first_year,21.14398286491089,22329.17043600619,7912.595953582618,50409.93932055516,INTERNATIONAL_PROXY_ENDOMETRIAL,Event-specific first-year cost; no annual patient-year cost added for the same outcome,472127.59708658967,419479.2549749918,167303.79325951412,148647.2533782424,1065866.893215016,947008.9294236762
S5,2029,gastric_cancer,direct_medical,avoided_incident_case_first_year,498.33995067048534,64762.28390756019,31395.4919125426,119011.97726255516,CHINA_GASTRIC_NEW_DIAGNOSIS_COURSE,Event-specific first-year cost; no annual patient-year cost added for the same outcome,32273633.36780151,28674705.236471232,15645627.8909721,13900937.737637166,59308422.87821866,52694765.559603795
S5,2029,oesophageal_cancer,direct_medical,avoided_incident_case_first_year,240.64587211551228,68356.63525540795,29827.5487154762,135047.26753332303,CHINA_OESOPHAGEAL_NEW_DIAGNOSIS_DERIVED,Event-specific first-year cost; no annual patient-year cost added for the same outcome,16449742.10591962,14615382.80266293,7177876.473703698,6377450.2784244735,32498567.472373426,28874556.275017895
S5,2029,renal_cancer,direct_medical,avoided_incident_case_first_year,57.66119765592707,13135.225379367826,4654.616770652017,29653.851952691733,INTERNATIONAL_PROXY_RENAL,Event-specific first-year cost; no annual patient-year cost added for the same outcome,757392.8268548779,672933.7168448089,268390.7776251589,238461.72969997354,1709876.618703757,1519203.2292521608
S5,2029,stroke,direct_medical,avoided_incident_case_first_year,10387.072298417892,29612.850356671155,4730.172689851648,100820.84684525008,CHINA_FIRST_ISCHAEMIC_STROKE_ONE_YEAR,Event-specific first-year cost; no annual patient-year cost added for the same outcome,307590817.61697334,273290457.51047766,49132645.7134909,43653719.346266955,1047233425.36933,930453334.5850309
S5,2030,bladder_cancer,direct_medical,avoided_incident_case_first_year,65.83181415346897,17917.502226658013,6349.271058827539,40450.2353820222,INTERNATIONAL_PROXY_BLADDER,Event-specific first-year cost; no annual patient-year cost added for the same outcome,1179541.6766797167,1017483.0118511489,417984.0323547337,360556.69804150786,2662912.3781333603,2297051.609423161
S5,2030,breast_cancer,direct_medical,avoided_incident_case_first_year,198.11274689199604,53995.542586727424,26175.98574835096,99226.21468667472,CHINA_BREAST_NEW_DIAGNOSIS_COURSE,Event-specific first-year cost; no annual patient-year cost added for the same outcome,10697205.261780323,9227503.227172207,5185796.439211549,4473313.562492,19657977.95527205,16957144.467447914
S5,2030,colon_cancer,direct_medical,avoided_incident_case_first_year,496.2947271888772,72296.25822013385,35047.815693114135,132856.9673630357,CHINA_CRC_NEW_DIAGNOSIS_COURSE,Event-specific first-year cost; no annual patient-year cost added for the same outcome,35880251.75013795,30950620.345584266,17394046.127980128,15004256.985979011,65936212.372579366,56877156.001606755
S5,2030,coronary_heart_disease,direct_medical,avoided_incident_case_first_year,5762.26012977167,21846.326995845397,8586.27962692537,46223.917226713966,CHINA_INCIDENT_MI_IMMEDIATE_PROXY,Event-specific first-year cost; no annual patient-year cost added for the same outcome,125884219.03011444,108588833.15071686,49476376.757302836,42678757.2103499,266354235.27735975,229759503.1081769
S5,2030,endometrial_cancer,direct_medical,avoided_incident_case_first_year,35.16354982718925,22329.17043600619,7912.595953582618,50409.93932055516,INTERNATIONAL_PROXY_ENDOMETRIAL,Event-specific first-year cost; no annual patient-year cost added for the same outcome,785172.8972263047,677297.0384077749,278234.9620762184,240007.9224097407,1772592.413083928,1529053.786658919
S5,2030,gastric_cancer,direct_medical,avoided_incident_case_first_year,837.9757562872825,64762.28390756019,31395.4919125426,119011.97726255516,CHINA_GASTRIC_NEW_DIAGNOSIS_COURSE,Event-specific first-year cost; no annual patient-year cost added for the same outcome,54269223.83632945,46813109.202928245,26308661.079424143,22694082.152497027,99729151.65383452,86027242.27577813
S5,2030,oesophageal_cancer,direct_medical,avoided_incident_case_first_year,404.4082977462044,68356.63525540795,29827.5487154762,135047.26753332303,CHINA_OESOPHAGEAL_NEW_DIAGNOSIS_DERIVED,Event-specific first-year cost; no annual patient-year cost added for the same outcome,27643990.503297713,23845949.04357701,12062508.201967716,10405225.536723379,54614235.57842743,47110719.362377636
S5,2030,renal_cancer,direct_medical,avoided_incident_case_first_year,99.67173749025982,13135.225379367826,4654.616770652017,29653.851952691733,INTERNATIONAL_PROXY_RENAL,Event-specific first-year cost; no annual patient-year cost added for the same outcome,1309210.7358877484,1129336.6813868275,463933.7408821887,400193.3202571825,2955650.9474037187,2549570.4708038243
S5,2030,stroke,direct_medical,avoided_incident_case_first_year,11772.996674077136,29612.850356671155,4730.172689851648,100820.84684525008,CHINA_FIRST_ISCHAEMIC_STROKE_ONE_YEAR,Event-specific first-year cost; no annual patient-year cost added for the same outcome,348631988.75903344,300733016.02086335,55688307.34543395,48037223.103656486,1186963494.5867696,1023885137.1738725
S5,2031,bladder_cancer,direct_medical,avoided_incident_case_first_year,91.43041819704663,17917.502226658013,6349.271058827539,40450.2353820222,INTERNATIONAL_PROXY_BLADDER,Event-specific first-year cost; no annual patient-year cost added for the same outcome,1638204.7216298564,1371970.663589833,580516.5081550069,486173.4363247865,3698381.937147262,3097336.647564028
S5,2031,breast_cancer,direct_medical,avoided_incident_case_first_year,271.35252635284644,53995.542586727424,26175.98574835096,99226.21468667472,CHINA_BREAST_NEW_DIAGNOSIS_COURSE,Event-specific first-year cost; no annual patient-year cost added for the same outcome,14651826.892701196,12270674.354291437,7102919.862591136,5948583.561405702,26925284.0356591,22549501.486600224
S5,2031,colon_cancer,direct_medical,avoided_incident_case_first_year,688.592435633012,72296.25822013385,35047.815693114135,132856.9673630357,CHINA_CRC_NEW_DIAGNOSIS_COURSE,Event-specific first-year cost; no annual patient-year cost added for the same outcome,49782656.53495513,41692191.10391456,24133660.77173836,20211560.95247477,91484302.74732834,76616663.28456867
S5,2031,coronary_heart_disease,direct_medical,avoided_incident_case_first_year,5864.029278806678,21846.326995845397,8586.27962692537,46223.917226713966,CHINA_INCIDENT_MI_IMMEDIATE_PROXY,Event-specific first-year cost; no annual patient-year cost added for the same outcome,128107501.13802214,107288015.36617686,50350195.12831166,42167495.74091104,271058403.9985871,227007145.99061435
S5,2031,endometrial_cancer,direct_medical,avoided_incident_case_first_year,46.722215763576216,22329.17043600619,7912.595953582618,50409.93932055516,INTERNATIONAL_PROXY_ENDOMETRIAL,Event-specific first-year cost; no annual patient-year cost added for the same outcome,1043268.3189327484,873720.7926029983,369694.0153932872,309612.9176820425,2355264.061563763,1972496.5718924524
S5,2031,gastric_cancer,direct_medical,avoided_incident_case_first_year,1124.1102928469898,64762.28390756019,31395.4919125426,119011.97726255516,CHINA_GASTRIC_NEW_DIAGNOSIS_COURSE,Event-specific first-year cost; no annual patient-year cost added for the same outcome,72799949.92876737,60968811.95270099,35291995.60788356,29556490.708551154,133782588.61291017,112040811.78169818
S5,2031,oesophageal_cancer,direct_medical,avoided_incident_case_first_year,542.111342412501,68356.63525540795,29827.5487154762,135047.26753332303,CHINA_OESOPHAGEAL_NEW_DIAGNOSIS_DERIVED,Event-specific first-year cost; no annual patient-year cost added for the same outcome,37056907.3011109,31034576.466065943,16169852.475021074,13541996.880727371,73210655.49162991,61312771.39573077
S5,2031,renal_cancer,direct_medical,avoided_incident_case_first_year,137.59473304696738,13135.225379367826,4654.616770652017,29653.851952691733,INTERNATIONAL_PROXY_RENAL,Event-specific first-year cost; no annual patient-year cost added for the same outcome,1807337.8295858668,1513616.9787869686,640450.7519938017,536367.4219760164,4080213.843244911,3417114.8576203207
S5,2031,stroke,direct_medical,avoided_incident_case_first_year,11975.729013959075,29612.850356671155,4730.172689851648,100820.84684525008,CHINA_FIRST_ISCHAEMIC_STROKE_ONE_YEAR,Event-specific first-year cost; no annual patient-year cost added for the same outcome,354635471.2024151,297001623.9936121,56647266.322893225,47441193.72958923,1207403140.7765856,1011181121.8707883
S5,2032,bladder_cancer,direct_medical,avoided_incident_case_first_year,119.78772701058372,17917.502226658013,6349.271058827539,40450.2353820222,INTERNATIONAL_PROXY_BLADDER,Event-specific first-year cost; no annual patient-year cost added for the same outcome,2146296.865438436,1745135.7621108405,760564.748311033,618408.7406786951,4845441.75345553,3939787.558443346
S5,2032,breast_cancer,direct_medical,avoided_incident_case_first_year,348.15002549386327,53995.542586727424,26175.98574835096,99226.21468667472,CHINA_BREAST_NEW_DIAGNOSIS_COURSE,Event-specific first-year cost; no annual patient-year cost added for the same outcome,18798549.52812413,15284941.046885336,9113170.105615389,7409841.254303886,34545609.17282535,28088741.572609384
S5,2032,colon_cancer,direct_medical,avoided_incident_case_first_year,899.0672688014088,72296.25822013385,35047.815693114135,132856.9673630357,CHINA_CRC_NEW_DIAGNOSIS_COURSE,Event-specific first-year cost; no annual patient-year cost added for the same outcome,64999199.42253714,52850297.29457876,31510343.932663277,25620793.171158057,119447350.78832242,97121626.9784368
S5,2032,coronary_heart_disease,direct_medical,avoided_incident_case_first_year,6039.862075314076,21846.326995845397,8586.27962692537,46223.917226713966,CHINA_INCIDENT_MI_IMMEDIATE_PROXY,Event-specific first-year cost; no annual patient-year cost added for the same outcome,131948801.9071167,107286450.7626023,51859944.686708435,42166880.803498484,279186084.63008666,227003835.4979106
S5,2032,endometrial_cancer,direct_medical,avoided_incident_case_first_year,58.20019502223277,22329.17043600619,7912.595953582618,50409.93932055516,INTERNATIONAL_PROXY_ENDOMETRIAL,Event-specific first-year cost; no annual patient-year cost added for the same outcome,1299562.0740602345,1056662.8908821393,460514.62763063825,374440.53457591735,2933868.2995152306,2385503.4097351935
S5,2032,gastric_cancer,direct_medical,avoided_incident_case_first_year,1419.4792714297507,64762.28390756019,31395.4919125426,119011.97726255516,CHINA_GASTRIC_NEW_DIAGNOSIS_COURSE,Event-specific first-year cost; no annual patient-year cost added for the same outcome,91928719.5772302,74746461.53690945,44565249.986194596,36235626.46466933,168935034.77606586,137359642.7449134
S5,2032,oesophageal_cancer,direct_medical,avoided_incident_case_first_year,684.7821499177542,68356.63525540795,29827.5487154762,135047.26753332303,CHINA_OESOPHAGEAL_NEW_DIAGNOSIS_DERIVED,Event-specific first-year cost; no annual patient-year cost added for the same outcome,46809403.651342005,38060328.759950764,20425372.93616034,16607697.350414244,92477958.20198707,75193042.80040115
S5,2032,renal_cancer,direct_medical,avoided_incident_case_first_year,178.40126900548537,13135.225379367826,4654.616770652017,29653.851952691733,INTERNATIONAL_PROXY_RENAL,Event-specific first-year cost; no annual patient-year cost added for the same outcome,2343340.8763522785,1905350.5747459328,830389.5386185341,675182.684959054,5290284.819260996,4301485.679129723
S5,2032,stroke,direct_medical,avoided_incident_case_first_year,12267.540821901179,29612.850356671155,4730.172689851648,100820.84684525008,CHINA_FIRST_ISCHAEMIC_STROKE_ONE_YEAR,Event-specific first-year cost; no annual patient-year cost added for the same outcome,363276850.6033143,295377323.4931025,58027586.5673972,47181738.061692275,1236823854.372752,1005650977.0174527
S5,2033,bladder_cancer,direct_medical,avoided_incident_case_first_year,152.6593217005554,17917.502226658013,6349.271058827539,40450.2353820222,INTERNATIONAL_PROXY_BLADDER,Event-specific first-year cost; no annual patient-year cost added for the same outcome,2735273.7364898035,2159250.3459614334,969275.4131335793,765154.9617211024,6175105.496047315,4874685.301442486
S5,2033,breast_cancer,direct_medical,avoided_incident_case_first_year,428.60717597229575,53995.542586727424,26175.98574835096,99226.21468667472,CHINA_BREAST_NEW_DIAGNOSIS_COURSE,Event-specific first-year cost; no annual patient-year cost added for the same outcome,23142877.02318907,18269200.830697257,11219215.329891765,8856552.183173025,42529067.65927639,33572838.73699493
S5,2033,colon_cancer,direct_medical,avoided_incident_case_first_year,1136.9628987843369,72296.25822013385,35047.815693114135,132856.9673630357,CHINA_CRC_NEW_DIAGNOSIS_COURSE,Event-specific first-year cost; no annual patient-year cost added for the same outcome,82198163.31722432,64887989.166261874,39848066.126502216,31456431.369813185,151053442.73677313,119242982.57131998
S5,2033,coronary_heart_disease,direct_medical,avoided_incident_case_first_year,6357.646547864347,21846.326995845397,8586.27962692537,46223.917226713966,CHINA_INCIDENT_MI_IMMEDIATE_PROXY,Event-specific first-year cost; no annual patient-year cost added for the same outcome,138891225.40865216,109642015.90276833,54588531.02912005,43092690.48202017,293875327.78518534,231987897.49065998
S5,2033,endometrial_cancer,direct_medical,avoided_incident_case_first_year,69.56116254390139,22329.17043600619,7912.595953582618,50409.93932055516,INTERNATIONAL_PROXY_ENDOMETRIAL,Event-specific first-year cost; no annual patient-year cost added for the same outcome,1553243.054169504,1226144.4100953867,550409.373271377,434498.2419133708,3506573.9829053436,2768121.8829104747
S5,2033,gastric_cancer,direct_medical,avoided_incident_case_first_year,1737.4554207849405,64762.28390756019,31395.4919125426,119011.97726255516,CHINA_GASTRIC_NEW_DIAGNOSIS_COURSE,Event-specific first-year cost; no annual patient-year cost added for the same outcome,112521581.23760377,88825575.28857008,54548267.6116569,43060906.16846972,206778005.03316054,163232466.62619036
S5,2033,oesophageal_cancer,direct_medical,avoided_incident_case_first_year,840.0073160123036,68356.63525540795,29827.5487154762,135047.26753332303,CHINA_OESOPHAGEAL_NEW_DIAGNOSIS_DERIVED,Event-specific first-year cost; no annual patient-year cost added for the same outcome,57420073.71252724,45327936.42365586,25055359.1397134,19778931.87394182,113440692.73546219,89551130.39234363
S5,2033,renal_cancer,direct_medical,avoided_incident_case_first_year,223.07868870035594,13135.225379367826,4654.616770652017,29653.851952691733,INTERNATIONAL_PROXY_RENAL,Event-specific first-year cost; no annual patient-year cost added for the same outcome,2930188.85341301,2313118.139167993,1038345.8055997374,819679.7673515753,6615142.408520961,5222054.503588175
S5,2033,stroke,direct_medical,avoided_incident_case_first_year,12741.45126468133,29612.850356671155,4730.172689851648,100820.84684525008,CHINA_FIRST_ISCHAEMIC_STROKE_ONE_YEAR,Event-specific first-year cost; no annual patient-year cost added for the same outcome,377310689.62782663,297852542.5975656,60269264.801271364,47577114.179435454,1284603906.5426543,1014078186.260527
S5,2034,bladder_cancer,direct_medical,avoided_incident_case_first_year,189.34998372568242,17917.502226658013,6349.271058827539,40450.2353820222,INTERNATIONAL_PROXY_BLADDER,Event-specific first-year cost; no annual patient-year cost added for the same outcome,3392678.7550225733,2600205.765316044,1202234.3716589408,921412.5386380387,7659251.411285927,5870178.438836071
S5,2034,breast_cancer,direct_medical,avoided_incident_case_first_year,512.4182660308641,53995.542586727424,26175.98574835096,99226.21468667472,CHINA_BREAST_NEW_DIAGNOSIS_COURSE,Event-specific first-year cost; no annual patient-year cost added for the same outcome,27668302.305686545,21205449.842619915,13413053.228818608,10279988.426382288,50845324.874552116,38968707.74530435
S5,2034,colon_cancer,direct_medical,avoided_incident_case_first_year,1398.4566210102014,72296.25822013385,35047.815693114135,132856.9673630357,CHINA_CRC_NEW_DIAGNOSIS_COURSE,Event-specific first-year cost; no annual patient-year cost added for the same outcome,101103180.98220938,77487169.59793122,49012849.9079807,37564268.26932319,185794705.65617353,142396171.19575045
S5,2034,coronary_heart_disease,direct_medical,avoided_incident_case_first_year,6701.656941107443,21846.326995845397,8586.27962692537,46223.917226713966,CHINA_INCIDENT_MI_IMMEDIATE_PROXY,Event-specific first-year cost; no annual patient-year cost added for the same outcome,146406588.94941023,112208459.49618351,57542300.460073836,44101381.89014496,309776835.7275836,237418150.19408303
S5,2034,endometrial_cancer,direct_medical,avoided_incident_case_first_year,80.75812778719126,22329.17043600619,7912.595953582618,50409.93932055516,INTERNATIONAL_PROXY_ENDOMETRIAL,Event-specific first-year cost; no annual patient-year cost added for the same outcome,1803261.999452961,1382050.169180173,639006.4351478375,489745.2239725552,4071012.321393951,3120091.960693394
S5,2034,gastric_cancer,direct_medical,avoided_incident_case_first_year,2069.087618224804,64762.28390756019,31395.4919125426,119011.97726255516,CHINA_GASTRIC_NEW_DIAGNOSIS_COURSE,Event-specific first-year cost; no annual patient-year cost added for the same outcome,133998839.76109226,102698952.90753357,64960023.58431886,49786449.008458585,246246208.57440478,188727214.52760246
S5,2034,oesophageal_cancer,direct_medical,avoided_incident_case_first_year,1003.0262838728488,68356.63525540795,29827.5487154762,135047.26753332303,CHINA_OESOPHAGEAL_NEW_DIAGNOSIS_DERIVED,Event-specific first-year cost; no annual patient-year cost added for the same outcome,68563501.8382836,52548215.036933556,29917815.34512046,22929514.275667235,135455958.90113142,103815713.39747773
S5,2034,renal_cancer,direct_medical,avoided_incident_case_first_year,271.1549995042858,13135.225379367826,4654.616770652017,29653.851952691733,INTERNATIONAL_PROXY_RENAL,Event-specific first-year cost; no annual patient-year cost added for the same outcome,3561682.0312311654,2729732.7040232006,1262122.608138788,967311.8851467455,8040790.211532291,6162596.159383197
S5,2034,stroke,direct_medical,avoided_incident_case_first_year,13245.24774414665,29612.850356671155,4730.172689851648,100820.84684525008,CHINA_FIRST_ISCHAEMIC_STROKE_ONE_YEAR,Event-specific first-year cost; no annual patient-year cost added for the same outcome,392229539.384451,300611281.90367675,62652309.149681635,48017778.0522817,1335397094.2400036,1023470677.3485976
S5,2035,bladder_cancer,direct_medical,avoided_incident_case_first_year,199.57343907073187,17917.502226658013,6349.271058827539,40450.2353820222,INTERNATIONAL_PROXY_BLADDER,Event-specific first-year cost; no annual patient-year cost added for the same outcome,3575857.538931635,2660773.8352566087,1267145.8608024789,942875.524309697,8072792.586410769,6006915.839771647
S5,2035,breast_cancer,direct_medical,avoided_incident_case_first_year,523.1593431642322,53995.542586727424,26175.98574835096,99226.21468667472,CHINA_BREAST_NEW_DIAGNOSIS_COURSE,Event-specific first-year cost; no annual patient-year cost added for the same outcome,28248272.593468644,21019367.743143946,13694211.510783589,10189779.454482755,51911121.30015383,38626749.47491023
S5,2035,colon_cancer,direct_medical,avoided_incident_case_first_year,1463.716088049289,72296.25822013385,35047.815693114135,132856.9673630357,CHINA_CRC_NEW_DIAGNOSIS_COURSE,Event-specific first-year cost; no annual patient-year cost added for the same outcome,105821196.26257558,78740908.20607454,51300051.680997506,38172056.28971775,194464880.5387147,144700134.26997617
S5,2035,coronary_heart_disease,direct_medical,avoided_incident_case_first_year,7009.58034537695,21846.326995845397,8586.27962692537,46223.917226713966,CHINA_INCIDENT_MI_IMMEDIATE_PROXY,Event-specific first-year cost; no annual patient-year cost added for the same outcome,153133584.32875577,113945768.26535165,60186216.91280661,44784197.765473746,324010261.6787053,241094064.07922012
S5,2035,endometrial_cancer,direct_medical,avoided_incident_case_first_year,80.5530479484103,22329.17043600619,7912.595953582618,50409.93932055516,INTERNATIONAL_PROXY_ENDOMETRIAL,Event-specific first-year cost; no annual patient-year cost added for the same outcome,1798682.736779832,1338388.8792676607,637383.7212453379,474273.3484328863,4060674.2591651333,3021523.006622542
S5,2035,gastric_cancer,direct_medical,avoided_incident_case_first_year,2108.3790720264537,64762.28390756019,31395.4919125426,119011.97726255516,CHINA_GASTRIC_NEW_DIAGNOSIS_COURSE,Event-specific first-year cost; no annual patient-year cost added for the same outcome,136543444.04733548,101601145.83466376,66193598.1043806,49254253.55458899,250922362.18085945,186709802.81028962
S5,2035,oesophageal_cancer,direct_medical,avoided_incident_case_first_year,1024.7008444151893,68356.63525540795,29827.5487154762,135047.26753332303,CHINA_OESOPHAGEAL_NEW_DIAGNOSIS_DERIVED,Event-specific first-year cost; no annual patient-year cost added for the same outcome,70045101.86759762,52120134.068000615,30564314.355583657,22742720.324980415,138383049.0773601,102969984.7433185
S5,2035,renal_cancer,direct_medical,avoided_incident_case_first_year,280.9029455136603,13135.225379367826,4654.616770652017,29653.851952691733,INTERNATIONAL_PROXY_RENAL,Event-specific first-year cost; no annual patient-year cost added for the same outcome,3689723.499050209,2745500.803294712,1307495.5611134332,972899.4907789846,8329854.359337116,6198193.940758705
S5,2035,stroke,direct_medical,avoided_incident_case_first_year,13698.771336731203,29612.850356671155,4730.172689851648,100820.84684525008,CHINA_FIRST_ISCHAEMIC_STROKE_ONE_YEAR,Event-specific first-year cost; no annual patient-year cost added for the same outcome,405659665.6648772,301848888.740275,64797554.06152849,48215465.677374914,1381121726.9086783,1027684272.7244039
S5,2036,bladder_cancer,direct_medical,avoided_incident_case_first_year,208.99246356120634,17917.502226658013,6349.271058827539,40450.2353820222,INTERNATIONAL_PROXY_BLADDER,Event-specific first-year cost; no annual patient-year cost added for the same outcome,3744622.931212658,2705195.278347647,1326949.8004022364,958616.7687890561,8453794.344119493,6107200.902182198
S5,2036,breast_cancer,direct_medical,avoided_incident_case_first_year,531.9227580412336,53995.542586727424,26175.98574835096,99226.21468667472,CHINA_BREAST_NEW_DIAGNOSIS_COURSE,Event-specific first-year cost; no annual patient-year cost added for the same outcome,28721457.934664935,20748992.306938287,13923602.533710865,10058706.71725716,52780681.786127575,38129887.51568731
S5,2036,colon_cancer,direct_medical,avoided_incident_case_first_year,1523.1795388615583,72296.25822013385,35047.815693114135,132856.9673630357,CHINA_CRC_NEW_DIAGNOSIS_COURSE,Event-specific first-year cost; no annual patient-year cost added for the same outcome,110120181.25715962,79553161.92308432,53384115.745542474,38565821.04699087,202365014.28257385,146192791.95694372
S5,2036,coronary_heart_disease,direct_medical,avoided_incident_case_first_year,7301.526964545148,21846.326995845397,8586.27962692537,46223.917226713966,CHINA_INCIDENT_MI_IMMEDIATE_PROXY,Event-specific first-year cost; no annual patient-year cost added for the same outcome,159511545.63643578,115234534.43091562,62692952.221120246,45290722.57732689,337505178.037755,243820921.57672745
S5,2036,endometrial_cancer,direct_medical,avoided_incident_case_first_year,80.50963936489893,22329.17043600619,7912.595953582618,50409.93932055516,INTERNATIONAL_PROXY_ENDOMETRIAL,Event-specific first-year cost; no annual patient-year cost added for the same outcome,1797713.4591202212,1298706.4520964066,637040.2466630951,460211.4282391434,4058486.0351043344,2931936.6625383217
S5,2036,gastric_cancer,direct_medical,avoided_incident_case_first_year,2148.0278877984324,64762.28390756019,31395.4919125426,119011.97726255516,CHINA_GASTRIC_NEW_DIAGNOSIS_COURSE,Event-specific first-year cost; no annual patient-year cost added for the same outcome,139111191.91095892,100496884.84949033,67438392.17929165,48718929.36993185,255641046.14200142,184680530.9049477
S5,2036,oesophageal_cancer,direct_medical,avoided_incident_case_first_year,1046.7526596321552,68356.63525540795,29827.5487154762,135047.26753332303,CHINA_OESOPHAGEAL_NEW_DIAGNOSIS_DERIVED,Event-specific first-year cost; no annual patient-year cost added for the same outcome,71552489.75710341,51691040.994146496,31222065.94823239,22555484.74037278,141361086.46656108,102122256.54656105
S5,2036,renal_cancer,direct_medical,avoided_incident_case_first_year,289.5969407459349,13135.225379367826,4654.616770652017,29653.851952691733,INTERNATIONAL_PROXY_RENAL,Event-specific first-year cost; no annual patient-year cost added for the same outcome,3803921.0858732844,2748033.526937527,1347962.777125547,973796.9902586502,8587664.806832394,6203911.772754119
S5,2036,stroke,direct_medical,avoided_incident_case_first_year,14128.656768586012,29612.850356671155,4730.172689851648,100820.84684525008,CHINA_FIRST_ISCHAEMIC_STROKE_ONE_YEAR,Event-specific first-year cost; no annual patient-year cost added for the same outcome,418389798.6289066,302253692.4413937,66830986.39105319,48280126.50497914,1424463140.1947162,1029062480.2073482
S5,2037,bladder_cancer,direct_medical,avoided_incident_case_first_year,217.1863136967105,17917.502226658013,6349.271058827539,40450.2353820222,INTERNATIONAL_PROXY_BLADDER,Event-specific first-year cost; no annual patient-year cost added for the same outcome,3891436.259260456,2729375.097298689,1378974.775927963,967185.1631294863,8785237.51078565,6161788.832781651
S5,2037,breast_cancer,direct_medical,avoided_incident_case_first_year,538.6417092738559,53995.542586727424,26175.98574835096,99226.21468667472,CHINA_BREAST_NEW_DIAGNOSIS_COURSE,Event-specific first-year cost; no annual patient-year cost added for the same outcome,29084251.352084137,20399108.72882708,14099477.705419851,9889089.983810868,53447377.883605056,37486915.496631466
S5,2037,colon_cancer,direct_medical,avoided_incident_case_first_year,1574.7179105159464,72296.25822013385,35047.815693114135,132856.9673630357,CHINA_CRC_NEW_DIAGNOSIS_COURSE,Event-specific first-year cost; no annual patient-year cost added for the same outcome,113846212.68253049,79849443.01169695,55190423.09640869,38709452.33915861,209212246.04340488,146737260.06482607
S5,2037,coronary_heart_disease,direct_medical,avoided_incident_case_first_year,7560.911603489856,21846.326995845397,8586.27962692537,46223.917226713966,CHINA_INCIDENT_MI_IMMEDIATE_PROXY,Event-specific first-year cost; no annual patient-year cost added for the same outcome,165178147.27652115,115852629.14730363,64920101.26202858,45533652.84527727,349494952.1182163,245128727.64472333
S5,2037,endometrial_cancer,direct_medical,avoided_incident_case_first_year,80.6452868408106,22329.17043600619,7912.595953582618,50409.93932055516,INTERNATIONAL_PROXY_ENDOMETRIAL,Event-specific first-year cost; no annual patient-year cost added for the same outcome,1800742.3547290668,1263004.4570182848,638113.5703321075,447560.0195090437,4065324.016134028,2851336.4713816997
S5,2037,gastric_cancer,direct_medical,avoided_incident_case_first_year,2186.03568598484,64762.28390756019,31395.4919125426,119011.97726255516,CHINA_GASTRIC_NEW_DIAGNOSIS_COURSE,Event-specific first-year cost; no annual patient-year cost added for the same outcome,141572663.7278083,99296217.92401022,68631665.69986655,48136869.46601657,260164429.3555619,182474096.29187718
S5,2037,oesophageal_cancer,direct_medical,avoided_incident_case_first_year,1067.9698065704188,68356.63525540795,29827.5487154762,135047.26753332303,CHINA_OESOPHAGEAL_NEW_DIAGNOSIS_DERIVED,Event-specific first-year cost; no annual patient-year cost added for the same outcome,73002822.53152269,51202710.92090825,31854921.43213686,22342400.977628715,144226404.1854266,101157498.08823779
S5,2037,renal_cancer,direct_medical,avoided_incident_case_first_year,297.0311262520721,13135.225379367826,4654.616770652017,29653.851952691733,INTERNATIONAL_PROXY_RENAL,Event-specific first-year cost; no annual patient-year cost added for the same outcome,3901570.788008427,2736483.2518577534,1382566.0616585515,969704.0186849452,8808117.043220233,6177836.07649949
S5,2037,stroke,direct_medical,avoided_incident_case_first_year,14514.817255148673,29612.850356671155,4730.172689851648,100820.84684525008,CHINA_FIRST_ISCHAEMIC_STROKE_ONE_YEAR,Event-specific first-year cost; no annual patient-year cost added for the same outcome,429825111.331146,301470685.0893704,68657592.17849171,48155053.776488505,1463396167.4681375,1026396628.613658
S5,2038,bladder_cancer,direct_medical,avoided_incident_case_first_year,224.8862857986951,17917.502226658013,6349.271058827539,40450.2353820222,INTERNATIONAL_PROXY_BLADDER,Event-specific first-year cost; no annual patient-year cost added for the same outcome,4029400.5265429695,2743825.68791865,1427863.9859488732,972305.8945598848,9096703.194745932,6194412.229982461
S5,2038,breast_cancer,direct_medical,avoided_incident_case_first_year,543.5686847188135,53995.542586727424,26175.98574835096,99226.21468667472,CHINA_BREAST_NEW_DIAGNOSIS_COURSE,Event-specific first-year cost; no annual patient-year cost added for the same outcome,29350286.06454611,19986116.624835756,14228446.144449538,9688879.468083672,53936263.006862395,36727970.568747394
S5,2038,colon_cancer,direct_medical,avoided_incident_case_first_year,1621.9208804241584,72296.25822013385,35047.815693114135,132856.9673630357,CHINA_CRC_NEW_DIAGNOSIS_COURSE,Event-specific first-year cost; no annual patient-year cost added for the same outcome,117258810.7837718,79847544.32921585,56844784.08591931,38708531.89492961,215483489.47593856,146733770.90504614
S5,2038,coronary_heart_disease,direct_medical,avoided_incident_case_first_year,7832.645244762972,21846.326995845397,8586.27962692537,46223.917226713966,CHINA_INCIDENT_MI_IMMEDIATE_PROXY,Event-specific first-year cost; no annual patient-year cost added for the same outcome,171114529.2595454,116520667.9915892,67253282.29004219,45796212.694343664,362055545.4601384,246542208.83304203
S5,2038,endometrial_cancer,direct_medical,avoided_incident_case_first_year,80.90991719376251,22329.17043600619,7912.595953582618,50409.93932055516,INTERNATIONAL_PROXY_ENDOMETRIAL,Event-specific first-year cost; no annual patient-year cost added for the same outcome,1806651.3309826707,1230241.6447331072,640207.4833920699,435950.1436894899,4078664.016168711,2777371.7271920387
S5,2038,gastric_cancer,direct_medical,avoided_incident_case_first_year,2229.0987406721943,64762.28390756019,31395.4919125426,119011.97726255516,CHINA_GASTRIC_NEW_DIAGNOSIS_COURSE,Event-specific first-year cost; no annual patient-year cost added for the same outcome,144361525.50139752,98303174.2336359,69983651.48503277,47655461.25634859,265289448.64086953,180649205.53805134
S5,2038,oesophageal_cancer,direct_medical,avoided_incident_case_first_year,1091.996312842506,68356.63525540795,29827.5487154762,135047.26753332303,CHINA_OESOPHAGEAL_NEW_DIAGNOSIS_DERIVED,Event-specific first-year cost; no annual patient-year cost added for the same outcome,74645193.65722553,50829744.64493796,32571573.21843024,22179656.428775966,147471118.20584422,100420655.5525619
S5,2038,renal_cancer,direct_medical,avoided_incident_case_first_year,303.54720856260127,13135.225379367826,4654.616770652017,29653.851952691733,INTERNATIONAL_PROXY_RENAL,Event-specific first-year cost; no annual patient-year cost added for the same outcome,3987160.997747739,2715062.624184857,1412895.9276600895,962113.3752110415,9001343.983368218,6129477.247214114
S5,2038,stroke,direct_medical,avoided_incident_case_first_year,14914.313012272612,29612.850356671155,4730.172689851648,100820.84684525008,CHINA_FIRST_ISCHAEMIC_STROKE_ONE_YEAR,Event-specific first-year cost; no annual patient-year cost added for the same outcome,441655319.40498227,300745781.5639375,70547276.09855098,48039262.19217695,1503673668.0124574,1023928599.1455392
S5,2039,bladder_cancer,direct_medical,avoided_incident_case_first_year,232.23087252797245,17917.502226658013,6349.271058827539,40450.2353820222,INTERNATIONAL_PROXY_BLADDER,Event-specific first-year cost; no annual patient-year cost added for the same outcome,4160997.1756186797,2750909.322762492,1474496.7579081228,974816.0612748855,9393793.456728877,6210404.118425895
S5,2039,breast_cancer,direct_medical,avoided_incident_case_first_year,546.9240750922766,53995.542586727424,26175.98574835096,99226.21468667472,CHINA_BREAST_NEW_DIAGNOSIS_COURSE,Event-specific first-year cost; no annual patient-year cost added for the same outcome,29531462.188351527,19523775.48457847,14316276.79504546,9464745.502232464,54269205.69241724,35878338.19089019
S5,2039,colon_cancer,direct_medical,avoided_incident_case_first_year,1665.5927266763654,72296.25822013385,35047.815693114135,132856.9673630357,CHINA_CRC_NEW_DIAGNOSIS_COURSE,Event-specific first-year cost; no annual patient-year cost added for the same outcome,120416121.85737133,79609242.26753278,58375386.90434468,38593007.704013295,221285598.52815154,146295849.35819137
S5,2039,coronary_heart_disease,direct_medical,avoided_incident_case_first_year,8125.690398757213,21846.326995845397,8586.27962692537,46223.917226713966,CHINA_INCIDENT_MI_IMMEDIATE_PROXY,Event-specific first-year cost; no annual patient-year cost added for the same outcome,177516489.51825145,117359312.04693027,69769449.92555214,46125825.64795304,375601240.4020578,248316667.9173601
S5,2039,endometrial_cancer,direct_medical,avoided_incident_case_first_year,81.28655157096043,22329.17043600619,7912.595953582618,50409.93932055516,INTERNATIONAL_PROXY_ENDOMETRIAL,Event-specific first-year cost; no annual patient-year cost added for the same outcome,1815061.264183182,1199969.320403154,643187.6390410663,425222.80065248767,4097650.132269293,2709029.4644582486
S5,2039,gastric_cancer,direct_medical,avoided_incident_case_first_year,2279.3161463589813,64762.28390756019,31395.4919125426,119011.97726255516,CHINA_GASTRIC_NEW_DIAGNOSIS_COURSE,Event-specific first-year cost; no annual patient-year cost added for the same outcome,147613719.38558635,97590058.26892419,71560251.63914116,47309756.547497235,271265921.38464993,179338730.73918575
S5,2039,oesophageal_cancer,direct_medical,avoided_incident_case_first_year,1119.8441716395303,68356.63525540795,29827.5487154762,135047.26753332303,CHINA_OESOPHAGEAL_NEW_DIAGNOSIS_DERIVED,Event-specific first-year cost; no annual patient-year cost added for the same outcome,76548779.58365783,50607761.196440965,33402206.58332018,22082793.52586487,151231895.44303617,99982098.88509087
S5,2039,renal_cancer,direct_medical,avoided_incident_case_first_year,309.2759031723887,13135.225379367826,4654.616770652017,29653.851952691733,INTERNATIONAL_PROXY_RENAL,Event-specific first-year cost; no annual patient-year cost added for the same outcome,4062408.692576867,2685730.7211749027,1439560.80566475,951719.2811835629,9171221.84520904,6063258.062980386
S5,2039,stroke,direct_medical,avoided_incident_case_first_year,15340.987822608795,29612.850356671155,4730.172689851648,100820.84684525008,CHINA_FIRST_ISCHAEMIC_STROKE_ONE_YEAR,Event-specific first-year cost; no annual patient-year cost added for the same outcome,454290376.7144287,300339457.05795693,72565521.63385083,47974358.440654986,1546691383.718088,1022545213.8822659
S5,2040,bladder_cancer,direct_medical,avoided_incident_case_first_year,238.57923183267684,17917.502226658013,6349.271058827539,40450.2353820222,INTERNATIONAL_PROXY_BLADDER,Event-specific first-year cost; no annual patient-year cost added for the same outcome,4274743.917596346,2743795.4555706633,1514804.211912521,972295.1813829205,9650586.08489382,6194343.97796961
S5,2040,breast_cancer,direct_medical,avoided_incident_case_first_year,549.0558008469134,53995.542586727424,26175.98574835096,99226.21468667472,CHINA_BREAST_NEW_DIAGNOSIS_COURSE,Event-specific first-year cost; no annual patient-year cost added for the same outcome,29646565.877119243,19029002.50751283,14372076.818018226,9224889.214548396,54480728.76979995,34969106.66377616
S5,2040,colon_cancer,direct_medical,avoided_incident_case_first_year,1703.0273840522068,72296.25822013385,35047.815693114135,132856.9673630357,CHINA_CRC_NEW_DIAGNOSIS_COURSE,Event-specific first-year cost; no annual patient-year cost added for the same outcome,123122507.51339741,79027652.44091623,59687389.87658805,38311064.30121392,226259053.58138013,145227076.74788287
S5,2040,coronary_heart_disease,direct_medical,avoided_incident_case_first_year,8407.330673861105,21846.326995845397,8586.27962692537,46223.917226713966,CHINA_INCIDENT_MI_IMMEDIATE_PROXY,Event-specific first-year cost; no annual patient-year cost added for the same outcome,183669295.0633709,117890331.40635754,72187692.08179834,46334532.617697686,388619757.16616905,249440234.1315167
S5,2040,endometrial_cancer,direct_medical,avoided_incident_case_first_year,81.88907867528681,22329.17043600619,7912.595953582618,50409.93932055516,INTERNATIONAL_PROXY_ENDOMETRIAL,Event-specific first-year cost; no annual patient-year cost added for the same outcome,1828515.194587999,1173654.3236427407,647955.1925686831,415897.78172795,4128023.4870373756,2649621.194289198
S5,2040,gastric_cancer,direct_medical,avoided_incident_case_first_year,2333.186488400006,64762.28390756019,31395.4919125426,119011.97726255516,CHINA_GASTRIC_NEW_DIAGNOSIS_COURSE,Event-specific first-year cost; no annual patient-year cost added for the same outcome,151102485.77104458,96986935.77348746,73251537.52701606,47017374.52689425,277677137.30676246,178230388.09926423
S5,2040,oesophageal_cancer,direct_medical,avoided_incident_case_first_year,1149.3821371723152,68356.63525540795,29827.5487154762,135047.26753332303,CHINA_OESOPHAGEAL_NEW_DIAGNOSIS_DERIVED,Event-specific first-year cost; no annual patient-year cost added for the same outcome,78567895.51976922,50429742.421180904,34283251.68920538,22005114.692325167,155220916.97673222,99630400.04738954
S5,2040,renal_cancer,direct_medical,avoided_incident_case_first_year,313.97591850418576,13135.225379367826,4654.616770652017,29653.851952691733,INTERNATIONAL_PROXY_RENAL,Event-specific first-year cost; no annual patient-year cost added for the same outcome,4124144.453246505,2647131.390106172,1461437.5758504542,938041.1684341104,9310595.404033529,5976116.897455888
S5,2040,stroke,direct_medical,avoided_incident_case_first_year,15757.027118037335,29612.850356671155,4730.172689851648,100820.84684525008,CHINA_FIRST_ISCHAEMIC_STROKE_ONE_YEAR,Event-specific first-year cost; no annual patient-year cost added for the same outcome,466610486.11244893,299499515.2918654,74533459.34699202,47840191.36267436,1588636817.8040943,1019685521.5818601
S5,2041,bladder_cancer,direct_medical,avoided_incident_case_first_year,244.65390499743984,17917.502226658013,6349.271058827539,40450.2353820222,INTERNATIONAL_PROXY_BLADDER,Event-specific first-year cost; no annual patient-year cost added for the same outcome,4383586.887552206,2731706.4235213343,1553373.9584293868,968011.2951386735,9896308.044277338,6167051.9935317
S5,2041,breast_cancer,direct_medical,avoided_incident_case_first_year,551.6068697464104,53995.542586727424,26175.98574835096,99226.21468667472,CHINA_BREAST_NEW_DIAGNOSIS_COURSE,Event-specific first-year cost; no annual patient-year cost added for the same outcome,29784312.226523712,18560598.686979,14438853.561174523,8997816.17956457,54733861.68010194,34108333.05488621
S5,2041,colon_cancer,direct_medical,avoided_incident_case_first_year,1739.1496119556523,72296.25822013385,35047.815693114135,132856.9673630357,CHINA_CRC_NEW_DIAGNOSIS_COURSE,Event-specific first-year cost; no annual patient-year cost added for the same outcome,125734009.42939143,78353277.8119868,60953395.062572666,37984140.63621781,231058143.23502833,143987795.9016553
S5,2041,coronary_heart_disease,direct_medical,avoided_incident_case_first_year,8673.364677840631,21846.326995845397,8586.27962692537,46223.917226713966,CHINA_INCIDENT_MI_IMMEDIATE_PROXY,Event-specific first-year cost; no annual patient-year cost added for the same outcome,189481160.90632167,118078395.08186638,74471934.43023714,46408447.4366919,400916890.94561,249838151.81221998
S5,2041,endometrial_cancer,direct_medical,avoided_incident_case_first_year,82.50325714718355,22329.17043600619,7912.595953582618,50409.93932055516,INTERNATIONAL_PROXY_ENDOMETRIAL,Event-specific first-year cost; no annual patient-year cost added for the same outcome,1842229.2903651071,1148016.3882184664,652814.9386601907,406812.6872020374,4158984.1865376816,2591741.4457895425
S5,2041,gastric_cancer,direct_medical,avoided_incident_case_first_year,2385.040904804465,64762.28390756019,31395.4919125426,119011.97726255516,CHINA_GASTRIC_NEW_DIAGNOSIS_COURSE,Event-specific first-year cost; no annual patient-year cost added for the same outcome,154460696.208091,96254799.28580391,74879532.43787186,46662449.03954184,283848433.9328529,176884959.7763587
S5,2041,oesophageal_cancer,direct_medical,avoided_incident_case_first_year,1177.6856168752347,68356.63525540795,29827.5487154762,135047.26753332303,CHINA_OESOPHAGEAL_NEW_DIAGNOSIS_DERIVED,Event-specific first-year cost; no annual patient-year cost added for the same outcome,80502626.15828052,50166575.142236754,35127475.10886171,21890281.14612009,159043224.57229638,99110479.46041515
S5,2041,renal_cancer,direct_medical,avoided_incident_case_first_year,318.4905109055509,13135.225379367826,4654.616770652017,29653.851952691733,INTERNATIONAL_PROXY_RENAL,Event-specific first-year cost; no annual patient-year cost added for the same outcome,4183444.641934417,2606984.392911056,1482451.2733545064,923814.6225592882,9444470.458730359,5885481.748321783
S5,2041,stroke,direct_medical,avoided_incident_case_first_year,16151.659573947274,29612.850356671155,4730.172689851648,100820.84684525008,CHINA_FIRST_ISCHAEMIC_STROKE_ONE_YEAR,Event-specific first-year cost; no annual patient-year cost added for the same outcome,478296677.9751956,298058676.8529511,76400139.0124663,47610040.78438984,1628423996.2015553,1014779997.4655097
S5,2042,bladder_cancer,direct_medical,avoided_incident_case_first_year,250.20563547172932,17917.502226658013,6349.271058827539,40450.2353820222,INTERNATIONAL_PROXY_BLADDER,Event-specific first-year cost; no annual patient-year cost added for the same outcome,4483060.030687093,2712325.046275054,1588623.400056204,961143.2832878401,10120876.848739894,6123296.939857235
S5,2042,breast_cancer,direct_medical,avoided_incident_case_first_year,554.5376368799626,53995.542586727424,26175.98574835096,99226.21468667472,CHINA_BREAST_NEW_DIAGNOSIS_COURSE,Event-specific first-year cost; no annual patient-year cost added for the same outcome,29942560.58809521,18115741.586501077,14515569.279894121,8782158.13513508,55024670.60889244,33290830.645571325
S5,2042,colon_cancer,direct_medical,avoided_incident_case_first_year,1772.7139370962648,72296.25822013385,35047.815693114135,132856.9673630357,CHINA_CRC_NEW_DIAGNOSIS_COURSE,Event-specific first-year cost; no annual patient-year cost added for the same outcome,128160584.54674168,77539261.35985792,62129751.343964614,37589521.339344844,235517397.684797,142491898.88186532
S5,2042,coronary_heart_disease,direct_medical,avoided_incident_case_first_year,8908.907318970261,21846.326995845397,8586.27962692537,46223.917226713966,CHINA_INCIDENT_MI_IMMEDIATE_PROXY,Event-specific first-year cost; no annual patient-year cost added for the same outcome,194626902.46590465,117752476.7956985,76494369.41104068,46280351.50820479,411804594.4925476,249148552.14242822
S5,2042,endometrial_cancer,direct_medical,avoided_incident_case_first_year,83.0688314296484,22329.17043600619,7912.595953582618,50409.93932055516,INTERNATIONAL_PROXY_ENDOMETRIAL,Event-specific first-year cost; no annual patient-year cost added for the same outcome,1854858.0949124866,1122219.6521303551,657290.0994390725,397671.3198515837,4187494.751798001,2533503.1917264573
S5,2042,gastric_cancer,direct_medical,avoided_incident_case_first_year,2432.9427636970154,64762.28390756019,31395.4919125426,119011.97726255516,CHINA_GASTRIC_NEW_DIAGNOSIS_COURSE,Event-specific first-year cost; no annual patient-year cost added for the same outcome,157562929.99339023,95328163.90148939,76383434.86132869,46213234.28121665,289549328.8742073,175182105.8522116
S5,2042,oesophageal_cancer,direct_medical,avoided_incident_case_first_year,1203.5880037731904,68356.63525540795,29827.5487154762,135047.26753332303,CHINA_OESOPHAGEAL_NEW_DIAGNOSIS_DERIVED,Event-specific first-year cost; no annual patient-year cost added for the same outcome,82273226.17170854,49776654.88659008,35900079.81590759,21720138.695764005,162541271.14545625,98340142.17151514
S5,2042,renal_cancer,direct_medical,avoided_incident_case_first_year,322.7553563114579,13135.225379367826,4654.616770652017,29653.851952691733,INTERNATIONAL_PROXY_RENAL,Event-specific first-year cost; no annual patient-year cost added for the same outcome,4239464.347549167,2564945.6518398174,1502302.4943050793,908917.7156881932,9570939.552998241,5790575.831750135
S5,2042,stroke,direct_medical,avoided_incident_case_first_year,16507.546631788246,29612.850356671155,4730.172689851648,100820.84684525008,CHINA_FIRST_ISCHAEMIC_STROKE_ONE_YEAR,Event-specific first-year cost; no annual patient-year cost added for the same outcome,488835508.1629163,295753521.75145006,78083546.25413732,47241829.633633934,1664304830.7543466,1006931793.5052776
S5,2043,bladder_cancer,direct_medical,avoided_incident_case_first_year,255.2217763309018,17917.502226658013,6349.271058827539,40450.2353820222,INTERNATIONAL_PROXY_BLADDER,Event-specific first-year cost; no annual patient-year cost added for the same outcome,4572936.745700547,2686118.385394851,1620472.2380403501,951856.6544167902,10323780.9272028,6064133.246850748
S5,2043,breast_cancer,direct_medical,avoided_incident_case_first_year,557.3153620460348,53995.542586727424,26175.98574835096,99226.21468667472,CHINA_BREAST_NEW_DIAGNOSIS_COURSE,Event-specific first-year cost; no annual patient-year cost added for the same outcome,30092545.365594085,17676198.877198312,14588278.974254062,8569076.403878827,55300293.7625617,32483094.355725072
S5,2043,colon_cancer,direct_medical,avoided_incident_case_first_year,1803.1233288546105,72296.25822013385,35047.815693114135,132856.9673630357,CHINA_CRC_NEW_DIAGNOSIS_COURSE,Event-specific first-year cost; no annual patient-year cost added for the same outcome,130359069.78562024,76572214.64594796,63195534.10165081,37120715.956740566,239557497.2531653,140714782.10056165
S5,2043,coronary_heart_disease,direct_medical,avoided_incident_case_first_year,9119.867049660665,21846.326995845397,8586.27962692537,46223.917226713966,CHINA_INCIDENT_MI_IMMEDIATE_PROXY,Event-specific first-year cost; no annual patient-year cost added for the same outcome,199235597.7255227,117029915.74917887,78305728.64876935,45996362.75375094,421555979.62215066,247619709.23845068
S5,2043,endometrial_cancer,direct_medical,avoided_incident_case_first_year,83.59354975936702,22329.17043600619,7912.595953582618,50409.93932055516,INTERNATIONAL_PROXY_ENDOMETRIAL,Event-specific first-year cost; no annual patient-year cost added for the same outcome,1866574.6199276703,1096415.8664589252,661441.9835715747,388527.45440096053,4213945.7709595,2475249.022649048
S5,2043,gastric_cancer,direct_medical,avoided_incident_case_first_year,2476.309466016438,64762.28390756019,31395.4919125426,119011.97726255516,CHINA_GASTRIC_NEW_DIAGNOSIS_COURSE,Event-specific first-year cost; no annual patient-year cost added for the same outcome,160371456.68113533,94201328.87006709,77744953.81327176,45666966.639292754,294710485.8645984,173111350.20483968
S5,2043,oesophageal_cancer,direct_medical,avoided_incident_case_first_year,1227.0120881547925,68356.63525540795,29827.5487154762,135047.26753332303,CHINA_OESOPHAGEAL_NEW_DIAGNOSIS_DERIVED,Event-specific first-year cost; no annual patient-year cost added for the same outcome,83874417.76397362,49267380.71151342,36598762.833915256,21497915.934069026,165704629.7356616,97334005.96378028
S5,2043,renal_cancer,direct_medical,avoided_incident_case_first_year,326.59830183869866,13135.225379367826,4654.616770652017,29653.851952691733,INTERNATIONAL_PROXY_RENAL,Event-specific first-year cost; no annual patient-year cost added for the same outcome,4289942.303170108,2519888.975867096,1520189.9330048764,892951.3691996218,9684897.690725299,5688856.678847425
S5,2043,stroke,direct_medical,avoided_incident_case_first_year,16826.743854895827,29612.850356671155,4730.172689851648,100820.84684525008,CHINA_FIRST_ISCHAEMIC_STROKE_ONE_YEAR,Event-specific first-year cost; no annual patient-year cost added for the same outcome,498287847.7650661,292691594.8179228,79593404.24155729,46752736.45331368,1696486565.098705,996507060.2324483
S5,2044,bladder_cancer,direct_medical,avoided_incident_case_first_year,259.51687510048026,17917.502226658013,6349.271058827539,40450.2353820222,INTERNATIONAL_PROXY_BLADDER,Event-specific first-year cost; no annual patient-year cost added for the same outcome,4649894.187468184,2651769.681267093,1647742.9843528403,939684.7997538046,10497518.683421282,5986588.221352268
S5,2044,breast_cancer,direct_medical,avoided_incident_case_first_year,559.5216040303868,53995.542586727424,26175.98574835096,99226.21468667472,CHINA_BREAST_NEW_DIAGNOSIS_COURSE,Event-specific first-year cost; no annual patient-year cost added for the same outcome,30211672.59861679,17229294.72960786,14646029.532993874,8352425.990941184,55519210.80335177,31661830.14077716
S5,2044,colon_cancer,direct_medical,avoided_incident_case_first_year,1829.3201689140817,72296.25822013385,35047.815693114135,132856.9673630357,CHINA_CRC_NEW_DIAGNOSIS_COURSE,Event-specific first-year cost; no annual patient-year cost added for the same outcome,132253003.29911132,75422039.78539455,64113676.123797156,36563133.62094683,243037929.97796112,138601135.4517262
S5,2044,coronary_heart_disease,direct_medical,avoided_incident_case_first_year,9296.709866908754,21846.326995845397,8586.27962692537,46223.917226713966,CHINA_INCIDENT_MI_IMMEDIATE_PROXY,Event-specific first-year cost; no annual patient-year cost added for the same outcome,203098963.73799098,115824501.07975802,79824150.5276747,45522597.6480646,429730347.36876523,245069212.4014413
S5,2044,endometrial_cancer,direct_medical,avoided_incident_case_first_year,84.02626073024908,22329.17043600619,7912.595953582618,50409.93932055516,INTERNATIONAL_PROXY_ENDOMETRIAL,Event-specific first-year cost; no annual patient-year cost added for the same outcome,1876236.6969460256,1069991.5712600779,664865.8506488468,379163.7043294613,4235758.704745003,2415594.0022630515
S5,2044,gastric_cancer,direct_medical,avoided_incident_case_first_year,2513.5704800663084,64762.28390756019,31395.4919125426,119011.97726255516,CHINA_GASTRIC_NEW_DIAGNOSIS_COURSE,Event-specific first-year cost; no annual patient-year cost added for the same outcome,162784565.05171663,92833762.82965074,78914781.67852761,45003997.30017797,299144992.82148135,170598209.3968443
S5,2044,oesophageal_cancer,direct_medical,avoided_incident_case_first_year,1247.135554835864,68356.63525540795,29827.5487154762,135047.26753332303,CHINA_OESOPHAGEAL_NEW_DIAGNOSIS_DERIVED,Event-specific first-year cost; no annual patient-year cost added for the same outcome,85249990.23596598,48616878.21742441,37198996.51666918,21214067.924881887,168422248.92423818,96048855.16573273
S5,2044,renal_cancer,direct_medical,avoided_incident_case_first_year,329.8866372427296,13135.225379367826,4654.616770652017,29653.851952691733,INTERNATIONAL_PROXY_RENAL,Event-specific first-year cost; no annual patient-year cost added for the same outcome,4333135.329825009,2471126.5308842827,1535495.8741240075,875671.8412402833,9782409.501967227,5578771.447524108
S5,2044,stroke,direct_medical,avoided_incident_case_first_year,17097.351194633095,29612.850356671155,4730.172689851648,100820.84684525008,CHINA_FIRST_ISCHAEMIC_STROKE_ONE_YEAR,Event-specific first-year cost; no annual patient-year cost added for the same outcome,506301302.42212266,288736558.128015,80873423.68965591,46120983.47065125,1723769426.2535567,983041617.2380117
S5,2045,bladder_cancer,direct_medical,avoided_incident_case_first_year,262.99370459394834,17917.502226658013,6349.271058827539,40450.2353820222,INTERNATIONAL_PROXY_BLADDER,Event-specific first-year cost; no annual patient-year cost added for the same outcome,4712190.287659109,2609025.5113891773,1669818.3172321953,924537.9161476917,10638157.254815223,5890089.741212645
S5,2045,breast_cancer,direct_medical,avoided_incident_case_first_year,561.3560861598191,53995.542586727424,26175.98574835096,99226.21468667472,CHINA_BREAST_NEW_DIAGNOSIS_COURSE,Event-specific first-year cost; no annual patient-year cost added for the same outcome,30310726.456561144,16782314.330772173,14694048.9110695,8135738.612887292,55701239.52096569,30840425.800884336
S5,2045,colon_cancer,direct_medical,avoided_incident_case_first_year,1851.410961193099,72296.25822013385,35047.815693114135,132856.9673630357,CHINA_CRC_NEW_DIAGNOSIS_COURSE,Event-specific first-year cost; no annual patient-year cost added for the same outcome,133850084.9220025,74109546.71709464,64887910.14010702,35926862.58439886,245972845.64679813,136189200.8228498
S5,2045,coronary_heart_disease,direct_medical,avoided_incident_case_first_year,9426.341525632803,21846.326995845397,8586.27962692537,46223.917226713966,CHINA_INCIDENT_MI_IMMEDIATE_PROXY,Event-specific first-year cost; no annual patient-year cost added for the same outcome,205930939.34349036,114018968.15130733,80937204.19798155,44812967.576050796,435722430.4315873,241248945.28511176
S5,2045,endometrial_cancer,direct_medical,avoided_incident_case_first_year,84.36305265209047,22329.17043600619,7912.595953582618,50409.93932055516,INTERNATIONAL_PROXY_ENDOMETRIAL,Event-specific first-year cost; no annual patient-year cost added for the same outcome,1883756.981170292,1042990.5672532341,667530.7490468085,369595.5909210605,4252736.365088681,2354637.014296126
S5,2045,gastric_cancer,direct_medical,avoided_incident_case_first_year,2544.598010999031,64762.28390756019,31395.4919125426,119011.97726255516,CHINA_GASTRIC_NEW_DIAGNOSIS_COURSE,Event-specific first-year cost; no annual patient-year cost added for the same outcome,164793978.8189322,91242430.50793912,79888906.27499206,44232550.43292762,302837640.62735975,167673859.07036355
S5,2045,oesophageal_cancer,direct_medical,avoided_incident_case_first_year,1263.6607645984132,68356.63525540795,29827.5487154762,135047.26753332303,CHINA_OESOPHAGEAL_NEW_DIAGNOSIS_DERIVED,Event-specific first-year cost; no annual patient-year cost added for the same outcome,86379597.97222365,47826289.0535833,37691903.015895076,20869092.82904388,170653933.34808543,94486945.25136566
S5,2045,renal_cancer,direct_medical,avoided_incident_case_first_year,332.74168116981485,13135.225379367826,4654.616770652017,29653.851952691733,INTERNATIONAL_PROXY_RENAL,Event-specific first-year cost; no annual patient-year cost added for the same outcome,4370636.97527527,2419915.7235602145,1548785.0094679669,857524.7081896658,9867072.551899444,5463158.8367842045
S5,2045,stroke,direct_medical,avoided_incident_case_first_year,17310.04385820046,29612.850356671155,4730.172689851648,100820.84684525008,CHINA_FIRST_ISCHAEMIC_STROKE_ONE_YEAR,Event-specific first-year cost; no annual patient-year cost added for the same outcome,512599738.4403049,283814046.7766536,81879496.71819407,45334692.0978436,1745213280.7121904,966282279.414329
S5,2046,bladder_cancer,direct_medical,avoided_incident_case_first_year,265.6890415476855,17917.502226658013,6349.271058827539,40450.2353820222,INTERNATIONAL_PROXY_BLADDER,Event-specific first-year cost; no annual patient-year cost added for the same outcome,4760483.993529288,2558994.7236983515,1686931.7421463472,906808.9364987825,10747184.269027755,5777141.1218771385
S5,2046,breast_cancer,direct_medical,avoided_incident_case_first_year,562.2209985726206,53995.542586727424,26175.98574835096,99226.21468667472,CHINA_BREAST_NEW_DIAGNOSIS_COURSE,Event-specific first-year cost; no annual patient-year cost added for the same outcome,30357427.871580355,16318613.370829616,14716688.846060561,7910945.432978833,55787061.50572349,29988294.517496005
S5,2046,colon_cancer,direct_medical,avoided_incident_case_first_year,1868.6793156781346,72296.25822013385,35047.815693114135,132856.9673630357,CHINA_CRC_NEW_DIAGNOSIS_COURSE,Event-specific first-year cost; no annual patient-year cost added for the same outcome,135098522.33688945,72622112.85857925,65493128.24542191,35205783.66534592,248267066.85502985,133455782.01998813
S5,2046,coronary_heart_disease,direct_medical,avoided_incident_case_first_year,9516.260556035655,21846.326995845397,8586.27962692537,46223.917226713966,CHINA_INCIDENT_MI_IMMEDIATE_PROXY,Event-specific first-year cost; no annual patient-year cost added for the same outcome,207895339.88482046,111753989.4199537,81709274.13680245,43922761.147293255,439878840.25003517,236456552.06412464
S5,2046,endometrial_cancer,direct_medical,avoided_incident_case_first_year,84.44223109488505,22329.17043600619,7912.595953582618,50409.93932055516,INTERNATIONAL_PROXY_ENDOMETRIAL,Event-specific first-year cost; no annual patient-year cost added for the same outcome,1885524.9701143096,1013562.5823934041,668157.2560728757,359167.4491953605,4256727.745585451,2288200.9173814757
S5,2046,gastric_cancer,direct_medical,avoided_incident_case_first_year,2568.8630676610464,64762.28390756019,31395.4919125426,119011.97726255516,CHINA_GASTRIC_NEW_DIAGNOSIS_COURSE,Event-specific first-year cost; no annual patient-year cost added for the same outcome,166365439.30751067,89429621.43604547,80650719.66518176,43353735.95756325,305725472.9990941,164342506.63761872
S5,2046,oesophageal_cancer,direct_medical,avoided_incident_case_first_year,1276.4100757077272,68356.63525540795,29827.5487154762,135047.26753332303,CHINA_OESOPHAGEAL_NEW_DIAGNOSIS_DERIVED,Event-specific first-year cost; no annual patient-year cost added for the same outcome,87251097.98148075,46901764.54221565,38072183.7140969,20465674.787789594,172375692.97633052,92660428.94374937
S5,2046,renal_cancer,direct_medical,avoided_incident_case_first_year,335.04442826095783,13135.225379367826,4654.616770652017,29653.851952691733,INTERNATIONAL_PROXY_RENAL,Event-specific first-year cost; no annual patient-year cost added for the same outcome,4400884.077309117,2365692.0491172387,1559503.414696971,838309.9313480674,9935357.87322469,5340744.430649336
S5,2046,stroke,direct_medical,avoided_incident_case_first_year,17468.487097196477,29612.850356671155,4730.172689851648,100820.84684525008,CHINA_FIRST_ISCHAEMIC_STROKE_ONE_YEAR,Event-specific first-year cost; no annual patient-year cost added for the same outcome,517291694.3667202,278069775.74060255,82628960.60018466,44417137.93974773,1761187662.2446733,946725152.5795989
S5,2047,bladder_cancer,direct_medical,avoided_incident_case_first_year,267.7370112834088,17917.502226658013,6349.271058827539,40450.2353820222,INTERNATIONAL_PROXY_BLADDER,Event-specific first-year cost; no annual patient-year cost added for the same outcome,4797178.495829239,2503611.482368479,1699934.8571187295,887183.2539191736,10830025.126893017,5652108.898095433
S5,2047,breast_cancer,direct_medical,avoided_incident_case_first_year,561.9219901799972,53995.542586727424,26175.98574835096,99226.21468667472,CHINA_BREAST_NEW_DIAGNOSIS_COURSE,Event-specific first-year cost; no annual patient-year cost added for the same outcome,30341282.75118267,15834887.935000366,14708862.006636616,7676444.777780422,55757392.03476393,29099364.771713674
S5,2047,colon_cancer,direct_medical,avoided_incident_case_first_year,1881.4920616802613,72296.25822013385,35047.815693114135,132856.9673630357,CHINA_CRC_NEW_DIAGNOSIS_COURSE,Event-specific first-year cost; no annual patient-year cost added for the same outcome,136024835.93036819,70990341.80584316,65942187.00582713,34414732.890138224,249969329.43246526,130457118.48145206
S5,2047,coronary_heart_disease,direct_medical,avoided_incident_case_first_year,9574.26986941315,21846.326995845397,8586.27962692537,46223.917226713966,CHINA_INCIDENT_MI_IMMEDIATE_PROXY,Event-specific first-year cost; no annual patient-year cost added for the same outcome,209162630.31366968,109160408.22558066,82207358.32242756,42903403.82584251,442560257.949975,230968879.8127544
S5,2047,endometrial_cancer,direct_medical,avoided_incident_case_first_year,84.19340068579984,22329.17043600619,7912.595953582618,50409.93932055516,INTERNATIONAL_PROXY_ENDOMETRIAL,Event-specific first-year cost; no annual patient-year cost added for the same outcome,1879968.793500185,981141.6152210276,666188.3615848199,347678.7100863735,4244184.219762357,2215007.9166581794
S5,2047,gastric_cancer,direct_medical,avoided_incident_case_first_year,2587.0883330963075,64762.28390756019,31395.4919125426,119011.97726255516,CHINA_GASTRIC_NEW_DIAGNOSIS_COURSE,Event-specific first-year cost; no annual patient-year cost added for the same outcome,167545749.1219197,87440870.02148485,81222910.83875844,42389628.06660286,307894497.87467945,160687829.5038042
S5,2047,oesophageal_cancer,direct_medical,avoided_incident_case_first_year,1285.8070165208367,68356.63525540795,29827.5487154762,135047.26753332303,CHINA_OESOPHAGEAL_NEW_DIAGNOSIS_DERIVED,Event-specific first-year cost; no annual patient-year cost added for the same outcome,87893441.23715913,45870927.85843751,38352471.42397637,20015867.226486906,173644724.15631333,90623879.355005
S5,2047,renal_cancer,direct_medical,avoided_incident_case_first_year,336.8860762498001,13135.225379367826,4654.616770652017,29653.851952691733,INTERNATIONAL_PROXY_RENAL,Event-specific first-year cost; no annual patient-year cost added for the same outcome,4425074.538712019,2309413.217600267,1568075.580311474,818366.8861816659,9989969.83003479,5213690.33833843
S5,2047,stroke,direct_medical,avoided_incident_case_first_year,17582.026604207575,29612.850356671155,4730.172689851648,100820.84684525008,CHINA_FIRST_ISCHAEMIC_STROKE_ONE_YEAR,Event-specific first-year cost; no annual patient-year cost added for the same outcome,520653922.79741,271725377.86306864,83166022.07546778,43403723.249422155,1772634811.4919243,925124814.9210501
S5,2048,bladder_cancer,direct_medical,avoided_incident_case_first_year,269.28086393454197,17917.502226658013,6349.271058827539,40450.2353820222,INTERNATIONAL_PROXY_BLADDER,Event-specific first-year cost; no annual patient-year cost added for the same outcome,4824840.479143549,2444706.858271608,1709737.1960756637,866309.7292348609,10892474.330026515,5519126.863006697
S5,2048,breast_cancer,direct_medical,avoided_incident_case_first_year,561.1867093706751,53995.542586727424,26175.98574835096,99226.21468667472,CHINA_BREAST_NEW_DIAGNOSIS_COURSE,Event-specific first-year cost; no annual patient-year cost added for the same outcome,30301580.864929713,15353560.988635002,14689615.306650763,7443106.863486473,55684432.903323136,28214842.668100793
S5,2048,colon_cancer,direct_medical,avoided_incident_case_first_year,1891.1038718015911,72296.25822013385,35047.815693114135,132856.9673630357,CHINA_CRC_NEW_DIAGNOSIS_COURSE,Event-specific first-year cost; no annual patient-year cost added for the same outcome,136719733.83686274,69274760.98264241,66279059.95543671,33583052.773096755,251246325.37605447,127304439.89132889
S5,2048,coronary_heart_disease,direct_medical,avoided_incident_case_first_year,9609.750519028446,21846.326995845397,8586.27962692537,46223.917226713966,CHINA_INCIDENT_MI_IMMEDIATE_PROXY,Event-specific first-year cost; no annual patient-year cost added for the same outcome,209937752.18719047,106373726.7171274,82512005.10136946,41808152.131252736,444200312.5609425,225072633.0245206
S5,2048,endometrial_cancer,direct_medical,avoided_incident_case_first_year,83.8355885293433,22329.17043600619,7912.595953582618,50409.93932055516,INTERNATIONAL_PROXY_ENDOMETRIAL,Event-specific first-year cost; no annual patient-year cost added for the same outcome,1871979.1448745918,948516.3859404308,663357.1385634991,336117.5883720583,4226146.930667226,2141353.7774205627
S5,2048,gastric_cancer,direct_medical,avoided_incident_case_first_year,2600.879338120312,64762.28390756019,31395.4919125426,119011.97726255516,CHINA_GASTRIC_NEW_DIAGNOSIS_COURSE,Event-specific first-year cost; no annual patient-year cost added for the same outcome,168438886.10465485,85346593.70391768,81655886.22545539,41374363.76115217,309535792.65102404,156839231.97991866
S5,2048,oesophageal_cancer,direct_medical,avoided_incident_case_first_year,1292.7795822398314,68356.63525540795,29827.5487154762,135047.26753332303,CHINA_OESOPHAGEAL_NEW_DIAGNOSIS_DERIVED,Event-specific first-year cost; no annual patient-year cost added for the same outcome,88370062.36880682,44776381.410491854,38560445.96763154,19538259.787567977,174586350.10436007,88461462.98633693
S5,2048,renal_cancer,direct_medical,avoided_incident_case_first_year,338.29420059326037,13135.225379367826,4654.616770652017,29653.851952691733,INTERNATIONAL_PROXY_RENAL,Event-specific first-year cost; no annual patient-year cost added for the same outcome,4443570.569325544,2251520.5410422916,1574629.8594957073,797851.9566374837,10031726.140846742,5082992.858073505
S5,2048,stroke,direct_medical,avoided_incident_case_first_year,17661.196480321865,29612.850356671155,4730.172689851648,100820.84684525008,CHINA_FIRST_ISCHAEMIC_STROKE_ONE_YEAR,Event-specific first-year cost; no annual patient-year cost added for the same outcome,522998368.4915387,264998957.75685522,83540509.26132254,42329286.70232658,1780616785.4464006,902223832.3010983
S5,2049,bladder_cancer,direct_medical,avoided_incident_case_first_year,270.8344919634891,17917.502226658013,6349.271058827539,40450.2353820222,INTERNATIONAL_PROXY_BLADDER,Event-specific first-year cost; no annual patient-year cost added for the same outcome,4852677.612811607,2387195.8293215027,1719601.6015560408,845930.0408688666,10955318.949493533,5389290.983615377
S5,2049,breast_cancer,direct_medical,avoided_incident_case_first_year,560.2727658316177,53995.542586727424,26175.98574835096,99226.21468667472,CHINA_BREAST_NEW_DIAGNOSIS_COURSE,Event-specific first-year cost; no annual patient-year cost added for the same outcome,30252231.987644672,14882093.514291652,14665691.933597598,7214548.628898864,55593745.74550513,27348439.061695017
S5,2049,colon_cancer,direct_medical,avoided_incident_case_first_year,1900.3091010137464,72296.25822013385,35047.815693114135,132856.9673630357,CHINA_CRC_NEW_DIAGNOSIS_COURSE,Event-specific first-year cost; no annual patient-year cost added for the same outcome,137385237.46496022,67584433.18402857,66601683.13227719,32763614.829761166,252469304.21306303,124198168.13256821
S5,2049,coronary_heart_disease,direct_medical,avoided_incident_case_first_year,9649.193278612755,21846.326995845397,8586.27962692537,46223.917226713966,CHINA_INCIDENT_MI_IMMEDIATE_PROXY,Event-specific first-year cost; no annual patient-year cost added for the same outcome,210799431.61068776,103699352.01049042,82850671.66441791,40757040.47011498,446023511.4151607,219414012.46572763
S5,2049,endometrial_cancer,direct_medical,avoided_incident_case_first_year,83.43764523888606,22329.17043600619,7912.595953582618,50409.93932055516,INTERNATIONAL_PROXY_ENDOMETRIAL,Event-specific first-year cost; no annual patient-year cost added for the same outcome,1863093.4013181073,916518.4980599006,660208.3740936718,324778.7722305322,4206086.633542255,2069115.913006108
S5,2049,gastric_cancer,direct_medical,avoided_incident_case_first_year,2614.3651249025675,64762.28390756019,31395.4919125426,119011.97726255516,CHINA_GASTRIC_NEW_DIAGNOSIS_COURSE,Event-specific first-year cost; no annual patient-year cost added for the same outcome,169312256.45696414,83290410.9269475,82079279.13531198,40377566.46108752,311140762.8009215,153060637.97218218
S5,2049,oesophageal_cancer,direct_medical,avoided_incident_case_first_year,1299.6678308292342,68356.63525540795,29827.5487154762,135047.26753332303,CHINA_OESOPHAGEAL_NEW_DIAGNOSIS_DERIVED,Event-specific first-year cost; no annual patient-year cost added for the same outcome,88840919.86518121,43703845.64911749,38765905.53799626,19070256.75389096,175516589.2544492,86342531.5415081
S5,2049,renal_cancer,direct_medical,avoided_incident_case_first_year,339.53555484101213,13135.225379367826,4654.616770652017,29653.851952691733,INTERNATIONAL_PROXY_RENAL,Event-specific first-year cost; no annual patient-year cost added for the same outcome,4459876.037145399,2193963.4825639785,1580407.8877956127,777455.9571837271,10068537.075930418,4953053.063235325
S5,2049,stroke,direct_medical,avoided_incident_case_first_year,17740.329453261864,29612.850356671155,4730.172689851648,100820.84684525008,CHINA_FIRST_ISCHAEMIC_STROKE_ONE_YEAR,Event-specific first-year cost; no annual patient-year cost added for the same outcome,525341721.3774894,258433315.8522576,83914821.88879009,41280531.86601691,1788595038.7915936,879870240.2310575
S5,2050,bladder_cancer,direct_medical,avoided_incident_case_first_year,272.6847205990229,17917.502226658013,6349.271058827539,40450.2353820222,INTERNATIONAL_PROXY_BLADDER,Event-specific first-year cost; no annual patient-year cost added for the same outcome,4885829.088508611,2333499.183132328,1731349.2046838498,826902.0224937509,11030161.133311434,5268066.387123035
S5,2050,breast_cancer,direct_medical,avoided_incident_case_first_year,558.8684041370499,53995.542586727424,26175.98574835096,99226.21468667472,CHINA_BREAST_NEW_DIAGNOSIS_COURSE,Event-specific first-year cost; no annual patient-year cost added for the same outcome,30176402.71595847,14412417.997424422,14628931.381895062,6986859.100339741,55454396.2505022,26485328.48928272
S5,2050,colon_cancer,direct_medical,avoided_incident_case_first_year,1910.850247025637,72296.25822013385,35047.815693114135,132856.9673630357,CHINA_CRC_NEW_DIAGNOSIS_COURSE,Event-specific first-year cost; no annual patient-year cost added for the same outcome,138147322.878972,65979930.78558565,66971127.27489614,31985783.366221797,253869768.90473378,121249615.49607123
S5,2050,coronary_heart_disease,direct_medical,avoided_incident_case_first_year,9701.012298681217,21846.326995845397,8586.27962692537,46223.917226713966,CHINA_INCIDENT_MI_IMMEDIATE_PROXY,Event-specific first-year cost; no annual patient-year cost added for the same outcome,211931486.86770767,101219658.42992136,83295604.26071899,39782444.48993457,448418789.5095747,214167311.23134455
S5,2050,endometrial_cancer,direct_medical,avoided_incident_case_first_year,82.93856944422706,22329.17043600619,7912.595953582618,50409.93932055516,INTERNATIONAL_PROXY_ENDOMETRIAL,Event-specific first-year cost; no annual patient-year cost added for the same outcome,1851949.452838681,884501.3726668364,656259.3889803219,313433.1390572553,4180928.2530171364,1996834.6183244037
S5,2050,gastric_cancer,direct_medical,avoided_incident_case_first_year,2629.981548334905,64762.28390756019,31395.4919125426,119011.97726255516,CHINA_GASTRIC_NEW_DIAGNOSIS_COURSE,Event-specific first-year cost; no annual patient-year cost added for the same outcome,170323611.70490983,81347505.52702525,82569564.43088476,39435683.82369996,312999304.2313733,149490210.87592828
S5,2050,oesophageal_cancer,direct_medical,avoided_incident_case_first_year,1307.7833942908103,68356.63525540795,29827.5487154762,135047.26753332303,CHINA_OESOPHAGEAL_NEW_DIAGNOSIS_DERIVED,Event-specific first-year cost; no annual patient-year cost added for the same outcome,89395672.47661628,42695871.04272316,39007972.90249997,18630425.10384187,176612573.92442834,84351148.90794346
S5,2050,renal_cancer,direct_medical,avoided_incident_case_first_year,340.87799976196766,13135.225379367826,4654.616770652017,29653.851952691733,INTERNATIONAL_PROXY_RENAL,Event-specific first-year cost; no annual patient-year cost added for the same outcome,4477509.353741538,2138483.4037681306,1586656.454438369,757795.959144723,10108345.738871077,4827802.220907187
S5,2050,stroke,direct_medical,avoided_incident_case_first_year,17836.84652815138,29612.850356671155,4730.172689851648,100820.84684525008,CHINA_FIRST_ISCHAEMIC_STROKE_ONE_YEAR,Event-specific first-year cost; no annual patient-year cost added for the same outcome,528199867.0730563,252271198.19735974,84371364.32053685,40296233.485692844,1798325972.0169811,858890499.5831968
S6,2025,bladder_cancer,direct_medical,avoided_incident_case_first_year,0.0,17917.502226658013,6349.271058827539,40450.2353820222,INTERNATIONAL_PROXY_BLADDER,Event-specific first-year cost; no annual patient-year cost added for the same outcome,0.0,0.0,0.0,0.0,0.0,0.0
S6,2025,breast_cancer,direct_medical,avoided_incident_case_first_year,0.0,53995.542586727424,26175.98574835096,99226.21468667472,CHINA_BREAST_NEW_DIAGNOSIS_COURSE,Event-specific first-year cost; no annual patient-year cost added for the same outcome,0.0,0.0,0.0,0.0,0.0,0.0
S6,2025,colon_cancer,direct_medical,avoided_incident_case_first_year,0.0,72296.25822013385,35047.815693114135,132856.9673630357,CHINA_CRC_NEW_DIAGNOSIS_COURSE,Event-specific first-year cost; no annual patient-year cost added for the same outcome,0.0,0.0,0.0,0.0,0.0,0.0
S6,2025,coronary_heart_disease,direct_medical,avoided_incident_case_first_year,0.0,21846.326995845397,8586.27962692537,46223.917226713966,CHINA_INCIDENT_MI_IMMEDIATE_PROXY,Event-specific first-year cost; no annual patient-year cost added for the same outcome,0.0,0.0,0.0,0.0,0.0,0.0
S6,2025,endometrial_cancer,direct_medical,avoided_incident_case_first_year,0.0,22329.17043600619,7912.595953582618,50409.93932055516,INTERNATIONAL_PROXY_ENDOMETRIAL,Event-specific first-year cost; no annual patient-year cost added for the same outcome,0.0,0.0,0.0,0.0,0.0,0.0
S6,2025,gastric_cancer,direct_medical,avoided_incident_case_first_year,0.0,64762.28390756019,31395.4919125426,119011.97726255516,CHINA_GASTRIC_NEW_DIAGNOSIS_COURSE,Event-specific first-year cost; no annual patient-year cost added for the same outcome,0.0,0.0,0.0,0.0,0.0,0.0
S6,2025,oesophageal_cancer,direct_medical,avoided_incident_case_first_year,0.0,68356.63525540795,29827.5487154762,135047.26753332303,CHINA_OESOPHAGEAL_NEW_DIAGNOSIS_DERIVED,Event-specific first-year cost; no annual patient-year cost added for the same outcome,0.0,0.0,0.0,0.0,0.0,0.0
S6,2025,renal_cancer,direct_medical,avoided_incident_case_first_year,0.0,13135.225379367826,4654.616770652017,29653.851952691733,INTERNATIONAL_PROXY_RENAL,Event-specific first-year cost; no annual patient-year cost added for the same outcome,0.0,0.0,0.0,0.0,0.0,0.0
S6,2025,stroke,direct_medical,avoided_incident_case_first_year,0.0,29612.850356671155,4730.172689851648,100820.84684525008,CHINA_FIRST_ISCHAEMIC_STROKE_ONE_YEAR,Event-specific first-year cost; no annual patient-year cost added for the same outcome,0.0,0.0,0.0,0.0,0.0,0.0
S6,2026,bladder_cancer,direct_medical,avoided_incident_case_first_year,0.0,17917.502226658013,6349.271058827539,40450.2353820222,INTERNATIONAL_PROXY_BLADDER,Event-specific first-year cost; no annual patient-year cost added for the same outcome,0.0,0.0,0.0,0.0,0.0,0.0
S6,2026,breast_cancer,direct_medical,avoided_incident_case_first_year,0.0,53995.542586727424,26175.98574835096,99226.21468667472,CHINA_BREAST_NEW_DIAGNOSIS_COURSE,Event-specific first-year cost; no annual patient-year cost added for the same outcome,0.0,0.0,0.0,0.0,0.0,0.0
S6,2026,colon_cancer,direct_medical,avoided_incident_case_first_year,0.0,72296.25822013385,35047.815693114135,132856.9673630357,CHINA_CRC_NEW_DIAGNOSIS_COURSE,Event-specific first-year cost; no annual patient-year cost added for the same outcome,0.0,0.0,0.0,0.0,0.0,0.0
S6,2026,coronary_heart_disease,direct_medical,avoided_incident_case_first_year,881.740919306118,21846.326995845397,8586.27962692537,46223.917226713966,CHINA_INCIDENT_MI_IMMEDIATE_PROXY,Event-specific first-year cost; no annual patient-year cost added for the same outcome,19262800.448778782,18701748.008523088,7570874.0916645685,7350363.195790843,40757519.26941268,39570407.057682216
S6,2026,endometrial_cancer,direct_medical,avoided_incident_case_first_year,0.0,22329.17043600619,7912.595953582618,50409.93932055516,INTERNATIONAL_PROXY_ENDOMETRIAL,Event-specific first-year cost; no annual patient-year cost added for the same outcome,0.0,0.0,0.0,0.0,0.0,0.0
S6,2026,gastric_cancer,direct_medical,avoided_incident_case_first_year,0.0,64762.28390756019,31395.4919125426,119011.97726255516,CHINA_GASTRIC_NEW_DIAGNOSIS_COURSE,Event-specific first-year cost; no annual patient-year cost added for the same outcome,0.0,0.0,0.0,0.0,0.0,0.0
S6,2026,oesophageal_cancer,direct_medical,avoided_incident_case_first_year,0.0,68356.63525540795,29827.5487154762,135047.26753332303,CHINA_OESOPHAGEAL_NEW_DIAGNOSIS_DERIVED,Event-specific first-year cost; no annual patient-year cost added for the same outcome,0.0,0.0,0.0,0.0,0.0,0.0
S6,2026,renal_cancer,direct_medical,avoided_incident_case_first_year,0.0,13135.225379367826,4654.616770652017,29653.851952691733,INTERNATIONAL_PROXY_RENAL,Event-specific first-year cost; no annual patient-year cost added for the same outcome,0.0,0.0,0.0,0.0,0.0,0.0
S6,2026,stroke,direct_medical,avoided_incident_case_first_year,1837.9124432645224,29612.850356671155,4730.172689851648,100820.84684525008,CHINA_FIRST_ISCHAEMIC_STROKE_ONE_YEAR,Event-specific first-year cost; no annual patient-year cost added for the same outcome,54425826.15105616,52840607.91364676,8693643.245468361,8440430.335406175,185299888.9573518,179902804.81296292
S6,2027,bladder_cancer,direct_medical,avoided_incident_case_first_year,0.0,17917.502226658013,6349.271058827539,40450.2353820222,INTERNATIONAL_PROXY_BLADDER,Event-specific first-year cost; no annual patient-year cost added for the same outcome,0.0,0.0,0.0,0.0,0.0,0.0
S6,2027,breast_cancer,direct_medical,avoided_incident_case_first_year,0.0,53995.542586727424,26175.98574835096,99226.21468667472,CHINA_BREAST_NEW_DIAGNOSIS_COURSE,Event-specific first-year cost; no annual patient-year cost added for the same outcome,0.0,0.0,0.0,0.0,0.0,0.0
S6,2027,colon_cancer,direct_medical,avoided_incident_case_first_year,0.0,72296.25822013385,35047.815693114135,132856.9673630357,CHINA_CRC_NEW_DIAGNOSIS_COURSE,Event-specific first-year cost; no annual patient-year cost added for the same outcome,0.0,0.0,0.0,0.0,0.0,0.0
S6,2027,coronary_heart_disease,direct_medical,avoided_incident_case_first_year,3070.692355403511,21846.326995845397,8586.27962692537,46223.917226713966,CHINA_INCIDENT_MI_IMMEDIATE_PROXY,Event-specific first-year cost; no annual patient-year cost added for the same outcome,67083349.29978781,63232490.620970696,26365823.211756647,24852317.1003456,141939429.26487523,133791525.36985129
S6,2027,endometrial_cancer,direct_medical,avoided_incident_case_first_year,0.0,22329.17043600619,7912.595953582618,50409.93932055516,INTERNATIONAL_PROXY_ENDOMETRIAL,Event-specific first-year cost; no annual patient-year cost added for the same outcome,0.0,0.0,0.0,0.0,0.0,0.0
S6,2027,gastric_cancer,direct_medical,avoided_incident_case_first_year,0.0,64762.28390756019,31395.4919125426,119011.97726255516,CHINA_GASTRIC_NEW_DIAGNOSIS_COURSE,Event-specific first-year cost; no annual patient-year cost added for the same outcome,0.0,0.0,0.0,0.0,0.0,0.0
S6,2027,oesophageal_cancer,direct_medical,avoided_incident_case_first_year,0.0,68356.63525540795,29827.5487154762,135047.26753332303,CHINA_OESOPHAGEAL_NEW_DIAGNOSIS_DERIVED,Event-specific first-year cost; no annual patient-year cost added for the same outcome,0.0,0.0,0.0,0.0,0.0,0.0
S6,2027,renal_cancer,direct_medical,avoided_incident_case_first_year,0.0,13135.225379367826,4654.616770652017,29653.851952691733,INTERNATIONAL_PROXY_RENAL,Event-specific first-year cost; no annual patient-year cost added for the same outcome,0.0,0.0,0.0,0.0,0.0,0.0
S6,2027,stroke,direct_medical,avoided_incident_case_first_year,6342.3684015764475,29612.850356671155,4730.172689851648,100820.84684525008,CHINA_FIRST_ISCHAEMIC_STROKE_ONE_YEAR,Event-specific first-year cost; no annual patient-year cost added for the same outcome,187815606.38276297,177034222.24786782,30000497.802114964,28278346.500249755,639442953.2514926,602736311.8592635
S6,2028,bladder_cancer,direct_medical,avoided_incident_case_first_year,32.65036030281712,17917.502226658013,6349.271058827539,40450.2353820222,INTERNATIONAL_PROXY_BLADDER,Event-specific first-year cost; no annual patient-year cost added for the same outcome,585012.9034269121,535369.6791851141,207305.98773096828,189714.34560596404,1320714.7595567862,1208641.0965930065
S6,2028,breast_cancer,direct_medical,avoided_incident_case_first_year,101.87627264198852,53995.542586727424,26175.98574835096,99226.21468667472,CHINA_BREAST_NEW_DIAGNOSIS_COURSE,Event-specific first-year cost; no annual patient-year cost added for the same outcome,5500864.618017545,5034070.374409661,2666711.8607718083,2440419.1172834644,10108796.900652159,9250981.169726893
S6,2028,colon_cancer,direct_medical,avoided_incident_case_first_year,246.98316609973926,72296.25822013385,35047.815693114135,132856.9673630357,CHINA_CRC_NEW_DIAGNOSIS_COURSE,Event-specific first-year cost; no annual patient-year cost added for the same outcome,17855958.752372958,16340731.721988162,8656220.484765457,7921667.978155072,32813434.437732287,30028940.840422437
S6,2028,coronary_heart_disease,direct_medical,avoided_incident_case_first_year,6717.660406540524,21846.326995845397,8586.27962692537,46223.917226713966,CHINA_INCIDENT_MI_IMMEDIATE_PROXY,Event-specific first-year cost; no annual patient-year cost added for the same outcome,146756205.88832802,134302717.77701843,57679710.6892821,52785106.151199795,310516578.58910286,284166656.9866974
S6,2028,endometrial_cancer,direct_medical,avoided_incident_case_first_year,19.215548250173782,22329.17043600619,7912.595953582618,50409.93932055516,INTERNATIONAL_PROXY_ENDOMETRIAL,Event-specific first-year cost; no annual patient-year cost added for the same outcome,429067.2518994309,392657.31687734526,152044.8693301966,139142.59401497044,968654.6213024602,886456.1974788398
S6,2028,gastric_cancer,direct_medical,avoided_incident_case_first_year,446.02175803330414,64762.28390756019,31395.4919125426,119011.97726255516,CHINA_GASTRIC_NEW_DIAGNOSIS_COURSE,Event-specific first-year cost; no annual patient-year cost added for the same outcome,28885387.722701956,26434221.65161285,14003072.497152632,12814795.001086852,53081931.32566447,48577486.715039045
S6,2028,oesophageal_cancer,direct_medical,avoided_incident_case_first_year,215.40365049464305,68356.63525540795,29827.5487154762,135047.26753332303,CHINA_OESOPHAGEAL_NEW_DIAGNOSIS_DERIVED,Event-specific first-year cost; no annual patient-year cost added for the same outcome,14724268.76954569,13474791.754523948,6424962.878620375,5879751.190023103,29089674.416004468,26621172.91510548
S6,2028,renal_cancer,direct_medical,avoided_incident_case_first_year,50.303240221101206,13135.225379367826,4654.616770652017,29653.851952691733,INTERNATIONAL_PROXY_RENAL,Event-specific first-year cost; no annual patient-year cost added for the same outcome,660744.397616645,604674.7244432003,234142.30555127477,214273.3780269681,1491684.8382572234,1365102.9381146648
S6,2028,stroke,direct_medical,avoided_incident_case_first_year,13776.735506154298,29612.850356671155,4730.172689851648,100820.84684525008,CHINA_FIRST_ISCHAEMIC_STROKE_ONE_YEAR,Event-specific first-year cost; no annual patient-year cost added for the same outcome,407968406.94718546,373348884.89731234,65166338.04652058,59636430.73386178,1388982140.4935014,1271115420.8631263
S6,2029,bladder_cancer,direct_medical,avoided_incident_case_first_year,88.2230095326357,17917.502226658013,6349.271058827539,40450.2353820222,INTERNATIONAL_PROXY_BLADDER,Event-specific first-year cost; no annual patient-year cost added for the same outcome,1580735.9697434711,1404463.4352915203,560151.8011482299,497687.6201868467,3568641.501705502,3170691.752919732
S6,2029,breast_cancer,direct_medical,avoided_incident_case_first_year,269.61226269173346,53995.542586727424,26175.98574835096,99226.21468667472,CHINA_BREAST_NEW_DIAGNOSIS_COURSE,Event-specific first-year cost; no annual patient-year cost added for the same outcome,14557860.412075436,12934470.421493577,7057366.74579947,6270378.946033722,26752604.260010086,23769342.38303304
S6,2029,colon_cancer,direct_medical,avoided_incident_case_first_year,665.8843080848357,72296.25822013385,35047.815693114135,132856.9673630357,CHINA_CRC_NEW_DIAGNOSIS_COURSE,Event-specific first-year cost; no annual patient-year cost added for the same outcome,48140943.88203644,42772605.11362539,23337790.50269415,20735324.58861352,88467369.78678463,78602112.21872588
S6,2029,coronary_heart_disease,direct_medical,avoided_incident_case_first_year,11851.807475816251,21846.326995845397,8586.27962692537,46223.917226713966,CHINA_INCIDENT_MI_IMMEDIATE_PROXY,Event-specific first-year cost; no annual patient-year cost added for the same outcome,258918461.60848686,230045699.6053961,101762933.07184288,90415047.9922435,547836967.7490802,486746050.21446264
S6,2029,endometrial_cancer,direct_medical,avoided_incident_case_first_year,49.33596001812474,22329.17043600619,7912.595953582618,50409.93932055516,INTERNATIONAL_PROXY_ENDOMETRIAL,Event-specific first-year cost; no annual patient-year cost added for the same outcome,1101631.0598686943,978784.9282749676,390375.5176055276,346843.5912158942,2487022.7508350033,2209687.501988548
S6,2029,gastric_cancer,direct_medical,avoided_incident_case_first_year,1162.7932182311338,64762.28390756019,31395.4919125426,119011.97726255516,CHINA_GASTRIC_NEW_DIAGNOSIS_COURSE,Event-specific first-year cost; no annual patient-year cost added for the same outcome,75305144.52487028,66907645.551766284,36506465.07893494,32435521.387820087,138386320.04917702,122954452.972409
S6,2029,oesophageal_cancer,direct_medical,avoided_incident_case_first_year,561.5070349361969,68356.63525540795,29827.5487154762,135047.26753332303,CHINA_OESOPHAGEAL_NEW_DIAGNOSIS_DERIVED,Event-specific first-year cost; no annual patient-year cost added for the same outcome,38382731.58047922,34102559.872880265,16748378.43864201,14880717.316323813,75829990.76887155,67373964.64170861
S6,2029,renal_cancer,direct_medical,avoided_incident_case_first_year,134.54279453049702,13135.225379367826,4654.616770652017,29653.851952691733,INTERNATIONAL_PROXY_RENAL,Event-specific first-year cost; no annual patient-year cost added for the same outcome,1767249.9293280554,1570178.6726378936,626245.1477920399,556410.7026332738,3989712.1103087817,3544807.5349217225
S6,2029,stroke,direct_medical,avoided_incident_case_first_year,24236.502029640273,29612.850356671155,4730.172689851648,100820.84684525008,CHINA_FIRST_ISCHAEMIC_STROKE_ONE_YEAR,Event-specific first-year cost; no annual patient-year cost added for the same outcome,717711907.7728941,637677734.1910758,114642839.99813846,101858678.47461669,2443544659.194955,2171057780.698273
S6,2030,bladder_cancer,direct_medical,avoided_incident_case_first_year,168.96832299388925,17917.502226658013,6349.271058827539,40450.2353820222,INTERNATIONAL_PROXY_BLADDER,Event-specific first-year cost; no annual patient-year cost added for the same outcome,3027490.303477681,2611539.7304177256,1072825.6830437246,925428.8583064576,6834808.437208374,5895765.7975189425
S6,2030,breast_cancer,direct_medical,avoided_incident_case_first_year,508.489383689437,53995.542586727424,26175.98574835096,99226.21468667472,CHINA_BREAST_NEW_DIAGNOSIS_COURSE,Event-specific first-year cost; no annual patient-year cost added for the same outcome,27456160.171901777,23683924.949741088,13310210.860642465,11481504.810395693,50455476.75186299,43523337.46644798
S6,2030,colon_cancer,direct_medical,avoided_incident_case_first_year,1273.823133118231,72296.25822013385,35047.815693114135,132856.9673630357,CHINA_CRC_NEW_DIAGNOSIS_COURSE,Event-specific first-year cost; no annual patient-year cost added for the same outcome,92092646.15869556,79439925.55367333,44644718.39515295,38510926.26401621,169236278.42296872,145984700.40413696
S6,2030,coronary_heart_disease,direct_medical,avoided_incident_case_first_year,14789.800999746622,21846.326995845397,8586.27962692537,46223.917226713966,CHINA_INCIDENT_MI_IMMEDIATE_PROXY,Event-specific first-year cost; no annual patient-year cost added for the same outcome,323102828.84394586,278711338.4201607,126989367.01040488,109542143.5065598,683642537.2118593,589716057.9776275
S6,2030,endometrial_cancer,direct_medical,avoided_incident_case_first_year,90.25311122311527,22329.17043600619,7912.595953582618,50409.93932055516,INTERNATIONAL_PROXY_ENDOMETRIAL,Event-specific first-year cost; no annual patient-year cost added for the same outcome,2015277.1028807638,1738395.7319132152,714136.4026622638,616020.3341849752,4549653.860248556,3924571.385757726
S6,2030,gastric_cancer,direct_medical,avoided_incident_case_first_year,2150.8044411373303,64762.28390756019,31395.4919125426,119011.97726255516,CHINA_GASTRIC_NEW_DIAGNOSIS_COURSE,Event-specific first-year cost; no annual patient-year cost added for the same outcome,139291007.8465771,120153646.95418093,67525563.43718776,58248144.191408284,255971489.2448386,220803255.17449433
S6,2030,oesophageal_cancer,direct_medical,avoided_incident_case_first_year,1037.9812975486118,68356.63525540795,29827.5487154762,135047.26753332303,CHINA_OESOPHAGEAL_NEW_DIAGNOSIS_DERIVED,Event-specific first-year cost; no annual patient-year cost added for the same outcome,70952908.95846553,61204602.545182206,30960437.718384415,26706745.544257198,140176537.98463315,120917513.03010498
S6,2030,renal_cancer,direct_medical,avoided_incident_case_first_year,255.82412622500271,13135.225379367826,4654.616770652017,29653.851952691733,INTERNATIONAL_PROXY_RENAL,Event-specific first-year cost; no annual patient-year cost added for the same outcome,3360307.555445254,2898630.815559552,1190763.2682642962,1027162.8553267787,7586170.765002953,6543897.5417298805
S6,2030,stroke,direct_medical,avoided_incident_case_first_year,30217.358130130186,29612.850356671155,4730.172689851648,100820.84684525008,CHINA_FIRST_ISCHAEMIC_STROKE_ONE_YEAR,Event-specific first-year cost; no annual patient-year cost added for the same outcome,894822104.4814857,771881407.7868538,142933322.18660846,123295539.29938038,3046539636.105928,2627971852.079508
S6,2031,bladder_cancer,direct_medical,avoided_incident_case_first_year,277.3389351977338,17917.502226658013,6349.271058827539,40450.2353820222,INTERNATIONAL_PROXY_BLADDER,Event-specific first-year cost; no annual patient-year cost added for the same outcome,4969220.988944357,4161644.3462228784,1760900.0747370175,1474726.0901853223,11218425.209347734,9395254.497611756
S6,2031,breast_cancer,direct_medical,avoided_incident_case_first_year,823.1026632702644,53995.542586727424,26175.98574835096,99226.21468667472,CHINA_BREAST_NEW_DIAGNOSIS_COURSE,Event-specific first-year cost; no annual patient-year cost added for the same outcome,44443874.90785833,37221045.541349046,21545523.58319216,18044036.80292983,81673361.57482898,68400154.50935099
S6,2031,colon_cancer,direct_medical,avoided_incident_case_first_year,2088.7303880867885,72296.25822013385,35047.815693114135,132856.9673630357,CHINA_CRC_NEW_DIAGNOSIS_COURSE,Event-specific first-year cost; no annual patient-year cost added for the same outcome,151007391.48936287,126466313.01520663,73205437.67427252,61308401.5558397,277502385.0002274,232403878.62985668
S6,2031,coronary_heart_disease,direct_medical,avoided_incident_case_first_year,17787.55547904739,21846.326995845397,8586.27962692537,46223.917226713966,CHINA_INCIDENT_MI_IMMEDIATE_PROXY,Event-specific first-year cost; no annual patient-year cost added for the same outcome,388592753.4520107,325440313.2774117,152728925.22254935,127908070.41410016,822210492.1290691,688588342.838215
S6,2031,endometrial_cancer,direct_medical,avoided_incident_case_first_year,141.72405448283882,22329.17043600619,7912.595953582618,50409.93932055516,INTERNATIONAL_PROXY_ENDOMETRIAL,Event-specific first-year cost; no annual patient-year cost added for the same outcome,3164580.567429135,2650286.404228926,1121405.180026233,939159.1836354692,7144300.986742958,5983239.601406724
S6,2031,gastric_cancer,direct_medical,avoided_incident_case_first_year,3409.801221635921,64762.28390756019,31395.4919125426,119011.97726255516,CHINA_GASTRIC_NEW_DIAGNOSIS_COURSE,Event-specific first-year cost; no annual patient-year cost added for the same outcome,220826514.78393108,184938729.5898625,107052386.67724843,89654688.48260653,405807185.45916706,339857129.0711564
S6,2031,oesophageal_cancer,direct_medical,avoided_incident_case_first_year,1644.4044053179562,68356.63525540795,29827.5487154762,135047.26753332303,CHINA_OESOPHAGEAL_NEW_DIAGNOSIS_DERIVED,Event-specific first-year cost; no annual patient-year cost added for the same outcome,112405952.14670555,94138215.28040211,49048552.50756501,41077390.53820726,222072321.65794897,185982073.23372078
S6,2031,renal_cancer,direct_medical,avoided_incident_case_first_year,417.37069024247717,13135.225379367826,4654.616770652017,29653.851952691733,INTERNATIONAL_PROXY_RENAL,Event-specific first-year cost; no annual patient-year cost added for the same outcome,5482258.083077254,4591304.8356539095,1942700.6143812425,1626981.1799939533,12376648.657843178,10365248.40144854
S6,2031,stroke,direct_medical,avoided_incident_case_first_year,36326.37800901016,29612.850356671155,4730.172689851648,100820.84684525008,CHINA_FIRST_ISCHAEMIC_STROKE_ONE_YEAR,Event-specific first-year cost; no annual patient-year cost added for the same outcome,1075727595.9806876,900904926.1139805,171830041.17944732,143904954.31309113,3662456193.6890736,3067249403.0081396
S6,2032,bladder_cancer,direct_medical,avoided_incident_case_first_year,419.25704453705873,17917.502226658013,6349.271058827539,40450.2353820222,INTERNATIONAL_PROXY_BLADDER,Event-specific first-year cost; no annual patient-year cost added for the same outcome,7512039.029034807,6107975.16738817,2661976.6190887154,2164430.592375514,16959046.13709499,13789256.454552228
S6,2032,breast_cancer,direct_medical,avoided_incident_case_first_year,1218.525089228522,53995.542586727424,26175.98574835096,99226.21468667472,CHINA_BREAST_NEW_DIAGNOSIS_COURSE,Event-specific first-year cost; no annual patient-year cost added for the same outcome,65794923.348434485,53497293.6640987,31896095.36965387,25934444.390063606,120909632.10488878,98310595.50413288
S6,2032,colon_cancer,direct_medical,avoided_incident_case_first_year,3146.7354408048473,72296.25822013385,35047.815693114135,132856.9673630357,CHINA_CRC_NEW_DIAGNOSIS_COURSE,Event-specific first-year cost; no annual patient-year cost added for the same outcome,227497197.97887397,184976040.53102076,110286203.76431856,89672776.09905083,418065727.75911736,339925694.4245198
S6,2032,coronary_heart_disease,direct_medical,avoided_incident_case_first_year,21139.51726359936,21846.326995845397,8586.27962692537,46223.917226713966,CHINA_INCIDENT_MI_IMMEDIATE_PROXY,Event-specific first-year cost; no annual patient-year cost added for the same outcome,461820806.6749105,375502577.6691097,181509806.40348032,147584082.81224534,977151296.2053076,794513424.2426906
S6,2032,endometrial_cancer,direct_medical,avoided_incident_case_first_year,203.70068257781577,22329.17043600619,7912.595953582618,50409.93932055516,INTERNATIONAL_PROXY_ENDOMETRIAL,Event-specific first-year cost; no annual patient-year cost added for the same outcome,4548467.2592108445,3698320.118087507,1611801.1967072424,1310541.8710157177,10268539.04830336,8349261.934073221
S6,2032,gastric_cancer,direct_medical,avoided_incident_case_first_year,4968.177450004029,64762.28390756019,31395.4919125426,119011.97726255516,CHINA_GASTRIC_NEW_DIAGNOSIS_COURSE,Event-specific first-year cost; no annual patient-year cost added for the same outcome,321750518.5202994,261612615.3791779,155978374.951678,126824692.62634017,591272621.7162188,480758749.6071874
S6,2032,oesophageal_cancer,direct_medical,avoided_incident_case_first_year,2396.737524712167,68356.63525540795,29827.5487154762,135047.26753332303,CHINA_OESOPHAGEAL_NEW_DIAGNOSIS_DERIVED,Event-specific first-year cost; no annual patient-year cost added for the same outcome,163832912.7796989,133211150.65982921,71488805.27656202,58126940.726450525,323672853.7069585,263175649.80140707
S6,2032,renal_cancer,direct_medical,avoided_incident_case_first_year,624.4044415192029,13135.225379367826,4654.616770652017,29653.851952691733,INTERNATIONAL_PROXY_RENAL,Event-specific first-year cost; no annual patient-year cost added for the same outcome,8201693.067233028,6668727.011610808,2906363.3851648886,2363139.397356705,18515996.867413606,15055199.87695413
S6,2032,stroke,direct_medical,avoided_incident_case_first_year,42936.39287665427,29612.850356671155,4730.172689851648,100820.84684525008,CHINA_FIRST_ISCHAEMIC_STROKE_ONE_YEAR,Event-specific first-year cost; no annual patient-year cost added for the same outcome,1271468977.1116042,1033820632.2258621,203096552.98589087,165136083.2159235,4328883490.3046465,3519778419.5610967
S6,2033,bladder_cancer,direct_medical,avoided_incident_case_first_year,605.5486427456078,17917.502226658013,6349.271058827539,40450.2353820222,INTERNATIONAL_PROXY_BLADDER,Event-specific first-year cost; no annual patient-year cost added for the same outcome,10849919.154744165,8565026.372314693,3844792.4720969843,3035114.6814940637,24494585.134323906,19336251.69572414
S6,2033,breast_cancer,direct_medical,avoided_incident_case_first_year,1700.1417980234044,53995.542586727424,26175.98574835096,99226.21468667472,CHINA_BREAST_NEW_DIAGNOSIS_COURSE,Event-specific first-year cost; no annual patient-year cost added for the same outcome,91800078.85864806,72467829.96176426,44502887.47523641,35130990.326585606,168698635.0484595,133172260.32341045
S6,2033,colon_cancer,direct_medical,avoided_incident_case_first_year,4509.952831844587,72296.25822013385,35047.815693114135,132856.9673630357,CHINA_CRC_NEW_DIAGNOSIS_COURSE,Event-specific first-year cost; no annual patient-year cost added for the same outcome,326052714.4916602,257389023.69284168,158063995.63512725,124777177.76692705,599178656.1892068,472997164.1995746
S6,2033,coronary_heart_disease,direct_medical,avoided_incident_case_first_year,25218.66463986139,21846.326995845397,8586.27962692537,46223.917226713966,CHINA_INCIDENT_MI_IMMEDIATE_PROXY,Event-specific first-year cost; no annual patient-year cost added for the same outcome,550935194.1209756,434913329.74763876,216534506.41550508,170934338.91200984,1165705466.8812113,920218660.0462657
S6,2033,endometrial_cancer,direct_medical,avoided_incident_case_first_year,275.9259447574731,22329.17043600619,7912.595953582618,50409.93932055516,INTERNATIONAL_PROXY_ENDOMETRIAL,Event-specific first-year cost; no annual patient-year cost added for the same outcome,6161197.448205644,4863706.1600449905,2183290.513976442,1723509.692923022,13909410.132191073,10980216.802211452
S6,2033,gastric_cancer,direct_medical,avoided_incident_case_first_year,6891.906502447142,64762.28390756019,31395.4919125426,119011.97726255516,CHINA_GASTRIC_NEW_DIAGNOSIS_COURSE,Event-specific first-year cost; no annual patient-year cost added for the same outcome,446335605.57584196,352341448.6446721,216374794.859579,170808261.1349351,820219419.9648952,647488784.2839082
S6,2033,oesophageal_cancer,direct_medical,avoided_incident_case_first_year,3332.0290201821103,68356.63525540795,29827.5487154762,135047.26753332303,CHINA_OESOPHAGEAL_NEW_DIAGNOSIS_DERIVED,Event-specific first-year cost; no annual patient-year cost added for the same outcome,227766292.39302284,179800814.4805001,99386257.92086233,78456429.76663524,449981414.51732963,355219483.8896268
S6,2033,renal_cancer,direct_medical,avoided_incident_case_first_year,884.8787985114044,13135.225379367826,4654.616770652017,29653.851952691733,INTERNATIONAL_PROXY_RENAL,Event-specific first-year cost; no annual patient-year cost added for the same outcome,11623082.451871509,9175368.618699627,4118771.69554559,3251396.410494554,26240064.887132924,20714149.530899584
S6,2033,stroke,direct_medical,avoided_incident_case_first_year,50541.0900165683,29612.850356671155,4730.172689851648,100820.84684525008,CHINA_FIRST_ISCHAEMIC_STROKE_ONE_YEAR,Event-specific first-year cost; no annual patient-year cost added for the same outcome,1496665735.5236835,1181481752.3036542,239068083.71170515,188722552.911757,5095595495.952431,4022510138.833347
S6,2034,bladder_cancer,direct_medical,avoided_incident_case_first_year,839.4515945171071,17917.502226658013,6349.271058827539,40450.2353820222,INTERNATIONAL_PROXY_BLADDER,Event-specific first-year cost; no annual patient-year cost added for the same outcome,15040875.813931886,11527578.892899962,5329905.714354098,4084928.921294891,33956014.590030834,26024457.745503943
S6,2034,breast_cancer,direct_medical,avoided_incident_case_first_year,2271.7209794035566,53995.542586727424,26175.98574835096,99226.21468667472,CHINA_BREAST_NEW_DIAGNOSIS_COURSE,Event-specific first-year cost; no annual patient-year cost added for the same outcome,122662806.88854687,94010827.63561739,59464535.98109738,45574615.356962666,225414273.61052027,172761271.00418714
S6,2034,colon_cancer,direct_medical,avoided_incident_case_first_year,6199.824353145668,72296.25822013385,35047.815693114135,132856.9673630357,CHINA_CRC_NEW_DIAGNOSIS_COURSE,Event-specific first-year cost; no annual patient-year cost added for the same outcome,448224102.35449356,343526451.8841862,217290301.25872993,166534922.66067803,823689861.7424281,631289692.3012054
S6,2034,coronary_heart_disease,direct_medical,avoided_incident_case_first_year,29710.67910557734,21846.326995845397,8586.27962692537,46223.917226713966,CHINA_INCIDENT_MI_IMMEDIATE_PROXY,Event-specific first-year cost; no annual patient-year cost added for the same outcome,649069211.009074,497457503.7664304,255104198.706336,195516126.37964928,1373343971.725667,1052553799.1938038
S6,2034,endometrial_cancer,direct_medical,avoided_incident_case_first_year,358.0276998565565,22329.17043600619,7912.595953582618,50409.93932055516,INTERNATIONAL_PROXY_ENDOMETRIAL,Event-specific first-year cost; no annual patient-year cost added for the same outcome,7994461.530908319,6127089.083365581,2832928.529155481,2171203.8262783806,18048154.62484695,13832407.692407712
S6,2034,gastric_cancer,direct_medical,avoided_incident_case_first_year,9172.955107463331,64762.28390756019,31395.4919125426,119011.97726255516,CHINA_GASTRIC_NEW_DIAGNOSIS_COURSE,Event-specific first-year cost; no annual patient-year cost added for the same outcome,594061522.9408445,455298691.2234005,287989437.89048135,220719923.93750054,1091691524.6798651,836690651.0723739
S6,2034,oesophageal_cancer,direct_medical,avoided_incident_case_first_year,4446.749858503109,68356.63525540795,29827.5487154762,135047.26753332303,CHINA_OESOPHAGEAL_NEW_DIAGNOSIS_DERIVED,Event-specific first-year cost; no annual patient-year cost added for the same outcome,303964858.1497339,232963753.33041307,132635648.03003839,101654179.95546141,600521417.7950357,460249662.7288331
S6,2034,renal_cancer,direct_medical,avoided_incident_case_first_year,1202.1204978023634,13135.225379367826,4654.616770652017,29653.851952691733,INTERNATIONAL_PROXY_RENAL,Event-specific first-year cost; no annual patient-year cost added for the same outcome,15790123.671791889,12101814.987836488,5595410.229415433,4288416.024150678,35647503.27112737,27320842.973266184
S6,2034,stroke,direct_medical,avoided_incident_case_first_year,58720.59833238518,29612.850356671155,4730.172689851648,100820.84684525008,CHINA_FIRST_ISCHAEMIC_STROKE_ONE_YEAR,Event-specific first-year cost; no annual patient-year cost added for the same outcome,1738884291.2711163,1332710016.439672,277758570.5635966,212878816.03178838,5920260451.130854,4537386669.578914
S6,2035,bladder_cancer,direct_medical,avoided_incident_case_first_year,884.7755798802779,17917.502226658013,6349.271058827539,40450.2353820222,INTERNATIONAL_PROXY_BLADDER,Event-specific first-year cost; no annual patient-year cost added for the same outcome,15852968.422597513,11796097.336304741,5617679.982891201,4180081.4911064804,35789380.46642242,26630660.222988635
S6,2035,breast_cancer,direct_medical,avoided_incident_case_first_year,2319.3397546947995,53995.542586727424,26175.98574835096,99226.21468667472,CHINA_BREAST_NEW_DIAGNOSIS_COURSE,Event-specific first-year cost; no annual patient-year cost added for the same outcome,125234008.49771298,93185863.66127297,60711004.36447488,45174688.91487426,230139304.43068567,171245256.0054381
S6,2035,colon_cancer,direct_medical,avoided_incident_case_first_year,6489.141323685092,72296.25822013385,35047.815693114135,132856.9673630357,CHINA_CRC_NEW_DIAGNOSIS_COURSE,Event-specific first-year cost; no annual patient-year cost added for the same outcome,469140636.7640786,349084693.04692566,227430229.1190858,169229449.5510797,862127637.0549567,641503928.5968856
S6,2035,coronary_heart_disease,direct_medical,avoided_incident_case_first_year,31075.806197838225,21846.326995845397,8586.27962692537,46223.917226713966,CHINA_INCIDENT_MI_IMMEDIATE_PROXY,Event-specific first-year cost; no annual patient-year cost added for the same outcome,678892223.8574929,505159572.6430657,266825561.6467795,198543276.76026958,1436445493.4422789,1068850350.7512231
S6,2035,endometrial_cancer,direct_medical,avoided_incident_case_first_year,357.11851257129393,22329.17043600619,7912.595953582618,50409.93932055516,INTERNATIONAL_PROXY_ENDOMETRIAL,Event-specific first-year cost; no annual patient-year cost added for the same outcome,7974160.133057441,5933524.0314201005,2825734.497521064,2102611.844719178,18002322.54896584,13395418.66269358
S6,2035,gastric_cancer,direct_medical,avoided_incident_case_first_year,9347.147219317436,64762.28390756019,31395.4919125426,119011.97726255516,CHINA_GASTRIC_NEW_DIAGNOSIS_COURSE,Event-specific first-year cost; no annual patient-year cost added for the same outcome,605342601.9431975,450431746.53368366,293458284.9294256,218360524.09201488,1112422472.3351624,827746792.4589647
S6,2035,oesophageal_cancer,direct_medical,avoided_incident_case_first_year,4542.840410240578,68356.63525540795,29827.5487154762,135047.26753332303,CHINA_OESOPHAGEAL_NEW_DIAGNOSIS_DERIVED,Event-specific first-year cost; no annual patient-year cost added for the same outcome,310533284.94634306,231065927.70146462,135501793.64308473,100826060.10741107,613498184.2429503,456500265.6953692
S6,2035,renal_cancer,direct_medical,avoided_incident_case_first_year,1245.3363917772108,13135.225379367826,4654.616770652017,29653.851952691733,INTERNATIONAL_PROXY_RENAL,Event-specific first-year cost; no annual patient-year cost added for the same outcome,16357774.179122373,12171720.227939729,5796563.654269476,4313187.742453441,36929020.99306072,27478659.804029893
S6,2035,stroke,direct_medical,avoided_incident_case_first_year,60731.21959284213,29612.850356671155,4730.172689851648,100820.84684525008,CHINA_FIRST_ISCHAEMIC_STROKE_ONE_YEAR,Event-specific first-year cost; no annual patient-year cost added for the same outcome,1798424517.7809691,1338196740.081896,287269156.3394452,213755231.16969708,6122972989.295187,4556066942.411558
S6,2036,bladder_cancer,direct_medical,avoided_incident_case_first_year,926.5332551212964,17917.502226658013,6349.271058827539,40450.2353820222,INTERNATIONAL_PROXY_BLADDER,Event-specific first-year cost; no annual patient-year cost added for the same outcome,16601161.661708524,11993032.400673898,5882810.78178292,4249867.674964578,37478488.258927666,27075257.33300624
S6,2036,breast_cancer,direct_medical,avoided_incident_case_first_year,2358.190893982932,53995.542586727424,26175.98574835096,99226.21468667472,CHINA_BREAST_NEW_DIAGNOSIS_COURSE,Event-specific first-year cost; no annual patient-year cost added for the same outcome,127331796.8436882,91987199.22743146,61727971.23278823,44593599.77984253,233994355.91851178,169042501.3195564
S6,2036,colon_cancer,direct_medical,avoided_incident_case_first_year,6752.762622286193,72296.25822013385,35047.815693114135,132856.9673630357,CHINA_CRC_NEW_DIAGNOSIS_COURSE,Event-specific first-year cost; no annual patient-year cost added for the same outcome,488199470.24007076,352685684.52567124,236669579.80523658,170975139.97499162,897151563.3194041,648121377.6757791
S6,2036,coronary_heart_disease,direct_medical,avoided_incident_case_first_year,32370.102876149944,21846.326995845397,8586.27962692537,46223.917226713966,CHINA_INCIDENT_MI_IMMEDIATE_PROXY,Event-specific first-year cost; no annual patient-year cost added for the same outcome,707167852.3215272,510873102.64372253,277938754.8469646,200788870.09281453,1496272955.9673707,1080939418.9901512
S6,2036,endometrial_cancer,direct_medical,avoided_incident_case_first_year,356.9260678510671,22329.17043600619,7912.595953582618,50409.93932055516,INTERNATIONAL_PROXY_ENDOMETRIAL,Event-specific first-year cost; no annual patient-year cost added for the same outcome,7969863.002099986,5757598.604294314,2824211.7602065085,2040270.6651936227,17992621.422296647,12998252.537253778
S6,2036,gastric_cancer,direct_medical,avoided_incident_case_first_year,9522.923635906865,64762.28390756019,31395.4919125426,119011.97726255516,CHINA_GASTRIC_NEW_DIAGNOSIS_COURSE,Event-specific first-year cost; no annual patient-year cost added for the same outcome,616726284.1386157,445536189.49942964,298976871.9948748,215987253.5400421,1133341971.2295969,818750353.6786429
S6,2036,oesophageal_cancer,direct_medical,avoided_incident_case_first_year,4640.603457702666,68356.63525540795,29827.5487154762,135047.26753332303,CHINA_OESOPHAGEAL_NEW_DIAGNOSIS_DERIVED,Event-specific first-year cost; no annual patient-year cost added for the same outcome,317216037.9231661,229163615.07405496,138417825.70383358,99995982.3489884,626700816.6684358,452742004.0230982
S6,2036,renal_cancer,direct_medical,avoided_incident_case_first_year,1283.879770640332,13135.225379367826,4654.616770652017,29653.851952691733,INTERNATIONAL_PROXY_RENAL,Event-specific first-year cost; no annual patient-year cost added for the same outcome,16864050.147371832,12182948.6360899,5975968.311923355,4317166.656813419,38071980.643624224,27504008.859210372
S6,2036,stroke,direct_medical,avoided_incident_case_first_year,62637.04500739732,29612.850356671155,4730.172689851648,100820.84684525008,CHINA_FIRST_ISCHAEMIC_STROKE_ONE_YEAR,Event-specific first-year cost; no annual patient-year cost added for the same outcome,1854861440.5881329,1339991369.8234978,296284039.66699934,214041894.17207193,6315119921.529841,4562176995.585862
S6,2037,bladder_cancer,direct_medical,avoided_incident_case_first_year,962.859324055539,17917.502226658013,6349.271058827539,40450.2353820222,INTERNATIONAL_PROXY_BLADDER,Event-specific first-year cost; no annual patient-year cost added for the same outcome,17252034.08272355,12100229.598025728,6113454.8399480805,4287854.223207935,38947886.29782134,27317263.825335465
S6,2037,breast_cancer,direct_medical,avoided_incident_case_first_year,2387.9782444474504,53995.542586727424,26175.98574835096,99226.21468667472,CHINA_BREAST_NEW_DIAGNOSIS_COURSE,Event-specific first-year cost; no annual patient-year cost added for the same outcome,128940180.9942409,90436048.69780092,62507684.494028606,43841632.26156193,236950041.95065132,166191992.0350677
S6,2037,colon_cancer,direct_medical,avoided_incident_case_first_year,6981.2494032876475,72296.25822013385,35047.815693114135,132856.9673630357,CHINA_CRC_NEW_DIAGNOSIS_COURSE,Event-specific first-year cost; no annual patient-year cost added for the same outcome,504718209.55923915,353999197.35187095,244677542.3940885,171611905.37027684,927507624.1257995,650535186.2874222
S6,2037,coronary_heart_disease,direct_medical,avoided_incident_case_first_year,33520.04144213865,21846.326995845397,8586.27962692537,46223.917226713966,CHINA_INCIDENT_MI_IMMEDIATE_PROXY,Event-specific first-year cost; no annual patient-year cost added for the same outcome,732289786.25925,513613322.5530505,287812448.9283292,201865860.94739768,1549427621.0574389,1086737359.2249494
S6,2037,endometrial_cancer,direct_medical,avoided_incident_case_first_year,357.52743832759677,22329.17043600619,7912.595953582618,50409.93932055516,INTERNATIONAL_PROXY_ENDOMETRIAL,Event-specific first-year cost; no annual patient-year cost added for the same outcome,7983291.105965599,5599319.759447778,2828970.161805701,1984182.7531567777,18022936.47152768,12640925.023125647
S6,2037,gastric_cancer,direct_medical,avoided_incident_case_first_year,9691.424874532842,64762.28390756019,31395.4919125426,119011.97726255516,CHINA_GASTRIC_NEW_DIAGNOSIS_COURSE,Event-specific first-year cost; no annual patient-year cost added for the same outcome,627638809.1932868,440213232.79644763,304267051.26941,213406787.96600792,1153395636.809664,808968493.5606598
S6,2037,oesophageal_cancer,direct_medical,avoided_incident_case_first_year,4734.66614246229,68356.63525540795,29827.5487154762,135047.26753332303,CHINA_OESOPHAGEAL_NEW_DIAGNOSIS_DERIVED,Event-specific first-year cost; no annual patient-year cost added for the same outcome,323645846.55642414,226998685.08269805,141223485.01580974,99051311.00082274,639403725.2220714,448464908.191197
S6,2037,renal_cancer,direct_medical,avoided_incident_case_first_year,1316.83799305088,13135.225379367826,4654.616770652017,29653.851952691733,INTERNATIONAL_PROXY_RENAL,Event-specific first-year cost; no annual patient-year cost added for the same outcome,17296963.82683771,12131742.41656962,6129376.20668637,4299021.149503345,39049318.8916105,27388406.605814967
S6,2037,stroke,direct_medical,avoided_incident_case_first_year,64349.02316449286,29612.850356671155,4730.172689851648,100820.84684525008,CHINA_FIRST_ISCHAEMIC_STROKE_ONE_YEAR,Event-specific first-year cost; no annual patient-year cost added for the same outcome,1905557993.5680928,1336520037.2295508,304381991.9913152,213487405.07576707,6487723009.108784,4550358386.853912
S6,2038,bladder_cancer,direct_medical,avoided_incident_case_first_year,996.9958670407148,17917.502226658013,6349.271058827539,40450.2353820222,INTERNATIONAL_PROXY_BLADDER,Event-specific first-year cost; no annual patient-year cost added for the same outcome,17863675.667670842,12164293.88310398,6330197.004372279,4310556.132548101,40328717.49670022,27461894.219584316
S6,2038,breast_cancer,direct_medical,avoided_incident_case_first_year,2409.8211689198747,53995.542586727424,26175.98574835096,99226.21468667472,CHINA_BREAST_NEW_DIAGNOSIS_COURSE,Event-specific first-year cost; no annual patient-year cost added for the same outcome,130119601.55281036,88605117.03676455,63079444.57372109,42954032.308500744,239117432.6637369,162827336.18810004
S6,2038,colon_cancer,direct_medical,avoided_incident_case_first_year,7190.5159032141655,72296.25822013385,35047.815693114135,132856.9673630357,CHINA_CRC_NEW_DIAGNOSIS_COURSE,Event-specific first-year cost; no annual patient-year cost added for the same outcome,519847394.4747503,353990779.85954314,252011876.11425617,171607824.73419738,955310136.6767137,650519717.6790737
S6,2038,coronary_heart_disease,direct_medical,avoided_incident_case_first_year,34724.72725178252,21846.326995845397,8586.27962692537,46223.917226713966,CHINA_INCIDENT_MI_IMMEDIATE_PROXY,Event-specific first-year cost; no annual patient-year cost added for the same outcome,758607746.3839848,516574961.429379,298156218.1525204,203029876.27825692,1605112918.2066138,1093003792.493153
S6,2038,endometrial_cancer,direct_medical,avoided_incident_case_first_year,358.70063289231774,22329.17043600619,7912.595953582618,50409.93932055516,INTERNATIONAL_PROXY_ENDOMETRIAL,Event-specific first-year cost; no annual patient-year cost added for the same outcome,8009487.567355851,5454071.291649662,2838253.1763712773,1932712.3036899136,18082077.13834647,12313014.65721703
S6,2038,gastric_cancer,direct_medical,avoided_incident_case_first_year,9882.337750313247,64762.28390756019,31395.4919125426,119011.97726255516,CHINA_GASTRIC_NEW_DIAGNOSIS_COURSE,Event-specific first-year cost; no annual patient-year cost added for the same outcome,640002763.0561862,435810739.1024461,310260854.91697395,211272544.90314224,1176116555.6411705,800878144.5520155
S6,2038,oesophageal_cancer,direct_medical,avoided_incident_case_first_year,4841.183653601739,68356.63525540795,29827.5487154762,135047.26753332303,CHINA_OESOPHAGEAL_NEW_DIAGNOSIS_DERIVED,Event-specific first-year cost; no annual patient-year cost added for the same outcome,330927025.2136973,225345201.25922322,144400641.26837292,98329810.16757266,653788624.0459043,445198239.6163543
S6,2038,renal_cancer,direct_medical,avoided_incident_case_first_year,1345.725957960864,13135.225379367826,4654.616770652017,29653.851952691733,INTERNATIONAL_PROXY_RENAL,Event-specific first-year cost; no annual patient-year cost added for the same outcome,17676413.75668162,12036777.633886186,6263838.612626389,4265369.296768946,39905958.32626572,27174015.795982543
S6,2038,stroke,direct_medical,avoided_incident_case_first_year,66120.12102107533,29612.850356671155,4730.172689851648,100820.84684525008,CHINA_FIRST_ISCHAEMIC_STROKE_ONE_YEAR,Event-specific first-year cost; no annual patient-year cost added for the same outcome,1958005249.3620906,1333306298.2667913,312759590.7035764,212974062.38531807,6666286594.855237,4539416789.54523
S6,2039,bladder_cancer,direct_medical,avoided_incident_case_first_year,1029.5568682073852,17917.502226658013,6349.271058827539,40450.2353820222,INTERNATIONAL_PROXY_BLADDER,Event-specific first-year cost; no annual patient-year cost added for the same outcome,18447087.478576872,12195697.997580862,6536935.626726269,4321684.53831883,41645817.658166334,27532791.59168922
S6,2039,breast_cancer,direct_medical,avoided_incident_case_first_year,2424.696732909263,53995.542586727424,26175.98574835096,99226.21468667472,CHINA_BREAST_NEW_DIAGNOSIS_COURSE,Event-specific first-year cost; no annual patient-year cost added for the same outcome,130922815.70170097,86555404.64830399,63468827.124706,41960371.72656688,240593478.56973335,159060632.64629105
S6,2039,colon_cancer,direct_medical,avoided_incident_case_first_year,7384.127754931743,72296.25822013385,35047.815693114135,132856.9673630357,CHINA_CRC_NEW_DIAGNOSIS_COURSE,Event-specific first-year cost; no annual patient-year cost added for the same outcome,533844806.9010025,352934307.3860551,258797548.6092564,171095667.48778898,981032820.1414528,648578265.4879692
S6,2039,coronary_heart_disease,direct_medical,avoided_incident_case_first_year,36023.894101159196,21846.326995845397,8586.27962692537,46223.917226713966,CHINA_INCIDENT_MI_IMMEDIATE_PROXY,Event-specific first-year cost; no annual patient-year cost added for the same outcome,786989770.1976299,520292950.07475626,309311228.00330025,204491160.37260443,1665165499.1158922,1100870561.1003642
S6,2039,endometrial_cancer,direct_medical,avoided_incident_case_first_year,360.3703786312817,22329.17043600619,7912.595953582618,50409.93932055516,INTERNATIONAL_PROXY_ENDOMETRIAL,Event-specific first-year cost; no annual patient-year cost added for the same outcome,8046771.604545972,5319863.987121001,2851465.1997489156,1885154.416226153,18166248.9197284,12010030.625765696
S6,2039,gastric_cancer,direct_medical,avoided_incident_case_first_year,10104.968248858046,64762.28390756019,31395.4919125426,119011.97726255516,CHINA_GASTRIC_NEW_DIAGNOSIS_COURSE,Event-specific first-year cost; no annual patient-year cost added for the same outcome,654420822.609426,432649258.3255594,317250448.9335225,209739920.69390222,1202612251.4719355,795068372.9437152
S6,2039,oesophageal_cancer,direct_medical,avoided_incident_case_first_year,4964.642494268501,68356.63525540795,29827.5487154762,135047.26753332303,CHINA_OESOPHAGEAL_NEW_DIAGNOSIS_DERIVED,Event-specific first-year cost; no annual patient-year cost added for the same outcome,339366256.1542106,224361074.63755113,148083115.85271698,97900384.6313326,670461403.1307824,443253971.7238954
S6,2039,renal_cancer,direct_medical,avoided_incident_case_first_year,1371.1231707309187,13135.225379367826,4654.616770652017,29653.851952691733,INTERNATIONAL_PROXY_RENAL,Event-specific first-year cost; no annual patient-year cost added for the same outcome,18010011.870424047,11906739.530542027,6382052.905113704,4219288.813247114,40659083.51375993,26880444.079212952
S6,2039,stroke,direct_medical,avoided_incident_case_first_year,68011.71268023543,29612.850356671155,4730.172689851648,100820.84684525008,CHINA_FIRST_ISCHAEMIC_STROKE_ONE_YEAR,Event-specific first-year cost; no annual patient-year cost added for the same outcome,2014020670.100726,1331504926.2903366,321707145.9100867,212686322.4202468,6856998467.817169,4533283781.544919
S6,2040,bladder_cancer,direct_medical,avoided_incident_case_first_year,1057.7012611249104,17917.502226658013,6349.271058827539,40450.2353820222,INTERNATIONAL_PROXY_BLADDER,Event-specific first-year cost; no annual patient-year cost added for the same outcome,18951364.70134457,12164159.853030434,6715632.006145783,4310508.637464456,42784264.97636435,27461591.635666393
S6,2040,breast_cancer,direct_medical,avoided_incident_case_first_year,2434.1473837548283,53995.542586727424,26175.98574835096,99226.21468667472,CHINA_BREAST_NEW_DIAGNOSIS_COURSE,Event-specific first-year cost; no annual patient-year cost added for the same outcome,131433108.72190498,84361911.11664641,63716207.22655216,40897008.85116757,241531230.87946418,155029706.20941904
S6,2040,colon_cancer,direct_medical,avoided_incident_case_first_year,7550.088069297968,72296.25822013385,35047.815693114135,132856.9673630357,CHINA_CRC_NEW_DIAGNOSIS_COURSE,Event-specific first-year cost; no annual patient-year cost added for the same outcome,545843116.6427177,350355925.82138836,264614095.11953512,169845718.402045,1003081804.2107655,643840040.2489347
S6,2040,coronary_heart_disease,direct_medical,avoided_incident_case_first_year,37272.49932078656,21846.326995845397,8586.27962692537,46223.917226713966,CHINA_INCIDENT_MI_IMMEDIATE_PROXY,Event-specific first-year cost; no annual patient-year cost added for the same outcome,814267208.1143287,522647135.90155125,320032101.5626594,205416427.9384726,1722880923.4367905,1105851704.6497931
S6,2040,endometrial_cancer,direct_medical,avoided_incident_case_first_year,363.04158212712974,22329.17043600619,7912.595953582618,50409.93932055516,INTERNATIONAL_PROXY_ENDOMETRIAL,Event-specific first-year cost; no annual patient-year cost added for the same outcome,8106417.362674018,5203200.834816507,2872601.3537213583,1843813.4989940377,18300904.125866953,11746653.961349582
S6,2040,gastric_cancer,direct_medical,avoided_incident_case_first_year,10343.793431906583,64762.28390756019,31395.4919125426,119011.97726255516,CHINA_GASTRIC_NEW_DIAGNOSIS_COURSE,Event-specific first-year cost; no annual patient-year cost added for the same outcome,669887686.9182905,429975415.2624565,324748483.03643435,208443693.7358956,1231035308.7266335,790154720.5733962
S6,2040,oesophageal_cancer,direct_medical,avoided_incident_case_first_year,5095.594141463841,68356.63525540795,29827.5487154762,135047.26753332303,CHINA_OESOPHAGEAL_NEW_DIAGNOSIS_DERIVED,Event-specific first-year cost; no annual patient-year cost added for the same outcome,348317670.1376374,223571858.06723136,151989082.48880786,97556008.46930653,688146065.2635008,441694773.54341924
S6,2040,renal_cancer,direct_medical,avoided_incident_case_first_year,1391.959905368551,13135.225379367826,4654.616770652017,29653.851952691733,INTERNATIONAL_PROXY_RENAL,Event-specific first-year cost; no annual patient-year cost added for the same outcome,18283707.07605943,11735615.829470647,6479039.919603652,4158649.1800578716,41276972.95788181,26494118.24538766
S6,2040,stroke,direct_medical,avoided_incident_case_first_year,69856.15355663549,29612.850356671155,4730.172689851648,100820.84684525008,CHINA_FIRST_ISCHAEMIC_STROKE_ONE_YEAR,Event-specific first-year cost; no annual patient-year cost added for the same outcome,2068639821.765288,1327781184.4606662,330431669.77168024,212091515.0411997,7042956558.931818,4520605812.34646
S6,2041,bladder_cancer,direct_medical,avoided_incident_case_first_year,1084.6323121553626,17917.502226658013,6349.271058827539,40450.2353820222,INTERNATIONAL_PROXY_BLADDER,Event-specific first-year cost; no annual patient-year cost added for the same outcome,19433901.868148938,12110565.144278428,6886624.54903724,4291516.741781634,43873632.329631396,27340597.171325035
S6,2041,breast_cancer,direct_medical,avoided_incident_case_first_year,2445.457122542607,53995.542586727424,26175.98574835096,99226.21468667472,CHINA_BREAST_NEW_DIAGNOSIS_COURSE,Event-specific first-year cost; no annual patient-year cost added for the same outcome,132043784.20426525,82285320.84561321,64012250.787878625,39890318.39607265,242653453.44847053,151213609.8766738
S6,2041,colon_cancer,direct_medical,avoided_incident_case_first_year,7710.2299463365725,72296.25822013385,35047.815693114135,132856.9673630357,CHINA_CRC_NEW_DIAGNOSIS_COURSE,Event-specific first-year cost; no annual patient-year cost added for the same outcome,557420775.1369576,347366198.2998013,270226718.1107335,168396356.82056233,1024357768.3419386,638345895.1639924
S6,2041,coronary_heart_disease,direct_medical,avoided_incident_case_first_year,38451.91673842924,21846.326995845397,8586.27962692537,46223.917226713966,CHINA_INCIDENT_MI_IMMEDIATE_PROXY,Event-specific first-year cost; no annual patient-year cost added for the same outcome,840033146.6847461,523480884.8629742,330158909.3074056,205744116.96934712,1777398216.5256503,1107615806.3675787
S6,2041,endometrial_cancer,direct_medical,avoided_incident_case_first_year,365.76444001920646,22329.17043600619,7912.595953582618,50409.93932055516,INTERNATIONAL_PROXY_ENDOMETRIAL,Event-specific first-year cost; no annual patient-year cost added for the same outcome,8167216.520619224,5089539.32110223,2894146.228060385,1803536.246595828,18438163.226985034,11490053.743001122
S6,2041,gastric_cancer,direct_medical,avoided_incident_case_first_year,10573.68134463301,64762.28390756019,31395.4919125426,119011.97726255516,CHINA_GASTRIC_NEW_DIAGNOSIS_COURSE,Event-specific first-year cost; no annual patient-year cost added for the same outcome,684775753.1891958,426729610.1670593,331965927.14122826,206870190.74196658,1258394723.7689674,784189988.3418481
S6,2041,oesophageal_cancer,direct_medical,avoided_incident_case_first_year,5221.072901480111,68356.63525540795,29827.5487154762,135047.26753332303,CHINA_OESOPHAGEAL_NEW_DIAGNOSIS_DERIVED,Event-specific first-year cost; no annual patient-year cost added for the same outcome,356894975.96837044,222405149.79724553,155731806.3159507,97046913.0811306,705091628.9371676,439389792.27449906
S6,2041,renal_cancer,direct_medical,avoided_incident_case_first_year,1411.9745983479352,13135.225379367826,4654.616770652017,29653.851952691733,INTERNATIONAL_PROXY_RENAL,Event-specific first-year cost; no annual patient-year cost added for the same outcome,18546604.57924249,11557630.808572292,6572200.6452049455,4095578.160012824,41870485.70037104,26092302.41755977
S6,2041,stroke,direct_medical,avoided_incident_case_first_year,71605.69077783641,29612.850356671155,4730.172689851648,100820.84684525008,CHINA_FIRST_ISCHAEMIC_STROKE_ONE_YEAR,Event-specific first-year cost; no annual patient-year cost added for the same outcome,2120448605.6901374,1321393467.3814812,338707282.9552838,211071180.8108053,7219346383.160581,4498857988.763979
S6,2042,bladder_cancer,direct_medical,avoided_incident_case_first_year,1109.2449839247154,17917.502226658013,6349.271058827539,40450.2353820222,INTERNATIONAL_PROXY_BLADDER,Event-specific first-year cost; no annual patient-year cost added for the same outcome,19874899.46938032,12024641.038486602,7042897.073582813,4261068.555909611,44869220.69608217,27146616.433368266
S6,2042,breast_cancer,direct_medical,avoided_incident_case_first_year,2458.45019016803,53995.542586727424,26175.98574835096,99226.21468667472,CHINA_BREAST_NEW_DIAGNOSIS_COURSE,Event-specific first-year cost; no annual patient-year cost added for the same outcome,132745351.940566,80313121.03349449,64352357.14086906,38934234.39910196,243942706.36610925,147589349.19537798
S6,2042,colon_cancer,direct_medical,avoided_incident_case_first_year,7859.031787793284,72296.25822013385,35047.815693114135,132856.9673630357,CHINA_CRC_NEW_DIAGNOSIS_COURSE,Event-specific first-year cost; no annual patient-year cost added for the same outcome,568178591.4905435,343757392.02869654,275441897.6249043,166646877.9377588,1044127129.7359126,631714085.0429237
S6,2042,coronary_heart_disease,direct_medical,avoided_incident_case_first_year,39496.155780770685,21846.326995845397,8586.27962692537,46223.917226713966,CHINA_INCIDENT_MI_IMMEDIATE_PROXY,Event-specific first-year cost; no annual patient-year cost added for the same outcome,862845934.2655659,522035980.4609634,339125037.722302,205176225.019721,1825667035.5837445,1104558581.164836
S6,2042,endometrial_cancer,direct_medical,avoided_incident_case_first_year,368.2718193381351,22329.17043600619,7912.595953582618,50409.93932055516,INTERNATIONAL_PROXY_ENDOMETRIAL,Event-specific first-year cost; no annual patient-year cost added for the same outcome,8223204.220779299,4975173.79111161,2913986.1075134366,1763009.5180088177,18564560.066305842,11231864.149988124
S6,2042,gastric_cancer,direct_medical,avoided_incident_case_first_year,10786.04625238998,64762.28390756019,31395.4919125426,119011.97726255516,CHINA_GASTRIC_NEW_DIAGNOSIS_COURSE,Event-specific first-year cost; no annual patient-year cost added for the same outcome,698528989.6373556,422621526.6299316,338633227.88522005,204878671.98005816,1283668691.3423047,776640669.2781293
S6,2042,oesophageal_cancer,direct_medical,avoided_incident_case_first_year,5335.906816727711,68356.63525540795,29827.5487154762,135047.26753332303,CHINA_OESOPHAGEAL_NEW_DIAGNOSIS_DERIVED,Event-specific first-year cost; no annual patient-year cost added for the same outcome,364744636.02790105,220676503.33054525,159157020.51718733,96292614.88455194,720599635.4115093,435974630.293709
S6,2042,renal_cancer,direct_medical,avoided_incident_case_first_year,1430.8820796474552,13135.225379367826,4654.616770652017,29653.851952691733,INTERNATIONAL_PROXY_RENAL,Event-specific first-year cost; no annual patient-year cost added for the same outcome,18794958.607467867,11371259.056489792,6660207.72475248,4029535.206217633,42431165.35162529,25671552.85409212
S6,2042,stroke,direct_medical,avoided_incident_case_first_year,73183.45673426488,29612.850356671155,4730.172689851648,100820.84684525008,CHINA_FIRST_ISCHAEMIC_STROKE_ONE_YEAR,Event-specific first-year cost; no annual patient-year cost added for the same outcome,2167170752.855704,1311173946.4314942,346170388.3933594,209438778.0424542,7378418083.011305,4464064284.540287
S6,2043,bladder_cancer,direct_medical,avoided_incident_case_first_year,1131.4832084003824,17917.502226658013,6349.271058827539,40450.2353820222,INTERNATIONAL_PROXY_BLADDER,Event-specific first-year cost; no annual patient-year cost added for the same outcome,20273352.905940004,11908458.175251044,7184093.588645876,4219897.834581294,45768762.11060114,26884324.061039526
S6,2043,breast_cancer,direct_medical,avoided_incident_case_first_year,2470.7647717376235,53995.542586727424,26175.98574835096,99226.21468667472,CHINA_BREAST_NEW_DIAGNOSIS_COURSE,Event-specific first-year cost; no annual patient-year cost added for the same outcome,133410284.45414472,78364481.68891893,64674703.45253164,37989572.05719924,245164635.6807103,144008384.9770596
S6,2043,colon_cancer,direct_medical,avoided_incident_case_first_year,7993.846757921945,72296.25822013385,35047.815693114135,132856.9673630357,CHINA_CRC_NEW_DIAGNOSIS_COURSE,Event-specific first-year cost; no annual patient-year cost added for the same outcome,577925209.3829048,339470151.59702915,280166867.8506463,164568507.4082132,1062038237.8223447,623835533.979144
S6,2043,coronary_heart_disease,direct_medical,avoided_incident_case_first_year,40431.41058683157,21846.326995845397,8586.27962692537,46223.917226713966,CHINA_INCIDENT_MI_IMMEDIATE_PROXY,Event-specific first-year cost; no annual patient-year cost added for the same outcome,883277816.5832078,518832626.48805994,347155397.0095666,203917208.20830908,1868898176.324989,1097780710.9572024
S6,2043,endometrial_cancer,direct_medical,avoided_incident_case_first_year,370.59807059988873,22329.17043600619,7912.595953582618,50409.93932055516,INTERNATIONAL_PROXY_ENDOMETRIAL,Event-specific first-year cost; no annual patient-year cost added for the same outcome,8275147.4816799695,4860777.007968272,2932392.793834205,1722471.7145110564,18681826.251255207,10973604.000411615
S6,2043,gastric_cancer,direct_medical,avoided_incident_case_first_year,10978.305299339416,64762.28390756019,31395.4919125426,119011.97726255516,CHINA_GASTRIC_NEW_DIAGNOSIS_COURSE,Event-specific first-year cost; no annual patient-year cost added for the same outcome,710980124.6196917,417625891.3239593,344669295.2388342,202456885.43419558,1306549820.6663713,767460319.2414472
S6,2043,oesophageal_cancer,direct_medical,avoided_incident_case_first_year,5439.753590819476,68356.63525540795,29827.5487154762,135047.26753332303,CHINA_OESOPHAGEAL_NEW_DIAGNOSIS_DERIVED,Event-specific first-year cost; no annual patient-year cost added for the same outcome,371843252.08694255,218418721.15437195,162254515.23035452,95307427.3077042,734623858.4947524,431514093.10608435
S6,2043,renal_cancer,direct_medical,avoided_incident_case_first_year,1447.919138151555,13135.225379367826,4654.616770652017,29653.851952691733,INTERNATIONAL_PROXY_RENAL,Event-specific first-year cost; no annual patient-year cost added for the same outcome,19018744.210720696,11171507.793010723,6739508.702988243,3958751.0701182983,42936379.76221522,25220597.942890093
S6,2043,stroke,direct_medical,avoided_incident_case_first_year,74598.56442337533,29612.850356671155,4730.172689851648,100820.84684525008,CHINA_FIRST_ISCHAEMIC_STROKE_ONE_YEAR,Event-specific first-year cost; no annual patient-year cost added for the same outcome,2209076125.091906,1297599403.6928575,352864092.13758874,207270464.94303462,7521090438.604646,4417847967.030748
S6,2044,bladder_cancer,direct_medical,avoided_incident_case_first_year,1150.5248129455156,17917.502226658013,6349.271058827539,40450.2353820222,INTERNATIONAL_PROXY_BLADDER,Event-specific first-year cost; no annual patient-year cost added for the same outcome,20614530.89777657,11756178.920284657,7304993.897297929,4165935.9455753923,46538999.49650317,26540541.11466295
S6,2044,breast_cancer,direct_medical,avoided_incident_case_first_year,2480.545777868257,53995.542586727424,26175.98574835096,99226.21468667472,CHINA_BREAST_NEW_DIAGNOSIS_COURSE,Event-specific first-year cost; no annual patient-year cost added for the same outcome,133938415.18721238,76383206.63460128,64930730.92961164,37029088.55984236,246135167.89488024,140367446.9574572
S6,2044,colon_cancer,direct_medical,avoided_incident_case_first_year,8109.986082185596,72296.25822013385,35047.815693114135,132856.9673630357,CHINA_CRC_NEW_DIAGNOSIS_COURSE,Event-specific first-year cost; no annual patient-year cost added for the same outcome,586321647.9593816,334371043.0485757,284237297.4821616,162096559.05286098,1077468156.2356057,614465033.8359736
S6,2044,coronary_heart_disease,direct_medical,avoided_incident_case_first_year,41215.41374329816,21846.326995845397,8586.27962692537,46223.917226713966,CHINA_INCIDENT_MI_IMMEDIATE_PROXY,Event-specific first-year cost; no annual patient-year cost added for the same outcome,900405405.905152,513488621.45362735,353887067.3393809,201816849.57309955,1905137873.3349833,1086473508.3131273
S6,2044,endometrial_cancer,direct_medical,avoided_incident_case_first_year,372.51642257080005,22329.17043600619,7912.595953582618,50409.93932055516,INTERNATIONAL_PROXY_ENDOMETRIAL,Event-specific first-year cost; no annual patient-year cost added for the same outcome,8317982.689794697,4743629.299253383,2947571.937876785,1680959.0891940768,18778530.257704314,10709133.4100337
S6,2044,gastric_cancer,direct_medical,avoided_incident_case_first_year,11143.495794960509,64762.28390756019,31395.4919125426,119011.97726255516,CHINA_GASTRIC_NEW_DIAGNOSIS_COURSE,Event-specific first-year cost; no annual patient-year cost added for the same outcome,721678238.3959355,411563015.211447,349855532.1081351,199517721.36412007,1326209468.175219,756318728.3260012
S6,2044,oesophageal_cancer,direct_medical,avoided_incident_case_first_year,5528.967626438888,68356.63525540795,29827.5487154762,135047.26753332303,CHINA_OESOPHAGEAL_NEW_DIAGNOSIS_DERIVED,Event-specific first-year cost; no annual patient-year cost added for the same outcome,377941623.37944174,215534826.76391062,164915551.22389677,94049034.46697451,746671970.2307745,425816591.23474
S6,2044,renal_cancer,direct_medical,avoided_incident_case_first_year,1462.4974251094245,13135.225379367826,4654.616770652017,29653.851952691733,INTERNATIONAL_PROXY_RENAL,Event-specific first-year cost; no annual patient-year cost added for the same outcome,19210233.29555741,10955327.62025358,6807365.04194972,3882145.162831896,43368682.12538774,24732553.417356707
S6,2044,stroke,direct_medical,avoided_incident_case_first_year,75798.25696287733,29612.850356671155,4730.172689851648,100820.84684525008,CHINA_FIRST_ISCHAEMIC_STROKE_ONE_YEAR,Event-specific first-year cost; no annual patient-year cost added for the same outcome,2244602440.738194,1280065407.700933,358538845.0241599,204469693.38656452,7642044456.391167,4358151169.755412
S6,2045,bladder_cancer,direct_medical,avoided_incident_case_first_year,1165.9387570332253,17917.502226658013,6349.271058827539,40450.2353820222,INTERNATIONAL_PROXY_BLADDER,Event-specific first-year cost; no annual patient-year cost added for the same outcome,20890710.275289692,11566679.767159227,7402861.206396411,4098784.761588291,47162497.16301636,26112731.18604394
S6,2045,breast_cancer,direct_medical,avoided_incident_case_first_year,2488.6786486420774,53995.542586727424,26175.98574835096,99226.21468667472,CHINA_BREAST_NEW_DIAGNOSIS_COURSE,Event-specific first-year cost; no annual patient-year cost added for the same outcome,134377553.95743254,74401593.53309631,65143616.83908034,36068441.18380341,246942161.8763023,136725887.71726558
S6,2045,colon_cancer,direct_medical,avoided_incident_case_first_year,8207.921927955904,72296.25822013385,35047.815693114135,132856.9673630357,CHINA_CRC_NEW_DIAGNOSIS_COURSE,Event-specific first-year cost; no annual patient-year cost added for the same outcome,593402043.1541989,328552323.7791129,287669734.95446855,159275757.4574983,1090479615.7007828,603772123.6479551
S6,2045,coronary_heart_disease,direct_medical,avoided_incident_case_first_year,41790.11409697482,21846.326995845397,8586.27962692537,46223.917226713966,CHINA_INCIDENT_MI_IMMEDIATE_PROXY,Event-specific first-year cost; no annual patient-year cost added for the same outcome,912960497.7562003,505484092.1374955,358821605.2777417,198670822.92050484,1931702774.9134967,1069536990.7640654
S6,2045,endometrial_cancer,direct_medical,avoided_incident_case_first_year,374.0095334242974,22329.17043600619,7912.595953582618,50409.93932055516,INTERNATIONAL_PROXY_ENDOMETRIAL,Event-specific first-year cost; no annual patient-year cost added for the same outcome,8351322.61652229,4623924.848156371,2959386.3207744183,1638540.4530834977,18853797.88522798,10438890.763380319
S6,2045,gastric_cancer,direct_medical,avoided_incident_case_first_year,11281.051182095576,64762.28390756019,31395.4919125426,119011.97726255516,CHINA_GASTRIC_NEW_DIAGNOSIS_COURSE,Event-specific first-year cost; no annual patient-year cost added for the same outcome,730586639.4305912,404508108.5851922,354174151.1524608,196097640.25264356,1342580206.7812796,743354108.5452698
S6,2045,oesophageal_cancer,direct_medical,avoided_incident_case_first_year,5602.2293897195195,68356.63525540795,29827.5487154762,135047.26753332303,CHINA_OESOPHAGEAL_NEW_DIAGNOSIS_DERIVED,Event-specific first-year cost; no annual patient-year cost added for the same outcome,382949551.0101839,212029881.47088173,167100770.0371315,92519644.87542602,756565771.176497,418892123.9477127
S6,2045,renal_cancer,direct_medical,avoided_incident_case_first_year,1475.154786519502,13135.225379367826,4654.616770652017,29653.851952691733,INTERNATIONAL_PROXY_RENAL,Event-specific first-year cost; no annual patient-year cost added for the same outcome,19376490.59038689,10728293.041116875,6866280.208641271,3801692.872974158,43744021.64675389,24220004.176409803
S6,2045,stroke,direct_medical,avoided_incident_case_first_year,76741.19443802607,29612.850356671155,4730.172689851648,100820.84684525008,CHINA_FIRST_ISCHAEMIC_STROKE_ONE_YEAR,Event-specific first-year cost; no annual patient-year cost added for the same outcome,2272525507.0854707,1258242274.0432303,362999102.1173461,200983801.63378385,7737112211.1577835,4283851438.737084
S6,2046,bladder_cancer,direct_medical,avoided_incident_case_first_year,1177.8880841947944,17917.502226658013,6349.271058827539,40450.2353820222,INTERNATIONAL_PROXY_BLADDER,Event-specific first-year cost; no annual patient-year cost added for the same outcome,21104812.371314168,11344876.608396558,7478730.723515823,4020186.2851447905,47645850.259358615,25611992.30698985
S6,2046,breast_cancer,direct_medical,avoided_incident_case_first_year,2492.5130936721675,53995.542586727424,26175.98574835096,99226.21468667472,CHINA_BREAST_NEW_DIAGNOSIS_COURSE,Event-specific first-year cost; no annual patient-year cost added for the same outcome,134584596.89735124,72345852.61068423,65243987.217540815,35071858.0862092,247322639.34206226,132948105.69424382
S6,2046,colon_cancer,direct_medical,avoided_incident_case_first_year,8284.478299506227,72296.25822013385,35047.815693114135,132856.9673630357,CHINA_CRC_NEW_DIAGNOSIS_COURSE,Event-specific first-year cost; no annual patient-year cost added for the same outcome,598936782.3601975,321958033.67302805,290352868.5546978,156078974.24969706,1100650663.0572765,591653966.9552686
S6,2046,coronary_heart_disease,direct_medical,avoided_incident_case_first_year,42188.75513176083,21846.326995845397,8586.27962692537,46223.917226713966,CHINA_INCIDENT_MI_IMMEDIATE_PROXY,Event-specific first-year cost; no annual patient-year cost added for the same outcome,921669340.1560977,495442686.42849386,362244448.6731812,194724241.08634615,1950129525.1086166,1048290714.151021
S6,2046,endometrial_cancer,direct_medical,avoided_incident_case_first_year,374.36055785402056,22329.17043600619,7912.595953582618,50409.93932055516,INTERNATIONAL_PROXY_ENDOMETRIAL,Event-specific first-year cost; no annual patient-year cost added for the same outcome,8359160.7008407805,4493460.781944454,2962163.8352566543,1592309.0247662263,18871493.005430356,10144357.400392028
S6,2046,gastric_cancer,direct_medical,avoided_incident_case_first_year,11388.62626663051,64762.28390756019,31395.4919125426,119011.97726255516,CHINA_GASTRIC_NEW_DIAGNOSIS_COURSE,Event-specific first-year cost; no annual patient-year cost added for the same outcome,737553447.5966223,396471321.6997971,357551523.8489684,192201562.74519488,1355382930.2959688,728585112.7601016
S6,2046,oesophageal_cancer,direct_medical,avoided_incident_case_first_year,5658.7513356374775,68356.63525540795,29827.5487154762,135047.26753332303,CHINA_OESOPHAGEAL_NEW_DIAGNOSIS_DERIVED,Event-specific first-year cost; no annual patient-year cost added for the same outcome,386813201.05122364,207931156.13715193,168786681.13249287,90731158.22586538,764198905.5283835,410794568.3172807
S6,2046,renal_cancer,direct_medical,avoided_incident_case_first_year,1485.3636319569025,13135.225379367826,4654.616770652017,29653.851952691733,INTERNATIONAL_PROXY_RENAL,Event-specific first-year cost; no annual patient-year cost added for the same outcome,19510586.07607028,10487901.417753018,6913798.471823189,3716507.362309739,44046753.23796248,23677300.309211887
S6,2046,stroke,direct_medical,avoided_incident_case_first_year,77443.62613090845,29612.850356671155,4730.172689851648,100820.84684525008,CHINA_FIRST_ISCHAEMIC_STROKE_ONE_YEAR,Event-specific first-year cost; no annual patient-year cost added for the same outcome,2293326511.6925797,1232776005.7834027,366321725.32750463,196915978.19955865,7807931969.285129,4197148176.4364424
S6,2047,bladder_cancer,direct_medical,avoided_incident_case_first_year,1186.9674166898342,17917.502226658013,6349.271058827539,40450.2353820222,INTERNATIONAL_PROXY_BLADDER,Event-specific first-year cost; no annual patient-year cost added for the same outcome,21267491.331510615,11099344.238500774,7536377.866560051,3933179.092375186,48013111.39589462,25057682.781557586
S6,2047,breast_cancer,direct_medical,avoided_incident_case_first_year,2491.1874897982075,53995.542586727424,26175.98574835096,99226.21468667472,CHINA_BREAST_NEW_DIAGNOSIS_COURSE,Event-specific first-year cost; no annual patient-year cost added for the same outcome,134513020.1969217,70201336.51184115,65209288.229428075,34032238.51482953,247191104.68747523,129007183.82127534
S6,2047,colon_cancer,direct_medical,avoided_incident_case_first_year,8341.281473448988,72296.25822013385,35047.815693114135,132856.9673630357,CHINA_CRC_NEW_DIAGNOSIS_COURSE,Event-specific first-year cost; no annual patient-year cost added for the same outcome,603043439.2912866,314723848.6725649,292343695.72582763,152571982.47960967,1108197360.4839065,578359891.9344256
S6,2047,coronary_heart_disease,direct_medical,avoided_incident_case_first_year,42445.92975440106,21846.326995845397,8586.27962692537,46223.917226713966,CHINA_INCIDENT_MI_IMMEDIATE_PROXY,Event-specific first-year cost; no annual patient-year cost added for the same outcome,927287661.0573293,483944476.46677244,364452621.89611924,190205090.29458085,1962017143.57835,1023962033.836611
S6,2047,endometrial_cancer,direct_medical,avoided_incident_case_first_year,373.25740970707676,22329.17043600619,7912.595953582618,50409.93932055516,INTERNATIONAL_PROXY_ENDOMETRIAL,Event-specific first-year cost; no annual patient-year cost added for the same outcome,8334528.317851508,4349727.827480248,2953435.069692945,1541375.614716383,18815883.374281336,9819868.430518739
S6,2047,gastric_cancer,direct_medical,avoided_incident_case_first_year,11469.4249433935,64762.28390756019,31395.4919125426,119011.97726255516,CHINA_GASTRIC_NEW_DIAGNOSIS_COURSE,Event-specific first-year cost; no annual patient-year cost added for the same outcome,742786154.4405023,387654523.7619118,360088238.051825,187927351.09527057,1364998940.5777302,712382710.8001907
S6,2047,oesophageal_cancer,direct_medical,avoided_incident_case_first_year,5700.411106575595,68356.63525540795,29827.5487154762,135047.26753332303,CHINA_OESOPHAGEAL_NEW_DIAGNOSIS_DERIVED,Event-specific first-year cost; no annual patient-year cost added for the same outcome,389660922.8180644,203361113.50573558,170029289.97962517,88737011.37075683,769824943.7596403,401765865.1405141
S6,2047,renal_cancer,direct_medical,avoided_incident_case_first_year,1493.5282713741033,13135.225379367826,4654.616770652017,29653.851952691733,INTERNATIONAL_PROXY_RENAL,Event-specific first-year cost; no annual patient-year cost added for the same outcome,19617830.45495648,10238398.598027779,6951801.739380818,3628093.19540536,44288866.24648726,23114027.166633543
S6,2047,stroke,direct_medical,avoided_incident_case_first_year,77946.98461199099,29612.850356671155,4730.172689851648,100820.84684525008,CHINA_FIRST_ISCHAEMIC_STROKE_ONE_YEAR,Event-specific first-year cost; no annual patient-year cost added for the same outcome,2308232391.0686383,1204649175.1930008,368702697.8679265,192423173.0724483,7858680997.614609,4101386679.4835367
S6,2048,bladder_cancer,direct_medical,avoided_incident_case_first_year,1193.811830109858,17917.502226658013,6349.271058827539,40450.2353820222,INTERNATIONAL_PROXY_BLADDER,Event-specific first-year cost; no annual patient-year cost added for the same outcome,21390126.12420406,10838200.405004632,7579834.902602459,3840639.799608061,48289969.52978645,24468129.092664156
S6,2048,breast_cancer,direct_medical,avoided_incident_case_first_year,2487.9277448768826,53995.542586727424,26175.98574835096,99226.21468667472,CHINA_BREAST_NEW_DIAGNOSIS_COURSE,Event-specific first-year cost; no annual patient-year cost added for the same outcome,134337008.50120044,68067453.71628794,65123961.192824215,32997773.761459656,246867652.53808805,125085802.49525806
S6,2048,colon_cancer,direct_medical,avoided_incident_case_first_year,8383.893831653553,72296.25822013385,35047.815693114135,132856.9673630357,CHINA_CRC_NEW_DIAGNOSIS_COURSE,Event-specific first-year cost; no annual patient-year cost added for the same outcome,606124153.3434126,307118107.02304184,293837165.8024302,148884867.2940593,1113858709.1671526,564383016.8515468
S6,2048,coronary_heart_disease,direct_medical,avoided_incident_case_first_year,42603.22730102889,21846.326995845397,8586.27962692537,46223.917226713966,CHINA_INCIDENT_MI_IMMEDIATE_PROXY,Event-specific first-year cost; no annual patient-year cost added for the same outcome,930724034.6966051,471590188.4459622,365803222.6160951,185349474.4485659,1969288052.35364,997822006.4087731
S6,2048,endometrial_cancer,direct_medical,avoided_incident_case_first_year,371.67110914678665,22329.17043600619,7912.595953582618,50409.93932055516,INTERNATIONAL_PROXY_ENDOMETRIAL,Event-specific first-year cost; no annual patient-year cost added for the same outcome,8299107.542278058,4205089.311002932,2940883.3142984277,1490121.3084495843,18735918.05929295,9493335.079898627
S6,2048,gastric_cancer,direct_medical,avoided_incident_case_first_year,11530.565065666584,64762.28390756019,31395.4919125426,119011.97726255516,CHINA_GASTRIC_NEW_DIAGNOSIS_COURSE,Event-specific first-year cost; no annual patient-year cost added for the same outcome,746745728.3972946,378369898.75403076,362007762.26618147,183426346.00777256,1372275347.4195242,695320595.1109648
S6,2048,oesophageal_cancer,direct_medical,avoided_incident_case_first_year,5731.322814596471,68356.63525540795,29827.5487154762,135047.26753332303,CHINA_OESOPHAGEAL_NEW_DIAGNOSIS_DERIVED,Event-specific first-year cost; no annual patient-year cost added for the same outcome,391773943.16836905,198508624.25317657,170951310.45649642,86619618.39154963,773999485.4626476,392179152.5727526
S6,2048,renal_cancer,direct_medical,avoided_incident_case_first_year,1499.7709559634436,13135.225379367826,4654.616770652017,29653.851952691733,INTERNATIONAL_PROXY_RENAL,Event-specific first-year cost; no annual patient-year cost added for the same outcome,19699829.52400977,9981741.065287422,6980859.043764253,3537143.6744261524,44473985.89108691,22534601.67079238
S6,2048,stroke,direct_medical,avoided_incident_case_first_year,78297.97106276435,29612.850356671155,4730.172689851648,100820.84684525008,CHINA_FIRST_ISCHAEMIC_STROKE_ONE_YEAR,Event-specific first-year cost; no annual patient-year cost added for the same outcome,2318626100.312609,1174828712.7221196,370362924.39188254,187659837.7136576,7894067748.812787,3999858989.868411
S6,2049,bladder_cancer,direct_medical,avoided_incident_case_first_year,1200.6995810381907,17917.502226658013,6349.271058827539,40450.2353820222,INTERNATIONAL_PROXY_BLADDER,Event-specific first-year cost; no annual patient-year cost added for the same outcome,21513537.416799124,10583234.84332582,7623567.100232135,3750289.8478521495,48568580.67609025,23892523.360695947
S6,2049,breast_cancer,direct_medical,avoided_incident_case_first_year,2483.8759285203987,53995.542586727424,26175.98574835096,99226.21468667472,CHINA_BREAST_NEW_DIAGNOSIS_COURSE,Event-specific first-year cost; no annual patient-year cost added for the same outcome,134118228.47857031,65977281.24669902,65017900.90562196,31984498.921454553,246465606.1384286,121244746.50685899
S6,2049,colon_cancer,direct_medical,avoided_incident_case_first_year,8424.703681160776,72296.25822013385,35047.815693114135,132856.9673630357,CHINA_CRC_NEW_DIAGNOSIS_COURSE,Event-specific first-year cost; no annual patient-year cost added for the same outcome,609074552.7613117,299624320.4491874,295267461.88642305,145252025.74527162,1119280582.011224,550611878.7210416
S6,2049,coronary_heart_disease,direct_medical,avoided_incident_case_first_year,42778.09020185267,21846.326995845397,8586.27962692537,46223.917226713966,CHINA_INCIDENT_MI_IMMEDIATE_PROXY,Event-specific first-year cost; no annual patient-year cost added for the same outcome,934544146.8074434,459733793.91320413,367304644.3789434,180689546.08418822,1977370900.6073415,972735455.2647892
S6,2049,endometrial_cancer,direct_medical,avoided_incident_case_first_year,369.906893892427,22329.17043600619,7912.595953582618,50409.93932055516,INTERNATIONAL_PROXY_ENDOMETRIAL,Event-specific first-year cost; no annual patient-year cost added for the same outcome,8259714.079177659,4063232.008065912,2926923.7918155324,1439852.5568888178,18646984.07537228,9173080.547661208
S6,2049,gastric_cancer,direct_medical,avoided_incident_case_first_year,11590.352053734583,64762.28390756019,31395.4919125426,119011.97726255516,CHINA_GASTRIC_NEW_DIAGNOSIS_COURSE,Event-specific first-year cost; no annual patient-year cost added for the same outcome,750617670.2925323,369254155.10946304,363884804.16654557,179007211.31081927,1379390715.0840697,678568828.3433334
S6,2049,oesophageal_cancer,direct_medical,avoided_incident_case_first_year,5761.860716676158,68356.63525540795,29827.5487154762,135047.26753332303,CHINA_OESOPHAGEAL_NEW_DIAGNOSIS_DERIVED,Event-specific first-year cost; no annual patient-year cost added for the same outcome,393861411.40229553,193753715.7110837,171862181.2184467,84544804.94224826,778123545.6947094,382785223.167345
S6,2049,renal_cancer,direct_medical,avoided_incident_case_first_year,1505.2742931284768,13135.225379367826,4654.616770652017,29653.851952691733,INTERNATIONAL_PROXY_RENAL,Event-specific first-year cost; no annual patient-year cost added for the same outcome,19772117.098011132,9726571.439366905,7006474.969227169,3446721.4101811666,44637181.03662455,21958535.247009788
S6,2049,stroke,direct_medical,avoided_incident_case_first_year,78648.793909465,29612.850356671155,4730.172689851648,100820.84684525008,CHINA_FIRST_ISCHAEMIC_STROKE_ONE_YEAR,Event-specific first-year cost; no annual patient-year cost added for the same outcome,2329014964.773657,1145721033.6117346,372022377.040322,183010357.93935114,7929438005.309809,3900758065.024557
S6,2050,bladder_cancer,direct_medical,avoided_incident_case_first_year,1208.9022613223906,17917.502226658013,6349.271058827539,40450.2353820222,INTERNATIONAL_PROXY_BLADDER,Event-specific first-year cost; no annual patient-year cost added for the same outcome,21660508.95905584,10345179.711887132,7675648.14076542,3665932.2997224643,48900381.02434961,23355094.31624653
S6,2050,breast_cancer,direct_medical,avoided_incident_case_first_year,2477.6499250078186,53995.542586727424,26175.98574835096,99226.21468667472,CHINA_BREAST_NEW_DIAGNOSIS_COURSE,Event-specific first-year cost; no annual patient-year cost added for the same outcome,133782052.04076168,63895053.12192089,64854929.12640748,30975075.344842404,245847823.37724933,117418289.635831
S6,2050,colon_cancer,direct_medical,avoided_incident_case_first_year,8471.436095146824,72296.25822013385,35047.815693114135,132856.9673630357,CHINA_CRC_NEW_DIAGNOSIS_COURSE,Event-specific first-year cost; no annual patient-year cost added for the same outcome,612453131.4300972,292511026.48275733,296905330.9187004,141803639.59024718,1125489308.8109643,537539962.0325719
S6,2050,coronary_heart_disease,direct_medical,avoided_incident_case_first_year,43007.82119082287,21846.326995845397,8586.27962692537,46223.917226713966,CHINA_INCIDENT_MI_IMMEDIATE_PROXY,Event-specific first-year cost; no annual patient-year cost added for the same outcome,939562925.1135653,448740485.706014,369277178.88921165,176368837.2387215,1987989966.8259113,949475079.7923563
S6,2050,endometrial_cancer,direct_medical,avoided_incident_case_first_year,367.69432453610625,22329.17043600619,7912.595953582618,50409.93932055516,INTERNATIONAL_PROXY_ENDOMETRIAL,Event-specific first-year cost; no annual patient-year cost added for the same outcome,8210309.240918889,3921289.4188233265,2909416.6244796882,1389553.5831539563,18535448.588377632,8852633.474572316
S6,2050,gastric_cancer,direct_medical,avoided_incident_case_first_year,11659.584864284609,64762.28390756019,31395.4919125426,119011.97726255516,CHINA_GASTRIC_NEW_DIAGNOSIS_COURSE,Event-specific first-year cost; no annual patient-year cost added for the same outcome,755101345.2250915,360640607.8364744,366058402.31025153,174831531.61840114,1387630248.759072,662739934.8832743
S6,2050,oesophageal_cancer,direct_medical,avoided_incident_case_first_year,5797.839714689143,68356.63525540795,29827.5487154762,135047.26753332303,CHINA_OESOPHAGEAL_NEW_DIAGNOSIS_DERIVED,Event-specific first-year cost; no annual patient-year cost added for the same outcome,396320814.6463242,189285028.2894022,172935346.53441304,82594884.62703064,782982411.06495,373956760.15854186
S6,2050,renal_cancer,direct_medical,avoided_incident_case_first_year,1511.2257989447126,13135.225379367826,4654.616770652017,29653.851952691733,INTERNATIONAL_PROXY_RENAL,Event-specific first-year cost; no annual patient-year cost added for the same outcome,19850291.468254007,9480609.756705312,7034176.948010053,3359562.0855415813,44813666.10899479,21403256.51268838
S6,2050,stroke,direct_medical,avoided_incident_case_first_year,79076.68627480856,29612.850356671155,4730.172689851648,100820.84684525008,CHINA_FIRST_ISCHAEMIC_STROKE_ONE_YEAR,Event-specific first-year cost; no annual patient-year cost added for the same outcome,2341686077.3573375,1118402312.0083528,374046381.8210661,178646635.11991417,7972578475.942363,3807747881.485703
S7,2025,bladder_cancer,direct_medical,avoided_incident_case_first_year,0.0,17917.502226658013,6349.271058827539,40450.2353820222,INTERNATIONAL_PROXY_BLADDER,Event-specific first-year cost; no annual patient-year cost added for the same outcome,0.0,0.0,0.0,0.0,0.0,0.0
S7,2025,breast_cancer,direct_medical,avoided_incident_case_first_year,0.0,53995.542586727424,26175.98574835096,99226.21468667472,CHINA_BREAST_NEW_DIAGNOSIS_COURSE,Event-specific first-year cost; no annual patient-year cost added for the same outcome,0.0,0.0,0.0,0.0,0.0,0.0
S7,2025,colon_cancer,direct_medical,avoided_incident_case_first_year,0.0,72296.25822013385,35047.815693114135,132856.9673630357,CHINA_CRC_NEW_DIAGNOSIS_COURSE,Event-specific first-year cost; no annual patient-year cost added for the same outcome,0.0,0.0,0.0,0.0,0.0,0.0
S7,2025,coronary_heart_disease,direct_medical,avoided_incident_case_first_year,0.0,21846.326995845397,8586.27962692537,46223.917226713966,CHINA_INCIDENT_MI_IMMEDIATE_PROXY,Event-specific first-year cost; no annual patient-year cost added for the same outcome,0.0,0.0,0.0,0.0,0.0,0.0
S7,2025,endometrial_cancer,direct_medical,avoided_incident_case_first_year,0.0,22329.17043600619,7912.595953582618,50409.93932055516,INTERNATIONAL_PROXY_ENDOMETRIAL,Event-specific first-year cost; no annual patient-year cost added for the same outcome,0.0,0.0,0.0,0.0,0.0,0.0
S7,2025,gastric_cancer,direct_medical,avoided_incident_case_first_year,0.0,64762.28390756019,31395.4919125426,119011.97726255516,CHINA_GASTRIC_NEW_DIAGNOSIS_COURSE,Event-specific first-year cost; no annual patient-year cost added for the same outcome,0.0,0.0,0.0,0.0,0.0,0.0
S7,2025,oesophageal_cancer,direct_medical,avoided_incident_case_first_year,0.0,68356.63525540795,29827.5487154762,135047.26753332303,CHINA_OESOPHAGEAL_NEW_DIAGNOSIS_DERIVED,Event-specific first-year cost; no annual patient-year cost added for the same outcome,0.0,0.0,0.0,0.0,0.0,0.0
S7,2025,renal_cancer,direct_medical,avoided_incident_case_first_year,0.0,13135.225379367826,4654.616770652017,29653.851952691733,INTERNATIONAL_PROXY_RENAL,Event-specific first-year cost; no annual patient-year cost added for the same outcome,0.0,0.0,0.0,0.0,0.0,0.0
S7,2025,stroke,direct_medical,avoided_incident_case_first_year,0.0,29612.850356671155,4730.172689851648,100820.84684525008,CHINA_FIRST_ISCHAEMIC_STROKE_ONE_YEAR,Event-specific first-year cost; no annual patient-year cost added for the same outcome,0.0,0.0,0.0,0.0,0.0,0.0
S7,2026,bladder_cancer,direct_medical,avoided_incident_case_first_year,0.0,17917.502226658013,6349.271058827539,40450.2353820222,INTERNATIONAL_PROXY_BLADDER,Event-specific first-year cost; no annual patient-year cost added for the same outcome,0.0,0.0,0.0,0.0,0.0,0.0
S7,2026,breast_cancer,direct_medical,avoided_incident_case_first_year,0.0,53995.542586727424,26175.98574835096,99226.21468667472,CHINA_BREAST_NEW_DIAGNOSIS_COURSE,Event-specific first-year cost; no annual patient-year cost added for the same outcome,0.0,0.0,0.0,0.0,0.0,0.0
S7,2026,colon_cancer,direct_medical,avoided_incident_case_first_year,0.0,72296.25822013385,35047.815693114135,132856.9673630357,CHINA_CRC_NEW_DIAGNOSIS_COURSE,Event-specific first-year cost; no annual patient-year cost added for the same outcome,0.0,0.0,0.0,0.0,0.0,0.0
S7,2026,coronary_heart_disease,direct_medical,avoided_incident_case_first_year,2361.8060338558075,21846.326995845397,8586.27962692537,46223.917226713966,CHINA_INCIDENT_MI_IMMEDIATE_PROXY,Event-specific first-year cost; no annual patient-year cost added for the same outcome,51596786.916374676,50093967.879975416,20279127.031245533,19688472.845869448,109171926.61450446,105992161.76165481
S7,2026,endometrial_cancer,direct_medical,avoided_incident_case_first_year,0.0,22329.17043600619,7912.595953582618,50409.93932055516,INTERNATIONAL_PROXY_ENDOMETRIAL,Event-specific first-year cost; no annual patient-year cost added for the same outcome,0.0,0.0,0.0,0.0,0.0,0.0
S7,2026,gastric_cancer,direct_medical,avoided_incident_case_first_year,0.0,64762.28390756019,31395.4919125426,119011.97726255516,CHINA_GASTRIC_NEW_DIAGNOSIS_COURSE,Event-specific first-year cost; no annual patient-year cost added for the same outcome,0.0,0.0,0.0,0.0,0.0,0.0
S7,2026,oesophageal_cancer,direct_medical,avoided_incident_case_first_year,0.0,68356.63525540795,29827.5487154762,135047.26753332303,CHINA_OESOPHAGEAL_NEW_DIAGNOSIS_DERIVED,Event-specific first-year cost; no annual patient-year cost added for the same outcome,0.0,0.0,0.0,0.0,0.0,0.0
S7,2026,renal_cancer,direct_medical,avoided_incident_case_first_year,0.0,13135.225379367826,4654.616770652017,29653.851952691733,INTERNATIONAL_PROXY_RENAL,Event-specific first-year cost; no annual patient-year cost added for the same outcome,0.0,0.0,0.0,0.0,0.0,0.0
S7,2026,stroke,direct_medical,avoided_incident_case_first_year,4922.979758744518,29612.850356671155,4730.172689851648,100820.84684525008,CHINA_FIRST_ISCHAEMIC_STROKE_ONE_YEAR,Event-specific first-year cost; no annual patient-year cost added for the same outcome,145783462.9046225,141537342.62584707,23286544.407505777,22608295.541267745,496338988.27864724,481882512.8918905
S7,2027,bladder_cancer,direct_medical,avoided_incident_case_first_year,0.0,17917.502226658013,6349.271058827539,40450.2353820222,INTERNATIONAL_PROXY_BLADDER,Event-specific first-year cost; no annual patient-year cost added for the same outcome,0.0,0.0,0.0,0.0,0.0,0.0
S7,2027,breast_cancer,direct_medical,avoided_incident_case_first_year,0.0,53995.542586727424,26175.98574835096,99226.21468667472,CHINA_BREAST_NEW_DIAGNOSIS_COURSE,Event-specific first-year cost; no annual patient-year cost added for the same outcome,0.0,0.0,0.0,0.0,0.0,0.0
S7,2027,colon_cancer,direct_medical,avoided_incident_case_first_year,0.0,72296.25822013385,35047.815693114135,132856.9673630357,CHINA_CRC_NEW_DIAGNOSIS_COURSE,Event-specific first-year cost; no annual patient-year cost added for the same outcome,0.0,0.0,0.0,0.0,0.0,0.0
S7,2027,coronary_heart_disease,direct_medical,avoided_incident_case_first_year,8225.068809116328,21846.326995845397,8586.27962692537,46223.917226713966,CHINA_INCIDENT_MI_IMMEDIATE_PROXY,Event-specific first-year cost; no annual patient-year cost added for the same outcome,179687542.767284,169372742.73473844,70622740.74577485,66568706.51878109,380194899.81662,358370157.2406636
S7,2027,endometrial_cancer,direct_medical,avoided_incident_case_first_year,0.0,22329.17043600619,7912.595953582618,50409.93932055516,INTERNATIONAL_PROXY_ENDOMETRIAL,Event-specific first-year cost; no annual patient-year cost added for the same outcome,0.0,0.0,0.0,0.0,0.0,0.0
S7,2027,gastric_cancer,direct_medical,avoided_incident_case_first_year,0.0,64762.28390756019,31395.4919125426,119011.97726255516,CHINA_GASTRIC_NEW_DIAGNOSIS_COURSE,Event-specific first-year cost; no annual patient-year cost added for the same outcome,0.0,0.0,0.0,0.0,0.0,0.0
S7,2027,oesophageal_cancer,direct_medical,avoided_incident_case_first_year,0.0,68356.63525540795,29827.5487154762,135047.26753332303,CHINA_OESOPHAGEAL_NEW_DIAGNOSIS_DERIVED,Event-specific first-year cost; no annual patient-year cost added for the same outcome,0.0,0.0,0.0,0.0,0.0,0.0
S7,2027,renal_cancer,direct_medical,avoided_incident_case_first_year,0.0,13135.225379367826,4654.616770652017,29653.851952691733,INTERNATIONAL_PROXY_RENAL,Event-specific first-year cost; no annual patient-year cost added for the same outcome,0.0,0.0,0.0,0.0,0.0,0.0
S7,2027,stroke,direct_medical,avoided_incident_case_first_year,16988.486789936567,29612.850356671155,4730.172689851648,100820.84684525008,CHINA_FIRST_ISCHAEMIC_STROKE_ONE_YEAR,Event-specific first-year cost; no annual patient-year cost added for the same outcome,503077517.0966763,474198809.5924935,80358476.25566344,75745570.98281029,1712793624.7807488,1614472263.9087086
S7,2028,bladder_cancer,direct_medical,avoided_incident_case_first_year,87.45632223969145,17917.502226658013,6349.271058827539,40450.2353820222,INTERNATIONAL_PROXY_BLADDER,Event-specific first-year cost; no annual patient-year cost added for the same outcome,1566998.8484649921,1434025.926388743,555283.8957079682,508163.4257302768,3537628.8202415016,3237431.508731368
S7,2028,breast_cancer,direct_medical,avoided_incident_case_first_year,272.88287314818945,53995.542586727424,26175.98574835096,99226.21468667472,CHINA_BREAST_NEW_DIAGNOSIS_COURSE,Event-specific first-year cost; no annual patient-year cost added for the same outcome,14734458.798261601,13484117.074311884,7142978.19849607,6536836.921295135,27077134.55531887,24779413.84748329
S7,2028,colon_cancer,direct_medical,avoided_incident_case_first_year,661.5620520528591,72296.25822013385,35047.815693114135,132856.9673630357,CHINA_CRC_NEW_DIAGNOSIS_COURSE,Event-specific first-year cost; no annual patient-year cost added for the same outcome,47828460.94385514,43769817.11246737,23186304.869906988,21218753.512914926,87893127.95820965,80434662.96541557
S7,2028,coronary_heart_disease,direct_medical,avoided_incident_case_first_year,17993.73323180536,21846.326995845397,8586.27962692537,46223.917226713966,CHINA_INCIDENT_MI_IMMEDIATE_PROXY,Event-specific first-year cost; no annual patient-year cost added for the same outcome,393096980.05802983,359739422.6170213,154499225.06058037,141388677.19071677,831740835.5065433,761160688.3572414
S7,2028,endometrial_cancer,direct_medical,avoided_incident_case_first_year,51.470218527252506,22329.17043600619,7912.595953582618,50409.93932055516,INTERNATIONAL_PROXY_ENDOMETRIAL,Event-specific first-year cost; no annual patient-year cost added for the same outcome,1149287.2818735046,1051760.6702072015,407263.04284875124,372703.37682582316,2594610.5927745127,2374436.2432469525
S7,2028,gastric_cancer,direct_medical,avoided_incident_case_first_year,1194.7011375892216,64762.28390756019,31395.4919125426,119011.97726255516,CHINA_GASTRIC_NEW_DIAGNOSIS_COURSE,Event-specific first-year cost; no annual patient-year cost added for the same outcome,77371574.2572383,70805950.85253526,37508229.90308785,34325343.75291161,142183744.62231722,130118267.98671326
S7,2028,oesophageal_cancer,direct_medical,avoided_incident_case_first_year,576.9740638249392,68356.63525540795,29827.5487154762,135047.26753332303,CHINA_OESOPHAGEAL_NEW_DIAGNOSIS_DERIVED,Event-specific first-year cost; no annual patient-year cost added for the same outcome,39440005.632711835,36093192.19961787,17209721.99630465,15749333.544704808,77918770.75715517,71306713.16546142
S7,2028,renal_cancer,direct_medical,avoided_incident_case_first_year,134.74082202080766,13135.225379367826,4654.616770652017,29653.851952691733,INTERNATIONAL_PROXY_RENAL,Event-specific first-year cost; no annual patient-year cost added for the same outcome,1769851.065044596,1619664.4404728685,627166.8898694899,573946.5482865253,3995584.3881890164,3656525.727092875
S7,2028,stroke,direct_medical,avoided_incident_case_first_year,36901.97010577106,29612.850356671155,4730.172689851648,100820.84684525008,CHINA_FIRST_ISCHAEMIC_STROKE_ONE_YEAR,Event-specific first-year cost; no annual patient-year cost added for the same outcome,1092772518.608551,1000041655.9749608,174552691.1960402,159740439.46570387,3720487876.3219414,3404773448.7405744
S7,2029,bladder_cancer,direct_medical,avoided_incident_case_first_year,236.31163267671386,17917.502226658013,6349.271058827539,40450.2353820222,INTERNATIONAL_PROXY_BLADDER,Event-specific first-year cost; no annual patient-year cost added for the same outcome,4234114.204670211,3761955.6302453205,1500406.6102185433,1333091.8397862592,9558861.165283043,8492924.338178251
S7,2029,breast_cancer,direct_medical,avoided_incident_case_first_year,722.1757036385836,53995.542586727424,26175.98574835096,99226.21468667472,CHINA_BREAST_NEW_DIAGNOSIS_COURSE,Event-specific first-year cost; no annual patient-year cost added for the same outcome,38994268.96091699,34645902.914715506,18903660.92624889,16795657.89116203,71658761.41074248,63667881.38312526
S7,2029,colon_cancer,direct_medical,avoided_incident_case_first_year,1783.6186823701014,72296.25822013385,35047.815693114135,132856.9673630357,CHINA_CRC_NEW_DIAGNOSIS_COURSE,Event-specific first-year cost; no annual patient-year cost added for the same outcome,128948956.82688375,114569477.98292555,62511938.84650239,55541048.00521498,236966169.07174534,210541372.014445
S7,2029,coronary_heart_disease,direct_medical,avoided_incident_case_first_year,31745.912881651286,21846.326995845397,8586.27962692537,46223.917226713966,CHINA_INCIDENT_MI_IMMEDIATE_PROXY,Event-specific first-year cost; no annual patient-year cost added for the same outcome,693531593.5941746,616193838.2287514,272579285.0138701,242183164.26494262,1467420449.3279216,1303784063.0744786
S7,2029,endometrial_cancer,direct_medical,avoided_incident_case_first_year,132.14989290569315,22329.17043600619,7912.595953582618,50409.93932055516,INTERNATIONAL_PROXY_ENDOMETRIAL,Event-specific first-year cost; no annual patient-year cost added for the same outcome,2950797.4817911875,2621745.343593701,1045648.7078719639,929045.3336140156,6661668.0825938545,5918805.8088979805
S7,2029,gastric_cancer,direct_medical,avoided_incident_case_first_year,3114.6246916905498,64762.28390756019,31395.4919125426,119011.97726255516,CHINA_GASTRIC_NEW_DIAGNOSIS_COURSE,Event-specific first-year cost; no annual patient-year cost added for the same outcome,201710208.5487605,179216907.72794616,97785174.31857614,86880860.86023274,370677642.9888686,329342284.74752545
S7,2029,oesophageal_cancer,direct_medical,avoided_incident_case_first_year,1504.0367007219593,68356.63525540795,29827.5487154762,135047.26753332303,CHINA_OESOPHAGEAL_NEW_DIAGNOSIS_DERIVED,Event-specific first-year cost; no annual patient-year cost added for the same outcome,102810888.16199814,91346142.51664376,44861727.96064834,39859064.24015316,203116046.70233494,180465976.71886274
S7,2029,renal_cancer,direct_medical,avoided_incident_case_first_year,360.3824853495467,13135.225379367826,4654.616770652017,29653.851952691733,INTERNATIONAL_PROXY_RENAL,Event-specific first-year cost; no annual patient-year cost added for the same outcome,4733705.16784302,4205835.730280085,1677442.360157255,1490385.810624845,10686728.866898555,9495020.182826072
S7,2029,stroke,direct_medical,avoided_incident_case_first_year,64919.201865109004,29612.850356671155,4730.172689851648,100820.84684525008,CHINA_FIRST_ISCHAEMIC_STROKE_ONE_YEAR,Event-specific first-year cost; no annual patient-year cost added for the same outcome,1922442610.106,1708065359.4404113,307079035.7093048,272835745.9141566,6545208908.558028,5815333341.15619
S7,2030,bladder_cancer,direct_medical,avoided_incident_case_first_year,411.448838459143,17917.502226658013,6349.271058827539,40450.2353820222,INTERNATIONAL_PROXY_BLADDER,Event-specific first-year cost; no annual patient-year cost added for the same outcome,7372135.479247548,6359268.824069093,2612400.202216844,2253479.3627592158,16643202.363331962,14356572.55889343
S7,2030,breast_cancer,direct_medical,avoided_incident_case_first_year,1238.2046680748713,53995.542586727424,26175.98574835096,99226.21468667472,CHINA_BREAST_NEW_DIAGNOSIS_COURSE,Event-specific first-year cost; no annual patient-year cost added for the same outcome,66857532.88612141,57671895.16982145,32411227.74506946,27958209.765572652,122862362.22043999,105982152.92154056
S7,2030,colon_cancer,direct_medical,avoided_incident_case_first_year,3101.8420449308064,72296.25822013385,35047.815693114135,132856.9673630357,CHINA_CRC_NEW_DIAGNOSIS_COURSE,Event-specific first-year cost; no annual patient-year cost added for the same outcome,224251573.4383856,193441377.15992188,108712788.29988715,93776606.16237861,412101327.3286641,355482225.0100794
S7,2030,coronary_heart_disease,direct_medical,avoided_incident_case_first_year,36014.12581107188,21846.326995845397,8586.27962692537,46223.917226713966,CHINA_INCIDENT_MI_IMMEDIATE_PROXY,Event-specific first-year cost; no annual patient-year cost added for the same outcome,786776368.938192,678680207.1919603,309227354.7331336,266742232.56467903,1664713970.4834495,1435996894.4260633
S7,2030,endometrial_cancer,direct_medical,avoided_incident_case_first_year,219.77218641991323,22329.17043600619,7912.595953582618,50409.93932055516,INTERNATIONAL_PROXY_ENDOMETRIAL,Event-specific first-year cost; no annual patient-year cost added for the same outcome,4907330.607663967,4233106.490048215,1738968.51297621,1500049.5150607459,11078702.581773562,9556586.166617392
S7,2030,gastric_cancer,direct_medical,avoided_incident_case_first_year,5237.348476795472,64762.28390756019,31395.4919125426,119011.97726255516,CHINA_GASTRIC_NEW_DIAGNOSIS_COURSE,Event-specific first-year cost; no annual patient-year cost added for the same outcome,339182648.97705626,292581932.5182991,164429131.74639955,141838013.45310524,623307197.8364606,537670264.2236089
S7,2030,oesophageal_cancer,direct_medical,avoided_incident_case_first_year,2527.5518609138335,68356.63525540795,29827.5487154762,135047.26753332303,CHINA_OESOPHAGEAL_NEW_DIAGNOSIS_DERIVED,Event-specific first-year cost; no annual patient-year cost added for the same outcome,172774940.6456145,149037181.5223596,75390676.2622999,65032659.604522556,341338972.36517894,294441996.0148667
S7,2030,renal_cancer,direct_medical,avoided_incident_case_first_year,622.9483593141313,13135.225379367826,4654.616770652017,29653.851952691733,INTERNATIONAL_PROXY_RENAL,Event-specific first-year cost; no annual patient-year cost added for the same outcome,8182567.099298525,7058354.258667755,2899585.880513714,2501208.2516074204,18472818.421273462,15934815.442524092
S7,2030,stroke,direct_medical,avoided_incident_case_first_year,73581.22921298056,29612.850356671155,4730.172689851648,100820.84684525008,CHINA_FIRST_ISCHAEMIC_STROKE_ONE_YEAR,Event-specific first-year cost; no annual patient-year cost added for the same outcome,2178949929.743913,1879581350.1303563,348051920.9089549,300232644.39784676,7418521841.167154,6399282107.336569
S7,2031,bladder_cancer,direct_medical,avoided_incident_case_first_year,571.4401137315973,17917.502226658013,6349.271058827539,40450.2353820222,INTERNATIONAL_PROXY_BLADDER,Event-specific first-year cost; no annual patient-year cost added for the same outcome,10238779.510187604,8574816.647437295,3628228.175969148,3038583.9770302125,23114887.107172646,19358354.047277067
S7,2031,breast_cancer,direct_medical,avoided_incident_case_first_year,1695.9532897052004,53995.542586727424,26175.98574835096,99226.21468667472,CHINA_BREAST_NEW_DIAGNOSIS_COURSE,Event-specific first-year cost; no annual patient-year cost added for the same outcome,91573918.07937762,76691714.71431741,44393249.14119225,37178647.25878366,168283025.22286046,140934384.29124394
S7,2031,colon_cancer,direct_medical,avoided_incident_case_first_year,4303.702722706239,72296.25822013385,35047.815693114135,132856.9673630357,CHINA_CRC_NEW_DIAGNOSIS_COURSE,Event-specific first-year cost; no annual patient-year cost added for the same outcome,311141603.34346336,260576194.39946082,150835379.82336175,126322255.95296478,571776892.1707908,478854145.52854466
S7,2031,coronary_heart_disease,direct_medical,avoided_incident_case_first_year,36650.18299254229,21846.326995845397,8586.27962692537,46223.917226713966,CHINA_INCIDENT_MI_IMMEDIATE_PROXY,Event-specific first-year cost; no annual patient-year cost added for the same outcome,800671882.1126505,670550096.0386156,314688719.5519526,263546848.38069797,1694115024.991195,1418794662.4413612
S7,2031,endometrial_cancer,direct_medical,avoided_incident_case_first_year,292.01384852233093,22329.17043600619,7912.595953582618,50409.93932055516,INTERNATIONAL_PROXY_ENDOMETRIAL,Event-specific first-year cost; no annual patient-year cost added for the same outcome,6520426.993329221,5460754.953768358,2310587.596207883,1935080.7355126305,14720400.384772489,12328103.574326966
S7,2031,gastric_cancer,direct_medical,avoided_incident_case_first_year,7025.689330293808,64762.28390756019,31395.4919125426,119011.97726255516,CHINA_GASTRIC_NEW_DIAGNOSIS_COURSE,Event-specific first-year cost; no annual patient-year cost added for the same outcome,454999687.05480397,381055074.7043878,220574972.54927608,184728066.92844793,836141178.830703,700255073.6356257
S7,2031,oesophageal_cancer,direct_medical,avoided_incident_case_first_year,3388.195890078222,68356.63525540795,29827.5487154762,135047.26753332303,CHINA_OESOPHAGEAL_NEW_DIAGNOSIS_DERIVED,Event-specific first-year cost; no annual patient-year cost added for the same outcome,231605670.6319493,193966102.91291732,101061577.96888441,84637480.50454833,457566596.8226992,383204821.2233276
S7,2031,renal_cancer,direct_medical,avoided_incident_case_first_year,859.9670815435678,13135.225379367826,4654.616770652017,29653.851952691733,INTERNATIONAL_PROXY_RENAL,Event-specific first-year cost; no annual patient-year cost added for the same outcome,11295861.434911953,9460106.117418794,4002817.1999613615,3352296.387350187,25501336.52028134,21356967.860127546
S7,2031,stroke,direct_medical,avoided_incident_case_first_year,74848.30633724561,29612.850356671155,4730.172689851648,100820.84684525008,CHINA_FIRST_ISCHAEMIC_STROKE_ONE_YEAR,Event-specific first-year cost; no annual patient-year cost added for the same outcome,2216471695.0151353,1856260149.9601097,354045414.51808923,296507460.8099382,7546269629.853801,6319882011.692545
S7,2032,bladder_cancer,direct_medical,avoided_incident_case_first_year,748.6732938161741,17917.502226658013,6349.271058827539,40450.2353820222,INTERNATIONAL_PROXY_BLADDER,Event-specific first-year cost; no annual patient-year cost added for the same outcome,13414355.408990689,10907098.513193129,4753529.676944121,3865054.6292419787,30284010.959098108,24623672.240271766
S7,2032,breast_cancer,direct_medical,avoided_incident_case_first_year,2175.9376593366874,53995.542586727424,26175.98574835096,99226.21468667472,CHINA_BREAST_NEW_DIAGNOSIS_COURSE,Event-specific first-year cost; no annual patient-year cost added for the same outcome,117490934.55077809,95530881.5430352,56957313.16009727,46311507.83940017,215910057.3301626,175554634.82881203
S7,2032,colon_cancer,direct_medical,avoided_incident_case_first_year,5619.170430008575,72296.25822013385,35047.815693114135,132856.9673630357,CHINA_CRC_NEW_DIAGNOSIS_COURSE,Event-specific first-year cost; no annual patient-year cost added for the same outcome,406244996.3908405,330314358.09110373,196939649.57913744,160129957.31973132,746545942.4269845,607010168.6152052
S7,2032,coronary_heart_disease,direct_medical,avoided_incident_case_first_year,37749.137970713135,21846.326995845397,8586.27962692537,46223.917226713966,CHINA_INCIDENT_MI_IMMEDIATE_PROXY,Event-specific first-year cost; no annual patient-year cost added for the same outcome,824680011.9194828,670540317.2662672,324124654.2919291,263543005.02186665,1744913028.938049,1418773971.8619473
S7,2032,endometrial_cancer,direct_medical,avoided_incident_case_first_year,363.7512188889637,22329.17043600619,7912.595953582618,50409.93932055516,INTERNATIONAL_PROXY_ENDOMETRIAL,Event-specific first-year cost; no annual patient-year cost added for the same outcome,8122262.9628766645,6604143.068013532,2878216.4226915594,2340253.3410995407,18336676.87197064,14909396.310845325
S7,2032,gastric_cancer,direct_medical,avoided_incident_case_first_year,8871.745446435747,64762.28390756019,31395.4919125426,119011.97726255516,CHINA_GASTRIC_NEW_DIAGNOSIS_COURSE,Event-specific first-year cost; no annual patient-year cost added for the same outcome,574554497.3576761,467165384.6056738,278532812.4137101,226472665.40417835,1055843967.3503884,858497767.1556898
S7,2032,oesophageal_cancer,direct_medical,avoided_incident_case_first_year,4279.888436986007,68356.63525540795,29827.5487154762,135047.26753332303,CHINA_OESOPHAGEAL_NEW_DIAGNOSIS_DERIVED,Event-specific first-year cost; no annual patient-year cost added for the same outcome,292558772.8208905,237877054.74969468,127658580.85100342,103798108.44009008,577987238.7624251,469956517.502512
S7,2032,renal_cancer,direct_medical,avoided_incident_case_first_year,1115.0079312842893,13135.225379367826,4654.616770652017,29653.851952691733,INTERNATIONAL_PROXY_RENAL,Event-specific first-year cost; no annual patient-year cost added for the same outcome,14645880.477201814,11908441.09216214,5189934.616365865,4219891.780994109,33064280.120381393,26884285.49456091
S7,2032,stroke,direct_medical,avoided_incident_case_first_year,76672.13013688262,29612.850356671155,4730.172689851648,100820.84684525008,CHINA_FIRST_ISCHAEMIC_STROKE_ONE_YEAR,Event-specific first-year cost; no annual patient-year cost added for the same outcome,2270480316.270722,1846108271.8318968,362672416.0462337,294885862.8855777,7730149089.829726,6285318606.359101
S7,2033,bladder_cancer,direct_medical,avoided_incident_case_first_year,954.1207606286134,17917.502226658013,6349.271058827539,40450.2353820222,INTERNATIONAL_PROXY_BLADDER,Event-specific first-year cost; no annual patient-year cost added for the same outcome,17095460.853063818,13495314.662260966,6057971.332085772,4782218.510757602,38594409.350301474,30466783.13402008
S7,2033,breast_cancer,direct_medical,avoided_incident_case_first_year,2678.7948498267597,53995.542586727424,26175.98574835096,99226.21468667472,CHINA_BREAST_NEW_DIAGNOSIS_COURSE,Event-specific first-year cost; no annual patient-year cost added for the same outcome,144642981.3949269,114182505.19185406,70120095.8118212,55353451.14482957,265806672.87046862,209830242.10621136
S7,2033,colon_cancer,direct_medical,avoided_incident_case_first_year,7106.018117402124,72296.25822013385,35047.815693114135,132856.9673630357,CHINA_CRC_NEW_DIAGNOSIS_COURSE,Event-specific first-year cost; no annual patient-year cost added for the same outcome,513738520.7326534,405549932.2891378,249050413.29063952,196602696.06133294,944084017.1048344,745268641.0707518
S7,2033,coronary_heart_disease,direct_medical,avoided_incident_case_first_year,39735.290924151726,21846.326995845397,8586.27962692537,46223.917226713966,CHINA_INCIDENT_MI_IMMEDIATE_PROXY,Event-specific first-year cost; no annual patient-year cost added for the same outcome,868070158.8040664,685262599.3922945,341178318.9319965,269329315.5126231,1836720798.657388,1449924359.3166087
S7,2033,endometrial_cancer,direct_medical,avoided_incident_case_first_year,434.7572658993739,22329.17043600619,7912.595953582618,50409.93932055516,INTERNATIONAL_PROXY_ENDOMETRIAL,Event-specific first-year cost; no annual patient-year cost added for the same outcome,9707769.088559182,7663402.563095995,3440058.582946028,2715614.011958506,21916087.393157903,17300761.768190075
S7,2033,gastric_cancer,direct_medical,avoided_incident_case_first_year,10859.09637990618,64762.28390756019,31395.4919125426,119011.97726255516,CHINA_GASTRIC_NEW_DIAGNOSIS_COURSE,Event-specific first-year cost; no annual patient-year cost added for the same outcome,703259882.735043,555159845.5535784,340926672.57286507,269130663.5529432,1292362531.4572892,1020202916.4137181
S7,2033,oesophageal_cancer,direct_medical,avoided_incident_case_first_year,5250.045725076905,68356.63525540795,29827.5487154762,135047.26753332303,CHINA_OESOPHAGEAL_NEW_DIAGNOSIS_DERIVED,Event-specific first-year cost; no annual patient-year cost added for the same outcome,358875460.70329577,283299602.64784956,156595994.62320897,123618324.21213655,709004329.5966396,559694564.9521484
S7,2033,renal_cancer,direct_medical,avoided_incident_case_first_year,1394.2418043772238,13135.225379367826,4654.616770652017,29653.851952691733,INTERNATIONAL_PROXY_RENAL,Event-specific first-year cost; no annual patient-year cost added for the same outcome,18313680.333831303,14456988.369799947,6489661.284998355,5122998.545947342,41344640.05325598,32637840.647426076
S7,2033,stroke,direct_medical,avoided_incident_case_first_year,79634.07040425748,29612.850356671155,4730.172689851648,100820.84684525008,CHINA_FIRST_ISCHAEMIC_STROKE_ONE_YEAR,Event-specific first-year cost; no annual patient-year cost added for the same outcome,2358191810.173892,1861578391.2347655,376682905.00794214,297356963.6214685,8028774415.891505,6337988664.128228
S7,2034,bladder_cancer,direct_medical,avoided_incident_case_first_year,1183.4373982854177,17917.502226658013,6349.271058827539,40450.2353820222,INTERNATIONAL_PROXY_BLADDER,Event-specific first-year cost; no annual patient-year cost added for the same outcome,21204242.218889337,16251286.033223938,7513964.822867761,5758828.366487267,47870321.3205331,36688615.24272242
S7,2034,breast_cancer,direct_medical,avoided_incident_case_first_year,3202.614162693014,53995.542586727424,26175.98574835096,99226.21468667472,CHINA_BREAST_NEW_DIAGNOSIS_COURSE,Event-specific first-year cost; no annual patient-year cost added for the same outcome,172926889.41054702,132534061.51637915,83831582.68011928,64249927.664891586,317783280.465962,243554423.40816084
S7,2034,colon_cancer,direct_medical,avoided_incident_case_first_year,8740.35388131434,72296.25822013385,35047.815693114135,132856.9673630357,CHINA_CRC_NEW_DIAGNOSIS_COURSE,Event-specific first-year cost; no annual patient-year cost added for the same outcome,631894881.1388507,484294809.9871023,306330311.92489976,234776676.68328556,1161216910.351162,889976069.9734997
S7,2034,coronary_heart_disease,direct_medical,avoided_incident_case_first_year,41885.35588192305,21846.326995845397,8586.27962692537,46223.917226713966,CHINA_INCIDENT_MI_IMMEDIATE_PROXY,Event-specific first-year cost; no annual patient-year cost added for the same outcome,915041180.9338473,701302871.8511726,359639377.87547463,275633636.81341606,1936105223.2974682,1483863438.7130733
S7,2034,endometrial_cancer,direct_medical,avoided_incident_case_first_year,504.7382986699606,22329.17043600619,7912.595953582618,50409.93932055516,INTERNATIONAL_PROXY_ENDOMETRIAL,Event-specific first-year cost; no annual patient-year cost added for the same outcome,11270387.496581346,8637813.557376342,3993790.2196741053,3060907.649828563,25443827.008712962,19500574.7543343
S7,2034,gastric_cancer,direct_medical,avoided_incident_case_first_year,12931.79761390505,64762.28390756019,31395.4919125426,119011.97726255516,CHINA_GASTRIC_NEW_DIAGNOSIS_COURSE,Event-specific first-year cost; no annual patient-year cost added for the same outcome,837492748.5068282,641868455.672086,406000147.4019937,311165306.30286676,1539038803.5900328,1179545090.7975175
S7,2034,oesophageal_cancer,direct_medical,avoided_incident_case_first_year,6268.91427420551,68356.63525540795,29827.5487154762,135047.26753332303,CHINA_OESOPHAGEAL_NEW_DIAGNOSIS_DERIVED,Event-specific first-year cost; no annual patient-year cost added for the same outcome,428521886.4892865,328426343.98084545,186986345.90700898,143309464.2229249,846599743.132099,648848208.7342571
S7,2034,renal_cancer,direct_medical,avoided_incident_case_first_year,1694.71874690183,13135.225379367826,4654.616770652017,29653.851952691733,INTERNATIONAL_PROXY_RENAL,Event-specific first-year cost; no annual patient-year cost added for the same outcome,22260512.69519536,17060829.400145445,7888266.300867629,6045699.2821673155,50254938.822078116,38516225.99614598
S7,2034,stroke,direct_medical,avoided_incident_case_first_year,82782.79840091917,29612.850356671155,4730.172689851648,100820.84684525008,CHINA_FIRST_ISCHAEMIC_STROKE_ONE_YEAR,Event-specific first-year cost; no annual patient-year cost added for the same outcome,2451434621.1528955,1878820511.8980386,391576932.18552256,300111112.8267701,8346231839.000285,6396691733.428937
S7,2035,bladder_cancer,direct_medical,avoided_incident_case_first_year,1247.3339941920826,17917.502226658013,6349.271058827539,40450.2353820222,INTERNATIONAL_PROXY_BLADDER,Event-specific first-year cost; no annual patient-year cost added for the same outcome,22349109.61832287,16629836.470353916,7919661.630015547,5892972.026935646,50454953.66506765,37543223.99857305
S7,2035,breast_cancer,direct_medical,avoided_incident_case_first_year,3269.745894776533,53995.542586727424,26175.98574835096,99226.21468667472,CHINA_BREAST_NEW_DIAGNOSIS_COURSE,Event-specific first-year cost; no annual patient-year cost added for the same outcome,176551703.70918345,131371048.39465295,85588821.94239958,63686121.59051882,324444508.1259696,241417184.218195
S7,2035,colon_cancer,direct_medical,avoided_incident_case_first_year,9148.225550307925,72296.25822013385,35047.815693114135,132856.9673630357,CHINA_CRC_NEW_DIAGNOSIS_COURSE,Event-specific first-year cost; no annual patient-year cost added for the same outcome,661382476.6410879,492130676.2879588,320625323.00622976,238575351.81073248,1215405503.3669493,904375839.1873379
S7,2035,coronary_heart_disease,direct_medical,avoided_incident_case_first_year,43809.877158606396,21846.326995845397,8586.27962692537,46223.917226713966,CHINA_INCIDENT_MI_IMMEDIATE_PROXY,Event-specific first-year cost; no annual patient-year cost added for the same outcome,957084902.0547335,712161051.6584553,376163855.7050452,279901236.03421384,2025064135.4919288,1506837900.4951413
S7,2035,endometrial_cancer,direct_medical,avoided_incident_case_first_year,503.45654967758094,22329.17043600619,7912.595953582618,50409.93932055516,INTERNATIONAL_PROXY_ENDOMETRIAL,Event-specific first-year cost; no annual patient-year cost added for the same outcome,11241767.104874322,8364930.495423156,3983648.257783493,2964208.427705637,25379214.11978292,18884518.791391514
S7,2035,gastric_cancer,direct_medical,avoided_incident_case_first_year,13177.369200165598,64762.28390756019,31395.4919125426,119011.97726255516,CHINA_GASTRIC_NEW_DIAGNOSIS_COURSE,Event-specific first-year cost; no annual patient-year cost added for the same outcome,853396525.2958637,635007161.4666612,413709988.15238696,307839084.7161873,1568264763.6304028,1166936267.5643334
S7,2035,oesophageal_cancer,direct_medical,avoided_incident_case_first_year,6404.380277594821,68356.63525540795,29827.5487154762,135047.26753332303,CHINA_OESOPHAGEAL_NEW_DIAGNOSIS_DERIVED,Event-specific first-year cost; no annual patient-year cost added for the same outcome,437781886.6724775,325750837.92499816,191026964.7223945,142142002.0311251,864894056.7334853,643562404.6457292
S7,2035,renal_cancer,direct_medical,avoided_incident_case_first_year,1755.6434094603587,13135.225379367826,4654.616770652017,29653.851952691733,INTERNATIONAL_PROXY_RENAL,Event-specific first-year cost; no annual patient-year cost added for the same outcome,23060771.869063564,17159380.020591773,8171847.256958872,6080621.81736859,52061589.745856434,38738712.129741505
S7,2035,stroke,direct_medical,avoided_incident_case_first_year,85617.32085457034,29612.850356671155,4730.172689851648,100820.84684525008,CHINA_FIRST_ISCHAEMIC_STROKE_ONE_YEAR,Event-specific first-year cost; no annual patient-year cost added for the same outcome,2535372910.405492,1886555554.626726,404984712.88455456,301346660.48359436,8632010793.179272,6423026704.527548
S7,2036,bladder_cancer,direct_medical,avoided_incident_case_first_year,1306.2028972574428,17917.502226658013,6349.271058827539,40450.2353820222,INTERNATIONAL_PROXY_BLADDER,Event-specific first-year cost; no annual patient-year cost added for the same outcome,23403893.32007738,16907470.48967154,8293436.252513363,5991354.804931157,52836214.65074292,38170005.63863591
S7,2036,breast_cancer,direct_medical,avoided_incident_case_first_year,3324.517237757902,53995.542586727424,26175.98574835096,99226.21468667472,CHINA_BREAST_NEW_DIAGNOSIS_COURSE,Event-specific first-year cost; no annual patient-year cost added for the same outcome,179509112.09166622,129681201.91837178,87022515.83569793,62866916.982860886,329879261.1633164,238311796.97305948
S7,2036,colon_cancer,direct_medical,avoided_incident_case_first_year,9519.872117884635,72296.25822013385,35047.815693114135,132856.9673630357,CHINA_CRC_NEW_DIAGNOSIS_COURSE,Event-specific first-year cost; no annual patient-year cost added for the same outcome,688251132.8572401,497207262.01927155,333650723.4096368,241036381.5436903,1264781339.2660728,913704949.7308882
S7,2036,coronary_heart_disease,direct_medical,avoided_incident_case_first_year,45634.54352840668,21846.326995845397,8586.27962692537,46223.917226713966,CHINA_INCIDENT_MI_IMMEDIATE_PROXY,Event-specific first-year cost; no annual patient-year cost added for the same outcome,996947160.2277126,720215840.1932148,391830951.3819973,283067016.10828996,2109407362.7359457,1523880759.8545299
S7,2036,endometrial_cancer,direct_medical,avoided_incident_case_first_year,503.18524603064105,22329.17043600619,7912.595953582618,50409.93932055516,INTERNATIONAL_PROXY_ENDOMETRIAL,Event-specific first-year cost; no annual patient-year cost added for the same outcome,11235709.11950189,8116915.325602909,3981501.5416445243,2876321.4264947763,25365537.719403233,18324604.140865337
S7,2036,gastric_cancer,direct_medical,avoided_incident_case_first_year,13425.17429874087,64762.28390756019,31395.4919125426,119011.97726255516,CHINA_GASTRIC_NEW_DIAGNOSIS_COURSE,Event-specific first-year cost; no annual patient-year cost added for the same outcome,869444949.4435365,628105530.3093458,421489951.1205938,304493308.5620892,1597756538.3875883,1154253318.1559806
S7,2036,oesophageal_cancer,direct_medical,avoided_incident_case_first_year,6542.204122701163,68356.63525540795,29827.5487154762,135047.26753332303,CHINA_OESOPHAGEAL_NEW_DIAGNOSIS_DERIVED,Event-specific first-year cost; no annual patient-year cost added for the same outcome,447203060.9819096,323069006.21342516,195137912.17645818,140971779.62733403,883506790.4160329,638264103.4160254
S7,2036,renal_cancer,direct_medical,avoided_incident_case_first_year,1809.9808796621307,13135.225379367826,4654.616770652017,29653.851952691733,INTERNATIONAL_PROXY_RENAL,Event-specific first-year cost; no annual patient-year cost added for the same outcome,23774506.786708523,17175209.5433599,8424767.357034845,6086231.189116691,53672905.04270358,38774448.57971405
S7,2036,stroke,direct_medical,avoided_incident_case_first_year,88304.10480366142,29612.850356671155,4730.172689851648,100820.84684525008,CHINA_FIRST_ISCHAEMIC_STROKE_ONE_YEAR,Event-specific first-year cost; no annual patient-year cost added for the same outcome,2614936241.430632,1889085577.7586858,417693664.944077,301750790.6561157,8902894626.21686,6431640501.295842
S7,2037,bladder_cancer,direct_medical,avoided_incident_case_first_year,1357.4144606046193,17917.502226658013,6349.271058827539,40450.2353820222,INTERNATIONAL_PROXY_BLADDER,Event-specific first-year cost; no annual patient-year cost added for the same outcome,24321476.62038105,17058594.358119052,8618592.349550903,6044907.269560085,54907734.44241755,38511180.20489039
S7,2037,breast_cancer,direct_medical,avoided_incident_case_first_year,3366.510682961653,53995.542586727424,26175.98574835096,99226.21468667472,CHINA_BREAST_NEW_DIAGNOSIS_COURSE,Event-specific first-year cost; no annual patient-year cost added for the same outcome,181776570.95052877,127494429.55517131,88121735.65887548,61806812.39881891,334046111.77253693,234293221.85395038
S7,2037,colon_cancer,direct_medical,avoided_incident_case_first_year,9841.986940725019,72296.25822013385,35047.815693114135,132856.9673630357,CHINA_CRC_NEW_DIAGNOSIS_COURSE,Event-specific first-year cost; no annual patient-year cost added for the same outcome,711538829.2658411,499059018.8231238,344940144.3525667,241934077.11975002,1307576537.7713275,917107875.405196
S7,2037,coronary_heart_disease,direct_medical,avoided_incident_case_first_year,47255.69752181183,21846.326995845397,8586.27962692537,46223.917226713966,CHINA_INCIDENT_MI_IMMEDIATE_PROXY,Event-specific first-year cost; no annual patient-year cost added for the same outcome,1032363420.4782622,724078932.1706512,405750632.88768065,284585330.2829844,2184343450.7388625,1532054547.7795284
S7,2037,endometrial_cancer,direct_medical,avoided_incident_case_first_year,504.0330427550752,22329.17043600619,7912.595953582618,50409.93932055516,INTERNATIONAL_PROXY_ENDOMETRIAL,Event-specific first-year cost; no annual patient-year cost added for the same outcome,11254639.717056869,7893777.856364421,3988209.8145757425,2797250.121931573,25408275.100838125,17820852.94613594
S7,2037,gastric_cancer,direct_medical,avoided_incident_case_first_year,13662.723037405278,64762.28390756019,31395.4919125426,119011.97726255516,CHINA_GASTRIC_NEW_DIAGNOSIS_COURSE,Event-specific first-year cost; no annual patient-year cost added for the same outcome,884829148.2988037,620601362.0250652,428947910.62416685,300855434.16260415,1626027683.4722655,1140463101.8242347
S7,2037,oesophageal_cancer,direct_medical,avoided_incident_case_first_year,6674.811291065252,68356.63525540795,29827.5487154762,135047.26753332303,CHINA_OESOPHAGEAL_NEW_DIAGNOSIS_DERIVED,Event-specific first-year cost; no annual patient-year cost added for the same outcome,456267640.822026,320016943.255683,199093258.9508594,139640006.1101823,901415026.1589344,632234363.0514989
S7,2037,renal_cancer,direct_medical,avoided_incident_case_first_year,1856.444539075487,13135.225379367826,4654.616770652017,29653.851952691733,INTERNATIONAL_PROXY_RENAL,Event-specific first-year cost; no annual patient-year cost added for the same outcome,24384817.425053142,17103020.32411129,8641037.885366116,6060650.116781026,55050731.520127535,38611475.47812257
S7,2037,stroke,direct_medical,avoided_incident_case_first_year,90717.60784467944,29612.850356671155,4730.172689851648,100820.84684525008,CHINA_FIRST_ISCHAEMIC_STROKE_ONE_YEAR,Event-specific first-year cost; no annual patient-year cost added for the same outcome,2686406945.8196697,1884191781.8085701,429109951.1155743,300969086.1030539,9146226046.675884,6414978928.83538
S7,2038,bladder_cancer,direct_medical,avoided_incident_case_first_year,1405.5392862416015,17917.502226658013,6349.271058827539,40450.2353820222,INTERNATIONAL_PROXY_BLADDER,Event-specific first-year cost; no annual patient-year cost added for the same outcome,25183753.29088921,17148910.5494886,8924149.912178917,6076911.8409982305,56854394.96715225,38715076.4373837
S7,2038,breast_cancer,direct_medical,avoided_incident_case_first_year,3397.304279492362,53995.542586727424,26175.98574835096,99226.21468667472,CHINA_BREAST_NEW_DIAGNOSIS_COURSE,Event-specific first-year cost; no annual patient-year cost added for the same outcome,183439287.90340117,124913228.9052153,88927788.4028038,60555496.67551899,337101643.7928679,229549816.0546562
S7,2038,colon_cancer,direct_medical,avoided_incident_case_first_year,10137.005502651573,72296.25822013385,35047.815693114135,132856.9673630357,CHINA_CRC_NEW_DIAGNOSIS_COURSE,Event-specific first-year cost; no annual patient-year cost added for the same outcome,732867567.3986158,499047152.0576278,355279900.53701615,241928324.34332398,1346771809.2246935,917086068.156591
S7,2038,coronary_heart_disease,direct_medical,avoided_incident_case_first_year,48954.03277976828,21846.326995845397,8586.27962692537,46223.917226713966,CHINA_INCIDENT_MI_IMMEDIATE_PROXY,Event-specific first-year cost; no annual patient-year cost added for the same outcome,1069465807.8721522,728254174.9474281,420333014.3127611,286226329.33964616,2262847159.125851,1540888805.2065034
S7,2038,endometrial_cancer,direct_medical,avoided_incident_case_first_year,505.68698246098245,22329.17043600619,7912.595953582618,50409.93932055516,INTERNATIONAL_PROXY_ENDOMETRIAL,Event-specific first-year cost; no annual patient-year cost added for the same outcome,11291570.81864095,7689010.279581415,4001296.771200174,2724688.398059133,25491650.10105277,17358573.2949491
S7,2038,gastric_cancer,direct_medical,avoided_incident_case_first_year,13931.867129201057,64762.28390756019,31395.4919125426,119011.97726255516,CHINA_GASTRIC_NEW_DIAGNOSIS_COURSE,Event-specific first-year cost; no annual patient-year cost added for the same outcome,902259534.3837243,614394838.9602175,437397821.78144985,297846632.8521753,1658059054.0054157,1129057534.612808
S7,2038,oesophageal_cancer,direct_medical,avoided_incident_case_first_year,6824.976955265596,68356.63525540795,29827.5487154762,135047.26753332303,CHINA_OESOPHAGEAL_NEW_DIAGNOSIS_DERIVED,Event-specific first-year cost; no annual patient-year cost added for the same outcome,466532460.35765505,317685904.0308592,203572332.61518702,138622852.67984843,921694488.7865174,627629097.2035058
S7,2038,renal_cancer,direct_medical,avoided_incident_case_first_year,1897.1700535162531,13135.225379367826,4654.616770652017,29653.851952691733,INTERNATIONAL_PROXY_RENAL,Event-specific first-year cost; no annual patient-year cost added for the same outcome,24919756.235923305,16969141.401155315,8830599.547875537,6013208.595068994,56258399.89605122,38309232.79508812
S7,2038,stroke,direct_medical,avoided_incident_case_first_year,93214.4563267034,29612.850356671155,4730.172689851648,100820.84684525008,CHINA_FIRST_ISCHAEMIC_STROKE_ONE_YEAR,Event-specific first-year cost; no annual patient-year cost added for the same outcome,2760345746.2811265,1879661134.7746007,440920475.6159416,300245388.7011046,9397960425.077816,6399553744.659591
S7,2039,bladder_cancer,direct_medical,avoided_incident_case_first_year,1451.4429532998984,17917.502226658013,6349.271058827539,40450.2353820222,INTERNATIONAL_PROXY_BLADDER,Event-specific first-year cost; no annual patient-year cost added for the same outcome,26006232.34761801,17193183.26726641,9215604.736926215,6092600.382968331,58711209.10455834,38815025.740163736
S7,2039,breast_cancer,direct_medical,avoided_incident_case_first_year,3418.2754693269662,53995.542586727424,26175.98574835096,99226.21468667472,CHINA_BREAST_NEW_DIAGNOSIS_COURSE,Event-specific first-year cost; no annual patient-year cost added for the same outcome,184571638.67720988,122023596.77862394,89476729.96904035,59154659.38895702,339182535.57763135,224239613.6930793
S7,2039,colon_cancer,direct_medical,avoided_incident_case_first_year,10409.954541727137,72296.25822013385,35047.815693114135,132856.9673630357,CHINA_CRC_NEW_DIAGNOSIS_COURSE,Event-specific first-year cost; no annual patient-year cost added for the same outcome,752600761.6085602,497557764.1720728,364846168.1521491,241206298.1500797,1383034990.8009276,914349058.4886831
S7,2039,coronary_heart_disease,direct_medical,avoided_incident_case_first_year,50785.564992235646,21846.326995845397,8586.27962692537,46223.917226713966,CHINA_INCIDENT_MI_IMMEDIATE_PROXY,Event-specific first-year cost; no annual patient-year cost added for the same outcome,1109478059.4891386,733495700.2933586,436059062.0347272,288286410.2997239,2347507752.513003,1551979174.483594
S7,2039,endometrial_cancer,direct_medical,avoided_incident_case_first_year,508.04094731853473,22329.17043600619,7912.595953582618,50409.93932055516,INTERNATIONAL_PROXY_ENDOMETRIAL,Event-specific first-year cost; no annual patient-year cost added for the same outcome,11344132.901145604,7499808.252520186,4019922.744006918,2657642.5040782155,25610313.3266847,16931434.152865123
S7,2039,gastric_cancer,direct_medical,avoided_incident_case_first_year,14245.725914743562,64762.28390756019,31395.4919125426,119011.97726255516,CHINA_GASTRIC_NEW_DIAGNOSIS_COURSE,Event-specific first-year cost; no annual patient-year cost added for the same outcome,922585746.1599101,609937864.1807731,447251572.74463,295685978.4218562,1695412008.6540534,1120867067.1199052
S7,2039,oesophageal_cancer,direct_medical,avoided_incident_case_first_year,6999.026072746979,68356.63525540795,29827.5487154762,135047.26753332303,CHINA_OESOPHAGEAL_NEW_DIAGNOSIS_DERIVED,Event-specific first-year cost; no annual patient-year cost added for the same outcome,478429872.3978556,316298507.47775215,208763791.1457486,138017459.53665373,945199346.5189644,624888118.0318103
S7,2039,renal_cancer,direct_medical,avoided_incident_case_first_year,1932.9743948274302,13135.225379367826,4654.616770652017,29653.851952691733,INTERNATIONAL_PROXY_RENAL,Event-specific first-year cost; no annual patient-year cost added for the same outcome,25390054.328605425,16785817.007343147,8997255.03540469,5948245.507397269,57320136.53255651,37895362.89362742
S7,2039,stroke,direct_medical,avoided_incident_case_first_year,95881.1738913093,29612.850356671155,4730.172689851648,100820.84684525008,CHINA_FIRST_ISCHAEMIC_STROKE_ONE_YEAR,Event-specific first-year cost; no annual patient-year cost added for the same outcome,2839314854.4653077,1877121606.6123157,453534510.21158814,299839740.2541072,9666821148.238485,6390907586.76445
S7,2040,bladder_cancer,direct_medical,avoided_incident_case_first_year,1491.120198954305,17917.502226658013,6349.271058827539,40450.2353820222,INTERNATIONAL_PROXY_BLADDER,Event-specific first-year cost; no annual patient-year cost added for the same outcome,26717149.484978497,17148721.597317502,9467526.32445373,6076844.883643557,60316163.0305894,38714649.862312004
S7,2040,breast_cancer,direct_medical,avoided_incident_case_first_year,3431.5987552934585,53995.542586727424,26175.98574835096,99226.21468667472,CHINA_BREAST_NEW_DIAGNOSIS_COURSE,Event-specific first-year cost; no annual patient-year cost added for the same outcome,185291036.73200876,118931265.67196384,89825480.11262046,57655557.59093168,340504554.81127447,218556916.64861694
S7,2040,colon_cancer,direct_medical,avoided_incident_case_first_year,10643.921150326141,72296.25822013385,35047.815693114135,132856.9673630357,CHINA_CRC_NEW_DIAGNOSIS_COURSE,Event-specific first-year cost; no annual patient-year cost added for the same outcome,769515671.9587228,493922827.7557194,373046186.72867,239444151.8825836,1414119084.8836057,907669229.6742551
S7,2040,coronary_heart_disease,direct_medical,avoided_incident_case_first_year,52545.81671163512,21846.326995845397,8586.27962692537,46223.917226713966,CHINA_INCIDENT_MI_IMMEDIATE_PROXY,Event-specific first-year cost; no annual patient-year cost added for the same outcome,1147933094.1461384,736814571.2897798,451173075.51126724,289590828.86062825,2428873482.288705,1559001463.3220744
S7,2040,endometrial_cancer,direct_medical,avoided_incident_case_first_year,511.80674172057616,22329.17043600619,7912.595953582618,50409.93932055516,INTERNATIONAL_PROXY_ENDOMETRIAL,Event-specific first-year cost; no annual patient-year cost added for the same outcome,11428219.966175744,7335339.522767611,4049719.953554535,2599361.135799858,25800146.793985292,16560132.464308575
S7,2040,gastric_cancer,direct_medical,avoided_incident_case_first_year,14582.41555249996,64762.28390756019,31395.4919125426,119011.97726255516,CHINA_GASTRIC_NEW_DIAGNOSIS_COURSE,Event-specific first-year cost; no annual patient-year cost added for the same outcome,944390536.0690236,606168348.5842934,457822109.5438479,293858590.7930875,1735482108.1672559,1113939925.6203954
S7,2040,oesophageal_cancer,direct_medical,avoided_incident_case_first_year,7183.638357326878,68356.63525540795,29827.5487154762,135047.26753332303,CHINA_OESOPHAGEAL_NEW_DIAGNOSIS_DERIVED,Event-specific first-year cost; no annual patient-year cost added for the same outcome,491049346.9985513,315185890.13237655,214270323.05753088,137531966.82703054,970130731.1045641,622690000.2961767
S7,2040,renal_cancer,direct_medical,avoided_incident_case_first_year,1962.3494906511605,13135.225379367826,4654.616770652017,29653.851952691733,INTERNATIONAL_PROXY_RENAL,Event-specific first-year cost; no annual patient-year cost added for the same outcome,25775902.83279065,16544571.188163571,9133984.849065335,5862757.302713188,58191221.275209546,37350730.60909929
S7,2040,stroke,direct_medical,avoided_incident_case_first_year,98481.41948773795,29612.850356671155,4730.172689851648,100820.84684525008,CHINA_FIRST_ISCHAEMIC_STROKE_ONE_YEAR,Event-specific first-year cost; no annual patient-year cost added for the same outcome,2916315538.2029424,1871871970.5742466,465834120.9187219,299001196.01672876,9928980111.276054,6373034509.886924
S7,2041,bladder_cancer,direct_medical,avoided_incident_case_first_year,1529.0869062340785,17917.502226658013,6349.271058827539,40450.2353820222,INTERNATIONAL_PROXY_BLADDER,Event-specific first-year cost; no annual patient-year cost added for the same outcome,27397418.047202714,17073165.147009227,9708587.240184173,6050070.594617024,61851925.27673658,38544074.95957513
S7,2041,breast_cancer,direct_medical,avoided_incident_case_first_year,3447.542935915327,53995.542586727424,26175.98574835096,99226.21468667472,CHINA_BREAST_NEW_DIAGNOSIS_COURSE,Event-specific first-year cost; no annual patient-year cost added for the same outcome,186151951.4157873,116003741.79362753,90242834.75734761,56236351.122282825,342086635.5006631,213177081.59305498
S7,2041,colon_cancer,direct_medical,avoided_incident_case_first_year,10869.685074722673,72296.25822013385,35047.815693114135,132856.9673630357,CHINA_CRC_NEW_DIAGNOSIS_COURSE,Event-specific first-year cost; no annual patient-year cost added for the same outcome,785837558.9336853,489707986.3249106,380958719.14107376,237400878.97635797,1444113395.2189066,899923724.3853328
S7,2041,coronary_heart_disease,direct_medical,avoided_incident_case_first_year,54208.52923650731,21846.326995845397,8586.27962692537,46223.917226713966,CHINA_INCIDENT_MI_IMMEDIATE_PROXY,Event-specific first-year cost; no annual patient-year cost added for the same outcome,1184257255.6645842,737989969.2617109,465449590.18901104,290052796.4793424,2505730568.410218,1561488448.8264718
S7,2041,endometrial_cancer,direct_medical,avoided_incident_case_first_year,515.6453571699325,22329.17043600619,7912.595953582618,50409.93932055516,INTERNATIONAL_PROXY_ENDOMETRIAL,Event-specific first-year cost; no annual patient-year cost added for the same outcome,11513933.064782709,7175102.426365906,4080093.3666264713,2542579.295012908,25993651.16586229,16198384.036185749
S7,2041,gastric_cancer,direct_medical,avoided_incident_case_first_year,14906.505655027824,64762.28390756019,31395.4919125426,119011.97726255516,CHINA_GASTRIC_NEW_DIAGNOSIS_COURSE,Event-specific first-year cost; no annual patient-year cost added for the same outcome,965379351.3005633,601592495.5362712,467997077.73669654,291640306.4971349,1774052712.0803213,1105530998.6022358
S7,2041,oesophageal_cancer,direct_medical,avoided_incident_case_first_year,7360.535105470117,68356.63525540795,29827.5487154762,135047.26753332303,CHINA_OESOPHAGEAL_NEW_DIAGNOSIS_DERIVED,Event-specific first-year cost; no annual patient-year cost added for the same outcome,503141413.4892464,313541094.63897544,219546719.43038267,136814257.1632487,994020153.5768389,619440496.6275862
S7,2041,renal_cancer,direct_medical,avoided_incident_case_first_year,1990.565693159691,13135.225379367826,4654.616770652017,29653.851952691733,INTERNATIONAL_PROXY_RENAL,Event-specific first-year cost; no annual patient-year cost added for the same outcome,26146529.012090083,16293652.455694087,9265320.458465654,5773841.390995544,59027940.36706468,36784260.9270111
S7,2041,stroke,direct_medical,avoided_incident_case_first_year,100947.87233717536,29612.850356671155,4730.172689851648,100820.84684525008,CHINA_FIRST_ISCHAEMIC_STROKE_ONE_YEAR,Event-specific first-year cost; no annual patient-year cost added for the same outcome,2989354237.3451176,1862866730.331035,477500868.82793754,297562754.902451,10177649976.260214,6342374984.159742
S7,2042,bladder_cancer,direct_medical,avoided_incident_case_first_year,1563.785221698392,17917.502226658013,6349.271058827539,40450.2353820222,INTERNATIONAL_PROXY_BLADDER,Event-specific first-year cost; no annual patient-year cost added for the same outcome,28019125.191795833,16952031.539219998,9928896.250351807,6007145.5205493225,63255480.304627724,38270605.87410977
S7,2042,breast_cancer,direct_medical,avoided_incident_case_first_year,3465.86023050004,53995.542586727424,26175.98574835096,99226.21468667472,CHINA_BREAST_NEW_DIAGNOSIS_COURSE,Event-specific first-year cost; no annual patient-year cost added for the same outcome,187141003.67560983,113223384.91564065,90722307.99934542,54888488.34459859,343904191.3056049,208067691.5348372
S7,2042,colon_cancer,direct_medical,avoided_incident_case_first_year,11079.462106851497,72296.25822013385,35047.815693114135,132856.9673630357,CHINA_CRC_NEW_DIAGNOSIS_COURSE,Event-specific first-year cost; no annual patient-year cost added for the same outcome,801003653.417124,484620383.499105,388310945.8997733,234934508.3709019,1471983735.5299602,890574368.0116456
S7,2042,coronary_heart_disease,direct_medical,avoided_incident_case_first_year,55680.670743567636,21846.326995845397,8586.27962692537,46223.917226713966,CHINA_INCIDENT_MI_IMMEDIATE_PROXY,Event-specific first-year cost; no annual patient-year cost added for the same outcome,1216418140.4119806,735952979.9731619,478089808.81903434,289252196.92629814,2573778715.578584,1557178450.8902743
S7,2042,endometrial_cancer,direct_medical,avoided_incident_case_first_year,519.1801964353394,22329.17043600619,7912.595953582618,50409.93932055516,INTERNATIONAL_PROXY_ENDOMETRIAL,Event-specific first-year cost; no annual patient-year cost added for the same outcome,11592863.093203867,7013872.825815219,4108063.1214944953,2485445.7490725745,26171842.19873937,15834394.948291484
S7,2042,gastric_cancer,direct_medical,avoided_incident_case_first_year,15205.892273106263,64762.28390756019,31395.4919125426,119011.97726255516,CHINA_GASTRIC_NEW_DIAGNOSIS_COURSE,Event-specific first-year cost; no annual patient-year cost added for the same outcome,984768312.4586835,595801024.3843055,477396467.8833017,288832714.25760245,1809683305.4637856,1094888161.5763164
S7,2042,oesophageal_cancer,direct_medical,avoided_incident_case_first_year,7522.4250235823365,68356.63525540795,29827.5487154762,135047.26753332303,CHINA_OESOPHAGEAL_NEW_DIAGNOSIS_DERIVED,Event-specific first-year cost; no annual patient-year cost added for the same outcome,514207663.5731713,311104093.0411837,224375498.84941936,135750866.84852317,1015882944.6590875,614625888.5719612
S7,2042,renal_cancer,direct_medical,avoided_incident_case_first_year,2017.2209769466085,13135.225379367826,4654.616770652017,29653.851952691733,INTERNATIONAL_PROXY_RENAL,Event-specific first-year cost; no annual patient-year cost added for the same outcome,26496652.172182254,16030910.323998835,9389390.58940673,5680735.723051198,59818372.20623891,36191098.94843829
S7,2042,stroke,direct_medical,avoided_incident_case_first_year,103172.16644868166,29612.850356671155,4730.172689851648,100820.84684525008,CHINA_FIRST_ISCHAEMIC_STROKE_ONE_YEAR,Event-specific first-year cost; no annual patient-year cost added for the same outcome,3055221926.0183783,1848459510.9466546,488022164.0883825,295261435.2102267,10401905192.215183,6293323709.408298
S7,2043,bladder_cancer,direct_medical,avoided_incident_case_first_year,1595.1361020682239,17917.502226658013,6349.271058827539,40450.2353820222,INTERNATIONAL_PROXY_BLADDER,Event-specific first-year cost; no annual patient-year cost added for the same outcome,28580854.660629984,16788239.908718742,10127951.487752745,5949104.090105266,64523630.79502104,37900832.792819254
S7,2043,breast_cancer,direct_medical,avoided_incident_case_first_year,3483.221012788002,53995.542586727424,26175.98574835096,99226.21468667472,CHINA_BREAST_NEW_DIAGNOSIS_COURSE,Event-specific first-year cost; no annual patient-year cost added for the same outcome,188078408.5349784,110476242.98249847,91176743.58909534,53556727.524247035,345626836.01603884,203019339.72329828
S7,2043,colon_cancer,direct_medical,avoided_incident_case_first_year,11269.520805341153,72296.25822013385,35047.815693114135,132856.9673630357,CHINA_CRC_NEW_DIAGNOSIS_COURSE,Event-specific first-year cost; no annual patient-year cost added for the same outcome,814744186.1601149,478576341.5371679,394972088.1353119,232004474.7296252,1497234357.8322616,879467388.1284976
S7,2043,coronary_heart_disease,direct_medical,avoided_incident_case_first_year,56999.16906038278,21846.326995845397,8586.27962692537,46223.917226713966,CHINA_INCIDENT_MI_IMMEDIATE_PROXY,Event-specific first-year cost; no annual patient-year cost added for the same outcome,1245222485.784596,731436973.4324144,489410804.05483955,287477267.2109617,2634724872.6386094,1547623182.7404153
S7,2043,endometrial_cancer,direct_medical,avoided_incident_case_first_year,522.4596859960825,22329.17043600619,7912.595953582618,50409.93932055516,INTERNATIONAL_PROXY_ENDOMETRIAL,Event-specific first-year cost; no annual patient-year cost added for the same outcome,11666091.374548802,6852599.165368789,4134012.3973226473,2428296.590006183,26337161.06849882,15470306.39155769
S7,2043,gastric_cancer,direct_medical,avoided_incident_case_first_year,15476.934162602653,64762.28390756019,31395.4919125426,119011.97726255516,CHINA_GASTRIC_NEW_DIAGNOSIS_COURSE,Event-specific first-year cost; no annual patient-year cost added for the same outcome,1002321604.2570903,588758305.4379162,485905961.3329458,285418541.49557817,1841940536.65373,1081945938.7802422
S7,2043,oesophageal_cancer,direct_medical,avoided_incident_case_first_year,7668.825550967343,68356.63525540795,29827.5487154762,135047.26753332303,CHINA_OESOPHAGEAL_NEW_DIAGNOSIS_DERIVED,Event-specific first-year cost; no annual patient-year cost added for the same outcome,524215111.02482754,307921129.4469544,228742267.71196702,134361974.58792946,1035653935.8478701,608337537.2736181
S7,2043,renal_cancer,direct_medical,avoided_incident_case_first_year,2041.2393864918624,13135.225379367826,4654.616770652017,29653.851952691733,INTERNATIONAL_PROXY_RENAL,Event-specific first-year cost; no annual patient-year cost added for the same outcome,26812139.394813124,15749306.09916932,9501187.081280457,5580946.057497624,60530610.56703299,35555354.24279633
S7,2043,stroke,direct_medical,avoided_incident_case_first_year,105167.14909310426,29612.850356671155,4730.172689851648,100820.84684525008,CHINA_FIRST_ISCHAEMIC_STROKE_ONE_YEAR,Event-specific first-year cost; no annual patient-year cost added for the same outcome,3114299048.5318213,1829322467.6121104,497458776.5097583,292204602.8332253,10603041031.867447,6228169126.453119
S7,2044,bladder_cancer,direct_medical,avoided_incident_case_first_year,1621.9804693780925,17917.502226658013,6349.271058827539,40450.2353820222,INTERNATIONAL_PROXY_BLADDER,Event-specific first-year cost; no annual patient-year cost added for the same outcome,29061838.67167778,16573560.50792026,10298393.652205829,5873029.998461607,65609491.77138669,37416176.38345377
S7,2044,breast_cancer,direct_medical,avoided_incident_case_first_year,3497.0100251902113,53995.542586727424,26175.98574835096,99226.21468667472,CHINA_BREAST_NEW_DIAGNOSIS_COURSE,Event-specific first-year cost; no annual patient-year cost added for the same outcome,188822953.7413708,107683092.06005818,91537684.5812194,52202662.443386786,346995067.5209777,197886438.37987384
S7,2044,colon_cancer,direct_medical,avoided_incident_case_first_year,11433.251055712844,72296.25822013385,35047.815693114135,132856.9673630357,CHINA_CRC_NEW_DIAGNOSIS_COURSE,Event-specific first-year cost; no annual patient-year cost added for the same outcome,826581270.6194338,471387748.6587091,400710475.7737264,228519585.1309144,1518987062.362235,866257096.5732762
S7,2044,coronary_heart_disease,direct_medical,avoided_incident_case_first_year,58104.43666818342,21846.326995845397,8586.27962692537,46223.917226713966,CHINA_INCIDENT_MI_IMMEDIATE_PROXY,Event-specific first-year cost; no annual patient-year cost added for the same outcome,1269368523.3625247,723903131.7485338,498900940.7979988,284516235.30042195,2685814671.054954,1531682577.509106
S7,2044,endometrial_cancer,direct_medical,avoided_incident_case_first_year,525.1641295640966,22329.17043600619,7912.595953582618,50409.93932055516,INTERNATIONAL_PROXY_ENDOMETRIAL,Event-specific first-year cost; no annual patient-year cost added for the same outcome,11726479.35591355,6687447.320375995,4155411.566555608,2369773.152059313,26473491.904658277,15097462.514145218
S7,2044,gastric_cancer,direct_medical,avoided_incident_case_first_year,15709.815500414343,64762.28390756019,31395.4919125426,119011.97726255516,CHINA_GASTRIC_NEW_DIAGNOSIS_COURSE,Event-specific first-year cost; no annual patient-year cost added for the same outcome,1017403531.5732234,580211017.685314,493217385.49079484,281274983.12611073,1869656205.1342483,1066238808.7302711
S7,2044,oesophageal_cancer,direct_medical,avoided_incident_case_first_year,7794.5972177240355,68356.63525540795,29827.5487154762,135047.26753332303,CHINA_OESOPHAGEAL_NEW_DIAGNOSIS_DERIVED,Event-specific first-year cost; no annual patient-year cost added for the same outcome,532812438.97477955,303855488.85889804,232493728.22917894,132587924.53050984,1052639055.7764732,600305344.7858207
S7,2044,renal_cancer,direct_medical,avoided_incident_case_first_year,2061.791482767055,13135.225379367826,4654.616770652017,29653.851952691733,INTERNATIONAL_PROXY_RENAL,Event-specific first-year cost; no annual patient-year cost added for the same outcome,27082095.811406247,15444540.818026733,9596849.213275025,5472949.007751758,61140059.38729502,34867321.54702559
S7,2044,stroke,direct_medical,avoided_incident_case_first_year,106858.44496646237,29612.850356671155,4730.172689851648,100820.84684525008,CHINA_FIRST_ISCHAEMIC_STROKE_ONE_YEAR,Event-specific first-year cost; no annual patient-year cost added for the same outcome,3164383140.13843,1804603488.3001869,505458898.06037563,288256146.69158524,10773558914.085287,6144010107.737891
S7,2045,bladder_cancer,direct_medical,avoided_incident_case_first_year,1643.7106537122695,17917.502226658013,6349.271058827539,40450.2353820222,INTERNATIONAL_PROXY_BLADDER,Event-specific first-year cost; no annual patient-year cost added for the same outcome,29451189.297871087,16306409.446183277,10436364.482701806,5778361.975923398,66488482.84259888,36813060.88258109
S7,2045,breast_cancer,direct_medical,avoided_incident_case_first_year,3508.4755384991686,53995.542586727424,26175.98574835096,99226.21468667472,CHINA_BREAST_NEW_DIAGNOSIS_COURSE,Event-specific first-year cost; no annual patient-year cost added for the same outcome,189442040.35352328,104889464.56733501,91837805.69419219,50848366.3305499,348132747.0060652,192752661.25554353
S7,2045,colon_cancer,direct_medical,avoided_incident_case_first_year,11571.3185074567,72296.25822013385,35047.815693114135,132856.9673630357,CHINA_CRC_NEW_DIAGNOSIS_COURSE,Event-specific first-year cost; no annual patient-year cost added for the same outcome,836563030.7625035,463184666.9818349,405549438.375663,224542891.15248957,1537330285.292466,851182505.1427988
S7,2045,coronary_heart_disease,direct_medical,avoided_incident_case_first_year,58914.634535208796,21846.326995845397,8586.27962692537,46223.917226713966,CHINA_INCIDENT_MI_IMMEDIATE_PROXY,Event-specific first-year cost; no annual patient-year cost added for the same outcome,1287068370.8968973,712618550.9457165,505857526.2374171,280081047.3503354,2723265190.1975956,1507805908.0320454
S7,2045,endometrial_cancer,direct_medical,avoided_incident_case_first_year,527.2690790756062,22329.17043600619,7912.595953582618,50409.93932055516,INTERNATIONAL_PROXY_ENDOMETRIAL,Event-specific first-year cost; no annual patient-year cost added for the same outcome,11773481.132315235,6518691.045333217,4172067.1815428752,2309972.443256806,26579602.28180631,14716481.339351926
S7,2045,gastric_cancer,direct_medical,avoided_incident_case_first_year,15903.73756874386,64762.28390756019,31395.4919125426,119011.97726255516,CHINA_GASTRIC_NEW_DIAGNOSIS_COURSE,Event-specific first-year cost; no annual patient-year cost added for the same outcome,1029962367.6183208,570265190.6746165,499305664.2186977,276453440.2057961,1892735253.9209886,1047961619.1897666
S7,2045,oesophageal_cancer,direct_medical,avoided_incident_case_first_year,7897.879778739964,68356.63525540795,29827.5487154762,135047.26753332303,CHINA_OESOPHAGEAL_NEW_DIAGNOSIS_DERIVED,Event-specific first-year cost; no annual patient-year cost added for the same outcome,539872487.3263898,298914306.5848912,235574393.84934068,130431830.1815223,1066587083.425518,590543407.8210266
S7,2045,renal_cancer,direct_medical,avoided_incident_case_first_year,2079.6355073113373,13135.225379367826,4654.616770652017,29653.851952691733,INTERNATIONAL_PROXY_RENAL,Event-specific first-year cost; no annual patient-year cost added for the same outcome,27316481.09547036,15124473.2722513,9679906.309174767,5359529.4261853965,61669203.44937136,34144742.72990119
S7,2045,stroke,direct_medical,avoided_incident_case_first_year,108187.77411375851,29612.850356671155,4730.172689851648,100820.84684525008,CHINA_FIRST_ISCHAEMIC_STROKE_ONE_YEAR,Event-specific first-year cost; no annual patient-year cost added for the same outcome,3203748365.252072,1773837792.354177,511746854.4887396,283341825.6115373,10907583004.451757,6039264246.339871
S7,2046,bladder_cancer,direct_medical,avoided_incident_case_first_year,1660.5565096731284,17917.502226658013,6349.271058827539,40450.2353820222,INTERNATIONAL_PROXY_BLADDER,Event-specific first-year cost; no annual patient-year cost added for the same outcome,29753024.959559735,15993717.023115603,10543323.388415266,5667555.853117711,67169901.68142727,36107132.01173416
S7,2046,breast_cancer,direct_medical,avoided_incident_case_first_year,3513.8812410791834,53995.542586727424,26175.98574835096,99226.21468667472,CHINA_BREAST_NEW_DIAGNOSIS_COURSE,Event-specific first-year cost; no annual patient-year cost added for the same outcome,189733924.19739366,101991333.56769393,91979305.28788649,49443408.956121996,348669134.41080207,187426840.7343663
S7,2046,colon_cancer,direct_medical,avoided_incident_case_first_year,11679.24572298817,72296.25822013385,35047.815693114135,132856.9673630357,CHINA_CRC_NEW_DIAGNOSIS_COURSE,Event-specific first-year cost; no annual patient-year cost added for the same outcome,844365764.6055466,453888205.3661136,409332051.5338809,220036147.9084088,1551669167.8439136,834098637.6249135
S7,2046,coronary_heart_disease,direct_medical,avoided_incident_case_first_year,59476.628475226666,21846.326995845397,8586.27962692537,46223.917226713966,CHINA_INCIDENT_MI_IMMEDIATE_PROXY,Event-specific first-year cost; no annual patient-year cost added for the same outcome,1299345874.2802114,698462433.8747556,510682963.35504806,274517257.1706005,2749242751.5628963,1477853450.400874
S7,2046,endometrial_cancer,direct_medical,avoided_incident_case_first_year,527.763944343073,22329.17043600619,7912.595953582618,50409.93932055516,INTERNATIONAL_PROXY_ENDOMETRIAL,Event-specific first-year cost; no annual patient-year cost added for the same outcome,11784531.063215362,6334766.139959274,4175982.8504558015,2244796.5574711794,26604548.409911163,14301255.73363535
S7,2046,gastric_cancer,direct_medical,avoided_incident_case_first_year,16055.394172881457,64762.28390756019,31395.4919125426,119011.97726255516,CHINA_GASTRIC_NEW_DIAGNOSIS_COURSE,Event-specific first-year cost; no annual patient-year cost added for the same outcome,1039783995.6719364,558935133.9752814,504066997.9073833,270960849.73476887,1910784206.2443285,1027140666.4851117
S7,2046,oesophageal_cancer,direct_medical,avoided_incident_case_first_year,7977.562973173175,68356.63525540795,29827.5487154762,135047.26753332303,CHINA_OESOPHAGEAL_NEW_DIAGNOSIS_DERIVED,Event-specific first-year cost; no annual patient-year cost added for the same outcome,545319362.3842465,293136028.3888434,237951148.21310204,127910467.42368305,1077348081.1020496,579127680.8984249
S7,2046,renal_cancer,direct_medical,avoided_incident_case_first_year,2094.0276766309807,13135.225379367826,4654.616770652017,29653.851952691733,INTERNATIONAL_PROXY_RENAL,Event-specific first-year cost; no annual patient-year cost added for the same outcome,27505525.4831819,14785575.306982702,9746896.341856042,5239437.070925407,62095986.70765414,33379652.69155826
S7,2046,stroke,direct_medical,avoided_incident_case_first_year,109178.04435748367,29612.850356671155,4730.172689851648,100820.84684525008,CHINA_FIRST_ISCHAEMIC_STROKE_ONE_YEAR,Event-specific first-year cost; no annual patient-year cost added for the same outcome,3233073089.7921696,1737936098.3788567,516431003.75118107,277607112.12343776,11007422889.029781,5917032203.622801
S7,2047,bladder_cancer,direct_medical,avoided_incident_case_first_year,1673.356320521399,17917.502226658013,6349.271058827539,40450.2353820222,INTERNATIONAL_PROXY_BLADDER,Event-specific first-year cost; no annual patient-year cost added for the same outcome,29982365.598934427,15647571.764803873,10624592.856992658,5544895.336995147,67687657.04308517,35325680.61309844
S7,2047,breast_cancer,direct_medical,avoided_incident_case_first_year,3512.0124386252933,53995.542586727424,26175.98574835096,99226.21468667472,CHINA_BREAST_NEW_DIAGNOSIS_COURSE,Event-specific first-year cost; no annual patient-year cost added for the same outcome,189633017.19490847,98968049.59376103,91930387.54148698,47977779.86113188,348483700.21730536,181871029.82322654
S7,2047,colon_cancer,direct_medical,avoided_incident_case_first_year,11759.325385501463,72296.25822013385,35047.815693114135,132856.9673630357,CHINA_CRC_NEW_DIAGNOSIS_COURSE,Event-specific first-year cost; no annual patient-year cost added for the same outcome,850155224.5647888,443689636.2865133,412138668.7864136,215092080.56336078,1562308308.9528852,815356990.5090636
S7,2047,coronary_heart_disease,direct_medical,avoided_incident_case_first_year,59839.186683836015,21846.326995845397,8586.27962692537,46223.917226713966,CHINA_INCIDENT_MI_IMMEDIATE_PROXY,Event-specific first-year cost; no annual patient-year cost added for the same outcome,1307266439.460519,682252551.4099227,513795989.5152051,268146273.91153282,2766001612.1875205,1443555498.8298073
S7,2047,endometrial_cancer,direct_medical,avoided_incident_case_first_year,526.2087542862915,22329.17043600619,7912.595953582618,50409.93932055516,INTERNATIONAL_PROXY_ENDOMETRIAL,Event-specific first-year cost; no annual patient-year cost added for the same outcome,11749804.959377106,6132135.095131919,4163677.2599054603,2172991.9380400097,26526151.373516876,13843799.479114741
S7,2047,gastric_cancer,direct_medical,avoided_incident_case_first_year,16169.302081851834,64762.28390756019,31395.4919125426,119011.97726255516,CHINA_GASTRIC_NEW_DIAGNOSIS_COURSE,Event-specific first-year cost; no annual patient-year cost added for the same outcome,1047160932.0119925,546505437.6342773,507643192.74223745,264935175.41626644,1924340611.7167363,1004298934.398771
S7,2047,oesophageal_cancer,direct_medical,avoided_incident_case_first_year,8036.29385325511,68356.63525540795,29827.5487154762,135047.26753332303,CHINA_OESOPHAGEAL_NEW_DIAGNOSIS_DERIVED,Event-specific first-year cost; no annual patient-year cost added for the same outcome,549334007.7322364,286693299.11523014,239702946.39984873,125099170.16554129,1085279525.9769423,566399245.9687729
S7,2047,renal_cancer,direct_medical,avoided_incident_case_first_year,2105.537976561245,13135.225379367826,4654.616770652017,29653.851952691733,INTERNATIONAL_PROXY_RENAL,Event-specific first-year cost; no annual patient-year cost added for the same outcome,27656715.866950046,14433832.610001631,9800472.376946686,5114793.038635398,62437311.43771728,32585564.614615105
S7,2047,stroke,direct_medical,avoided_incident_case_first_year,109887.66627630306,29612.850356671155,4730.172689851648,100820.84684525008,CHINA_FIRST_ISCHAEMIC_STROKE_ONE_YEAR,Event-specific first-year cost; no annual patient-year cost added for the same outcome,3254087017.483982,1698283611.6442676,519787637.97170067,271273270.30890256,11078967571.825104,5782030093.256864
S7,2048,bladder_cancer,direct_medical,avoided_incident_case_first_year,1683.0053995909818,17917.502226658013,6349.271058827539,40450.2353820222,INTERNATIONAL_PROXY_BLADDER,Event-specific first-year cost; no annual patient-year cost added for the same outcome,30155252.994648874,15279417.864198409,10685857.475473497,5414435.807718185,68077964.56266955,34494542.89379379
S7,2048,breast_cancer,direct_medical,avoided_incident_case_first_year,3507.4169335670344,53995.542586727424,26175.98574835096,99226.21468667472,CHINA_BREAST_NEW_DIAGNOSIS_COURSE,Event-specific first-year cost; no annual patient-year cost added for the same outcome,189384880.40582773,95959756.17897739,91810095.66657552,46519417.89679464,348027705.6458009,176342766.6756458
S7,2048,colon_cancer,direct_medical,avoided_incident_case_first_year,11819.399198759773,72296.25822013385,35047.815693114135,132856.9673630357,CHINA_CRC_NEW_DIAGNOSIS_COURSE,Event-specific first-year cost; no annual patient-year cost added for the same outcome,854498336.4803797,432967256.14150876,414244124.7214734,209894079.83185166,1570289533.6003177,795652749.320794
S7,2048,coronary_heart_disease,direct_medical,avoided_incident_case_first_year,60060.94074393164,21846.326995845397,8586.27962692537,46223.917226713966,CHINA_INCIDENT_MI_IMMEDIATE_PROXY,Event-specific first-year cost; no annual patient-year cost added for the same outcome,1312110951.1700246,664835791.9820889,515700031.8835921,261300950.82034633,2776251953.5060687,1406703956.4033442
S7,2048,endometrial_cancer,direct_medical,avoided_incident_case_first_year,523.972428308439,22329.17043600619,7912.595953582618,50409.93932055516,INTERNATIONAL_PROXY_ENDOMETRIAL,Event-specific first-year cost; no annual patient-year cost added for the same outcome,11699869.65546717,5928227.412128184,4145982.116022213,2100734.9273255384,26413418.31667235,13383461.108879624
S7,2048,gastric_cancer,direct_medical,avoided_incident_case_first_year,16255.495863251861,64762.28390756019,31395.4919125426,119011.97726255516,CHINA_GASTRIC_NEW_DIAGNOSIS_COURSE,Event-specific first-year cost; no annual patient-year cost added for the same outcome,1052743038.1540872,533416210.6494827,510349288.9090935,258589773.50719973,1934598704.0688899,980245199.8744863
S7,2048,oesophageal_cancer,direct_medical,avoided_incident_case_first_year,8079.872388998826,68356.63525540795,29827.5487154762,135047.26753332303,CHINA_OESOPHAGEAL_NEW_DIAGNOSIS_DERIVED,Event-specific first-year cost; no annual patient-year cost added for the same outcome,552312889.8050344,279852383.8155699,241002787.29769355,122114123.67229804,1091164688.1522343,552884143.6645976
S7,2048,renal_cancer,direct_medical,avoided_incident_case_first_year,2114.3387537078715,13135.225379367826,4654.616770652017,29653.851952691733,INTERNATIONAL_PROXY_RENAL,Event-specific first-year cost; no annual patient-year cost added for the same outcome,27772316.058284573,14072003.381514283,9841436.621848144,4986574.728984259,62698288.380291976,31768705.36295932
S7,2048,stroke,direct_medical,avoided_incident_case_first_year,110382.47800201736,29612.850356671155,4730.172689851648,100820.84684525008,CHINA_FIRST_ISCHAEMIC_STROKE_ONE_YEAR,Event-specific first-year cost; no annual patient-year cost added for the same outcome,3268739803.0722857,1656243485.9804306,522128182.88329285,264558041.8895548,11128854909.040579,5638898951.882156
S7,2049,bladder_cancer,direct_medical,avoided_incident_case_first_year,1692.7155747719016,17917.502226658013,6349.271058827539,40450.2353820222,INTERNATIONAL_PROXY_BLADDER,Event-specific first-year cost; no annual patient-year cost added for the same outcome,30329235.080074247,14919973.933260228,10747510.009725858,5287062.755430712,68470743.43433842,33683068.647598
S7,2049,breast_cancer,direct_medical,avoided_incident_case_first_year,3501.7047864479323,53995.542586727424,26175.98574835096,99226.21468667472,CHINA_BREAST_NEW_DIAGNOSIS_COURSE,Event-specific first-year cost; no annual patient-year cost added for the same outcome,189076449.92279658,93013084.46433137,91660574.5849934,45090928.93062204,347460910.90943897,170927744.13560954
S7,2049,colon_cancer,direct_medical,avoided_incident_case_first_year,11876.931881335742,72296.25822013385,35047.815693114135,132856.9673630357,CHINA_CRC_NEW_DIAGNOSIS_COURSE,Event-specific first-year cost; no annual patient-year cost added for the same outcome,858657734.1559889,422402707.4001724,416260519.57672644,204772592.68600434,1577933151.3316212,776238550.8285401
S7,2049,coronary_heart_disease,direct_medical,avoided_incident_case_first_year,60307.45799133358,21846.326995845397,8586.27962692537,46223.917226713966,CHINA_INCIDENT_MI_IMMEDIATE_PROXY,Event-specific first-year cost; no annual patient-year cost added for the same outcome,1317496447.5668828,648120950.0656066,517816697.9026451,254731502.93823496,2787646946.344933,1371337577.9108853
S7,2049,endometrial_cancer,direct_medical,avoided_incident_case_first_year,521.4852827430825,22329.17043600619,7912.595953582618,50409.93932055516,INTERNATIONAL_PROXY_ENDOMETRIAL,Event-specific first-year cost; no annual patient-year cost added for the same outcome,11644333.758239167,5728240.612874869,4126302.338085802,2029867.326441,26288041.45964134,12931974.456289282
S7,2049,gastric_cancer,direct_medical,avoided_incident_case_first_year,16339.782030640958,64762.28390756019,31395.4919125426,119011.97726255516,CHINA_GASTRIC_NEW_DIAGNOSIS_COURSE,Event-specific first-year cost; no annual patient-year cost added for the same outcome,1058201602.85602,520565068.29341906,512995494.59569705,252359790.3817956,1944629767.505749,956628987.3261336
S7,2049,oesophageal_cancer,direct_medical,avoided_incident_case_first_year,8122.923942682593,68356.63525540795,29827.5487154762,135047.26753332303,CHINA_OESOPHAGEAL_NEW_DIAGNOSIS_DERIVED,Event-specific first-year cost; no annual patient-year cost added for the same outcome,555255749.1573743,273149035.30698025,242286909.61247307,119189104.71181676,1096978682.8402913,539640822.1344177
S7,2049,renal_cancer,direct_medical,avoided_incident_case_first_year,2122.0972177563203,13135.225379367826,4654.616770652017,29653.851952691733,INTERNATIONAL_PROXY_RENAL,Event-specific first-year cost; no annual patient-year cost added for the same outcome,27874225.232158672,13712271.76602483,9877549.298722554,4859099.732398282,62928356.724564955,30956581.645220697
S7,2049,stroke,direct_medical,avoided_incident_case_first_year,110877.05908289236,29612.850356671155,4730.172689851648,100820.84684525008,CHINA_FIRST_ISCHAEMIC_STROKE_ONE_YEAR,Event-specific first-year cost; no annual patient-year cost added for the same outcome,3283385758.6094775,1615208224.076693,524467636.8049651,258003324.162619,11178718992.448034,5499189001.444392
S7,2050,bladder_cancer,direct_medical,avoided_incident_case_first_year,1704.2795037439885,17917.502226658013,6349.271058827539,40450.2353820222,INTERNATIONAL_PROXY_BLADDER,Event-specific first-year cost; no annual patient-year cost added for the same outcome,30536431.803180527,14584369.894577868,10820932.529274665,5168137.640586232,68938507.08320032,32925414.91952081
S7,2050,breast_cancer,direct_medical,avoided_incident_case_first_year,3492.9275258568905,53995.542586727424,26175.98574835096,99226.21468667472,CHINA_BREAST_NEW_DIAGNOSIS_COURSE,Event-specific first-year cost; no annual patient-year cost added for the same outcome,188602516.97475818,90077612.48391111,91430821.13685274,43667869.37712749,346589976.5656714,165533303.0580326
S7,2050,colon_cancer,direct_medical,avoided_incident_case_first_year,11942.814043910059,72296.25822013385,35047.815693114135,132856.9673630357,CHINA_CRC_NEW_DIAGNOSIS_COURSE,Event-specific first-year cost; no annual patient-year cost added for the same outcome,863420767.9935626,412374567.4099044,418569545.4680948,199911146.03888336,1586686055.6545632,757810096.8504343
S7,2050,coronary_heart_disease,direct_medical,avoided_incident_case_first_year,60631.32686676149,21846.326995845397,8586.27962692537,46223.917226713966,CHINA_INCIDENT_MI_IMMEDIATE_PROXY,Event-specific first-year cost; no annual patient-year cost added for the same outcome,1324571792.9232578,632622865.187049,520597526.62952703,248640278.06210703,2802617434.435022,1338545695.1959894
S7,2050,endometrial_cancer,direct_medical,avoided_incident_case_first_year,518.366059026465,22329.17043600619,7912.595953582618,50409.93932055516,INTERNATIONAL_PROXY_ENDOMETRIAL,Event-specific first-year cost; no annual patient-year cost added for the same outcome,11574684.080242781,5528133.579168217,4101621.1811273755,1958957.119108019,26130801.581359416,12480216.364528628
S7,2050,gastric_cancer,direct_medical,avoided_incident_case_first_year,16437.38467709306,64762.28390756019,31395.4919125426,119011.97726255516,CHINA_GASTRIC_NEW_DIAGNOSIS_COURSE,Event-specific first-year cost; no annual patient-year cost added for the same outcome,1064522573.1556804,508421909.54390496,516059777.69302684,246473023.89812335,1956245651.4460719,934313817.9745464
S7,2050,oesophageal_cancer,direct_medical,avoided_incident_case_first_year,8173.646214317442,68356.63525540795,29827.5487154762,135047.26753332303,CHINA_OESOPHAGEAL_NEW_DIAGNOSIS_DERIVED,Event-specific first-year cost; no annual patient-year cost added for the same outcome,558722952.9788433,266849194.0170157,243799830.64062113,116440156.89900994,1103828587.0276606,527194680.67463875
S7,2050,renal_cancer,direct_medical,avoided_incident_case_first_year,2130.4874985122924,13135.225379367826,4654.616770652017,29653.851952691733,INTERNATIONAL_PROXY_RENAL,Event-specific first-year cost; no annual patient-year cost added for the same outcome,27984433.460884538,13365521.273550782,9916602.840239782,4736224.744654507,63177160.86794407,30173763.880669843
S7,2050,stroke,direct_medical,avoided_incident_case_first_year,111480.29080095187,29612.850356671155,4730.172689851648,100820.84684525008,CHINA_FIRST_ISCHAEMIC_STROKE_ONE_YEAR,Event-specific first-year cost; no annual patient-year cost added for the same outcome,3301249169.206772,1576694988.7335796,527321027.00338244,251851459.2855932,11239537325.10671,5368065622.395256
S0,2025,type2_diabetes,direct_medical,avoided_prevalence_patient_year,0.0,5150.5243,3605.36701,7725.78645,T2D_ROUTINE_NOCOMP,Excludes explicit macrovascular complication costs to avoid overlap with IHD and stroke,0.0,0.0,0.0,0.0,0.0,0.0
S0,2026,type2_diabetes,direct_medical,avoided_prevalence_patient_year,0.0,5150.5243,3605.36701,7725.78645,T2D_ROUTINE_NOCOMP,Excludes explicit macrovascular complication costs to avoid overlap with IHD and stroke,0.0,0.0,0.0,0.0,0.0,0.0
S0,2027,type2_diabetes,direct_medical,avoided_prevalence_patient_year,0.0,5150.5243,3605.36701,7725.78645,T2D_ROUTINE_NOCOMP,Excludes explicit macrovascular complication costs to avoid overlap with IHD and stroke,0.0,0.0,0.0,0.0,0.0,0.0
S0,2028,type2_diabetes,direct_medical,avoided_prevalence_patient_year,0.0,5150.5243,3605.36701,7725.78645,T2D_ROUTINE_NOCOMP,Excludes explicit macrovascular complication costs to avoid overlap with IHD and stroke,0.0,0.0,0.0,0.0,0.0,0.0
S0,2029,type2_diabetes,direct_medical,avoided_prevalence_patient_year,0.0,5150.5243,3605.36701,7725.78645,T2D_ROUTINE_NOCOMP,Excludes explicit macrovascular complication costs to avoid overlap with IHD and stroke,0.0,0.0,0.0,0.0,0.0,0.0
S0,2030,type2_diabetes,direct_medical,avoided_prevalence_patient_year,0.0,5150.5243,3605.36701,7725.78645,T2D_ROUTINE_NOCOMP,Excludes explicit macrovascular complication costs to avoid overlap with IHD and stroke,0.0,0.0,0.0,0.0,0.0,0.0
S0,2031,type2_diabetes,direct_medical,avoided_prevalence_patient_year,0.0,5150.5243,3605.36701,7725.78645,T2D_ROUTINE_NOCOMP,Excludes explicit macrovascular complication costs to avoid overlap with IHD and stroke,0.0,0.0,0.0,0.0,0.0,0.0
S0,2032,type2_diabetes,direct_medical,avoided_prevalence_patient_year,0.0,5150.5243,3605.36701,7725.78645,T2D_ROUTINE_NOCOMP,Excludes explicit macrovascular complication costs to avoid overlap with IHD and stroke,0.0,0.0,0.0,0.0,0.0,0.0
S0,2033,type2_diabetes,direct_medical,avoided_prevalence_patient_year,0.0,5150.5243,3605.36701,7725.78645,T2D_ROUTINE_NOCOMP,Excludes explicit macrovascular complication costs to avoid overlap with IHD and stroke,0.0,0.0,0.0,0.0,0.0,0.0
S0,2034,type2_diabetes,direct_medical,avoided_prevalence_patient_year,0.0,5150.5243,3605.36701,7725.78645,T2D_ROUTINE_NOCOMP,Excludes explicit macrovascular complication costs to avoid overlap with IHD and stroke,0.0,0.0,0.0,0.0,0.0,0.0
S0,2035,type2_diabetes,direct_medical,avoided_prevalence_patient_year,0.0,5150.5243,3605.36701,7725.78645,T2D_ROUTINE_NOCOMP,Excludes explicit macrovascular complication costs to avoid overlap with IHD and stroke,0.0,0.0,0.0,0.0,0.0,0.0
S0,2036,type2_diabetes,direct_medical,avoided_prevalence_patient_year,0.0,5150.5243,3605.36701,7725.78645,T2D_ROUTINE_NOCOMP,Excludes explicit macrovascular complication costs to avoid overlap with IHD and stroke,0.0,0.0,0.0,0.0,0.0,0.0
S0,2037,type2_diabetes,direct_medical,avoided_prevalence_patient_year,0.0,5150.5243,3605.36701,7725.78645,T2D_ROUTINE_NOCOMP,Excludes explicit macrovascular complication costs to avoid overlap with IHD and stroke,0.0,0.0,0.0,0.0,0.0,0.0
S0,2038,type2_diabetes,direct_medical,avoided_prevalence_patient_year,0.0,5150.5243,3605.36701,7725.78645,T2D_ROUTINE_NOCOMP,Excludes explicit macrovascular complication costs to avoid overlap with IHD and stroke,0.0,0.0,0.0,0.0,0.0,0.0
S0,2039,type2_diabetes,direct_medical,avoided_prevalence_patient_year,0.0,5150.5243,3605.36701,7725.78645,T2D_ROUTINE_NOCOMP,Excludes explicit macrovascular complication costs to avoid overlap with IHD and stroke,0.0,0.0,0.0,0.0,0.0,0.0
S0,2040,type2_diabetes,direct_medical,avoided_prevalence_patient_year,0.0,5150.5243,3605.36701,7725.78645,T2D_ROUTINE_NOCOMP,Excludes explicit macrovascular complication costs to avoid overlap with IHD and stroke,0.0,0.0,0.0,0.0,0.0,0.0
S0,2041,type2_diabetes,direct_medical,avoided_prevalence_patient_year,0.0,5150.5243,3605.36701,7725.78645,T2D_ROUTINE_NOCOMP,Excludes explicit macrovascular complication costs to avoid overlap with IHD and stroke,0.0,0.0,0.0,0.0,0.0,0.0
S0,2042,type2_diabetes,direct_medical,avoided_prevalence_patient_year,0.0,5150.5243,3605.36701,7725.78645,T2D_ROUTINE_NOCOMP,Excludes explicit macrovascular complication costs to avoid overlap with IHD and stroke,0.0,0.0,0.0,0.0,0.0,0.0
S0,2043,type2_diabetes,direct_medical,avoided_prevalence_patient_year,0.0,5150.5243,3605.36701,7725.78645,T2D_ROUTINE_NOCOMP,Excludes explicit macrovascular complication costs to avoid overlap with IHD and stroke,0.0,0.0,0.0,0.0,0.0,0.0
S0,2044,type2_diabetes,direct_medical,avoided_prevalence_patient_year,0.0,5150.5243,3605.36701,7725.78645,T2D_ROUTINE_NOCOMP,Excludes explicit macrovascular complication costs to avoid overlap with IHD and stroke,0.0,0.0,0.0,0.0,0.0,0.0
S0,2045,type2_diabetes,direct_medical,avoided_prevalence_patient_year,0.0,5150.5243,3605.36701,7725.78645,T2D_ROUTINE_NOCOMP,Excludes explicit macrovascular complication costs to avoid overlap with IHD and stroke,0.0,0.0,0.0,0.0,0.0,0.0
S0,2046,type2_diabetes,direct_medical,avoided_prevalence_patient_year,0.0,5150.5243,3605.36701,7725.78645,T2D_ROUTINE_NOCOMP,Excludes explicit macrovascular complication costs to avoid overlap with IHD and stroke,0.0,0.0,0.0,0.0,0.0,0.0
S0,2047,type2_diabetes,direct_medical,avoided_prevalence_patient_year,0.0,5150.5243,3605.36701,7725.78645,T2D_ROUTINE_NOCOMP,Excludes explicit macrovascular complication costs to avoid overlap with IHD and stroke,0.0,0.0,0.0,0.0,0.0,0.0
S0,2048,type2_diabetes,direct_medical,avoided_prevalence_patient_year,0.0,5150.5243,3605.36701,7725.78645,T2D_ROUTINE_NOCOMP,Excludes explicit macrovascular complication costs to avoid overlap with IHD and stroke,0.0,0.0,0.0,0.0,0.0,0.0
S0,2049,type2_diabetes,direct_medical,avoided_prevalence_patient_year,0.0,5150.5243,3605.36701,7725.78645,T2D_ROUTINE_NOCOMP,Excludes explicit macrovascular complication costs to avoid overlap with IHD and stroke,0.0,0.0,0.0,0.0,0.0,0.0
S0,2050,type2_diabetes,direct_medical,avoided_prevalence_patient_year,0.0,5150.5243,3605.36701,7725.78645,T2D_ROUTINE_NOCOMP,Excludes explicit macrovascular complication costs to avoid overlap with IHD and stroke,0.0,0.0,0.0,0.0,0.0,0.0
S1,2025,type2_diabetes,direct_medical,avoided_prevalence_patient_year,0.0,5150.5243,3605.36701,7725.78645,T2D_ROUTINE_NOCOMP,Excludes explicit macrovascular complication costs to avoid overlap with IHD and stroke,0.0,0.0,0.0,0.0,0.0,0.0
S1,2026,type2_diabetes,direct_medical,avoided_prevalence_patient_year,6985.606778235196,5150.5243,3605.36701,7725.78645,T2D_ROUTINE_NOCOMP,Excludes explicit macrovascular complication costs to avoid overlap with IHD and stroke,35979537.46154509,34931589.768490374,25185676.22308156,24452112.83794326,53969306.19231763,52397384.65273556
S1,2027,type2_diabetes,direct_medical,avoided_prevalence_patient_year,23851.323773179764,5150.5243,3605.36701,7725.78645,T2D_ROUTINE_NOCOMP,Excludes explicit macrovascular complication costs to avoid overlap with IHD and stroke,122846822.68093006,115794912.5091244,85992775.87665103,81056438.75638707,184270234.0213951,173692368.76368657
S1,2028,type2_diabetes,direct_medical,avoided_prevalence_patient_year,51232.61054959732,5150.5243,3605.36701,7725.78645,T2D_ROUTINE_NOCOMP,Excludes explicit macrovascular complication costs to avoid overlap with IHD and stroke,263874805.58813733,241482827.4474204,184712363.91169614,169037979.21319428,395812208.38220596,362224241.17113054
S1,2029,type2_diabetes,direct_medical,avoided_prevalence_patient_year,89697.4701501888,5150.5243,3605.36701,7725.78645,T2D_ROUTINE_NOCOMP,Excludes explicit macrovascular complication costs to avoid overlap with IHD and stroke,461988999.65707207,410471242.47483414,323392299.75995046,287329869.7323839,692983499.4856081,615706863.7122512
S1,2030,type2_diabetes,direct_medical,avoided_prevalence_patient_year,101653.17386743632,5150.5243,3605.36701,7725.78645,T2D_ROUTINE_NOCOMP,Excludes explicit macrovascular complication costs to avoid overlap with IHD and stroke,523567142.1763557,451633616.0562369,366496999.523449,316143531.2393659,785350713.2645335,677450424.0843554
S1,2031,type2_diabetes,direct_medical,avoided_prevalence_patient_year,103569.50132650886,5150.5243,3605.36701,7725.78645,T2D_ROUTINE_NOCOMP,Excludes explicit macrovascular complication costs to avoid overlap with IHD and stroke,533437233.32106614,446745284.83527815,373406063.3247463,312721699.3846947,800155849.9815992,670117927.2529172
S1,2032,type2_diabetes,direct_medical,avoided_prevalence_patient_year,105573.62486267538,5150.5243,3605.36701,7725.78645,T2D_ROUTINE_NOCOMP,Excludes explicit macrovascular complication costs to avoid overlap with IHD and stroke,543759520.2942938,442126250.16342425,380631664.2060056,309488375.1143969,815639280.4414406,663189375.2451364
S1,2033,type2_diabetes,direct_medical,avoided_prevalence_patient_year,107752.4695574916,5150.5243,3605.36701,7725.78645,T2D_ROUTINE_NOCOMP,Excludes explicit macrovascular complication costs to avoid overlap with IHD and stroke,554981712.8408707,438107688.9919482,388487198.9886095,306675382.29436374,832472569.261306,657161533.4879222
S1,2034,type2_diabetes,direct_medical,avoided_prevalence_patient_year,109940.44202589395,5150.5243,3605.36701,7725.78645,T2D_ROUTINE_NOCOMP,Excludes explicit macrovascular complication costs to avoid overlap with IHD and stroke,566250918.207108,433984178.41887,396375642.7449756,303788924.893209,849376377.310662,650976267.628305
S1,2035,type2_diabetes,direct_medical,avoided_prevalence_patient_year,111896.29620713412,5150.5243,3605.36701,7725.78645,T2D_ROUTINE_NOCOMP,Excludes explicit macrovascular complication costs to avoid overlap with IHD and stroke,576324592.6948421,428839622.4295655,403427214.8863895,300187735.7006959,864486889.0422632,643259433.6443483
S1,2036,type2_diabetes,direct_medical,avoided_prevalence_patient_year,113627.76370457184,5150.5243,3605.36701,7725.78645,T2D_ROUTINE_NOCOMP,Excludes explicit macrovascular complication costs to avoid overlap with IHD and stroke,585242558.1150553,422791675.9534035,409669790.6805387,295954173.1673824,877863837.1725829,634187513.9301051
S1,2037,type2_diabetes,direct_medical,avoided_prevalence_patient_year,115145.89409889598,5150.5243,3605.36701,7725.78645,T2D_ROUTINE_NOCOMP,Excludes explicit macrovascular complication costs to avoid overlap with IHD and stroke,593061725.6015904,415961562.0494812,415143207.92111325,291173093.43463683,889592588.4023855,623942343.0742217
S1,2038,type2_diabetes,direct_medical,avoided_prevalence_patient_year,116441.15314106023,5150.5243,3605.36701,7725.78645,T2D_ROUTINE_NOCOMP,Excludes explicit macrovascular complication costs to avoid overlap with IHD and stroke,599732988.7730521,408388982.3431231,419813092.1411364,285872287.64018613,899599483.1595781,612583473.5146846
S1,2039,type2_diabetes,direct_medical,avoided_prevalence_patient_year,117535.40544414106,5150.5243,3605.36701,7725.78645,T2D_ROUTINE_NOCOMP,Excludes explicit macrovascular complication costs to avoid overlap with IHD and stroke,605368961.8504008,400220199.7692322,423758273.2952806,280154139.8384626,908053442.7756011,600330299.6538483
S1,2040,type2_diabetes,direct_medical,avoided_prevalence_patient_year,118454.08483566286,5150.5243,3605.36701,7725.78645,T2D_ROUTINE_NOCOMP,Excludes explicit macrovascular complication costs to avoid overlap with IHD and stroke,610100642.3803431,391600386.42623526,427070449.6662401,274120270.4983646,915150963.5705146,587400579.6393529
S1,2041,type2_diabetes,direct_medical,avoided_prevalence_patient_year,119356.61061265985,5150.5243,3605.36701,7725.78645,T2D_ROUTINE_NOCOMP,Excludes explicit macrovascular complication costs to avoid overlap with IHD and stroke,614749123.3261424,383091329.5714005,430324386.3282997,268163930.69998038,922123684.9892136,574636994.3571007
S1,2042,type2_diabetes,direct_medical,avoided_prevalence_patient_year,120260.94637118265,5150.5243,3605.36701,7725.78645,T2D_ROUTINE_NOCOMP,Excludes explicit macrovascular complication costs to avoid overlap with IHD and stroke,619406926.6257731,374751377.278758,433584848.63804114,262325964.09513056,929110389.9386595,562127065.918137
S1,2043,type2_diabetes,direct_medical,avoided_prevalence_patient_year,121067.31438217306,5150.5243,3605.36701,7725.78645,T2D_ROUTINE_NOCOMP,Excludes explicit macrovascular complication costs to avoid overlap with IHD and stroke,623560144.6611218,366275866.4983719,436492101.26278526,256393106.54886028,935340216.9916828,549413799.7475579
S1,2044,type2_diabetes,direct_medical,avoided_prevalence_patient_year,121717.81886360302,5150.5243,3605.36701,7725.78645,T2D_ROUTINE_NOCOMP,Excludes explicit macrovascular complication costs to avoid overlap with IHD and stroke,626910583.7999858,357518346.001638,438837408.65999,250262842.20114657,940365875.6999786,536277519.0024569
S1,2045,type2_diabetes,direct_medical,avoided_prevalence_patient_year,122264.56556202678,5150.5243,3605.36701,7725.78645,T2D_ROUTINE_NOCOMP,Excludes explicit macrovascular complication costs to avoid overlap with IHD and stroke,629726615.9561621,348664359.0207363,440808631.16931343,244065051.31451535,944589923.9342431,522996538.5311044
S1,2046,type2_diabetes,direct_medical,avoided_prevalence_patient_year,122601.24926154394,5150.5243,3605.36701,7725.78645,T2D_ROUTINE_NOCOMP,Excludes explicit macrovascular complication costs to avoid overlap with IHD and stroke,631460713.5319391,339441249.3241139,442022499.4723574,237608874.52687973,947191070.2979087,509161873.9861708
S1,2047,type2_diabetes,direct_medical,avoided_prevalence_patient_year,122720.1094818456,5150.5243,3605.36701,7725.78645,T2D_ROUTINE_NOCOMP,Excludes explicit macrovascular complication costs to avoid overlap with IHD and stroke,632072905.9849062,329874109.6445857,442451034.18943435,230911876.75121003,948109358.9773593,494811164.46687865
S1,2048,type2_diabetes,direct_medical,avoided_prevalence_patient_year,122701.23069333771,5150.5243,3605.36701,7725.78645,T2D_ROUTINE_NOCOMP,Excludes explicit macrovascular complication costs to avoid overlap with IHD and stroke,631975670.3259417,320216857.3624794,442382969.2281592,224151800.15373558,947963505.4889126,480325286.0437191
S1,2049,type2_diabetes,direct_medical,avoided_prevalence_patient_year,122605.08248646255,5150.5243,3605.36701,7725.78645,T2D_ROUTINE_NOCOMP,Excludes explicit macrovascular complication costs to avoid overlap with IHD and stroke,631480456.6500298,310646540.46522844,442036319.65502083,217452578.3256599,947220684.9750446,465969810.6978426
S1,2050,type2_diabetes,direct_medical,avoided_prevalence_patient_year,122451.31905135265,5150.5243,3605.36701,7725.78645,T2D_ROUTINE_NOCOMP,Excludes explicit macrovascular complication costs to avoid overlap with IHD and stroke,630688494.3410448,301220337.3665334,441481946.03873134,210854236.15657339,946032741.5115671,451830506.04980004
S2,2025,type2_diabetes,direct_medical,avoided_prevalence_patient_year,0.0,5150.5243,3605.36701,7725.78645,T2D_ROUTINE_NOCOMP,Excludes explicit macrovascular complication costs to avoid overlap with IHD and stroke,0.0,0.0,0.0,0.0,0.0,0.0
S2,2026,type2_diabetes,direct_medical,avoided_prevalence_patient_year,20956.82033470773,5150.5243,3605.36701,7725.78645,T2D_ROUTINE_NOCOMP,Excludes explicit macrovascular complication costs to avoid overlap with IHD and stroke,107938612.3846463,104794769.30548184,75557028.6692524,73356338.51383728,161907918.57696941,157192153.95822272
S2,2027,type2_diabetes,direct_medical,avoided_prevalence_patient_year,71553.971319533,5150.5243,3605.36701,7725.78645,T2D_ROUTINE_NOCOMP,Excludes explicit macrovascular complication costs to avoid overlap with IHD and stroke,368540468.04275775,347384737.5273426,257978327.62993044,243169316.26913983,552810702.0641366,521077106.2910139
S2,2028,type2_diabetes,direct_medical,avoided_prevalence_patient_year,153697.83164878908,5150.5243,3605.36701,7725.78645,T2D_ROUTINE_NOCOMP,Excludes explicit macrovascular complication costs to avoid overlap with IHD and stroke,791624416.7643973,724448482.3422476,554137091.7350781,507113937.6395734,1187436625.1465957,1086672723.5133712
S2,2029,type2_diabetes,direct_medical,avoided_prevalence_patient_year,269092.41045058676,5150.5243,3605.36701,7725.78645,T2D_ROUTINE_NOCOMP,Excludes explicit macrovascular complication costs to avoid overlap with IHD and stroke,1385966998.971321,1231413727.4245956,970176899.2799248,861989609.1972169,2078950498.4569814,1847120591.1368933
S2,2030,type2_diabetes,direct_medical,avoided_prevalence_patient_year,304959.52160232584,5150.5243,3605.36701,7725.78645,T2D_ROUTINE_NOCOMP,Excludes explicit macrovascular complication costs to avoid overlap with IHD and stroke,1570701426.5291543,1354900848.168786,1099490998.5704079,948430593.71815,2356052139.793731,2032351272.2531788
S2,2031,type2_diabetes,direct_medical,avoided_prevalence_patient_year,310708.50397953513,5150.5243,3605.36701,7725.78645,T2D_ROUTINE_NOCOMP,Excludes explicit macrovascular complication costs to avoid overlap with IHD and stroke,1600311699.9632425,1340235854.5058713,1120218189.9742696,938165098.1541098,2400467549.9448633,2010353781.7588065
S2,2032,type2_diabetes,direct_medical,avoided_prevalence_patient_year,316720.8745880357,5150.5243,3605.36701,7725.78645,T2D_ROUTINE_NOCOMP,Excludes explicit macrovascular complication costs to avoid overlap with IHD and stroke,1631278560.8829303,1326378750.4903126,1141894992.6180513,928465125.3432189,2446917841.324395,1989568125.7354689
S2,2033,type2_diabetes,direct_medical,avoided_prevalence_patient_year,323257.40867247747,5150.5243,3605.36701,7725.78645,T2D_ROUTINE_NOCOMP,Excludes explicit macrovascular complication costs to avoid overlap with IHD and stroke,1664945138.522626,1314323066.9758554,1165461596.9658382,920026146.8830988,2497417707.783939,1971484600.463783
S2,2034,type2_diabetes,direct_medical,avoided_prevalence_patient_year,329821.3260776734,5150.5243,3605.36701,7725.78645,T2D_ROUTINE_NOCOMP,Excludes explicit macrovascular complication costs to avoid overlap with IHD and stroke,1698752754.6212807,1301952535.2565765,1189126928.2348964,911366774.6796036,2548129131.9319205,1952928802.8848646
S2,2035,type2_diabetes,direct_medical,avoided_prevalence_patient_year,335688.88862137176,5150.5243,3605.36701,7725.78645,T2D_ROUTINE_NOCOMP,Excludes explicit macrovascular complication costs to avoid overlap with IHD and stroke,1728973778.0843687,1286518867.2885792,1210281644.659058,900563207.1020055,2593460667.126553,1929778300.932869
S2,2036,type2_diabetes,direct_medical,avoided_prevalence_patient_year,340883.2911137085,5150.5243,3605.36701,7725.78645,T2D_ROUTINE_NOCOMP,Excludes explicit macrovascular complication costs to avoid overlap with IHD and stroke,1755727674.3451297,1268375027.8601842,1229009372.041591,887862519.5021291,2633591511.5176945,1902562541.7902763
S2,2037,type2_diabetes,direct_medical,avoided_prevalence_patient_year,345437.6822966752,5150.5243,3605.36701,7725.78645,T2D_ROUTINE_NOCOMP,Excludes explicit macrovascular complication costs to avoid overlap with IHD and stroke,1779185176.8047056,1247884686.1483977,1245429623.7632937,873519280.3038783,2668777765.207058,1871827029.2225962
S2,2038,type2_diabetes,direct_medical,avoided_prevalence_patient_year,349323.45942318114,5150.5243,3605.36701,7725.78645,T2D_ROUTINE_NOCOMP,Excludes explicit macrovascular complication costs to avoid overlap with IHD and stroke,1799198966.3191583,1225166947.0293708,1259439276.423411,857616862.9205595,2698798449.4787374,1837750420.544056
S2,2039,type2_diabetes,direct_medical,avoided_prevalence_patient_year,352606.21633245226,5150.5243,3605.36701,7725.78645,T2D_ROUTINE_NOCOMP,Excludes explicit macrovascular complication costs to avoid overlap with IHD and stroke,1816106885.5513523,1200660599.3077958,1271274819.8859465,840462419.515457,2724160328.3270283,1800990898.9616935
S2,2040,type2_diabetes,direct_medical,avoided_prevalence_patient_year,355362.2545070176,5150.5243,3605.36701,7725.78645,T2D_ROUTINE_NOCOMP,Excludes explicit macrovascular complication costs to avoid overlap with IHD and stroke,1830301927.1411788,1174801159.278802,1281211348.998825,822360811.4951612,2745452890.711768,1762201738.9182026
S2,2041,type2_diabetes,direct_medical,avoided_prevalence_patient_year,358069.8318380085,5150.5243,3605.36701,7725.78645,T2D_ROUTINE_NOCOMP,Excludes explicit macrovascular complication costs to avoid overlap with IHD and stroke,1844247369.9785764,1149273988.7142944,1290973158.9850035,804491792.1000061,2766371054.9678645,1723910983.0714417
S2,2042,type2_diabetes,direct_medical,avoided_prevalence_patient_year,360782.83911357675,5150.5243,3605.36701,7725.78645,T2D_ROUTINE_NOCOMP,Excludes explicit macrovascular complication costs to avoid overlap with IHD and stroke,1858220779.8774674,1124254131.8363636,1300754545.9142272,786977892.2854545,2787331169.816201,1686381197.7545455
S2,2043,type2_diabetes,direct_medical,avoided_prevalence_patient_year,363201.9431465478,5150.5243,3605.36701,7725.78645,T2D_ROUTINE_NOCOMP,Excludes explicit macrovascular complication costs to avoid overlap with IHD and stroke,1870680433.983513,1098827599.4952023,1309476303.788459,769179319.6466416,2806020650.9752693,1648241399.2428033
S2,2044,type2_diabetes,direct_medical,avoided_prevalence_patient_year,365153.45659083757,5150.5243,3605.36701,7725.78645,T2D_ROUTINE_NOCOMP,Excludes explicit macrovascular complication costs to avoid overlap with IHD and stroke,1880731751.400104,1072555038.0049976,1316512225.9800727,750788526.6034982,2821097627.100156,1608832557.0074964
S2,2045,type2_diabetes,direct_medical,avoided_prevalence_patient_year,366793.69668610895,5150.5243,3605.36701,7725.78645,T2D_ROUTINE_NOCOMP,Excludes explicit macrovascular complication costs to avoid overlap with IHD and stroke,1889179847.8686335,1045993077.0622903,1322425893.5080435,732195153.9436033,2833769771.8029504,1568989615.5934355
S2,2046,type2_diabetes,direct_medical,avoided_prevalence_patient_year,367803.74778466043,5150.5243,3605.36701,7725.78645,T2D_ROUTINE_NOCOMP,Excludes explicit macrovascular complication costs to avoid overlap with IHD and stroke,1894382140.5959647,1018323747.9724209,1326067498.4171753,712826623.5806947,2841573210.893947,1527485621.9586313
S2,2047,type2_diabetes,direct_medical,avoided_prevalence_patient_year,368160.32844556525,5150.5243,3605.36701,7725.78645,T2D_ROUTINE_NOCOMP,Excludes explicit macrovascular complication costs to avoid overlap with IHD and stroke,1896218717.954865,989622328.9338336,1327353102.5684054,692735630.2536834,2844328076.932297,1484433493.4007504
S2,2048,type2_diabetes,direct_medical,avoided_prevalence_patient_year,368103.6920800413,5150.5243,3605.36701,7725.78645,T2D_ROUTINE_NOCOMP,Excludes explicit macrovascular complication costs to avoid overlap with IHD and stroke,1895927010.9779701,960650572.0875117,1327148907.6845791,672455400.4612582,2843890516.466955,1440975858.1312675
S2,2049,type2_diabetes,direct_medical,avoided_prevalence_patient_year,367815.24745941535,5150.5243,3605.36701,7725.78645,T2D_ROUTINE_NOCOMP,Excludes explicit macrovascular complication costs to avoid overlap with IHD and stroke,1894441369.950232,931939621.3957555,1326108958.9651623,652357734.9770287,2841662054.925348,1397909432.0936332
S2,2050,type2_diabetes,direct_medical,avoided_prevalence_patient_year,367353.9571540851,5150.5243,3605.36701,7725.78645,T2D_ROUTINE_NOCOMP,Excludes explicit macrovascular complication costs to avoid overlap with IHD and stroke,1892065483.0232742,903661012.099667,1324445838.116292,632562708.4697669,2838098224.534911,1355491518.1495004
S3,2025,type2_diabetes,direct_medical,avoided_prevalence_patient_year,0.0,5150.5243,3605.36701,7725.78645,T2D_ROUTINE_NOCOMP,Excludes explicit macrovascular complication costs to avoid overlap with IHD and stroke,0.0,0.0,0.0,0.0,0.0,0.0
S3,2026,type2_diabetes,direct_medical,avoided_prevalence_patient_year,17114.736606677867,5150.5243,3605.36701,7725.78645,T2D_ROUTINE_NOCOMP,Excludes explicit macrovascular complication costs to avoid overlap with IHD and stroke,88149866.78079389,85582394.9328096,61704906.74655572,59907676.45296672,132224800.17119084,128373592.3992144
S3,2027,type2_diabetes,direct_medical,avoided_prevalence_patient_year,58435.74324428493,5150.5243,3605.36701,7725.78645,T2D_ROUTINE_NOCOMP,Excludes explicit macrovascular complication costs to avoid overlap with IHD and stroke,300974715.56825036,283697535.6473281,210682300.89777526,198588274.95312968,451462073.35237557,425546303.47099215
S3,2028,type2_diabetes,direct_medical,avoided_prevalence_patient_year,125519.89584651234,5150.5243,3605.36701,7725.78645,T2D_ROUTINE_NOCOMP,Excludes explicit macrovascular complication costs to avoid overlap with IHD and stroke,646493273.6909308,591632927.2461748,452545291.5836516,414143049.07232237,969739910.5363963,887449390.8692622
S3,2029,type2_diabetes,direct_medical,avoided_prevalence_patient_year,219758.80186798348,5150.5243,3605.36701,7725.78645,T2D_ROUTINE_NOCOMP,Excludes explicit macrovascular complication costs to avoid overlap with IHD and stroke,1131873049.1599343,1005654544.0634394,792311134.411954,703958180.8444076,1697809573.7399013,1508481816.0951588
S3,2030,type2_diabetes,direct_medical,avoided_prevalence_patient_year,273955.3035727551,5150.5243,3605.36701,7725.78645,T2D_ROUTINE_NOCOMP,Excludes explicit macrovascular complication costs to avoid overlap with IHD and stroke,1411013448.1653519,1217152595.2716217,987709413.7157463,852006816.6901351,2116520172.2480276,1825728892.9074323
S3,2031,type2_diabetes,direct_medical,avoided_prevalence_patient_year,329868.8617249342,5150.5243,3605.36701,7725.78645,T2D_ROUTINE_NOCOMP,Excludes explicit macrovascular complication costs to avoid overlap with IHD and stroke,1698997588.1276135,1422883732.2003758,1189298311.6893294,996018612.5402629,2548496382.19142,2134325598.3005636
S3,2032,type2_diabetes,direct_medical,avoided_prevalence_patient_year,387983.0713703488,5150.5243,3605.36701,7725.78645,T2D_ROUTINE_NOCOMP,Excludes explicit macrovascular complication costs to avoid overlap with IHD and stroke,1998316237.081616,1624813969.3506544,1398821365.9571311,1137369778.545458,2997474355.6224236,2437220954.0259814
S3,2033,type2_diabetes,direct_medical,avoided_prevalence_patient_year,448789.0357069597,5150.5243,3605.36701,7725.78645,T2D_ROUTINE_NOCOMP,Excludes explicit macrovascular complication costs to avoid overlap with IHD and stroke,2311498833.9822636,1824718524.6514933,1618049183.7875845,1277302967.2560453,3467248250.9733953,2737077786.97724
S3,2034,type2_diabetes,direct_medical,avoided_prevalence_patient_year,511772.757630531,5150.5243,3605.36701,7725.78645,T2D_ROUTINE_NOCOMP,Excludes explicit macrovascular complication costs to avoid overlap with IHD and stroke,2635898024.2540603,2020196350.5398185,1845128616.977842,1414137445.377873,3953847036.38109,3030294525.8097277
S3,2035,type2_diabetes,direct_medical,avoided_prevalence_patient_year,520877.25884416315,5150.5243,3605.36701,7725.78645,T2D_ROUTINE_NOCOMP,Excludes explicit macrovascular complication costs to avoid overlap with IHD and stroke,2682790978.994252,1996248442.4094505,1877953685.2959766,1397373909.6866155,4024186468.4913783,2994372663.614176
S3,2036,type2_diabetes,direct_medical,avoided_prevalence_patient_year,528937.2400447826,5150.5243,3605.36701,7725.78645,T2D_ROUTINE_NOCOMP,Excludes explicit macrovascular complication costs to avoid overlap with IHD and stroke,2724304108.025586,1968095251.5630958,1907012875.6179101,1377666676.094167,4086456162.0383787,2952142877.344643
S3,2037,type2_diabetes,direct_medical,avoided_prevalence_patient_year,536004.1370303369,5150.5243,3605.36701,7725.78645,T2D_ROUTINE_NOCOMP,Excludes explicit macrovascular complication costs to avoid overlap with IHD and stroke,2760702332.67528,1936301071.3402488,1932491632.872696,1355410749.938174,4141053499.01292,2904451607.010373
S3,2038,type2_diabetes,direct_medical,avoided_prevalence_patient_year,542033.5678716248,5150.5243,3605.36701,7725.78645,T2D_ROUTINE_NOCOMP,Excludes explicit macrovascular complication costs to avoid overlap with IHD and stroke,2791757062.738503,1901050712.807201,1954229943.9169521,1330735498.9650407,4187635594.107754,2851576069.210801
S3,2039,type2_diabetes,direct_medical,avoided_prevalence_patient_year,547127.3123425106,5150.5243,3605.36701,7725.78645,T2D_ROUTINE_NOCOMP,Excludes explicit macrovascular complication costs to avoid overlap with IHD and stroke,2817992517.4137907,1863025029.9258916,1972594762.1896534,1304117520.9481242,4226988776.1206856,2794537544.8888373
S3,2040,type2_diabetes,direct_medical,avoided_prevalence_patient_year,551403.7649100443,5150.5243,3605.36701,7725.78645,T2D_ROUTINE_NOCOMP,Excludes explicit macrovascular complication costs to avoid overlap with IHD and stroke,2840018490.28067,1822899798.8142364,1988012943.196469,1276029859.1699653,4260027735.4210052,2734349698.2213545
S3,2041,type2_diabetes,direct_medical,avoided_prevalence_patient_year,555605.0224019648,5150.5243,3605.36701,7725.78645,T2D_ROUTINE_NOCOMP,Excludes explicit macrovascular complication costs to avoid overlap with IHD and stroke,2861657169.083364,1783290139.154976,2003160018.3583546,1248303097.408483,4292485753.625046,2674935208.732464
S3,2042,type2_diabetes,direct_medical,avoided_prevalence_patient_year,559814.705357888,5150.5243,3605.36701,7725.78645,T2D_ROUTINE_NOCOMP,Excludes explicit macrovascular complication costs to avoid overlap with IHD and stroke,2883339243.4431424,1744467661.2327204,2018337470.4101996,1221127362.8629043,4325008865.164714,2616701491.849081
S3,2043,type2_diabetes,direct_medical,avoided_prevalence_patient_year,563568.348449048,5150.5243,3605.36701,7725.78645,T2D_ROUTINE_NOCOMP,Excludes explicit macrovascular complication costs to avoid overlap with IHD and stroke,2902672473.397689,1705014158.550019,2031870731.3783822,1193509910.9850132,4354008710.096534,2557521237.825029
S3,2044,type2_diabetes,direct_medical,avoided_prevalence_patient_year,566596.4468101042,5150.5243,3605.36701,7725.78645,T2D_ROUTINE_NOCOMP,Excludes explicit macrovascular complication costs to avoid overlap with IHD and stroke,2918268767.589099,1664247900.637719,2042788137.3123693,1164973530.4464033,4377403151.383649,2496371850.9565787
S3,2045,type2_diabetes,direct_medical,avoided_prevalence_patient_year,569141.5526912668,5150.5243,3605.36701,7725.78645,T2D_ROUTINE_NOCOMP,Excludes explicit macrovascular complication costs to avoid overlap with IHD and stroke,2931377397.2760997,1623032591.2416186,2051964178.0932698,1136122813.8691332,4397066095.914149,2434548886.862428
S3,2046,type2_diabetes,direct_medical,avoided_prevalence_patient_year,570708.815312519,5150.5243,3605.36701,7725.78645,T2D_ROUTINE_NOCOMP,Excludes explicit macrovascular complication costs to avoid overlap with IHD and stroke,2939449621.491341,1580099015.6038387,2057614735.0439386,1106069310.922687,4409174432.237011,2370148523.4057574
S3,2047,type2_diabetes,direct_medical,avoided_prevalence_patient_year,571262.1096380228,5150.5243,3605.36701,7725.78645,T2D_ROUTINE_NOCOMP,Excludes explicit macrovascular complication costs to avoid overlap with IHD and stroke,2942299377.359901,1535563980.3956316,2059609564.1519306,1074894786.276942,4413449066.039851,2303345970.593447
S3,2048,type2_diabetes,direct_medical,avoided_prevalence_patient_year,571174.2288775179,5150.5243,3605.36701,7725.78645,T2D_ROUTINE_NOCOMP,Excludes explicit macrovascular complication costs to avoid overlap with IHD and stroke,2941846745.3674173,1490609471.022422,2059292721.7571921,1043426629.7156955,4412770118.051126,2235914206.5336328
S3,2049,type2_diabetes,direct_medical,avoided_prevalence_patient_year,570726.6589745132,5150.5243,3605.36701,7725.78645,T2D_ROUTINE_NOCOMP,Excludes explicit macrovascular complication costs to avoid overlap with IHD and stroke,2939541525.7060432,1446059645.8657143,2057679067.9942303,1012241752.1060001,4409312288.559065,2169089468.7985716
S3,2050,type2_diabetes,direct_medical,avoided_prevalence_patient_year,570010.8901840756,5150.5243,3605.36701,7725.78645,T2D_ROUTINE_NOCOMP,Excludes explicit macrovascular complication costs to avoid overlap with IHD and stroke,2935854941.157713,1402180670.4412844,2055098458.8103988,981526469.3088989,4403782411.736568,2103271005.661926
S4,2025,type2_diabetes,direct_medical,avoided_prevalence_patient_year,0.0,5150.5243,3605.36701,7725.78645,T2D_ROUTINE_NOCOMP,Excludes explicit macrovascular complication costs to avoid overlap with IHD and stroke,0.0,0.0,0.0,0.0,0.0,0.0
S4,2026,type2_diabetes,direct_medical,avoided_prevalence_patient_year,34928.03389117943,5150.5243,3605.36701,7725.78645,T2D_ROUTINE_NOCOMP,Excludes explicit macrovascular complication costs to avoid overlap with IHD and stroke,179897687.30774322,174657948.84246916,125928381.11542025,122260564.1897284,269846530.9616148,261986923.26370367
S4,2027,type2_diabetes,direct_medical,avoided_prevalence_patient_year,119256.6188658925,5150.5243,3605.36701,7725.78645,T2D_ROUTINE_NOCOMP,Excludes explicit macrovascular complication costs to avoid overlap with IHD and stroke,614234113.4046178,578974562.5455914,429963879.3832324,405282193.7819139,921351170.1069266,868461843.8183868
S4,2028,type2_diabetes,direct_medical,avoided_prevalence_patient_year,256163.05274798197,5150.5243,3605.36701,7725.78645,T2D_ROUTINE_NOCOMP,Excludes explicit macrovascular complication costs to avoid overlap with IHD and stroke,1319374027.9406629,1207414137.23708,923561819.558464,845189896.0659561,1979061041.9109943,1811121205.8556201
S4,2029,type2_diabetes,direct_medical,avoided_prevalence_patient_year,448487.3507509875,5150.5243,3605.36701,7725.78645,T2D_ROUTINE_NOCOMP,Excludes explicit macrovascular complication costs to avoid overlap with IHD and stroke,2309944998.2855844,2052356212.3743699,1616961498.7999089,1436649348.6620586,3464917497.428376,3078534318.5615544
S4,2030,type2_diabetes,direct_medical,avoided_prevalence_patient_year,508265.8693372122,5150.5243,3605.36701,7725.78645,T2D_ROUTINE_NOCOMP,Excludes explicit macrovascular complication costs to avoid overlap with IHD and stroke,2617835710.881936,2258168080.2813206,1832484997.6173553,1580717656.1969244,3926753566.322904,3387252120.421981
S4,2031,type2_diabetes,direct_medical,avoided_prevalence_patient_year,517847.5066325607,5150.5243,3605.36701,7725.78645,T2D_ROUTINE_NOCOMP,Excludes explicit macrovascular complication costs to avoid overlap with IHD and stroke,2667186166.605415,2233726424.176461,1867030316.6237905,1563608496.923523,4000779249.908122,3350589636.2646914
S4,2032,type2_diabetes,direct_medical,avoided_prevalence_patient_year,527868.1243133971,5150.5243,3605.36701,7725.78645,T2D_ROUTINE_NOCOMP,Excludes explicit macrovascular complication costs to avoid overlap with IHD and stroke,2718797601.4715724,2210631250.8172054,1903158321.0301008,1547441875.5720441,4078196402.207359,3315946876.2258086
S4,2033,type2_diabetes,direct_medical,avoided_prevalence_patient_year,538762.3477874749,5150.5243,3605.36701,7725.78645,T2D_ROUTINE_NOCOMP,Excludes explicit macrovascular complication costs to avoid overlap with IHD and stroke,2774908564.2044406,2190538444.95981,1942435994.9431083,1533376911.4718666,4162362846.3066607,3285807667.439714
S4,2034,type2_diabetes,direct_medical,avoided_prevalence_patient_year,549702.2101294671,5150.5243,3605.36701,7725.78645,T2D_ROUTINE_NOCOMP,Excludes explicit macrovascular complication costs to avoid overlap with IHD and stroke,2831254591.0355263,2169920892.0943394,1981878213.7248683,1518944624.4660373,4246881886.5532894,3254881338.1415086
S4,2035,type2_diabetes,direct_medical,avoided_prevalence_patient_year,559481.48103562,5150.5243,3605.36701,7725.78645,T2D_ROUTINE_NOCOMP,Excludes explicit macrovascular complication costs to avoid overlap with IHD and stroke,2881622963.47395,2144198112.1476336,2017136074.4317648,1500938678.5033433,4322434445.210924,3216297168.22145
S4,2036,type2_diabetes,direct_medical,avoided_prevalence_patient_year,568138.8185228585,5150.5243,3605.36701,7725.78645,T2D_ROUTINE_NOCOMP,Excludes explicit macrovascular complication costs to avoid overlap with IHD and stroke,2926212790.575273,2113958379.7670147,2048348953.4026911,1479770865.8369102,4389319185.862909,3170937569.6505218
S4,2037,type2_diabetes,direct_medical,avoided_prevalence_patient_year,575729.4704944454,5150.5243,3605.36701,7725.78645,T2D_ROUTINE_NOCOMP,Excludes explicit macrovascular complication costs to avoid overlap with IHD and stroke,2965308628.0077744,2079807810.2472816,2075716039.6054418,1455865467.173097,4447962942.011661,3119711715.3709216
S4,2038,type2_diabetes,direct_medical,avoided_prevalence_patient_year,582205.7657052804,5150.5243,3605.36701,7725.78645,T2D_ROUTINE_NOCOMP,Excludes explicit macrovascular complication costs to avoid overlap with IHD and stroke,2998664943.8651533,2041944911.7155426,2099065460.7056072,1429361438.2008796,4497997415.7977295,3062917367.573313
S4,2039,type2_diabetes,direct_medical,avoided_prevalence_patient_year,587677.0272207455,5150.5243,3605.36701,7725.78645,T2D_ROUTINE_NOCOMP,Excludes explicit macrovascular complication costs to avoid overlap with IHD and stroke,3026844809.252211,2001100998.846298,2118791366.4765477,1400770699.1924086,4540267213.878316,3001651498.2694464
S4,2040,type2_diabetes,direct_medical,avoided_prevalence_patient_year,592270.4241783544,5150.5243,3605.36701,7725.78645,T2D_ROUTINE_NOCOMP,Excludes explicit macrovascular complication costs to avoid overlap with IHD and stroke,3050503211.901922,1958001932.131309,2135352248.3313453,1370601352.4919162,4575754817.852883,2937002898.196964
S4,2041,type2_diabetes,direct_medical,avoided_prevalence_patient_year,596783.0530633391,5150.5243,3605.36701,7725.78645,T2D_ROUTINE_NOCOMP,Excludes explicit macrovascular complication costs to avoid overlap with IHD and stroke,3073745616.6309175,1915456647.8571305,2151621931.641642,1340819653.4999914,4610618424.946376,2873184971.7856956
S4,2042,type2_diabetes,direct_medical,avoided_prevalence_patient_year,601304.7318559526,5150.5243,3605.36701,7725.78645,T2D_ROUTINE_NOCOMP,Excludes explicit macrovascular complication costs to avoid overlap with IHD and stroke,3097034633.1290684,1873756886.3939126,2167924243.1903477,1311629820.4757388,4645551949.693602,2810635329.5908685
S4,2043,type2_diabetes,direct_medical,avoided_prevalence_patient_year,605336.5719109045,5150.5243,3605.36701,7725.78645,T2D_ROUTINE_NOCOMP,Excludes explicit macrovascular complication costs to avoid overlap with IHD and stroke,3117800723.305811,1831379332.491978,2182460506.314068,1281965532.7443845,4676701084.958716,2747068998.737967
S4,2044,type2_diabetes,direct_medical,avoided_prevalence_patient_year,608589.0943180539,5150.5243,3605.36701,7725.78645,T2D_ROUTINE_NOCOMP,Excludes explicit macrovascular complication costs to avoid overlap with IHD and stroke,3134552919.0001287,1787591730.0083039,2194187043.30009,1251314211.0058126,4701829378.500193,2681387595.0124555
S4,2045,type2_diabetes,direct_medical,avoided_prevalence_patient_year,611322.8278101729,5150.5243,3605.36701,7725.78645,T2D_ROUTINE_NOCOMP,Excludes explicit macrovascular complication costs to avoid overlap with IHD and stroke,3148633079.7810116,1743321795.1037927,2204043155.846708,1220325256.5726547,4722949619.671517,2614982692.6556892
S4,2046,type2_diabetes,direct_medical,avoided_prevalence_patient_year,613006.2463077585,5150.5243,3605.36701,7725.78645,T2D_ROUTINE_NOCOMP,Excludes explicit macrovascular complication costs to avoid overlap with IHD and stroke,3157303567.6598954,1697206246.620677,2210112497.3619266,1188044372.6344738,4735955351.489842,2545809369.931015
S4,2047,type2_diabetes,direct_medical,avoided_prevalence_patient_year,613600.5474092665,5150.5243,3605.36701,7725.78645,T2D_ROUTINE_NOCOMP,Excludes explicit macrovascular complication costs to avoid overlap with IHD and stroke,3160364529.924729,1649370548.223032,2212255170.9473104,1154559383.7561226,4740546794.887094,2474055822.334548
S4,2048,type2_diabetes,direct_medical,avoided_prevalence_patient_year,613506.1534667263,5150.5243,3605.36701,7725.78645,T2D_ROUTINE_NOCOMP,Excludes explicit macrovascular complication costs to avoid overlap with IHD and stroke,3159878351.6299033,1601084286.8124957,2211914846.140932,1120759000.7687469,4739817527.444855,2401626430.2187433
S4,2049,type2_diabetes,direct_medical,avoided_prevalence_patient_year,613025.4124323496,5150.5243,3605.36701,7725.78645,T2D_ROUTINE_NOCOMP,Excludes explicit macrovascular complication costs to avoid overlap with IHD and stroke,3157402283.250339,1553232702.3262358,2210181598.275237,1087262891.6283648,4736103424.875508,2329849053.4893537
S4,2050,type2_diabetes,direct_medical,avoided_prevalence_patient_year,612256.595256799,5150.5243,3605.36701,7725.78645,T2D_ROUTINE_NOCOMP,Excludes explicit macrovascular complication costs to avoid overlap with IHD and stroke,3153442471.705408,1506101686.8327549,2207409730.1937857,1054271180.7829285,4730163707.558112,2259152530.2491326
S5,2025,type2_diabetes,direct_medical,avoided_prevalence_patient_year,0.0,5150.5243,3605.36701,7725.78645,T2D_ROUTINE_NOCOMP,Excludes explicit macrovascular complication costs to avoid overlap with IHD and stroke,0.0,0.0,0.0,0.0,0.0,0.0
S5,2026,type2_diabetes,direct_medical,avoided_prevalence_patient_year,16765.456267767633,5150.5243,3605.36701,7725.78645,T2D_ROUTINE_NOCOMP,Excludes explicit macrovascular complication costs to avoid overlap with IHD and stroke,86350889.9077245,83835815.44439271,60445622.93540715,58685070.8110749,129526334.86158675,125753723.16658908
S5,2027,type2_diabetes,direct_medical,avoided_prevalence_patient_year,57243.17705562652,5150.5243,3605.36701,7725.78645,T2D_ROUTINE_NOCOMP,Excludes explicit macrovascular complication costs to avoid overlap with IHD and stroke,294832374.43420684,277907790.02187467,206382662.10394478,194535453.01531228,442248561.6513102,416861685.032812
S5,2028,type2_diabetes,direct_medical,avoided_prevalence_patient_year,122958.2653190269,5150.5243,3605.36701,7725.78645,T2D_ROUTINE_NOCOMP,Excludes explicit macrovascular complication costs to avoid overlap with IHD and stroke,633299533.4114953,579558785.8737775,443309673.38804674,405691150.1116443,949949300.1172429,869338178.8106663
S5,2029,type2_diabetes,direct_medical,avoided_prevalence_patient_year,215273.92836048003,5150.5243,3605.36701,7725.78645,T2D_ROUTINE_NOCOMP,Excludes explicit macrovascular complication costs to avoid overlap with IHD and stroke,1108773599.1771116,985130981.9397252,776141519.4239781,689591687.3578075,1663160398.7656672,1477696472.9095874
S5,2030,type2_diabetes,direct_medical,avoided_prevalence_patient_year,243967.61728186085,5150.5243,3605.36701,7725.78645,T2D_ROUTINE_NOCOMP,Excludes explicit macrovascular complication costs to avoid overlap with IHD and stroke,1256561141.2233243,1083920678.5350294,879592798.8563269,758744474.9745206,1884841711.8349862,1625881017.802544
S5,2031,type2_diabetes,direct_medical,avoided_prevalence_patient_year,248566.80318362225,5150.5243,3605.36701,7725.78645,T2D_ROUTINE_NOCOMP,Excludes explicit macrovascular complication costs to avoid overlap with IHD and stroke,1280249359.970564,1072188683.6046718,896174551.9793947,750532078.5232702,1920374039.9558456,1608283025.4070075
S5,2032,type2_diabetes,direct_medical,avoided_prevalence_patient_year,253376.69967042477,5150.5243,3605.36701,7725.78645,T2D_ROUTINE_NOCOMP,Excludes explicit macrovascular complication costs to avoid overlap with IHD and stroke,1305022848.7063248,1061103000.3922343,913515994.0944273,742772100.274564,1957534273.059487,1591654500.5883515
S5,2033,type2_diabetes,direct_medical,avoided_prevalence_patient_year,258605.9269379896,5150.5243,3605.36701,7725.78645,T2D_ROUTINE_NOCOMP,Excludes explicit macrovascular complication costs to avoid overlap with IHD and stroke,1331956110.81814,1051458453.5807153,932369277.572698,736020917.5065007,1997934166.22721,1577187680.371073
S5,2034,type2_diabetes,direct_medical,avoided_prevalence_patient_year,263857.06086214393,5150.5243,3605.36701,7725.78645,T2D_ROUTINE_NOCOMP,Excludes explicit macrovascular complication costs to avoid overlap with IHD and stroke,1359002203.6970513,1041562028.2052817,951301542.5879359,729093419.7436973,2038503305.5455768,1562343042.3079226
S5,2035,type2_diabetes,direct_medical,avoided_prevalence_patient_year,268551.1108971039,5150.5243,3605.36701,7725.78645,T2D_ROUTINE_NOCOMP,Excludes explicit macrovascular complication costs to avoid overlap with IHD and stroke,1383179022.4675286,1029215093.8308884,968225315.7272699,720450565.6816218,2074768533.7012925,1543822640.7463324
S5,2036,type2_diabetes,direct_medical,avoided_prevalence_patient_year,272706.6328909691,5150.5243,3605.36701,7725.78645,T2D_ROUTINE_NOCOMP,Excludes explicit macrovascular complication costs to avoid overlap with IHD and stroke,1404582139.4761157,1014700022.288156,983207497.6332809,710290015.6017091,2106873209.2141733,1522050033.4322338
S5,2037,type2_diabetes,direct_medical,avoided_prevalence_patient_year,276350.1458373342,5150.5243,3605.36701,7725.78645,T2D_ROUTINE_NOCOMP,Excludes explicit macrovascular complication costs to avoid overlap with IHD and stroke,1423348141.4437337,998307748.9186965,996343699.0106136,698815424.2430875,2135022212.1656005,1497461623.3780448
S5,2038,type2_diabetes,direct_medical,avoided_prevalence_patient_year,279458.7675385433,5150.5243,3605.36701,7725.78645,T2D_ROUTINE_NOCOMP,Excludes explicit macrovascular complication costs to avoid overlap with IHD and stroke,1439359173.0553186,980133557.623491,1007551421.138723,686093490.3364438,2159038759.582978,1470200336.4352365
S5,2039,type2_diabetes,direct_medical,avoided_prevalence_patient_year,282084.9730659622,5150.5243,3605.36701,7725.78645,T2D_ROUTINE_NOCOMP,Excludes explicit macrovascular complication costs to avoid overlap with IHD and stroke,1452885508.441084,960528479.446238,1017019855.9087586,672369935.6123666,2179328262.6616254,1440792719.1693566
S5,2040,type2_diabetes,direct_medical,avoided_prevalence_patient_year,284289.80360561464,5150.5243,3605.36701,7725.78645,T2D_ROUTINE_NOCOMP,Excludes explicit macrovascular complication costs to avoid overlap with IHD and stroke,1464241541.7129457,939840927.4230431,1024969079.199062,657888649.1961302,2196362312.5694184,1409761391.1345646
S5,2041,type2_diabetes,direct_medical,avoided_prevalence_patient_year,286455.8654704074,5150.5243,3605.36701,7725.78645,T2D_ROUTINE_NOCOMP,Excludes explicit macrovascular complication costs to avoid overlap with IHD and stroke,1475397895.9828644,919419190.9714376,1032778527.188005,643593433.6800063,2213096843.9742966,1379128786.4571564
S5,2042,type2_diabetes,direct_medical,avoided_prevalence_patient_year,288626.2712908621,5150.5243,3605.36701,7725.78645,T2D_ROUTINE_NOCOMP,Excludes explicit macrovascular complication costs to avoid overlap with IHD and stroke,1486576623.9019778,899403305.4690932,1040603636.7313844,629582313.8283652,2229864935.8529663,1349104958.2036395
S5,2043,type2_diabetes,direct_medical,avoided_prevalence_patient_year,290561.554517239,5150.5243,3605.36701,7725.78645,T2D_ROUTINE_NOCOMP,Excludes explicit macrovascular complication costs to avoid overlap with IHD and stroke,1496544347.186814,879062079.596164,1047581043.03077,615343455.7173148,2244816520.780221,1318593119.3942459
S5,2044,type2_diabetes,direct_medical,avoided_prevalence_patient_year,292122.7652726709,5150.5243,3605.36701,7725.78645,T2D_ROUTINE_NOCOMP,Excludes explicit macrovascular complication costs to avoid overlap with IHD and stroke,1504585401.1200876,858044030.4040005,1053209780.7840613,600630821.2828004,2256878101.6801314,1287066045.606001
S5,2045,type2_diabetes,direct_medical,avoided_prevalence_patient_year,293434.957348888,5150.5243,3605.36701,7725.78645,T2D_ROUTINE_NOCOMP,Excludes explicit macrovascular complication costs to avoid overlap with IHD and stroke,1511343878.2949111,836794461.6498346,1057940714.8064377,585756123.1548842,2267015817.4423666,1255191692.474752
S5,2046,type2_diabetes,direct_medical,avoided_prevalence_patient_year,294242.9982277292,5150.5243,3605.36701,7725.78645,T2D_ROUTINE_NOCOMP,Excludes explicit macrovascular complication costs to avoid overlap with IHD and stroke,1515505712.4767761,814658998.3779391,1060853998.7337432,570261298.8645573,2273258568.7151637,1221988497.5669084
S5,2047,type2_diabetes,direct_medical,avoided_prevalence_patient_year,294528.26275645295,5150.5243,3605.36701,7725.78645,T2D_ROUTINE_NOCOMP,Excludes explicit macrovascular complication costs to avoid overlap with IHD and stroke,1516974974.363896,791697863.147069,1061882482.0547271,554188504.2029482,2275462461.5458436,1187546794.7206032
S5,2048,type2_diabetes,direct_medical,avoided_prevalence_patient_year,294482.95366403373,5150.5243,3605.36701,7725.78645,T2D_ROUTINE_NOCOMP,Excludes explicit macrovascular complication costs to avoid overlap with IHD and stroke,1516741608.7823799,768520457.6700113,1061719126.1476659,537964320.3690078,2275112413.1735697,1152780686.5050168
S5,2049,type2_diabetes,direct_medical,avoided_prevalence_patient_year,294252.1979675329,5150.5243,3605.36701,7725.78645,T2D_ROUTINE_NOCOMP,Excludes explicit macrovascular complication costs to avoid overlap with IHD and stroke,1515553095.9601889,745551697.116606,1060887167.1721321,521886187.9816242,2273329643.9402833,1118327545.6749089
S5,2050,type2_diabetes,direct_medical,avoided_prevalence_patient_year,293883.16572326864,5150.5243,3605.36701,7725.78645,T2D_ROUTINE_NOCOMP,Excludes explicit macrovascular complication costs to avoid overlap with IHD and stroke,1513652386.4186223,722928809.679735,1059556670.4930356,506050166.7758145,2270478579.627933,1084393214.5196023
S6,2025,type2_diabetes,direct_medical,avoided_prevalence_patient_year,0.0,5150.5243,3605.36701,7725.78645,T2D_ROUTINE_NOCOMP,Excludes explicit macrovascular complication costs to avoid overlap with IHD and stroke,0.0,0.0,0.0,0.0,0.0,0.0
S6,2026,type2_diabetes,direct_medical,avoided_prevalence_patient_year,39119.39795812068,5150.5243,3605.36701,7725.78645,T2D_ROUTINE_NOCOMP,Excludes explicit macrovascular complication costs to avoid overlap with IHD and stroke,201485409.78467095,195616902.70356402,141039786.84926966,136931831.8924948,302228114.6770064,293425354.055346
S6,2027,type2_diabetes,direct_medical,avoided_prevalence_patient_year,133567.41312979444,5150.5243,3605.36701,7725.78645,T2D_ROUTINE_NOCOMP,Excludes explicit macrovascular complication costs to avoid overlap with IHD and stroke,687942207.0131453,648451510.0510372,481559544.90920174,453916057.0357261,1031913310.5197179,972677265.0765557
S6,2028,type2_diabetes,direct_medical,avoided_prevalence_patient_year,286902.61907773645,5150.5243,3605.36701,7725.78645,T2D_ROUTINE_NOCOMP,Excludes explicit macrovascular complication costs to avoid overlap with IHD and stroke,1477698911.2935252,1352303833.705514,1034389237.9054676,946612683.5938598,2216548366.9402876,2028455750.5582707
S6,2029,type2_diabetes,direct_medical,avoided_prevalence_patient_year,502305.8328411131,5150.5243,3605.36701,7725.78645,T2D_ROUTINE_NOCOMP,Excludes explicit macrovascular complication costs to avoid overlap with IHD and stroke,2587138398.079891,2298638957.859327,1810996878.6559236,1609047270.5015285,3880707597.1198363,3447958436.7889895
S6,2030,type2_diabetes,direct_medical,avoided_prevalence_patient_year,626183.5510234424,5150.5243,3605.36701,7725.78645,T2D_ROUTINE_NOCOMP,Excludes explicit macrovascular complication costs to avoid overlap with IHD and stroke,3225173595.80653,2782063074.906574,2257621517.064571,1947444152.4346015,4837760393.709795,4173094612.3598604
S6,2031,type2_diabetes,direct_medical,avoided_prevalence_patient_year,753985.9696570054,5150.5243,3605.36701,7725.78645,T2D_ROUTINE_NOCOMP,Excludes explicit macrovascular complication costs to avoid overlap with IHD and stroke,3883423058.577469,3252305673.6009145,2718396141.004228,2276613971.5206404,5825134587.866203,4878458510.401372
S6,2032,type2_diabetes,direct_medical,avoided_prevalence_patient_year,886818.448846512,5150.5243,3605.36701,7725.78645,T2D_ROUTINE_NOCOMP,Excludes explicit macrovascular complication costs to avoid overlap with IHD and stroke,4567579970.472267,3713860501.372926,3197305979.330587,2599702350.961048,6851369955.708401,5570790752.059389
S6,2033,type2_diabetes,direct_medical,avoided_prevalence_patient_year,1025803.5101873463,5150.5243,3605.36701,7725.78645,T2D_ROUTINE_NOCOMP,Excludes explicit macrovascular complication costs to avoid overlap with IHD and stroke,5283425906.245225,4170785199.203454,3698398134.371657,2919549639.442417,7925138859.367836,6256177798.80518
S6,2034,type2_diabetes,direct_medical,avoided_prevalence_patient_year,1169766.3031555058,5150.5243,3605.36701,7725.78645,T2D_ROUTINE_NOCOMP,Excludes explicit macrovascular complication costs to avoid overlap with IHD and stroke,6024909769.723599,4617591658.376754,4217436838.8065195,3232314160.863727,9037364654.585398,6926387487.565129
S6,2035,type2_diabetes,direct_medical,avoided_prevalence_patient_year,1190576.5916438054,5150.5243,3605.36701,7725.78645,T2D_ROUTINE_NOCOMP,Excludes explicit macrovascular complication costs to avoid overlap with IHD and stroke,6132093666.272596,4562853582.6501875,4292465566.3908176,3193997507.855131,9198140499.408894,6844280373.975281
S6,2036,type2_diabetes,direct_medical,avoided_prevalence_patient_year,1208999.4058166484,5150.5243,3605.36701,7725.78645,T2D_ROUTINE_NOCOMP,Excludes explicit macrovascular complication costs to avoid overlap with IHD and stroke,6226980818.344209,4498503432.144227,4358886572.840946,3148952402.5009594,9340471227.516314,6747755148.216341
S6,2037,type2_diabetes,direct_medical,avoided_prevalence_patient_year,1225152.3132122005,5150.5243,3605.36701,7725.78645,T2D_ROUTINE_NOCOMP,Excludes explicit macrovascular complication costs to avoid overlap with IHD and stroke,6310176760.40065,4425831020.206289,4417123732.280455,3098081714.1444025,9465265140.600975,6638746530.309435
S6,2038,type2_diabetes,direct_medical,avoided_prevalence_patient_year,1238933.8694208486,5150.5243,3605.36701,7725.78645,T2D_ROUTINE_NOCOMP,Excludes explicit macrovascular complication costs to avoid overlap with IHD and stroke,6381159000.545108,4345258772.130716,4466811300.381575,3041681140.491501,9571738500.817661,6517888158.1960745
S6,2039,type2_diabetes,direct_medical,avoided_prevalence_patient_year,1250576.713925759,5150.5243,3605.36701,7725.78645,T2D_ROUTINE_NOCOMP,Excludes explicit macrovascular complication costs to avoid overlap with IHD and stroke,6441125754.088771,4258342925.5449657,4508788027.86214,2980840047.881476,9661688631.133156,6387514388.317449
S6,2040,type2_diabetes,direct_medical,avoided_prevalence_patient_year,1260351.462651551,5150.5243,3605.36701,7725.78645,T2D_ROUTINE_NOCOMP,Excludes explicit macrovascular complication costs to avoid overlap with IHD and stroke,6491470834.927356,4166628111.5754676,4544029584.449149,2916639678.1028275,9737206252.391033,6249942167.363201
S6,2041,type2_diabetes,direct_medical,avoided_prevalence_patient_year,1269954.3369187985,5150.5243,3605.36701,7725.78645,T2D_ROUTINE_NOCOMP,Excludes explicit macrovascular complication costs to avoid overlap with IHD and stroke,6540930672.190659,4076091746.640015,4578651470.533462,2853264222.6480107,9811396008.285988,6114137619.960023
S6,2042,type2_diabetes,direct_medical,avoided_prevalence_patient_year,1279576.4693894803,5150.5243,3605.36701,7725.78645,T2D_ROUTINE_NOCOMP,Excludes explicit macrovascular complication costs to avoid overlap with IHD and stroke,6590489699.298724,3987354654.2462864,4613342789.509107,2791148257.9724,9885734548.948086,5981031981.36943
S6,2043,type2_diabetes,direct_medical,avoided_prevalence_patient_year,1288156.2250264175,5150.5243,3605.36701,7725.78645,T2D_ROUTINE_NOCOMP,Excludes explicit macrovascular complication costs to avoid overlap with IHD and stroke,6634679939.194832,3897175219.542968,4644275957.436382,2728022653.6800776,9952019908.792248,5845762829.314452
S6,2044,type2_diabetes,direct_medical,avoided_prevalence_patient_year,1295077.5927088317,5150.5243,3605.36701,7725.78645,T2D_ROUTINE_NOCOMP,Excludes explicit macrovascular complication costs to avoid overlap with IHD and stroke,6670328611.63234,3803995201.4577084,4669230028.142638,2662796641.0203958,10005492917.44851,5705992802.186562
S6,2045,type2_diabetes,direct_medical,avoided_prevalence_patient_year,1300894.9775800603,5150.5243,3605.36701,7725.78645,T2D_ROUTINE_NOCOMP,Excludes explicit macrovascular complication costs to avoid overlap with IHD and stroke,6700291193.7740555,3709788779.9809055,4690203835.641839,2596852145.9866343,10050436790.661083,5564683169.971358
S6,2046,type2_diabetes,direct_medical,avoided_prevalence_patient_year,1304477.2921429225,5150.5243,3605.36701,7725.78645,T2D_ROUTINE_NOCOMP,Excludes explicit macrovascular complication costs to avoid overlap with IHD and stroke,6718741991.980322,3611654892.808835,4703119394.386225,2528158424.966184,10078112987.970482,5417482339.213252
S6,2047,type2_diabetes,direct_medical,avoided_prevalence_patient_year,1305741.9648869315,5150.5243,3605.36701,7725.78645,T2D_ROUTINE_NOCOMP,Excludes explicit macrovascular complication costs to avoid overlap with IHD and stroke,6725255719.679888,3509860526.618646,4707679003.775921,2456902368.633052,10087883579.51983,5264790789.927968
S6,2048,type2_diabetes,direct_medical,avoided_prevalence_patient_year,1305541.0945772063,5150.5243,3605.36701,7725.78645,T2D_ROUTINE_NOCOMP,Excludes explicit macrovascular complication costs to avoid overlap with IHD and stroke,6724221132.268499,3407107362.3370237,4706954792.58795,2384975153.6359167,10086331698.402748,5110661043.505535
S6,2049,type2_diabetes,direct_medical,avoided_prevalence_patient_year,1304518.0776560525,5150.5243,3605.36701,7725.78645,T2D_ROUTINE_NOCOMP,Excludes explicit macrovascular complication costs to avoid overlap with IHD and stroke,6718952058.756785,3305279190.550261,4703266441.12975,2313695433.385183,10078428088.135178,4957918785.825392
S6,2050,type2_diabetes,direct_medical,avoided_prevalence_patient_year,1302882.034706481,5150.5243,3605.36701,7725.78645,T2D_ROUTINE_NOCOMP,Excludes explicit macrovascular complication costs to avoid overlap with IHD and stroke,6710525579.789174,3204984389.580134,4697367905.852422,2243489072.706094,10065788369.68376,4807476584.3702
S7,2025,type2_diabetes,direct_medical,avoided_prevalence_patient_year,0.0,5150.5243,3605.36701,7725.78645,T2D_ROUTINE_NOCOMP,Excludes explicit macrovascular complication costs to avoid overlap with IHD and stroke,0.0,0.0,0.0,0.0,0.0,0.0
S7,2026,type2_diabetes,direct_medical,avoided_prevalence_patient_year,104784.10167353824,5150.5243,3605.36701,7725.78645,T2D_ROUTINE_NOCOMP,Excludes explicit macrovascular complication costs to avoid overlap with IHD and stroke,539693061.9232293,523973846.5274071,377785143.34626055,366781692.56918496,809539592.8848441,785960769.7911108
S7,2027,type2_diabetes,direct_medical,avoided_prevalence_patient_year,357769.8565976636,5150.5243,3605.36701,7725.78645,T2D_ROUTINE_NOCOMP,Excludes explicit macrovascular complication costs to avoid overlap with IHD and stroke,1842702340.2137818,1736923687.6367066,1289891638.1496472,1215846581.3456945,2764053510.3206725,2605385531.4550595
S7,2028,type2_diabetes,direct_medical,avoided_prevalence_patient_year,768489.1582439437,5150.5243,3605.36701,7725.78645,T2D_ROUTINE_NOCOMP,Excludes explicit macrovascular complication costs to avoid overlap with IHD and stroke,3958122083.8219776,3622242411.7112303,2770685458.675384,2535569688.197861,5937183125.732965,5433363617.566845
S7,2029,type2_diabetes,direct_medical,avoided_prevalence_patient_year,1345462.0522529772,5150.5243,3605.36701,7725.78645,T2D_ROUTINE_NOCOMP,Excludes explicit macrovascular complication costs to avoid overlap with IHD and stroke,6929834994.856829,6157068637.123177,4850884496.39978,4309948045.986223,10394752492.285242,9235602955.684763
S7,2030,type2_diabetes,direct_medical,avoided_prevalence_patient_year,1524797.608011635,5150.5243,3605.36701,7725.78645,T2D_ROUTINE_NOCOMP,Excludes explicit macrovascular complication costs to avoid overlap with IHD and stroke,7853507132.645801,6774504240.843955,5497454992.85206,4742152968.590769,11780260698.9687,10161756361.265932
S7,2031,type2_diabetes,direct_medical,avoided_prevalence_patient_year,1553542.5198976917,5150.5243,3605.36701,7725.78645,T2D_ROUTINE_NOCOMP,Excludes explicit macrovascular complication costs to avoid overlap with IHD and stroke,8001558499.816295,6701179272.529426,5601090949.871406,4690825490.770597,12002337749.724442,10051768908.794138
S7,2032,type2_diabetes,direct_medical,avoided_prevalence_patient_year,1583604.372940185,5150.5243,3605.36701,7725.78645,T2D_ROUTINE_NOCOMP,Excludes explicit macrovascular complication costs to avoid overlap with IHD and stroke,8156392804.414685,6631893752.451591,5709474963.09028,4642325626.716113,12234589206.622028,9947840628.677387
S7,2033,type2_diabetes,direct_medical,avoided_prevalence_patient_year,1616287.043362416,5150.5243,3605.36701,7725.78645,T2D_ROUTINE_NOCOMP,Excludes explicit macrovascular complication costs to avoid overlap with IHD and stroke,8324725692.613277,6571615334.879394,5827307984.829294,4600130734.415576,12487088538.919916,9857423002.31909
S7,2034,type2_diabetes,direct_medical,avoided_prevalence_patient_year,1649106.6303883982,5150.5243,3605.36701,7725.78645,T2D_ROUTINE_NOCOMP,Excludes explicit macrovascular complication costs to avoid overlap with IHD and stroke,8493763773.106564,6509762676.283006,5945634641.174594,4556833873.398104,12740645659.659843,9764644014.424507
S7,2035,type2_diabetes,direct_medical,avoided_prevalence_patient_year,1678444.4431068664,5150.5243,3605.36701,7725.78645,T2D_ROUTINE_NOCOMP,Excludes explicit macrovascular complication costs to avoid overlap with IHD and stroke,8644868890.421883,6432594336.442925,6051408223.295318,4502816035.510048,12967303335.632824,9648891504.664389
S7,2036,type2_diabetes,direct_medical,avoided_prevalence_patient_year,1704416.45556859,5150.5243,3605.36701,7725.78645,T2D_ROUTINE_NOCOMP,Excludes explicit macrovascular complication costs to avoid overlap with IHD and stroke,8778638371.725893,6341875139.301098,6145046860.208125,4439312597.510768,13167957557.588839,9512812708.951645
S7,2037,type2_diabetes,direct_medical,avoided_prevalence_patient_year,1727188.4114833507,5150.5243,3605.36701,7725.78645,T2D_ROUTINE_NOCOMP,Excludes explicit macrovascular complication costs to avoid overlap with IHD and stroke,8895925884.023397,6239423430.741897,6227148118.816378,4367596401.519327,13343888826.035095,9359135146.112844
S7,2038,type2_diabetes,direct_medical,avoided_prevalence_patient_year,1746617.2971158624,5150.5243,3605.36701,7725.78645,T2D_ROUTINE_NOCOMP,Excludes explicit macrovascular complication costs to avoid overlap with IHD and stroke,8995994831.59557,6125834735.146702,6297196382.116899,4288084314.6026917,13493992247.393353,9188752102.720053
S7,2039,type2_diabetes,direct_medical,avoided_prevalence_patient_year,1763031.081662247,5150.5243,3605.36701,7725.78645,T2D_ROUTINE_NOCOMP,Excludes explicit macrovascular complication costs to avoid overlap with IHD and stroke,9080534427.756687,6003302996.53893,6356374099.429681,4202312097.5772505,13620801641.63503,9004954494.808395
S7,2040,type2_diabetes,direct_medical,avoided_prevalence_patient_year,1776811.272535074,5150.5243,3605.36701,7725.78645,T2D_ROUTINE_NOCOMP,Excludes explicit macrovascular complication costs to avoid overlap with IHD and stroke,9151509635.705822,5874005796.393963,6406056744.994075,4111804057.475774,13727264453.558731,8811008694.590942
S7,2041,type2_diabetes,direct_medical,avoided_prevalence_patient_year,1790349.1591900282,5150.5243,3605.36701,7725.78645,T2D_ROUTINE_NOCOMP,Excludes explicit macrovascular complication costs to avoid overlap with IHD and stroke,9221236849.892809,5746369943.571427,6454865794.924966,4022458960.4999986,13831855274.839212,8619554915.35714
S7,2042,type2_diabetes,direct_medical,avoided_prevalence_patient_year,1803914.195567869,5150.5243,3605.36701,7725.78645,T2D_ROUTINE_NOCOMP,Excludes explicit macrovascular complication costs to avoid overlap with IHD and stroke,9291103899.387262,5621270659.181772,6503772729.571083,3934889461.4272404,13936655849.080893,8431905988.772658
S7,2043,type2_diabetes,direct_medical,avoided_prevalence_patient_year,1816009.715732724,5150.5243,3605.36701,7725.78645,T2D_ROUTINE_NOCOMP,Excludes explicit macrovascular complication costs to avoid overlap with IHD and stroke,9353402169.917486,5494137997.475965,6547381518.942241,3845896598.2331758,14030103254.87623,8241206996.213948
S7,2044,type2_diabetes,direct_medical,avoided_prevalence_patient_year,1825767.2829541722,5150.5243,3605.36701,7725.78645,T2D_ROUTINE_NOCOMP,Excludes explicit macrovascular complication costs to avoid overlap with IHD and stroke,9403658757.00044,5362775190.024942,6582561129.900308,3753942633.0174594,14105488135.50066,8044162785.037414
S7,2045,type2_diabetes,direct_medical,avoided_prevalence_patient_year,1833968.4834305285,5150.5243,3605.36701,7725.78645,T2D_ROUTINE_NOCOMP,Excludes explicit macrovascular complication costs to avoid overlap with IHD and stroke,9445899239.343084,5229965385.311405,6612129467.540159,3660975769.7179837,14168848859.014626,7844948077.967108
S7,2046,type2_diabetes,direct_medical,avoided_prevalence_patient_year,1839018.7389232854,5150.5243,3605.36701,7725.78645,T2D_ROUTINE_NOCOMP,Excludes explicit macrovascular complication costs to avoid overlap with IHD and stroke,9471910702.979738,5091618739.862059,6630337492.085816,3564133117.903441,14207866054.469604,7637428109.793086
S7,2047,type2_diabetes,direct_medical,avoided_prevalence_patient_year,1840801.6422278092,5150.5243,3605.36701,7725.78645,T2D_ROUTINE_NOCOMP,Excludes explicit macrovascular complication costs to avoid overlap with IHD and stroke,9481093589.774237,4948111644.669122,6636765512.841966,3463678151.2683854,14221640384.661356,7422167467.003684
S7,2048,type2_diabetes,direct_medical,avoided_prevalence_patient_year,1840518.460400189,5150.5243,3605.36701,7725.78645,T2D_ROUTINE_NOCOMP,Excludes explicit macrovascular complication costs to avoid overlap with IHD and stroke,9479635054.889761,4803252860.437513,6635744538.4228325,3362277002.306259,14219452582.33464,7204879290.656269
S7,2049,type2_diabetes,direct_medical,avoided_prevalence_patient_year,1839076.2372970588,5150.5243,3605.36701,7725.78645,T2D_ROUTINE_NOCOMP,Excludes explicit macrovascular complication costs to avoid overlap with IHD and stroke,9472206849.751068,4659698106.978732,6630544794.8257475,3261788674.8851123,14208310274.6266,6989547160.468098
S7,2050,type2_diabetes,direct_medical,avoided_prevalence_patient_year,1836769.785770407,5150.5243,3605.36701,7725.78645,T2D_ROUTINE_NOCOMP,Excludes explicit macrovascular complication costs to avoid overlap with IHD and stroke,9460327415.116276,4518305060.498289,6622229190.581392,3162813542.348802,14190491122.674412,6777457590.747434
S0,2025,depression,direct_medical,avoided_prevalence_patient_year,0.0,3121.483646,2185.038552,4057.928739,DEP_INDEX_DIRECT,Mental-health-specific stream; no death or YLL stream,0.0,0.0,0.0,0.0,0.0,0.0
S0,2026,depression,direct_medical,avoided_prevalence_patient_year,0.0,3121.483646,2185.038552,4057.928739,DEP_INDEX_DIRECT,Mental-health-specific stream; no death or YLL stream,0.0,0.0,0.0,0.0,0.0,0.0
S0,2027,depression,direct_medical,avoided_prevalence_patient_year,0.0,3121.483646,2185.038552,4057.928739,DEP_INDEX_DIRECT,Mental-health-specific stream; no death or YLL stream,0.0,0.0,0.0,0.0,0.0,0.0
S0,2028,depression,direct_medical,avoided_prevalence_patient_year,0.0,3121.483646,2185.038552,4057.928739,DEP_INDEX_DIRECT,Mental-health-specific stream; no death or YLL stream,0.0,0.0,0.0,0.0,0.0,0.0
S0,2029,depression,direct_medical,avoided_prevalence_patient_year,0.0,3121.483646,2185.038552,4057.928739,DEP_INDEX_DIRECT,Mental-health-specific stream; no death or YLL stream,0.0,0.0,0.0,0.0,0.0,0.0
S0,2030,depression,direct_medical,avoided_prevalence_patient_year,0.0,3121.483646,2185.038552,4057.928739,DEP_INDEX_DIRECT,Mental-health-specific stream; no death or YLL stream,0.0,0.0,0.0,0.0,0.0,0.0
S0,2031,depression,direct_medical,avoided_prevalence_patient_year,0.0,3121.483646,2185.038552,4057.928739,DEP_INDEX_DIRECT,Mental-health-specific stream; no death or YLL stream,0.0,0.0,0.0,0.0,0.0,0.0
S0,2032,depression,direct_medical,avoided_prevalence_patient_year,0.0,3121.483646,2185.038552,4057.928739,DEP_INDEX_DIRECT,Mental-health-specific stream; no death or YLL stream,0.0,0.0,0.0,0.0,0.0,0.0
S0,2033,depression,direct_medical,avoided_prevalence_patient_year,0.0,3121.483646,2185.038552,4057.928739,DEP_INDEX_DIRECT,Mental-health-specific stream; no death or YLL stream,0.0,0.0,0.0,0.0,0.0,0.0
S0,2034,depression,direct_medical,avoided_prevalence_patient_year,0.0,3121.483646,2185.038552,4057.928739,DEP_INDEX_DIRECT,Mental-health-specific stream; no death or YLL stream,0.0,0.0,0.0,0.0,0.0,0.0
S0,2035,depression,direct_medical,avoided_prevalence_patient_year,0.0,3121.483646,2185.038552,4057.928739,DEP_INDEX_DIRECT,Mental-health-specific stream; no death or YLL stream,0.0,0.0,0.0,0.0,0.0,0.0
S0,2036,depression,direct_medical,avoided_prevalence_patient_year,0.0,3121.483646,2185.038552,4057.928739,DEP_INDEX_DIRECT,Mental-health-specific stream; no death or YLL stream,0.0,0.0,0.0,0.0,0.0,0.0
S0,2037,depression,direct_medical,avoided_prevalence_patient_year,0.0,3121.483646,2185.038552,4057.928739,DEP_INDEX_DIRECT,Mental-health-specific stream; no death or YLL stream,0.0,0.0,0.0,0.0,0.0,0.0
S0,2038,depression,direct_medical,avoided_prevalence_patient_year,0.0,3121.483646,2185.038552,4057.928739,DEP_INDEX_DIRECT,Mental-health-specific stream; no death or YLL stream,0.0,0.0,0.0,0.0,0.0,0.0
S0,2039,depression,direct_medical,avoided_prevalence_patient_year,0.0,3121.483646,2185.038552,4057.928739,DEP_INDEX_DIRECT,Mental-health-specific stream; no death or YLL stream,0.0,0.0,0.0,0.0,0.0,0.0
S0,2040,depression,direct_medical,avoided_prevalence_patient_year,0.0,3121.483646,2185.038552,4057.928739,DEP_INDEX_DIRECT,Mental-health-specific stream; no death or YLL stream,0.0,0.0,0.0,0.0,0.0,0.0
S0,2041,depression,direct_medical,avoided_prevalence_patient_year,0.0,3121.483646,2185.038552,4057.928739,DEP_INDEX_DIRECT,Mental-health-specific stream; no death or YLL stream,0.0,0.0,0.0,0.0,0.0,0.0
S0,2042,depression,direct_medical,avoided_prevalence_patient_year,0.0,3121.483646,2185.038552,4057.928739,DEP_INDEX_DIRECT,Mental-health-specific stream; no death or YLL stream,0.0,0.0,0.0,0.0,0.0,0.0
S0,2043,depression,direct_medical,avoided_prevalence_patient_year,0.0,3121.483646,2185.038552,4057.928739,DEP_INDEX_DIRECT,Mental-health-specific stream; no death or YLL stream,0.0,0.0,0.0,0.0,0.0,0.0
S0,2044,depression,direct_medical,avoided_prevalence_patient_year,0.0,3121.483646,2185.038552,4057.928739,DEP_INDEX_DIRECT,Mental-health-specific stream; no death or YLL stream,0.0,0.0,0.0,0.0,0.0,0.0
S0,2045,depression,direct_medical,avoided_prevalence_patient_year,0.0,3121.483646,2185.038552,4057.928739,DEP_INDEX_DIRECT,Mental-health-specific stream; no death or YLL stream,0.0,0.0,0.0,0.0,0.0,0.0
S0,2046,depression,direct_medical,avoided_prevalence_patient_year,0.0,3121.483646,2185.038552,4057.928739,DEP_INDEX_DIRECT,Mental-health-specific stream; no death or YLL stream,0.0,0.0,0.0,0.0,0.0,0.0
S0,2047,depression,direct_medical,avoided_prevalence_patient_year,0.0,3121.483646,2185.038552,4057.928739,DEP_INDEX_DIRECT,Mental-health-specific stream; no death or YLL stream,0.0,0.0,0.0,0.0,0.0,0.0
S0,2048,depression,direct_medical,avoided_prevalence_patient_year,0.0,3121.483646,2185.038552,4057.928739,DEP_INDEX_DIRECT,Mental-health-specific stream; no death or YLL stream,0.0,0.0,0.0,0.0,0.0,0.0
S0,2049,depression,direct_medical,avoided_prevalence_patient_year,0.0,3121.483646,2185.038552,4057.928739,DEP_INDEX_DIRECT,Mental-health-specific stream; no death or YLL stream,0.0,0.0,0.0,0.0,0.0,0.0
S0,2050,depression,direct_medical,avoided_prevalence_patient_year,0.0,3121.483646,2185.038552,4057.928739,DEP_INDEX_DIRECT,Mental-health-specific stream; no death or YLL stream,0.0,0.0,0.0,0.0,0.0,0.0
S1,2025,depression,direct_medical,avoided_prevalence_patient_year,3714.59183908713,3121.483646,2185.038552,4057.928739,DEP_INDEX_DIRECT,Mental-health-specific stream; no death or YLL stream,11595037.67727554,11595037.67727554,8116526.37334996,8116526.37334996,15073548.977486528,15073548.977486528
S1,2026,depression,direct_medical,avoided_prevalence_patient_year,22819.806706557996,3121.483646,2185.038552,4057.928739,DEP_INDEX_DIRECT,Mental-health-specific stream; no death or YLL stream,71231653.43940191,69156945.08679797,49862157.40301737,48409861.556327544,92601149.45296663,89904028.59511323
S1,2027,depression,direct_medical,avoided_prevalence_patient_year,38886.91176868993,3121.483646,2185.038552,4057.928739,DEP_INDEX_DIRECT,Mental-health-specific stream; no death or YLL stream,121384859.12941056,114416871.64615946,84969401.38281001,80091810.14498068,157800316.8371242,148741933.1106836
S1,2028,depression,direct_medical,avoided_prevalence_patient_year,55581.18464514607,3121.483646,2185.038552,4057.928739,DEP_INDEX_DIRECT,Mental-health-specific stream; no death or YLL stream,173495758.8951298,158773196.68602479,121447031.2154746,111141237.67004439,225544486.51920375,206405155.65114045
S1,2029,depression,direct_medical,avoided_prevalence_patient_year,72850.26945505968,3121.483646,2185.038552,4057.928739,DEP_INDEX_DIRECT,Mental-health-specific stream; no death or YLL stream,227400924.71066213,202042776.289474,159180647.28289342,141429943.3896865,295621202.06558055,262655609.124535
S1,2030,depression,direct_medical,avoided_prevalence_patient_year,82416.07183964227,3121.483646,2185.038552,4057.928739,DEP_INDEX_DIRECT,Mental-health-specific stream; no death or YLL stream,257260420.4150045,221915098.52434596,180082294.27401993,155340568.9528236,334438546.47357297,288489628.0247755
S1,2031,depression,direct_medical,avoided_prevalence_patient_year,83840.85720316516,3121.483646,2185.038552,4057.928739,DEP_INDEX_DIRECT,Mental-health-specific stream; no death or YLL stream,261707864.62630135,219176216.4748244,183195505.22164276,153423351.518334,340220223.94711906,284929081.3610994
S1,2032,depression,direct_medical,avoided_prevalence_patient_year,85362.48363943283,3121.483646,2185.038552,4057.928739,DEP_INDEX_DIRECT,Mental-health-specific stream; no death or YLL stream,266457596.66243216,216654409.9791747,186520317.64663,151658086.97154078,346394875.5928718,281650732.9174011
S1,2033,depression,direct_medical,avoided_prevalence_patient_year,87026.68102211827,3121.483646,2185.038552,4057.928739,DEP_INDEX_DIRECT,Mental-health-specific stream; no death or YLL stream,271652361.5762007,214444882.75144097,190156653.08593518,150111417.91226876,353148069.9794396,278778347.5219135
S1,2034,depression,direct_medical,avoided_prevalence_patient_year,88700.26664451743,3121.483646,2185.038552,4057.928739,DEP_INDEX_DIRECT,Mental-health-specific stream; no death or YLL stream,276876431.7267004,212202730.066941,193813502.19095024,148541911.03326243,359939361.17375034,275863549.0326382
S1,2035,depression,direct_medical,avoided_prevalence_patient_year,90136.39938044248,3121.483646,2185.038552,4057.928739,DEP_INDEX_DIRECT,Mental-health-specific stream; no death or YLL stream,281359296.57537574,209357740.48136002,196951507.58473575,146550418.32353804,365767085.4758793,272165062.5721121
S1,2036,depression,direct_medical,avoided_prevalence_patient_year,91358.25529062856,3121.483646,2185.038552,4057.928739,DEP_INDEX_DIRECT,Mental-health-specific stream; no death or YLL stream,285173299.81679004,206015259.30552697,199621309.85348135,144210681.50066903,370725289.68874043,267819837.04438573
S1,2037,depression,direct_medical,avoided_prevalence_patient_year,92390.10420184793,3121.483646,2185.038552,4057.928739,DEP_INDEX_DIRECT,Mental-health-specific stream; no death or YLL stream,288394199.31830424,202273888.96622056,201875939.50433493,141591722.26339427,374912459.0398834,262956055.60424626
S1,2038,depression,direct_medical,avoided_prevalence_patient_year,93188.43558072843,3121.483646,2185.038552,4057.928739,DEP_INDEX_DIRECT,Mental-health-specific stream; no death or YLL stream,290886177.66156834,198079332.46413845,203620324.34446013,138655532.71220556,378152030.88548803,257503132.1526145
S1,2039,depression,direct_medical,avoided_prevalence_patient_year,93751.89248613316,3121.483646,2185.038552,4057.928739,DEP_INDEX_DIRECT,Mental-health-specific stream; no death or YLL stream,292644999.17701495,193472819.73969966,204851499.40516007,135430973.80539355,380438498.8551179,251514665.61202472
S1,2040,depression,direct_medical,avoided_prevalence_patient_year,94067.55418187745,3121.483646,2185.038552,4057.928739,DEP_INDEX_DIRECT,Mental-health-specific stream; no death or YLL stream,293630331.99794936,188470136.71094844,205541232.37975106,131929095.68558824,381719431.5220801,245011177.67593026
S1,2041,depression,direct_medical,avoided_prevalence_patient_year,94328.22267911886,3121.483646,2185.038552,4057.928739,DEP_INDEX_DIRECT,Mental-health-specific stream; no death or YLL stream,294444004.4491158,183487769.0242691,206110803.09551543,128441438.30523193,382777205.708388,238534099.68452406
S1,2042,depression,direct_medical,avoided_prevalence_patient_year,94582.88522757673,3121.483646,2185.038552,4057.928739,DEP_INDEX_DIRECT,Mental-health-specific stream; no death or YLL stream,295238929.42937577,178624407.75837603,206667250.58164644,125037085.41941838,383810608.1825222,232211730.0401095
S1,2043,depression,direct_medical,avoided_prevalence_patient_year,94776.41064397681,3121.483646,2185.038552,4057.928739,DEP_INDEX_DIRECT,Mental-health-specific stream; no death or YLL stream,295843015.85175395,173776592.21225858,207090111.07727247,121643614.53744678,384595920.531459,225909569.83139923
S1,2044,depression,direct_medical,avoided_prevalence_patient_year,94872.90556009999,3121.483646,2185.038552,4057.928739,DEP_INDEX_DIRECT,Mental-health-specific stream; no death or YLL stream,296144223.1543546,168886912.3860008,207300956.18907362,118220838.65937965,384987490.02476263,219552986.05851734
S1,2045,depression,direct_medical,avoided_prevalence_patient_year,94876.27922747299,3121.483646,2185.038552,4057.928739,DEP_INDEX_DIRECT,Mental-health-specific stream; no death or YLL stream,296154754.0018864,163973706.77786282,207308327.78234527,114781594.73399785,385001180.12655133,213165818.7691971
S1,2046,depression,direct_medical,avoided_prevalence_patient_year,94737.25289726455,3121.483646,2185.038552,4057.928739,DEP_INDEX_DIRECT,Mental-health-specific stream; no death or YLL stream,295720785.5857774,158964494.1628938,207004549.89109674,111275145.90384048,384437021.18572086,206653842.3710212
S1,2047,depression,direct_medical,avoided_prevalence_patient_year,94464.64107184246,3121.483646,2185.038552,4057.928739,DEP_INDEX_DIRECT,Mental-health-specific stream; no death or YLL stream,294869832.23101616,153890354.1778733,206408882.54281837,107723247.91465123,383330781.8247493,200057460.39179498
S1,2048,depression,direct_medical,avoided_prevalence_patient_year,94095.32273781179,3121.483646,2185.038552,4057.928739,DEP_INDEX_DIRECT,Mental-health-specific stream; no death or YLL stream,293717011.09117144,148823985.89332953,205601907.74500093,104176790.11579521,381832114.34324664,193471181.62318656
S1,2049,depression,direct_medical,avoided_prevalence_patient_year,93665.05338176864,3121.483646,2185.038552,4057.928739,DEP_INDEX_DIRECT,Mental-health-specific stream; no death or YLL stream,292373932.3329078,143828600.94080207,204661752.61430246,100680020.64934607,380086111.9578481,186977181.1861811
S1,2050,depression,direct_medical,avoided_prevalence_patient_year,93167.59469662502,3121.483646,2185.038552,4057.928739,DEP_INDEX_DIRECT,Mental-health-specific stream; no death or YLL stream,290821123.18267137,138897788.09097487,203574786.2092364,97228451.65478292,378067460.06293863,180567124.48266938
S2,2025,depression,direct_medical,avoided_prevalence_patient_year,11143.775517262775,3121.483646,2185.038552,4057.928739,DEP_INDEX_DIRECT,Mental-health-specific stream; no death or YLL stream,34785113.031830944,34785113.031830944,24349579.120052904,24349579.120052904,45220646.9324652,45220646.9324652
S2,2026,depression,direct_medical,avoided_prevalence_patient_year,68459.42011966732,3121.483646,2185.038552,4057.928739,DEP_INDEX_DIRECT,Mental-health-specific stream; no death or YLL stream,213694960.3181849,207470835.26037368,149586472.20903754,145229584.6689685,277803448.35887283,269712085.7853134
S2,2027,depression,direct_medical,avoided_prevalence_patient_year,116660.73530607217,3121.483646,2185.038552,4057.928739,DEP_INDEX_DIRECT,Mental-health-specific stream; no death or YLL stream,364154577.3882391,343250614.9384853,254908204.1484352,240275430.43494695,473400950.5113822,446225799.3320598
S2,2028,depression,direct_medical,avoided_prevalence_patient_year,166743.55393542958,3121.483646,2185.038552,4057.928739,DEP_INDEX_DIRECT,Mental-health-specific stream; no death or YLL stream,520487276.6853624,476319590.0580496,364341093.6464049,333423713.0101159,676633459.5575762,619215466.9533893
S2,2029,depression,direct_medical,avoided_prevalence_patient_year,218550.8083651763,3121.483646,2185.038552,4057.928739,DEP_INDEX_DIRECT,Mental-health-specific stream; no death or YLL stream,682202774.1319778,606128328.8684144,477541941.8486743,424289830.16905415,886863606.1967305,787966827.373595
S2,2030,depression,direct_medical,avoided_prevalence_patient_year,247248.21551893264,3121.483646,2185.038552,4057.928739,DEP_INDEX_DIRECT,Mental-health-specific stream; no death or YLL stream,771781261.2450317,665745295.5730537,540246882.8220725,466021706.8584818,1003315639.4207425,865468884.0743469
S2,2031,depression,direct_medical,avoided_prevalence_patient_year,251522.57160948997,3121.483646,2185.038552,4057.928739,DEP_INDEX_DIRECT,Mental-health-specific stream; no death or YLL stream,785123593.8788868,657528649.4244587,549586515.6649163,460270054.5549919,1020660671.8413348,854787244.0832795
S2,2032,depression,direct_medical,avoided_prevalence_patient_year,256087.45091830223,3121.483646,2185.038552,4057.928739,DEP_INDEX_DIRECT,Mental-health-specific stream; no death or YLL stream,799372789.9873081,649963229.9375336,559560952.9398981,454974260.9146289,1039184626.7786305,844952198.7522155
S2,2033,depression,direct_medical,avoided_prevalence_patient_year,261080.04306635587,3121.483646,2185.038552,4057.928739,DEP_INDEX_DIRECT,Mental-health-specific stream; no death or YLL stream,814957084.7286055,643334648.2543255,570469959.2578079,450334253.73680806,1059444209.9383231,836335042.565744
S2,2034,depression,direct_medical,avoided_prevalence_patient_year,266100.7999335574,3121.483646,2185.038552,4057.928739,DEP_INDEX_DIRECT,Mental-health-specific stream; no death or YLL stream,830629295.1801174,636608190.2008353,581440506.5728619,445625733.0997958,1079818083.521272,827590647.0979306
S2,2035,depression,direct_medical,avoided_prevalence_patient_year,270409.1981413249,3121.483646,2185.038552,4057.928739,DEP_INDEX_DIRECT,Mental-health-specific stream; no death or YLL stream,844077889.7261194,628073221.4440743,590854522.7542017,439651254.97060996,1097301256.4276278,816495187.7163286
S2,2036,depression,direct_medical,avoided_prevalence_patient_year,274074.76587188756,3121.483646,2185.038552,4057.928739,DEP_INDEX_DIRECT,Mental-health-specific stream; no death or YLL stream,855519899.450376,618045777.9165852,598863929.5604482,432632044.5020101,1112175869.0662289,803459511.1331627
S2,2037,depression,direct_medical,avoided_prevalence_patient_year,277170.312605546,3121.483646,2185.038552,4057.928739,DEP_INDEX_DIRECT,Mental-health-specific stream; no death or YLL stream,865182597.9549195,606821666.8986664,605627818.5130095,424775166.79018617,1124737377.119659,788868166.812745
S2,2038,depression,direct_medical,avoided_prevalence_patient_year,279565.30674219964,3121.483646,2185.038552,4057.928739,DEP_INDEX_DIRECT,Mental-health-specific stream; no death or YLL stream,872658532.9847498,594237997.3924458,610860973.0334117,415966598.136638,1134456092.6565223,772509396.4578831
S2,2039,depression,direct_medical,avoided_prevalence_patient_year,281255.67745840916,3121.483646,2185.038552,4057.928739,DEP_INDEX_DIRECT,Mental-health-specific stream; no death or YLL stream,877934997.5310751,580418459.2191191,614554498.2155014,406292921.4161947,1141315496.565393,754543996.8361001
S2,2040,depression,direct_medical,avoided_prevalence_patient_year,282202.6625456422,3121.483646,2185.038552,4057.928739,DEP_INDEX_DIRECT,Mental-health-specific stream; no death or YLL stream,880890995.9938788,565410410.1328651,616623697.1392746,395787287.0567785,1145158294.5662804,735033533.0278164
S2,2041,depression,direct_medical,avoided_prevalence_patient_year,282984.6680373665,3121.483646,2185.038552,4057.928739,DEP_INDEX_DIRECT,Mental-health-specific stream; no death or YLL stream,883332013.3473784,550463307.0728266,618332409.2865679,385324314.9157093,1148331617.125204,715602299.0535972
S2,2042,depression,direct_medical,avoided_prevalence_patient_year,283748.65568274015,3121.483646,2185.038552,4057.928739,DEP_INDEX_DIRECT,Mental-health-specific stream; no death or YLL stream,885716788.2881584,535873223.27514696,620001751.7449611,375111256.2582683,1151431824.547607,696635190.1203529
S2,2043,depression,direct_medical,avoided_prevalence_patient_year,284329.2319319404,3121.483646,2185.038552,4057.928739,DEP_INDEX_DIRECT,Mental-health-specific stream; no death or YLL stream,887529047.5552931,521329776.6367941,621270333.2318393,364930843.6123532,1153787761.5944176,677728709.4942216
S2,2044,depression,direct_medical,avoided_prevalence_patient_year,284618.71668030997,3121.483646,2185.038552,4057.928739,DEP_INDEX_DIRECT,Mental-health-specific stream; no death or YLL stream,888432669.4630951,506660737.1580204,621902868.5672427,354662515.9781514,1154962470.0743284,658658958.1755751
S2,2045,depression,direct_medical,avoided_prevalence_patient_year,284628.83768242894,3121.483646,2185.038552,4057.928739,DEP_INDEX_DIRECT,Mental-health-specific stream; no death or YLL stream,888464262.0056906,491921120.3336058,621924983.3470576,344344784.2020056,1155003540.3796945,639497456.3076137
S2,2046,depression,direct_medical,avoided_prevalence_patient_year,284211.75869180367,3121.483646,2185.038552,4057.928739,DEP_INDEX_DIRECT,Mental-health-specific stream; no death or YLL stream,887162356.7573636,476893482.4886983,621013649.6733121,333825437.7115332,1153311063.557203,619961527.1130854
S2,2047,depression,direct_medical,avoided_prevalence_patient_year,283393.92321553733,3121.483646,2185.038552,4057.928739,DEP_INDEX_DIRECT,Mental-health-specific stream; no death or YLL stream,884609496.6930796,461671062.53363615,619226647.6284769,323169743.743965,1149992345.4742882,600172381.175406
S2,2048,depression,direct_medical,avoided_prevalence_patient_year,282285.9682134454,3121.483646,2185.038552,4057.928739,DEP_INDEX_DIRECT,Mental-health-specific stream; no death or YLL stream,881151033.2735456,446471957.6800045,616805723.2350247,312530370.34739673,1145496343.0297806,580413544.8695803
S2,2049,depression,direct_medical,avoided_prevalence_patient_year,280995.1601453159,3121.483646,2185.038552,4057.928739,DEP_INDEX_DIRECT,Mental-health-specific stream; no death or YLL stream,877121796.9987546,431485802.8224216,613985257.8429292,302040061.94804895,1140258335.873585,560931543.5585634
S2,2050,depression,direct_medical,avoided_prevalence_patient_year,279502.7840898851,3121.483646,2185.038552,4057.928739,DEP_INDEX_DIRECT,Mental-health-specific stream; no death or YLL stream,872463369.5480455,416693364.27293956,610724358.6277312,291685354.9643592,1134202380.1888568,541701373.4480277
S3,2025,depression,direct_medical,avoided_prevalence_patient_year,9100.750005764441,3121.483646,2185.038552,4057.928739,DEP_INDEX_DIRECT,Mental-health-specific stream; no death or YLL stream,28407842.30932811,28407842.30932811,19885489.614709526,19885489.614709526,36930194.99484594,36930194.99484594
S3,2026,depression,direct_medical,avoided_prevalence_patient_year,55908.52643106402,3121.483646,2185.038552,4057.928739,DEP_INDEX_DIRECT,Mental-health-specific stream; no death or YLL stream,174517550.9265251,169434515.4626457,122162285.63738585,118604160.81299597,226872816.1597558,220264870.05801532
S3,2027,depression,direct_medical,avoided_prevalence_patient_year,95272.93383329063,3121.483646,2185.038552,4057.928739,DEP_INDEX_DIRECT,Mental-health-specific stream; no death or YLL stream,297392904.8670568,280321335.53309155,208175033.38788518,196224934.8552033,386610776.2509555,364417736.12117594
S3,2028,depression,direct_medical,avoided_prevalence_patient_year,136173.90238060305,3121.483646,2185.038552,4057.928739,DEP_INDEX_DIRECT,Mental-health-specific stream; no death or YLL stream,425064609.2930529,388994331.8807469,297545226.47790223,272296032.2915991,552583991.9720296,505692631.3452761
S3,2029,depression,direct_medical,avoided_prevalence_patient_year,178483.1601648911,3121.483646,2185.038552,4057.928739,DEP_INDEX_DIRECT,Mental-health-specific stream; no death or YLL stream,557132265.5411062,495004801.9091971,389992585.8430777,346503361.30472195,724271945.0606515,643506242.3550923
S3,2030,depression,direct_medical,avoided_prevalence_patient_year,222111.3136078384,3121.483646,2185.038552,4057.928739,DEP_INDEX_DIRECT,Mental-health-specific stream; no death or YLL stream,693316833.0184449,598061190.5231191,485321783.06848913,418642833.32786435,901311882.7462893,777479547.5267787
S3,2031,depression,direct_medical,avoided_prevalence_patient_year,267033.1301920732,3121.483646,2185.038552,4057.928739,DEP_INDEX_DIRECT,Mental-health-specific stream; no death or YLL stream,833539548.8347453,698076249.4722952,583477684.130915,488653374.5858794,1083601413.2715423,907499124.1350749
S3,2032,depression,direct_medical,avoided_prevalence_patient_year,313707.12737491744,3121.483646,2185.038552,4057.928739,DEP_INDEX_DIRECT,Mental-health-specific stream; no death or YLL stream,979231667.7344438,796204956.6734716,685462167.3513691,557343469.6204156,1273001167.803811,1035066443.4714549
S3,2033,depression,direct_medical,avoided_prevalence_patient_year,362466.1264571259,3121.483646,2185.038552,4057.928739,DEP_INDEX_DIRECT,Mental-health-specific stream; no death or YLL stream,1131432085.9648864,893162936.6597599,792002460.1029272,625214055.604605,1470861711.4643793,1161111817.4287803
S3,2034,depression,direct_medical,avoided_prevalence_patient_year,412899.74123023724,3121.483646,2185.038552,4057.928739,DEP_INDEX_DIRECT,Mental-health-specific stream; no death or YLL stream,1288859789.6878176,987803708.4616311,902201852.6988922,691462595.859851,1675517726.2638428,1284144820.7469575
S3,2035,depression,direct_medical,avoided_prevalence_patient_year,419584.9391159595,3121.483646,2185.038552,4057.928739,DEP_INDEX_DIRECT,Mental-health-specific stream; no death or YLL stream,1309727525.5583735,974560281.9407305,916809267.8069444,682192197.2960691,1702645782.8902173,1266928366.273181
S3,2036,depression,direct_medical,avoided_prevalence_patient_year,425272.67837788624,3121.483646,2185.038552,4057.928739,DEP_INDEX_DIRECT,Mental-health-specific stream; no death or YLL stream,1327481710.6471899,959001032.0672513,929237197.3679782,671300722.3856306,1725726223.5011284,1246701341.4416459
S3,2037,depression,direct_medical,avoided_prevalence_patient_year,430075.9350596031,3121.483646,2185.038552,4057.928739,DEP_INDEX_DIRECT,Mental-health-specific stream; no death or YLL stream,1342474997.8267093,941584953.1377589,939732498.3926812,659109467.1361018,1745217496.8306613,1224060438.8377693
S3,2038,depression,direct_medical,avoided_prevalence_patient_year,433792.167628312,3121.483646,2185.038552,4057.928739,DEP_INDEX_DIRECT,Mental-health-specific stream; no death or YLL stream,1354075157.0146666,922059292.6206094,947852609.8235081,645441504.7753483,1760297703.7720327,1198677080.170479
S3,2039,depression,direct_medical,avoided_prevalence_patient_year,436415.05952296214,3121.483646,2185.038552,4057.928739,DEP_INDEX_DIRECT,Mental-health-specific stream; no death or YLL stream,1362262471.1690428,900615975.8883272,953583729.731047,630431183.0641248,1770941212.1706238,1170800768.4240081
S3,2040,depression,direct_medical,avoided_prevalence_patient_year,437884.4647166522,3121.483646,2185.038552,4057.928739,DEP_INDEX_DIRECT,Mental-health-specific stream; no death or YLL stream,1366849195.4504938,877328486.3894904,956794436.7277688,614129940.416431,1776903953.7353344,1140527032.0814884
S3,2041,depression,direct_medical,avoided_prevalence_patient_year,439097.8765713112,3121.483646,2185.038552,4057.928739,DEP_INDEX_DIRECT,Mental-health-specific stream; no death or YLL stream,1370636840.7106745,854135564.807998,959445788.4096526,597894895.3108723,1781827892.5725985,1110376234.0314922
S3,2042,depression,direct_medical,avoided_prevalence_patient_year,440283.33073438285,3121.483646,2185.038552,4057.928739,DEP_INDEX_DIRECT,Mental-health-specific stream; no death or YLL stream,1374337216.4937854,831496618.1152654,962036051.457593,582047632.6274099,1786638381.089694,1080945603.336742
S3,2043,depression,direct_medical,avoided_prevalence_patient_year,441184.1915477254,3121.483646,2185.038552,4057.928739,DEP_INDEX_DIRECT,Mental-health-specific stream; no death or YLL stream,1377149238.7899563,808930036.7480882,964004467.0647326,566251025.6718318,1790294010.0739958,1051609047.5651953
S3,2044,depression,direct_medical,avoided_prevalence_patient_year,441633.37538227893,3121.483646,2185.038552,4057.928739,DEP_INDEX_DIRECT,Mental-health-specific stream; no death or YLL stream,1378551358.7835627,786168577.1568578,964985951.0601672,550318003.959429,1792116766.0653248,1022019150.1024294
S3,2045,depression,direct_medical,avoided_prevalence_patient_year,441649.0798039002,3121.483646,2185.038552,4057.928739,DEP_INDEX_DIRECT,Mental-health-specific stream; no death or YLL stream,1378600379.8788235,763297605.0509748,965020265.8268466,534308323.4867763,1792180493.4891512,992286886.3706429
S3,2046,depression,direct_medical,avoided_prevalence_patient_year,441001.91223678004,3121.483646,2185.038552,4057.928739,DEP_INDEX_DIRECT,Mental-health-specific stream; no death or YLL stream,1376580256.9018362,739979720.3282934,963606179.7430849,517985804.1823934,1789554333.6195855,961973636.2371333
S3,2047,depression,direct_medical,avoided_prevalence_patient_year,439732.9041894402,3121.483646,2185.038552,4057.928739,DEP_INDEX_DIRECT,Mental-health-specific stream; no death or YLL stream,1372619069.0354226,716359598.6980224,960833348.2368491,501451719.0427169,1784404789.3942628,931267478.1238343
S3,2048,depression,direct_medical,avoided_prevalence_patient_year,438013.7273445274,3121.483646,2185.038552,4057.928739,DEP_INDEX_DIRECT,Mental-health-specific stream; no death or YLL stream,1367252686.6294453,692775654.3334705,957076880.5530089,484942957.9890417,1777428492.2678678,900608350.4559611
S3,2049,depression,direct_medical,avoided_prevalence_patient_year,436010.82349214645,3121.483646,2185.038552,4057.928739,DEP_INDEX_DIRECT,Mental-health-specific stream; no death or YLL stream,1361000655.0097277,669522137.3794544,952700458.4196073,468665496.12272036,1769300851.1638374,870378778.4216999
S3,2050,depression,direct_medical,avoided_prevalence_patient_year,433695.15331280296,3121.483646,2185.038552,4057.928739,DEP_INDEX_DIRECT,Mental-health-specific stream; no death or YLL stream,1353772328.4153771,646569203.563508,947640629.8040249,452598442.45302856,1759904026.593034,840539964.4668522
S4,2025,depression,direct_medical,avoided_prevalence_patient_year,18572.9591954376,3121.483646,2185.038552,4057.928739,DEP_INDEX_DIRECT,Mental-health-specific stream; no death or YLL stream,57975188.386383794,57975188.386383794,40582631.86675406,40582631.86675406,75367744.88744056,75367744.88744056
S4,2026,depression,direct_medical,avoided_prevalence_patient_year,114099.03353278166,3121.483646,2185.038552,4057.928739,DEP_INDEX_DIRECT,Mental-health-specific stream; no death or YLL stream,356158267.1969836,345784725.4339646,249310787.01506868,242049307.7816201,463005747.26479936,449520142.97553337
S4,2027,depression,direct_medical,avoided_prevalence_patient_year,194434.5588434484,3121.483646,2185.038552,4057.928739,DEP_INDEX_DIRECT,Mental-health-specific stream; no death or YLL stream,606924295.647049,572084358.2307936,424847006.9140473,400459050.72490084,789001584.1856159,743709665.553413
S4,2028,depression,direct_medical,avoided_prevalence_patient_year,277905.9232257174,3121.483646,2185.038552,4057.928739,DEP_INDEX_DIRECT,Mental-health-specific stream; no death or YLL stream,867478794.4756085,793865983.4300869,607235156.0773447,555706188.350196,1127722432.595966,1032025778.2556541
S4,2029,depression,direct_medical,avoided_prevalence_patient_year,364251.3472752954,3121.483646,2185.038552,4057.928739,DEP_INDEX_DIRECT,Mental-health-specific stream; no death or YLL stream,1137004623.5533013,1010213881.4473617,795903236.4144607,707149716.9484267,1478106010.3278906,1313278045.6226642
S4,2030,depression,direct_medical,avoided_prevalence_patient_year,412080.3591982186,3121.483646,2185.038552,4057.928739,DEP_INDEX_DIRECT,Mental-health-specific stream; no death or YLL stream,1286302102.075045,1109575492.6217494,900411471.3701155,776702844.7641318,1672192732.3678944,1442448140.123903
S4,2031,depression,direct_medical,avoided_prevalence_patient_year,419204.2860158195,3121.483646,2185.038552,4057.928739,DEP_INDEX_DIRECT,Mental-health-specific stream; no death or YLL stream,1308539323.1314871,1095881082.3741057,915977526.1082002,767116757.5916586,1701101119.73557,1424645406.8054757
S4,2032,depression,direct_medical,avoided_prevalence_patient_year,426812.4181971672,3121.483646,2185.038552,4057.928739,DEP_INDEX_DIRECT,Mental-health-specific stream; no death or YLL stream,1332287983.3121703,1083272049.8958812,932601588.2331567,758290434.8577093,1731974377.9643714,1408253664.5870156
S4,2033,depression,direct_medical,avoided_prevalence_patient_year,435133.40511059714,3121.483646,2185.038552,4057.928739,DEP_INDEX_DIRECT,Mental-health-specific stream; no death or YLL stream,1358261807.881022,1072224413.7572193,950783265.4296886,750557089.5613538,1765740349.8972216,1393891737.6095862
S4,2034,depression,direct_medical,avoided_prevalence_patient_year,443501.33322259306,3121.483646,2185.038552,4057.928739,DEP_INDEX_DIRECT,Mental-health-specific stream; no death or YLL stream,1384382158.6335208,1061013650.3347193,969067510.9547642,742709555.1663221,1799696805.8687758,1379317745.1632094
S4,2035,depression,direct_medical,avoided_prevalence_patient_year,450681.9969022097,3121.483646,2185.038552,4057.928739,DEP_INDEX_DIRECT,Mental-health-specific stream; no death or YLL stream,1406796482.8768704,1046788702.406794,984757537.9236728,732752091.6176858,1828835427.3793857,1360825312.8605523
S4,2036,depression,direct_medical,avoided_prevalence_patient_year,456791.27645315113,3121.483646,2185.038552,4057.928739,DEP_INDEX_DIRECT,Mental-health-specific stream; no death or YLL stream,1425866499.0839763,1030076296.5276537,998106549.2674251,721053407.5033584,1853626448.4437358,1339099185.2219532
S4,2037,depression,direct_medical,avoided_prevalence_patient_year,461950.5210092377,3121.483646,2185.038552,4057.928739,DEP_INDEX_DIRECT,Mental-health-specific stream; no death or YLL stream,1441970996.5915148,1011369444.8310983,1009379697.5216702,707958611.3169683,1874562295.1994088,1314780278.0212257
S4,2038,depression,direct_medical,avoided_prevalence_patient_year,465942.1779036637,3121.483646,2185.038552,4057.928739,DEP_INDEX_DIRECT,Mental-health-specific stream; no death or YLL stream,1454430888.307909,990396662.3207381,1018101621.7223477,693277663.5610598,1890760154.4275277,1287515660.763132
S4,2039,depression,direct_medical,avoided_prevalence_patient_year,468759.4624306816,3121.483646,2185.038552,4057.928739,DEP_INDEX_DIRECT,Mental-health-specific stream; no death or YLL stream,1463224995.8851242,967364098.698531,1024257497.0258349,677154869.0269907,1902192494.2756538,1257573328.0601661
S4,2040,depression,direct_medical,avoided_prevalence_patient_year,470337.7709094035,3121.483646,2185.038552,4057.928739,DEP_INDEX_DIRECT,Mental-health-specific stream; no death or YLL stream,1468151659.9897976,942350683.5547748,1027706161.8987907,659645478.427964,1908597157.6104667,1225055888.3796937
S4,2041,depression,direct_medical,avoided_prevalence_patient_year,471641.11339561094,3121.483646,2185.038552,4057.928739,DEP_INDEX_DIRECT,Mental-health-specific stream; no death or YLL stream,1472220022.2456312,917438845.1213781,1030554015.4776136,642207191.5261824,1913886028.5420074,1192670498.4226625
S4,2042,depression,direct_medical,avoided_prevalence_patient_year,472914.42613790045,3121.483646,2185.038552,4057.928739,DEP_INDEX_DIRECT,Mental-health-specific stream; no death or YLL stream,1476194647.1469312,893122038.7919118,1033336252.9082689,625185427.0971141,1919053040.912679,1161058650.2005887
S4,2043,depression,direct_medical,avoided_prevalence_patient_year,473882.05321990105,3121.483646,2185.038552,4057.928739,DEP_INDEX_DIRECT,Mental-health-specific stream; no death or YLL stream,1479215079.258823,868882961.0613241,1035450555.3863995,608218072.6872557,1922979602.657364,1129547849.1570368
S4,2044,depression,direct_medical,avoided_prevalence_patient_year,474364.52780051704,3121.483646,2185.038552,4057.928739,DEP_INDEX_DIRECT,Mental-health-specific stream; no death or YLL stream,1480721115.7718263,844434561.9300346,1036504780.9454055,591104193.2969195,1924937450.1238825,1097764930.2926261
S4,2045,depression,direct_medical,avoided_prevalence_patient_year,474381.396137382,3121.483646,2185.038552,4057.928739,DEP_INDEX_DIRECT,Mental-health-specific stream; no death or YLL stream,1480773770.0094857,819868533.8893439,1036541638.9117635,573907973.6700099,1925005900.632826,1065829093.846024
S4,2046,depression,direct_medical,avoided_prevalence_patient_year,473686.2644863399,3121.483646,2185.038552,4057.928739,DEP_INDEX_DIRECT,Mental-health-specific stream; no death or YLL stream,1478603927.9289405,794822470.8144978,1035022749.4555211,556375729.5192225,1922185105.9286737,1033269211.8551434
S4,2047,depression,direct_medical,avoided_prevalence_patient_year,472323.20535922947,3121.483646,2185.038552,4057.928739,DEP_INDEX_DIRECT,Mental-health-specific stream; no death or YLL stream,1474349161.1551344,769451770.8893945,1032044412.7141294,538616239.5732758,1916653909.123816,1000287301.9590112
S4,2048,depression,direct_medical,avoided_prevalence_patient_year,470476.61368907616,3121.483646,2185.038552,4057.928739,DEP_INDEX_DIRECT,Mental-health-specific stream; no death or YLL stream,1468585055.455911,744119929.4666749,1028009538.7250423,520883950.5789951,1909160571.7163029,967355908.1159681
S4,2049,depression,direct_medical,avoided_prevalence_patient_year,468325.2669088604,3121.483646,2185.038552,4057.928739,DEP_INDEX_DIRECT,Mental-health-specific stream; no death or YLL stream,1461869661.6645927,719143004.7040368,1023308763.0715499,503400103.2467488,1900430559.7893105,934885905.9309399
S4,2050,depression,direct_medical,avoided_prevalence_patient_year,465837.9734831425,3121.483646,2185.038552,4057.928739,DEP_INDEX_DIRECT,Mental-health-specific stream; no death or YLL stream,1454105615.9134111,694488940.4549003,1017873931.0462201,486142258.27393275,1890337300.3147638,902835622.4133807
S5,2025,depression,direct_medical,avoided_prevalence_patient_year,8915.020413810314,3121.483646,2185.038552,4057.928739,DEP_INDEX_DIRECT,Mental-health-specific stream; no death or YLL stream,27828090.42546505,27828090.42546505,19479663.29604253,19479663.29604253,36176517.54597255,36176517.54597255
S5,2026,depression,direct_medical,avoided_prevalence_patient_year,54767.53609573383,3121.483646,2185.038552,4057.928739,DEP_INDEX_DIRECT,Mental-health-specific stream; no death or YLL stream,170955968.25454783,165976668.20829886,119669177.76722997,116183667.73517473,222242758.68709815,215769668.62825063
S5,2027,depression,direct_medical,avoided_prevalence_patient_year,93328.58824485567,3121.483646,2185.038552,4057.928739,DEP_INDEX_DIRECT,Mental-health-specific stream; no death or YLL stream,291323661.9105848,274600491.9507822,203926563.31874365,192220344.3479533,378720760.4090974,356980639.4656399
S5,2028,depression,direct_medical,avoided_prevalence_patient_year,133394.84314834292,3121.483646,2185.038552,4057.928739,DEP_INDEX_DIRECT,Mental-health-specific stream; no death or YLL stream,416389821.3482876,381055672.04643756,291472874.9171223,266738970.40809122,541306767.646058,495372373.5627087
S5,2029,depression,direct_medical,avoided_prevalence_patient_year,174840.6466921415,3121.483646,2185.038552,4057.928739,DEP_INDEX_DIRECT,Mental-health-specific stream; no death or YLL stream,545762219.3055837,484902663.0947328,382033553.4789405,339431864.13524425,709490884.9573864,630373461.8988777
S5,2030,depression,direct_medical,avoided_prevalence_patient_year,197798.5724151461,3121.483646,2185.038552,4057.928739,DEP_INDEX_DIRECT,Mental-health-specific stream; no death or YLL stream,617425008.9960253,532596236.45844287,432197506.257658,372817365.4867855,802652511.536594,692375107.2594775
S5,2031,depression,direct_medical,avoided_prevalence_patient_year,201218.0572875887,3121.483646,2185.038552,4057.928739,DEP_INDEX_DIRECT,Mental-health-specific stream; no death or YLL stream,628098875.1030992,526022919.5395585,439669212.53192586,368216043.64398754,816528537.4730545,683829795.2666124
S5,2032,depression,direct_medical,avoided_prevalence_patient_year,204869.96073464098,3121.483646,2185.038552,4057.928739,DEP_INDEX_DIRECT,Mental-health-specific stream; no death or YLL stream,639498231.989844,519970583.9500248,447648762.3519168,363979408.73170173,831347701.4229012,675961759.0017698
S5,2033,depression,direct_medical,avoided_prevalence_patient_year,208864.0344530861,3121.483646,2185.038552,4057.928739,DEP_INDEX_DIRECT,Mental-health-specific stream; no death or YLL stream,651965667.7828888,514667718.6034639,456375967.40624934,360267402.9894489,847555367.9506642,669068034.0525997
S5,2034,depression,direct_medical,avoided_prevalence_patient_year,212880.63994684396,3121.483646,2185.038552,4057.928739,DEP_INDEX_DIRECT,Mental-health-specific stream; no death or YLL stream,664503436.1440878,509286552.16066355,465152405.2582853,356500586.4798334,863854466.8170096,662072517.6783384
S5,2035,depression,direct_medical,avoided_prevalence_patient_year,216327.35851306285,3121.483646,2185.038552,4057.928739,DEP_INDEX_DIRECT,Mental-health-specific stream; no death or YLL stream,675262311.7809045,502458577.1552661,472683618.2033677,351721003.9764927,877841005.142114,653196150.1730717
S5,2036,depression,direct_medical,avoided_prevalence_patient_year,219259.81269751117,3121.483646,2185.038552,4057.928739,DEP_INDEX_DIRECT,Mental-health-specific stream; no death or YLL stream,684415919.5603043,494436622.33327067,479091143.648361,346105635.6016099,889740695.2529876,642767608.9065335
S5,2037,depression,direct_medical,avoided_prevalence_patient_year,221736.2500844306,3121.483646,2185.038552,4057.928739,DEP_INDEX_DIRECT,Mental-health-specific stream; no death or YLL stream,692146078.3639163,485457333.51891965,484502254.8103941,339820133.43213946,899789901.6957021,631094533.4501784
S5,2038,depression,direct_medical,avoided_prevalence_patient_year,223652.24539375625,3121.483646,2185.038552,4057.928739,DEP_INDEX_DIRECT,Mental-health-specific stream; no death or YLL stream,698126826.387789,475390397.9139493,488688778.4267218,332773278.50930524,907564874.1252038,618007517.1662971
S5,2039,depression,direct_medical,avoided_prevalence_patient_year,225004.54196672534,3121.483646,2185.038552,4057.928739,DEP_INDEX_DIRECT,Mental-health-specific stream; no death or YLL stream,702347998.0248538,464334767.3752911,491643598.57239676,325034337.13295287,913052397.2523063,603635197.4688748
S5,2040,depression,direct_medical,avoided_prevalence_patient_year,225762.13003651187,3121.483646,2185.038552,4057.928739,DEP_INDEX_DIRECT,Mental-health-specific stream; no death or YLL stream,704712796.7950972,452328328.1062883,493298957.7114156,316629829.64542013,916126635.6530166,588026826.4222482
S5,2041,depression,direct_medical,avoided_prevalence_patient_year,226387.73442989148,3121.483646,2185.038552,4057.928739,DEP_INDEX_DIRECT,Mental-health-specific stream; no death or YLL stream,706665610.6778975,440370645.658258,494665927.4292506,308259451.9325651,918665293.7001565,572481839.2428735
S5,2042,depression,direct_medical,avoided_prevalence_patient_year,226998.92454619054,3121.483646,2185.038552,4057.928739,DEP_INDEX_DIRECT,Mental-health-specific stream; no death or YLL stream,708573430.6305218,428698578.62011456,496001401.3959654,300089005.00661254,921145459.638079,557308152.0962784
S5,2043,depression,direct_medical,avoided_prevalence_patient_year,227463.38554555087,3121.483646,2185.038552,4057.928739,DEP_INDEX_DIRECT,Mental-health-specific stream; no death or YLL stream,710023238.0442299,417063821.30943257,497016266.58546823,291944674.88988066,923030209.2755281,542182967.5953737
S5,2044,depression,direct_medical,avoided_prevalence_patient_year,227694.97334424665,3121.483646,2185.038552,4057.928739,DEP_INDEX_DIRECT,Mental-health-specific stream; no death or YLL stream,710746135.5704719,405328589.7264139,497522294.8537913,283730012.78251946,923969976.0594574,526927166.540457
S5,2045,depression,direct_medical,avoided_prevalence_patient_year,227703.07014594192,3121.483646,2185.038552,4057.928739,DEP_INDEX_DIRECT,Mental-health-specific stream; no death or YLL stream,710771409.6045486,393536896.2668825,497539986.67764336,275475827.361603,924002832.3037506,511597965.0460883
S5,2046,depression,direct_medical,avoided_prevalence_patient_year,227369.40695344174,3121.483646,2185.038552,4057.928739,DEP_INDEX_DIRECT,Mental-health-specific stream; no death or YLL stream,709729885.4058871,381514785.9909566,496810919.73864704,267060350.16922516,922648850.8457576,495969221.69046575
S5,2047,depression,direct_medical,avoided_prevalence_patient_year,226715.1385724287,3121.483646,2185.038552,4057.928739,DEP_INDEX_DIRECT,Mental-health-specific stream; no death or YLL stream,707687597.35446,369336850.026907,495381318.1027789,258535794.99517068,919993876.3794259,480137904.94032234
S5,2048,depression,direct_medical,avoided_prevalence_patient_year,225828.77457075508,3121.483646,2185.038552,4057.928739,DEP_INDEX_DIRECT,Mental-health-specific stream; no death or YLL stream,704920826.6188327,357177566.14400166,493444578.5880171,250024296.27791604,916397074.4238194,464330835.89566165
S5,2049,depression,direct_medical,avoided_prevalence_patient_year,224796.1281162515,3121.483646,2185.038552,4057.928739,DEP_INDEX_DIRECT,Mental-health-specific stream; no death or YLL stream,701697437.5989999,345188642.2579354,491188206.2743406,241632049.5584378,912206668.6988629,448745234.8468482
S5,2050,depression,direct_medical,avoided_prevalence_patient_year,223602.22727190683,3121.483646,2185.038552,4057.928739,DEP_INDEX_DIRECT,Mental-health-specific stream; no death or YLL stream,697970695.6384324,333354691.41834974,488579486.9021822,233348283.9714861,907361904.1510803,433361098.7584197
S6,2025,depression,direct_medical,avoided_prevalence_patient_year,20801.714298888804,3121.483646,2185.038552,4057.928739,DEP_INDEX_DIRECT,Mental-health-specific stream; no death or YLL stream,64932210.992745765,64932210.992745765,45452547.690761685,45452547.690761685,84411874.27392812,84411874.27392812
S6,2026,depression,direct_medical,avoided_prevalence_patient_year,127790.91755671261,3121.483646,2185.038552,4057.928739,DEP_INDEX_DIRECT,Mental-health-specific stream; no death or YLL stream,398897259.2606127,387278892.4860318,279228081.4568707,271095224.71540844,518566436.93656373,503462560.1325861
S6,2027,depression,direct_medical,avoided_prevalence_patient_year,217766.70590466275,3121.483646,2185.038552,4057.928739,DEP_INDEX_DIRECT,Mental-health-specific stream; no death or YLL stream,679755211.1246965,640734481.2184905,475828647.7437342,448514136.81189007,883681774.287892,832954825.4198247
S6,2028,depression,direct_medical,avoided_prevalence_patient_year,311254.6340128024,3121.483646,2185.038552,4057.928739,DEP_INDEX_DIRECT,Mental-health-specific stream; no death or YLL stream,971576249.8126781,889129901.4416941,680103374.8066237,622390930.9522175,1263049124.5074778,1155868871.6463287
S6,2029,depression,direct_medical,avoided_prevalence_patient_year,407961.50894833007,3121.483646,2185.038552,4057.928739,DEP_INDEX_DIRECT,Mental-health-specific stream; no death or YLL stream,1273445178.379695,1131439547.2210429,891411624.7841941,792007682.9822363,1655478731.5672343,1470871411.0973809
S6,2030,depression,direct_medical,avoided_prevalence_patient_year,507683.0025322063,3121.483646,2185.038552,4057.928739,DEP_INDEX_DIRECT,Mental-health-specific stream; no death or YLL stream,1584724189.7564585,1366997006.909998,1109306932.7279844,956897904.7494122,2060141446.2772498,1777096108.6326518
S6,2031,depression,direct_medical,avoided_prevalence_patient_year,610361.4404390308,3121.483646,2185.038552,4057.928739,DEP_INDEX_DIRECT,Mental-health-specific stream; no death or YLL stream,1905233254.4794376,1595602855.9366913,1333663278.013534,1116921999.0534503,2476803230.3349795,2074283712.308764
S6,2032,depression,direct_medical,avoided_prevalence_patient_year,717044.8625712438,3121.483646,2185.038552,4057.928739,DEP_INDEX_DIRECT,Mental-health-specific stream; no death or YLL stream,2238243811.964455,1819897043.8250878,1566770668.2317095,1273927930.5609567,2909716954.9801555,2365866156.5061955
S6,2033,depression,direct_medical,avoided_prevalence_patient_year,828494.0033305731,3121.483646,2185.038552,4057.928739,DEP_INDEX_DIRECT,Mental-health-specific stream; no death or YLL stream,2586130482.2054534,2041515283.7937357,1810291337.3781185,1429060698.5248108,3361969626.204294,2653969868.40864
S6,2034,depression,direct_medical,avoided_prevalence_patient_year,943770.837097692,3121.483646,2185.038552,4057.928739,DEP_INDEX_DIRECT,Mental-health-specific stream; no death or YLL stream,2945965233.5721755,2257837047.912316,2062175663.3117688,1580485933.3939567,3829754802.8888116,2935188161.707353
S6,2035,depression,direct_medical,avoided_prevalence_patient_year,959051.2894079091,3121.483646,2185.038552,4057.928739,DEP_INDEX_DIRECT,Mental-health-specific stream; no death or YLL stream,2993662915.5620017,2227566358.7216735,2095564040.7015908,1559296450.9624465,3891761789.463361,2895836265.767276
S6,2036,depression,direct_medical,avoided_prevalence_patient_year,972051.8362923053,3121.483646,2185.038552,4057.928739,DEP_INDEX_DIRECT,Mental-health-specific stream; no death or YLL stream,3034243910.0507,2192002359.010846,2123970736.8410797,1534401651.1671462,3944517082.2882686,2849603066.152315
S6,2037,depression,direct_medical,avoided_prevalence_patient_year,983030.7087076557,3121.483646,2185.038552,4057.928739,DEP_INDEX_DIRECT,Mental-health-specific stream; no death or YLL stream,3068514280.746737,2152194178.6005726,2147959996.32611,1506535924.8825054,3989068564.1843333,2797852431.629162
S6,2038,depression,direct_medical,avoided_prevalence_patient_year,991524.9545789924,3121.483646,2185.038552,4057.928739,DEP_INDEX_DIRECT,Mental-health-specific stream; no death or YLL stream,3095028930.3192177,2107564097.4185221,2166520251.0251474,1475294868.0579295,4023537608.621763,2739833326.103935
S6,2039,depression,direct_medical,avoided_prevalence_patient_year,997520.1360524879,3121.483646,2185.038552,4057.928739,DEP_INDEX_DIRECT,Mental-health-specific stream; no death or YLL stream,3113742791.243536,2058550802.0304687,2179619953.670971,1440985561.2894323,4047865627.8185806,2676116042.1120267
S6,2040,depression,direct_medical,avoided_prevalence_patient_year,1000878.7764952078,3121.483646,2185.038552,4057.928739,DEP_INDEX_DIRECT,Mental-health-specific stream; no death or YLL stream,3124226732.4582806,2005322254.6045551,2186958712.5206203,1403725578.0947032,4061494751.3950615,2606918930.4719806
S6,2041,depression,direct_medical,avoided_prevalence_patient_year,1003652.289305857,3121.483646,2185.038552,4057.928739,DEP_INDEX_DIRECT,Mental-health-specific stream; no death or YLL stream,3132884207.3386936,1952309862.4182866,2193018944.936355,1366616903.567712,4072749468.7373796,2538002820.643418
S6,2042,depression,direct_medical,avoided_prevalence_patient_year,1006361.8988214493,3121.483646,2185.038552,4057.928739,DEP_INDEX_DIRECT,Mental-health-specific stream; no death or YLL stream,3141342209.1286607,1900563698.5491831,2198939546.18879,1330394588.862655,4083744871.062169,2470732807.6268454
S6,2043,depression,direct_medical,avoided_prevalence_patient_year,1008421.0092519465,3121.483646,2185.038552,4057.928739,DEP_INDEX_DIRECT,Mental-health-specific stream; no death or YLL stream,3147769688.6627655,1848982941.138492,2203438781.8622518,1294288058.6784763,4092100594.4548583,2403677823.006167
S6,2044,depression,direct_medical,avoided_prevalence_patient_year,1009447.7151594975,3121.483646,2185.038552,4057.928739,DEP_INDEX_DIRECT,Mental-health-specific stream; no death or YLL stream,3150974534.3624377,1796956747.7871087,2205682173.8518167,1257869723.3358412,4096266893.8636107,2336043771.662702
S6,2045,depression,direct_medical,avoided_prevalence_patient_year,1009483.6109803461,3121.483646,2185.038552,4057.928739,DEP_INDEX_DIRECT,Mental-health-specific stream; no death or YLL stream,3151086582.5801764,1744680240.1165185,2205760607.6042266,1221276167.9697776,4096412556.5466423,2268084311.704333
S6,2046,depression,direct_medical,avoided_prevalence_patient_year,1008004.3708269286,3121.483646,2185.038552,4057.928739,DEP_INDEX_DIRECT,Mental-health-specific stream; no death or YLL stream,3146469158.632777,1691382217.893247,2202528410.8413434,1183967552.4169025,4090409905.416207,2198796882.8277392
S6,2047,depression,direct_medical,avoided_prevalence_patient_year,1005103.7810044377,3121.483646,2185.038552,4057.928739,DEP_INDEX_DIRECT,Mental-health-specific stream; no death or YLL stream,3137415014.938118,1637393368.4526274,2196190510.2556615,1146175357.8119278,4078639518.61547,2128611378.5687704
S6,2048,depression,direct_medical,avoided_prevalence_patient_year,1001174.2339303514,3121.483646,2185.038552,4057.928739,DEP_INDEX_DIRECT,Mental-health-specific stream; no death or YLL stream,3125148998.0101705,1583487209.90508,2187604298.406884,1108441046.8320987,4062693696.612282,2058533372.4707747
S6,2049,depression,direct_medical,avoided_prevalence_patient_year,996596.1679820525,3121.483646,2185.038552,4057.928739,DEP_INDEX_DIRECT,Mental-health-specific stream; no death or YLL stream,3110858640.022246,1530336314.0101867,2177601047.8162527,1071235419.7090788,4044116231.2316427,1989437207.8210354
S6,2050,depression,direct_medical,avoided_prevalence_patient_year,991303.2075721247,3121.483646,2185.038552,4057.928739,DEP_INDEX_DIRECT,Mental-health-specific stream; no death or YLL stream,3094336750.6637306,1477872465.2880237,2166035725.2663507,1034510725.6069262,4022637775.069807,1921234204.4956691
S7,2025,depression,direct_medical,avoided_prevalence_patient_year,55718.87758631185,3121.483646,2185.038552,4057.928739,DEP_INDEX_DIRECT,Mental-health-specific stream; no death or YLL stream,173925565.1591484,173925565.1591484,121747895.6002601,121747895.6002601,226103234.6623178,226103234.6623178
S7,2026,depression,direct_medical,avoided_prevalence_patient_year,342297.100598346,3121.483646,2185.038552,4057.928739,DEP_INDEX_DIRECT,Mental-health-specific stream; no death or YLL stream,1068474801.5909538,1037354176.3018969,747932361.0452082,726147923.3448623,1389017241.7944021,1348560428.926604
S7,2027,depression,direct_medical,avoided_prevalence_patient_year,583303.6765303428,3121.483646,2185.038552,4057.928739,DEP_INDEX_DIRECT,Mental-health-specific stream; no death or YLL stream,1820772886.941139,1716253074.6923735,1274541020.7421365,1201377152.1746974,2367004752.5568376,2231128996.6602297
S7,2028,depression,direct_medical,avoided_prevalence_patient_year,833717.7696771547,3121.483646,2185.038552,4057.928739,DEP_INDEX_DIRECT,Mental-health-specific stream; no death or YLL stream,2602436383.426833,2381597950.2902675,1821705468.2320397,1667118565.0505934,3383167297.787909,3096077334.766972
S7,2029,depression,direct_medical,avoided_prevalence_patient_year,1092754.0418258838,3121.483646,2185.038552,4057.928739,DEP_INDEX_DIRECT,Mental-health-specific stream; no death or YLL stream,3411013870.6598964,3030641644.3420787,2387709709.2433767,2121449150.8452754,4434318030.983662,3939834136.8679833
S7,2030,depression,direct_medical,avoided_prevalence_patient_year,1236241.077594661,3121.483646,2185.038552,4057.928739,DEP_INDEX_DIRECT,Mental-health-specific stream; no death or YLL stream,3858906306.225151,3328726477.865262,2701234414.1103573,2330108534.2924047,5016578197.1037035,4327344420.371726
S7,2031,depression,direct_medical,avoided_prevalence_patient_year,1257612.8580474525,3121.483646,2185.038552,4057.928739,DEP_INDEX_DIRECT,Mental-health-specific stream; no death or YLL stream,3925617969.3944426,3287643247.122301,2747932578.3245873,2301350272.774965,5103303359.206685,4273936220.4164066
S7,2032,depression,direct_medical,avoided_prevalence_patient_year,1280437.2545915057,3121.483646,2185.038552,4057.928739,DEP_INDEX_DIRECT,Mental-health-specific stream; no death or YLL stream,3996863949.936524,3249816149.687654,2797804764.699479,2274871304.5731354,5195923133.893131,4224760993.76106
S7,2033,depression,direct_medical,avoided_prevalence_patient_year,1305400.2153317924,3121.483646,2185.038552,4057.928739,DEP_INDEX_DIRECT,Mental-health-specific stream; no death or YLL stream,4074785423.6430683,3216673241.27166,2852349796.2890677,2251671268.684063,5297221049.6916685,4181675212.8287616
S7,2034,depression,direct_medical,avoided_prevalence_patient_year,1330503.999667802,3121.483646,2185.038552,4057.928739,DEP_INDEX_DIRECT,Mental-health-specific stream; no death or YLL stream,4153146475.9006333,3183040951.004212,2907202532.864342,2228128665.499004,5399090417.60642,4137953235.489699
S7,2035,depression,direct_medical,avoided_prevalence_patient_year,1352045.9907066438,3121.483646,2185.038552,4057.928739,DEP_INDEX_DIRECT,Mental-health-specific stream; no death or YLL stream,4220389448.6306567,3140366107.2204156,2954272613.7710505,2198256274.853081,5486506282.138217,4082475938.5817013
S7,2036,depression,direct_medical,avoided_prevalence_patient_year,1370373.829359457,3121.483646,2185.038552,4057.928739,DEP_INDEX_DIRECT,Mental-health-specific stream; no death or YLL stream,4277599497.25194,3090228889.582969,2994319647.802283,2163160222.510081,5560879345.331222,4017297555.665869
S7,2037,depression,direct_medical,avoided_prevalence_patient_year,1385851.5630277093,3121.483646,2185.038552,4057.928739,DEP_INDEX_DIRECT,Mental-health-specific stream; no death or YLL stream,4325912989.774533,3034108334.493287,3028139092.5650024,2123875833.9508991,5623686885.598211,3944340834.0636663
S7,2038,depression,direct_medical,avoided_prevalence_patient_year,1397826.5337109836,3121.483646,2185.038552,4057.928739,DEP_INDEX_DIRECT,Mental-health-specific stream; no death or YLL stream,4363292664.923703,2971189986.9621983,3054304865.1670265,2079832990.683168,5672280463.282553,3862546982.289376
S7,2039,depression,direct_medical,avoided_prevalence_patient_year,1406278.387292046,3121.483646,2185.038552,4057.928739,DEP_INDEX_DIRECT,Mental-health-specific stream; no death or YLL stream,4389674987.655376,2902092296.095596,3072772491.0775075,2031464607.0809736,5706577482.826966,3772719984.1805015
S7,2040,depression,direct_medical,avoided_prevalence_patient_year,1411013.3127282117,3121.483646,2185.038552,4057.928739,DEP_INDEX_DIRECT,Mental-health-specific stream; no death or YLL stream,4404454979.969397,2827052050.6643267,3083118485.696375,1978936435.2838936,5725791472.831405,3675167665.1390843
S7,2041,depression,direct_medical,avoided_prevalence_patient_year,1414923.3401868339,3121.483646,2185.038552,4057.928739,DEP_INDEX_DIRECT,Mental-health-specific stream; no death or YLL stream,4416660066.7368965,2752316535.3641357,3091662046.4328427,1926621574.5785484,5741658085.626027,3578011495.26799
S7,2042,depression,direct_medical,avoided_prevalence_patient_year,1418743.2784137027,3121.483646,2185.038552,4057.928739,DEP_INDEX_DIRECT,Mental-health-specific stream; no death or YLL stream,4428583941.440798,2679366116.375738,3100008758.7248096,1875556281.291344,5757159122.738043,3483175950.6017694
S7,2043,depression,direct_medical,avoided_prevalence_patient_year,1421646.1596597047,3121.483646,2185.038552,4057.928739,DEP_INDEX_DIRECT,Mental-health-specific stream; no death or YLL stream,4437645237.776473,2606648883.183975,3106351666.1592016,1824654218.061769,5768938807.972098,3388643547.471114
S7,2044,depression,direct_medical,avoided_prevalence_patient_year,1423093.5834015529,3121.483646,2185.038552,4057.928739,DEP_INDEX_DIRECT,Mental-health-specific stream; no death or YLL stream,4442163347.315484,2533303685.790107,3109514342.8362203,1773312579.8907607,5774812350.3716545,3293294790.8778825
S7,2045,depression,direct_medical,avoided_prevalence_patient_year,1423144.188412148,3121.483646,2185.038552,4057.928739,DEP_INDEX_DIRECT,Mental-health-specific stream; no death or YLL stream,4442321310.028463,2459605601.668035,3109624916.7352953,1721723921.0100322,5775017701.898486,3197487281.5380764
S7,2046,depression,direct_medical,avoided_prevalence_patient_year,1421058.793459022,3121.483646,2185.038552,4057.928739,DEP_INDEX_DIRECT,Mental-health-specific stream; no death or YLL stream,4435811783.786829,2384467412.443497,3105068248.3665686,1669127188.5576704,5766555317.786031,3099807635.5654354
S7,2047,depression,direct_medical,avoided_prevalence_patient_year,1416969.6160776906,3121.483646,2185.038552,4057.928739,DEP_INDEX_DIRECT,Mental-health-specific stream; no death or YLL stream,4423047483.46541,2308355312.668187,3096133238.142393,1615848718.7198298,5749961727.371457,3000861905.8770385
S7,2048,depression,direct_medical,avoided_prevalence_patient_year,1411429.8410672306,3121.483646,2185.038552,4057.928739,DEP_INDEX_DIRECT,Mental-health-specific stream; no death or YLL stream,4405755166.36774,2232359788.400028,3084028616.175132,1562651851.7369878,5727481715.148917,2902067724.3479085
S7,2049,depression,direct_medical,avoided_prevalence_patient_year,1404975.8007265835,3121.483646,2185.038552,4057.928739,DEP_INDEX_DIRECT,Mental-health-specific stream; no death or YLL stream,4385608984.993785,2157429014.112114,3069926289.2146544,1510200309.7402487,5701291679.36794,2804657717.7928243
S7,2050,depression,direct_medical,avoided_prevalence_patient_year,1397513.9204494294,3121.483646,2185.038552,4057.928739,DEP_INDEX_DIRECT,Mental-health-specific stream; no death or YLL stream,4362316847.740239,2083466821.3647034,3053621793.1386642,1458426774.8218002,5671011900.9443,2708506867.240146
S0,2025,dementia,direct_medical,avoided_prevalence_patient_year,0.0,44709.673134,22354.836567,67064.5097,DEM_DIRECT_MEDICAL,AD-to-all-dementia transfer retained as structural uncertainty,0.0,0.0,0.0,0.0,0.0,0.0
S0,2026,dementia,direct_medical,avoided_prevalence_patient_year,0.0,44709.673134,22354.836567,67064.5097,DEM_DIRECT_MEDICAL,AD-to-all-dementia transfer retained as structural uncertainty,0.0,0.0,0.0,0.0,0.0,0.0
S0,2027,dementia,direct_medical,avoided_prevalence_patient_year,0.0,44709.673134,22354.836567,67064.5097,DEM_DIRECT_MEDICAL,AD-to-all-dementia transfer retained as structural uncertainty,0.0,0.0,0.0,0.0,0.0,0.0
S0,2028,dementia,direct_medical,avoided_prevalence_patient_year,0.0,44709.673134,22354.836567,67064.5097,DEM_DIRECT_MEDICAL,AD-to-all-dementia transfer retained as structural uncertainty,0.0,0.0,0.0,0.0,0.0,0.0
S0,2029,dementia,direct_medical,avoided_prevalence_patient_year,0.0,44709.673134,22354.836567,67064.5097,DEM_DIRECT_MEDICAL,AD-to-all-dementia transfer retained as structural uncertainty,0.0,0.0,0.0,0.0,0.0,0.0
S0,2030,dementia,direct_medical,avoided_prevalence_patient_year,0.0,44709.673134,22354.836567,67064.5097,DEM_DIRECT_MEDICAL,AD-to-all-dementia transfer retained as structural uncertainty,0.0,0.0,0.0,0.0,0.0,0.0
S0,2031,dementia,direct_medical,avoided_prevalence_patient_year,0.0,44709.673134,22354.836567,67064.5097,DEM_DIRECT_MEDICAL,AD-to-all-dementia transfer retained as structural uncertainty,0.0,0.0,0.0,0.0,0.0,0.0
S0,2032,dementia,direct_medical,avoided_prevalence_patient_year,0.0,44709.673134,22354.836567,67064.5097,DEM_DIRECT_MEDICAL,AD-to-all-dementia transfer retained as structural uncertainty,0.0,0.0,0.0,0.0,0.0,0.0
S0,2033,dementia,direct_medical,avoided_prevalence_patient_year,0.0,44709.673134,22354.836567,67064.5097,DEM_DIRECT_MEDICAL,AD-to-all-dementia transfer retained as structural uncertainty,0.0,0.0,0.0,0.0,0.0,0.0
S0,2034,dementia,direct_medical,avoided_prevalence_patient_year,0.0,44709.673134,22354.836567,67064.5097,DEM_DIRECT_MEDICAL,AD-to-all-dementia transfer retained as structural uncertainty,0.0,0.0,0.0,0.0,0.0,0.0
S0,2035,dementia,direct_medical,avoided_prevalence_patient_year,0.0,44709.673134,22354.836567,67064.5097,DEM_DIRECT_MEDICAL,AD-to-all-dementia transfer retained as structural uncertainty,0.0,0.0,0.0,0.0,0.0,0.0
S0,2036,dementia,direct_medical,avoided_prevalence_patient_year,0.0,44709.673134,22354.836567,67064.5097,DEM_DIRECT_MEDICAL,AD-to-all-dementia transfer retained as structural uncertainty,0.0,0.0,0.0,0.0,0.0,0.0
S0,2037,dementia,direct_medical,avoided_prevalence_patient_year,0.0,44709.673134,22354.836567,67064.5097,DEM_DIRECT_MEDICAL,AD-to-all-dementia transfer retained as structural uncertainty,0.0,0.0,0.0,0.0,0.0,0.0
S0,2038,dementia,direct_medical,avoided_prevalence_patient_year,0.0,44709.673134,22354.836567,67064.5097,DEM_DIRECT_MEDICAL,AD-to-all-dementia transfer retained as structural uncertainty,0.0,0.0,0.0,0.0,0.0,0.0
S0,2039,dementia,direct_medical,avoided_prevalence_patient_year,0.0,44709.673134,22354.836567,67064.5097,DEM_DIRECT_MEDICAL,AD-to-all-dementia transfer retained as structural uncertainty,0.0,0.0,0.0,0.0,0.0,0.0
S0,2040,dementia,direct_medical,avoided_prevalence_patient_year,0.0,44709.673134,22354.836567,67064.5097,DEM_DIRECT_MEDICAL,AD-to-all-dementia transfer retained as structural uncertainty,0.0,0.0,0.0,0.0,0.0,0.0
S0,2041,dementia,direct_medical,avoided_prevalence_patient_year,0.0,44709.673134,22354.836567,67064.5097,DEM_DIRECT_MEDICAL,AD-to-all-dementia transfer retained as structural uncertainty,0.0,0.0,0.0,0.0,0.0,0.0
S0,2042,dementia,direct_medical,avoided_prevalence_patient_year,0.0,44709.673134,22354.836567,67064.5097,DEM_DIRECT_MEDICAL,AD-to-all-dementia transfer retained as structural uncertainty,0.0,0.0,0.0,0.0,0.0,0.0
S0,2043,dementia,direct_medical,avoided_prevalence_patient_year,0.0,44709.673134,22354.836567,67064.5097,DEM_DIRECT_MEDICAL,AD-to-all-dementia transfer retained as structural uncertainty,0.0,0.0,0.0,0.0,0.0,0.0
S0,2044,dementia,direct_medical,avoided_prevalence_patient_year,0.0,44709.673134,22354.836567,67064.5097,DEM_DIRECT_MEDICAL,AD-to-all-dementia transfer retained as structural uncertainty,0.0,0.0,0.0,0.0,0.0,0.0
S0,2045,dementia,direct_medical,avoided_prevalence_patient_year,0.0,44709.673134,22354.836567,67064.5097,DEM_DIRECT_MEDICAL,AD-to-all-dementia transfer retained as structural uncertainty,0.0,0.0,0.0,0.0,0.0,0.0
S0,2046,dementia,direct_medical,avoided_prevalence_patient_year,0.0,44709.673134,22354.836567,67064.5097,DEM_DIRECT_MEDICAL,AD-to-all-dementia transfer retained as structural uncertainty,0.0,0.0,0.0,0.0,0.0,0.0
S0,2047,dementia,direct_medical,avoided_prevalence_patient_year,0.0,44709.673134,22354.836567,67064.5097,DEM_DIRECT_MEDICAL,AD-to-all-dementia transfer retained as structural uncertainty,0.0,0.0,0.0,0.0,0.0,0.0
S0,2048,dementia,direct_medical,avoided_prevalence_patient_year,0.0,44709.673134,22354.836567,67064.5097,DEM_DIRECT_MEDICAL,AD-to-all-dementia transfer retained as structural uncertainty,0.0,0.0,0.0,0.0,0.0,0.0
S0,2049,dementia,direct_medical,avoided_prevalence_patient_year,0.0,44709.673134,22354.836567,67064.5097,DEM_DIRECT_MEDICAL,AD-to-all-dementia transfer retained as structural uncertainty,0.0,0.0,0.0,0.0,0.0,0.0
S0,2050,dementia,direct_medical,avoided_prevalence_patient_year,0.0,44709.673134,22354.836567,67064.5097,DEM_DIRECT_MEDICAL,AD-to-all-dementia transfer retained as structural uncertainty,0.0,0.0,0.0,0.0,0.0,0.0
S1,2025,dementia,direct_medical,avoided_prevalence_patient_year,0.0,44709.673134,22354.836567,67064.5097,DEM_DIRECT_MEDICAL,AD-to-all-dementia transfer retained as structural uncertainty,0.0,0.0,0.0,0.0,0.0,0.0
S1,2026,dementia,direct_medical,avoided_prevalence_patient_year,0.0,44709.673134,22354.836567,67064.5097,DEM_DIRECT_MEDICAL,AD-to-all-dementia transfer retained as structural uncertainty,0.0,0.0,0.0,0.0,0.0,0.0
S1,2027,dementia,direct_medical,avoided_prevalence_patient_year,0.0,44709.673134,22354.836567,67064.5097,DEM_DIRECT_MEDICAL,AD-to-all-dementia transfer retained as structural uncertainty,0.0,0.0,0.0,0.0,0.0,0.0
S1,2028,dementia,direct_medical,avoided_prevalence_patient_year,0.0,44709.673134,22354.836567,67064.5097,DEM_DIRECT_MEDICAL,AD-to-all-dementia transfer retained as structural uncertainty,0.0,0.0,0.0,0.0,0.0,0.0
S1,2029,dementia,direct_medical,avoided_prevalence_patient_year,0.0,44709.673134,22354.836567,67064.5097,DEM_DIRECT_MEDICAL,AD-to-all-dementia transfer retained as structural uncertainty,0.0,0.0,0.0,0.0,0.0,0.0
S1,2030,dementia,direct_medical,avoided_prevalence_patient_year,5658.725613729433,44709.673134,22354.836567,67064.5097,DEM_DIRECT_MEDICAL,AD-to-all-dementia transfer retained as structural uncertainty,252999772.54483646,218239826.24437135,126499886.27241823,109119913.12218568,379499658.811596,327359739.3616758
S1,2031,dementia,direct_medical,avoided_prevalence_patient_year,11790.494123003244,44709.673134,22354.836567,67064.5097,DEM_DIRECT_MEDICAL,AD-to-all-dementia transfer retained as structural uncertainty,527149138.327823,441479104.2739057,263574569.1639115,220739552.13695285,790723707.479944,662218656.4009842
S1,2032,dementia,direct_medical,avoided_prevalence_patient_year,18624.896063527172,44709.673134,22354.836567,67064.5097,DEM_DIRECT_MEDICAL,AD-to-all-dementia transfer retained as structural uncertainty,832713015.1550231,677071884.0076786,416356507.57751155,338535942.0038393,1249069522.7139099,1015607825.9963744
S1,2033,dementia,direct_medical,avoided_prevalence_patient_year,26683.08710262754,44709.673134,22354.836567,67064.5097,DEM_DIRECT_MEDICAL,AD-to-all-dementia transfer retained as structural uncertainty,1192992102.5645285,941758982.2280364,596496051.2822642,470879491.1140182,1789488153.8201096,1412638473.3209908
S1,2034,dementia,direct_medical,avoided_prevalence_patient_year,35884.192126770715,44709.673134,22354.836567,67064.5097,DEM_DIRECT_MEDICAL,AD-to-all-dementia transfer retained as structural uncertainty,1604370500.6655748,1229616396.5886183,802185250.3327874,614808198.2943091,2406555750.962478,1844424594.8554251
S1,2035,dementia,direct_medical,avoided_prevalence_patient_year,45822.477368147214,44709.673134,22354.836567,67064.5097,DEM_DIRECT_MEDICAL,AD-to-all-dementia transfer retained as structural uncertainty,2048707985.3199744,1524431145.2769217,1024353992.6599872,762215572.6384609,3073061977.9341393,2286646717.8812866
S1,2036,dementia,direct_medical,avoided_prevalence_patient_year,56456.547582719504,44709.673134,22354.836567,67064.5097,DEM_DIRECT_MEDICAL,AD-to-all-dementia transfer retained as structural uncertainty,2524153788.697507,1823502402.362455,1262076894.3487535,911751201.1812274,3786230682.9898033,2735253603.5028963
S1,2037,dementia,direct_medical,avoided_prevalence_patient_year,67506.05895324665,44709.673134,22354.836567,67064.5097,DEM_DIRECT_MEDICAL,AD-to-all-dementia transfer retained as structural uncertainty,3018173830.364192,2116886399.542403,1509086915.182096,1058443199.7712015,4527260745.478782,3175329599.266257
S1,2038,dementia,direct_medical,avoided_prevalence_patient_year,79186.75966666243,44709.673134,22354.836567,67064.5097,DEM_DIRECT_MEDICAL,AD-to-all-dementia transfer retained as structural uncertainty,3540414141.237092,2410849753.6061926,1770207070.618546,1205424876.8030963,5310621211.776451,3616274630.355366
S1,2039,dementia,direct_medical,avoided_prevalence_patient_year,91518.34827188232,44709.673134,22354.836567,67064.5097,DEM_DIRECT_MEDICAL,AD-to-all-dementia transfer retained as structural uncertainty,4091755436.999432,2705132376.455469,2045877718.499716,1352566188.2277346,6137633155.40763,4057698564.6226993
S1,2040,dementia,direct_medical,avoided_prevalence_patient_year,94598.89758724163,44709.673134,22354.836567,67064.5097,DEM_DIRECT_MEDICAL,AD-to-all-dementia transfer retained as structural uncertainty,4229485789.9623146,2714745985.631955,2114742894.9811573,1357372992.8159776,6344228684.848873,4072118978.387213
S1,2041,dementia,direct_medical,avoided_prevalence_patient_year,97489.44039475251,44709.673134,22354.836567,67064.5097,DEM_DIRECT_MEDICAL,AD-to-all-dementia transfer retained as structural uncertainty,4358721014.065961,2716210833.249876,2179360507.0329804,1358105416.624938,6538081521.0014515,4074316249.8140616
S1,2042,dementia,direct_medical,avoided_prevalence_patient_year,100038.12215920186,44709.673134,22354.836567,67064.5097,DEM_DIRECT_MEDICAL,AD-to-all-dementia transfer retained as structural uncertainty,4472671742.677077,2706039961.1848226,2236335871.3385386,1353019980.5924113,6709007613.915577,4059059941.7167087
S1,2043,dementia,direct_medical,avoided_prevalence_patient_year,102307.35404726202,44709.673134,22354.836567,67064.5097,DEM_DIRECT_MEDICAL,AD-to-all-dementia transfer retained as structural uncertainty,4574128358.657496,2686818332.4201293,2287064179.328748,1343409166.2100646,6861192537.883938,4030227498.5701
S1,2044,dementia,direct_medical,avoided_prevalence_patient_year,104210.77330316861,44709.673134,22354.836567,67064.5097,DEM_DIRECT_MEDICAL,AD-to-all-dementia transfer retained as structural uncertainty,4659229611.426042,2657093543.1046243,2329614805.713021,1328546771.5523121,6988844417.034852,3985640314.597507
S1,2045,dementia,direct_medical,avoided_prevalence_patient_year,105624.80540694126,44709.673134,22354.836567,67064.5097,DEM_DIRECT_MEDICAL,AD-to-all-dementia transfer retained as structural uncertainty,4722450524.5866995,2614706355.808192,2361225262.2933497,1307353177.904096,7083675786.774425,3922059533.6538057
S1,2046,dementia,direct_medical,avoided_prevalence_patient_year,106626.64285520861,44709.673134,22354.836567,67064.5097,DEM_DIRECT_MEDICAL,AD-to-all-dementia transfer retained as structural uncertainty,4767242349.432134,2562627673.020262,2383621174.716067,1281313836.510131,7150863524.041574,3843941509.473076
S1,2047,dementia,direct_medical,avoided_prevalence_patient_year,107302.16253967014,44709.673134,22354.836567,67064.5097,DEM_DIRECT_MEDICAL,AD-to-all-dementia transfer retained as structural uncertainty,4797444613.719991,2503750367.300013,2398722306.8599954,1251875183.6500065,7196166920.472684,3755625550.8940196
S1,2048,dementia,direct_medical,avoided_prevalence_patient_year,107729.34502777837,44709.673134,22354.836567,67064.5097,DEM_DIRECT_MEDICAL,AD-to-all-dementia transfer retained as structural uncertainty,4816543803.131879,2440503000.9971004,2408271901.5659394,1220251500.4985502,7224815704.590089,3660754501.4410653
S1,2049,dementia,direct_medical,avoided_prevalence_patient_year,108181.01903835675,44709.673134,22354.836567,67064.5097,DEM_DIRECT_MEDICAL,AD-to-all-dementia transfer retained as structural uncertainty,4836738000.507961,2379354596.2851667,2418369000.2539806,1189677298.1425834,7255107000.653761,3569031894.3745327
S1,2050,dementia,direct_medical,avoided_prevalence_patient_year,108771.44862666976,44709.673134,22354.836567,67064.5097,DEM_DIRECT_MEDICAL,AD-to-all-dementia transfer retained as structural uncertainty,4863135914.410078,2322660796.7986445,2431567957.205039,1161330398.3993223,7294703871.506346,3483991195.146017
S2,2025,dementia,direct_medical,avoided_prevalence_patient_year,0.0,44709.673134,22354.836567,67064.5097,DEM_DIRECT_MEDICAL,AD-to-all-dementia transfer retained as structural uncertainty,0.0,0.0,0.0,0.0,0.0,0.0
S2,2026,dementia,direct_medical,avoided_prevalence_patient_year,0.0,44709.673134,22354.836567,67064.5097,DEM_DIRECT_MEDICAL,AD-to-all-dementia transfer retained as structural uncertainty,0.0,0.0,0.0,0.0,0.0,0.0
S2,2027,dementia,direct_medical,avoided_prevalence_patient_year,0.0,44709.673134,22354.836567,67064.5097,DEM_DIRECT_MEDICAL,AD-to-all-dementia transfer retained as structural uncertainty,0.0,0.0,0.0,0.0,0.0,0.0
S2,2028,dementia,direct_medical,avoided_prevalence_patient_year,0.0,44709.673134,22354.836567,67064.5097,DEM_DIRECT_MEDICAL,AD-to-all-dementia transfer retained as structural uncertainty,0.0,0.0,0.0,0.0,0.0,0.0
S2,2029,dementia,direct_medical,avoided_prevalence_patient_year,0.0,44709.673134,22354.836567,67064.5097,DEM_DIRECT_MEDICAL,AD-to-all-dementia transfer retained as structural uncertainty,0.0,0.0,0.0,0.0,0.0,0.0
S2,2030,dementia,direct_medical,avoided_prevalence_patient_year,16976.17684118816,44709.673134,22354.836567,67064.5097,DEM_DIRECT_MEDICAL,AD-to-all-dementia transfer retained as structural uncertainty,758999317.6345032,654719478.7331088,379499658.8172516,327359739.3665544,1138498976.4347787,982079218.0850194
S2,2031,dementia,direct_medical,avoided_prevalence_patient_year,35371.48236901036,44709.673134,22354.836567,67064.5097,DEM_DIRECT_MEDICAL,AD-to-all-dementia transfer retained as structural uncertainty,1581447414.983497,1324437312.8217404,790723707.4917485,662218656.4108702,2372171122.439874,1986655969.202988
S2,2032,dementia,direct_medical,avoided_prevalence_patient_year,55874.68819058122,44709.673134,22354.836567,67064.5097,DEM_DIRECT_MEDICAL,AD-to-all-dementia transfer retained as structural uncertainty,2498139045.465056,2031215652.023025,1249069522.732528,1015607826.0115125,3747208568.1417093,3046823477.9891067
S2,2033,dementia,direct_medical,avoided_prevalence_patient_year,80049.26130788412,44709.673134,22354.836567,67064.5097,DEM_DIRECT_MEDICAL,AD-to-all-dementia transfer retained as structural uncertainty,3578976307.693652,2825276946.684162,1789488153.846826,1412638473.342081,5368464461.460429,4237915419.9630513
S2,2034,dementia,direct_medical,avoided_prevalence_patient_year,107652.57638031285,44709.673134,22354.836567,67064.5097,DEM_DIRECT_MEDICAL,AD-to-all-dementia transfer retained as structural uncertainty,4813111501.996756,3688849189.765878,2406555750.998378,1844424594.882939,7219667252.887482,5533273784.566312
S2,2035,dementia,direct_medical,avoided_prevalence_patient_year,137467.4321044486,44709.673134,22354.836567,67064.5097,DEM_DIRECT_MEDICAL,AD-to-all-dementia transfer retained as structural uncertainty,6146123955.960235,4573293435.830997,3073061977.9801173,2286646717.9154987,9219185933.802885,6859940153.644208
S2,2036,dementia,direct_medical,avoided_prevalence_patient_year,169369.64274815744,44709.673134,22354.836567,67064.5097,DEM_DIRECT_MEDICAL,AD-to-all-dementia transfer retained as structural uncertainty,7572461366.092472,5470507207.08733,3786230683.046236,2735253603.543665,11358692048.969337,8205760810.508637
S2,2037,dementia,direct_medical,avoided_prevalence_patient_year,202518.17685974203,44709.673134,22354.836567,67064.5097,DEM_DIRECT_MEDICAL,AD-to-all-dementia transfer retained as structural uncertainty,9054521491.092669,6350659198.627274,4527260745.546334,3175329599.313637,13581782236.436483,9525988797.798868
S2,2038,dementia,direct_medical,avoided_prevalence_patient_year,237560.27899998444,44709.673134,22354.836567,67064.5097,DEM_DIRECT_MEDICAL,AD-to-all-dementia transfer retained as structural uncertainty,10621242423.711147,7232549260.81849,5310621211.855574,3616274630.409245,15931863635.32916,10848823891.065968
S2,2039,dementia,direct_medical,avoided_prevalence_patient_year,274555.0448156495,44709.673134,22354.836567,67064.5097,DEM_DIRECT_MEDICAL,AD-to-all-dementia transfer retained as structural uncertainty,12275266310.99841,8115397129.366482,6137633155.499205,4057698564.683241,18412899466.22306,12173095693.86821
S2,2040,dementia,direct_medical,avoided_prevalence_patient_year,283796.69276172755,44709.673134,22354.836567,67064.5097,DEM_DIRECT_MEDICAL,AD-to-all-dementia transfer retained as structural uncertainty,12688457369.887062,8144237956.895941,6344228684.943531,4072118978.4479704,19032686054.546795,12216356935.161753
S2,2041,dementia,direct_medical,avoided_prevalence_patient_year,292468.32118426025,44709.673134,22354.836567,67064.5097,DEM_DIRECT_MEDICAL,AD-to-all-dementia transfer retained as structural uncertainty,13076163042.198002,8148632499.749702,6538081521.099001,4074316249.874851,19614244563.004536,12222948749.442297
S2,2042,dementia,direct_medical,avoided_prevalence_patient_year,300114.3664776084,44709.673134,22354.836567,67064.5097,DEM_DIRECT_MEDICAL,AD-to-all-dementia transfer retained as structural uncertainty,13418015228.031357,8118119883.5545435,6709007614.015678,4059059941.7772717,20127022841.74692,12177179825.150242
S2,2043,dementia,direct_medical,avoided_prevalence_patient_year,306922.06214178895,44709.673134,22354.836567,67064.5097,DEM_DIRECT_MEDICAL,AD-to-all-dementia transfer retained as structural uncertainty,13722385075.972618,8060454997.260464,6861192537.986309,4030227498.630232,20583577613.652008,12090682495.710413
S2,2044,dementia,direct_medical,avoided_prevalence_patient_year,312632.3199095088,44709.673134,22354.836567,67064.5097,DEM_DIRECT_MEDICAL,AD-to-all-dementia transfer retained as structural uncertainty,13977688834.278257,7971280629.313949,6988844417.139129,3985640314.6569743,20966533251.104755,11956920943.792635
S2,2045,dementia,direct_medical,avoided_prevalence_patient_year,316874.4162208268,44709.673134,22354.836567,67064.5097,DEM_DIRECT_MEDICAL,AD-to-all-dementia transfer retained as structural uncertainty,14167351573.760233,7844119067.42465,7083675786.880116,3922059533.712325,21251027360.323475,11766178600.961529
S2,2046,dementia,direct_medical,avoided_prevalence_patient_year,319879.9285656289,44709.673134,22354.836567,67064.5097,DEM_DIRECT_MEDICAL,AD-to-all-dementia transfer retained as structural uncertainty,14301727048.296535,7687883019.060858,7150863524.148268,3843941509.530429,21452590572.124924,11531824528.419336
S2,2047,dementia,direct_medical,avoided_prevalence_patient_year,321906.4876190135,44709.673134,22354.836567,67064.5097,DEM_DIRECT_MEDICAL,AD-to-all-dementia transfer retained as structural uncertainty,14392333841.160112,7511251101.900112,7196166920.580056,3755625550.950056,21588500761.418262,11266876652.682169
S2,2048,dementia,direct_medical,avoided_prevalence_patient_year,323188.03508333815,44709.673134,22354.836567,67064.5097,DEM_DIRECT_MEDICAL,AD-to-all-dementia transfer retained as structural uncertainty,14449631409.395773,7321509002.99137,7224815704.697886,3660754501.495685,21674447113.77047,10982263504.323298
S2,2049,dementia,direct_medical,avoided_prevalence_patient_year,324543.0571150733,44709.673134,22354.836567,67064.5097,DEM_DIRECT_MEDICAL,AD-to-all-dementia transfer retained as structural uncertainty,14510214001.52402,7138063788.855567,7255107000.76201,3569031894.4277835,21765321001.961487,10707095683.123697
S2,2050,dementia,direct_medical,avoided_prevalence_patient_year,326314.34588001244,44709.673134,22354.836567,67064.5097,DEM_DIRECT_MEDICAL,AD-to-all-dementia transfer retained as structural uncertainty,14589407743.230375,6967982390.396002,7294703871.615188,3483991195.198001,21884111614.51925,10451973585.438152
S3,2025,dementia,direct_medical,avoided_prevalence_patient_year,0.0,44709.673134,22354.836567,67064.5097,DEM_DIRECT_MEDICAL,AD-to-all-dementia transfer retained as structural uncertainty,0.0,0.0,0.0,0.0,0.0,0.0
S3,2026,dementia,direct_medical,avoided_prevalence_patient_year,0.0,44709.673134,22354.836567,67064.5097,DEM_DIRECT_MEDICAL,AD-to-all-dementia transfer retained as structural uncertainty,0.0,0.0,0.0,0.0,0.0,0.0
S3,2027,dementia,direct_medical,avoided_prevalence_patient_year,0.0,44709.673134,22354.836567,67064.5097,DEM_DIRECT_MEDICAL,AD-to-all-dementia transfer retained as structural uncertainty,0.0,0.0,0.0,0.0,0.0,0.0
S3,2028,dementia,direct_medical,avoided_prevalence_patient_year,0.0,44709.673134,22354.836567,67064.5097,DEM_DIRECT_MEDICAL,AD-to-all-dementia transfer retained as structural uncertainty,0.0,0.0,0.0,0.0,0.0,0.0
S3,2029,dementia,direct_medical,avoided_prevalence_patient_year,0.0,44709.673134,22354.836567,67064.5097,DEM_DIRECT_MEDICAL,AD-to-all-dementia transfer retained as structural uncertainty,0.0,0.0,0.0,0.0,0.0,0.0
S3,2030,dementia,direct_medical,avoided_prevalence_patient_year,15250.265529000415,44709.673134,22354.836567,67064.5097,DEM_DIRECT_MEDICAL,AD-to-all-dementia transfer retained as structural uncertainty,681834387.0083162,588156331.7285652,340917193.5041581,294078165.8642826,1022751580.4972239,882234497.5796926
S3,2031,dementia,direct_medical,avoided_prevalence_patient_year,37552.72378176659,44709.673134,22354.836567,67064.5097,DEM_DIRECT_MEDICAL,AD-to-all-dementia transfer retained as structural uncertainty,1678970005.5741725,1406110947.1124368,839485002.7870862,703055473.5562184,2518455008.3237057,2109166420.637205
S3,2032,dementia,direct_medical,avoided_prevalence_patient_year,68446.49303346149,44709.673134,22354.836567,67064.5097,DEM_DIRECT_MEDICAL,AD-to-all-dementia transfer retained as structural uncertainty,3060220330.694671,2488239173.7281876,1530110165.3473356,1244119586.8640938,4590330495.97356,3732358760.5366282
S3,2033,dementia,direct_medical,avoided_prevalence_patient_year,111135.0577824443,44709.673134,22354.836567,67064.5097,DEM_DIRECT_MEDICAL,AD-to-all-dementia transfer retained as structural uncertainty,4968812107.181288,3922426160.9797926,2484406053.590644,1961213080.4898963,7453218160.660796,5883639241.381958
S3,2034,dementia,direct_medical,avoided_prevalence_patient_year,167040.9143501171,44709.673134,22354.836567,67064.5097,DEM_DIRECT_MEDICAL,AD-to-all-dementia transfer retained as structural uncertainty,7468344680.598225,5723864326.119998,3734172340.2991123,2861932163.059999,11202517020.730295,8585796489.051972
S3,2035,dementia,direct_medical,avoided_prevalence_patient_year,213303.6321487418,44709.673134,22354.836567,67064.5097,DEM_DIRECT_MEDICAL,AD-to-all-dementia transfer retained as structural uncertainty,9536735671.66522,7096226981.264622,4768367835.83261,3548113490.632311,14305103507.284525,10644340471.738213
S3,2036,dementia,direct_medical,avoided_prevalence_patient_year,262805.22899755574,44709.673134,22354.836567,67064.5097,DEM_DIRECT_MEDICAL,AD-to-all-dementia transfer retained as structural uncertainty,11749935886.386734,8488403682.997111,5874967943.193367,4244201841.4985557,17624903829.317295,12732605524.30581
S3,2037,dementia,direct_medical,avoided_prevalence_patient_year,314240.70442736946,44709.673134,22354.836567,67064.5097,DEM_DIRECT_MEDICAL,AD-to-all-dementia transfer retained as structural uncertainty,14049599180.345594,9854106189.870083,7024799590.172797,4927053094.935041,21074398770.20415,14781159284.584723
S3,2038,dementia,direct_medical,avoided_prevalence_patient_year,368614.36624830775,44709.673134,22354.836567,67064.5097,DEM_DIRECT_MEDICAL,AD-to-all-dementia transfer retained as structural uncertainty,16480627827.4584,11222505603.036648,8240313913.7292,5611252801.518324,24720941740.818985,16833758404.303963
S3,2039,dementia,direct_medical,avoided_prevalence_patient_year,426017.911205631,44709.673134,22354.836567,67064.5097,DEM_DIRECT_MEDICAL,AD-to-all-dementia transfer retained as structural uncertainty,19047121559.233196,12592391212.400763,9523560779.616598,6296195606.200381,28570682338.423775,18888586818.319496
S3,2040,dementia,direct_medical,avoided_prevalence_patient_year,440357.8682686292,44709.673134,22354.836567,67064.5097,DEM_DIRECT_MEDICAL,AD-to-all-dementia transfer retained as structural uncertainty,19688256352.27544,12637142563.117306,9844128176.13772,6318571281.558653,29532384527.9728,18955713844.39331
S3,2041,dementia,direct_medical,avoided_prevalence_patient_year,453813.34503759304,44709.673134,22354.836567,67064.5097,DEM_DIRECT_MEDICAL,AD-to-all-dementia transfer retained as structural uncertainty,20289846320.477943,12643961428.77873,10144923160.238972,6321980714.389365,30434769480.263103,18965942142.885296
S3,2042,dementia,direct_medical,avoided_prevalence_patient_year,465677.45865110535,44709.673134,22354.836567,67064.5097,DEM_DIRECT_MEDICAL,AD-to-all-dementia transfer retained as structural uncertainty,20820286962.16272,12596616019.315908,10410143481.08136,6298308009.657954,31230430442.7784,18894924028.69212
S3,2043,dementia,direct_medical,avoided_prevalence_patient_year,476240.73309002584,44709.673134,22354.836567,67064.5097,DEM_DIRECT_MEDICAL,AD-to-all-dementia transfer retained as structural uncertainty,21292567509.55159,12507139337.416258,10646283754.775795,6253569668.708129,31938851263.851147,18760709005.844646
S3,2044,dementia,direct_medical,avoided_prevalence_patient_year,485101.1497262714,44709.673134,22354.836567,67064.5097,DEM_DIRECT_MEDICAL,AD-to-all-dementia transfer retained as structural uncertainty,21688713841.189186,12368770443.152576,10844356920.594593,6184385221.576288,32533070761.29868,18553155664.452217
S3,2045,dementia,direct_medical,avoided_prevalence_patient_year,491683.4691693336,44709.673134,22354.836567,67064.5097,DEM_DIRECT_MEDICAL,AD-to-all-dementia transfer retained as structural uncertainty,21983007191.95207,12171458086.287676,10991503595.976034,6085729043.143838,32974510787.43642,18257187129.159283
S3,2046,dementia,direct_medical,avoided_prevalence_patient_year,496347.0224910182,44709.673134,22354.836567,67064.5097,DEM_DIRECT_MEDICAL,AD-to-all-dementia transfer retained as structural uncertainty,22191513136.607567,11929031817.90985,11095756568.303783,5964515908.954925,33287269704.415005,17893547726.59796
S3,2047,dementia,direct_medical,avoided_prevalence_patient_year,499491.5666221867,44709.673134,22354.836567,67064.5097,DEM_DIRECT_MEDICAL,AD-to-all-dementia transfer retained as structural uncertainty,22332104676.86755,11654957959.78208,11166052338.433775,5827478979.89104,33498157014.801834,17482436939.412437
S3,2048,dementia,direct_medical,avoided_prevalence_patient_year,501480.1011043306,44709.673134,22354.836567,67064.5097,DEM_DIRECT_MEDICAL,AD-to-all-dementia transfer retained as structural uncertainty,22421011403.57989,11360541469.642008,11210505701.789946,5680270734.821004,33631517104.86836,17040812204.208916
S3,2049,dementia,direct_medical,avoided_prevalence_patient_year,503582.64362357307,44709.673134,22354.836567,67064.5097,DEM_DIRECT_MEDICAL,AD-to-all-dementia transfer retained as structural uncertainty,22515015392.36556,11075895645.707943,11257507696.18278,5537947822.8539715,33772523088.044758,16613843468.314188
S3,2050,dementia,direct_medical,avoided_prevalence_patient_year,506331.09335717035,44709.673134,22354.836567,67064.5097,DEM_DIRECT_MEDICAL,AD-to-all-dementia transfer retained as structural uncertainty,22637897681.57992,10811986009.098173,11318948840.78996,5405993004.549087,33956846521.863552,16217979013.405432
S4,2025,dementia,direct_medical,avoided_prevalence_patient_year,0.0,44709.673134,22354.836567,67064.5097,DEM_DIRECT_MEDICAL,AD-to-all-dementia transfer retained as structural uncertainty,0.0,0.0,0.0,0.0,0.0,0.0
S4,2026,dementia,direct_medical,avoided_prevalence_patient_year,0.0,44709.673134,22354.836567,67064.5097,DEM_DIRECT_MEDICAL,AD-to-all-dementia transfer retained as structural uncertainty,0.0,0.0,0.0,0.0,0.0,0.0
S4,2027,dementia,direct_medical,avoided_prevalence_patient_year,0.0,44709.673134,22354.836567,67064.5097,DEM_DIRECT_MEDICAL,AD-to-all-dementia transfer retained as structural uncertainty,0.0,0.0,0.0,0.0,0.0,0.0
S4,2028,dementia,direct_medical,avoided_prevalence_patient_year,0.0,44709.673134,22354.836567,67064.5097,DEM_DIRECT_MEDICAL,AD-to-all-dementia transfer retained as structural uncertainty,0.0,0.0,0.0,0.0,0.0,0.0
S4,2029,dementia,direct_medical,avoided_prevalence_patient_year,0.0,44709.673134,22354.836567,67064.5097,DEM_DIRECT_MEDICAL,AD-to-all-dementia transfer retained as structural uncertainty,0.0,0.0,0.0,0.0,0.0,0.0
S4,2030,dementia,direct_medical,avoided_prevalence_patient_year,28293.62806864701,44709.673134,22354.836567,67064.5097,DEM_DIRECT_MEDICAL,AD-to-all-dementia transfer retained as structural uncertainty,1264998862.7241755,1091199131.2218509,632499431.3620877,545599565.6109254,1897498294.0579696,1636798696.8083699
S4,2031,dementia,direct_medical,avoided_prevalence_patient_year,58952.470615017504,44709.673134,22354.836567,67064.5097,DEM_DIRECT_MEDICAL,AD-to-all-dementia transfer retained as structural uncertainty,2635745691.6391726,2207395521.3695765,1317872845.8195863,1103697760.6847882,3953618537.399806,3311093282.004993
S4,2032,dementia,direct_medical,avoided_prevalence_patient_year,93124.48031763529,44709.673134,22354.836567,67064.5097,DEM_DIRECT_MEDICAL,AD-to-all-dementia transfer retained as structural uncertainty,4163565075.7750897,3385359420.0383725,2081782537.8875449,1692679710.0191863,6245347613.56951,5078039129.98184
S4,2033,dementia,direct_medical,avoided_prevalence_patient_year,133415.4355131379,44709.673134,22354.836567,67064.5097,DEM_DIRECT_MEDICAL,AD-to-all-dementia transfer retained as structural uncertainty,5964960512.822651,4708794911.140189,2982480256.4113255,2354397455.5700946,8947440769.100561,7063192366.604964
S4,2034,dementia,direct_medical,avoided_prevalence_patient_year,179420.96063385287,44709.673134,22354.836567,67064.5097,DEM_DIRECT_MEDICAL,AD-to-all-dementia transfer retained as structural uncertainty,8021852503.327843,6148081982.943067,4010926251.6639214,3074040991.4715333,12032778754.812344,9222122974.27709
S4,2035,dementia,direct_medical,avoided_prevalence_patient_year,229112.38684075218,44709.673134,22354.836567,67064.5097,DEM_DIRECT_MEDICAL,AD-to-all-dementia transfer retained as structural uncertainty,10243539926.600592,7622155726.385145,5121769963.300296,3811077863.1925726,15365309889.671776,11433233589.407236
S4,2036,dementia,direct_medical,avoided_prevalence_patient_year,282282.7379135956,44709.673134,22354.836567,67064.5097,DEM_DIRECT_MEDICAL,AD-to-all-dementia transfer retained as structural uncertainty,12620768943.48745,9117512011.812212,6310384471.743725,4558756005.906106,18931153414.94889,13676268017.51439
S4,2037,dementia,direct_medical,avoided_prevalence_patient_year,337530.29476623575,44709.673134,22354.836567,67064.5097,DEM_DIRECT_MEDICAL,AD-to-all-dementia transfer retained as structural uncertainty,15090869151.82107,10584431997.712091,7545434575.910535,5292215998.856046,22636303727.394073,15876647996.3314
S4,2038,dementia,direct_medical,avoided_prevalence_patient_year,395933.79833330546,44709.673134,22354.836567,67064.5097,DEM_DIRECT_MEDICAL,AD-to-all-dementia transfer retained as structural uncertainty,17702070706.18516,12054248768.03076,8851035353.09258,6027124384.01538,26553106058.881805,18081373151.776527
S4,2039,dementia,direct_medical,avoided_prevalence_patient_year,457591.7413594286,44709.673134,22354.836567,67064.5097,DEM_DIRECT_MEDICAL,AD-to-all-dementia transfer retained as structural uncertainty,20458777184.99792,13525661882.277847,10229388592.49896,6762830941.138924,30688165777.03929,20288492823.11425
S4,2040,dementia,direct_medical,avoided_prevalence_patient_year,472994.48793622584,44709.673134,22354.836567,67064.5097,DEM_DIRECT_MEDICAL,AD-to-all-dementia transfer retained as structural uncertainty,21147428949.812363,13573729928.160282,10573714474.906181,6786864964.080141,31721143424.24555,20360594891.936825
S4,2041,dementia,direct_medical,avoided_prevalence_patient_year,487447.2019737809,44709.673134,22354.836567,67064.5097,DEM_DIRECT_MEDICAL,AD-to-all-dementia transfer retained as structural uncertainty,21793605070.33062,13581054166.249887,10896802535.16531,6790527083.124944,32690407605.008484,20371581249.07107
S4,2042,dementia,direct_medical,avoided_prevalence_patient_year,500190.61079602817,44709.673134,22354.836567,67064.5097,DEM_DIRECT_MEDICAL,AD-to-all-dementia transfer retained as structural uncertainty,22363358713.38623,13530199805.924623,11181679356.693115,6765099902.962312,33545038069.579155,20295299708.584312
S4,2043,dementia,direct_medical,avoided_prevalence_patient_year,511536.7702363294,44709.673134,22354.836567,67064.5097,DEM_DIRECT_MEDICAL,AD-to-all-dementia transfer retained as structural uncertainty,22870641793.288345,13434091662.101154,11435320896.644173,6717045831.050577,34305962689.420982,20151137492.851257
S4,2044,dementia,direct_medical,avoided_prevalence_patient_year,521053.86651586276,44709.673134,22354.836567,67064.5097,DEM_DIRECT_MEDICAL,AD-to-all-dementia transfer retained as structural uncertainty,23296148057.13109,13285467715.523624,11648074028.565544,6642733857.761812,34944222085.17558,19928201572.98829
S4,2045,dementia,direct_medical,avoided_prevalence_patient_year,528124.0270347262,44709.673134,22354.836567,67064.5097,DEM_DIRECT_MEDICAL,AD-to-all-dementia transfer retained as structural uncertainty,23612252622.934387,13073531779.041452,11806126311.467194,6536765889.520726,35418378933.87346,19610297668.269768
S4,2046,dementia,direct_medical,avoided_prevalence_patient_year,533133.2142760633,44709.673134,22354.836567,67064.5097,DEM_DIRECT_MEDICAL,AD-to-all-dementia transfer retained as structural uncertainty,23836211747.161568,12813138365.101793,11918105873.580784,6406569182.550897,35754317620.20922,19219707547.366104
S4,2047,dementia,direct_medical,avoided_prevalence_patient_year,536510.812698371,44709.673134,22354.836567,67064.5097,DEM_DIRECT_MEDICAL,AD-to-all-dementia transfer retained as structural uncertainty,23987223068.600864,12518751836.500542,11993611534.300432,6259375918.250271,35980834602.364784,18778127754.47081
S4,2048,dementia,direct_medical,avoided_prevalence_patient_year,538646.7251389122,44709.673134,22354.836567,67064.5097,DEM_DIRECT_MEDICAL,AD-to-all-dementia transfer retained as structural uncertainty,24082719015.660305,12202515004.985964,12041359507.830153,6101257502.492982,36124078522.95181,18303772507.20602
S4,2049,dementia,direct_medical,avoided_prevalence_patient_year,540905.0951918041,44709.673134,22354.836567,67064.5097,DEM_DIRECT_MEDICAL,AD-to-all-dementia transfer retained as structural uncertainty,24183690002.540714,11896772981.426281,12091845001.270357,5948386490.7131405,36275535003.270164,17845159471.873333
S4,2050,dementia,direct_medical,avoided_prevalence_patient_year,543857.2431333694,44709.673134,22354.836567,67064.5097,DEM_DIRECT_MEDICAL,AD-to-all-dementia transfer retained as structural uncertainty,24315679572.051308,11613303983.993662,12157839786.025654,5806651991.996831,36473519357.533104,17419955975.730743
S5,2025,dementia,direct_medical,avoided_prevalence_patient_year,0.0,44709.673134,22354.836567,67064.5097,DEM_DIRECT_MEDICAL,AD-to-all-dementia transfer retained as structural uncertainty,0.0,0.0,0.0,0.0,0.0,0.0
S5,2026,dementia,direct_medical,avoided_prevalence_patient_year,0.0,44709.673134,22354.836567,67064.5097,DEM_DIRECT_MEDICAL,AD-to-all-dementia transfer retained as structural uncertainty,0.0,0.0,0.0,0.0,0.0,0.0
S5,2027,dementia,direct_medical,avoided_prevalence_patient_year,0.0,44709.673134,22354.836567,67064.5097,DEM_DIRECT_MEDICAL,AD-to-all-dementia transfer retained as structural uncertainty,0.0,0.0,0.0,0.0,0.0,0.0
S5,2028,dementia,direct_medical,avoided_prevalence_patient_year,0.0,44709.673134,22354.836567,67064.5097,DEM_DIRECT_MEDICAL,AD-to-all-dementia transfer retained as structural uncertainty,0.0,0.0,0.0,0.0,0.0,0.0
S5,2029,dementia,direct_medical,avoided_prevalence_patient_year,0.0,44709.673134,22354.836567,67064.5097,DEM_DIRECT_MEDICAL,AD-to-all-dementia transfer retained as structural uncertainty,0.0,0.0,0.0,0.0,0.0,0.0
S5,2030,dementia,direct_medical,avoided_prevalence_patient_year,13580.941472950595,44709.673134,22354.836567,67064.5097,DEM_DIRECT_MEDICAL,AD-to-all-dementia transfer retained as structural uncertainty,607199454.1076056,523775582.9864896,303599727.0538028,261887791.4932448,910799181.1478274,785663374.4680192
S5,2031,dementia,direct_medical,avoided_prevalence_patient_year,28297.185895208644,44709.673134,22354.836567,67064.5097,DEM_DIRECT_MEDICAL,AD-to-all-dementia transfer retained as structural uncertainty,1265157931.9868135,1059549850.2574058,632578965.9934068,529774925.1287029,1897736897.9519231,1589324775.36241
S5,2032,dementia,direct_medical,avoided_prevalence_patient_year,44699.75055246528,44709.673134,22354.836567,67064.5097,DEM_DIRECT_MEDICAL,AD-to-all-dementia transfer retained as structural uncertainty,1998511236.3720584,1624972521.618431,999255618.1860292,812486260.8092155,2997766854.513388,2437458782.391302
S5,2033,dementia,direct_medical,avoided_prevalence_patient_year,64039.409046308705,44709.673134,22354.836567,67064.5097,DEM_DIRECT_MEDICAL,AD-to-all-dementia transfer retained as structural uncertainty,2863181046.1549845,2260221557.347379,1431590523.0774922,1130110778.6736896,4294771569.1684375,3390332335.9705157
S5,2034,dementia,direct_medical,avoided_prevalence_patient_year,86122.06110424935,44709.673134,22354.836567,67064.5097,DEM_DIRECT_MEDICAL,AD-to-all-dementia transfer retained as structural uncertainty,3850489201.5973635,2951079351.812671,1925244600.7986817,1475539675.9063356,5775733802.309923,4426619027.653002
S5,2035,dementia,direct_medical,avoided_prevalence_patient_year,109973.94568355971,44709.673134,22354.836567,67064.5097,DEM_DIRECT_MEDICAL,AD-to-all-dementia transfer retained as structural uncertainty,4916899164.768225,3658634748.6648254,2458449582.3841124,1829317374.3324127,7375348747.042362,5487952122.915406
S5,2036,dementia,direct_medical,avoided_prevalence_patient_year,135495.71419852413,44709.673134,22354.836567,67064.5097,DEM_DIRECT_MEDICAL,AD-to-all-dementia transfer retained as structural uncertainty,6057969092.873897,4376405765.669805,3028984546.4369483,2188202882.8349023,9086953639.175348,6564608648.406822
S5,2037,dementia,direct_medical,avoided_prevalence_patient_year,162014.54148779123,44709.673134,22354.836567,67064.5097,DEM_DIRECT_MEDICAL,AD-to-all-dementia transfer retained as structural uncertainty,7243617192.874027,5080527358.901744,3621808596.4370136,2540263679.450872,10865425789.149027,7620791038.238982
S5,2038,dementia,direct_medical,avoided_prevalence_patient_year,190048.2231999879,44709.673134,22354.836567,67064.5097,DEM_DIRECT_MEDICAL,AD-to-all-dementia transfer retained as structural uncertainty,8496993938.968934,5786039408.654803,4248496969.484467,2893019704.3274016,12745490908.263353,8679059112.85279
S5,2039,dementia,direct_medical,avoided_prevalence_patient_year,219644.03585252297,44709.673134,22354.836567,67064.5097,DEM_DIRECT_MEDICAL,AD-to-all-dementia transfer retained as structural uncertainty,9820213048.798878,6492317703.493284,4910106524.399439,3246158851.746642,14730319572.978674,9738476555.094717
S5,2040,dementia,direct_medical,avoided_prevalence_patient_year,227037.35420938552,44709.673134,22354.836567,67064.5097,DEM_DIRECT_MEDICAL,AD-to-all-dementia transfer retained as structural uncertainty,10150765895.909805,6515390365.516852,5075382947.954903,3257695182.758426,15226148843.63767,9773085548.129553
S5,2041,dementia,direct_medical,avoided_prevalence_patient_year,233974.65694741183,44709.673134,22354.836567,67064.5097,DEM_DIRECT_MEDICAL,AD-to-all-dementia transfer retained as structural uncertainty,10460930433.758564,6518905999.799863,5230465216.879282,3259452999.8999314,15691395650.403872,9778358999.55399
S5,2042,dementia,direct_medical,avoided_prevalence_patient_year,240091.49318209046,44709.673134,22354.836567,67064.5097,DEM_DIRECT_MEDICAL,AD-to-all-dementia transfer retained as structural uncertainty,10734412182.425253,6494495906.843737,5367206091.212626,3247247953.4218683,16101618273.397789,9741743860.120346
S5,2043,dementia,direct_medical,avoided_prevalence_patient_year,245537.64971343498,44709.673134,22354.836567,67064.5097,DEM_DIRECT_MEDICAL,AD-to-all-dementia transfer retained as structural uncertainty,10977908060.778265,6448363997.808472,5488954030.3891325,3224181998.904236,16466862090.921862,9672545996.56848
S5,2044,dementia,direct_medical,avoided_prevalence_patient_year,250105.8559276109,44709.673134,22354.836567,67064.5097,DEM_DIRECT_MEDICAL,AD-to-all-dementia transfer retained as structural uncertainty,11182151067.42278,6377024503.451258,5591075533.71139,3188512251.725629,16773226600.884062,9565536755.034254
S5,2045,dementia,direct_medical,avoided_prevalence_patient_year,253499.53297666542,44709.673134,22354.836567,67064.5097,DEM_DIRECT_MEDICAL,AD-to-all-dementia transfer retained as structural uncertainty,11333881259.008364,6275295253.939818,5666940629.504182,3137647626.969909,17000821888.259047,9412942880.769371
S5,2046,dementia,direct_medical,avoided_prevalence_patient_year,255903.9428525071,44709.673134,22354.836567,67064.5097,DEM_DIRECT_MEDICAL,AD-to-all-dementia transfer retained as structural uncertainty,11441381638.637407,6150306415.248783,5720690819.318704,3075153207.6243916,17162072457.700207,9225459622.735613
S5,2047,dementia,direct_medical,avoided_prevalence_patient_year,257525.19009521478,44709.673134,22354.836567,67064.5097,DEM_DIRECT_MEDICAL,AD-to-all-dementia transfer retained as structural uncertainty,11513867072.928267,6009000881.520183,5756933536.464133,3004500440.7600913,17270800609.134876,9013501322.145874
S5,2048,dementia,direct_medical,avoided_prevalence_patient_year,258550.42806667456,44709.673134,22354.836567,67064.5097,DEM_DIRECT_MEDICAL,AD-to-all-dementia transfer retained as structural uncertainty,11559705127.516798,5857207202.3931875,5779852563.758399,2928603601.1965938,17339557691.016647,8785810803.458776
S5,2049,dementia,direct_medical,avoided_prevalence_patient_year,259634.44569206273,44709.673134,22354.836567,67064.5097,DEM_DIRECT_MEDICAL,AD-to-all-dementia transfer retained as structural uncertainty,11608171201.219398,5710451031.084544,5804085600.609699,2855225515.542272,17412256801.56946,8565676546.499092
S5,2050,dementia,direct_medical,avoided_prevalence_patient_year,261051.47670401406,44709.673134,22354.836567,67064.5097,DEM_DIRECT_MEDICAL,AD-to-all-dementia transfer retained as structural uncertainty,11671526194.584484,5574385912.316889,5835763097.292242,2787192956.1584444,17507289291.615673,8361578868.350653
S6,2025,dementia,direct_medical,avoided_prevalence_patient_year,0.0,44709.673134,22354.836567,67064.5097,DEM_DIRECT_MEDICAL,AD-to-all-dementia transfer retained as structural uncertainty,0.0,0.0,0.0,0.0,0.0,0.0
S6,2026,dementia,direct_medical,avoided_prevalence_patient_year,0.0,44709.673134,22354.836567,67064.5097,DEM_DIRECT_MEDICAL,AD-to-all-dementia transfer retained as structural uncertainty,0.0,0.0,0.0,0.0,0.0,0.0
S6,2027,dementia,direct_medical,avoided_prevalence_patient_year,0.0,44709.673134,22354.836567,67064.5097,DEM_DIRECT_MEDICAL,AD-to-all-dementia transfer retained as structural uncertainty,0.0,0.0,0.0,0.0,0.0,0.0
S6,2028,dementia,direct_medical,avoided_prevalence_patient_year,0.0,44709.673134,22354.836567,67064.5097,DEM_DIRECT_MEDICAL,AD-to-all-dementia transfer retained as structural uncertainty,0.0,0.0,0.0,0.0,0.0,0.0
S6,2029,dementia,direct_medical,avoided_prevalence_patient_year,0.0,44709.673134,22354.836567,67064.5097,DEM_DIRECT_MEDICAL,AD-to-all-dementia transfer retained as structural uncertainty,0.0,0.0,0.0,0.0,0.0,0.0
S6,2030,dementia,direct_medical,avoided_prevalence_patient_year,34857.74978057303,44709.673134,22354.836567,67064.5097,DEM_DIRECT_MEDICAL,AD-to-all-dementia transfer retained as structural uncertainty,1558478598.8761804,1344357329.665317,779239299.4380902,672178664.8326585,2337717898.2794127,2016535994.4679067
S6,2031,dementia,direct_medical,avoided_prevalence_patient_year,85834.79721546578,44709.673134,22354.836567,67064.5097,DEM_DIRECT_MEDICAL,AD-to-all-dementia transfer retained as structural uncertainty,3837645727.026648,3213967879.1141143,1918822863.513324,1606983939.5570571,5756468590.454137,4820951818.599286
S6,2032,dementia,direct_medical,avoided_prevalence_patient_year,156449.12693362788,44709.673134,22354.836567,67064.5097,DEM_DIRECT_MEDICAL,AD-to-all-dementia transfer retained as structural uncertainty,6994789327.302177,5687403825.664487,3497394663.6510887,2843701912.8322434,10492183990.796818,8531105738.369524
S6,2033,dementia,direct_medical,avoided_prevalence_patient_year,254022.98921701557,44709.673134,22354.836567,67064.5097,DEM_DIRECT_MEDICAL,AD-to-all-dementia transfer retained as structural uncertainty,11357284816.414371,8965545510.810955,5678642408.207186,4482772755.405478,17035927224.367535,13448318266.015903
S6,2034,dementia,direct_medical,avoided_prevalence_patient_year,381807.80422883807,44709.673134,22354.836567,67064.5097,DEM_DIRECT_MEDICAL,AD-to-all-dementia transfer retained as structural uncertainty,17070502127.081612,13083118459.702818,8535251063.540806,6541559229.851409,25605753190.24061,19624677689.2616
S6,2035,dementia,direct_medical,avoided_prevalence_patient_year,487551.15919712174,44709.673134,22354.836567,67064.5097,DEM_DIRECT_MEDICAL,AD-to-all-dementia transfer retained as structural uncertainty,21798252963.80611,16219947385.747625,10899126481.903055,8109973692.873813,32697379445.22161,24329921078.25865
S6,2036,dementia,direct_medical,avoided_prevalence_patient_year,600697.6662801312,44709.673134,22354.836567,67064.5097,DEM_DIRECT_MEDICAL,AD-to-all-dementia transfer retained as structural uncertainty,26856996311.74128,19402065561.13638,13428498155.87064,9701032780.56819,40285494467.01122,29103098341.270615
S6,2037,dementia,direct_medical,avoided_prevalence_patient_year,718264.4672625567,44709.673134,22354.836567,67064.5097,DEM_DIRECT_MEDICAL,AD-to-all-dementia transfer retained as structural uncertainty,32113369555.07555,22523671291.131554,16056684777.537775,11261835645.565777,48170054331.89506,33785506936.19355
S6,2038,dementia,direct_medical,avoided_prevalence_patient_year,842547.122853279,44709.673134,22354.836567,67064.5097,DEM_DIRECT_MEDICAL,AD-to-all-dementia transfer retained as structural uncertainty,37670006462.762245,25651441378.369606,18835003231.381123,12825720689.184803,56505009693.30082,38477162066.980675
S6,2039,dementia,direct_medical,avoided_prevalence_patient_year,973755.2256128689,44709.673134,22354.836567,67064.5097,DEM_DIRECT_MEDICAL,AD-to-all-dementia transfer retained as structural uncertainty,43536277849.67579,28782608485.4874,21768138924.837894,14391304242.7437,65304416773.53993,43173912727.58733
S6,2040,dementia,direct_medical,avoided_prevalence_patient_year,1006532.2703282936,44709.673134,22354.836567,67064.5097,DEM_DIRECT_MEDICAL,AD-to-all-dementia transfer retained as structural uncertainty,45001728805.20093,28884897287.12522,22500864402.600464,14442448643.56261,67502593206.79486,43327345930.04178
S6,2041,dementia,direct_medical,avoided_prevalence_patient_year,1037287.6458002107,44709.673134,22354.836567,67064.5097,DEM_DIRECT_MEDICAL,AD-to-all-dementia transfer retained as structural uncertainty,46376791589.66378,28900483265.7799,23188395794.83189,14450241632.88995,69565187383.45839,43350724898.02345
S6,2042,dementia,direct_medical,avoided_prevalence_patient_year,1064405.6197739532,44709.673134,22354.836567,67064.5097,DEM_DIRECT_MEDICAL,AD-to-all-dementia transfer retained as structural uncertainty,47589227342.086136,28792265187.007744,23794613671.043068,14396132593.503872,71383841012.06479,43188397779.86763
S6,2043,dementia,direct_medical,avoided_prevalence_patient_year,1088550.2470629143,44709.673134,22354.836567,67064.5097,DEM_DIRECT_MEDICAL,AD-to-all-dementia transfer retained as structural uncertainty,48668725736.117836,28587747056.951397,24334362868.058918,14293873528.475698,73003088603.08821,42881620584.78769
S6,2044,dementia,direct_medical,avoided_prevalence_patient_year,1108802.6279457612,44709.673134,22354.836567,67064.5097,DEM_DIRECT_MEDICAL,AD-to-all-dementia transfer retained as structural uncertainty,49574203065.575195,28271475298.63441,24787101532.787598,14135737649.317205,74361304597.25398,42407212947.319275
S6,2045,dementia,direct_medical,avoided_prevalence_patient_year,1123847.929529903,44709.673134,22354.836567,67064.5097,DEM_DIRECT_MEDICAL,AD-to-all-dementia transfer retained as structural uncertainty,50246873581.60462,27820475625.800346,25123436790.80231,13910237812.900173,75370310371.2831,41730713438.07828
S6,2046,dementia,direct_medical,avoided_prevalence_patient_year,1134507.479979468,44709.673134,22354.836567,67064.5097,DEM_DIRECT_MEDICAL,AD-to-all-dementia transfer retained as structural uncertainty,50723458597.96006,27266358440.93675,25361729298.98003,13633179220.468374,76085187895.80559,40899537660.79527
S6,2047,dementia,direct_medical,avoided_prevalence_patient_year,1141695.009422139,44709.673134,22354.836567,67064.5097,DEM_DIRECT_MEDICAL,AD-to-all-dementia transfer retained as structural uncertainty,51044810689.98288,26639903908.073277,25522405344.99144,13319951954.036638,76567216033.83263,39959855861.51408
S6,2048,dementia,direct_medical,avoided_prevalence_patient_year,1146240.2310956107,44709.673134,22354.836567,67064.5097,DEM_DIRECT_MEDICAL,AD-to-all-dementia transfer retained as structural uncertainty,51248026065.32537,25966951930.610252,25624013032.662685,12983475965.305126,76872039096.84181,38950427895.33459
S6,2049,dementia,direct_medical,avoided_prevalence_patient_year,1151046.0425681649,44709.673134,22354.836567,67064.5097,DEM_DIRECT_MEDICAL,AD-to-all-dementia transfer retained as structural uncertainty,51462892325.4069,25316332904.475254,25731446162.70345,12658166452.237627,77194338486.9593,37974499356.146645
S6,2050,dementia,direct_medical,avoided_prevalence_patient_year,1157328.2133878157,44709.673134,22354.836567,67064.5097,DEM_DIRECT_MEDICAL,AD-to-all-dementia transfer retained as structural uncertainty,51743766129.32544,24713110877.938633,25871883064.66272,12356555438.969316,77615649192.83083,37069666316.3552
S7,2025,dementia,direct_medical,avoided_prevalence_patient_year,0.0,44709.673134,22354.836567,67064.5097,DEM_DIRECT_MEDICAL,AD-to-all-dementia transfer retained as structural uncertainty,0.0,0.0,0.0,0.0,0.0,0.0
S7,2026,dementia,direct_medical,avoided_prevalence_patient_year,0.0,44709.673134,22354.836567,67064.5097,DEM_DIRECT_MEDICAL,AD-to-all-dementia transfer retained as structural uncertainty,0.0,0.0,0.0,0.0,0.0,0.0
S7,2027,dementia,direct_medical,avoided_prevalence_patient_year,0.0,44709.673134,22354.836567,67064.5097,DEM_DIRECT_MEDICAL,AD-to-all-dementia transfer retained as structural uncertainty,0.0,0.0,0.0,0.0,0.0,0.0
S7,2028,dementia,direct_medical,avoided_prevalence_patient_year,0.0,44709.673134,22354.836567,67064.5097,DEM_DIRECT_MEDICAL,AD-to-all-dementia transfer retained as structural uncertainty,0.0,0.0,0.0,0.0,0.0,0.0
S7,2029,dementia,direct_medical,avoided_prevalence_patient_year,0.0,44709.673134,22354.836567,67064.5097,DEM_DIRECT_MEDICAL,AD-to-all-dementia transfer retained as structural uncertainty,0.0,0.0,0.0,0.0,0.0,0.0
S7,2030,dementia,direct_medical,avoided_prevalence_patient_year,84880.8842059412,44709.673134,22354.836567,67064.5097,DEM_DIRECT_MEDICAL,AD-to-all-dementia transfer retained as structural uncertainty,3794996588.172534,3273597393.6655593,1897498294.086267,1636798696.8327796,5692494882.17392,4910396090.425119
S7,2031,dementia,direct_medical,avoided_prevalence_patient_year,176857.4118450541,44709.673134,22354.836567,67064.5097,DEM_DIRECT_MEDICAL,AD-to-all-dementia transfer retained as structural uncertainty,7907237074.917588,6622186564.1087885,3953618537.458794,3311093282.0543942,11860855612.199524,9933279846.015068
S7,2032,dementia,direct_medical,avoided_prevalence_patient_year,279373.440952904,44709.673134,22354.836567,67064.5097,DEM_DIRECT_MEDICAL,AD-to-all-dementia transfer retained as structural uncertainty,12490695227.325186,10156078260.11505,6245347613.662593,5078039130.057525,18736042840.708405,15234117389.945417
S7,2033,dementia,direct_medical,avoided_prevalence_patient_year,400246.30653941695,44709.673134,22354.836567,67064.5097,DEM_DIRECT_MEDICAL,AD-to-all-dementia transfer retained as structural uncertainty,17894881538.468098,14126384733.420681,8947440769.234049,7063192366.7103405,26842322307.3019,21189577099.815063
S7,2034,dementia,direct_medical,avoided_prevalence_patient_year,538262.8819015587,44709.673134,22354.836567,67064.5097,DEM_DIRECT_MEDICAL,AD-to-all-dementia transfer retained as structural uncertainty,24065557509.983532,18444245948.829205,12032778754.991766,9222122974.414602,36098336264.437035,27666368922.831272
S7,2035,dementia,direct_medical,avoided_prevalence_patient_year,687337.1605222635,44709.673134,22354.836567,67064.5097,DEM_DIRECT_MEDICAL,AD-to-all-dementia transfer retained as structural uncertainty,30730619779.802086,22866467179.155666,15365309889.901043,11433233589.577833,46095929669.01579,34299700768.222057
S7,2036,dementia,direct_medical,avoided_prevalence_patient_year,846848.2137407872,44709.673134,22354.836567,67064.5097,DEM_DIRECT_MEDICAL,AD-to-all-dementia transfer retained as structural uncertainty,37862306830.462364,27352536035.43665,18931153415.231182,13676268017.718325,56793460244.846695,41028804052.54319
S7,2037,dementia,direct_medical,avoided_prevalence_patient_year,1012590.8842987163,44709.673134,22354.836567,67064.5097,DEM_DIRECT_MEDICAL,AD-to-all-dementia transfer retained as structural uncertainty,45272607455.463615,31753295993.136562,22636303727.731808,15876647996.568281,67908911182.18283,47629943988.99463
S7,2038,dementia,direct_medical,avoided_prevalence_patient_year,1187801.3949999223,44709.673134,22354.836567,67064.5097,DEM_DIRECT_MEDICAL,AD-to-all-dementia transfer retained as structural uncertainty,53106212118.55574,36162746304.09245,26553106059.27787,18081373152.046227,79659318176.64581,54244119455.32985
S7,2039,dementia,direct_medical,avoided_prevalence_patient_year,1372775.2240782932,44709.673134,22354.836567,67064.5097,DEM_DIRECT_MEDICAL,AD-to-all-dementia transfer retained as structural uncertainty,61376331554.99409,40576985646.833755,30688165777.497044,20288492823.416878,92064497331.11836,60865478469.34307
S7,2040,dementia,direct_medical,avoided_prevalence_patient_year,1418983.463808685,44709.673134,22354.836567,67064.5097,DEM_DIRECT_MEDICAL,AD-to-all-dementia transfer retained as structural uncertainty,63442286849.43742,40721189784.481064,31721143424.71871,20360594892.240532,95163430272.73715,61081784675.8108
S7,2041,dementia,direct_medical,avoided_prevalence_patient_year,1462341.6059213504,44709.673134,22354.836567,67064.5097,DEM_DIRECT_MEDICAL,AD-to-all-dementia transfer retained as structural uncertainty,65380815210.99221,40743162498.749886,32690407605.496105,20371581249.374943,98071222815.02597,61114743747.21354
S7,2042,dementia,direct_medical,avoided_prevalence_patient_year,1500571.8323880923,44709.673134,22354.836567,67064.5097,DEM_DIRECT_MEDICAL,AD-to-all-dementia transfer retained as structural uncertainty,67090076140.159035,40590599417.77408,33545038070.079517,20295299708.88704,100635114208.73798,60885899125.75325
S7,2043,dementia,direct_medical,avoided_prevalence_patient_year,1534610.3107089964,44709.673134,22354.836567,67064.5097,DEM_DIRECT_MEDICAL,AD-to-all-dementia transfer retained as structural uncertainty,68611925379.8654,40302274986.30368,34305962689.9327,20151137493.15184,102917888068.26349,60453412478.55409
S7,2044,dementia,direct_medical,avoided_prevalence_patient_year,1563161.5995475964,44709.673134,22354.836567,67064.5097,DEM_DIRECT_MEDICAL,AD-to-all-dementia transfer retained as structural uncertainty,69888444171.39363,39856403146.57108,34944222085.696815,19928201573.28554,104832666255.52728,59784604718.96517
S7,2045,dementia,direct_medical,avoided_prevalence_patient_year,1584372.0811041873,44709.673134,22354.836567,67064.5097,DEM_DIRECT_MEDICAL,AD-to-all-dementia transfer retained as structural uncertainty,70836757868.80354,39220595337.124565,35418378934.40177,19610297668.562283,106255136801.62094,58830893004.809616
S7,2046,dementia,direct_medical,avoided_prevalence_patient_year,1599399.6428281981,44709.673134,22354.836567,67064.5097,DEM_DIRECT_MEDICAL,AD-to-all-dementia transfer retained as structural uncertainty,71508635241.48508,38439415095.30558,35754317620.74254,19219707547.65279,107262952860.62822,57659122642.09862
S7,2047,dementia,direct_medical,avoided_prevalence_patient_year,1609532.4380951216,44709.673134,22354.836567,67064.5097,DEM_DIRECT_MEDICAL,AD-to-all-dementia transfer retained as structural uncertainty,71961669205.80298,37556255509.50182,35980834602.90149,18778127754.75091,107942503807.09492,56334383263.41273
S7,2048,dementia,direct_medical,avoided_prevalence_patient_year,1615940.1754167452,44709.673134,22354.836567,67064.5097,DEM_DIRECT_MEDICAL,AD-to-all-dementia transfer retained as structural uncertainty,72248157046.9813,36607545014.958084,36124078523.49065,18303772507.479042,108372235568.856,54911317521.61834
S7,2049,dementia,direct_medical,avoided_prevalence_patient_year,1622715.285575421,44709.673134,22354.836567,67064.5097,DEM_DIRECT_MEDICAL,AD-to-all-dementia transfer retained as structural uncertainty,72551070007.62254,35690318944.27904,36275535003.81127,17845159472.13952,108826605009.81108,53535478415.620285
S7,2050,dementia,direct_medical,avoided_prevalence_patient_year,1631571.7294001172,44709.673134,22354.836567,67064.5097,DEM_DIRECT_MEDICAL,AD-to-all-dementia transfer retained as structural uncertainty,72947038716.15433,34839911951.98118,36473519358.07716,17419955975.99059,109420558072.59993,52259867927.19252
S0,2025,dementia,nonmedical_and_informal_care,avoided_prevalence_patient_year,0.0,92790.41971,46395.209855,139185.629565,DEM_NONMEDICAL_INFORMAL,Social perspective only; never deducted from public payer cost,0.0,0.0,0.0,0.0,0.0,0.0
S0,2026,dementia,nonmedical_and_informal_care,avoided_prevalence_patient_year,0.0,92790.41971,46395.209855,139185.629565,DEM_NONMEDICAL_INFORMAL,Social perspective only; never deducted from public payer cost,0.0,0.0,0.0,0.0,0.0,0.0
S0,2027,dementia,nonmedical_and_informal_care,avoided_prevalence_patient_year,0.0,92790.41971,46395.209855,139185.629565,DEM_NONMEDICAL_INFORMAL,Social perspective only; never deducted from public payer cost,0.0,0.0,0.0,0.0,0.0,0.0
S0,2028,dementia,nonmedical_and_informal_care,avoided_prevalence_patient_year,0.0,92790.41971,46395.209855,139185.629565,DEM_NONMEDICAL_INFORMAL,Social perspective only; never deducted from public payer cost,0.0,0.0,0.0,0.0,0.0,0.0
S0,2029,dementia,nonmedical_and_informal_care,avoided_prevalence_patient_year,0.0,92790.41971,46395.209855,139185.629565,DEM_NONMEDICAL_INFORMAL,Social perspective only; never deducted from public payer cost,0.0,0.0,0.0,0.0,0.0,0.0
S0,2030,dementia,nonmedical_and_informal_care,avoided_prevalence_patient_year,0.0,92790.41971,46395.209855,139185.629565,DEM_NONMEDICAL_INFORMAL,Social perspective only; never deducted from public payer cost,0.0,0.0,0.0,0.0,0.0,0.0
S0,2031,dementia,nonmedical_and_informal_care,avoided_prevalence_patient_year,0.0,92790.41971,46395.209855,139185.629565,DEM_NONMEDICAL_INFORMAL,Social perspective only; never deducted from public payer cost,0.0,0.0,0.0,0.0,0.0,0.0
S0,2032,dementia,nonmedical_and_informal_care,avoided_prevalence_patient_year,0.0,92790.41971,46395.209855,139185.629565,DEM_NONMEDICAL_INFORMAL,Social perspective only; never deducted from public payer cost,0.0,0.0,0.0,0.0,0.0,0.0
S0,2033,dementia,nonmedical_and_informal_care,avoided_prevalence_patient_year,0.0,92790.41971,46395.209855,139185.629565,DEM_NONMEDICAL_INFORMAL,Social perspective only; never deducted from public payer cost,0.0,0.0,0.0,0.0,0.0,0.0
S0,2034,dementia,nonmedical_and_informal_care,avoided_prevalence_patient_year,0.0,92790.41971,46395.209855,139185.629565,DEM_NONMEDICAL_INFORMAL,Social perspective only; never deducted from public payer cost,0.0,0.0,0.0,0.0,0.0,0.0
S0,2035,dementia,nonmedical_and_informal_care,avoided_prevalence_patient_year,0.0,92790.41971,46395.209855,139185.629565,DEM_NONMEDICAL_INFORMAL,Social perspective only; never deducted from public payer cost,0.0,0.0,0.0,0.0,0.0,0.0
S0,2036,dementia,nonmedical_and_informal_care,avoided_prevalence_patient_year,0.0,92790.41971,46395.209855,139185.629565,DEM_NONMEDICAL_INFORMAL,Social perspective only; never deducted from public payer cost,0.0,0.0,0.0,0.0,0.0,0.0
S0,2037,dementia,nonmedical_and_informal_care,avoided_prevalence_patient_year,0.0,92790.41971,46395.209855,139185.629565,DEM_NONMEDICAL_INFORMAL,Social perspective only; never deducted from public payer cost,0.0,0.0,0.0,0.0,0.0,0.0
S0,2038,dementia,nonmedical_and_informal_care,avoided_prevalence_patient_year,0.0,92790.41971,46395.209855,139185.629565,DEM_NONMEDICAL_INFORMAL,Social perspective only; never deducted from public payer cost,0.0,0.0,0.0,0.0,0.0,0.0
S0,2039,dementia,nonmedical_and_informal_care,avoided_prevalence_patient_year,0.0,92790.41971,46395.209855,139185.629565,DEM_NONMEDICAL_INFORMAL,Social perspective only; never deducted from public payer cost,0.0,0.0,0.0,0.0,0.0,0.0
S0,2040,dementia,nonmedical_and_informal_care,avoided_prevalence_patient_year,0.0,92790.41971,46395.209855,139185.629565,DEM_NONMEDICAL_INFORMAL,Social perspective only; never deducted from public payer cost,0.0,0.0,0.0,0.0,0.0,0.0
S0,2041,dementia,nonmedical_and_informal_care,avoided_prevalence_patient_year,0.0,92790.41971,46395.209855,139185.629565,DEM_NONMEDICAL_INFORMAL,Social perspective only; never deducted from public payer cost,0.0,0.0,0.0,0.0,0.0,0.0
S0,2042,dementia,nonmedical_and_informal_care,avoided_prevalence_patient_year,0.0,92790.41971,46395.209855,139185.629565,DEM_NONMEDICAL_INFORMAL,Social perspective only; never deducted from public payer cost,0.0,0.0,0.0,0.0,0.0,0.0
S0,2043,dementia,nonmedical_and_informal_care,avoided_prevalence_patient_year,0.0,92790.41971,46395.209855,139185.629565,DEM_NONMEDICAL_INFORMAL,Social perspective only; never deducted from public payer cost,0.0,0.0,0.0,0.0,0.0,0.0
S0,2044,dementia,nonmedical_and_informal_care,avoided_prevalence_patient_year,0.0,92790.41971,46395.209855,139185.629565,DEM_NONMEDICAL_INFORMAL,Social perspective only; never deducted from public payer cost,0.0,0.0,0.0,0.0,0.0,0.0
S0,2045,dementia,nonmedical_and_informal_care,avoided_prevalence_patient_year,0.0,92790.41971,46395.209855,139185.629565,DEM_NONMEDICAL_INFORMAL,Social perspective only; never deducted from public payer cost,0.0,0.0,0.0,0.0,0.0,0.0
S0,2046,dementia,nonmedical_and_informal_care,avoided_prevalence_patient_year,0.0,92790.41971,46395.209855,139185.629565,DEM_NONMEDICAL_INFORMAL,Social perspective only; never deducted from public payer cost,0.0,0.0,0.0,0.0,0.0,0.0
S0,2047,dementia,nonmedical_and_informal_care,avoided_prevalence_patient_year,0.0,92790.41971,46395.209855,139185.629565,DEM_NONMEDICAL_INFORMAL,Social perspective only; never deducted from public payer cost,0.0,0.0,0.0,0.0,0.0,0.0
S0,2048,dementia,nonmedical_and_informal_care,avoided_prevalence_patient_year,0.0,92790.41971,46395.209855,139185.629565,DEM_NONMEDICAL_INFORMAL,Social perspective only; never deducted from public payer cost,0.0,0.0,0.0,0.0,0.0,0.0
S0,2049,dementia,nonmedical_and_informal_care,avoided_prevalence_patient_year,0.0,92790.41971,46395.209855,139185.629565,DEM_NONMEDICAL_INFORMAL,Social perspective only; never deducted from public payer cost,0.0,0.0,0.0,0.0,0.0,0.0
S0,2050,dementia,nonmedical_and_informal_care,avoided_prevalence_patient_year,0.0,92790.41971,46395.209855,139185.629565,DEM_NONMEDICAL_INFORMAL,Social perspective only; never deducted from public payer cost,0.0,0.0,0.0,0.0,0.0,0.0
S1,2025,dementia,nonmedical_and_informal_care,avoided_prevalence_patient_year,0.0,92790.41971,46395.209855,139185.629565,DEM_NONMEDICAL_INFORMAL,Social perspective only; never deducted from public payer cost,0.0,0.0,0.0,0.0,0.0,0.0
S1,2026,dementia,nonmedical_and_informal_care,avoided_prevalence_patient_year,0.0,92790.41971,46395.209855,139185.629565,DEM_NONMEDICAL_INFORMAL,Social perspective only; never deducted from public payer cost,0.0,0.0,0.0,0.0,0.0,0.0
S1,2027,dementia,nonmedical_and_informal_care,avoided_prevalence_patient_year,0.0,92790.41971,46395.209855,139185.629565,DEM_NONMEDICAL_INFORMAL,Social perspective only; never deducted from public payer cost,0.0,0.0,0.0,0.0,0.0,0.0
S1,2028,dementia,nonmedical_and_informal_care,avoided_prevalence_patient_year,0.0,92790.41971,46395.209855,139185.629565,DEM_NONMEDICAL_INFORMAL,Social perspective only; never deducted from public payer cost,0.0,0.0,0.0,0.0,0.0,0.0
S1,2029,dementia,nonmedical_and_informal_care,avoided_prevalence_patient_year,0.0,92790.41971,46395.209855,139185.629565,DEM_NONMEDICAL_INFORMAL,Social perspective only; never deducted from public payer cost,0.0,0.0,0.0,0.0,0.0,0.0
S1,2030,dementia,nonmedical_and_informal_care,avoided_prevalence_patient_year,5658.725613729433,92790.41971,46395.209855,139185.629565,DEM_NONMEDICAL_INFORMAL,Social perspective only; never deducted from public payer cost,525075524.7216814,452934760.09004664,262537762.3608407,226467380.04502332,787613287.0825222,679402140.13507
S1,2031,dementia,nonmedical_and_informal_care,avoided_prevalence_patient_year,11790.494123003244,92790.41971,46395.209855,139185.629565,DEM_NONMEDICAL_INFORMAL,Social perspective only; never deducted from public payer cost,1094044898.2617593,916245378.3992937,547022449.1308796,458122689.19964683,1641067347.3926392,1374368067.5989406
S1,2032,dementia,nonmedical_and_informal_care,avoided_prevalence_patient_year,18624.896063527172,92790.41971,46395.209855,139185.629565,DEM_NONMEDICAL_INFORMAL,Social perspective only; never deducted from public payer cost,1728211922.7898133,1405194444.2227724,864105961.3949066,702597222.1113862,2592317884.18472,2107791666.3341587
S1,2033,dementia,nonmedical_and_informal_care,avoided_prevalence_patient_year,26683.08710262754,92790.41971,46395.209855,139185.629565,DEM_NONMEDICAL_INFORMAL,Social perspective only; never deducted from public payer cost,2475934851.4112973,1954525835.2637799,1237967425.7056487,977262917.6318899,3713902277.116946,2931788752.89567
S1,2034,dementia,nonmedical_and_informal_care,avoided_prevalence_patient_year,35884.192126770715,92790.41971,46395.209855,139185.629565,DEM_NONMEDICAL_INFORMAL,Social perspective only; never deducted from public payer cost,3329709248.397332,2551944881.8110366,1664854624.198666,1275972440.9055183,4994563872.595999,3827917322.716555
S1,2035,dementia,nonmedical_and_informal_care,avoided_prevalence_patient_year,45822.477368147214,92790.41971,46395.209855,139185.629565,DEM_NONMEDICAL_INFORMAL,Social perspective only; never deducted from public payer cost,4251886907.1423564,3163803174.4336834,2125943453.5711782,1581901587.2168417,6377830360.713534,4745704761.650525
S1,2036,dementia,nonmedical_and_informal_care,avoided_prevalence_patient_year,56456.547582719504,92790.41971,46395.209855,139185.629565,DEM_NONMEDICAL_INFORMAL,Social perspective only; never deducted from public payer cost,5238626745.578129,3784495421.16497,2619313372.7890644,1892247710.582485,7857940118.367193,5676743131.747456
S1,2037,dementia,nonmedical_and_informal_care,avoided_prevalence_patient_year,67506.05895324665,92790.41971,46395.209855,139185.629565,DEM_NONMEDICAL_INFORMAL,Social perspective only; never deducted from public payer cost,6263915543.23976,4393384333.256404,3131957771.61988,2196692166.628202,9395873314.859642,6590076499.884606
S1,2038,dementia,nonmedical_and_informal_care,avoided_prevalence_patient_year,79186.75966666243,92790.41971,46395.209855,139185.629565,DEM_NONMEDICAL_INFORMAL,Social perspective only; never deducted from public payer cost,7347772664.944507,5003475642.159203,3673886332.4722533,2501737821.0796013,11021658997.416761,7505213463.238805
S1,2039,dementia,nonmedical_and_informal_care,avoided_prevalence_patient_year,91518.34827188232,92790.41971,46395.209855,139185.629565,DEM_NONMEDICAL_INFORMAL,Social perspective only; never deducted from public payer cost,8492025947.313914,5614229561.242954,4246012973.656957,2807114780.621477,12738038920.970871,8421344341.86443
S1,2040,dementia,nonmedical_and_informal_care,avoided_prevalence_patient_year,94598.89758724163,92790.41971,46395.209855,139185.629565,DEM_NONMEDICAL_INFORMAL,Social perspective only; never deducted from public payer cost,8777871411.223457,5634181638.00586,4388935705.611729,2817090819.00293,13166807116.835188,8451272457.008792
S1,2041,dementia,nonmedical_and_informal_care,avoided_prevalence_patient_year,97489.44039475251,92790.41971,46395.209855,139185.629565,DEM_NONMEDICAL_INFORMAL,Social perspective only; never deducted from public payer cost,9046086091.522114,5637221781.5754795,4523043045.761057,2818610890.7877398,13569129137.283173,8455832672.36322
S1,2042,dementia,nonmedical_and_informal_care,avoided_prevalence_patient_year,100038.12215920186,92790.41971,46395.209855,139185.629565,DEM_NONMEDICAL_INFORMAL,Social perspective only; never deducted from public payer cost,9282579342.152592,5616113161.861252,4641289671.076296,2808056580.930626,13923869013.228888,8424169742.791878
S1,2043,dementia,nonmedical_and_informal_care,avoided_prevalence_patient_year,102307.35404726202,92790.41971,46395.209855,139185.629565,DEM_NONMEDICAL_INFORMAL,Social perspective only; never deducted from public payer cost,9493142321.46501,5576220608.962462,4746571160.732505,2788110304.481231,14239713482.197515,8364330913.443694
S1,2044,dementia,nonmedical_and_informal_care,avoided_prevalence_patient_year,104210.77330316861,92790.41971,46395.209855,139185.629565,DEM_NONMEDICAL_INFORMAL,Social perspective only; never deducted from public payer cost,9669761393.10468,5514529805.093008,4834880696.55234,2757264902.546504,14504642089.657019,8271794707.639512
S1,2045,dementia,nonmedical_and_informal_care,avoided_prevalence_patient_year,105624.80540694126,92790.41971,46395.209855,139185.629565,DEM_NONMEDICAL_INFORMAL,Social perspective only; never deducted from public payer cost,9800970025.497158,5426559470.624797,4900485012.748579,2713279735.3123984,14701455038.245737,8139839205.937196
S1,2046,dementia,nonmedical_and_informal_care,avoided_prevalence_patient_year,106626.64285520861,92790.41971,46395.209855,139185.629565,DEM_NONMEDICAL_INFORMAL,Social perspective only; never deducted from public payer cost,9893930942.80308,5318475414.198065,4946965471.40154,2659237707.0990324,14840896414.20462,7977713121.297098
S1,2047,dementia,nonmedical_and_informal_care,avoided_prevalence_patient_year,107302.16253967014,92790.41971,46395.209855,139185.629565,DEM_NONMEDICAL_INFORMAL,Social perspective only; never deducted from public payer cost,9956612697.846632,5196281501.198481,4978306348.923316,2598140750.5992403,14934919046.769949,7794422251.797722
S1,2048,dementia,nonmedical_and_informal_care,avoided_prevalence_patient_year,107729.34502777837,92790.41971,46395.209855,139185.629565,DEM_NONMEDICAL_INFORMAL,Social perspective only; never deducted from public payer cost,9996251140.210957,5065017967.975814,4998125570.105478,2532508983.987907,14994376710.316437,7597526951.963721
S1,2049,dementia,nonmedical_and_informal_care,avoided_prevalence_patient_year,108181.01903835675,92790.41971,46395.209855,139185.629565,DEM_NONMEDICAL_INFORMAL,Social perspective only; never deducted from public payer cost,10038162161.224625,4938110617.95311,5019081080.612312,2469055308.976555,15057243241.836937,7407165926.929664
S1,2050,dementia,nonmedical_and_informal_care,avoided_prevalence_patient_year,108771.44862666976,92790.41971,46395.209855,139185.629565,DEM_NONMEDICAL_INFORMAL,Social perspective only; never deducted from public payer cost,10092948370.53339,4820448352.037135,5046474185.266695,2410224176.0185676,15139422555.800087,7230672528.055703
S2,2025,dementia,nonmedical_and_informal_care,avoided_prevalence_patient_year,0.0,92790.41971,46395.209855,139185.629565,DEM_NONMEDICAL_INFORMAL,Social perspective only; never deducted from public payer cost,0.0,0.0,0.0,0.0,0.0,0.0
S2,2026,dementia,nonmedical_and_informal_care,avoided_prevalence_patient_year,0.0,92790.41971,46395.209855,139185.629565,DEM_NONMEDICAL_INFORMAL,Social perspective only; never deducted from public payer cost,0.0,0.0,0.0,0.0,0.0,0.0
S2,2027,dementia,nonmedical_and_informal_care,avoided_prevalence_patient_year,0.0,92790.41971,46395.209855,139185.629565,DEM_NONMEDICAL_INFORMAL,Social perspective only; never deducted from public payer cost,0.0,0.0,0.0,0.0,0.0,0.0
S2,2028,dementia,nonmedical_and_informal_care,avoided_prevalence_patient_year,0.0,92790.41971,46395.209855,139185.629565,DEM_NONMEDICAL_INFORMAL,Social perspective only; never deducted from public payer cost,0.0,0.0,0.0,0.0,0.0,0.0
S2,2029,dementia,nonmedical_and_informal_care,avoided_prevalence_patient_year,0.0,92790.41971,46395.209855,139185.629565,DEM_NONMEDICAL_INFORMAL,Social perspective only; never deducted from public payer cost,0.0,0.0,0.0,0.0,0.0,0.0
S2,2030,dementia,nonmedical_and_informal_care,avoided_prevalence_patient_year,16976.17684118816,92790.41971,46395.209855,139185.629565,DEM_NONMEDICAL_INFORMAL,Social perspective only; never deducted from public payer cost,1575226574.1650314,1358804280.2701287,787613287.0825157,679402140.1350644,2362839861.247547,2038206420.4051933
S2,2031,dementia,nonmedical_and_informal_care,avoided_prevalence_patient_year,35371.48236901036,92790.41971,46395.209855,139185.629565,DEM_NONMEDICAL_INFORMAL,Social perspective only; never deducted from public payer cost,3282134694.7853365,2748736135.19793,1641067347.3926682,1374368067.598965,4923202042.178005,4123104202.7968955
S2,2032,dementia,nonmedical_and_informal_care,avoided_prevalence_patient_year,55874.68819058122,92790.41971,46395.209855,139185.629565,DEM_NONMEDICAL_INFORMAL,Social perspective only; never deducted from public payer cost,5184635768.369411,4215583332.668294,2592317884.1847057,2107791666.334147,7776953652.554118,6323374999.002442
S2,2033,dementia,nonmedical_and_informal_care,avoided_prevalence_patient_year,80049.26130788412,92790.41971,46395.209855,139185.629565,DEM_NONMEDICAL_INFORMAL,Social perspective only; never deducted from public payer cost,7427804554.234032,5863577505.79145,3713902277.117016,2931788752.895725,11141706831.351048,8795366258.687176
S2,2034,dementia,nonmedical_and_informal_care,avoided_prevalence_patient_year,107652.57638031285,92790.41971,46395.209855,139185.629565,DEM_NONMEDICAL_INFORMAL,Social perspective only; never deducted from public payer cost,9989127745.192062,7655834645.43316,4994563872.596031,3827917322.71658,14983691617.788094,11483751968.14974
S2,2035,dementia,nonmedical_and_informal_care,avoided_prevalence_patient_year,137467.4321044486,92790.41971,46395.209855,139185.629565,DEM_NONMEDICAL_INFORMAL,Social perspective only; never deducted from public payer cost,12755660721.427715,9491409523.30153,6377830360.713858,4745704761.650765,19133491082.141575,14237114284.9523
S2,2036,dementia,nonmedical_and_informal_care,avoided_prevalence_patient_year,169369.64274815744,92790.41971,46395.209855,139185.629565,DEM_NONMEDICAL_INFORMAL,Social perspective only; never deducted from public payer cost,15715880236.734287,11353486263.494839,7857940118.367144,5676743131.747419,23573820355.101433,17030229395.24226
S2,2037,dementia,nonmedical_and_informal_care,avoided_prevalence_patient_year,202518.17685974203,92790.41971,46395.209855,139185.629565,DEM_NONMEDICAL_INFORMAL,Social perspective only; never deducted from public payer cost,18791746629.719475,13180152999.769346,9395873314.859737,6590076499.884673,28187619944.579212,19770229499.654022
S2,2038,dementia,nonmedical_and_informal_care,avoided_prevalence_patient_year,237560.27899998444,92790.41971,46395.209855,139185.629565,DEM_NONMEDICAL_INFORMAL,Social perspective only; never deducted from public payer cost,22043317994.833256,15010426926.477428,11021658997.416628,7505213463.238714,33064976992.249886,22515640389.716145
S2,2039,dementia,nonmedical_and_informal_care,avoided_prevalence_patient_year,274555.0448156495,92790.41971,46395.209855,139185.629565,DEM_NONMEDICAL_INFORMAL,Social perspective only; never deducted from public payer cost,25476077841.94198,16842688683.729017,12738038920.97099,8421344341.864509,38214116762.91297,25264033025.59353
S2,2040,dementia,nonmedical_and_informal_care,avoided_prevalence_patient_year,283796.69276172755,92790.41971,46395.209855,139185.629565,DEM_NONMEDICAL_INFORMAL,Social perspective only; never deducted from public payer cost,26333614233.67062,16902544914.01774,13166807116.83531,8451272457.00887,39500421350.50593,25353817371.026608
S2,2041,dementia,nonmedical_and_informal_care,avoided_prevalence_patient_year,292468.32118426025,92790.41971,46395.209855,139185.629565,DEM_NONMEDICAL_INFORMAL,Social perspective only; never deducted from public payer cost,27138258274.566593,16911665344.726595,13569129137.283297,8455832672.363297,40707387411.84989,25367498017.089893
S2,2042,dementia,nonmedical_and_informal_care,avoided_prevalence_patient_year,300114.3664776084,92790.41971,46395.209855,139185.629565,DEM_NONMEDICAL_INFORMAL,Social perspective only; never deducted from public payer cost,27847738026.45804,16848339485.583916,13923869013.22902,8424169742.791958,41771607039.68706,25272509228.375874
S2,2043,dementia,nonmedical_and_informal_care,avoided_prevalence_patient_year,306922.06214178895,92790.41971,46395.209855,139185.629565,DEM_NONMEDICAL_INFORMAL,Social perspective only; never deducted from public payer cost,28479426964.395298,16728661826.887545,14239713482.197649,8364330913.443772,42719140446.59295,25092992740.331318
S2,2044,dementia,nonmedical_and_informal_care,avoided_prevalence_patient_year,312632.3199095088,92790.41971,46395.209855,139185.629565,DEM_NONMEDICAL_INFORMAL,Social perspective only; never deducted from public payer cost,29009284179.314312,16543589415.27918,14504642089.657156,8271794707.63959,43513926268.97147,24815384122.918774
S2,2045,dementia,nonmedical_and_informal_care,avoided_prevalence_patient_year,316874.4162208268,92790.41971,46395.209855,139185.629565,DEM_NONMEDICAL_INFORMAL,Social perspective only; never deducted from public payer cost,29402910076.491753,16279678411.874544,14701455038.245876,8139839205.937272,44104365114.737625,24419517617.811817
S2,2046,dementia,nonmedical_and_informal_care,avoided_prevalence_patient_year,319879.9285656289,92790.41971,46395.209855,139185.629565,DEM_NONMEDICAL_INFORMAL,Social perspective only; never deducted from public payer cost,29681792828.409523,15955426242.594347,14840896414.204762,7977713121.2971735,44522689242.61429,23933139363.89152
S2,2047,dementia,nonmedical_and_informal_care,avoided_prevalence_patient_year,321906.4876190135,92790.41971,46395.209855,139185.629565,DEM_NONMEDICAL_INFORMAL,Social perspective only; never deducted from public payer cost,29869838093.540184,15588844503.595592,14934919046.770092,7794422251.797796,44804757140.31028,23383266755.39339
S2,2048,dementia,nonmedical_and_informal_care,avoided_prevalence_patient_year,323188.03508333815,92790.41971,46395.209855,139185.629565,DEM_NONMEDICAL_INFORMAL,Social perspective only; never deducted from public payer cost,29988753420.633152,15195053903.927584,14994376710.316576,7597526951.963792,44983130130.94973,22792580855.891376
S2,2049,dementia,nonmedical_and_informal_care,avoided_prevalence_patient_year,324543.0571150733,92790.41971,46395.209855,139185.629565,DEM_NONMEDICAL_INFORMAL,Social perspective only; never deducted from public payer cost,30114486483.674156,14814331853.859467,15057243241.837078,7407165926.929733,45171729725.51124,22221497780.789204
S2,2050,dementia,nonmedical_and_informal_care,avoided_prevalence_patient_year,326314.34588001244,92790.41971,46395.209855,139185.629565,DEM_NONMEDICAL_INFORMAL,Social perspective only; never deducted from public payer cost,30278845111.600464,14461345056.111546,15139422555.800232,7230672528.055773,45418267667.400696,21692017584.167316
S3,2025,dementia,nonmedical_and_informal_care,avoided_prevalence_patient_year,0.0,92790.41971,46395.209855,139185.629565,DEM_NONMEDICAL_INFORMAL,Social perspective only; never deducted from public payer cost,0.0,0.0,0.0,0.0,0.0,0.0
S3,2026,dementia,nonmedical_and_informal_care,avoided_prevalence_patient_year,0.0,92790.41971,46395.209855,139185.629565,DEM_NONMEDICAL_INFORMAL,Social perspective only; never deducted from public payer cost,0.0,0.0,0.0,0.0,0.0,0.0
S3,2027,dementia,nonmedical_and_informal_care,avoided_prevalence_patient_year,0.0,92790.41971,46395.209855,139185.629565,DEM_NONMEDICAL_INFORMAL,Social perspective only; never deducted from public payer cost,0.0,0.0,0.0,0.0,0.0,0.0
S3,2028,dementia,nonmedical_and_informal_care,avoided_prevalence_patient_year,0.0,92790.41971,46395.209855,139185.629565,DEM_NONMEDICAL_INFORMAL,Social perspective only; never deducted from public payer cost,0.0,0.0,0.0,0.0,0.0,0.0
S3,2029,dementia,nonmedical_and_informal_care,avoided_prevalence_patient_year,0.0,92790.41971,46395.209855,139185.629565,DEM_NONMEDICAL_INFORMAL,Social perspective only; never deducted from public payer cost,0.0,0.0,0.0,0.0,0.0,0.0
S3,2030,dementia,nonmedical_and_informal_care,avoided_prevalence_patient_year,15250.265529000415,92790.41971,46395.209855,139185.629565,DEM_NONMEDICAL_INFORMAL,Social perspective only; never deducted from public payer cost,1415078539.1248937,1220659178.4426432,707539269.5624468,610329589.2213216,2122617808.6873407,1830988767.6639647
S3,2031,dementia,nonmedical_and_informal_care,avoided_prevalence_patient_year,37552.72378176659,92790.41971,46395.209855,139185.629565,DEM_NONMEDICAL_INFORMAL,Social perspective only; never deducted from public payer cost,3484533000.9638205,2918241530.2018485,1742266500.4819102,1459120765.1009243,5226799501.44573,4377362295.302772
S3,2032,dementia,nonmedical_and_informal_care,avoided_prevalence_patient_year,68446.49303346149,92790.41971,46395.209855,139185.629565,DEM_NONMEDICAL_INFORMAL,Social perspective only; never deducted from public payer cost,6351178816.252483,5164089582.518623,3175589408.1262417,2582044791.2593117,9526768224.378725,7746134373.777935
S3,2033,dementia,nonmedical_and_informal_care,avoided_prevalence_patient_year,111135.0577824443,92790.41971,46395.209855,139185.629565,DEM_NONMEDICAL_INFORMAL,Social perspective only; never deducted from public payer cost,10312268656.128109,8140600103.873687,5156134328.0640545,4070300051.9368434,15468402984.192163,12210900155.810532
S3,2034,dementia,nonmedical_and_informal_care,avoided_prevalence_patient_year,167040.9143501171,92790.41971,46395.209855,139185.629565,DEM_NONMEDICAL_INFORMAL,Social perspective only; never deducted from public payer cost,15499796551.289528,11879303424.830334,7749898275.644764,5939651712.415167,23249694826.93429,17818955137.245502
S3,2035,dementia,nonmedical_and_informal_care,avoided_prevalence_patient_year,213303.6321487418,92790.41971,46395.209855,139185.629565,DEM_NONMEDICAL_INFORMAL,Social perspective only; never deducted from public payer cost,19792533552.749203,14727503776.989939,9896266776.374601,7363751888.494969,29688800329.123802,22091255665.484905
S3,2036,dementia,nonmedical_and_informal_care,avoided_prevalence_patient_year,262805.22899755574,92790.41971,46395.209855,139185.629565,DEM_NONMEDICAL_INFORMAL,Social perspective only; never deducted from public payer cost,24385807500.66586,17616826185.522697,12192903750.33293,8808413092.761349,36578711250.998795,26425239278.28405
S3,2037,dementia,nonmedical_and_informal_care,avoided_prevalence_patient_year,314240.70442736946,92790.41971,46395.209855,139185.629565,DEM_NONMEDICAL_INFORMAL,Social perspective only; never deducted from public payer cost,29158526853.78167,20451204071.30897,14579263426.890835,10225602035.654486,43737790280.67251,30676806106.96346
S3,2038,dementia,nonmedical_and_informal_care,avoided_prevalence_patient_year,368614.36624830775,92790.41971,46395.209855,139185.629565,DEM_NONMEDICAL_INFORMAL,Social perspective only; never deducted from public payer cost,34203881755.316135,23291179114.250717,17101940877.658068,11645589557.125359,51305822632.974205,34936768671.376076
S3,2039,dementia,nonmedical_and_informal_care,avoided_prevalence_patient_year,426017.911205631,92790.41971,46395.209855,139185.629565,DEM_NONMEDICAL_INFORMAL,Social perspective only; never deducted from public payer cost,39530380784.74801,26134238607.5871,19765190392.374004,13067119303.79355,59295571177.122025,39201357911.38066
S3,2040,dementia,nonmedical_and_informal_care,avoided_prevalence_patient_year,440357.8682686292,92790.41971,46395.209855,139185.629565,DEM_NONMEDICAL_INFORMAL,Social perspective only; never deducted from public payer cost,40860991419.246994,26227115524.918434,20430495709.623497,13113557762.459217,61291487128.87049,39340673287.377655
S3,2041,dementia,nonmedical_and_informal_care,avoided_prevalence_patient_year,453813.34503759304,92790.41971,46395.209855,139185.629565,DEM_NONMEDICAL_INFORMAL,Social perspective only; never deducted from public payer cost,42109530756.03731,26241267393.23502,21054765378.018654,13120633696.61751,63164296134.05596,39361901089.85253
S3,2042,dementia,nonmedical_and_informal_care,avoided_prevalence_patient_year,465677.45865110535,92790.41971,46395.209855,139185.629565,DEM_NONMEDICAL_INFORMAL,Social perspective only; never deducted from public payer cost,43210406837.72224,26143006768.46529,21605203418.86112,13071503384.232645,64815610256.58336,39214510152.69794
S3,2043,dementia,nonmedical_and_informal_care,avoided_prevalence_patient_year,476240.73309002584,92790.41971,46395.209855,139185.629565,DEM_NONMEDICAL_INFORMAL,Social perspective only; never deducted from public payer cost,44190577506.421585,25957306934.721416,22095288753.210793,12978653467.360708,66285866259.63238,38935960402.08212
S3,2044,dementia,nonmedical_and_informal_care,avoided_prevalence_patient_year,485101.1497262714,92790.41971,46395.209855,139185.629565,DEM_NONMEDICAL_INFORMAL,Social perspective only; never deducted from public payer cost,45012739284.904274,25670136242.709087,22506369642.452137,12835068121.354544,67519108927.356415,38505204364.06364
S3,2045,dementia,nonmedical_and_informal_care,avoided_prevalence_patient_year,491683.4691693336,92790.41971,46395.209855,139185.629565,DEM_NONMEDICAL_INFORMAL,Social perspective only; never deducted from public payer cost,45623515468.69131,25260634335.759556,22811757734.345654,12630317167.879778,68435273203.036964,37890951503.639336
S3,2046,dementia,nonmedical_and_informal_care,avoided_prevalence_patient_year,496347.0224910182,92790.41971,46395.209855,139185.629565,DEM_NONMEDICAL_INFORMAL,Social perspective only; never deducted from public payer cost,46056248538.75039,24757503053.093094,23028124269.375195,12378751526.546547,69084372808.12558,37136254579.63964
S3,2047,dementia,nonmedical_and_informal_care,avoided_prevalence_patient_year,499491.5666221867,92790.41971,46395.209855,139185.629565,DEM_NONMEDICAL_INFORMAL,Social perspective only; never deducted from public payer cost,46348032108.478134,24188690388.080006,23174016054.239067,12094345194.040003,69522048162.7172,36283035582.12
S3,2048,dementia,nonmedical_and_informal_care,avoided_prevalence_patient_year,501480.1011043306,92790.41971,46395.209855,139185.629565,DEM_NONMEDICAL_INFORMAL,Social perspective only; never deducted from public payer cost,46532549057.684074,23577658640.928463,23266274528.842037,11788829320.464231,69798823586.52611,35366487961.39269
S3,2049,dementia,nonmedical_and_informal_care,avoided_prevalence_patient_year,503582.64362357307,92790.41971,46395.209855,139185.629565,DEM_NONMEDICAL_INFORMAL,Social perspective only; never deducted from public payer cost,46727644860.5027,22986904926.572742,23363822430.25135,11493452463.286371,70091467290.75406,34480357389.85912
S3,2050,dementia,nonmedical_and_informal_care,avoided_prevalence_patient_year,506331.09335717035,92790.41971,46395.209855,139185.629565,DEM_NONMEDICAL_INFORMAL,Social perspective only; never deducted from public payer cost,46982674664.83503,22439187078.733864,23491337332.417515,11219593539.366932,70474011997.25255,33658780618.1008
S4,2025,dementia,nonmedical_and_informal_care,avoided_prevalence_patient_year,0.0,92790.41971,46395.209855,139185.629565,DEM_NONMEDICAL_INFORMAL,Social perspective only; never deducted from public payer cost,0.0,0.0,0.0,0.0,0.0,0.0
S4,2026,dementia,nonmedical_and_informal_care,avoided_prevalence_patient_year,0.0,92790.41971,46395.209855,139185.629565,DEM_NONMEDICAL_INFORMAL,Social perspective only; never deducted from public payer cost,0.0,0.0,0.0,0.0,0.0,0.0
S4,2027,dementia,nonmedical_and_informal_care,avoided_prevalence_patient_year,0.0,92790.41971,46395.209855,139185.629565,DEM_NONMEDICAL_INFORMAL,Social perspective only; never deducted from public payer cost,0.0,0.0,0.0,0.0,0.0,0.0
S4,2028,dementia,nonmedical_and_informal_care,avoided_prevalence_patient_year,0.0,92790.41971,46395.209855,139185.629565,DEM_NONMEDICAL_INFORMAL,Social perspective only; never deducted from public payer cost,0.0,0.0,0.0,0.0,0.0,0.0
S4,2029,dementia,nonmedical_and_informal_care,avoided_prevalence_patient_year,0.0,92790.41971,46395.209855,139185.629565,DEM_NONMEDICAL_INFORMAL,Social perspective only; never deducted from public payer cost,0.0,0.0,0.0,0.0,0.0,0.0
S4,2030,dementia,nonmedical_and_informal_care,avoided_prevalence_patient_year,28293.62806864701,92790.41971,46395.209855,139185.629565,DEM_NONMEDICAL_INFORMAL,Social perspective only; never deducted from public payer cost,2625377623.6083927,2264673800.4502206,1312688811.8041964,1132336900.2251103,3938066435.412589,3397010700.675331
S4,2031,dementia,nonmedical_and_informal_care,avoided_prevalence_patient_year,58952.470615017504,92790.41971,46395.209855,139185.629565,DEM_NONMEDICAL_INFORMAL,Social perspective only; never deducted from public payer cost,5470224491.308916,4581226891.996569,2735112245.654458,2290613445.9982843,8205336736.963375,6871840337.994853
S4,2032,dementia,nonmedical_and_informal_care,avoided_prevalence_patient_year,93124.48031763529,92790.41971,46395.209855,139185.629565,DEM_NONMEDICAL_INFORMAL,Social perspective only; never deducted from public payer cost,8641059613.949013,7025972221.113818,4320529806.974506,3512986110.556909,12961589420.92352,10538958331.670727
S4,2033,dementia,nonmedical_and_informal_care,avoided_prevalence_patient_year,133415.4355131379,92790.41971,46395.209855,139185.629565,DEM_NONMEDICAL_INFORMAL,Social perspective only; never deducted from public payer cost,12379674257.056505,9772629176.318914,6189837128.528253,4886314588.159457,18569511385.58476,14658943764.478373
S4,2034,dementia,nonmedical_and_informal_care,avoided_prevalence_patient_year,179420.96063385287,92790.41971,46395.209855,139185.629565,DEM_NONMEDICAL_INFORMAL,Social perspective only; never deducted from public payer cost,16648546241.986595,12759724409.055132,8324273120.993298,6379862204.527566,24972819362.979897,19139586613.582703
S4,2035,dementia,nonmedical_and_informal_care,avoided_prevalence_patient_year,229112.38684075218,92790.41971,46395.209855,139185.629565,DEM_NONMEDICAL_INFORMAL,Social perspective only; never deducted from public payer cost,21259434535.713276,15819015872.169529,10629717267.856638,7909507936.0847645,31889151803.569916,23728523808.254295
S4,2036,dementia,nonmedical_and_informal_care,avoided_prevalence_patient_year,282282.7379135956,92790.41971,46395.209855,139185.629565,DEM_NONMEDICAL_INFORMAL,Social perspective only; never deducted from public payer cost,26193133727.89047,18922477105.824722,13096566863.945234,9461238552.912361,39289700591.83571,28383715658.73709
S4,2037,dementia,nonmedical_and_informal_care,avoided_prevalence_patient_year,337530.29476623575,92790.41971,46395.209855,139185.629565,DEM_NONMEDICAL_INFORMAL,Social perspective only; never deducted from public payer cost,31319577716.19903,21966921666.28218,15659788858.099516,10983460833.14109,46979366574.29855,32950382499.423275
S4,2038,dementia,nonmedical_and_informal_care,avoided_prevalence_patient_year,395933.79833330546,92790.41971,46395.209855,139185.629565,DEM_NONMEDICAL_INFORMAL,Social perspective only; never deducted from public payer cost,36738863324.72192,25017378210.795593,18369431662.36096,12508689105.397797,55108294987.08287,37526067316.19339
S4,2039,dementia,nonmedical_and_informal_care,avoided_prevalence_patient_year,457591.7413594286,92790.41971,46395.209855,139185.629565,DEM_NONMEDICAL_INFORMAL,Social perspective only; never deducted from public payer cost,42460129736.57115,28071147806.215816,21230064868.285576,14035573903.107908,63690194604.85673,42106721709.32372
S4,2040,dementia,nonmedical_and_informal_care,avoided_prevalence_patient_year,472994.48793622584,92790.41971,46395.209855,139185.629565,DEM_NONMEDICAL_INFORMAL,Social perspective only; never deducted from public payer cost,43889357056.11893,28170908190.030354,21944678528.059464,14085454095.015177,65834035584.1784,42256362285.04554
S4,2041,dementia,nonmedical_and_informal_care,avoided_prevalence_patient_year,487447.2019737809,92790.41971,46395.209855,139185.629565,DEM_NONMEDICAL_INFORMAL,Social perspective only; never deducted from public payer cost,45230430457.61227,28186108907.878452,22615215228.806133,14093054453.939226,67845645686.4184,42279163361.81768
S4,2042,dementia,nonmedical_and_informal_care,avoided_prevalence_patient_year,500190.61079602817,92790.41971,46395.209855,139185.629565,DEM_NONMEDICAL_INFORMAL,Social perspective only; never deducted from public payer cost,46412896710.76471,28080565809.30732,23206448355.382355,14040282904.65366,69619345066.14706,42120848713.960976
S4,2043,dementia,nonmedical_and_informal_care,avoided_prevalence_patient_year,511536.7702363294,92790.41971,46395.209855,139185.629565,DEM_NONMEDICAL_INFORMAL,Social perspective only; never deducted from public payer cost,47465711607.32684,27881103044.813366,23732855803.66342,13940551522.406683,71198567410.99026,41821654567.22005
S4,2044,dementia,nonmedical_and_informal_care,avoided_prevalence_patient_year,521053.86651586276,92790.41971,46395.209855,139185.629565,DEM_NONMEDICAL_INFORMAL,Social perspective only; never deducted from public payer cost,48348806965.52522,27572649025.466084,24174403482.76261,13786324512.733042,72523210448.28784,41358973538.19913
S4,2045,dementia,nonmedical_and_informal_care,avoided_prevalence_patient_year,528124.0270347262,92790.41971,46395.209855,139185.629565,DEM_NONMEDICAL_INFORMAL,Social perspective only; never deducted from public payer cost,49004850127.48763,27132797353.125004,24502425063.743816,13566398676.562502,73507275191.23146,40699196029.687515
S4,2046,dementia,nonmedical_and_informal_care,avoided_prevalence_patient_year,533133.2142760633,92790.41971,46395.209855,139185.629565,DEM_NONMEDICAL_INFORMAL,Social perspective only; never deducted from public payer cost,49469654714.01727,26592377070.991333,24734827357.008636,13296188535.495667,74204482071.02591,39888565606.487
S4,2047,dementia,nonmedical_and_informal_care,avoided_prevalence_patient_year,536510.812698371,92790.41971,46395.209855,139185.629565,DEM_NONMEDICAL_INFORMAL,Social perspective only; never deducted from public payer cost,49783063489.23505,25981407505.99339,24891531744.617523,12990703752.996695,74674595233.85257,38972111258.99008
S4,2048,dementia,nonmedical_and_informal_care,avoided_prevalence_patient_year,538646.7251389122,92790.41971,46395.209855,139185.629565,DEM_NONMEDICAL_INFORMAL,Social perspective only; never deducted from public payer cost,49981255701.05667,25325089839.880024,24990627850.528336,12662544919.940012,74971883551.585,37987634759.82004
S4,2049,dementia,nonmedical_and_informal_care,avoided_prevalence_patient_year,540905.0951918041,92790.41971,46395.209855,139185.629565,DEM_NONMEDICAL_INFORMAL,Social perspective only; never deducted from public payer cost,50190810806.12501,24690553089.766476,25095405403.062504,12345276544.883238,75286216209.18752,37035829634.64971
S4,2050,dementia,nonmedical_and_informal_care,avoided_prevalence_patient_year,543857.2431333694,92790.41971,46395.209855,139185.629565,DEM_NONMEDICAL_INFORMAL,Social perspective only; never deducted from public payer cost,50464741852.66886,24102241760.18659,25232370926.33443,12051120880.093294,75697112779.0033,36153362640.279884
S5,2025,dementia,nonmedical_and_informal_care,avoided_prevalence_patient_year,0.0,92790.41971,46395.209855,139185.629565,DEM_NONMEDICAL_INFORMAL,Social perspective only; never deducted from public payer cost,0.0,0.0,0.0,0.0,0.0,0.0
S5,2026,dementia,nonmedical_and_informal_care,avoided_prevalence_patient_year,0.0,92790.41971,46395.209855,139185.629565,DEM_NONMEDICAL_INFORMAL,Social perspective only; never deducted from public payer cost,0.0,0.0,0.0,0.0,0.0,0.0
S5,2027,dementia,nonmedical_and_informal_care,avoided_prevalence_patient_year,0.0,92790.41971,46395.209855,139185.629565,DEM_NONMEDICAL_INFORMAL,Social perspective only; never deducted from public payer cost,0.0,0.0,0.0,0.0,0.0,0.0
S5,2028,dementia,nonmedical_and_informal_care,avoided_prevalence_patient_year,0.0,92790.41971,46395.209855,139185.629565,DEM_NONMEDICAL_INFORMAL,Social perspective only; never deducted from public payer cost,0.0,0.0,0.0,0.0,0.0,0.0
S5,2029,dementia,nonmedical_and_informal_care,avoided_prevalence_patient_year,0.0,92790.41971,46395.209855,139185.629565,DEM_NONMEDICAL_INFORMAL,Social perspective only; never deducted from public payer cost,0.0,0.0,0.0,0.0,0.0,0.0
S5,2030,dementia,nonmedical_and_informal_care,avoided_prevalence_patient_year,13580.941472950595,92790.41971,46395.209855,139185.629565,DEM_NONMEDICAL_INFORMAL,Social perspective only; never deducted from public payer cost,1260181259.3320312,1087043424.2161083,630090629.6660156,543521712.1080542,1890271888.998047,1630565136.3241627
S5,2031,dementia,nonmedical_and_informal_care,avoided_prevalence_patient_year,28297.185895208644,92790.41971,46395.209855,139185.629565,DEM_NONMEDICAL_INFORMAL,Social perspective only; never deducted from public payer cost,2625707755.8283024,2198988908.158372,1312853877.9141512,1099494454.079186,3938561633.7424536,3298483362.237558
S5,2032,dementia,nonmedical_and_informal_care,avoided_prevalence_patient_year,44699.75055246528,92790.41971,46395.209855,139185.629565,DEM_NONMEDICAL_INFORMAL,Social perspective only; never deducted from public payer cost,4147708614.695558,3372466666.134659,2073854307.347779,1686233333.0673294,6221562922.043337,5058699999.201988
S5,2033,dementia,nonmedical_and_informal_care,avoided_prevalence_patient_year,64039.409046308705,92790.41971,46395.209855,139185.629565,DEM_NONMEDICAL_INFORMAL,Social perspective only; never deducted from public payer cost,5942243643.387356,4690862004.633263,2971121821.693678,2345431002.3166313,8913365465.081034,7036293006.949894
S5,2034,dementia,nonmedical_and_informal_care,avoided_prevalence_patient_year,86122.06110424935,92790.41971,46395.209855,139185.629565,DEM_NONMEDICAL_INFORMAL,Social perspective only; never deducted from public payer cost,7991302196.1535635,6124667716.346461,3995651098.0767817,3062333858.1732306,11986953294.230347,9187001574.519693
S5,2035,dementia,nonmedical_and_informal_care,avoided_prevalence_patient_year,109973.94568355971,92790.41971,46395.209855,139185.629565,DEM_NONMEDICAL_INFORMAL,Social perspective only; never deducted from public payer cost,10204528577.142248,7593127618.641282,5102264288.571124,3796563809.320641,15306792865.713373,11389691427.961924
S5,2036,dementia,nonmedical_and_informal_care,avoided_prevalence_patient_year,135495.71419852413,92790.41971,46395.209855,139185.629565,DEM_NONMEDICAL_INFORMAL,Social perspective only; never deducted from public payer cost,12572704189.38726,9082789010.795748,6286352094.69363,4541394505.397874,18859056284.08089,13624183516.193623
S5,2037,dementia,nonmedical_and_informal_care,avoided_prevalence_patient_year,162014.54148779123,92790.41971,46395.209855,139185.629565,DEM_NONMEDICAL_INFORMAL,Social perspective only; never deducted from public payer cost,15033397303.775356,10544122399.815321,7516698651.887678,5272061199.9076605,22550095955.663036,15816183599.722982
S5,2038,dementia,nonmedical_and_informal_care,avoided_prevalence_patient_year,190048.2231999879,92790.41971,46395.209855,139185.629565,DEM_NONMEDICAL_INFORMAL,Social perspective only; never deducted from public payer cost,17634654395.86664,12008341541.181965,8817327197.93332,6004170770.590982,26451981593.799957,18012512311.77295
S5,2039,dementia,nonmedical_and_informal_care,avoided_prevalence_patient_year,219644.03585252297,92790.41971,46395.209855,139185.629565,DEM_NONMEDICAL_INFORMAL,Social perspective only; never deducted from public payer cost,20380862273.553894,13474150946.98342,10190431136.776947,6737075473.49171,30571293410.330845,20211226420.475132
S5,2040,dementia,nonmedical_and_informal_care,avoided_prevalence_patient_year,227037.35420938552,92790.41971,46395.209855,139185.629565,DEM_NONMEDICAL_INFORMAL,Social perspective only; never deducted from public payer cost,21066891386.936817,13522035931.214397,10533445693.468409,6761017965.607199,31600337080.405228,20283053896.821598
S5,2041,dementia,nonmedical_and_informal_care,avoided_prevalence_patient_year,233974.65694741183,92790.41971,46395.209855,139185.629565,DEM_NONMEDICAL_INFORMAL,Social perspective only; never deducted from public payer cost,21710606619.65361,13529332275.781485,10855303309.826805,6764666137.890742,32565909929.48042,20293998413.67223
S5,2042,dementia,nonmedical_and_informal_care,avoided_prevalence_patient_year,240091.49318209046,92790.41971,46395.209855,139185.629565,DEM_NONMEDICAL_INFORMAL,Social perspective only; never deducted from public payer cost,22278190421.16678,13478671588.467342,11139095210.58339,6739335794.233671,33417285631.750168,20218007382.70101
S5,2043,dementia,nonmedical_and_informal_care,avoided_prevalence_patient_year,245537.64971343498,92790.41971,46395.209855,139185.629565,DEM_NONMEDICAL_INFORMAL,Social perspective only; never deducted from public payer cost,22783541571.516594,13382929461.510244,11391770785.758297,6691464730.755122,34175312357.27489,20074394192.265366
S5,2044,dementia,nonmedical_and_informal_care,avoided_prevalence_patient_year,250105.8559276109,92790.41971,46395.209855,139185.629565,DEM_NONMEDICAL_INFORMAL,Social perspective only; never deducted from public payer cost,23207427343.451805,13234871532.223547,11603713671.725903,6617435766.1117735,34811141015.17771,19852307298.335323
S5,2045,dementia,nonmedical_and_informal_care,avoided_prevalence_patient_year,253499.53297666542,92790.41971,46395.209855,139185.629565,DEM_NONMEDICAL_INFORMAL,Social perspective only; never deducted from public payer cost,23522328061.19377,13023742729.49984,11761164030.596886,6511871364.74992,35283492091.79066,19535614094.24976
S5,2046,dementia,nonmedical_and_informal_care,avoided_prevalence_patient_year,255903.9428525071,92790.41971,46395.209855,139185.629565,DEM_NONMEDICAL_INFORMAL,Social perspective only; never deducted from public payer cost,23745434262.72799,12764340994.075678,11872717131.363995,6382170497.037839,35618151394.09199,19146511491.113518
S5,2047,dementia,nonmedical_and_informal_care,avoided_prevalence_patient_year,257525.19009521478,92790.41971,46395.209855,139185.629565,DEM_NONMEDICAL_INFORMAL,Social perspective only; never deducted from public payer cost,23895870474.832516,12471075602.876667,11947935237.416258,6235537801.4383335,35843805712.24877,18706613404.315
S5,2048,dementia,nonmedical_and_informal_care,avoided_prevalence_patient_year,258550.42806667456,92790.41971,46395.209855,139185.629565,DEM_NONMEDICAL_INFORMAL,Social perspective only; never deducted from public payer cost,23991002736.506897,12156043123.142258,11995501368.253448,6078021561.571129,35986504104.760345,18234064684.713387
S5,2049,dementia,nonmedical_and_informal_care,avoided_prevalence_patient_year,259634.44569206273,92790.41971,46395.209855,139185.629565,DEM_NONMEDICAL_INFORMAL,Social perspective only; never deducted from public payer cost,24091589186.9397,11851465483.087759,12045794593.46985,5925732741.5438795,36137383780.40955,17777198224.631638
S5,2050,dementia,nonmedical_and_informal_care,avoided_prevalence_patient_year,261051.47670401406,92790.41971,46395.209855,139185.629565,DEM_NONMEDICAL_INFORMAL,Social perspective only; never deducted from public payer cost,24223076089.280754,11569076044.88942,12111538044.640377,5784538022.44471,36334614133.92113,17353614067.334126
S6,2025,dementia,nonmedical_and_informal_care,avoided_prevalence_patient_year,0.0,92790.41971,46395.209855,139185.629565,DEM_NONMEDICAL_INFORMAL,Social perspective only; never deducted from public payer cost,0.0,0.0,0.0,0.0,0.0,0.0
S6,2026,dementia,nonmedical_and_informal_care,avoided_prevalence_patient_year,0.0,92790.41971,46395.209855,139185.629565,DEM_NONMEDICAL_INFORMAL,Social perspective only; never deducted from public payer cost,0.0,0.0,0.0,0.0,0.0,0.0
S6,2027,dementia,nonmedical_and_informal_care,avoided_prevalence_patient_year,0.0,92790.41971,46395.209855,139185.629565,DEM_NONMEDICAL_INFORMAL,Social perspective only; never deducted from public payer cost,0.0,0.0,0.0,0.0,0.0,0.0
S6,2028,dementia,nonmedical_and_informal_care,avoided_prevalence_patient_year,0.0,92790.41971,46395.209855,139185.629565,DEM_NONMEDICAL_INFORMAL,Social perspective only; never deducted from public payer cost,0.0,0.0,0.0,0.0,0.0,0.0
S6,2029,dementia,nonmedical_and_informal_care,avoided_prevalence_patient_year,0.0,92790.41971,46395.209855,139185.629565,DEM_NONMEDICAL_INFORMAL,Social perspective only; never deducted from public payer cost,0.0,0.0,0.0,0.0,0.0,0.0
S6,2030,dementia,nonmedical_and_informal_care,avoided_prevalence_patient_year,34857.74978057303,92790.41971,46395.209855,139185.629565,DEM_NONMEDICAL_INFORMAL,Social perspective only; never deducted from public payer cost,3234465232.285532,2790078122.154665,1617232616.142766,1395039061.0773325,4851697848.428298,4185117183.231998
S6,2031,dementia,nonmedical_and_informal_care,avoided_prevalence_patient_year,85834.79721546578,92790.41971,46395.209855,139185.629565,DEM_NONMEDICAL_INFORMAL,Social perspective only; never deducted from public payer cost,7964646859.345809,6670266354.747026,3982323429.6729045,3335133177.373513,11946970289.018713,10005399532.120539
S6,2032,dementia,nonmedical_and_informal_care,avoided_prevalence_patient_year,156449.12693362788,92790.41971,46395.209855,139185.629565,DEM_NONMEDICAL_INFORMAL,Social perspective only; never deducted from public payer cost,14516980151.434397,11803633331.47126,7258490075.717198,5901816665.73563,21775470227.151596,17705449997.20689
S6,2033,dementia,nonmedical_and_informal_care,avoided_prevalence_patient_year,254022.98921701557,92790.41971,46395.209855,139185.629565,DEM_NONMEDICAL_INFORMAL,Social perspective only; never deducted from public payer cost,23570899785.43568,18607085951.71129,11785449892.71784,9303542975.855644,35356349678.15352,27910628927.56693
S6,2034,dementia,nonmedical_and_informal_care,avoided_prevalence_patient_year,381807.80422883807,92790.41971,46395.209855,139185.629565,DEM_NONMEDICAL_INFORMAL,Social perspective only; never deducted from public payer cost,35428106402.947395,27152693542.46926,17714053201.473698,13576346771.23463,53142159604.4211,40729040313.703896
S6,2035,dementia,nonmedical_and_informal_care,avoided_prevalence_patient_year,487551.15919712174,92790.41971,46395.209855,139185.629565,DEM_NONMEDICAL_INFORMAL,Social perspective only; never deducted from public payer cost,45240076691.997955,33662865775.976837,22620038345.998978,16831432887.988419,67860115037.99693,50494298663.965256
S6,2036,dementia,nonmedical_and_informal_care,avoided_prevalence_patient_year,600697.6662801312,92790.41971,46395.209855,139185.629565,DEM_NONMEDICAL_INFORMAL,Social perspective only; never deducted from public payer cost,55738988572.95089,40267031281.19499,27869494286.475445,20133515640.597496,83608482859.42635,60400546921.792496
S6,2037,dementia,nonmedical_and_informal_care,avoided_prevalence_patient_year,718264.4672625567,92790.41971,46395.209855,139185.629565,DEM_NONMEDICAL_INFORMAL,Social perspective only; never deducted from public payer cost,66648061380.07219,46745609305.84894,33324030690.036095,23372804652.92447,99972092070.10829,70118413958.7734
S6,2038,dementia,nonmedical_and_informal_care,avoided_prevalence_patient_year,842547.122853279,92790.41971,46395.209855,139185.629565,DEM_NONMEDICAL_INFORMAL,Social perspective only; never deducted from public payer cost,78180301155.0087,53236980832.57333,39090150577.50435,26618490416.286667,117270451732.51305,79855471248.86
S6,2039,dementia,nonmedical_and_informal_care,avoided_prevalence_patient_year,973755.2256128689,92790.41971,46395.209855,139185.629565,DEM_NONMEDICAL_INFORMAL,Social perspective only; never deducted from public payer cost,90355156079.42384,59735402531.62754,45177578039.71192,29867701265.81377,135532734119.13579,89603103797.44133
S6,2040,dementia,nonmedical_and_informal_care,avoided_prevalence_patient_year,1006532.2703282936,92790.41971,46395.209855,139185.629565,DEM_NONMEDICAL_INFORMAL,Social perspective only; never deducted from public payer cost,93396551815.42154,59947692628.384895,46698275907.71077,29973846314.192448,140094827723.13232,89921538942.57735
S6,2041,dementia,nonmedical_and_informal_care,avoided_prevalence_patient_year,1037287.6458002107,92790.41971,46395.209855,139185.629565,DEM_NONMEDICAL_INFORMAL,Social perspective only; never deducted from public payer cost,96250356013.79936,59980039755.96564,48125178006.89968,29990019877.98282,144375534020.69907,89970059633.94847
S6,2042,dementia,nonmedical_and_informal_care,avoided_prevalence_patient_year,1064405.6197739532,92790.41971,46395.209855,139185.629565,DEM_NONMEDICAL_INFORMAL,Social perspective only; never deducted from public payer cost,98766644200.5078,59755444042.206276,49383322100.2539,29877722021.103138,148149966300.7617,89633166063.3094
S6,2043,dementia,nonmedical_and_informal_care,avoided_prevalence_patient_year,1088550.2470629143,92790.41971,46395.209855,139185.629565,DEM_NONMEDICAL_INFORMAL,Social perspective only; never deducted from public payer cost,101007034300.39201,59330987279.36313,50503517150.19601,29665493639.681564,151510551450.58804,88996480919.04471
S6,2044,dementia,nonmedical_and_informal_care,avoided_prevalence_patient_year,1108802.6279457612,92790.41971,46395.209855,139185.629565,DEM_NONMEDICAL_INFORMAL,Social perspective only; never deducted from public payer cost,102886261222.63815,58674597126.1921,51443130611.31908,29337298563.09605,154329391833.95724,88011895689.28815
S6,2045,dementia,nonmedical_and_informal_care,avoided_prevalence_patient_year,1123847.929529903,92790.41971,46395.209855,139185.629565,DEM_NONMEDICAL_INFORMAL,Social perspective only; never deducted from public payer cost,104282321071.2942,57738592767.4503,52141160535.6471,28869296383.72515,156423481606.9413,86607889151.17546
S6,2046,dementia,nonmedical_and_informal_care,avoided_prevalence_patient_year,1134507.479979468,92790.41971,46395.209855,139185.629565,DEM_NONMEDICAL_INFORMAL,Social perspective only; never deducted from public payer cost,105271425231.42926,56588578407.069824,52635712615.71463,28294289203.534912,157907137847.1439,84882867610.60474
S6,2047,dementia,nonmedical_and_informal_care,avoided_prevalence_patient_year,1141695.009422139,92790.41971,46395.209855,139185.629565,DEM_NONMEDICAL_INFORMAL,Social perspective only; never deducted from public payer cost,105938359105.09268,55288435172.754196,52969179552.54634,27644217586.377098,158907538657.63904,82932652759.1313
S6,2048,dementia,nonmedical_and_informal_care,avoided_prevalence_patient_year,1146240.2310956107,92790.41971,46395.209855,139185.629565,DEM_NONMEDICAL_INFORMAL,Social perspective only; never deducted from public payer cost,106360112131.8491,53891791179.26495,53180056065.92455,26945895589.632477,159540168197.77368,80837686768.89745
S6,2049,dementia,nonmedical_and_informal_care,avoided_prevalence_patient_year,1151046.0425681649,92790.41971,46395.209855,139185.629565,DEM_NONMEDICAL_INFORMAL,Social perspective only; never deducted from public payer cost,106806045395.43456,52541496975.02332,53403022697.71728,26270748487.51166,160209068093.15182,78812245462.53497
S6,2050,dementia,nonmedical_and_informal_care,avoided_prevalence_patient_year,1157328.2133878157,92790.41971,46395.209855,139185.629565,DEM_NONMEDICAL_INFORMAL,Social perspective only; never deducted from public payer cost,107388970662.47987,51289570465.677315,53694485331.23994,25644785232.838657,161083455993.71982,76934355698.51598
S7,2025,dementia,nonmedical_and_informal_care,avoided_prevalence_patient_year,0.0,92790.41971,46395.209855,139185.629565,DEM_NONMEDICAL_INFORMAL,Social perspective only; never deducted from public payer cost,0.0,0.0,0.0,0.0,0.0,0.0
S7,2026,dementia,nonmedical_and_informal_care,avoided_prevalence_patient_year,0.0,92790.41971,46395.209855,139185.629565,DEM_NONMEDICAL_INFORMAL,Social perspective only; never deducted from public payer cost,0.0,0.0,0.0,0.0,0.0,0.0
S7,2027,dementia,nonmedical_and_informal_care,avoided_prevalence_patient_year,0.0,92790.41971,46395.209855,139185.629565,DEM_NONMEDICAL_INFORMAL,Social perspective only; never deducted from public payer cost,0.0,0.0,0.0,0.0,0.0,0.0
S7,2028,dementia,nonmedical_and_informal_care,avoided_prevalence_patient_year,0.0,92790.41971,46395.209855,139185.629565,DEM_NONMEDICAL_INFORMAL,Social perspective only; never deducted from public payer cost,0.0,0.0,0.0,0.0,0.0,0.0
S7,2029,dementia,nonmedical_and_informal_care,avoided_prevalence_patient_year,0.0,92790.41971,46395.209855,139185.629565,DEM_NONMEDICAL_INFORMAL,Social perspective only; never deducted from public payer cost,0.0,0.0,0.0,0.0,0.0,0.0
S7,2030,dementia,nonmedical_and_informal_care,avoided_prevalence_patient_year,84880.8842059412,92790.41971,46395.209855,139185.629565,DEM_NONMEDICAL_INFORMAL,Social perspective only; never deducted from public payer cost,7876132870.825194,6794021401.350677,3938066435.412597,3397010700.6753383,11814199306.237791,10191032102.026014
S7,2031,dementia,nonmedical_and_informal_care,avoided_prevalence_patient_year,176857.4118450541,92790.41971,46395.209855,139185.629565,DEM_NONMEDICAL_INFORMAL,Social perspective only; never deducted from public payer cost,16410673473.926895,13743680675.989828,8205336736.963448,6871840337.994914,24616010210.890347,20615521013.984745
S7,2032,dementia,nonmedical_and_informal_care,avoided_prevalence_patient_year,279373.440952904,92790.41971,46395.209855,139185.629565,DEM_NONMEDICAL_INFORMAL,Social perspective only; never deducted from public payer cost,25923178841.846867,21077916663.341316,12961589420.923433,10538958331.670658,38884768262.7703,31616874995.011974
S7,2033,dementia,nonmedical_and_informal_care,avoided_prevalence_patient_year,400246.30653941695,92790.41971,46395.209855,139185.629565,DEM_NONMEDICAL_INFORMAL,Social perspective only; never deducted from public payer cost,37139022771.169815,29317887528.956978,18569511385.584908,14658943764.478489,55708534156.75473,43976831293.43547
S7,2034,dementia,nonmedical_and_informal_care,avoided_prevalence_patient_year,538262.8819015587,92790.41971,46395.209855,139185.629565,DEM_NONMEDICAL_INFORMAL,Social perspective only; never deducted from public payer cost,49945638725.9598,38279173227.165405,24972819362.9799,19139586613.582703,74918458088.9397,57418759840.74811
S7,2035,dementia,nonmedical_and_informal_care,avoided_prevalence_patient_year,687337.1605222635,92790.41971,46395.209855,139185.629565,DEM_NONMEDICAL_INFORMAL,Social perspective only; never deducted from public payer cost,63778303607.14047,47457047616.50907,31889151803.570236,23728523808.254536,95667455410.71071,71185571424.7636
S7,2036,dementia,nonmedical_and_informal_care,avoided_prevalence_patient_year,846848.2137407872,92790.41971,46395.209855,139185.629565,DEM_NONMEDICAL_INFORMAL,Social perspective only; never deducted from public payer cost,78579401183.67143,56767431317.47419,39289700591.83572,28383715658.737095,117869101775.50716,85151146976.21129
S7,2037,dementia,nonmedical_and_informal_care,avoided_prevalence_patient_year,1012590.8842987163,92790.41971,46395.209855,139185.629565,DEM_NONMEDICAL_INFORMAL,Social perspective only; never deducted from public payer cost,93958733148.59795,65900764998.84714,46979366574.29897,32950382499.42357,140938099722.8969,98851147498.2707
S7,2038,dementia,nonmedical_and_informal_care,avoided_prevalence_patient_year,1187801.3949999223,92790.41971,46395.209855,139185.629565,DEM_NONMEDICAL_INFORMAL,Social perspective only; never deducted from public payer cost,110216589974.16629,75052134632.38715,55108294987.083145,37526067316.19357,165324884961.24942,112578201948.5807
S7,2039,dementia,nonmedical_and_informal_care,avoided_prevalence_patient_year,1372775.2240782932,92790.41971,46395.209855,139185.629565,DEM_NONMEDICAL_INFORMAL,Social perspective only; never deducted from public payer cost,127380389209.71413,84213443418.64789,63690194604.85706,42106721709.323944,191070583814.5712,126320165127.97183
S7,2040,dementia,nonmedical_and_informal_care,avoided_prevalence_patient_year,1418983.463808685,92790.41971,46395.209855,139185.629565,DEM_NONMEDICAL_INFORMAL,Social perspective only; never deducted from public payer cost,131668071168.35748,84512724570.0915,65834035584.17874,42256362285.04575,197502106752.53622,126769086855.13727
S7,2041,dementia,nonmedical_and_informal_care,avoided_prevalence_patient_year,1462341.6059213504,92790.41971,46395.209855,139185.629565,DEM_NONMEDICAL_INFORMAL,Social perspective only; never deducted from public payer cost,135691291372.83752,84558326723.63582,67845645686.41876,42279163361.81791,203536937059.25632,126837490085.45374
S7,2042,dementia,nonmedical_and_informal_care,avoided_prevalence_patient_year,1500571.8323880923,92790.41971,46395.209855,139185.629565,DEM_NONMEDICAL_INFORMAL,Social perspective only; never deducted from public payer cost,139238690132.29486,84241697427.9224,69619345066.14743,42120848713.9612,208858035198.4423,126362546141.8836
S7,2043,dementia,nonmedical_and_informal_care,avoided_prevalence_patient_year,1534610.3107089964,92790.41971,46395.209855,139185.629565,DEM_NONMEDICAL_INFORMAL,Social perspective only; never deducted from public payer cost,142397134821.9813,83643309134.44055,71198567410.99065,41821654567.220276,213595702232.97192,125464963701.66081
S7,2044,dementia,nonmedical_and_informal_care,avoided_prevalence_patient_year,1563161.5995475964,92790.41971,46395.209855,139185.629565,DEM_NONMEDICAL_INFORMAL,Social perspective only; never deducted from public payer cost,145046420896.57642,82717947076.39868,72523210448.28821,41358973538.19934,217569631344.86465,124076920614.59802
S7,2045,dementia,nonmedical_and_informal_care,avoided_prevalence_patient_year,1584372.0811041873,92790.41971,46395.209855,139185.629565,DEM_NONMEDICAL_INFORMAL,Social perspective only; never deducted from public payer cost,147014550382.4637,81398392059.37547,73507275191.23186,40699196029.68774,220521825573.69556,122097588089.06319
S7,2046,dementia,nonmedical_and_informal_care,avoided_prevalence_patient_year,1599399.6428281981,92790.41971,46395.209855,139185.629565,DEM_NONMEDICAL_INFORMAL,Social perspective only; never deducted from public payer cost,148408964142.0526,79777131212.97443,74204482071.0263,39888565606.48721,222613446213.07892,119665696819.46164
S7,2047,dementia,nonmedical_and_informal_care,avoided_prevalence_patient_year,1609532.4380951216,92790.41971,46395.209855,139185.629565,DEM_NONMEDICAL_INFORMAL,Social perspective only; never deducted from public payer cost,149349190467.70593,77944222517.98058,74674595233.85297,38972111258.99029,224023785701.5589,116916333776.97087
S7,2048,dementia,nonmedical_and_informal_care,avoided_prevalence_patient_year,1615940.1754167452,92790.41971,46395.209855,139185.629565,DEM_NONMEDICAL_INFORMAL,Social perspective only; never deducted from public payer cost,149943767103.1708,75975269519.64047,74971883551.5854,37987634759.82024,224915650654.75623,113962904279.46072
S7,2049,dementia,nonmedical_and_informal_care,avoided_prevalence_patient_year,1622715.285575421,92790.41971,46395.209855,139185.629565,DEM_NONMEDICAL_INFORMAL,Social perspective only; never deducted from public payer cost,150572432418.37582,74071659269.29982,75286216209.18791,37035829634.64991,225858648627.56375,111107488903.94974
S7,2050,dementia,nonmedical_and_informal_care,avoided_prevalence_patient_year,1631571.7294001172,92790.41971,46395.209855,139185.629565,DEM_NONMEDICAL_INFORMAL,Social perspective only; never deducted from public payer cost,151394225558.00742,72306725280.56017,75697112779.00371,36153362640.28008,227091338337.01114,108460087920.84024
S0,2025,hypertension,direct_medical,avoided_hypertension_patient_year,0.0,1237.191413,618.595706,1855.787119,HTN_SPECIFIC_PROXY,Excludes downstream IHD and stroke events,0.0,0.0,0.0,0.0,0.0,0.0
S0,2026,hypertension,direct_medical,avoided_hypertension_patient_year,0.0,1237.191413,618.595706,1855.787119,HTN_SPECIFIC_PROXY,Excludes downstream IHD and stroke events,0.0,0.0,0.0,0.0,0.0,0.0
S0,2027,hypertension,direct_medical,avoided_hypertension_patient_year,0.0,1237.191413,618.595706,1855.787119,HTN_SPECIFIC_PROXY,Excludes downstream IHD and stroke events,0.0,0.0,0.0,0.0,0.0,0.0
S0,2028,hypertension,direct_medical,avoided_hypertension_patient_year,0.0,1237.191413,618.595706,1855.787119,HTN_SPECIFIC_PROXY,Excludes downstream IHD and stroke events,0.0,0.0,0.0,0.0,0.0,0.0
S0,2029,hypertension,direct_medical,avoided_hypertension_patient_year,0.0,1237.191413,618.595706,1855.787119,HTN_SPECIFIC_PROXY,Excludes downstream IHD and stroke events,0.0,0.0,0.0,0.0,0.0,0.0
S0,2030,hypertension,direct_medical,avoided_hypertension_patient_year,0.0,1237.191413,618.595706,1855.787119,HTN_SPECIFIC_PROXY,Excludes downstream IHD and stroke events,0.0,0.0,0.0,0.0,0.0,0.0
S0,2031,hypertension,direct_medical,avoided_hypertension_patient_year,0.0,1237.191413,618.595706,1855.787119,HTN_SPECIFIC_PROXY,Excludes downstream IHD and stroke events,0.0,0.0,0.0,0.0,0.0,0.0
S0,2032,hypertension,direct_medical,avoided_hypertension_patient_year,0.0,1237.191413,618.595706,1855.787119,HTN_SPECIFIC_PROXY,Excludes downstream IHD and stroke events,0.0,0.0,0.0,0.0,0.0,0.0
S0,2033,hypertension,direct_medical,avoided_hypertension_patient_year,0.0,1237.191413,618.595706,1855.787119,HTN_SPECIFIC_PROXY,Excludes downstream IHD and stroke events,0.0,0.0,0.0,0.0,0.0,0.0
S0,2034,hypertension,direct_medical,avoided_hypertension_patient_year,0.0,1237.191413,618.595706,1855.787119,HTN_SPECIFIC_PROXY,Excludes downstream IHD and stroke events,0.0,0.0,0.0,0.0,0.0,0.0
S0,2035,hypertension,direct_medical,avoided_hypertension_patient_year,0.0,1237.191413,618.595706,1855.787119,HTN_SPECIFIC_PROXY,Excludes downstream IHD and stroke events,0.0,0.0,0.0,0.0,0.0,0.0
S0,2036,hypertension,direct_medical,avoided_hypertension_patient_year,0.0,1237.191413,618.595706,1855.787119,HTN_SPECIFIC_PROXY,Excludes downstream IHD and stroke events,0.0,0.0,0.0,0.0,0.0,0.0
S0,2037,hypertension,direct_medical,avoided_hypertension_patient_year,0.0,1237.191413,618.595706,1855.787119,HTN_SPECIFIC_PROXY,Excludes downstream IHD and stroke events,0.0,0.0,0.0,0.0,0.0,0.0
S0,2038,hypertension,direct_medical,avoided_hypertension_patient_year,0.0,1237.191413,618.595706,1855.787119,HTN_SPECIFIC_PROXY,Excludes downstream IHD and stroke events,0.0,0.0,0.0,0.0,0.0,0.0
S0,2039,hypertension,direct_medical,avoided_hypertension_patient_year,0.0,1237.191413,618.595706,1855.787119,HTN_SPECIFIC_PROXY,Excludes downstream IHD and stroke events,0.0,0.0,0.0,0.0,0.0,0.0
S0,2040,hypertension,direct_medical,avoided_hypertension_patient_year,0.0,1237.191413,618.595706,1855.787119,HTN_SPECIFIC_PROXY,Excludes downstream IHD and stroke events,0.0,0.0,0.0,0.0,0.0,0.0
S0,2041,hypertension,direct_medical,avoided_hypertension_patient_year,0.0,1237.191413,618.595706,1855.787119,HTN_SPECIFIC_PROXY,Excludes downstream IHD and stroke events,0.0,0.0,0.0,0.0,0.0,0.0
S0,2042,hypertension,direct_medical,avoided_hypertension_patient_year,0.0,1237.191413,618.595706,1855.787119,HTN_SPECIFIC_PROXY,Excludes downstream IHD and stroke events,0.0,0.0,0.0,0.0,0.0,0.0
S0,2043,hypertension,direct_medical,avoided_hypertension_patient_year,0.0,1237.191413,618.595706,1855.787119,HTN_SPECIFIC_PROXY,Excludes downstream IHD and stroke events,0.0,0.0,0.0,0.0,0.0,0.0
S0,2044,hypertension,direct_medical,avoided_hypertension_patient_year,0.0,1237.191413,618.595706,1855.787119,HTN_SPECIFIC_PROXY,Excludes downstream IHD and stroke events,0.0,0.0,0.0,0.0,0.0,0.0
S0,2045,hypertension,direct_medical,avoided_hypertension_patient_year,0.0,1237.191413,618.595706,1855.787119,HTN_SPECIFIC_PROXY,Excludes downstream IHD and stroke events,0.0,0.0,0.0,0.0,0.0,0.0
S0,2046,hypertension,direct_medical,avoided_hypertension_patient_year,0.0,1237.191413,618.595706,1855.787119,HTN_SPECIFIC_PROXY,Excludes downstream IHD and stroke events,0.0,0.0,0.0,0.0,0.0,0.0
S0,2047,hypertension,direct_medical,avoided_hypertension_patient_year,0.0,1237.191413,618.595706,1855.787119,HTN_SPECIFIC_PROXY,Excludes downstream IHD and stroke events,0.0,0.0,0.0,0.0,0.0,0.0
S0,2048,hypertension,direct_medical,avoided_hypertension_patient_year,0.0,1237.191413,618.595706,1855.787119,HTN_SPECIFIC_PROXY,Excludes downstream IHD and stroke events,0.0,0.0,0.0,0.0,0.0,0.0
S0,2049,hypertension,direct_medical,avoided_hypertension_patient_year,0.0,1237.191413,618.595706,1855.787119,HTN_SPECIFIC_PROXY,Excludes downstream IHD and stroke events,0.0,0.0,0.0,0.0,0.0,0.0
S0,2050,hypertension,direct_medical,avoided_hypertension_patient_year,0.0,1237.191413,618.595706,1855.787119,HTN_SPECIFIC_PROXY,Excludes downstream IHD and stroke events,0.0,0.0,0.0,0.0,0.0,0.0
S1,2025,hypertension,direct_medical,avoided_hypertension_patient_year,5610.8662101008385,1237.191413,618.595706,1855.787119,HTN_SPECIFIC_PROXY,Excludes downstream IHD and stroke events,6941715.494628611,6941715.494628611,3470857.7445088723,3470857.7445088723,10412573.239137484,10412573.239137484
S1,2026,hypertension,direct_medical,avoided_hypertension_patient_year,34456.54197696717,1237.191413,618.595706,1855.787119,HTN_SPECIFIC_PROXY,Excludes downstream IHD and stroke events,42629337.85557783,41387706.6559008,21314668.91056064,20693853.311223924,63944006.76613847,62081559.96712473
S1,2027,hypertension,direct_medical,avoided_hypertension_patient_year,58745.78194308361,1237.191413,618.595706,1855.787119,HTN_SPECIFIC_PROXY,Excludes downstream IHD and stroke events,72679776.96995349,68507660.44863182,36339888.45560385,34253830.19662914,109019665.42555736,102761490.64526097
S1,2028,hypertension,direct_medical,avoided_hypertension_patient_year,84118.5781061228,1237.191413,618.595706,1855.787119,HTN_SPECIFIC_PROXY,Excludes downstream IHD and stroke events,104070782.50666493,95239508.59333111,52035391.21127318,47619754.25817535,156106173.71793813,142859262.85150647
S1,2029,hypertension,direct_medical,avoided_hypertension_patient_year,110491.3779034328,1237.191413,618.595706,1855.787119,HTN_SPECIFIC_PROXY,Excludes downstream IHD and stroke events,136698983.952665,121455276.70517744,68349491.9210868,60727638.30350363,205048475.87375182,182182915.0086811
S1,2030,hypertension,direct_medical,avoided_hypertension_patient_year,125271.29268846758,1237.191413,618.595706,1855.787119,HTN_SPECIFIC_PROXY,Excludes downstream IHD and stroke events,154984567.60958177,133691049.4640066,77492283.74215524,66845524.67797324,232476851.35173702,200536574.14197984
S1,2031,hypertension,direct_medical,avoided_hypertension_patient_year,127681.496711952,1237.191413,618.595706,1855.787119,HTN_SPECIFIC_PROXY,Excludes downstream IHD and stroke events,157966451.33101475,132294416.07390954,78983225.60166661,66147207.98348913,236949676.93268138,198441624.05739868
S1,2032,hypertension,direct_medical,avoided_hypertension_patient_year,130129.77704702585,1237.191413,618.595706,1855.787119,HTN_SPECIFIC_PROXY,Excludes downstream IHD and stroke events,160995442.7381849,130904027.8553831,80497721.30402754,65452013.87478783,241493164.04221246,196356041.73017094
S1,2033,hypertension,direct_medical,avoided_hypertension_patient_year,132737.04784867953,1237.191413,618.595706,1855.787119,HTN_SPECIFIC_PROXY,Excludes downstream IHD and stroke events,164221135.78535643,129637681.05848305,82110567.8263097,64818840.4768496,246331703.61166614,194456521.53533268
S1,2034,hypertension,direct_medical,avoided_hypertension_patient_year,135343.63635537354,1237.191413,618.595706,1855.787119,HTN_SPECIFIC_PROXY,Excludes downstream IHD and stroke events,167445984.70306277,128333404.44018227,83722992.28385955,64166702.16822631,251168976.98692232,192500106.60840857
S1,2035,hypertension,direct_medical,avoided_hypertension_patient_year,137693.4496672385,1237.191413,618.595706,1855.787119,HTN_SPECIFIC_PROXY,Excludes downstream IHD and stroke events,170353153.5546552,126758744.94348632,85176576.70848086,63379372.420514725,255529730.2631361,190138117.36400107
S1,2036,hypertension,direct_medical,avoided_hypertension_patient_year,139782.33439135074,1237.191413,618.595706,1855.787119,HTN_SPECIFIC_PROXY,Excludes downstream IHD and stroke events,172937503.7980737,124933732.26560767,86468751.82914568,62466866.08231297,259406255.6272194,187400598.34792066
S1,2037,hypertension,direct_medical,avoided_hypertension_patient_year,141602.6048922278,1237.191413,618.595706,1855.787119,HTN_SPECIFIC_PROXY,Excludes downstream IHD and stroke events,175189526.83109602,122874409.33985774,87594763.34474671,61437204.62027026,262784290.17584273,184311613.960128
S1,2038,hypertension,direct_medical,avoided_hypertension_patient_year,143131.8941871228,1237.191413,618.595706,1855.787119,HTN_SPECIFIC_PROXY,Excludes downstream IHD and stroke events,177081550.41473293,120583919.0429818,88540775.13580051,60291959.47275797,265622325.55053344,180875878.51573977
S1,2039,hypertension,direct_medical,avoided_hypertension_patient_year,144377.90385387233,1237.191413,618.595706,1855.787119,HTN_SPECIFIC_PROXY,Excludes downstream IHD and stroke events,178623102.87495044,118090913.84120068,89311551.36528626,59045456.87287494,267934654.24023673,177136370.71407562
S1,2040,hypertension,direct_medical,avoided_hypertension_patient_year,145354.4122332055,1237.191413,618.595706,1855.787119,HTN_SPECIFIC_PROXY,Excludes downstream IHD and stroke events,179831230.65658402,115426823.9119833,89915615.25561479,57713411.9093429,269746845.91219884,173140235.8213262
S1,2041,hypertension,direct_medical,avoided_hypertension_patient_year,146198.14720549004,1237.191413,618.595706,1855.787119,HTN_SPECIFIC_PROXY,Excludes downstream IHD and stroke events,180875092.31914222,112715377.6616754,90437546.08647203,56357688.78528477,271312638.40561426,169073066.44696018
S1,2042,hypertension,direct_medical,avoided_hypertension_patient_year,146930.58975094964,1237.191413,618.595706,1855.787119,HTN_SPECIFIC_PROXY,Excludes downstream IHD and stroke events,181781263.9469007,109980654.23432404,90890631.89998505,54990327.0727143,272671895.8468858,164970981.30703837
S1,2043,hypertension,direct_medical,avoided_hypertension_patient_year,147522.03841757338,1237.191413,618.595706,1855.787119,HTN_SPECIFIC_PROXY,Excludes downstream IHD and stroke events,182512999.1584779,107207151.52556498,91256499.50547792,53603575.71945566,273769498.6639558,160810727.24502063
S1,2044,hypertension,direct_medical,avoided_hypertension_patient_year,147973.77361756394,1237.191413,618.595706,1855.787119,HTN_SPECIFIC_PROXY,Excludes downstream IHD and stroke events,183071882.06885606,104403336.24602914,91535940.96044113,52201668.08082087,274607823.02929723,156605004.32685003
S1,2045,hypertension,direct_medical,avoided_hypertension_patient_year,148341.6997744831,1237.191413,618.595706,1855.787119,HTN_SPECIFIC_PROXY,Excludes downstream IHD and stroke events,183527077.15081453,101614492.85509083,91763538.50123641,50807246.38647881,275290615.652051,152421739.24156967
S1,2046,hypertension,direct_medical,avoided_hypertension_patient_year,148556.00569563877,1237.191413,618.595706,1855.787119,HTN_SPECIFIC_PROXY,Excludes downstream IHD and stroke events,183792214.59622338,98797371.87392293,91896107.22383368,49398685.89703337,275688321.8200571,148196057.7709563
S1,2047,hypertension,direct_medical,avoided_hypertension_patient_year,148637.84125660278,1237.191413,618.595706,1855.787119,HTN_SPECIFIC_PROXY,Excludes downstream IHD and stroke events,183893460.8495261,95972618.17871292,91946730.35044412,47986309.05056997,275840191.19997025,143958927.2292829
S1,2048,hypertension,direct_medical,avoided_hypertension_patient_year,148597.0570141587,1237.191413,618.595706,1855.787119,HTN_SPECIFIC_PROXY,Excludes downstream IHD and stroke events,183843002.93498856,93151732.59369476,91921501.39319575,46575866.25920092,275764504.3281843,139727598.85289568
S1,2049,hypertension,direct_medical,avoided_hypertension_patient_year,148470.63461947453,1237.191413,618.595706,1855.787119,HTN_SPECIFIC_PROXY,Excludes downstream IHD and stroke events,183686594.2338744,90361632.61694913,91843297.04270189,45180816.271955706,275529891.2765763,135542448.88890484
S1,2050,hypertension,direct_medical,avoided_hypertension_patient_year,148325.19841047595,1237.191413,618.595706,1855.787119,HTN_SPECIFIC_PROXY,Excludes downstream IHD and stroke events,183506661.8049621,87643803.67466569,91753330.82831843,43821901.80191237,275259992.6332806,131465705.47657807
S2,2025,hypertension,direct_medical,avoided_hypertension_patient_year,16832.598630284072,1237.191413,618.595706,1855.787119,HTN_SPECIFIC_PROXY,Excludes downstream IHD and stroke events,20825146.483863015,20825146.483863015,10412573.233515207,10412573.233515207,31237719.717378225,31237719.717378225
S2,2026,hypertension,direct_medical,avoided_hypertension_patient_year,103369.62593092659,1237.191413,618.595706,1855.787119,HTN_SPECIFIC_PROXY,Excludes downstream IHD and stroke events,127888013.5667645,124163119.96773252,63944006.73169743,62081559.93368682,191832020.29846194,186244679.90141937
S2,2027,hypertension,direct_medical,avoided_hypertension_patient_year,176237.34582926676,1237.191413,618.595706,1855.787119,HTN_SPECIFIC_PROXY,Excludes downstream IHD and stroke events,218039330.90988022,205522981.34591407,109019665.36682142,102761490.58989672,327058996.2767016,308284471.93581074
S2,2028,hypertension,direct_medical,avoided_hypertension_patient_year,252355.73431839628,1237.191413,618.595706,1855.787119,HTN_SPECIFIC_PROXY,Excludes downstream IHD and stroke events,312212347.5200293,285718525.78002495,156106173.63383678,142859262.77454183,468318521.15386605,428577788.55456674
S2,2029,hypertension,direct_medical,avoided_hypertension_patient_year,331474.133710352,1237.191413,618.595706,1855.787119,HTN_SPECIFIC_PROXY,Excludes downstream IHD and stroke events,410096951.8580613,364365830.1155912,205048475.7632936,182182914.9105404,615145427.6213549,546548745.0261316
S2,2030,hypertension,direct_medical,avoided_hypertension_patient_year,375813.8780654197,1237.191413,618.595706,1855.787119,HTN_SPECIFIC_PROXY,Excludes downstream IHD and stroke events,464953702.8287663,401073148.39203787,232476851.2264762,200536574.03392875,697430554.0552425,601609722.4259667
S2,2031,hypertension,direct_medical,avoided_hypertension_patient_year,383044.4901358794,1237.191413,618.595706,1855.787119,HTN_SPECIFIC_PROXY,Excludes downstream IHD and stroke events,473899353.99307317,396883248.2217528,236949676.8050143,198441623.95047954,710849030.7980875,595324872.1722324
S2,2032,hypertension,direct_medical,avoided_hypertension_patient_year,390389.331141123,1237.191413,618.595706,1855.787119,HTN_SPECIFIC_PROXY,Excludes downstream IHD and stroke events,482986328.2146109,392712083.566195,241493163.91211078,196356041.62438637,724479492.1267217,589068125.1905814
S2,2033,hypertension,direct_medical,avoided_hypertension_patient_year,398211.1435460441,1237.191413,618.595706,1855.787119,HTN_SPECIFIC_PROXY,Excludes downstream IHD and stroke events,492663407.3560762,388913043.1754546,246331703.4789325,194456521.4305515,738995110.8350087,583369564.6060061
S2,2034,hypertension,direct_medical,avoided_hypertension_patient_year,406030.9090661197,1237.191413,618.595706,1855.787119,HTN_SPECIFIC_PROXY,Excludes downstream IHD and stroke events,502337954.1091871,385000213.3205459,251168976.8515781,192500106.5046785,753506930.9607652,577500319.8252244
S2,2035,hypertension,direct_medical,avoided_hypertension_patient_year,413080.34900167637,1237.191413,618.595706,1855.787119,HTN_SPECIFIC_PROXY,Excludes downstream IHD and stroke events,511059460.6639171,380276234.8304229,255529730.12541837,190138117.26152614,766589190.7893355,570414352.091949
S2,2036,hypertension,direct_medical,avoided_hypertension_patient_year,419347.0031740088,1237.191413,618.595706,1855.787119,HTN_SPECIFIC_PROXY,Excludes downstream IHD and stroke events,518812511.3941674,374801196.7967842,259406255.4874102,187400598.24691948,778218766.8815777,562201795.0437038
S2,2037,hypertension,direct_medical,avoided_hypertension_patient_year,424807.8146767244,1237.191413,618.595706,1855.787119,HTN_SPECIFIC_PROXY,Excludes downstream IHD and stroke events,525568580.49333876,368623228.01960874,262784290.03426546,184311613.86082855,788352870.5276042,552934841.8804373
S2,2038,hypertension,direct_medical,avoided_hypertension_patient_year,429395.68256138347,1237.191413,618.595706,1855.787119,HTN_SPECIFIC_PROXY,Excludes downstream IHD and stroke events,531244651.24421746,361751757.1289581,265622325.40741086,180875878.41828027,796866976.6516284,542627635.5472385
S2,2039,hypertension,direct_medical,avoided_hypertension_patient_year,433133.7115615611,1237.191413,618.595706,1855.787119,HTN_SPECIFIC_PROXY,Excludes downstream IHD and stroke events,535869308.6247822,354272741.52355635,267934654.09582424,177136370.61860198,803803962.7206064,531409112.1421583
S2,2040,hypertension,direct_medical,avoided_hypertension_patient_year,436063.2366995584,1237.191413,618.595706,1855.787119,HTN_SPECIFIC_PROXY,Excludes downstream IHD and stroke events,539493691.9696801,346280471.7359037,269746845.7668084,173140235.72800562,809240537.7364886,519420707.4639093
S2,2041,hypertension,direct_medical,avoided_hypertension_patient_year,438594.44161641074,1237.191413,618.595706,1855.787119,HTN_SPECIFIC_PROXY,Excludes downstream IHD and stroke events,542625276.9573532,338146132.9849804,271312638.2593794,169073066.35583144,813937915.2167326,507219199.34081185
S2,2042,hypertension,direct_medical,avoided_hypertension_patient_year,440791.76925278956,1237.191413,618.595706,1855.787119,HTN_SPECIFIC_PROXY,Excludes downstream IHD and stroke events,545343791.8406286,329941962.70292765,272671895.69991845,164970981.2181207,818015687.5405471,494912943.9210484
S2,2043,hypertension,direct_medical,avoided_hypertension_patient_year,442566.1152526612,1237.191413,618.595706,1855.787119,HTN_SPECIFIC_PROXY,Excludes downstream IHD and stroke events,547538997.4753608,321621454.5766521,273769498.5163973,160810727.15834555,821308495.9917582,482432181.73499775
S2,2044,hypertension,direct_medical,avoided_hypertension_patient_year,443921.32085263345,1237.191413,618.595706,1855.787119,HTN_SPECIFIC_PROXY,Excludes downstream IHD and stroke events,549215646.206496,313210008.7380462,274607822.8812873,156605004.24244204,823823469.0877833,469815012.9804883
S2,2045,hypertension,direct_medical,avoided_hypertension_patient_year,445025.09932339186,1237.191413,618.595706,1855.787119,HTN_SPECIFIC_PROXY,Excludes downstream IHD and stroke events,550581231.4523726,304843478.5652332,275290615.5036737,152421739.15941674,825871846.9560462,457265217.7246499
S2,2046,hypertension,direct_medical,avoided_hypertension_patient_year,445668.0170868599,1237.191413,618.595706,1855.787119,HTN_SPECIFIC_PROXY,Excludes downstream IHD and stroke events,551376643.7886003,296392115.6217313,275688321.6714662,148196057.69108137,827064965.4600666,444588173.3128127
S2,2047,hypertension,direct_medical,avoided_hypertension_patient_year,445913.52376975294,1237.191413,618.595706,1855.787119,HTN_SPECIFIC_PROXY,Excludes downstream IHD and stroke events,551680382.5485097,287917854.53610295,275840191.0512981,143958927.151692,827520573.5998079,431876781.687795
S2,2048,hypertension,direct_medical,avoided_hypertension_patient_year,445791.1710424217,1237.191413,618.595706,1855.787119,HTN_SPECIFIC_PROXY,Excludes downstream IHD and stroke events,551529008.8048984,279455197.78105015,275764504.17955357,139727598.77758572,827293512.984452,419182796.5586359
S2,2049,hypertension,direct_medical,avoided_hypertension_patient_year,445411.90385837015,1237.191413,618.595706,1855.787119,HTN_SPECIFIC_PROXY,Excludes downstream IHD and stroke events,551059782.7015572,271084897.8508149,275529891.12807256,135542448.81585085,826589673.8296298,406627346.66666573
S2,2050,hypertension,direct_medical,avoided_hypertension_patient_year,444975.595231375,1237.191413,618.595706,1855.787119,HTN_SPECIFIC_PROXY,Excludes downstream IHD and stroke events,550519985.4148209,262931411.02396584,275259992.48492265,131465705.4057215,825779977.8997436,394397116.4296873
S3,2025,hypertension,direct_medical,avoided_hypertension_patient_year,13746.62221473698,1237.191413,618.595706,1855.787119,HTN_SPECIFIC_PROXY,Excludes downstream IHD and stroke events,17007202.961827636,17007202.961827636,8503601.474040506,8503601.474040506,25510804.43586814,25510804.43586814
S3,2026,hypertension,direct_medical,avoided_hypertension_patient_year,84418.52784359627,1237.191413,618.595706,1855.787119,HTN_SPECIFIC_PROXY,Excludes downstream IHD and stroke events,104441877.74619871,101399881.30698904,52220938.83089009,50699940.612514645,156662816.5770888,152099821.9195037
S3,2027,hypertension,direct_medical,avoided_hypertension_patient_year,143927.16576057722,1237.191413,618.595706,1855.787119,HTN_SPECIFIC_PROXY,Excludes downstream IHD and stroke events,178065453.57641375,167843768.09917405,89032726.71624328,83921883.98175444,267098180.29265705,251765652.0809285
S3,2028,hypertension,direct_medical,avoided_hypertension_patient_year,206090.516360022,1237.191413,618.595706,1855.787119,HTN_SPECIFIC_PROXY,Excludes downstream IHD and stroke events,254973417.14135525,233336796.0536852,127486708.46763235,116668397.93254156,382460125.6089876,350005193.9862268
S3,2029,hypertension,direct_medical,avoided_hypertension_patient_year,270703.8758634372,1237.191413,618.595706,1855.787119,HTN_SPECIFIC_PROXY,Excludes downstream IHD and stroke events,334912510.6840625,297565427.9277142,167456255.20667928,148782713.84359866,502368765.89074177,446348141.77131295
S3,2030,hypertension,direct_medical,avoided_hypertension_patient_year,337606.1337954339,1237.191413,618.595706,1855.787119,HTN_SPECIFIC_PROXY,Excludes downstream IHD and stroke events,417683409.70783997,360297378.30551255,208841704.6851169,180148689.00714523,626525114.3929569,540446067.3126577
S3,2031,hypertension,direct_medical,avoided_hypertension_patient_year,406665.5670275945,1237.191413,618.595706,1855.787119,HTN_SPECIFIC_PROXY,Excludes downstream IHD and stroke events,503123147.48931587,421357715.1954303,251561573.54132512,210678857.42742708,754684721.030641,632036572.6228573
S3,2032,hypertension,direct_medical,avoided_hypertension_patient_year,478226.9306478678,1237.191413,618.595706,1855.787119,HTN_SPECIFIC_PROXY,Excludes downstream IHD and stroke events,591658252.0628885,481072302.3685809,295829125.7923308,240536150.98986933,887487377.8552194,721608453.3584503
S3,2033,hypertension,direct_medical,avoided_hypertension_patient_year,552849.8042897715,1237.191413,618.595706,1855.787119,HTN_SPECIFIC_PROXY,Excludes downstream IHD and stroke events,683981030.5460359,539940941.6086028,341990514.996593,269970470.58608896,1025971545.5426289,809911412.1946917
S3,2034,hypertension,direct_medical,avoided_hypertension_patient_year,630024.6272342432,1237.191413,618.595706,1855.787119,HTN_SPECIFIC_PROXY,Excludes downstream IHD and stroke events,779461058.7927316,597391997.6690289,389730529.0813535,298695998.5930837,1169191587.8740852,896087996.2621126
S3,2035,hypertension,direct_medical,avoided_hypertension_patient_year,640963.0082009308,1237.191413,618.595706,1855.787119,HTN_SPECIFIC_PROXY,Excludes downstream IHD and stroke events,792993929.7968402,590061957.7118695,396496964.57793856,295030978.6174664,1189490894.3747787,885092936.3293358
S3,2036,hypertension,direct_medical,avoided_hypertension_patient_year,650686.7665916502,1237.191413,618.595706,1855.787119,HTN_SPECIFIC_PROXY,Excludes downstream IHD and stroke events,805024080.179925,581566523.6963255,402512039.76461905,290783261.61312777,1207536119.944544,872349785.3094534
S3,2037,hypertension,direct_medical,avoided_hypertension_patient_year,659160.1257733816,1237.191413,618.595706,1855.787119,HTN_SPECIFIC_PROXY,Excludes downstream IHD and stroke events,815507247.3988277,571980375.4770908,407753623.3698337,285990187.50738454,1223260870.7686615,857970562.9844755
S3,2038,hypertension,direct_medical,avoided_hypertension_patient_year,666278.9674410787,1237.191413,618.595706,1855.787119,HTN_SPECIFIC_PROXY,Excludes downstream IHD and stroke events,824314617.1806092,561318143.1450989,412157308.2571651,280659071.3456977,1236471925.4377744,841977214.4907967
S3,2039,hypertension,direct_medical,avoided_hypertension_patient_year,672079.1424397146,1237.191413,618.595706,1855.787119,HTN_SPECIFIC_PROXY,Excludes downstream IHD and stroke events,831490543.8828188,549713203.9307393,415745271.6053698,274856601.7432079,1247235815.4881887,824569805.6739472
S3,2040,hypertension,direct_medical,avoided_hypertension_patient_year,676624.7889455094,1237.191413,618.595706,1855.787119,HTN_SPECIFIC_PROXY,Excludes downstream IHD and stroke events,837114378.7063215,537311865.3102326,418557189.0148483,268655932.43796647,1255671567.72117,805967797.7481992
S3,2041,hypertension,direct_medical,avoided_hypertension_patient_year,680552.3752414939,1237.191413,618.595706,1855.787119,HTN_SPECIFIC_PROXY,Excludes downstream IHD and stroke events,841973554.7455301,524690083.01505107,420986777.0324888,262345041.29547662,1262960331.778019,787035124.3105277
S3,2042,hypertension,direct_medical,avoided_hypertension_patient_year,683961.8952906099,1237.191413,618.595706,1855.787119,HTN_SPECIFIC_PROXY,Excludes downstream IHD and stroke events,846191783.6727477,511959945.460733,423095891.4943929,255979972.52346238,1269287675.1671407,767939917.9841955
S3,2043,hypertension,direct_medical,avoided_hypertension_patient_year,686715.0888337458,1237.191413,618.595706,1855.787119,HTN_SPECIFIC_PROXY,Excludes downstream IHD and stroke events,849598011.0826426,499049290.35146266,424799005.19796365,249524644.97404492,1274397016.2806063,748573935.3255076
S3,2044,hypertension,direct_medical,avoided_hypertension_patient_year,688817.916189704,1237.191413,618.595706,1855.787119,HTN_SPECIFIC_PROXY,Excludes downstream IHD and stroke events,852199611.0304555,485997530.22522604,426099805.17081875,242998764.91620138,1278299416.2012742,728996295.1414274
S3,2045,hypertension,direct_medical,avoided_hypertension_patient_year,690530.6124501651,1237.191413,618.595706,1855.787119,HTN_SPECIFIC_PROXY,Excludes downstream IHD and stroke events,854318544.1369752,473015464.24041104,427159271.72322226,236507731.92904046,1281477815.8601975,709523196.1694516
S3,2046,hypertension,direct_medical,avoided_hypertension_patient_year,691528.2065131465,1237.191413,618.595706,1855.787119,HTN_SPECIFIC_PROXY,Excludes downstream IHD and stroke events,855552758.9453555,459901766.07307667,427776379.1269136,229950882.85067305,1283329138.0722692,689852648.9237498
S3,2047,hypertension,direct_medical,avoided_hypertension_patient_year,691909.1510494346,1237.191413,618.595706,1855.787119,HTN_SPECIFIC_PROXY,Excludes downstream IHD and stroke events,856024060.2544804,446752537.6218754,428012029.7812856,223376268.6303866,1284036090.0357661,670128806.2522621
S3,2048,hypertension,direct_medical,avoided_hypertension_patient_year,691719.3004008577,1237.191413,618.595706,1855.787119,HTN_SPECIFIC_PROXY,Excludes downstream IHD and stroke events,855789178.6623086,433621315.2236171,427894588.98529464,216810657.4365643,1283683767.6476033,650431972.6601814
S3,2049,hypertension,direct_medical,avoided_hypertension_patient_year,691130.804153603,1237.191413,618.595706,1855.787119,HTN_SPECIFIC_PROXY,Excludes downstream IHD and stroke events,855061096.1586224,420633399.8318672,427530547.73374575,210316699.7459383,1282591643.8923683,630950099.5778056
S3,2050,hypertension,direct_medical,avoided_hypertension_patient_year,690453.7986007141,1237.191413,618.595706,1855.787119,HTN_SPECIFIC_PROXY,Excludes downstream IHD and stroke events,854223510.7020348,407981906.10553837,427111755.0057905,203990952.88788685,1281335265.7078254,611972858.9934253
S4,2025,hypertension,direct_medical,avoided_hypertension_patient_year,28054.33105048595,1237.191413,618.595706,1855.787119,HTN_SPECIFIC_PROXY,Excludes downstream IHD and stroke events,34708577.47312049,34708577.47312049,17354288.722533077,17354288.722533077,52062866.195653565,52062866.195653565
S4,2026,hypertension,direct_medical,avoided_hypertension_patient_year,172282.7098848542,1237.191413,618.595706,1855.787119,HTN_SPECIFIC_PROXY,Excludes downstream IHD and stroke events,213146689.27791184,206938533.27952605,106573344.55281456,103469266.55613063,319720033.83072644,310407799.83565676
S4,2027,hypertension,direct_medical,avoided_hypertension_patient_year,293728.9097154449,1237.191413,618.595706,1855.787119,HTN_SPECIFIC_PROXY,Excludes downstream IHD and stroke events,363398884.8498007,342538302.2431904,181699442.27803588,171269150.98316136,545098327.1278366,513807453.2263518
S4,2028,hypertension,direct_medical,avoided_hypertension_patient_year,420592.8905306707,1237.191413,618.595706,1855.787119,HTN_SPECIFIC_PROXY,Excludes downstream IHD and stroke events,520353912.5333948,476197542.9667198,260176956.05640092,238098771.2909088,780530868.5897958,714296314.2576287
S4,2029,hypertension,direct_medical,avoided_hypertension_patient_year,552456.8895172235,1237.191413,618.595706,1855.787119,HTN_SPECIFIC_PROXY,Excludes downstream IHD and stroke events,683494919.7633986,607276383.5259527,341747459.60547084,303638191.5175509,1025242379.3688694,910914575.0435035
S4,2030,hypertension,direct_medical,avoided_hypertension_patient_year,626356.4634423847,1237.191413,618.595706,1855.787119,HTN_SPECIFIC_PROXY,Excludes downstream IHD and stroke events,774922838.0479668,668455247.320083,387461418.7108051,334227623.38989115,1162384256.7587721,1002682870.7099743
S4,2031,hypertension,direct_medical,avoided_hypertension_patient_year,638407.4835597742,1237.191413,618.595706,1855.787119,HTN_SPECIFIC_PROXY,Excludes downstream IHD and stroke events,789832256.6550914,661472080.3695625,394916128.0083419,330736039.91745305,1184748384.6634333,992208120.2870156
S4,2032,hypertension,direct_medical,avoided_hypertension_patient_year,650648.8852352295,1237.191413,618.595706,1855.787119,HTN_SPECIFIC_PROXY,Excludes downstream IHD and stroke events,804977213.6910484,654520139.2770163,402488606.5201997,327260069.3739896,1207465820.2112482,981780208.6510059
S4,2033,hypertension,direct_medical,avoided_hypertension_patient_year,663685.2392434094,1237.191413,618.595706,1855.787119,HTN_SPECIFIC_PROXY,Excludes downstream IHD and stroke events,821105678.9267967,648188405.2924267,410552839.1315557,324094202.3842537,1231658518.0583525,972282607.6766806
S4,2034,hypertension,direct_medical,avoided_hypertension_patient_year,676718.1817768598,1237.191413,618.595706,1855.787119,HTN_SPECIFIC_PROXY,Excludes downstream IHD and stroke events,837229923.5153041,641667022.2009039,418614961.41929287,320833510.8411278,1255844884.934597,962500533.0420316
S4,2035,hypertension,direct_medical,avoided_hypertension_patient_year,688467.2483360915,1237.191413,618.595706,1855.787119,HTN_SPECIFIC_PROXY,Excludes downstream IHD and stroke events,851765767.7731509,633793724.7173386,425882883.5423418,316896862.10252714,1277648651.3154929,950690586.8198657
S4,2036,hypertension,direct_medical,avoided_hypertension_patient_year,698911.6719566601,1237.191413,618.595706,1855.787119,HTN_SPECIFIC_PROXY,Excludes downstream IHD and stroke events,864687518.9902529,624668661.3279548,432343759.14567053,312334330.41152304,1297031278.1359234,937002991.7394778
S4,2037,hypertension,direct_medical,avoided_hypertension_patient_year,708013.0244612016,1237.191413,618.595706,1855.787119,HTN_SPECIFIC_PROXY,Excludes downstream IHD and stroke events,875947634.1555576,614372046.6993431,437973816.7237722,307186023.10137844,1313921450.87933,921558069.8007215
S4,2038,hypertension,direct_medical,avoided_hypertension_patient_year,715659.4709356253,1237.191413,618.595706,1855.787119,HTN_SPECIFIC_PROXY,Excludes downstream IHD and stroke events,885407752.0736786,602919595.2149185,442703875.67900956,301459797.3637946,1328111627.7526882,904379392.5787132
S4,2039,hypertension,direct_medical,avoided_hypertension_patient_year,721889.5192693289,1237.191413,618.595706,1855.787119,HTN_SPECIFIC_PROXY,Excludes downstream IHD and stroke events,893115514.3747118,590454569.2059767,446557756.82641107,295227284.3643613,1339673271.201123,885681853.5703381
S4,2040,hypertension,direct_medical,avoided_hypertension_patient_year,726772.061165993,1237.191413,618.595706,1855.787119,HTN_SPECIFIC_PROXY,Excludes downstream IHD and stroke events,899156153.2828773,577134119.559889,449578076.27805257,288567059.5467008,1348734229.56093,865701179.1065898
S4,2041,hypertension,direct_medical,avoided_hypertension_patient_year,730990.7360274154,1237.191413,618.595706,1855.787119,HTN_SPECIFIC_PROXY,Excludes downstream IHD and stroke events,904375461.5956681,563576888.3083502,452187730.4323386,281788443.92641044,1356563192.0280068,845365332.2347606
S4,2042,hypertension,direct_medical,avoided_hypertension_patient_year,734652.948754715,1237.191413,618.595706,1855.787119,HTN_SPECIFIC_PROXY,Excludes downstream IHD and stroke events,908906319.7344625,549903271.1715953,454453159.49990475,274951635.3635591,1363359479.2343674,824854906.5351546
S4,2043,hypertension,direct_medical,avoided_hypertension_patient_year,737610.1920878363,1237.191413,618.595706,1855.787119,HTN_SPECIFIC_PROXY,Excludes downstream IHD and stroke events,912564995.7923516,536035757.62780267,456282497.5273707,268017878.5972672,1368847493.3197224,804053636.2250699
S4,2044,hypertension,direct_medical,avoided_hypertension_patient_year,739868.8680877917,1237.191413,618.595706,1855.787119,HTN_SPECIFIC_PROXY,Excludes downstream IHD and stroke events,915359410.3442457,522016681.23012596,457679704.80218834,261008340.4040945,1373039115.146434,783025021.6342205
S4,2045,hypertension,direct_medical,avoided_hypertension_patient_year,741708.4988723905,1237.191413,618.595706,1855.787119,HTN_SPECIFIC_PROXY,Excludes downstream IHD and stroke events,917635385.7540417,508072464.275437,458817692.5061666,254036231.9323855,1376453078.2602084,762108696.2078226
S4,2046,hypertension,direct_medical,avoided_hypertension_patient_year,742780.0284781713,1237.191413,618.595706,1855.787119,HTN_SPECIFIC_PROXY,Excludes downstream IHD and stroke events,918961072.981089,493986859.36959964,459480536.11915445,246993429.48515937,1378441609.1002436,740980288.8547591
S4,2047,hypertension,direct_medical,avoided_hypertension_patient_year,743189.2062829924,1237.191413,618.595706,1855.787119,HTN_SPECIFIC_PROXY,Excludes downstream IHD and stroke events,919467304.2476038,479863090.89355063,459733651.7522073,239931545.25284287,1379200955.9998112,719794636.1463935
S4,2048,hypertension,direct_medical,avoided_hypertension_patient_year,742985.2850707729,1237.191413,618.595706,1855.787119,HTN_SPECIFIC_PROXY,Excludes downstream IHD and stroke events,919215014.6749173,465758662.96846086,459607506.965966,232879331.29599816,1378822521.6408834,698637994.2644591
S4,2049,hypertension,direct_medical,avoided_hypertension_patient_year,742353.1730973525,1237.191413,618.595706,1855.787119,HTN_SPECIFIC_PROXY,Excludes downstream IHD and stroke events,918432971.1693472,451808163.0847334,459216485.2134969,225904081.35977238,1377649456.3828442,677712244.4445058
S4,2050,hypertension,direct_medical,avoided_hypertension_patient_year,741625.9920523593,1237.191413,618.595706,1855.787119,HTN_SPECIFIC_PROXY,Excludes downstream IHD and stroke events,917533309.0247852,438219018.37331635,458766654.1415795,219109509.0095558,1376299963.1663647,657328527.3828721
S5,2025,hypertension,direct_medical,avoided_hypertension_patient_year,13466.07890422505,1237.191413,618.595706,1855.787119,HTN_SPECIFIC_PROXY,Excludes downstream IHD and stroke events,16660117.187087683,16660117.187087683,8330058.586810801,8330058.586810801,24990175.773898486,24990175.773898486
S5,2026,hypertension,direct_medical,avoided_hypertension_patient_year,82695.70074473723,1237.191413,618.595706,1855.787119,HTN_SPECIFIC_PROXY,Excludes downstream IHD and stroke events,102310410.85340661,99330495.97418118,51155205.38535545,49665247.94694704,153465616.23876208,148995743.92112824
S5,2027,hypertension,direct_medical,avoided_hypertension_patient_year,140989.87666342026,1237.191413,618.595706,1855.787119,HTN_SPECIFIC_PROXY,Excludes downstream IHD and stroke events,174431464.72791263,164418385.07673922,87215732.29346137,82209192.47192135,261647197.02137402,246627577.5486606
S5,2028,hypertension,direct_medical,avoided_hypertension_patient_year,201884.58745471248,1237.191413,618.595706,1855.787119,HTN_SPECIFIC_PROXY,Excludes downstream IHD and stroke events,249769878.01601782,228574820.6240148,124884938.9070666,114287410.21963088,374654816.92308444,342862230.8436457
S5,2029,hypertension,direct_medical,avoided_hypertension_patient_year,265179.3069682811,1237.191413,618.595706,1855.787119,HTN_SPECIFIC_PROXY,Excludes downstream IHD and stroke events,328077561.48644847,291492664.0924725,164038780.61063457,145746331.92843205,492116342.09708303,437238996.02090454
S5,2030,hypertension,direct_medical,avoided_hypertension_patient_year,300651.10245235707,1237.191413,618.595706,1855.787119,HTN_SPECIFIC_PROXY,Excludes downstream IHD and stroke events,371962962.2630394,320858518.7136531,185981480.98119414,160429259.22715437,557944443.2442336,481287777.9408075
S5,2031,hypertension,direct_medical,avoided_hypertension_patient_year,306435.5921086838,1237.191413,618.595706,1855.787119,HTN_SPECIFIC_PROXY,Excludes downstream IHD and stroke events,379119483.1944341,317506598.5773818,189559741.44399926,158753299.16037342,568679224.6384335,476259897.7377553
S5,2032,hypertension,direct_medical,avoided_hypertension_patient_year,312311.46491291345,1237.191413,618.595706,1855.787119,HTN_SPECIFIC_PROXY,Excludes downstream IHD and stroke events,386389062.5717073,314169666.85297114,193194531.12969792,157084833.29951665,579583593.7014053,471254500.1524878
S5,2033,hypertension,direct_medical,avoided_hypertension_patient_year,318568.91483685066,1237.191413,618.595706,1855.787119,HTN_SPECIFIC_PROXY,Excludes downstream IHD and stroke events,394130725.88487995,311130434.5403787,197065362.7831555,155565217.1444487,591196088.6680355,466695651.68482745
S5,2034,hypertension,direct_medical,avoided_hypertension_patient_year,324824.7272528894,1237.191413,618.595706,1855.787119,HTN_SPECIFIC_PROXY,Excludes downstream IHD and stroke events,401870363.2873419,308000170.6564307,200935181.48125857,154000085.2037398,602805544.7686005,462000255.86017054
S5,2035,hypertension,direct_medical,avoided_hypertension_patient_year,330464.27920133114,1237.191413,618.595706,1855.787119,HTN_SPECIFIC_PROXY,Excludes downstream IHD and stroke events,408847568.5311214,304220987.86432916,204423784.10032853,152110493.80921632,613271352.6314499,456331481.6735455
S5,2036,hypertension,direct_medical,avoided_hypertension_patient_year,335477.60253919463,1237.191413,618.595706,1855.787119,HTN_SPECIFIC_PROXY,Excludes downstream IHD and stroke events,415050009.1153186,299840957.4374163,207525004.38992047,149920478.59753004,622575013.5052391,449761436.0349464
S5,2037,hypertension,direct_medical,avoided_hypertension_patient_year,339846.2517413931,1237.191413,618.595706,1855.787119,HTN_SPECIFIC_PROXY,Excludes downstream IHD and stroke events,420454864.3946879,294898582.4156988,210227432.0274208,147449291.08866873,630682296.4221087,442347873.5043676
S5,2038,hypertension,direct_medical,avoided_hypertension_patient_year,343516.54604912084,1237.191413,618.595706,1855.787119,HTN_SPECIFIC_PROXY,Excludes downstream IHD and stroke events,424995720.99539137,289401405.70317835,212497860.3259374,144700702.73463014,637493581.3213288,434102108.4378085
S5,2039,hypertension,direct_medical,avoided_hypertension_patient_year,346506.969249246,1237.191413,618.595706,1855.787119,HTN_SPECIFIC_PROXY,Excludes downstream IHD and stroke events,428695446.89982224,283418193.21884274,214347723.2766576,141709096.4948804,643043170.1764798,425127289.7137231
S5,2040,hypertension,direct_medical,avoided_hypertension_patient_year,348850.5893596435,1237.191413,618.595706,1855.787119,HTN_SPECIFIC_PROXY,Excludes downstream IHD and stroke events,431594953.57574016,277024377.3887204,215797476.61344475,138512188.5824032,647392430.1891849,415536565.97112364
S5,2041,hypertension,direct_medical,avoided_hypertension_patient_year,350875.553293125,1237.191413,618.595706,1855.787119,HTN_SPECIFIC_PROXY,Excludes downstream IHD and stroke events,434100221.56587815,270516906.3879816,217050110.60750127,135258453.08466375,651150332.1733794,405775359.47264534
S5,2042,hypertension,direct_medical,avoided_hypertension_patient_year,352633.41540222784,1237.191413,618.595706,1855.787119,HTN_SPECIFIC_PROXY,Excludes downstream IHD and stroke events,436275033.47249824,263953570.1623393,218137516.55993238,131976784.97449513,654412550.0324306,395930355.13683444
S5,2043,hypertension,direct_medical,avoided_hypertension_patient_year,354052.8922021251,1237.191413,618.595706,1855.787119,HTN_SPECIFIC_PROXY,Excludes downstream IHD and stroke events,438031197.98028386,257297163.6613189,219015598.81311545,128648581.72667505,657046796.7933993,385945745.38799393
S5,2044,hypertension,direct_medical,avoided_hypertension_patient_year,355137.0566821029,1237.191413,618.595706,1855.787119,HTN_SPECIFIC_PROXY,Excludes downstream IHD and stroke events,439372516.965192,250568006.9904343,219686258.30502746,125284003.39395228,659058775.2702194,375852010.38438654
S5,2045,hypertension,direct_medical,avoided_hypertension_patient_year,356020.0794587098,1237.191413,618.595706,1855.787119,HTN_SPECIFIC_PROXY,Excludes downstream IHD and stroke events,440464985.1618935,243874782.852184,220232492.40293667,121937391.32753214,660697477.5648302,365812174.17971617
S5,2046,hypertension,direct_medical,avoided_hypertension_patient_year,356534.4136694842,1237.191413,618.595706,1855.787119,HTN_SPECIFIC_PROXY,Excludes downstream IHD and stroke events,441101315.0308757,237113692.49738255,220550657.3371706,118556846.15286385,661651972.3680463,355670538.6502464
S5,2047,hypertension,direct_medical,avoided_hypertension_patient_year,356730.8190157981,1237.191413,618.595706,1855.787119,HTN_SPECIFIC_PROXY,Excludes downstream IHD and stroke events,441344306.0388025,230334283.6288796,220672152.84103584,115167141.72135223,662016458.8798383,345501425.3502319
S5,2048,hypertension,direct_medical,avoided_hypertension_patient_year,356632.93683393253,1237.191413,618.595706,1855.787119,HTN_SPECIFIC_PROXY,Excludes downstream IHD and stroke events,441223207.0439127,223564158.2248371,220611603.34363988,111782079.02206706,661834810.3875526,335346237.2469042
S5,2049,hypertension,direct_medical,avoided_hypertension_patient_year,356329.5230866906,1237.191413,618.595706,1855.787119,HTN_SPECIFIC_PROXY,Excludes downstream IHD and stroke events,440847826.16123885,216867918.28064853,220423912.90245464,108433959.052679,661271739.0636935,325301877.33332753
S5,2050,hypertension,direct_medical,avoided_hypertension_patient_year,355980.4761850935,1237.191413,618.595706,1855.787119,HTN_SPECIFIC_PROXY,Excludes downstream IHD and stroke events,440415988.3318487,210345128.81916884,220207993.98793408,105172564.32457528,660623982.3197829,315517693.1437442
S6,2025,hypertension,direct_medical,avoided_hypertension_patient_year,31420.850776535146,1237.191413,618.595706,1855.787119,HTN_SPECIFIC_PROXY,Excludes downstream IHD and stroke events,38873606.76988366,38873606.76988366,19436803.369231407,19436803.369231407,58310410.13911507,58310410.13911507
S6,2026,hypertension,direct_medical,avoided_hypertension_patient_year,192956.63507105754,1237.191413,618.595706,1855.787119,HTN_SPECIFIC_PROXY,Excludes downstream IHD and stroke events,238724291.99128702,231771157.27309418,119362145.89916518,115885578.54287882,358086437.89045227,347656735.81597304
S6,2027,hypertension,direct_medical,avoided_hypertension_patient_year,328976.3788812844,1237.191413,618.595706,1855.787119,HTN_SPECIFIC_PROXY,Excludes downstream IHD and stroke events,407006751.0317596,383642898.5123571,203503375.35139158,191821449.1011326,610510126.3831512,575464347.6134896
S6,2028,hypertension,direct_medical,avoided_hypertension_patient_year,471064.0373943407,1237.191413,618.595706,1855.787119,HTN_SPECIFIC_PROXY,Excludes downstream IHD and stroke events,582796382.0373892,533341248.1227142,291398190.78316253,266670623.84581193,874194572.8205518,800011871.9685262
S6,2029,hypertension,direct_medical,avoided_hypertension_patient_year,618751.7162593108,1237.191413,618.595706,1855.787119,HTN_SPECIFIC_PROXY,Excludes downstream IHD and stroke events,765514310.1350318,680149549.5490894,382757154.75814,340074774.4996683,1148271464.893172,1020224324.0487579
S6,2030,hypertension,direct_medical,avoided_hypertension_patient_year,771671.162961013,1237.191413,618.595706,1855.787119,HTN_SPECIFIC_PROXY,Excludes downstream IHD and stroke events,954704936.475089,823536864.698337,477352467.8517089,411768432.0163433,1432057404.326798,1235305296.7146804
S6,2031,hypertension,direct_medical,avoided_hypertension_patient_year,929521.2960630445,1237.191413,618.595706,1855.787119,HTN_SPECIFIC_PROXY,Excludes downstream IHD and stroke events,1149995765.6898293,963103349.0180966,574997882.380154,481551674.11981857,1724993648.0699835,1444655023.1379151
S6,2032,hypertension,direct_medical,avoided_hypertension_patient_year,1093090.127195173,1237.191413,618.595706,1855.787119,HTN_SPECIFIC_PROXY,Excludes downstream IHD and stroke events,1352361719.0009458,1099593833.9853747,676180858.9539278,549796916.5482961,2028542577.9548736,1649390750.533671
S6,2033,hypertension,direct_medical,avoided_hypertension_patient_year,1263656.695519466,1237.191413,618.595706,1855.787119,HTN_SPECIFIC_PROXY,Excludes downstream IHD and stroke events,1563385212.6766388,1234150723.6767948,781692605.706491,617075361.3396262,2345077818.38313,1851226085.016421
S6,2034,hypertension,direct_medical,avoided_hypertension_patient_year,1440056.2908211763,1237.191413,618.595706,1855.787119,HTN_SPECIFIC_PROXY,Excludes downstream IHD and stroke events,1781625277.24059,1365467423.243541,890812637.9002668,682733711.0699288,2672437915.1408567,2048201134.3134696
S6,2035,hypertension,direct_medical,avoided_hypertension_patient_year,1465058.3044592221,1237.191413,618.595706,1855.787119,HTN_SPECIFIC_PROXY,Excludes downstream IHD and stroke events,1812557553.8212893,1348713046.1985145,906278776.1781154,674356522.5541866,2718836329.999405,2023069568.7527013
S6,2036,hypertension,direct_medical,avoided_hypertension_patient_year,1487284.0379237891,1237.191413,618.595706,1855.787119,HTN_SPECIFIC_PROXY,Excludes downstream IHD and stroke events,1840055040.4112782,1329294911.3059022,920027519.461997,664647455.1157283,2760082559.8732753,1993942366.4216306
S6,2037,hypertension,direct_medical,avoided_hypertension_patient_year,1506651.7160535026,1237.191413,618.595706,1855.787119,HTN_SPECIFIC_PROXY,Excludes downstream IHD and stroke events,1864016565.4831078,1307383715.3762589,932008281.988228,653691857.1597618,2796024847.471336,1961075572.5360208
S6,2038,hypertension,direct_medical,avoided_hypertension_patient_year,1522923.3541510096,1237.191413,618.595706,1855.787119,HTN_SPECIFIC_PROXY,Excludes downstream IHD and stroke events,1884147696.412787,1283012898.6173458,942073847.4449317,641506448.7901546,2826221543.857719,1924519347.4075005
S6,2039,hypertension,direct_medical,avoided_hypertension_patient_year,1536180.8970050514,1237.191413,618.595706,1855.787119,HTN_SPECIFIC_PROXY,Excludes downstream IHD and stroke events,1900549814.589287,1256487323.2702525,950274906.5265529,628243661.1273279,2850824721.11584,1884730984.3975804
S6,2040,hypertension,direct_medical,avoided_hypertension_patient_year,1546570.9461611514,1237.191413,618.595706,1855.787119,HTN_SPECIFIC_PROXY,Excludes downstream IHD and stroke events,1913404294.1858618,1228141406.423379,956702146.3196454,614070702.7153469,2870106440.5055075,1842212109.1387258
S6,2041,hypertension,direct_medical,avoided_hypertension_patient_year,1555548.2862662575,1237.191413,618.595706,1855.787119,HTN_SPECIFIC_PROXY,Excludes downstream IHD and stroke events,1924510982.2754796,1199291618.3201056,962255490.3599656,599645808.6753696,2886766472.6354456,1798937426.9954755
S6,2042,hypertension,direct_medical,avoided_hypertension_patient_year,1563341.4749499508,1237.191413,618.595706,1855.787119,HTN_SPECIFIC_PROXY,Excludes downstream IHD and stroke events,1934152648.3948338,1170194161.053093,967076323.4157461,585097080.0536228,2901228971.8105803,1755291241.1067162
S6,2043,hypertension,direct_medical,avoided_hypertension_patient_year,1569634.4887628327,1237.191413,618.595706,1855.787119,HTN_SPECIFIC_PROXY,Excludes downstream IHD and stroke events,1941938311.0460217,1140684092.2319038,970969154.7381935,570342045.6549544,2912907465.7842155,1711026137.8868585
S6,2044,hypertension,direct_medical,avoided_hypertension_patient_year,1574440.9512907371,1237.191413,618.595706,1855.787119,HTN_SPECIFIC_PROXY,Excludes downstream IHD and stroke events,1947884825.2124512,1110851497.657649,973942411.8190051,555425748.3798836,2921827237.0314565,1666277246.0375326
S6,2045,hypertension,direct_medical,avoided_hypertension_patient_year,1578355.685600363,1237.191413,618.595706,1855.787119,HTN_SPECIFIC_PROXY,Excludes downstream IHD and stroke events,1952728100.884497,1081178203.9780724,976364049.6530704,540589101.5520875,2929092150.5375676,1621767305.5301602
S6,2046,hypertension,direct_medical,avoided_hypertension_patient_year,1580635.9006014643,1237.191413,618.595706,1855.787119,HTN_SPECIFIC_PROXY,Excludes downstream IHD and stroke events,1955549163.3036532,1051204036.7384521,977774580.8615086,525602017.94439113,2933323744.165162,1576806054.6828434
S6,2047,hypertension,direct_medical,avoided_hypertension_patient_year,1581506.6309701242,1237.191413,618.595706,1855.787119,HTN_SPECIFIC_PROXY,Excludes downstream IHD and stroke events,1956626423.4387975,1021148657.4214219,978313210.9286454,510574328.2980227,2934939634.367443,1531722985.7194445
S6,2048,hypertension,direct_medical,avoided_hypertension_patient_year,1581072.6866305214,1237.191413,618.595706,1855.787119,HTN_SPECIFIC_PROXY,Excludes downstream IHD and stroke events,1956089551.228121,991134434.7968326,978044774.8235241,495567216.997858,2934134326.0516453,1486701651.7946906
S6,2049,hypertension,direct_medical,avoided_hypertension_patient_year,1579727.5523510838,1237.191413,618.595706,1855.787119,HTN_SPECIFIC_PROXY,Excludes downstream IHD and stroke events,1954425362.648269,961447771.0442626,977212680.5342706,480723885.1335707,2931638043.1825395,1442171656.177833
S6,2050,hypertension,direct_medical,avoided_hypertension_patient_year,1578180.1110873388,1237.191413,618.595706,1855.787119,HTN_SPECIFIC_PROXY,Excludes downstream IHD and stroke events,1952510881.6046417,932530071.0983689,976255440.0132307,466265035.1723106,2928766321.6178727,1398795106.2706797
S7,2025,hypertension,direct_medical,avoided_hypertension_patient_year,84162.99315142218,1237.191413,618.595706,1855.787119,HTN_SPECIFIC_PROXY,Excludes downstream IHD and stroke events,104125732.41931733,104125732.41931733,52062866.16757716,52062866.16757716,156188598.5868945,156188598.5868945
S7,2026,hypertension,direct_medical,avoided_hypertension_patient_year,516848.12965459435,1237.191413,618.595706,1855.787119,HTN_SPECIFIC_PROXY,Excludes downstream IHD and stroke events,639440067.8337748,620815599.8386163,319720033.6584633,310407799.66841096,959160101.4922382,931223399.5070273
S7,2027,hypertension,direct_medical,avoided_hypertension_patient_year,881186.7291462973,1237.191413,618.595706,1855.787119,HTN_SPECIFIC_PROXY,Excludes downstream IHD and stroke events,1090196654.549356,1027614906.7295278,545098326.8340845,513807452.9494623,1635294981.3834405,1541422359.6789901
S7,2028,hypertension,direct_medical,avoided_hypertension_patient_year,1261778.6715920435,1237.191413,618.595706,1855.787119,HTN_SPECIFIC_PROXY,Excludes downstream IHD and stroke events,1561061737.6002233,1428592628.900195,780530868.1692222,714296313.8727443,2341592605.7694454,2142888942.7729392
S7,2029,hypertension,direct_medical,avoided_hypertension_patient_year,1657370.6685517428,1237.191413,618.595706,1855.787119,HTN_SPECIFIC_PROXY,Excludes downstream IHD and stroke events,2050484759.2902853,1821829150.5779374,1025242378.8164573,910914574.5526924,3075727138.106743,2732743725.13063
S7,2030,hypertension,direct_medical,avoided_hypertension_patient_year,1879069.3903271044,1237.191413,618.595706,1855.787119,HTN_SPECIFIC_PROXY,Excludes downstream IHD and stroke events,2324768514.143839,2005365741.9601958,1162384256.1323845,1002682870.1696469,3487152770.2762237,3008048612.1298428
S7,2031,hypertension,direct_medical,avoided_hypertension_patient_year,1915222.4506793846,1237.191413,618.595706,1855.787119,HTN_SPECIFIC_PROXY,Excludes downstream IHD and stroke events,2369496769.9653506,1984416241.1087513,1184748384.025064,992208119.7523913,3554245153.990415,2976624360.861143
S7,2032,hypertension,direct_medical,avoided_hypertension_patient_year,1951946.6557056948,1237.191413,618.595706,1855.787119,HTN_SPECIFIC_PROXY,Excludes downstream IHD and stroke events,2414931641.073153,1963560417.8310552,1207465819.5606031,981780208.121972,3622397460.6337566,2945340625.9530272
S7,2033,hypertension,direct_medical,avoided_hypertension_patient_year,1991055.717730256,1237.191413,618.595706,1855.787119,HTN_SPECIFIC_PROXY,Excludes downstream IHD and stroke events,2463317036.7804246,1944565215.8773074,1231658517.3946843,972282607.1527748,3694975554.1751094,2916847823.0300827
S7,2034,hypertension,direct_medical,avoided_hypertension_patient_year,2030154.54533059,1237.191413,618.595706,1855.787119,HTN_SPECIFIC_PROXY,Excludes downstream IHD and stroke events,2511689770.545925,1925001066.6027215,1255844884.2578852,962500532.5233884,3767534654.803811,2887501599.1261106
S7,2035,hypertension,direct_medical,avoided_hypertension_patient_year,2065401.745008309,1237.191413,618.595706,1855.787119,HTN_SPECIFIC_PROXY,Excludes downstream IHD and stroke events,2555297303.319495,1901381174.1520472,1277648650.6270468,950690586.3075973,3832945953.9465423,2852071760.459645
S7,2036,hypertension,direct_medical,avoided_hypertension_patient_year,2096735.0158700016,1237.191413,618.595706,1855.787119,HTN_SPECIFIC_PROXY,Excludes downstream IHD and stroke events,2594062556.9707847,1874005983.9838831,1297031277.4370248,937002991.2345786,3891093834.4078097,2811008975.218462
S7,2037,hypertension,direct_medical,avoided_hypertension_patient_year,2124039.0733836656,1237.191413,618.595706,1855.787119,HTN_SPECIFIC_PROXY,Excludes downstream IHD and stroke events,2627842902.466748,1843116140.098082,1313921450.1713543,921558069.3041617,3941764352.6381025,2764674209.4022436
S7,2038,hypertension,direct_medical,avoided_hypertension_patient_year,2146978.4128068946,1237.191413,618.595706,1855.787119,HTN_SPECIFIC_PROXY,Excludes downstream IHD and stroke events,2656223256.2210593,1808758785.6447716,1328111627.0370402,904379392.0913917,3984334883.2581,2713138177.7361636
S7,2039,hypertension,direct_medical,avoided_hypertension_patient_year,2165668.5578078977,1237.191413,618.595706,1855.787119,HTN_SPECIFIC_PROXY,Excludes downstream IHD and stroke events,2679346543.1240253,1771363707.6178575,1339673270.4791782,885681853.0930475,4019019813.603204,2657045560.710905
S7,2040,hypertension,direct_medical,avoided_hypertension_patient_year,2180316.1834978894,1237.191413,618.595706,1855.787119,HTN_SPECIFIC_PROXY,Excludes downstream IHD and stroke events,2697468459.848521,1731402358.679596,1348734228.8341024,865701178.6400669,4046202688.682624,2597103537.319663
S7,2041,hypertension,direct_medical,avoided_hypertension_patient_year,2192972.2080821563,1237.191413,618.595706,1855.787119,HTN_SPECIFIC_PROXY,Excludes downstream IHD and stroke events,2713126384.786893,1690730664.924981,1356563191.2969604,845365331.7791967,4069689576.0838532,2536095996.704178
S7,2042,hypertension,direct_medical,avoided_hypertension_patient_year,2203958.846264055,1237.191413,618.595706,1855.787119,HTN_SPECIFIC_PROXY,Excludes downstream IHD and stroke events,2726718959.203276,1649709813.5147188,1363359478.4996583,824854906.0906435,4090078437.7029347,2474564719.6053624
S7,2043,hypertension,direct_medical,avoided_hypertension_patient_year,2212830.5762634184,1237.191413,618.595706,1855.787119,HTN_SPECIFIC_PROXY,Excludes downstream IHD and stroke events,2737694987.376943,1608107272.8833423,1368847492.582056,804053635.7917687,4106542479.958999,2412160908.675111
S7,2044,hypertension,direct_medical,avoided_hypertension_patient_year,2219606.6042632842,1237.191413,618.595706,1855.787119,HTN_SPECIFIC_PROXY,Excludes downstream IHD and stroke events,2746078231.0326242,1566050043.6903136,1373039114.406509,783025021.2122515,4119117345.4391336,2349075064.9025655
S7,2045,hypertension,direct_medical,avoided_hypertension_patient_year,2225125.4966170806,1237.191413,618.595706,1855.787119,HTN_SPECIFIC_PROXY,Excludes downstream IHD and stroke events,2752906157.262013,1524217392.826249,1376453077.5184436,762108695.7971253,4129359234.7804565,2286326088.6233745
S7,2046,hypertension,direct_medical,avoided_hypertension_patient_year,2228340.085434423,1237.191413,618.595706,1855.787119,HTN_SPECIFIC_PROXY,Excludes downstream IHD and stroke events,2756883218.9431543,1481960578.1087384,1378441608.357407,740980288.4554479,4135324827.3005614,2222940866.564186
S7,2047,hypertension,direct_medical,avoided_hypertension_patient_year,2229567.6188488863,1237.191413,618.595706,1855.787119,HTN_SPECIFIC_PROXY,Excludes downstream IHD and stroke events,2758401912.742699,1439589272.6805935,1379200955.2565656,719794635.7584993,4137602867.999265,2159383908.439093
S7,2048,hypertension,direct_medical,avoided_hypertension_patient_year,2228955.855212228,1237.191413,618.595706,1855.787119,HTN_SPECIFIC_PROXY,Excludes downstream IHD and stroke events,2757645044.0246396,1397275988.9053257,1378822520.8978417,698637993.8879659,4136467564.9224815,2095913982.7932918
S7,2049,hypertension,direct_medical,avoided_hypertension_patient_year,2227059.5192919676,1237.191413,618.595706,1855.787119,HTN_SPECIFIC_PROXY,Excludes downstream IHD and stroke events,2755298913.5079303,1355424489.2541456,1377649455.6404352,677712244.0792898,4132948369.1483655,2033136733.3334353
S7,2050,hypertension,direct_medical,avoided_hypertension_patient_year,2224877.976156988,1237.191413,618.595706,1855.787119,HTN_SPECIFIC_PROXY,Excludes downstream IHD and stroke events,2752599927.0742445,1314657055.119896,1376299962.424683,657328527.0286409,4128899889.498928,1971985582.1485372
