horizon_years,perspective,wtp_cny_per_daly,scenario_id,scenario_cn,probability_cost_effective,monte_carlo_se,expected_nmb_2025_cny,n_draws
5,PROGRAMME_ONLY,0,S0,动态基线,1.0,0.0,0.0,10000
5,PROGRAMME_ONLY,0,S1,健康宣教,0.0,0.0,-836844857.6215315,10000
5,PROGRAMME_ONLY,0,S2,社区健身,0.0,0.0,-4696427780.36566,10000
5,PROGRAMME_ONLY,0,S3,公共健身设施,0.0,0.0,-8905961944.725452,10000
5,PROGRAMME_ONLY,0,S4,体卫融合,0.0,0.0,-1621324607.0015578,10000
5,PROGRAMME_ONLY,0,S5,智慧健身,0.0,0.0,-868954986.2420255,10000
5,PROGRAMME_ONLY,0,S6,综合政策,0.0,0.0,-16438260167.941938,10000
5,PROGRAMME_ONLY,2500,S0,动态基线,0.0391,0.0019383289194561382,0.0,10000
5,PROGRAMME_ONLY,2500,S1,健康宣教,0.0141,0.0011790330784163775,-357714248.54697233,10000
5,PROGRAMME_ONLY,2500,S2,社区健身,0.0,0.0,-3253129133.373119,10000
5,PROGRAMME_ONLY,2500,S3,公共健身设施,0.0,0.0,-7727820136.628864,10000
5,PROGRAMME_ONLY,2500,S4,体卫融合,0.6801,0.0046643755209030925,780293551.3011986,10000
5,PROGRAMME_ONLY,2500,S5,智慧健身,0.2667,0.0044223422526982244,292152513.7950735,10000
5,PROGRAMME_ONLY,2500,S6,综合政策,0.0,0.0,-13744262710.010153,10000
5,PROGRAMME_ONLY,5000,S0,动态基线,0.0,0.0,0.0,10000
5,PROGRAMME_ONLY,5000,S1,健康宣教,0.0027,0.0005189132875539034,121416360.52758667,10000
5,PROGRAMME_ONLY,5000,S2,社区健身,0.0014,0.0003739037309254884,-1809830486.380579,10000
5,PROGRAMME_ONLY,5000,S3,公共健身设施,0.0,0.0,-6549678328.532275,10000
5,PROGRAMME_ONLY,5000,S4,体卫融合,0.8755,0.003301511017700835,3181911709.6039553,10000
5,PROGRAMME_ONLY,5000,S5,智慧健身,0.1204,0.003254287018687811,1453260013.8321722,10000
5,PROGRAMME_ONLY,5000,S6,综合政策,0.0,0.0,-11050265252.078367,10000
5,PROGRAMME_ONLY,7500,S0,动态基线,0.0,0.0,0.0,10000
5,PROGRAMME_ONLY,7500,S1,健康宣教,0.0013,0.00036032069049667407,600546969.6021457,10000
5,PROGRAMME_ONLY,7500,S2,社区健身,0.0057,0.0007528286657666537,-366531839.38803816,10000
5,PROGRAMME_ONLY,7500,S3,公共健身设施,0.0,0.0,-5371536520.435685,10000
5,PROGRAMME_ONLY,7500,S4,体卫融合,0.9169,0.0027603331320693878,5583529867.906711,10000
5,PROGRAMME_ONLY,7500,S5,智慧健身,0.0759,0.002648380448500555,2614367513.8692713,10000
5,PROGRAMME_ONLY,7500,S6,综合政策,0.0002,0.00014140721339450828,-8356267794.146582,10000
5,PROGRAMME_ONLY,10000,S0,动态基线,0.0,0.0,0.0,10000
5,PROGRAMME_ONLY,10000,S1,健康宣教,0.0009,0.0002998649696113236,1079677578.676705,10000
5,PROGRAMME_ONLY,10000,S2,社区健身,0.0106,0.0010240917927607856,1076766807.6045022,10000
5,PROGRAMME_ONLY,10000,S3,公共健身设施,0.0,0.0,-4193394712.339096,10000
5,PROGRAMME_ONLY,10000,S4,体卫融合,0.9274,0.0025947878525999,7985148026.209467,10000
5,PROGRAMME_ONLY,10000,S5,智慧健身,0.059,0.0023562470159132296,3775475013.90637,10000
5,PROGRAMME_ONLY,10000,S6,综合政策,0.0021,0.0004577761461675346,-5662270336.214797,10000
5,PROGRAMME_ONLY,12500,S0,动态基线,0.0,0.0,0.0,10000
5,PROGRAMME_ONLY,12500,S1,健康宣教,0.0004,0.0001999599959991998,1558808187.7512636,10000
5,PROGRAMME_ONLY,12500,S2,社区健身,0.0157,0.0012431214743539747,2520065454.597042,10000
5,PROGRAMME_ONLY,12500,S3,公共健身设施,0.0,0.0,-3015252904.242506,10000
5,PROGRAMME_ONLY,12500,S4,体卫融合,0.9275,0.0025931399885081407,10386766184.512224,10000
5,PROGRAMME_ONLY,12500,S5,智慧健身,0.0499,0.0021773835215689492,4936582513.94347,10000
5,PROGRAMME_ONLY,12500,S6,综合政策,0.0065,0.0008036012692872006,-2968272878.283011,10000
5,PROGRAMME_ONLY,15000,S0,动态基线,0.0,0.0,0.0,10000
5,PROGRAMME_ONLY,15000,S1,健康宣教,0.0003,0.00017317909804592468,2037938796.8258226,10000
5,PROGRAMME_ONLY,15000,S2,社区健身,0.0188,0.0013581811366677127,3963364101.589583,10000
5,PROGRAMME_ONLY,15000,S3,公共健身设施,0.0001,9.999499987499375e-05,-1837111096.1459172,10000
5,PROGRAMME_ONLY,15000,S4,体卫融合,0.9229,0.0026675005154638666,12788384342.814981,10000
5,PROGRAMME_ONLY,15000,S5,智慧健身,0.0441,0.002053172910399901,6097690013.980569,10000
5,PROGRAMME_ONLY,15000,S6,综合政策,0.0138,0.0011666001885821894,-274275420.3512253,10000
5,PROGRAMME_ONLY,17500,S0,动态基线,0.0,0.0,0.0,10000
5,PROGRAMME_ONLY,17500,S1,健康宣教,0.0002,0.00014140721339450828,2517069405.900382,10000
5,PROGRAMME_ONLY,17500,S2,社区健身,0.0228,0.0014926540121541897,5406662748.582124,10000
5,PROGRAMME_ONLY,17500,S3,公共健身设施,0.0002,0.00014140721339450828,-658969288.049328,10000
5,PROGRAMME_ONLY,17500,S4,体卫融合,0.911,0.0028474374444401756,15190002501.117737,10000
5,PROGRAMME_ONLY,17500,S5,智慧健身,0.0397,0.001952534506737333,7258797514.017666,10000
5,PROGRAMME_ONLY,17500,S6,综合政策,0.0261,0.0015943271307984443,2419722037.58056,10000
5,PROGRAMME_ONLY,20000,S0,动态基线,0.0,0.0,0.0,10000
5,PROGRAMME_ONLY,20000,S1,健康宣教,0.0002,0.00014140721339450828,2996200014.974941,10000
5,PROGRAMME_ONLY,20000,S2,社区健身,0.0245,0.0015459543977750442,6849961395.574663,10000
5,PROGRAMME_ONLY,20000,S3,公共健身设施,0.0003,0.00017317909804592468,519172520.04726136,10000
5,PROGRAMME_ONLY,20000,S4,体卫融合,0.8964,0.003047409391598051,17591620659.420494,10000
5,PROGRAMME_ONLY,20000,S5,智慧健身,0.0363,0.0018703558484951465,8419905014.054766,10000
5,PROGRAMME_ONLY,20000,S6,综合政策,0.0423,0.002012727254249815,5113719495.512345,10000
5,PROGRAMME_ONLY,22500,S0,动态基线,0.0,0.0,0.0,10000
5,PROGRAMME_ONLY,22500,S1,健康宣教,0.0002,0.00014140721339450828,3475330624.0495,10000
5,PROGRAMME_ONLY,22500,S2,社区健身,0.0278,0.0016439939172636863,8293260042.5672035,10000
5,PROGRAMME_ONLY,22500,S3,公共健身设施,0.0005,0.0002235508890610816,1697314328.1438508,10000
5,PROGRAMME_ONLY,22500,S4,体卫融合,0.877,0.0032843720861071755,19993238817.72325,10000
5,PROGRAMME_ONLY,22500,S5,智慧健身,0.0339,0.0018097179338228374,9581012514.091866,10000
5,PROGRAMME_ONLY,22500,S6,综合政策,0.0606,0.0023859513825725785,7807716953.444131,10000
5,PROGRAMME_ONLY,25000,S0,动态基线,0.0,0.0,0.0,10000
5,PROGRAMME_ONLY,25000,S1,健康宣教,0.0,0.0,3954461233.124059,10000
5,PROGRAMME_ONLY,25000,S2,社区健身,0.0294,0.001689249537516586,9736558689.559744,10000
5,PROGRAMME_ONLY,25000,S3,公共健身设施,0.0004,0.0001999599959991998,2875456136.24044,10000
5,PROGRAMME_ONLY,25000,S4,体卫融合,0.8571,0.0034997084164255744,22394856976.026005,10000
5,PROGRAMME_ONLY,25000,S5,智慧健身,0.0306,0.0017223135603019561,10742120014.128962,10000
5,PROGRAMME_ONLY,25000,S6,综合政策,0.0825,0.00275124971603815,10501714411.375916,10000
5,PROGRAMME_ONLY,27500,S0,动态基线,0.0,0.0,0.0,10000
5,PROGRAMME_ONLY,27500,S1,健康宣教,0.0,0.0,4433591842.198619,10000
5,PROGRAMME_ONLY,27500,S2,社区健身,0.03,0.001705872210923198,11179857336.552284,10000
5,PROGRAMME_ONLY,27500,S3,公共健身设施,0.0004,0.0001999599959991998,4053597944.3370295,10000
5,PROGRAMME_ONLY,27500,S4,体卫融合,0.8366,0.0036973022597564294,24796475134.328762,10000
5,PROGRAMME_ONLY,27500,S5,智慧健身,0.0283,0.0016582855604509136,11903227514.166063,10000
5,PROGRAMME_ONLY,27500,S6,综合政策,0.1047,0.003061664743240187,13195711869.307703,10000
5,PROGRAMME_ONLY,30000,S0,动态基线,0.0,0.0,0.0,10000
5,PROGRAMME_ONLY,30000,S1,健康宣教,0.0,0.0,4912722451.273176,10000
5,PROGRAMME_ONLY,30000,S2,社区健身,0.0313,0.0017412728103315689,12623155983.544825,10000
5,PROGRAMME_ONLY,30000,S3,公共健身设施,0.0004,0.0001999599959991998,5231739752.433619,10000
5,PROGRAMME_ONLY,30000,S4,体卫融合,0.8171,0.003865845185725884,27198093292.63152,10000
5,PROGRAMME_ONLY,30000,S5,智慧健身,0.0263,0.0016002596664291707,13064335014.203163,10000
5,PROGRAMME_ONLY,30000,S6,综合政策,0.1249,0.0033060548997256535,15889709327.239485,10000
5,PROGRAMME_ONLY,32500,S0,动态基线,0.0,0.0,0.0,10000
5,PROGRAMME_ONLY,32500,S1,健康宣教,0.0,0.0,5391853060.347736,10000
5,PROGRAMME_ONLY,32500,S2,社区健身,0.0316,0.0017493267276298045,14066454630.537365,10000
5,PROGRAMME_ONLY,32500,S3,公共健身设施,0.0007,0.00026448251359967073,6409881560.530208,10000
5,PROGRAMME_ONLY,32500,S4,体卫融合,0.798,0.004014922166119786,29599711450.934277,10000
5,PROGRAMME_ONLY,32500,S5,智慧健身,0.0243,0.0015397892712965629,14225442514.240263,10000
5,PROGRAMME_ONLY,32500,S6,综合政策,0.1454,0.003525036737397215,18583706785.171276,10000
5,PROGRAMME_ONLY,35000,S0,动态基线,0.0,0.0,0.0,10000
5,PROGRAMME_ONLY,35000,S1,健康宣教,0.0,0.0,5870983669.422296,10000
5,PROGRAMME_ONLY,35000,S2,社区健身,0.0327,0.001778502459936449,15509753277.529905,10000
5,PROGRAMME_ONLY,35000,S3,公共健身设施,0.0008,0.0002827295527531567,7588023368.626797,10000
5,PROGRAMME_ONLY,35000,S4,体卫融合,0.78,0.004142463035441596,32001329609.237038,10000
5,PROGRAMME_ONLY,35000,S5,智慧健身,0.0225,0.001483028994996389,15386550014.277359,10000
5,PROGRAMME_ONLY,35000,S6,综合政策,0.164,0.003702755730533679,21277704243.103058,10000
5,PROGRAMME_ONLY,37500,S0,动态基线,0.0,0.0,0.0,10000
5,PROGRAMME_ONLY,37500,S1,健康宣教,0.0,0.0,6350114278.496855,10000
5,PROGRAMME_ONLY,37500,S2,社区健身,0.0319,0.0017573386127892369,16953051924.522444,10000
5,PROGRAMME_ONLY,37500,S3,公共健身设施,0.0008,0.0002827295527531567,8766165176.723387,10000
5,PROGRAMME_ONLY,37500,S4,体卫融合,0.7632,0.004251185246493029,34402947767.53979,10000
5,PROGRAMME_ONLY,37500,S5,智慧健身,0.0204,0.0014136421046361063,16547657514.314459,10000
5,PROGRAMME_ONLY,37500,S6,综合政策,0.1837,0.0038723934459194615,23971701701.034843,10000
5,PROGRAMME_ONLY,40000,S0,动态基线,0.0,0.0,0.0,10000
5,PROGRAMME_ONLY,40000,S1,健康宣教,0.0,0.0,6829244887.571413,10000
5,PROGRAMME_ONLY,40000,S2,社区健身,0.0321,0.0017626568015356816,18396350571.514988,10000
5,PROGRAMME_ONLY,40000,S3,公共健身设施,0.0007,0.00026448251359967073,9944306984.819977,10000
5,PROGRAMME_ONLY,40000,S4,体卫融合,0.7435,0.004367009846565496,36804565925.842545,10000
5,PROGRAMME_ONLY,40000,S5,智慧健身,0.0198,0.0013931245457603565,17708765014.351555,10000
5,PROGRAMME_ONLY,40000,S6,综合政策,0.2039,0.0040289550754507054,26665699158.966633,10000
5,PROGRAMME_ONLY,42500,S0,动态基线,0.0,0.0,0.0,10000
5,PROGRAMME_ONLY,42500,S1,健康宣教,0.0,0.0,7308375496.645973,10000
5,PROGRAMME_ONLY,42500,S2,社区健身,0.0314,0.0017439621555526941,19839649218.507526,10000
5,PROGRAMME_ONLY,42500,S3,公共健身设施,0.0009,0.0002998649696113236,11122448792.916565,10000
5,PROGRAMME_ONLY,42500,S4,体卫融合,0.7262,0.004459075688974118,39206184084.1453,10000
5,PROGRAMME_ONLY,42500,S5,智慧健身,0.0188,0.0013581811366677127,18869872514.388657,10000
5,PROGRAMME_ONLY,42500,S6,综合政策,0.2227,0.004160585415539501,29359696616.89841,10000
5,PROGRAMME_ONLY,45000,S0,动态基线,0.0,0.0,0.0,10000
5,PROGRAMME_ONLY,45000,S1,健康宣教,0.0,0.0,7787506105.720531,10000
5,PROGRAMME_ONLY,45000,S2,社区健身,0.0315,0.0017466467874186814,21282947865.50007,10000
5,PROGRAMME_ONLY,45000,S3,公共健身设施,0.0011,0.00033148001448051134,12300590601.013155,10000
5,PROGRAMME_ONLY,45000,S4,体卫融合,0.7092,0.00454131434719069,41607802242.44806,10000
5,PROGRAMME_ONLY,45000,S5,智慧健身,0.0182,0.0013367408125736268,20030980014.425755,10000
5,PROGRAMME_ONLY,45000,S6,综合政策,0.24,0.004270831300812524,32053694074.8302,10000
5,PROGRAMME_ONLY,47500,S0,动态基线,0.0,0.0,0.0,10000
5,PROGRAMME_ONLY,47500,S1,健康宣教,0.0,0.0,8266636714.795091,10000
5,PROGRAMME_ONLY,47500,S2,社区健身,0.0316,0.0017493267276298045,22726246512.492607,10000
5,PROGRAMME_ONLY,47500,S3,公共健身设施,0.0012,0.00034620225302559775,13478732409.109743,10000
5,PROGRAMME_ONLY,47500,S4,体卫融合,0.692,0.004616665463297076,44009420400.75081,10000
5,PROGRAMME_ONLY,47500,S5,智慧健身,0.0173,0.0013038677080133552,21192087514.462856,10000
5,PROGRAMME_ONLY,47500,S6,综合政策,0.2579,0.004374786737659334,34747691532.761986,10000
5,PROGRAMME_ONLY,50000,S0,动态基线,0.0,0.0,0.0,10000
5,PROGRAMME_ONLY,50000,S1,健康宣教,0.0,0.0,8745767323.86965,10000
5,PROGRAMME_ONLY,50000,S2,社区健身,0.0313,0.0017412728103315689,24169545159.485146,10000
5,PROGRAMME_ONLY,50000,S3,公共健身设施,0.0013,0.00036032069049667407,14656874217.206335,10000
5,PROGRAMME_ONLY,50000,S4,体卫融合,0.6763,0.0046788706970806535,46411038559.053566,10000
5,PROGRAMME_ONLY,50000,S5,智慧健身,0.0161,0.0012586020022231014,22353195014.499958,10000
5,PROGRAMME_ONLY,50000,S6,综合政策,0.275,0.004465142774872938,37441688990.69377,10000
5,PROGRAMME_ONLY,52500,S0,动态基线,0.0,0.0,0.0,10000
5,PROGRAMME_ONLY,52500,S1,健康宣教,0.0,0.0,9224897932.944208,10000
5,PROGRAMME_ONLY,52500,S2,社区健身,0.0312,0.0017385787298825441,25612843806.477688,10000
5,PROGRAMME_ONLY,52500,S3,公共健身设施,0.0015,0.0003870077518603471,15835016025.302925,10000
5,PROGRAMME_ONLY,52500,S4,体卫融合,0.663,0.004726848844632119,48812656717.35632,10000
5,PROGRAMME_ONLY,52500,S5,智慧健身,0.0156,0.001239219108955313,23514302514.53705,10000
5,PROGRAMME_ONLY,52500,S6,综合政策,0.2887,0.004531581512011011,40135686448.62556,10000
5,PROGRAMME_ONLY,55000,S0,动态基线,0.0,0.0,0.0,10000
5,PROGRAMME_ONLY,55000,S1,健康宣教,0.0,0.0,9704028542.018768,10000
5,PROGRAMME_ONLY,55000,S2,社区健身,0.0314,0.0017439621555526941,27056142453.470226,10000
5,PROGRAMME_ONLY,55000,S3,公共健身设施,0.0014,0.0003739037309254884,17013157833.399513,10000
5,PROGRAMME_ONLY,55000,S4,体卫融合,0.6531,0.004759836026587471,51214274875.65908,10000
5,PROGRAMME_ONLY,55000,S5,智慧健身,0.0147,0.001203491171550502,24675410014.574154,10000
5,PROGRAMME_ONLY,55000,S6,综合政策,0.2994,0.004579952401499387,42829683906.55734,10000
5,PROGRAMME_ONLY,57500,S0,动态基线,0.0,0.0,0.0,10000
5,PROGRAMME_ONLY,57500,S1,健康宣教,0.0,0.0,10183159151.093328,10000
5,PROGRAMME_ONLY,57500,S2,社区健身,0.0316,0.0017493267276298045,28499441100.46277,10000
5,PROGRAMME_ONLY,57500,S3,公共健身设施,0.0016,0.0003996798718974975,18191299641.4961,10000
5,PROGRAMME_ONLY,57500,S4,体卫融合,0.6414,0.004795894494252349,53615893033.96184,10000
5,PROGRAMME_ONLY,57500,S5,智慧健身,0.0143,0.0011872451305438149,25836517514.61125,10000
5,PROGRAMME_ONLY,57500,S6,综合政策,0.3111,0.004629436142771601,45523681364.48913,10000
5,PROGRAMME_ONLY,60000,S0,动态基线,0.0,0.0,0.0,10000
5,PROGRAMME_ONLY,60000,S1,健康宣教,0.0,0.0,10662289760.167885,10000
5,PROGRAMME_ONLY,60000,S2,社区健身,0.0321,0.0017626568015356816,29942739747.455307,10000
5,PROGRAMME_ONLY,60000,S3,公共健身设施,0.0015,0.0003870077518603471,19369441449.59269,10000
5,PROGRAMME_ONLY,60000,S4,体卫融合,0.6297,0.004828849863062631,56017511192.2646,10000
5,PROGRAMME_ONLY,60000,S5,智慧健身,0.0138,0.0011666001885821894,26997625014.64835,10000
5,PROGRAMME_ONLY,60000,S6,综合政策,0.3229,0.004675848479153276,48217678822.42091,10000
5,PROGRAMME_ONLY,62500,S0,动态基线,0.0,0.0,0.0,10000
5,PROGRAMME_ONLY,62500,S1,健康宣教,0.0,0.0,11141420369.242445,10000
5,PROGRAMME_ONLY,62500,S2,社区健身,0.0317,0.0017520019977157561,31386038394.44785,10000
5,PROGRAMME_ONLY,62500,S3,公共健身设施,0.0015,0.0003870077518603471,20547583257.68928,10000
5,PROGRAMME_ONLY,62500,S4,体卫融合,0.6209,0.004851630550649956,58419129350.56735,10000
5,PROGRAMME_ONLY,62500,S5,智慧健身,0.0135,0.0011540255629751016,28158732514.68545,10000
5,PROGRAMME_ONLY,62500,S6,综合政策,0.3324,0.004710734974502386,50911676280.3527,10000
5,PROGRAMME_ONLY,65000,S0,动态基线,0.0,0.0,0.0,10000
5,PROGRAMME_ONLY,65000,S1,健康宣教,0.0,0.0,11620550978.317003,10000
5,PROGRAMME_ONLY,65000,S2,社区健身,0.0314,0.0017439621555526941,32829337041.440388,10000
5,PROGRAMME_ONLY,65000,S3,公共健身设施,0.0013,0.00036032069049667407,21725725065.78587,10000
5,PROGRAMME_ONLY,65000,S4,体卫融合,0.6101,0.0048772737261712105,60820747508.8701,10000
5,PROGRAMME_ONLY,65000,S5,智慧健身,0.0131,0.0011370307823449636,29319840014.72255,10000
5,PROGRAMME_ONLY,65000,S6,综合政策,0.3441,0.0047507387846523405,53605673738.284485,10000
5,PROGRAMME_ONLY,67500,S0,动态基线,0.0,0.0,0.0,10000
5,PROGRAMME_ONLY,67500,S1,健康宣教,0.0,0.0,12099681587.391563,10000
5,PROGRAMME_ONLY,67500,S2,社区健身,0.0311,0.0017358798921584407,34272635688.432926,10000
5,PROGRAMME_ONLY,67500,S3,公共健身设施,0.0014,0.0003739037309254884,22903866873.882458,10000
5,PROGRAMME_ONLY,67500,S4,体卫融合,0.6015,0.004895893687571249,63222365667.17286,10000
5,PROGRAMME_ONLY,67500,S5,智慧健身,0.0126,0.0011154030661603904,30480947514.759644,10000
5,PROGRAMME_ONLY,67500,S6,综合政策,0.3534,0.004780255641699511,56299671196.21628,10000
5,PROGRAMME_ONLY,70000,S0,动态基线,0.0,0.0,0.0,10000
5,PROGRAMME_ONLY,70000,S1,健康宣教,0.0,0.0,12578812196.466122,10000
5,PROGRAMME_ONLY,70000,S2,社区健身,0.0304,0.0017168529348782324,35715934335.42547,10000
5,PROGRAMME_ONLY,70000,S3,公共健身设施,0.0015,0.0003870077518603471,24082008681.97905,10000
5,PROGRAMME_ONLY,70000,S4,体卫融合,0.5926,0.004913504248497196,65623983825.47561,10000
5,PROGRAMME_ONLY,70000,S5,智慧健身,0.0119,0.0010843611022164157,31642055014.796738,10000
5,PROGRAMME_ONLY,70000,S6,综合政策,0.3636,0.004810353833139513,58993668654.14805,10000
5,PROGRAMME_ONLY,72500,S0,动态基线,0.0,0.0,0.0,10000
5,PROGRAMME_ONLY,72500,S1,健康宣教,0.0,0.0,13057942805.540682,10000
5,PROGRAMME_ONLY,72500,S2,社区健身,0.0298,0.0017003517283197614,37159232982.418015,10000
5,PROGRAMME_ONLY,72500,S3,公共健身设施,0.0015,0.0003870077518603471,25260150490.075638,10000
5,PROGRAMME_ONLY,72500,S4,体卫融合,0.5844,0.0049282516169530145,68025601983.77837,10000
5,PROGRAMME_ONLY,72500,S5,智慧健身,0.0109,0.0010383250936002654,32803162514.833843,10000
5,PROGRAMME_ONLY,72500,S6,综合政策,0.3734,0.004837069774150462,61687666112.07985,10000
5,PROGRAMME_ONLY,75000,S0,动态基线,0.0,0.0,0.0,10000
5,PROGRAMME_ONLY,75000,S1,健康宣教,0.0,0.0,13537073414.615238,10000
5,PROGRAMME_ONLY,75000,S2,社区健身,0.0298,0.0017003517283197614,38602531629.41055,10000
5,PROGRAMME_ONLY,75000,S3,公共健身设施,0.0015,0.0003870077518603471,26438292298.17223,10000
5,PROGRAMME_ONLY,75000,S4,体卫融合,0.5777,0.004939258142676894,70427220142.08113,10000
5,PROGRAMME_ONLY,75000,S5,智慧健身,0.0103,0.0010096489488926337,33964270014.870937,10000
5,PROGRAMME_ONLY,75000,S6,综合政策,0.3807,0.004855589665529821,64381663570.01163,10000
5,PROGRAMME_ONLY,77500,S0,动态基线,0.0,0.0,0.0,10000
5,PROGRAMME_ONLY,77500,S1,健康宣教,0.0,0.0,14016204023.6898,10000
5,PROGRAMME_ONLY,77500,S2,社区健身,0.0293,0.0016864610876032686,40045830276.40308,10000
5,PROGRAMME_ONLY,77500,S3,公共健身设施,0.0016,0.0003996798718974975,27616434106.268814,10000
5,PROGRAMME_ONLY,77500,S4,体卫融合,0.5708,0.0049496197833773055,72828838300.38388,10000
5,PROGRAMME_ONLY,77500,S5,智慧健身,0.0096,0.0009750815350523257,35125377514.908035,10000
5,PROGRAMME_ONLY,77500,S6,综合政策,0.3887,0.004874549312500592,67075661027.94341,10000
5,PROGRAMME_ONLY,80000,S0,动态基线,0.0,0.0,0.0,10000
5,PROGRAMME_ONLY,80000,S1,健康宣教,0.0,0.0,14495334632.764357,10000
5,PROGRAMME_ONLY,80000,S2,社区健身,0.029,0.0016780643611018023,41489128923.39563,10000
5,PROGRAMME_ONLY,80000,S3,公共健身设施,0.0015,0.0003870077518603471,28794575914.365406,10000
5,PROGRAMME_ONLY,80000,S4,体卫融合,0.5626,0.00496065761769546,75230456458.68663,10000
5,PROGRAMME_ONLY,80000,S5,智慧健身,0.0095,0.0009700386590234432,36286485014.945145,10000
5,PROGRAMME_ONLY,80000,S6,综合政策,0.3974,0.004893600310609766,69769658485.8752,10000
5,PROGRAMME_ONLY,82500,S0,动态基线,0.0,0.0,0.0,10000
5,PROGRAMME_ONLY,82500,S1,健康宣教,0.0,0.0,14974465241.838919,10000
5,PROGRAMME_ONLY,82500,S2,社区健身,0.0286,0.0016667945284287442,42932427570.38817,10000
5,PROGRAMME_ONLY,82500,S3,公共健身设施,0.0014,0.0003739037309254884,29972717722.461994,10000
5,PROGRAMME_ONLY,82500,S4,体卫融合,0.5549,0.004969768505675088,77632074616.9894,10000
5,PROGRAMME_ONLY,82500,S5,智慧健身,0.0093,0.0009598703037389999,37447592514.98224,10000
5,PROGRAMME_ONLY,82500,S6,综合政策,0.4058,0.004910461892734736,72463655943.80698,10000
5,PROGRAMME_ONLY,85000,S0,动态基线,0.0,0.0,0.0,10000
5,PROGRAMME_ONLY,85000,S1,健康宣教,0.0,0.0,15453595850.913475,10000
5,PROGRAMME_ONLY,85000,S2,社区健身,0.0283,0.0016582855604509136,44375726217.380714,10000
5,PROGRAMME_ONLY,85000,S3,公共健身设施,0.0013,0.00036032069049667407,31150859530.558582,10000
5,PROGRAMME_ONLY,85000,S4,体卫融合,0.5499,0.0049750375877977045,80033692775.29214,10000
5,PROGRAMME_ONLY,85000,S5,智慧健身,0.0089,0.0009391906089820107,38608700015.01934,10000
5,PROGRAMME_ONLY,85000,S6,综合政策,0.4116,0.004921233991591946,75157653401.73877,10000
5,PROGRAMME_ONLY,87500,S0,动态基线,0.0,0.0,0.0,10000
5,PROGRAMME_ONLY,87500,S1,健康宣教,0.0,0.0,15932726459.988035,10000
5,PROGRAMME_ONLY,87500,S2,社区健身,0.0278,0.0016439939172636863,45819024864.37325,10000
5,PROGRAMME_ONLY,87500,S3,公共健身设施,0.0013,0.00036032069049667407,32329001338.655174,10000
5,PROGRAMME_ONLY,87500,S4,体卫融合,0.5438,0.00498077865398574,82435310933.59492,10000
5,PROGRAMME_ONLY,87500,S5,智慧健身,0.0087,0.0009286716319560968,39769807515.056435,10000
5,PROGRAMME_ONLY,87500,S6,综合政策,0.4184,0.0049329650312970996,77851650859.67055,10000
5,PROGRAMME_ONLY,90000,S0,动态基线,0.0,0.0,0.0,10000
5,PROGRAMME_ONLY,90000,S1,健康宣教,0.0,0.0,16411857069.062593,10000
5,PROGRAMME_ONLY,90000,S2,社区健身,0.0273,0.001629561597485655,47262323511.36578,10000
5,PROGRAMME_ONLY,90000,S3,公共健身设施,0.0013,0.00036032069049667407,33507143146.751762,10000
5,PROGRAMME_ONLY,90000,S4,体卫融合,0.537,0.004986291206899172,84836929091.89767,10000
5,PROGRAMME_ONLY,90000,S5,智慧健身,0.0085,0.0009180277773575264,40930915015.09354,10000
5,PROGRAMME_ONLY,90000,S6,综合政策,0.4259,0.004944787053048898,80545648317.60236,10000
5,PROGRAMME_ONLY,92500,S0,动态基线,0.0,0.0,0.0,10000
5,PROGRAMME_ONLY,92500,S1,健康宣教,0.0,0.0,16890987678.137154,10000
5,PROGRAMME_ONLY,92500,S2,社区健身,0.0273,0.001629561597485655,48705622158.35833,10000
5,PROGRAMME_ONLY,92500,S3,公共健身设施,0.0012,0.00034620225302559775,34685284954.84835,10000
5,PROGRAMME_ONLY,92500,S4,体卫融合,0.5319,0.0049898135235697935,87238547250.20042,10000
5,PROGRAMME_ONLY,92500,S5,智慧健身,0.0084,0.0009126576576131929,42092022515.13064,10000
5,PROGRAMME_ONLY,92500,S6,综合政策,0.4312,0.004952439398922515,83239645775.53412,10000
5,PROGRAMME_ONLY,95000,S0,动态基线,0.0,0.0,0.0,10000
5,PROGRAMME_ONLY,95000,S1,健康宣教,0.0,0.0,17370118287.21171,10000
5,PROGRAMME_ONLY,95000,S2,社区健身,0.0274,0.0016324594941376034,50148920805.350876,10000
5,PROGRAMME_ONLY,95000,S3,公共健身设施,0.0013,0.00036032069049667407,35863426762.94494,10000
5,PROGRAMME_ONLY,95000,S4,体卫融合,0.5269,0.0049927586562941335,89640165408.50319,10000
5,PROGRAMME_ONLY,95000,S5,智慧健身,0.0083,0.000907254650029417,43253130015.16774,10000
5,PROGRAMME_ONLY,95000,S6,综合政策,0.4361,0.004958999798346437,85933643233.4659,10000
5,PROGRAMME_ONLY,97500,S0,动态基线,0.0,0.0,0.0,10000
5,PROGRAMME_ONLY,97500,S1,健康宣教,0.0,0.0,17849248896.28627,10000
5,PROGRAMME_ONLY,97500,S2,社区健身,0.0271,0.0016237484411077967,51592219452.343414,10000
5,PROGRAMME_ONLY,97500,S3,公共健身设施,0.0013,0.00036032069049667407,37041568571.04153,10000
5,PROGRAMME_ONLY,97500,S4,体卫融合,0.5222,0.00499506916869026,92041783566.80592,10000
5,PROGRAMME_ONLY,97500,S5,智慧健身,0.0081,0.0008963475888292443,44414237515.204834,10000
5,PROGRAMME_ONLY,97500,S6,综合政策,0.4413,0.004965423546889026,88627640691.3977,10000
5,PROGRAMME_ONLY,100000,S0,动态基线,0.0,0.0,0.0,10000
5,PROGRAMME_ONLY,100000,S1,健康宣教,0.0,0.0,18328379505.360832,10000
5,PROGRAMME_ONLY,100000,S2,社区健身,0.0271,0.0016237484411077967,53035518099.33595,10000
5,PROGRAMME_ONLY,100000,S3,公共健身设施,0.0015,0.0003870077518603471,38219710379.13812,10000
5,PROGRAMME_ONLY,100000,S4,体卫融合,0.5175,0.0049969365615344765,94443401725.1087,10000
5,PROGRAMME_ONLY,100000,S5,智慧健身,0.008,0.0008908422980528036,45575345015.24193,10000
5,PROGRAMME_ONLY,100000,S6,综合政策,0.4459,0.004970645732699123,91321638149.32947,10000
5,PROGRAMME_ONLY,102500,S0,动态基线,0.0,0.0,0.0,10000
5,PROGRAMME_ONLY,102500,S1,健康宣教,0.0,0.0,18807510114.435387,10000
5,PROGRAMME_ONLY,102500,S2,社区健身,0.0268,0.0016149848296501117,54478816746.32849,10000
5,PROGRAMME_ONLY,102500,S3,公共健身设施,0.0015,0.0003870077518603471,39397852187.23471,10000
5,PROGRAMME_ONLY,102500,S4,体卫融合,0.514,0.004998039615689336,96845019883.41145,10000
5,PROGRAMME_ONLY,102500,S5,智慧健身,0.0078,0.000879724957017817,46736452515.27903,10000
5,PROGRAMME_ONLY,102500,S6,综合政策,0.4499,0.004974836580230551,94015635607.26126,10000
5,PROGRAMME_ONLY,105000,S0,动态基线,0.0,0.0,0.0,10000
5,PROGRAMME_ONLY,105000,S1,健康宣教,0.0,0.0,19286640723.50995,10000
5,PROGRAMME_ONLY,105000,S2,社区健身,0.0265,0.0016061677994530959,55922115393.32104,10000
5,PROGRAMME_ONLY,105000,S3,公共健身设施,0.0015,0.0003870077518603471,40575993995.3313,10000
5,PROGRAMME_ONLY,105000,S4,体卫融合,0.5097,0.004999059011454056,99246638041.7142,10000
5,PROGRAMME_ONLY,105000,S5,智慧健身,0.0077,0.0008741115489455566,47897560015.316124,10000
5,PROGRAMME_ONLY,105000,S6,综合政策,0.4546,0.004979345740155025,96709633065.19305,10000
5,PROGRAMME_ONLY,107500,S0,动态基线,0.0,0.0,0.0,10000
5,PROGRAMME_ONLY,107500,S1,健康宣教,0.0,0.0,19765771332.584507,10000
5,PROGRAMME_ONLY,107500,S2,社区健身,0.0266,0.0016091127990293284,57365414040.313576,10000
5,PROGRAMME_ONLY,107500,S3,公共健身设施,0.0016,0.0003996798718974975,41754135803.42789,10000
5,PROGRAMME_ONLY,107500,S4,体卫融合,0.5057,0.004999675089443313,101648256200.01697,10000
5,PROGRAMME_ONLY,107500,S5,智慧健身,0.0076,0.0008684607072285999,49058667515.353226,10000
5,PROGRAMME_ONLY,107500,S6,综合政策,0.4585,0.004982747735938475,99403630523.12483,10000
5,PROGRAMME_ONLY,110000,S0,动态基线,0.0,0.0,0.0,10000
5,PROGRAMME_ONLY,110000,S1,健康宣教,0.0,0.0,20244901941.659065,10000
5,PROGRAMME_ONLY,110000,S2,社区健身,0.0262,0.0015972964659073156,58808712687.306114,10000
5,PROGRAMME_ONLY,110000,S3,公共健身设施,0.0016,0.0003996798718974975,42932277611.524475,10000
5,PROGRAMME_ONLY,110000,S4,体卫融合,0.5023,0.004999947099720156,104049874358.31972,10000
5,PROGRAMME_ONLY,110000,S5,智慧健身,0.0075,0.0008627716963368698,50219775015.39033,10000
5,PROGRAMME_ONLY,110000,S6,综合政策,0.4624,0.004985842356111954,102097627981.05663,10000
5,PROGRAMME_ONLY,112500,S0,动态基线,0.0,0.0,0.0,10000
5,PROGRAMME_ONLY,112500,S1,健康宣教,0.0,0.0,20724032550.733627,10000
5,PROGRAMME_ONLY,112500,S2,社区健身,0.0257,0.0015823877527331915,60252011334.29865,10000
5,PROGRAMME_ONLY,112500,S3,公共健身设施,0.0016,0.0003996798718974975,44110419419.62106,10000
5,PROGRAMME_ONLY,112500,S4,体卫融合,0.4991,0.004999991899993439,106451492516.62248,10000
5,PROGRAMME_ONLY,112500,S5,智慧健身,0.0074,0.0008570437561758443,51380882515.42742,10000
5,PROGRAMME_ONLY,112500,S6,综合政策,0.4662,0.004988562518401469,104791625438.9884,10000
5,PROGRAMME_ONLY,115000,S0,动态基线,0.0,0.0,0.0,10000
5,PROGRAMME_ONLY,115000,S1,健康宣教,0.0,0.0,21203163159.808186,10000
5,PROGRAMME_ONLY,115000,S2,社区健身,0.0256,0.0015793872229443926,61695309981.2912,10000
5,PROGRAMME_ONLY,115000,S3,公共健身设施,0.0016,0.0003996798718974975,45288561227.71765,10000
5,PROGRAMME_ONLY,115000,S4,体卫融合,0.496,0.004999839997439918,108853110674.92523,10000
5,PROGRAMME_ONLY,115000,S5,智慧健身,0.0073,0.0008512761009214343,52541990015.464516,10000
5,PROGRAMME_ONLY,115000,S6,综合政策,0.4695,0.004990688830211717,107485622896.9202,10000
5,PROGRAMME_ONLY,117500,S0,动态基线,0.0,0.0,0.0,10000
5,PROGRAMME_ONLY,117500,S1,健康宣教,0.0,0.0,21682293768.882744,10000
5,PROGRAMME_ONLY,117500,S2,社区健身,0.0258,0.001585381972901168,63138608628.28374,10000
5,PROGRAMME_ONLY,117500,S3,公共健身设施,0.0015,0.0003870077518603471,46466703035.81425,10000
5,PROGRAMME_ONLY,117500,S4,体卫融合,0.4912,0.004999225540021174,111254728833.228,10000
5,PROGRAMME_ONLY,117500,S5,智慧健身,0.0072,0.0008454679177828097,53703097515.501625,10000
5,PROGRAMME_ONLY,117500,S6,综合政策,0.4743,0.0049933907317573295,110179620354.85197,10000
5,PROGRAMME_ONLY,120000,S0,动态基线,0.0,0.0,0.0,10000
5,PROGRAMME_ONLY,120000,S1,健康宣教,0.0,0.0,22161424377.9573,10000
5,PROGRAMME_ONLY,120000,S2,社区健身,0.026,0.0015913516267626084,64581907275.276276,10000
5,PROGRAMME_ONLY,120000,S3,公共健身设施,0.0015,0.0003870077518603471,47644844843.91083,10000
5,PROGRAMME_ONLY,120000,S4,体卫融合,0.4878,0.004998511378400574,113656346991.53075,10000
5,PROGRAMME_ONLY,120000,S5,智慧健身,0.0072,0.0008454679177828097,54864205015.53873,10000
5,PROGRAMME_ONLY,120000,S6,综合政策,0.4775,0.00499493493451116,112873617812.78375,10000
5,PROGRAMME_ONLY,122500,S0,动态基线,0.0,0.0,0.0,10000
5,PROGRAMME_ONLY,122500,S1,健康宣教,0.0,0.0,22640554987.031864,10000
5,PROGRAMME_ONLY,122500,S2,社区健身,0.0256,0.0015793872229443926,66025205922.26882,10000
5,PROGRAMME_ONLY,122500,S3,公共健身设施,0.0016,0.0003996798718974975,48822986652.00742,10000
5,PROGRAMME_ONLY,122500,S4,体卫融合,0.4851,0.004997779406896627,116057965149.8335,10000
5,PROGRAMME_ONLY,122500,S5,智慧健身,0.0072,0.0008454679177828097,56025312515.57583,10000
5,PROGRAMME_ONLY,122500,S6,综合政策,0.4805,0.004996196052998721,115567615270.71555,10000
5,PROGRAMME_ONLY,125000,S0,动态基线,0.0,0.0,0.0,10000
5,PROGRAMME_ONLY,125000,S1,健康宣教,0.0,0.0,23119685596.10642,10000
5,PROGRAMME_ONLY,125000,S2,社区健身,0.0255,0.0015763803475050049,67468504569.26135,10000
5,PROGRAMME_ONLY,125000,S3,公共健身设施,0.0014,0.0003739037309254884,50001128460.10401,10000
5,PROGRAMME_ONLY,125000,S4,体卫融合,0.4821,0.00499679487271591,118459583308.13625,10000
5,PROGRAMME_ONLY,125000,S5,智慧健身,0.007,0.0008337265738837884,57186420015.61292,10000
5,PROGRAMME_ONLY,125000,S6,综合政策,0.484,0.004997439344304241,118261612728.64732,10000
5,PROGRAMME_ONLY,127500,S0,动态基线,0.0,0.0,0.0,10000
5,PROGRAMME_ONLY,127500,S1,健康宣教,0.0,0.0,23598816205.18098,10000
5,PROGRAMME_ONLY,127500,S2,社区健身,0.0254,0.0015733670900333462,68911803216.2539,10000
5,PROGRAMME_ONLY,127500,S3,公共健身设施,0.0014,0.0003739037309254884,51179270268.2006,10000
5,PROGRAMME_ONLY,127500,S4,体卫融合,0.4789,0.004995545916113673,120861201466.43903,10000
5,PROGRAMME_ONLY,127500,S5,智慧健身,0.007,0.0008337265738837884,58347527515.650024,10000
5,PROGRAMME_ONLY,127500,S6,综合政策,0.4873,0.004998386839771407,120955610186.57913,10000
5,PROGRAMME_ONLY,130000,S0,动态基线,0.0,0.0,0.0,10000
5,PROGRAMME_ONLY,130000,S1,健康宣教,0.0,0.0,24077946814.25554,10000
5,PROGRAMME_ONLY,130000,S2,社区健身,0.0251,0.0015642886562268487,70355101863.24644,10000
5,PROGRAMME_ONLY,130000,S3,公共健身设施,0.0013,0.00036032069049667407,52357412076.29719,10000
5,PROGRAMME_ONLY,130000,S4,体卫融合,0.4771,0.004994753147053416,123262819624.74178,10000
5,PROGRAMME_ONLY,130000,S5,智慧健身,0.0069,0.0008277916404506632,59508635015.687126,10000
5,PROGRAMME_ONLY,130000,S6,综合政策,0.4896,0.004998918282988831,123649607644.5109,10000
5,PROGRAMME_ONLY,132500,S0,动态基线,0.0,0.0,0.0,10000
5,PROGRAMME_ONLY,132500,S1,健康宣教,0.0,0.0,24557077423.3301,10000
5,PROGRAMME_ONLY,132500,S2,社区健身,0.0249,0.0015582037735803363,71798400510.23897,10000
5,PROGRAMME_ONLY,132500,S3,公共健身设施,0.0013,0.00036032069049667407,53535553884.39378,10000
5,PROGRAMME_ONLY,132500,S4,体卫融合,0.4744,0.004993442099393964,125664437783.04453,10000
5,PROGRAMME_ONLY,132500,S5,智慧健身,0.0069,0.0008277916404506632,60669742515.72423,10000
5,PROGRAMME_ONLY,132500,S6,综合政策,0.4925,0.004999437468355815,126343605102.4427,10000
5,PROGRAMME_ONLY,135000,S0,动态基线,0.0,0.0,0.0,10000
5,PROGRAMME_ONLY,135000,S1,健康宣教,0.0,0.0,25036208032.404655,10000
5,PROGRAMME_ONLY,135000,S2,社区健身,0.025,0.0015612494995995996,73241699157.23152,10000
5,PROGRAMME_ONLY,135000,S3,公共健身设施,0.0013,0.00036032069049667407,54713695692.49037,10000
5,PROGRAMME_ONLY,135000,S4,体卫融合,0.4717,0.004991984675457248,128066055941.3473,10000
5,PROGRAMME_ONLY,135000,S5,智慧健身,0.0067,0.0008157885755512883,61830850015.761314,10000
5,PROGRAMME_ONLY,135000,S6,综合政策,0.4953,0.004999779095120103,129037602560.37448,10000
5,PROGRAMME_ONLY,137500,S0,动态基线,0.0,0.0,0.0,10000
5,PROGRAMME_ONLY,137500,S1,健康宣教,0.0,0.0,25515338641.479218,10000
5,PROGRAMME_ONLY,137500,S2,社区健身,0.0248,0.001555151439571079,74684997804.22404,10000
5,PROGRAMME_ONLY,137500,S3,公共健身设施,0.0013,0.00036032069049667407,55891837500.58696,10000
5,PROGRAMME_ONLY,137500,S4,体卫融合,0.4693,0.004990566200342402,130467674099.65005,10000
5,PROGRAMME_ONLY,137500,S5,智慧健身,0.0067,0.0008157885755512883,62991957515.798416,10000
5,PROGRAMME_ONLY,137500,S6,综合政策,0.4979,0.004999955899805517,131731600018.30627,10000
5,PROGRAMME_ONLY,140000,S0,动态基线,0.0,0.0,0.0,10000
5,PROGRAMME_ONLY,140000,S1,健康宣教,0.0,0.0,25994469250.553776,10000
5,PROGRAMME_ONLY,140000,S2,社区健身,0.0247,0.00155209245858615,76128296451.2166,10000
5,PROGRAMME_ONLY,140000,S3,公共健身设施,0.0013,0.00036032069049667407,57069979308.68355,10000
5,PROGRAMME_ONLY,140000,S4,体卫融合,0.4664,0.004988697625633367,132869292257.9528,10000
5,PROGRAMME_ONLY,140000,S5,智慧健身,0.0065,0.0008036012692872006,64153065015.83551,10000
5,PROGRAMME_ONLY,140000,S6,综合政策,0.5011,0.004999987899985359,134425597476.23805,10000
5,PROGRAMME_ONLY,142500,S0,动态基线,0.0,0.0,0.0,10000
5,PROGRAMME_ONLY,142500,S1,健康宣教,0.0,0.0,26473599859.628334,10000
5,PROGRAMME_ONLY,142500,S2,社区健身,0.0245,0.0015459543977750442,77571595098.20915,10000
5,PROGRAMME_ONLY,142500,S3,公共健身设施,0.0013,0.00036032069049667407,58248121116.780136,10000
5,PROGRAMME_ONLY,142500,S4,体卫融合,0.4647,0.004987523533779064,135270910416.25555,10000
5,PROGRAMME_ONLY,142500,S5,智慧健身,0.0062,0.0007849560497250785,65314172515.87261,10000
5,PROGRAMME_ONLY,142500,S6,综合政策,0.5033,0.004999891098814053,137119594934.16985,10000
5,PROGRAMME_ONLY,145000,S0,动态基线,0.0,0.0,0.0,10000
5,PROGRAMME_ONLY,145000,S1,健康宣教,0.0,0.0,26952730468.702892,10000
5,PROGRAMME_ONLY,145000,S2,社区健身,0.0244,0.0015428752379891253,79014893745.20168,10000
5,PROGRAMME_ONLY,145000,S3,公共健身设施,0.0013,0.00036032069049667407,59426262924.876724,10000
5,PROGRAMME_ONLY,145000,S4,体卫融合,0.463,0.004986291206899172,137672528574.5583,10000
5,PROGRAMME_ONLY,145000,S5,智慧健身,0.0062,0.0007849560497250785,66475280015.90971,10000
5,PROGRAMME_ONLY,145000,S6,综合政策,0.5051,0.004999739893234447,139813592392.10165,10000
5,PROGRAMME_ONLY,147500,S0,动态基线,0.0,0.0,0.0,10000
5,PROGRAMME_ONLY,147500,S1,健康宣教,0.0,0.0,27431861077.777454,10000
5,PROGRAMME_ONLY,147500,S2,社区健身,0.0243,0.0015397892712965629,80458192392.19421,10000
5,PROGRAMME_ONLY,147500,S3,公共健身设施,0.0013,0.00036032069049667407,60604404732.97333,10000
5,PROGRAMME_ONLY,147500,S4,体卫融合,0.4602,0.004984134428363665,140074146732.86105,10000
5,PROGRAMME_ONLY,147500,S5,智慧健身,0.0061,0.0007786391975748459,67636387515.946815,10000
5,PROGRAMME_ONLY,147500,S6,综合政策,0.5081,0.00499934385694763,142507589850.0334,10000
5,PROGRAMME_ONLY,150000,S0,动态基线,0.0,0.0,0.0,10000
5,PROGRAMME_ONLY,150000,S1,健康宣教,0.0,0.0,27910991686.852013,10000
5,PROGRAMME_ONLY,150000,S2,社区健身,0.0243,0.0015397892712965629,81901491039.18675,10000
5,PROGRAMME_ONLY,150000,S3,公共健身设施,0.0013,0.00036032069049667407,61782546541.0699,10000
5,PROGRAMME_ONLY,150000,S4,体卫融合,0.4585,0.004982747735938475,142475764891.1638,10000
5,PROGRAMME_ONLY,150000,S5,智慧健身,0.0061,0.0007786391975748459,68797495015.98393,10000
5,PROGRAMME_ONLY,150000,S6,综合政策,0.5098,0.004999039507745463,145201587307.9652,10000
5,PROGRAMME_ONLY,152500,S0,动态基线,0.0,0.0,0.0,10000
5,PROGRAMME_ONLY,152500,S1,健康宣教,0.0,0.0,28390122295.926575,10000
5,PROGRAMME_ONLY,152500,S2,社区健身,0.0241,0.001533596752735216,83344789686.1793,10000
5,PROGRAMME_ONLY,152500,S3,公共健身设施,0.0014,0.0003739037309254884,62960688349.1665,10000
5,PROGRAMME_ONLY,152500,S4,体卫融合,0.456,0.004980602373207482,144877383049.4666,10000
5,PROGRAMME_ONLY,152500,S5,智慧健身,0.006,0.0007722693830523129,69958602516.021,10000
5,PROGRAMME_ONLY,152500,S6,综合政策,0.5125,0.0049984372557830515,147895584765.89697,10000
5,PROGRAMME_ONLY,155000,S0,动态基线,0.0,0.0,0.0,10000
5,PROGRAMME_ONLY,155000,S1,健康宣教,0.0,0.0,28869252905.001125,10000
5,PROGRAMME_ONLY,155000,S2,社区健身,0.024,0.0015304901175767194,84788088333.17184,10000
5,PROGRAMME_ONLY,155000,S3,公共健身设施,0.0014,0.0003739037309254884,64138830157.263084,10000
5,PROGRAMME_ONLY,155000,S4,体卫融合,0.4545,0.004979254462266414,147279001207.76935,10000
5,PROGRAMME_ONLY,155000,S5,智慧健身,0.006,0.0007722693830523129,71119710016.0581,10000
5,PROGRAMME_ONLY,155000,S6,综合政策,0.5141,0.0049980115045886,150589582223.82874,10000
5,PROGRAMME_ONLY,157500,S0,动态基线,0.0,0.0,0.0,10000
5,PROGRAMME_ONLY,157500,S1,健康宣教,0.0,0.0,29348383514.075687,10000
5,PROGRAMME_ONLY,157500,S2,社区健身,0.024,0.0015304901175767194,86231386980.16437,10000
5,PROGRAMME_ONLY,157500,S3,公共健身设施,0.0014,0.0003739037309254884,65316971965.35967,10000
5,PROGRAMME_ONLY,157500,S4,体卫融合,0.4526,0.004977481692583108,149680619366.0721,10000
5,PROGRAMME_ONLY,157500,S5,智慧健身,0.0059,0.000765845284636525,72280817516.0952,10000
5,PROGRAMME_ONLY,157500,S6,综合政策,0.5161,0.0049974072277532075,153283579681.76056,10000
5,PROGRAMME_ONLY,160000,S0,动态基线,0.0,0.0,0.0,10000
5,PROGRAMME_ONLY,160000,S1,健康宣教,0.0,0.0,29827514123.15025,10000
5,PROGRAMME_ONLY,160000,S2,社区健身,0.024,0.0015304901175767194,87674685627.1569,10000
5,PROGRAMME_ONLY,160000,S3,公共健身设施,0.0014,0.0003739037309254884,66495113773.45626,10000
5,PROGRAMME_ONLY,160000,S4,体卫融合,0.4508,0.004975734719616792,152082237524.37485,10000
5,PROGRAMME_ONLY,160000,S5,智慧健身,0.0059,0.000765845284636525,73441925016.1323,10000
5,PROGRAMME_ONLY,160000,S6,综合政策,0.5179,0.00499679487271591,155977577139.69232,10000
5,PROGRAMME_ONLY,162500,S0,动态基线,0.0,0.0,0.0,10000
5,PROGRAMME_ONLY,162500,S1,健康宣教,0.0,0.0,30306644732.224808,10000
5,PROGRAMME_ONLY,162500,S2,社区健身,0.0238,0.0015242558840299748,89117984274.14946,10000
5,PROGRAMME_ONLY,162500,S3,公共健身设施,0.0014,0.0003739037309254884,67673255581.55285,10000
5,PROGRAMME_ONLY,162500,S4,体卫融合,0.4488,0.004973716517856642,154483855682.6776,10000
5,PROGRAMME_ONLY,162500,S5,智慧健身,0.0059,0.000765845284636525,74603032516.1694,10000
5,PROGRAMME_ONLY,162500,S6,综合政策,0.5201,0.004995958266438982,158671574597.6241,10000
5,PROGRAMME_ONLY,165000,S0,动态基线,0.0,0.0,0.0,10000
5,PROGRAMME_ONLY,165000,S1,健康宣教,0.0,0.0,30785775341.299362,10000
5,PROGRAMME_ONLY,165000,S2,社区健身,0.0238,0.0015242558840299748,90561282921.142,10000
5,PROGRAMME_ONLY,165000,S3,公共健身设施,0.0014,0.0003739037309254884,68851397389.64944,10000
5,PROGRAMME_ONLY,165000,S4,体卫融合,0.4466,0.004971402618979879,156885473840.98035,10000
5,PROGRAMME_ONLY,165000,S5,智慧健身,0.0059,0.000765845284636525,75764140016.2065,10000
5,PROGRAMME_ONLY,165000,S6,综合政策,0.5223,0.0049950246245639264,161365572055.5559,10000
5,PROGRAMME_ONLY,167500,S0,动态基线,0.0,0.0,0.0,10000
5,PROGRAMME_ONLY,167500,S1,健康宣教,0.0,0.0,31264905950.373924,10000
5,PROGRAMME_ONLY,167500,S2,社区健身,0.0237,0.0015211281997254537,92004581568.13455,10000
5,PROGRAMME_ONLY,167500,S3,公共健身设施,0.0014,0.0003739037309254884,70029539197.74602,10000
5,PROGRAMME_ONLY,167500,S4,体卫融合,0.4449,0.004969547162468628,159287091999.2831,10000
5,PROGRAMME_ONLY,167500,S5,智慧健身,0.0059,0.000765845284636525,76925247516.2436,10000
5,PROGRAMME_ONLY,167500,S6,综合政策,0.5241,0.004994188522673128,164059569513.48767,10000
5,PROGRAMME_ONLY,170000,S0,动态基线,0.0,0.0,0.0,10000
5,PROGRAMME_ONLY,170000,S1,健康宣教,0.0,0.0,31744036559.448483,10000
5,PROGRAMME_ONLY,170000,S2,社区健身,0.0236,0.0015179934123704228,93447880215.12708,10000
5,PROGRAMME_ONLY,170000,S3,公共健身设施,0.0014,0.0003739037309254884,71207681005.84262,10000
5,PROGRAMME_ONLY,170000,S4,体卫融合,0.4438,0.0049683152073917375,161688710157.58588,10000
5,PROGRAMME_ONLY,170000,S5,智慧健身,0.0058,0.0007593655246322419,78086355016.2807,10000
5,PROGRAMME_ONLY,170000,S6,综合政策,0.5254,0.004993544232306349,166753566971.41946,10000
5,PROGRAMME_ONLY,172500,S0,动态基线,0.0,0.0,0.0,10000
5,PROGRAMME_ONLY,172500,S1,健康宣教,0.0,0.0,32223167168.523045,10000
5,PROGRAMME_ONLY,172500,S2,社区健身,0.0235,0.001514851477868375,94891178862.11963,10000
5,PROGRAMME_ONLY,172500,S3,公共健身设施,0.0014,0.0003739037309254884,72385822813.93921,10000
5,PROGRAMME_ONLY,172500,S4,体卫融合,0.4422,0.0049664792358369925,164090328315.8886,10000
5,PROGRAMME_ONLY,172500,S5,智慧健身,0.0058,0.0007593655246322419,79247462516.31781,10000
5,PROGRAMME_ONLY,172500,S6,综合政策,0.5271,0.004992650498482745,169447564429.35126,10000
5,PROGRAMME_ONLY,175000,S0,动态基线,0.0,0.0,0.0,10000
5,PROGRAMME_ONLY,175000,S1,健康宣教,0.0,0.0,32702297777.5976,10000
5,PROGRAMME_ONLY,175000,S2,社区健身,0.0232,0.0015053823434596275,96334477509.11218,10000
5,PROGRAMME_ONLY,175000,S3,公共健身设施,0.0014,0.0003739037309254884,73563964622.0358,10000
5,PROGRAMME_ONLY,175000,S4,体卫融合,0.4408,0.004964829906451982,166491946474.1914,10000
5,PROGRAMME_ONLY,175000,S5,智慧健身,0.0057,0.0007528286657666537,80408570016.3549,10000
5,PROGRAMME_ONLY,175000,S6,综合政策,0.5289,0.004991640912565726,172141561887.28305,10000
5,PROGRAMME_ONLY,177500,S0,动态基线,0.0,0.0,0.0,10000
5,PROGRAMME_ONLY,177500,S1,健康宣教,0.0,0.0,33181428386.67216,10000
5,PROGRAMME_ONLY,177500,S2,社区健身,0.023,0.0014990330216509574,97777776156.1047,10000
5,PROGRAMME_ONLY,177500,S3,公共健身设施,0.0014,0.0003739037309254884,74742106430.13239,10000
5,PROGRAMME_ONLY,177500,S4,体卫融合,0.4388,0.004962404256003334,168893564632.49414,10000
5,PROGRAMME_ONLY,177500,S5,智慧健身,0.0057,0.0007528286657666537,81569677516.392,10000
5,PROGRAMME_ONLY,177500,S6,综合政策,0.5311,0.004990318526907877,174835559345.2148,10000
5,PROGRAMME_ONLY,180000,S0,动态基线,0.0,0.0,0.0,10000
5,PROGRAMME_ONLY,180000,S1,健康宣教,0.0,0.0,33660558995.74672,10000
5,PROGRAMME_ONLY,180000,S2,社区健身,0.0228,0.0014926540121541897,99221074803.09724,10000
5,PROGRAMME_ONLY,180000,S3,公共健身设施,0.0014,0.0003739037309254884,75920248238.22897,10000
5,PROGRAMME_ONLY,180000,S4,体卫融合,0.4371,0.0049602781172027035,171295182790.7969,10000
5,PROGRAMME_ONLY,180000,S5,智慧健身,0.0057,0.0007528286657666537,82730785016.4291,10000
5,PROGRAMME_ONLY,180000,S6,综合政策,0.533,0.004989098114890105,177529556803.1466,10000
5,PROGRAMME_ONLY,182500,S0,动态基线,0.0,0.0,0.0,10000
5,PROGRAMME_ONLY,182500,S1,健康宣教,0.0,0.0,34139689604.821274,10000
5,PROGRAMME_ONLY,182500,S2,社区健身,0.0228,0.0014926540121541897,100664373450.08977,10000
5,PROGRAMME_ONLY,182500,S3,公共健身设施,0.0014,0.0003739037309254884,77098390046.32558,10000
5,PROGRAMME_ONLY,182500,S4,体卫融合,0.4359,0.004958741675062334,173696800949.09964,10000
5,PROGRAMME_ONLY,182500,S5,智慧健身,0.0056,0.0007462332075162562,83891892516.4662,10000
5,PROGRAMME_ONLY,182500,S6,综合政策,0.5343,0.00498822122604842,180223554261.0784,10000
5,PROGRAMME_ONLY,185000,S0,动态基线,0.0,0.0,0.0,10000
5,PROGRAMME_ONLY,185000,S1,健康宣教,0.0,0.0,34618820213.895836,10000
5,PROGRAMME_ONLY,185000,S2,社区健身,0.0228,0.0014926540121541897,102107672097.08232,10000
5,PROGRAMME_ONLY,185000,S3,公共健身设施,0.0014,0.0003739037309254884,78276531854.42215,10000
5,PROGRAMME_ONLY,185000,S4,体卫融合,0.4338,0.004955981840160434,176098419107.4024,10000
5,PROGRAMME_ONLY,185000,S5,智慧健身,0.0056,0.0007462332075162562,85053000016.5033,10000
5,PROGRAMME_ONLY,185000,S6,综合政策,0.5364,0.004986732798135469,182917551719.01016,10000
5,PROGRAMME_ONLY,187500,S0,动态基线,0.0,0.0,0.0,10000
5,PROGRAMME_ONLY,187500,S1,健康宣教,0.0,0.0,35097950822.9704,10000
5,PROGRAMME_ONLY,187500,S2,社区健身,0.0228,0.0014926540121541897,103550970744.07484,10000
5,PROGRAMME_ONLY,187500,S3,公共健身设施,0.0014,0.0003739037309254884,79454673662.51875,10000
5,PROGRAMME_ONLY,187500,S4,体卫融合,0.433,0.004954906659060289,178500037265.70517,10000
5,PROGRAMME_ONLY,187500,S5,智慧健身,0.0056,0.0007462332075162562,86214107516.5404,10000
5,PROGRAMME_ONLY,187500,S6,综合政策,0.5372,0.004986142396683031,185611549176.94196,10000
5,PROGRAMME_ONLY,190000,S0,动态基线,0.0,0.0,0.0,10000
5,PROGRAMME_ONLY,190000,S1,健康宣教,0.0,0.0,35577081432.04496,10000
5,PROGRAMME_ONLY,190000,S2,社区健身,0.0226,0.0014862449327079303,104994269391.0674,10000
5,PROGRAMME_ONLY,190000,S3,公共健身设施,0.0014,0.0003739037309254884,80632815470.61534,10000
5,PROGRAMME_ONLY,190000,S4,体卫融合,0.4316,0.004952993438315864,180901655424.00793,10000
5,PROGRAMME_ONLY,190000,S5,智慧健身,0.0056,0.0007462332075162562,87375215016.5775,10000
5,PROGRAMME_ONLY,190000,S6,综合政策,0.5388,0.004984922868009093,188305546634.87375,10000
5,PROGRAMME_ONLY,192500,S0,动态基线,0.0,0.0,0.0,10000
5,PROGRAMME_ONLY,192500,S1,健康宣教,0.0,0.0,36056212041.119514,10000
5,PROGRAMME_ONLY,192500,S2,社区健身,0.0226,0.0014862449327079303,106437568038.05995,10000
5,PROGRAMME_ONLY,192500,S3,公共健身设施,0.0014,0.0003739037309254884,81810957278.71193,10000
5,PROGRAMME_ONLY,192500,S4,体卫融合,0.4305,0.004951461905336645,183303273582.31067,10000
5,PROGRAMME_ONLY,192500,S5,智慧健身,0.0056,0.0007462332075162562,88536322516.6146,10000
5,PROGRAMME_ONLY,192500,S6,综合政策,0.5399,0.0049840544740201225,190999544092.80554,10000
5,PROGRAMME_ONLY,195000,S0,动态基线,0.0,0.0,0.0,10000
5,PROGRAMME_ONLY,195000,S1,健康宣教,0.0,0.0,36535342650.19408,10000
5,PROGRAMME_ONLY,195000,S2,社区健身,0.0226,0.0014862449327079303,107880866685.05247,10000
5,PROGRAMME_ONLY,195000,S3,公共健身设施,0.0014,0.0003739037309254884,82989099086.80852,10000
5,PROGRAMME_ONLY,195000,S4,体卫融合,0.4294,0.004949905453642524,185704891740.61346,10000
5,PROGRAMME_ONLY,195000,S5,智慧健身,0.0056,0.0007462332075162562,89697430016.65169,10000
5,PROGRAMME_ONLY,195000,S6,综合政策,0.541,0.00498316164698678,193693541550.7373,10000
5,PROGRAMME_ONLY,197500,S0,动态基线,0.0,0.0,0.0,10000
5,PROGRAMME_ONLY,197500,S1,健康宣教,0.0,0.0,37014473259.26864,10000
5,PROGRAMME_ONLY,197500,S2,社区健身,0.0225,0.001483028994996389,109324165332.04503,10000
5,PROGRAMME_ONLY,197500,S3,公共健身设施,0.0014,0.0003739037309254884,84167240894.9051,10000
5,PROGRAMME_ONLY,197500,S4,体卫融合,0.4282,0.004948179059007465,188106509898.9162,10000
5,PROGRAMME_ONLY,197500,S5,智慧健身,0.0056,0.0007462332075162562,90858537516.6888,10000
5,PROGRAMME_ONLY,197500,S6,综合政策,0.5423,0.004982074969327539,196387539008.66913,10000
5,PROGRAMME_ONLY,200000,S0,动态基线,0.0,0.0,0.0,10000
5,PROGRAMME_ONLY,200000,S1,健康宣教,0.0,0.0,37493603868.34319,10000
5,PROGRAMME_ONLY,200000,S2,社区健身,0.0223,0.0014765740753514536,110767463979.03757,10000
5,PROGRAMME_ONLY,200000,S3,公共健身设施,0.0013,0.00036032069049667407,85345382703.0017,10000
5,PROGRAMME_ONLY,200000,S4,体卫融合,0.4274,0.004947011623192329,190508128057.21896,10000
5,PROGRAMME_ONLY,200000,S5,智慧健身,0.0056,0.0007462332075162562,92019645016.72589,10000
5,PROGRAMME_ONLY,200000,S6,综合政策,0.5434,0.004981128787734764,199081536466.6009,10000
5,PARTIAL_PUBLIC_PAYER,0,S0,动态基线,0.6109,0.004875460901289231,0.0,10000
5,PARTIAL_PUBLIC_PAYER,0,S1,健康宣教,0.0045,0.0006693093455196931,-581540198.0523279,10000
5,PARTIAL_PUBLIC_PAYER,0,S2,社区健身,0.0,0.0,-3926388952.713889,10000
5,PARTIAL_PUBLIC_PAYER,0,S3,公共健身设施,0.0,0.0,-8275205282.8582,10000
5,PARTIAL_PUBLIC_PAYER,0,S4,体卫融合,0.2326,0.004224893371435544,-336526836.3363129,10000
5,PARTIAL_PUBLIC_PAYER,0,S5,智慧健身,0.152,0.0035902089075706997,-246778355.84350234,10000
5,PARTIAL_PUBLIC_PAYER,0,S6,综合政策,0.0,0.0,-14998804051.581018,10000
5,PARTIAL_PUBLIC_PAYER,2500,S0,动态基线,0.0031,0.0005559127629403736,0.0,10000
5,PARTIAL_PUBLIC_PAYER,2500,S1,健康宣教,0.0065,0.0008036012692872006,-102409588.97776887,10000
5,PARTIAL_PUBLIC_PAYER,2500,S2,社区健身,0.0006,0.0002448754785600224,-2483090305.7213483,10000
5,PARTIAL_PUBLIC_PAYER,2500,S3,公共健身设施,0.0,0.0,-7097063474.761609,10000
5,PARTIAL_PUBLIC_PAYER,2500,S4,体卫融合,0.8183,0.0038559708245784223,2065091321.9664433,10000
5,PARTIAL_PUBLIC_PAYER,2500,S5,智慧健身,0.1715,0.0037694528780712992,914329144.1935965,10000
5,PARTIAL_PUBLIC_PAYER,2500,S6,综合政策,0.0,0.0,-12304806593.649231,10000
5,PARTIAL_PUBLIC_PAYER,5000,S0,动态基线,0.0,0.0,0.0,10000
5,PARTIAL_PUBLIC_PAYER,5000,S1,健康宣教,0.002,0.0004467661580737735,376721020.0967902,10000
5,PARTIAL_PUBLIC_PAYER,5000,S2,社区健身,0.0031,0.0005559127629403736,-1039791658.7288084,10000
5,PARTIAL_PUBLIC_PAYER,5000,S3,公共健身设施,0.0,0.0,-5918921666.66502,10000
5,PARTIAL_PUBLIC_PAYER,5000,S4,体卫融合,0.9032,0.002956852380488414,4466709480.2692,10000
5,PARTIAL_PUBLIC_PAYER,5000,S5,智慧健身,0.0915,0.002883188339321592,2075436644.2306952,10000
5,PARTIAL_PUBLIC_PAYER,5000,S6,综合政策,0.0002,0.00014140721339450828,-9610809135.717445,10000
5,PARTIAL_PUBLIC_PAYER,7500,S0,动态基线,0.0,0.0,0.0,10000
5,PARTIAL_PUBLIC_PAYER,7500,S1,健康宣教,0.0012,0.00034620225302559775,855851629.1713492,10000
5,PARTIAL_PUBLIC_PAYER,7500,S2,社区健身,0.0075,0.0008627716963368698,403506988.26373184,10000
5,PARTIAL_PUBLIC_PAYER,7500,S3,公共健身设施,0.0,0.0,-4740779858.568431,10000
5,PARTIAL_PUBLIC_PAYER,7500,S4,体卫融合,0.9246,0.0026403567940715893,6868327638.571957,10000
5,PARTIAL_PUBLIC_PAYER,7500,S5,智慧健身,0.066,0.002482820976228451,3236544144.2677946,10000
5,PARTIAL_PUBLIC_PAYER,7500,S6,综合政策,0.0007,0.00026448251359967073,-6916811677.78566,10000
5,PARTIAL_PUBLIC_PAYER,10000,S0,动态基线,0.0,0.0,0.0,10000
5,PARTIAL_PUBLIC_PAYER,10000,S1,健康宣教,0.0009,0.0002998649696113236,1334982238.2459083,10000
5,PARTIAL_PUBLIC_PAYER,10000,S2,社区健身,0.0131,0.0011370307823449636,1846805635.2562723,10000
5,PARTIAL_PUBLIC_PAYER,10000,S3,公共健身设施,0.0,0.0,-3562638050.4718423,10000
5,PARTIAL_PUBLIC_PAYER,10000,S4,体卫融合,0.9283,0.002579905230817597,9269945796.874712,10000
5,PARTIAL_PUBLIC_PAYER,10000,S5,智慧健身,0.0535,0.0022502833154960733,4397651644.3048935,10000
5,PARTIAL_PUBLIC_PAYER,10000,S6,综合政策,0.0042,0.0006467116822819887,-4222814219.853875,10000
5,PARTIAL_PUBLIC_PAYER,12500,S0,动态基线,0.0,0.0,0.0,10000
5,PARTIAL_PUBLIC_PAYER,12500,S1,健康宣教,0.0004,0.0001999599959991998,1814112847.3204672,10000
5,PARTIAL_PUBLIC_PAYER,12500,S2,社区健身,0.0177,0.0013185867434492128,3290104282.2488127,10000
5,PARTIAL_PUBLIC_PAYER,12500,S3,公共健身设施,0.0001,9.999499987499375e-05,-2384496242.3752527,10000
5,PARTIAL_PUBLIC_PAYER,12500,S4,体卫融合,0.9251,0.0026322991851231493,11671563955.17747,10000
5,PARTIAL_PUBLIC_PAYER,12500,S5,智慧健身,0.0463,0.00210134028657902,5558759144.341992,10000
5,PARTIAL_PUBLIC_PAYER,12500,S6,综合政策,0.0104,0.0010144870625099168,-1528816761.9220889,10000
5,PARTIAL_PUBLIC_PAYER,15000,S0,动态基线,0.0,0.0,0.0,10000
5,PARTIAL_PUBLIC_PAYER,15000,S1,健康宣教,0.0003,0.00017317909804592468,2293243456.3950267,10000
5,PARTIAL_PUBLIC_PAYER,15000,S2,社区健身,0.0211,0.0014371774420717854,4733402929.241353,10000
5,PARTIAL_PUBLIC_PAYER,15000,S3,公共健身设施,0.0002,0.00014140721339450828,-1206354434.2786634,10000
5,PARTIAL_PUBLIC_PAYER,15000,S4,体卫融合,0.9174,0.0027527666083415063,14073182113.480227,10000
5,PARTIAL_PUBLIC_PAYER,15000,S5,智慧健身,0.0414,0.001992135537557623,6719866644.379091,10000
5,PARTIAL_PUBLIC_PAYER,15000,S6,综合政策,0.0196,0.001386212104982495,1165180696.0096965,10000
5,PARTIAL_PUBLIC_PAYER,17500,S0,动态基线,0.0,0.0,0.0,10000
5,PARTIAL_PUBLIC_PAYER,17500,S1,健康宣教,0.0002,0.00014140721339450828,2772374065.469585,10000
5,PARTIAL_PUBLIC_PAYER,17500,S2,社区健身,0.024,0.0015304901175767194,6176701576.233893,10000
5,PARTIAL_PUBLIC_PAYER,17500,S3,公共健身设施,0.0002,0.00014140721339450828,-28212626.182074085,10000
5,PARTIAL_PUBLIC_PAYER,17500,S4,体卫融合,0.9039,0.0029472833253693133,16474800271.782982,10000
5,PARTIAL_PUBLIC_PAYER,17500,S5,智慧健身,0.0381,0.0019143769221341969,7880974144.416191,10000
5,PARTIAL_PUBLIC_PAYER,17500,S6,综合政策,0.0336,0.0018019722528385392,3859178153.941481,10000
5,PARTIAL_PUBLIC_PAYER,20000,S0,动态基线,0.0,0.0,0.0,10000
5,PARTIAL_PUBLIC_PAYER,20000,S1,健康宣教,0.0002,0.00014140721339450828,3251504674.5441446,10000
5,PARTIAL_PUBLIC_PAYER,20000,S2,社区健身,0.0256,0.0015793872229443926,7620000223.226435,10000
5,PARTIAL_PUBLIC_PAYER,20000,S3,公共健身设施,0.0004,0.0001999599959991998,1149929181.9145153,10000
5,PARTIAL_PUBLIC_PAYER,20000,S4,体卫融合,0.886,0.00317811264746862,18876418430.08574,10000
5,PARTIAL_PUBLIC_PAYER,20000,S5,智慧健身,0.0354,0.0018478863601423116,9042081644.453289,10000
5,PARTIAL_PUBLIC_PAYER,20000,S6,综合政策,0.0524,0.002228323136351638,6553175611.873267,10000
5,PARTIAL_PUBLIC_PAYER,22500,S0,动态基线,0.0,0.0,0.0,10000
5,PARTIAL_PUBLIC_PAYER,22500,S1,健康宣教,0.0001,9.999499987499375e-05,3730635283.618703,10000
5,PARTIAL_PUBLIC_PAYER,22500,S2,社区健身,0.0292,0.0016836674255921208,9063298870.218973,10000
5,PARTIAL_PUBLIC_PAYER,22500,S3,公共健身设施,0.0005,0.0002235508890610816,2328070990.0111046,10000
5,PARTIAL_PUBLIC_PAYER,22500,S4,体卫融合,0.8663,0.0034032970778349637,21278036588.388493,10000
5,PARTIAL_PUBLIC_PAYER,22500,S5,智慧健身,0.032,0.00176,10203189144.490387,10000
5,PARTIAL_PUBLIC_PAYER,22500,S6,综合政策,0.0719,0.002583222599777263,9247173069.805054,10000
5,PARTIAL_PUBLIC_PAYER,25000,S0,动态基线,0.0,0.0,0.0,10000
5,PARTIAL_PUBLIC_PAYER,25000,S1,健康宣教,0.0,0.0,4209765892.6932626,10000
5,PARTIAL_PUBLIC_PAYER,25000,S2,社区健身,0.0296,0.0016948109039063915,10506597517.211514,10000
5,PARTIAL_PUBLIC_PAYER,25000,S3,公共健身设施,0.0006,0.0002448754785600224,3506212798.1076937,10000
5,PARTIAL_PUBLIC_PAYER,25000,S4,体卫融合,0.8452,0.0036171392010814294,23679654746.69125,10000
5,PARTIAL_PUBLIC_PAYER,25000,S5,智慧健身,0.029,0.0016780643611018023,11364296644.527487,10000
5,PARTIAL_PUBLIC_PAYER,25000,S6,综合政策,0.0956,0.0029404190177592035,11941170527.736837,10000
5,PARTIAL_PUBLIC_PAYER,27500,S0,动态基线,0.0,0.0,0.0,10000
5,PARTIAL_PUBLIC_PAYER,27500,S1,健康宣教,0.0,0.0,4688896501.767821,10000
5,PARTIAL_PUBLIC_PAYER,27500,S2,社区健身,0.0311,0.0017358798921584407,11949896164.204054,10000
5,PARTIAL_PUBLIC_PAYER,27500,S3,公共健身设施,0.0004,0.0001999599959991998,4684354606.204283,10000
5,PARTIAL_PUBLIC_PAYER,27500,S4,体卫融合,0.8254,0.003796246040498429,26081272904.994007,10000
5,PARTIAL_PUBLIC_PAYER,27500,S5,智慧健身,0.0271,0.0016237484411077967,12525404144.564587,10000
5,PARTIAL_PUBLIC_PAYER,27500,S6,综合政策,0.116,0.0032022492095400697,14635167985.668625,10000
5,PARTIAL_PUBLIC_PAYER,30000,S0,动态基线,0.0,0.0,0.0,10000
5,PARTIAL_PUBLIC_PAYER,30000,S1,健康宣教,0.0,0.0,5168027110.842381,10000
5,PARTIAL_PUBLIC_PAYER,30000,S2,社区健身,0.0319,0.0017573386127892369,13393194811.196594,10000
5,PARTIAL_PUBLIC_PAYER,30000,S3,公共健身设施,0.0005,0.0002235508890610816,5862496414.300873,10000
5,PARTIAL_PUBLIC_PAYER,30000,S4,体卫融合,0.8064,0.003951190200433282,28482891063.296764,10000
5,PARTIAL_PUBLIC_PAYER,30000,S5,智慧健身,0.025,0.0015612494995995996,13686511644.601685,10000
5,PARTIAL_PUBLIC_PAYER,30000,S6,综合政策,0.1362,0.003430008163255592,17329165443.600407,10000
5,PARTIAL_PUBLIC_PAYER,32500,S0,动态基线,0.0,0.0,0.0,10000
5,PARTIAL_PUBLIC_PAYER,32500,S1,健康宣教,0.0,0.0,5647157719.91694,10000
5,PARTIAL_PUBLIC_PAYER,32500,S2,社区健身,0.032,0.00176,14836493458.189138,10000
5,PARTIAL_PUBLIC_PAYER,32500,S3,公共健身设施,0.0007,0.00026448251359967073,7040638222.397461,10000
5,PARTIAL_PUBLIC_PAYER,32500,S4,体卫融合,0.7879,0.004087952910687695,30884509221.599518,10000
5,PARTIAL_PUBLIC_PAYER,32500,S5,智慧健身,0.0236,0.0015179934123704228,14847619144.63878,10000
5,PARTIAL_PUBLIC_PAYER,32500,S6,综合政策,0.1558,0.0036266563112597257,20023162901.532192,10000
5,PARTIAL_PUBLIC_PAYER,35000,S0,动态基线,0.0,0.0,0.0,10000
5,PARTIAL_PUBLIC_PAYER,35000,S1,健康宣教,0.0,0.0,6126288328.991498,10000
5,PARTIAL_PUBLIC_PAYER,35000,S2,社区健身,0.0327,0.001778502459936449,16279792105.181675,10000
5,PARTIAL_PUBLIC_PAYER,35000,S3,公共健身设施,0.0008,0.0002827295527531567,8218780030.49405,10000
5,PARTIAL_PUBLIC_PAYER,35000,S4,体卫融合,0.7715,0.004198663477822437,33286127379.902275,10000
5,PARTIAL_PUBLIC_PAYER,35000,S5,智慧健身,0.0212,0.0014405054668414142,16008726644.67588,10000
5,PARTIAL_PUBLIC_PAYER,35000,S6,综合政策,0.1738,0.0037893740907965264,22717160359.463978,10000
5,PARTIAL_PUBLIC_PAYER,37500,S0,动态基线,0.0,0.0,0.0,10000
5,PARTIAL_PUBLIC_PAYER,37500,S1,健康宣教,0.0,0.0,6605418938.066058,10000
5,PARTIAL_PUBLIC_PAYER,37500,S2,社区健身,0.0321,0.0017626568015356816,17723090752.174213,10000
5,PARTIAL_PUBLIC_PAYER,37500,S3,公共健身设施,0.0007,0.00026448251359967073,9396921838.590641,10000
5,PARTIAL_PUBLIC_PAYER,37500,S4,体卫融合,0.7533,0.00431090605325609,35687745538.20503,10000
5,PARTIAL_PUBLIC_PAYER,37500,S5,智慧健身,0.02,0.0014,17169834144.712982,10000
5,PARTIAL_PUBLIC_PAYER,37500,S6,综合政策,0.1939,0.003953514765370176,25411157817.395767,10000
5,PARTIAL_PUBLIC_PAYER,40000,S0,动态基线,0.0,0.0,0.0,10000
5,PARTIAL_PUBLIC_PAYER,40000,S1,健康宣教,0.0,0.0,7084549547.140617,10000
5,PARTIAL_PUBLIC_PAYER,40000,S2,社区健身,0.0316,0.0017493267276298045,19166389399.166756,10000
5,PARTIAL_PUBLIC_PAYER,40000,S3,公共健身设施,0.0008,0.0002827295527531567,10575063646.687231,10000
5,PARTIAL_PUBLIC_PAYER,40000,S4,体卫融合,0.7341,0.00441811260607966,38089363696.50779,10000
5,PARTIAL_PUBLIC_PAYER,40000,S5,智慧健身,0.0192,0.0013722740251130602,18330941644.75008,10000
5,PARTIAL_PUBLIC_PAYER,40000,S6,综合政策,0.2143,0.004103358502495243,28105155275.32755,10000
5,PARTIAL_PUBLIC_PAYER,42500,S0,动态基线,0.0,0.0,0.0,10000
5,PARTIAL_PUBLIC_PAYER,42500,S1,健康宣教,0.0,0.0,7563680156.215175,10000
5,PARTIAL_PUBLIC_PAYER,42500,S2,社区健身,0.0312,0.0017385787298825441,20609688046.159298,10000
5,PARTIAL_PUBLIC_PAYER,42500,S3,公共健身设施,0.0009,0.0002998649696113236,11753205454.78382,10000
5,PARTIAL_PUBLIC_PAYER,42500,S4,体卫融合,0.7165,0.00450696960273752,40490981854.81055,10000
5,PARTIAL_PUBLIC_PAYER,42500,S5,智慧健身,0.0183,0.001340339882268673,19492049144.78718,10000
5,PARTIAL_PUBLIC_PAYER,42500,S6,综合政策,0.2331,0.004228053807604629,30799152733.25934,10000
5,PARTIAL_PUBLIC_PAYER,45000,S0,动态基线,0.0,0.0,0.0,10000
5,PARTIAL_PUBLIC_PAYER,45000,S1,健康宣教,0.0,0.0,8042810765.289735,10000
5,PARTIAL_PUBLIC_PAYER,45000,S2,社区健身,0.0314,0.0017439621555526941,22052986693.151836,10000
5,PARTIAL_PUBLIC_PAYER,45000,S3,公共健身设施,0.0011,0.00033148001448051134,12931347262.88041,10000
5,PARTIAL_PUBLIC_PAYER,45000,S4,体卫融合,0.7005,0.004580390267215229,42892600013.1133,10000
5,PARTIAL_PUBLIC_PAYER,45000,S5,智慧健身,0.0178,0.0013222390101641987,20653156644.82428,10000
5,PARTIAL_PUBLIC_PAYER,45000,S6,综合政策,0.2492,0.0043254983527912716,33493150191.191124,10000
5,PARTIAL_PUBLIC_PAYER,47500,S0,动态基线,0.0,0.0,0.0,10000
5,PARTIAL_PUBLIC_PAYER,47500,S1,健康宣教,0.0,0.0,8521941374.364294,10000
5,PARTIAL_PUBLIC_PAYER,47500,S2,社区健身,0.0315,0.0017466467874186814,23496285340.14438,10000
5,PARTIAL_PUBLIC_PAYER,47500,S3,公共健身设施,0.0012,0.00034620225302559775,14109489070.977,10000
5,PARTIAL_PUBLIC_PAYER,47500,S4,体卫融合,0.6834,0.004651499113189209,45294218171.41606,10000
5,PARTIAL_PUBLIC_PAYER,47500,S5,智慧健身,0.0164,0.0012700803124212265,21814264144.861374,10000
5,PARTIAL_PUBLIC_PAYER,47500,S6,综合政策,0.2675,0.004426553399655312,36187147649.12291,10000
5,PARTIAL_PUBLIC_PAYER,50000,S0,动态基线,0.0,0.0,0.0,10000
5,PARTIAL_PUBLIC_PAYER,50000,S1,健康宣教,0.0,0.0,9001071983.438852,10000
5,PARTIAL_PUBLIC_PAYER,50000,S2,社区健身,0.0315,0.0017466467874186814,24939583987.136917,10000
5,PARTIAL_PUBLIC_PAYER,50000,S3,公共健身设施,0.0013,0.00036032069049667407,15287630879.073587,10000
5,PARTIAL_PUBLIC_PAYER,50000,S4,体卫融合,0.6691,0.004705371292469915,47695836329.71881,10000
5,PARTIAL_PUBLIC_PAYER,50000,S5,智慧健身,0.0156,0.001239219108955313,22975371644.898476,10000
5,PARTIAL_PUBLIC_PAYER,50000,S6,综合政策,0.2825,0.004502152263084845,38881145107.05469,10000
5,PARTIAL_PUBLIC_PAYER,52500,S0,动态基线,0.0,0.0,0.0,10000
5,PARTIAL_PUBLIC_PAYER,52500,S1,健康宣教,0.0,0.0,9480202592.513412,10000
5,PARTIAL_PUBLIC_PAYER,52500,S2,社区健身,0.0311,0.0017358798921584407,26382882634.129456,10000
5,PARTIAL_PUBLIC_PAYER,52500,S3,公共健身设施,0.0014,0.0003739037309254884,16465772687.170176,10000
5,PARTIAL_PUBLIC_PAYER,52500,S4,体卫融合,0.6585,0.004742127687019825,50097454488.02157,10000
5,PARTIAL_PUBLIC_PAYER,52500,S5,智慧健身,0.0148,0.0012075164595151489,24136479144.935574,10000
5,PARTIAL_PUBLIC_PAYER,52500,S6,综合政策,0.2942,0.0045568230160935586,41575142564.98647,10000
5,PARTIAL_PUBLIC_PAYER,55000,S0,动态基线,0.0,0.0,0.0,10000
5,PARTIAL_PUBLIC_PAYER,55000,S1,健康宣教,0.0,0.0,9959333201.587973,10000
5,PARTIAL_PUBLIC_PAYER,55000,S2,社区健身,0.0313,0.0017412728103315689,27826181281.122,10000
5,PARTIAL_PUBLIC_PAYER,55000,S3,公共健身设施,0.0015,0.0003870077518603471,17643914495.266766,10000
5,PARTIAL_PUBLIC_PAYER,55000,S4,体卫融合,0.6467,0.004779948849098701,52499072646.324326,10000
5,PARTIAL_PUBLIC_PAYER,55000,S5,智慧健身,0.0145,0.001195397423453807,25297586644.97267,10000
5,PARTIAL_PUBLIC_PAYER,55000,S6,综合政策,0.306,0.004608296865437381,44269140022.91827,10000
5,PARTIAL_PUBLIC_PAYER,57500,S0,动态基线,0.0,0.0,0.0,10000
5,PARTIAL_PUBLIC_PAYER,57500,S1,健康宣教,0.0,0.0,10438463810.66253,10000
5,PARTIAL_PUBLIC_PAYER,57500,S2,社区健身,0.0319,0.0017573386127892369,29269479928.114536,10000
5,PARTIAL_PUBLIC_PAYER,57500,S3,公共健身设施,0.0015,0.0003870077518603471,18822056303.363358,10000
5,PARTIAL_PUBLIC_PAYER,57500,S4,体卫融合,0.6346,0.004815421476880295,54900690804.62708,10000
5,PARTIAL_PUBLIC_PAYER,57500,S5,智慧健身,0.014,0.0011749042514179614,26458694145.009773,10000
5,PARTIAL_PUBLIC_PAYER,57500,S6,综合政策,0.318,0.004656994739099455,46963137480.850044,10000
5,PARTIAL_PUBLIC_PAYER,60000,S0,动态基线,0.0,0.0,0.0,10000
5,PARTIAL_PUBLIC_PAYER,60000,S1,健康宣教,0.0,0.0,10917594419.737091,10000
5,PARTIAL_PUBLIC_PAYER,60000,S2,社区健身,0.032,0.00176,30712778575.107082,10000
5,PARTIAL_PUBLIC_PAYER,60000,S3,公共健身设施,0.0015,0.0003870077518603471,20000198111.459946,10000
5,PARTIAL_PUBLIC_PAYER,60000,S4,体卫融合,0.6253,0.004840453594447528,57302308962.92985,10000
5,PARTIAL_PUBLIC_PAYER,60000,S5,智慧健身,0.0135,0.0011540255629751016,27619801645.04687,10000
5,PARTIAL_PUBLIC_PAYER,60000,S6,综合政策,0.3277,0.0046937480758984075,49657134938.78184,10000
5,PARTIAL_PUBLIC_PAYER,62500,S0,动态基线,0.0,0.0,0.0,10000
5,PARTIAL_PUBLIC_PAYER,62500,S1,健康宣教,0.0,0.0,11396725028.81165,10000
5,PARTIAL_PUBLIC_PAYER,62500,S2,社区健身,0.0315,0.0017466467874186814,32156077222.099617,10000
5,PARTIAL_PUBLIC_PAYER,62500,S3,公共健身设施,0.0014,0.0003739037309254884,21178339919.556534,10000
5,PARTIAL_PUBLIC_PAYER,62500,S4,体卫融合,0.6141,0.004868071384028792,59703927121.2326,10000
5,PARTIAL_PUBLIC_PAYER,62500,S5,智慧健身,0.0134,0.001149801722037326,28780909145.083977,10000
5,PARTIAL_PUBLIC_PAYER,62500,S6,综合政策,0.3396,0.004735734789871578,52351132396.71362,10000
5,PARTIAL_PUBLIC_PAYER,65000,S0,动态基线,0.0,0.0,0.0,10000
5,PARTIAL_PUBLIC_PAYER,65000,S1,健康宣教,0.0,0.0,11875855637.886208,10000
5,PARTIAL_PUBLIC_PAYER,65000,S2,社区健身,0.0314,0.0017439621555526941,33599375869.092163,10000
5,PARTIAL_PUBLIC_PAYER,65000,S3,公共健身设施,0.0013,0.00036032069049667407,22356481727.653126,10000
5,PARTIAL_PUBLIC_PAYER,65000,S4,体卫融合,0.6054,0.004887646059198641,62105545279.53535,10000
5,PARTIAL_PUBLIC_PAYER,65000,S5,智慧健身,0.0126,0.0011154030661603904,29942016645.121075,10000
5,PARTIAL_PUBLIC_PAYER,65000,S6,综合政策,0.3493,0.0047674889617072,55045129854.6454,10000
5,PARTIAL_PUBLIC_PAYER,67500,S0,动态基线,0.0,0.0,0.0,10000
5,PARTIAL_PUBLIC_PAYER,67500,S1,健康宣教,0.0,0.0,12354986246.960766,10000
5,PARTIAL_PUBLIC_PAYER,67500,S2,社区健身,0.0309,0.0017304678558124102,35042674516.0847,10000
5,PARTIAL_PUBLIC_PAYER,67500,S3,公共健身设施,0.0014,0.0003739037309254884,23534623535.749714,10000
5,PARTIAL_PUBLIC_PAYER,67500,S4,体卫融合,0.5964,0.004906190375433876,64507163437.83811,10000
5,PARTIAL_PUBLIC_PAYER,67500,S5,智慧健身,0.0122,0.0010977777552856499,31103124145.15817,10000
5,PARTIAL_PUBLIC_PAYER,67500,S6,综合政策,0.3591,0.004797365839708287,57739127312.5772,10000
5,PARTIAL_PUBLIC_PAYER,70000,S0,动态基线,0.0,0.0,0.0,10000
5,PARTIAL_PUBLIC_PAYER,70000,S1,健康宣教,0.0,0.0,12834116856.035324,10000
5,PARTIAL_PUBLIC_PAYER,70000,S2,社区健身,0.0301,0.0017086248856902442,36485973163.07724,10000
5,PARTIAL_PUBLIC_PAYER,70000,S3,公共健身设施,0.0015,0.0003870077518603471,24712765343.8463,10000
5,PARTIAL_PUBLIC_PAYER,70000,S4,体卫融合,0.5882,0.004921592831594259,66908781596.14086,10000
5,PARTIAL_PUBLIC_PAYER,70000,S5,智慧健身,0.0114,0.001061604446109755,32264231645.19527,10000
5,PARTIAL_PUBLIC_PAYER,70000,S6,综合政策,0.3688,0.004824795954234749,60433124770.50897,10000
5,PARTIAL_PUBLIC_PAYER,72500,S0,动态基线,0.0,0.0,0.0,10000
5,PARTIAL_PUBLIC_PAYER,72500,S1,健康宣教,0.0,0.0,13313247465.109884,10000
5,PARTIAL_PUBLIC_PAYER,72500,S2,社区健身,0.0298,0.0017003517283197614,37929271810.06978,10000
5,PARTIAL_PUBLIC_PAYER,72500,S3,公共健身设施,0.0015,0.0003870077518603471,25890907151.94289,10000
5,PARTIAL_PUBLIC_PAYER,72500,S4,体卫融合,0.581,0.00493395378981198,69310399754.44362,10000
5,PARTIAL_PUBLIC_PAYER,72500,S5,智慧健身,0.0106,0.0010240917927607856,33425339145.23236,10000
5,PARTIAL_PUBLIC_PAYER,72500,S6,综合政策,0.3771,0.004846602830849666,63127122228.440765,10000
5,PARTIAL_PUBLIC_PAYER,75000,S0,动态基线,0.0,0.0,0.0,10000
5,PARTIAL_PUBLIC_PAYER,75000,S1,健康宣教,0.0,0.0,13792378074.184444,10000
5,PARTIAL_PUBLIC_PAYER,75000,S2,社区健身,0.0292,0.0016836674255921208,39372570457.062325,10000
5,PARTIAL_PUBLIC_PAYER,75000,S3,公共健身设施,0.0016,0.0003996798718974975,27069048960.039482,10000
5,PARTIAL_PUBLIC_PAYER,75000,S4,体卫融合,0.5747,0.004943884201718321,71712017912.74637,10000
5,PARTIAL_PUBLIC_PAYER,75000,S5,智慧健身,0.0099,0.0009900499987374374,34586446645.26946,10000
5,PARTIAL_PUBLIC_PAYER,75000,S6,综合政策,0.3846,0.004865006063716673,65821119686.37255,10000
5,PARTIAL_PUBLIC_PAYER,77500,S0,动态基线,0.0,0.0,0.0,10000
5,PARTIAL_PUBLIC_PAYER,77500,S1,健康宣教,0.0,0.0,14271508683.259003,10000
5,PARTIAL_PUBLIC_PAYER,77500,S2,社区健身,0.0291,0.0016808685254950787,40815869104.05486,10000
5,PARTIAL_PUBLIC_PAYER,77500,S3,公共健身设施,0.0015,0.0003870077518603471,28247190768.13607,10000
5,PARTIAL_PUBLIC_PAYER,77500,S4,体卫融合,0.5666,0.004955445893156336,74113636071.04912,10000
5,PARTIAL_PUBLIC_PAYER,77500,S5,智慧健身,0.0096,0.0009750815350523257,35747554145.306564,10000
5,PARTIAL_PUBLIC_PAYER,77500,S6,综合政策,0.3932,0.004884606023007382,68515117144.30432,10000
5,PARTIAL_PUBLIC_PAYER,80000,S0,动态基线,0.0,0.0,0.0,10000
5,PARTIAL_PUBLIC_PAYER,80000,S1,健康宣教,0.0,0.0,14750639292.333559,10000
5,PARTIAL_PUBLIC_PAYER,80000,S2,社区健身,0.0287,0.0016696200166504951,42259167751.0474,10000
5,PARTIAL_PUBLIC_PAYER,80000,S3,公共健身设施,0.0015,0.0003870077518603471,29425332576.232662,10000
5,PARTIAL_PUBLIC_PAYER,80000,S4,体卫融合,0.5582,0.004966012082143981,76515254229.35188,10000
5,PARTIAL_PUBLIC_PAYER,80000,S5,智慧健身,0.0095,0.0009700386590234432,36908661645.343666,10000
5,PARTIAL_PUBLIC_PAYER,80000,S6,综合政策,0.4021,0.004903219248616158,71209114602.23613,10000
5,PARTIAL_PUBLIC_PAYER,82500,S0,动态基线,0.0,0.0,0.0,10000
5,PARTIAL_PUBLIC_PAYER,82500,S1,健康宣教,0.0,0.0,15229769901.40812,10000
5,PARTIAL_PUBLIC_PAYER,82500,S2,社区健身,0.0283,0.0016582855604509136,43702466398.03994,10000
5,PARTIAL_PUBLIC_PAYER,82500,S3,公共健身设施,0.0013,0.00036032069049667407,30603474384.32925,10000
5,PARTIAL_PUBLIC_PAYER,82500,S4,体卫融合,0.5519,0.004972990951127902,78916872387.65465,10000
5,PARTIAL_PUBLIC_PAYER,82500,S5,智慧健身,0.0093,0.0009598703037389999,38069769145.38076,10000
5,PARTIAL_PUBLIC_PAYER,82500,S6,综合政策,0.4092,0.004916862414182443,73903112060.1679,10000
5,PARTIAL_PUBLIC_PAYER,85000,S0,动态基线,0.0,0.0,0.0,10000
5,PARTIAL_PUBLIC_PAYER,85000,S1,健康宣教,0.0,0.0,15708900510.482681,10000
5,PARTIAL_PUBLIC_PAYER,85000,S2,社区健身,0.028,0.0016497272501841023,45145765045.03248,10000
5,PARTIAL_PUBLIC_PAYER,85000,S3,公共健身设施,0.0013,0.00036032069049667407,31781616192.42584,10000
5,PARTIAL_PUBLIC_PAYER,85000,S4,体卫融合,0.5457,0.0049790712989472245,81318490545.9574,10000
5,PARTIAL_PUBLIC_PAYER,85000,S5,智慧健身,0.0089,0.0009391906089820107,39230876645.41786,10000
5,PARTIAL_PUBLIC_PAYER,85000,S6,综合政策,0.4161,0.004929105294067069,76597109518.09969,10000
5,PARTIAL_PUBLIC_PAYER,87500,S0,动态基线,0.0,0.0,0.0,10000
5,PARTIAL_PUBLIC_PAYER,87500,S1,健康宣教,0.0,0.0,16188031119.557238,10000
5,PARTIAL_PUBLIC_PAYER,87500,S2,社区健身,0.0275,0.0016353516441426292,46589063692.02502,10000
5,PARTIAL_PUBLIC_PAYER,87500,S3,公共健身设施,0.0013,0.00036032069049667407,32959758000.522427,10000
5,PARTIAL_PUBLIC_PAYER,87500,S4,体卫融合,0.5395,0.004984373079936935,83720108704.26016,10000
5,PARTIAL_PUBLIC_PAYER,87500,S5,智慧健身,0.0085,0.0009180277773575264,40391984145.45496,10000
5,PARTIAL_PUBLIC_PAYER,87500,S6,综合政策,0.4232,0.004940665542211899,79291106976.03148,10000
5,PARTIAL_PUBLIC_PAYER,90000,S0,动态基线,0.0,0.0,0.0,10000
5,PARTIAL_PUBLIC_PAYER,90000,S1,健康宣教,0.0,0.0,16667161728.6318,10000
5,PARTIAL_PUBLIC_PAYER,90000,S2,社区健身,0.0273,0.001629561597485655,48032362339.01756,10000
5,PARTIAL_PUBLIC_PAYER,90000,S3,公共健身设施,0.0012,0.00034620225302559775,34137899808.61902,10000
5,PARTIAL_PUBLIC_PAYER,90000,S4,体卫融合,0.5337,0.004988630172702723,86121726862.56291,10000
5,PARTIAL_PUBLIC_PAYER,90000,S5,智慧健身,0.0084,0.0009126576576131929,41553091645.492065,10000
5,PARTIAL_PUBLIC_PAYER,90000,S6,综合政策,0.4294,0.004949905453642524,81985104433.96326,10000
5,PARTIAL_PUBLIC_PAYER,92500,S0,动态基线,0.0,0.0,0.0,10000
5,PARTIAL_PUBLIC_PAYER,92500,S1,健康宣教,0.0,0.0,17146292337.706356,10000
5,PARTIAL_PUBLIC_PAYER,92500,S2,社区健身,0.0273,0.001629561597485655,49475660986.01011,10000
5,PARTIAL_PUBLIC_PAYER,92500,S3,公共健身设施,0.0012,0.00034620225302559775,35316041616.71561,10000
5,PARTIAL_PUBLIC_PAYER,92500,S4,体卫融合,0.5295,0.004991289913439211,88523345020.86568,10000
5,PARTIAL_PUBLIC_PAYER,92500,S5,智慧健身,0.0084,0.0009126576576131929,42714199145.52916,10000
5,PARTIAL_PUBLIC_PAYER,92500,S6,综合政策,0.4336,0.004955714277478071,84679101891.89505,10000
5,PARTIAL_PUBLIC_PAYER,95000,S0,动态基线,0.0,0.0,0.0,10000
5,PARTIAL_PUBLIC_PAYER,95000,S1,健康宣教,0.0,0.0,17625422946.78092,10000
5,PARTIAL_PUBLIC_PAYER,95000,S2,社区健身,0.0273,0.001629561597485655,50918959633.00264,10000
5,PARTIAL_PUBLIC_PAYER,95000,S3,公共健身设施,0.0013,0.00036032069049667407,36494183424.8122,10000
5,PARTIAL_PUBLIC_PAYER,95000,S4,体卫融合,0.5245,0.004993993892667471,90924963179.16843,10000
5,PARTIAL_PUBLIC_PAYER,95000,S5,智慧健身,0.0083,0.000907254650029417,43875306645.56625,10000
5,PARTIAL_PUBLIC_PAYER,95000,S6,综合政策,0.4386,0.004962157192189703,87373099349.82683,10000
5,PARTIAL_PUBLIC_PAYER,97500,S0,动态基线,0.0,0.0,0.0,10000
5,PARTIAL_PUBLIC_PAYER,97500,S1,健康宣教,0.0,0.0,18104553555.855476,10000
5,PARTIAL_PUBLIC_PAYER,97500,S2,社区健身,0.0272,0.0016266579234737709,52362258279.995186,10000
5,PARTIAL_PUBLIC_PAYER,97500,S3,公共健身设施,0.0014,0.0003739037309254884,37672325232.90879,10000
5,PARTIAL_PUBLIC_PAYER,97500,S4,体卫融合,0.5194,0.004996234982464296,93326581337.47119,10000
5,PARTIAL_PUBLIC_PAYER,97500,S5,智慧健身,0.0081,0.0008963475888292443,45036414145.603355,10000
5,PARTIAL_PUBLIC_PAYER,97500,S6,综合政策,0.4439,0.004968428222285192,90067096807.7586,10000
5,PARTIAL_PUBLIC_PAYER,100000,S0,动态基线,0.0,0.0,0.0,10000
5,PARTIAL_PUBLIC_PAYER,100000,S1,健康宣教,0.0,0.0,18583684164.930035,10000
5,PARTIAL_PUBLIC_PAYER,100000,S2,社区健身,0.0268,0.0016149848296501117,53805556926.987724,10000
5,PARTIAL_PUBLIC_PAYER,100000,S3,公共健身设施,0.0015,0.0003870077518603471,38850467041.00538,10000
5,PARTIAL_PUBLIC_PAYER,100000,S4,体卫融合,0.5155,0.004997596922521864,95728199495.77396,10000
5,PARTIAL_PUBLIC_PAYER,100000,S5,智慧健身,0.0078,0.000879724957017817,46197521645.64046,10000
5,PARTIAL_PUBLIC_PAYER,100000,S6,综合政策,0.4484,0.0049733031277009445,92761094265.6904,10000
5,PARTIAL_PUBLIC_PAYER,102500,S0,动态基线,0.0,0.0,0.0,10000
5,PARTIAL_PUBLIC_PAYER,102500,S1,健康宣教,0.0,0.0,19062814774.004593,10000
5,PARTIAL_PUBLIC_PAYER,102500,S2,社区健身,0.0266,0.0016091127990293284,55248855573.98026,10000
5,PARTIAL_PUBLIC_PAYER,102500,S3,公共健身设施,0.0015,0.0003870077518603471,40028608849.10196,10000
5,PARTIAL_PUBLIC_PAYER,102500,S4,体卫融合,0.5122,0.004998511378400574,98129817654.0767,10000
5,PARTIAL_PUBLIC_PAYER,102500,S5,智慧健身,0.0078,0.000879724957017817,47358629145.67756,10000
5,PARTIAL_PUBLIC_PAYER,102500,S6,综合政策,0.4519,0.004976810122960289,95455091723.6222,10000
5,PARTIAL_PUBLIC_PAYER,105000,S0,动态基线,0.0,0.0,0.0,10000
5,PARTIAL_PUBLIC_PAYER,105000,S1,健康宣教,0.0,0.0,19541945383.079155,10000
5,PARTIAL_PUBLIC_PAYER,105000,S2,社区健身,0.0265,0.0016061677994530959,56692154220.9728,10000
5,PARTIAL_PUBLIC_PAYER,105000,S3,公共健身设施,0.0016,0.0003996798718974975,41206750657.19855,10000
5,PARTIAL_PUBLIC_PAYER,105000,S4,体卫融合,0.5072,0.004999481573123357,100531435812.37946,10000
5,PARTIAL_PUBLIC_PAYER,105000,S5,智慧健身,0.0077,0.0008741115489455566,48519736645.71465,10000
5,PARTIAL_PUBLIC_PAYER,105000,S6,综合政策,0.457,0.0049814756849752865,98149089181.55397,10000
5,PARTIAL_PUBLIC_PAYER,107500,S0,动态基线,0.0,0.0,0.0,10000
5,PARTIAL_PUBLIC_PAYER,107500,S1,健康宣教,0.0,0.0,20021075992.153713,10000
5,PARTIAL_PUBLIC_PAYER,107500,S2,社区健身,0.0265,0.0016061677994530959,58135452867.96535,10000
5,PARTIAL_PUBLIC_PAYER,107500,S3,公共健身设施,0.0016,0.0003996798718974975,42384892465.295135,10000
5,PARTIAL_PUBLIC_PAYER,107500,S4,体卫融合,0.5041,0.004999831897174144,102933053970.6822,10000
5,PARTIAL_PUBLIC_PAYER,107500,S5,智慧健身,0.0075,0.0008627716963368698,49680844145.75175,10000
5,PARTIAL_PUBLIC_PAYER,107500,S6,综合政策,0.4603,0.004984214180791191,100843086639.48575,10000
5,PARTIAL_PUBLIC_PAYER,110000,S0,动态基线,0.0,0.0,0.0,10000
5,PARTIAL_PUBLIC_PAYER,110000,S1,健康宣教,0.0,0.0,20500206601.228268,10000
5,PARTIAL_PUBLIC_PAYER,110000,S2,社区健身,0.0259,0.001588369919130931,59578751514.95788,10000
5,PARTIAL_PUBLIC_PAYER,110000,S3,公共健身设施,0.0016,0.0003996798718974975,43563034273.39173,10000
5,PARTIAL_PUBLIC_PAYER,110000,S4,体卫融合,0.501,0.00499998999999,105334672128.98497,10000
5,PARTIAL_PUBLIC_PAYER,110000,S5,智慧健身,0.0075,0.0008627716963368698,50841951645.78885,10000
5,PARTIAL_PUBLIC_PAYER,110000,S6,综合政策,0.464,0.004987023160162784,103537084097.41756,10000
5,PARTIAL_PUBLIC_PAYER,112500,S0,动态基线,0.0,0.0,0.0,10000
5,PARTIAL_PUBLIC_PAYER,112500,S1,健康宣教,0.0,0.0,20979337210.302826,10000
5,PARTIAL_PUBLIC_PAYER,112500,S2,社区健身,0.0257,0.0015823877527331915,61022050161.950424,10000
5,PARTIAL_PUBLIC_PAYER,112500,S3,公共健身设施,0.0016,0.0003996798718974975,44741176081.48833,10000
5,PARTIAL_PUBLIC_PAYER,112500,S4,体卫融合,0.4975,0.00499993749960937,107736290287.28772,10000
5,PARTIAL_PUBLIC_PAYER,112500,S5,智慧健身,0.0074,0.0008570437561758443,52003059145.82595,10000
5,PARTIAL_PUBLIC_PAYER,112500,S6,综合政策,0.4678,0.004989620827277359,106231081555.34932,10000
5,PARTIAL_PUBLIC_PAYER,115000,S0,动态基线,0.0,0.0,0.0,10000
5,PARTIAL_PUBLIC_PAYER,115000,S1,健康宣教,0.0,0.0,21458467819.377388,10000
5,PARTIAL_PUBLIC_PAYER,115000,S2,社区健身,0.0257,0.0015823877527331915,62465348808.94296,10000
5,PARTIAL_PUBLIC_PAYER,115000,S3,公共健身设施,0.0015,0.0003870077518603471,45919317889.584915,10000
5,PARTIAL_PUBLIC_PAYER,115000,S4,体卫融合,0.4936,0.004999590383221409,110137908445.59047,10000
5,PARTIAL_PUBLIC_PAYER,115000,S5,智慧健身,0.0073,0.0008512761009214343,53164166645.86305,10000
5,PARTIAL_PUBLIC_PAYER,115000,S6,综合政策,0.4719,0.004992097655294816,108925079013.28113,10000
5,PARTIAL_PUBLIC_PAYER,117500,S0,动态基线,0.0,0.0,0.0,10000
5,PARTIAL_PUBLIC_PAYER,117500,S1,健康宣教,0.0,0.0,21937598428.45195,10000
5,PARTIAL_PUBLIC_PAYER,117500,S2,社区健身,0.0258,0.001585381972901168,63908647455.9355,10000
5,PARTIAL_PUBLIC_PAYER,117500,S3,公共健身设施,0.0015,0.0003870077518603471,47097459697.6815,10000
5,PARTIAL_PUBLIC_PAYER,117500,S4,体卫融合,0.4896,0.004998918282988831,112539526603.89322,10000
5,PARTIAL_PUBLIC_PAYER,117500,S5,智慧健身,0.0072,0.0008454679177828097,54325274145.90015,10000
5,PARTIAL_PUBLIC_PAYER,117500,S6,综合政策,0.4759,0.004994188522673128,111619076471.2129,10000
5,PARTIAL_PUBLIC_PAYER,120000,S0,动态基线,0.0,0.0,0.0,10000
5,PARTIAL_PUBLIC_PAYER,120000,S1,健康宣教,0.0,0.0,22416729037.526505,10000
5,PARTIAL_PUBLIC_PAYER,120000,S2,社区健身,0.0258,0.001585381972901168,65351946102.92805,10000
5,PARTIAL_PUBLIC_PAYER,120000,S3,公共健身设施,0.0015,0.0003870077518603471,48275601505.77808,10000
5,PARTIAL_PUBLIC_PAYER,120000,S4,体卫融合,0.4867,0.004998230786988532,114941144762.196,10000
5,PARTIAL_PUBLIC_PAYER,120000,S5,智慧健身,0.0072,0.0008454679177828097,55486381645.93725,10000
5,PARTIAL_PUBLIC_PAYER,120000,S6,综合政策,0.4788,0.004995503578219117,114313073929.14467,10000
5,PARTIAL_PUBLIC_PAYER,122500,S0,动态基线,0.0,0.0,0.0,10000
5,PARTIAL_PUBLIC_PAYER,122500,S1,健康宣教,0.0,0.0,22895859646.601067,10000
5,PARTIAL_PUBLIC_PAYER,122500,S2,社区健身,0.0256,0.0015793872229443926,66795244749.920586,10000
5,PARTIAL_PUBLIC_PAYER,122500,S3,公共健身设施,0.0015,0.0003870077518603471,49453743313.87467,10000
5,PARTIAL_PUBLIC_PAYER,122500,S4,体卫融合,0.4837,0.004997342393712882,117342762920.49875,10000
5,PARTIAL_PUBLIC_PAYER,122500,S5,智慧健身,0.0072,0.0008454679177828097,56647489145.97435,10000
5,PARTIAL_PUBLIC_PAYER,122500,S6,综合政策,0.482,0.004996758949559204,117007071387.07648,10000
5,PARTIAL_PUBLIC_PAYER,125000,S0,动态基线,0.0,0.0,0.0,10000
5,PARTIAL_PUBLIC_PAYER,125000,S1,健康宣教,0.0,0.0,23374990255.675625,10000
5,PARTIAL_PUBLIC_PAYER,125000,S2,社区健身,0.0254,0.0015733670900333462,68238543396.913124,10000
5,PARTIAL_PUBLIC_PAYER,125000,S3,公共健身设施,0.0014,0.0003739037309254884,50631885121.97127,10000
5,PARTIAL_PUBLIC_PAYER,125000,S4,体卫融合,0.4801,0.004996038330517491,119744381078.8015,10000
5,PARTIAL_PUBLIC_PAYER,125000,S5,智慧健身,0.007,0.0008337265738837884,57808596646.01145,10000
5,PARTIAL_PUBLIC_PAYER,125000,S6,综合政策,0.4861,0.004998067526554639,119701068845.00826,10000
5,PARTIAL_PUBLIC_PAYER,127500,S0,动态基线,0.0,0.0,0.0,10000
5,PARTIAL_PUBLIC_PAYER,127500,S1,健康宣教,0.0,0.0,23854120864.750183,10000
5,PARTIAL_PUBLIC_PAYER,127500,S2,社区健身,0.0252,0.001567321281677755,69681842043.90565,10000
5,PARTIAL_PUBLIC_PAYER,127500,S3,公共健身设施,0.0014,0.0003739037309254884,51810026930.067856,10000
5,PARTIAL_PUBLIC_PAYER,127500,S4,体卫融合,0.478,0.004995157655169655,122145999237.10425,10000
5,PARTIAL_PUBLIC_PAYER,127500,S5,智慧健身,0.0069,0.0008277916404506632,58969704146.04855,10000
5,PARTIAL_PUBLIC_PAYER,127500,S6,综合政策,0.4885,0.004998677325053099,122395066302.94005,10000
5,PARTIAL_PUBLIC_PAYER,130000,S0,动态基线,0.0,0.0,0.0,10000
5,PARTIAL_PUBLIC_PAYER,130000,S1,健康宣教,0.0,0.0,24333251473.824745,10000
5,PARTIAL_PUBLIC_PAYER,130000,S2,社区健身,0.0248,0.001555151439571079,71125140690.8982,10000
5,PARTIAL_PUBLIC_PAYER,130000,S3,公共健身设施,0.0013,0.00036032069049667407,52988168738.164444,10000
5,PARTIAL_PUBLIC_PAYER,130000,S4,体卫融合,0.4762,0.004994332387817215,124547617395.407,10000
5,PARTIAL_PUBLIC_PAYER,130000,S5,智慧健身,0.0069,0.0008277916404506632,60130811646.08565,10000
5,PARTIAL_PUBLIC_PAYER,130000,S6,综合政策,0.4908,0.004999153528348574,125089063760.87186,10000
5,PARTIAL_PUBLIC_PAYER,132500,S0,动态基线,0.0,0.0,0.0,10000
5,PARTIAL_PUBLIC_PAYER,132500,S1,健康宣教,0.0,0.0,24812382082.8993,10000
5,PARTIAL_PUBLIC_PAYER,132500,S2,社区健身,0.025,0.0015612494995995996,72568439337.89075,10000
5,PARTIAL_PUBLIC_PAYER,132500,S3,公共健身设施,0.0013,0.00036032069049667407,54166310546.26103,10000
5,PARTIAL_PUBLIC_PAYER,132500,S4,体卫融合,0.4723,0.004992321203608598,126949235553.70978,10000
5,PARTIAL_PUBLIC_PAYER,132500,S5,智慧健身,0.0068,0.0008218126307133518,61291919146.122734,10000
5,PARTIAL_PUBLIC_PAYER,132500,S6,综合政策,0.4946,0.004999708391496448,127783061218.8036,10000
5,PARTIAL_PUBLIC_PAYER,135000,S0,动态基线,0.0,0.0,0.0,10000
5,PARTIAL_PUBLIC_PAYER,135000,S1,健康宣教,0.0,0.0,25291512691.97386,10000
5,PARTIAL_PUBLIC_PAYER,135000,S2,社区健身,0.0249,0.0015582037735803363,74011737984.88329,10000
5,PARTIAL_PUBLIC_PAYER,135000,S3,公共健身设施,0.0013,0.00036032069049667407,55344452354.35763,10000
5,PARTIAL_PUBLIC_PAYER,135000,S4,体卫融合,0.47,0.004990991885387112,129350853712.01253,10000
5,PARTIAL_PUBLIC_PAYER,135000,S5,智慧健身,0.0067,0.0008157885755512883,62453026646.15985,10000
5,PARTIAL_PUBLIC_PAYER,135000,S6,综合政策,0.4971,0.004999915899292707,130477058676.7354,10000
5,PARTIAL_PUBLIC_PAYER,137500,S0,动态基线,0.0,0.0,0.0,10000
5,PARTIAL_PUBLIC_PAYER,137500,S1,健康宣教,0.0,0.0,25770643301.04842,10000
5,PARTIAL_PUBLIC_PAYER,137500,S2,社区健身,0.0249,0.0015582037735803363,75455036631.87582,10000
5,PARTIAL_PUBLIC_PAYER,137500,S3,公共健身设施,0.0013,0.00036032069049667407,56522594162.45422,10000
5,PARTIAL_PUBLIC_PAYER,137500,S4,体卫融合,0.4675,0.004989426319728552,131752471870.3153,10000
5,PARTIAL_PUBLIC_PAYER,137500,S5,智慧健身,0.0066,0.0008097184695929814,63614134146.19694,10000
5,PARTIAL_PUBLIC_PAYER,137500,S6,综合政策,0.4997,0.004999999099999919,133171056134.6672,10000
5,PARTIAL_PUBLIC_PAYER,140000,S0,动态基线,0.0,0.0,0.0,10000
5,PARTIAL_PUBLIC_PAYER,140000,S1,健康宣教,0.0,0.0,26249773910.12298,10000
5,PARTIAL_PUBLIC_PAYER,140000,S2,社区健身,0.0246,0.0015490267912466847,76898335278.86836,10000
5,PARTIAL_PUBLIC_PAYER,140000,S3,公共健身设施,0.0013,0.00036032069049667407,57700735970.5508,10000
5,PARTIAL_PUBLIC_PAYER,140000,S4,体卫融合,0.4655,0.0049880832992242625,134154090028.61806,10000
5,PARTIAL_PUBLIC_PAYER,140000,S5,智慧健身,0.0063,0.0007912212080069645,64775241646.23404,10000
5,PARTIAL_PUBLIC_PAYER,140000,S6,综合政策,0.5023,0.004999947099720156,135865053592.59897,10000
5,PARTIAL_PUBLIC_PAYER,142500,S0,动态基线,0.0,0.0,0.0,10000
5,PARTIAL_PUBLIC_PAYER,142500,S1,健康宣教,0.0,0.0,26728904519.197536,10000
5,PARTIAL_PUBLIC_PAYER,142500,S2,社区健身,0.0244,0.0015428752379891253,78341633925.8609,10000
5,PARTIAL_PUBLIC_PAYER,142500,S3,公共健身设施,0.0013,0.00036032069049667407,58878877778.6474,10000
5,PARTIAL_PUBLIC_PAYER,142500,S4,体卫融合,0.4635,0.004986659703649327,136555708186.9208,10000
5,PARTIAL_PUBLIC_PAYER,142500,S5,智慧健身,0.0062,0.0007849560497250785,65936349146.271126,10000
5,PARTIAL_PUBLIC_PAYER,142500,S6,综合政策,0.5046,0.004999788395522354,138559051050.53076,10000
5,PARTIAL_PUBLIC_PAYER,145000,S0,动态基线,0.0,0.0,0.0,10000
5,PARTIAL_PUBLIC_PAYER,145000,S1,健康宣教,0.0,0.0,27208035128.2721,10000
5,PARTIAL_PUBLIC_PAYER,145000,S2,社区健身,0.0244,0.0015428752379891253,79784932572.85345,10000
5,PARTIAL_PUBLIC_PAYER,145000,S3,公共健身设施,0.0013,0.00036032069049667407,60057019586.74399,10000
5,PARTIAL_PUBLIC_PAYER,145000,S4,体卫融合,0.4617,0.004985309518976731,138957326345.22354,10000
5,PARTIAL_PUBLIC_PAYER,145000,S5,智慧健身,0.0062,0.0007849560497250785,67097456646.30823,10000
5,PARTIAL_PUBLIC_PAYER,145000,S6,综合政策,0.5064,0.004999590383221409,141253048508.46252,10000
5,PARTIAL_PUBLIC_PAYER,147500,S0,动态基线,0.0,0.0,0.0,10000
5,PARTIAL_PUBLIC_PAYER,147500,S1,健康宣教,0.0,0.0,27687165737.346657,10000
5,PARTIAL_PUBLIC_PAYER,147500,S2,社区健身,0.0243,0.0015397892712965629,81228231219.846,10000
5,PARTIAL_PUBLIC_PAYER,147500,S3,公共健身设施,0.0013,0.00036032069049667407,61235161394.840576,10000
5,PARTIAL_PUBLIC_PAYER,147500,S4,体卫融合,0.4591,0.004983243823053414,141358944503.5263,10000
5,PARTIAL_PUBLIC_PAYER,147500,S5,智慧健身,0.0061,0.0007786391975748459,68258564146.34534,10000
5,PARTIAL_PUBLIC_PAYER,147500,S6,综合政策,0.5092,0.004999153528348574,143947045966.39432,10000
5,PARTIAL_PUBLIC_PAYER,150000,S0,动态基线,0.0,0.0,0.0,10000
5,PARTIAL_PUBLIC_PAYER,150000,S1,健康宣教,0.0,0.0,28166296346.42122,10000
5,PARTIAL_PUBLIC_PAYER,150000,S2,社区健身,0.0242,0.0015366964566888284,82671529866.83853,10000
5,PARTIAL_PUBLIC_PAYER,150000,S3,公共健身设施,0.0014,0.0003739037309254884,62413303202.93715,10000
5,PARTIAL_PUBLIC_PAYER,150000,S4,体卫融合,0.4573,0.004981733734353934,143760562661.82907,10000
5,PARTIAL_PUBLIC_PAYER,150000,S5,智慧健身,0.0061,0.0007786391975748459,69419671646.38243,10000
5,PARTIAL_PUBLIC_PAYER,150000,S6,综合政策,0.511,0.004998789853554558,146641043424.3261,10000
5,PARTIAL_PUBLIC_PAYER,152500,S0,动态基线,0.0,0.0,0.0,10000
5,PARTIAL_PUBLIC_PAYER,152500,S1,健康宣教,0.0,0.0,28645426955.49577,10000
5,PARTIAL_PUBLIC_PAYER,152500,S2,社区健身,0.0241,0.001533596752735216,84114828513.83107,10000
5,PARTIAL_PUBLIC_PAYER,152500,S3,公共健身设施,0.0014,0.0003739037309254884,63591445011.03375,10000
5,PARTIAL_PUBLIC_PAYER,152500,S4,体卫融合,0.455,0.004979708826829135,146162180820.13184,10000
5,PARTIAL_PUBLIC_PAYER,152500,S5,智慧健身,0.006,0.0007722693830523129,70580779146.41953,10000
5,PARTIAL_PUBLIC_PAYER,152500,S6,综合政策,0.5135,0.004998177167728251,149335040882.2579,10000
5,PARTIAL_PUBLIC_PAYER,155000,S0,动态基线,0.0,0.0,0.0,10000
5,PARTIAL_PUBLIC_PAYER,155000,S1,健康宣教,0.0,0.0,29124557564.57034,10000
5,PARTIAL_PUBLIC_PAYER,155000,S2,社区健身,0.024,0.0015304901175767194,85558127160.82362,10000
5,PARTIAL_PUBLIC_PAYER,155000,S3,公共健身设施,0.0014,0.0003739037309254884,64769586819.13035,10000
5,PARTIAL_PUBLIC_PAYER,155000,S4,体卫融合,0.4534,0.004978237037345651,148563798978.43457,10000
5,PARTIAL_PUBLIC_PAYER,155000,S5,智慧健身,0.006,0.0007722693830523129,71741886646.45662,10000
5,PARTIAL_PUBLIC_PAYER,155000,S6,综合政策,0.5152,0.004997689065958386,152029038340.18967,10000
5,PARTIAL_PUBLIC_PAYER,157500,S0,动态基线,0.0,0.0,0.0,10000
5,PARTIAL_PUBLIC_PAYER,157500,S1,健康宣教,0.0,0.0,29603688173.644894,10000
5,PARTIAL_PUBLIC_PAYER,157500,S2,社区健身,0.024,0.0015304901175767194,87001425807.81615,10000
5,PARTIAL_PUBLIC_PAYER,157500,S3,公共健身设施,0.0014,0.0003739037309254884,65947728627.22694,10000
5,PARTIAL_PUBLIC_PAYER,157500,S4,体卫融合,0.4515,0.004976421907354721,150965417136.73734,10000
5,PARTIAL_PUBLIC_PAYER,157500,S5,智慧健身,0.0059,0.000765845284636525,72902994146.49373,10000
5,PARTIAL_PUBLIC_PAYER,157500,S6,综合政策,0.5172,0.004997040724268715,154723035798.12146,10000
5,PARTIAL_PUBLIC_PAYER,160000,S0,动态基线,0.0,0.0,0.0,10000
5,PARTIAL_PUBLIC_PAYER,160000,S1,健康宣教,0.0,0.0,30082818782.71945,10000
5,PARTIAL_PUBLIC_PAYER,160000,S2,社区健身,0.0239,0.0015273765089197882,88444724454.80869,10000
5,PARTIAL_PUBLIC_PAYER,160000,S3,公共健身设施,0.0014,0.0003739037309254884,67125870435.323524,10000
5,PARTIAL_PUBLIC_PAYER,160000,S4,体卫融合,0.4497,0.004974634760462319,153367035295.0401,10000
5,PARTIAL_PUBLIC_PAYER,160000,S5,智慧健身,0.0059,0.000765845284636525,74064101646.53082,10000
5,PARTIAL_PUBLIC_PAYER,160000,S6,综合政策,0.5191,0.004996350568164728,157417033256.05325,10000
5,PARTIAL_PUBLIC_PAYER,162500,S0,动态基线,0.0,0.0,0.0,10000
5,PARTIAL_PUBLIC_PAYER,162500,S1,健康宣教,0.0,0.0,30561949391.794014,10000
5,PARTIAL_PUBLIC_PAYER,162500,S2,社区健身,0.0238,0.0015242558840299748,89888023101.80122,10000
5,PARTIAL_PUBLIC_PAYER,162500,S3,公共健身设施,0.0014,0.0003739037309254884,68304012243.42011,10000
5,PARTIAL_PUBLIC_PAYER,162500,S4,体卫融合,0.4475,0.004972361109171377,155768653453.34286,10000
5,PARTIAL_PUBLIC_PAYER,162500,S5,智慧健身,0.0059,0.000765845284636525,75225209146.56793,10000
5,PARTIAL_PUBLIC_PAYER,162500,S6,综合政策,0.5214,0.004995418300803247,160111030713.98505,10000
5,PARTIAL_PUBLIC_PAYER,165000,S0,动态基线,0.0,0.0,0.0,10000
5,PARTIAL_PUBLIC_PAYER,165000,S1,健康宣教,0.0,0.0,31041080000.86857,10000
5,PARTIAL_PUBLIC_PAYER,165000,S2,社区健身,0.0238,0.0015242558840299748,91331321748.79378,10000
5,PARTIAL_PUBLIC_PAYER,165000,S3,公共健身设施,0.0014,0.0003739037309254884,69482154051.5167,10000
5,PARTIAL_PUBLIC_PAYER,165000,S4,体卫融合,0.4457,0.004970427647597337,158170271611.6456,10000
5,PARTIAL_PUBLIC_PAYER,165000,S5,智慧健身,0.0059,0.000765845284636525,76386316646.60503,10000
5,PARTIAL_PUBLIC_PAYER,165000,S6,综合政策,0.5232,0.004994614699854234,162805028171.91684,10000
5,PARTIAL_PUBLIC_PAYER,167500,S0,动态基线,0.0,0.0,0.0,10000
5,PARTIAL_PUBLIC_PAYER,167500,S1,健康宣教,0.0,0.0,31520210609.943127,10000
5,PARTIAL_PUBLIC_PAYER,167500,S2,社区健身,0.0237,0.0015211281997254537,92774620395.78632,10000
5,PARTIAL_PUBLIC_PAYER,167500,S3,公共健身设施,0.0014,0.0003739037309254884,70660295859.61328,10000
5,PARTIAL_PUBLIC_PAYER,167500,S4,体卫融合,0.4444,0.0049689902394752196,160571889769.94836,10000
5,PARTIAL_PUBLIC_PAYER,167500,S5,智慧健身,0.0059,0.000765845284636525,77547424146.64212,10000
5,PARTIAL_PUBLIC_PAYER,167500,S6,综合政策,0.5246,0.0049939447333746095,165499025629.8486,10000
5,PARTIAL_PUBLIC_PAYER,170000,S0,动态基线,0.0,0.0,0.0,10000
5,PARTIAL_PUBLIC_PAYER,170000,S1,健康宣教,0.0,0.0,31999341219.01769,10000
5,PARTIAL_PUBLIC_PAYER,170000,S2,社区健身,0.0234,0.0015117023516552457,94217919042.77885,10000
5,PARTIAL_PUBLIC_PAYER,170000,S3,公共健身设施,0.0014,0.0003739037309254884,71838437667.70987,10000
5,PARTIAL_PUBLIC_PAYER,170000,S4,体卫融合,0.4428,0.004967173844350528,162973507928.2511,10000
5,PARTIAL_PUBLIC_PAYER,170000,S5,智慧健身,0.0058,0.0007593655246322419,78708531646.67923,10000
5,PARTIAL_PUBLIC_PAYER,170000,S6,综合政策,0.5266,0.004992919386491234,168193023087.7804,10000
5,PARTIAL_PUBLIC_PAYER,172500,S0,动态基线,0.0,0.0,0.0,10000
5,PARTIAL_PUBLIC_PAYER,172500,S1,健康宣教,0.0,0.0,32478471828.09225,10000
5,PARTIAL_PUBLIC_PAYER,172500,S2,社区健身,0.0233,0.001508545988692423,95661217689.7714,10000
5,PARTIAL_PUBLIC_PAYER,172500,S3,公共健身设施,0.0014,0.0003739037309254884,73016579475.80646,10000
5,PARTIAL_PUBLIC_PAYER,172500,S4,体卫融合,0.4416,0.004965777280547326,165375126086.55386,10000
5,PARTIAL_PUBLIC_PAYER,172500,S5,智慧健身,0.0058,0.0007593655246322419,79869639146.71632,10000
5,PARTIAL_PUBLIC_PAYER,172500,S6,综合政策,0.5279,0.004992209831327205,170887020545.7122,10000
5,PARTIAL_PUBLIC_PAYER,175000,S0,动态基线,0.0,0.0,0.0,10000
5,PARTIAL_PUBLIC_PAYER,175000,S1,健康宣教,0.0,0.0,32957602437.166805,10000
5,PARTIAL_PUBLIC_PAYER,175000,S2,社区健身,0.0231,0.0015022113699476515,97104516336.76393,10000
5,PARTIAL_PUBLIC_PAYER,175000,S3,公共健身设施,0.0014,0.0003739037309254884,74194721283.90305,10000
5,PARTIAL_PUBLIC_PAYER,175000,S4,体卫融合,0.4399,0.004963748482749705,167776744244.85663,10000
5,PARTIAL_PUBLIC_PAYER,175000,S5,智慧健身,0.0057,0.0007528286657666537,81030746646.75342,10000
5,PARTIAL_PUBLIC_PAYER,175000,S6,综合政策,0.5299,0.004991051893138359,173581018003.64395,10000
5,PARTIAL_PUBLIC_PAYER,177500,S0,动态基线,0.0,0.0,0.0,10000
5,PARTIAL_PUBLIC_PAYER,177500,S1,健康宣教,0.0,0.0,33436733046.241364,10000
5,PARTIAL_PUBLIC_PAYER,177500,S2,社区健身,0.0229,0.0014958472515601317,98547814983.75647,10000
5,PARTIAL_PUBLIC_PAYER,177500,S3,公共健身设施,0.0014,0.0003739037309254884,75372863091.99965,10000
5,PARTIAL_PUBLIC_PAYER,177500,S4,体卫融合,0.438,0.00496141108959941,170178362403.1594,10000
5,PARTIAL_PUBLIC_PAYER,177500,S5,智慧健身,0.0057,0.0007528286657666537,82191854146.79053,10000
5,PARTIAL_PUBLIC_PAYER,177500,S6,综合政策,0.532,0.00498974949271003,176275015461.57574,10000
5,PARTIAL_PUBLIC_PAYER,180000,S0,动态基线,0.0,0.0,0.0,10000
5,PARTIAL_PUBLIC_PAYER,180000,S1,健康宣教,0.0,0.0,33915863655.315918,10000
5,PARTIAL_PUBLIC_PAYER,180000,S2,社区健身,0.0228,0.0014926540121541897,99991113630.74901,10000
5,PARTIAL_PUBLIC_PAYER,180000,S3,公共健身设施,0.0014,0.0003739037309254884,76551004900.09624,10000
5,PARTIAL_PUBLIC_PAYER,180000,S4,体卫融合,0.4363,0.0049592571016231855,172579980561.46216,10000
5,PARTIAL_PUBLIC_PAYER,180000,S5,智慧健身,0.0057,0.0007528286657666537,83352961646.82762,10000
5,PARTIAL_PUBLIC_PAYER,180000,S6,综合政策,0.5338,0.004988562518401469,178969012919.50754,10000
5,PARTIAL_PUBLIC_PAYER,182500,S0,动态基线,0.0,0.0,0.0,10000
5,PARTIAL_PUBLIC_PAYER,182500,S1,健康宣教,0.0,0.0,34394994264.39049,10000
5,PARTIAL_PUBLIC_PAYER,182500,S2,社区健身,0.0228,0.0014926540121541897,101434412277.74155,10000
5,PARTIAL_PUBLIC_PAYER,182500,S3,公共健身设施,0.0014,0.0003739037309254884,77729146708.19283,10000
5,PARTIAL_PUBLIC_PAYER,182500,S4,体卫融合,0.4349,0.004957438754034184,174981598719.7649,10000
5,PARTIAL_PUBLIC_PAYER,182500,S5,智慧健身,0.0056,0.0007462332075162562,84514069146.86473,10000
5,PARTIAL_PUBLIC_PAYER,182500,S6,综合政策,0.5353,0.004987523533779064,181663010377.4393,10000
5,PARTIAL_PUBLIC_PAYER,185000,S0,动态基线,0.0,0.0,0.0,10000
5,PARTIAL_PUBLIC_PAYER,185000,S1,健康宣教,0.0,0.0,34874124873.46504,10000
5,PARTIAL_PUBLIC_PAYER,185000,S2,社区健身,0.0228,0.0014926540121541897,102877710924.7341,10000
5,PARTIAL_PUBLIC_PAYER,185000,S3,公共健身设施,0.0014,0.0003739037309254884,78907288516.28941,10000
5,PARTIAL_PUBLIC_PAYER,185000,S4,体卫融合,0.4333,0.0049553113928390005,177383216878.06766,10000
5,PARTIAL_PUBLIC_PAYER,185000,S5,智慧健身,0.0056,0.0007462332075162562,85675176646.90182,10000
5,PARTIAL_PUBLIC_PAYER,185000,S6,综合政策,0.5369,0.0049863653095215555,184357007835.3711,10000
5,PARTIAL_PUBLIC_PAYER,187500,S0,动态基线,0.0,0.0,0.0,10000
5,PARTIAL_PUBLIC_PAYER,187500,S1,健康宣教,0.0,0.0,35353255482.5396,10000
5,PARTIAL_PUBLIC_PAYER,187500,S2,社区健身,0.0226,0.0014862449327079303,104321009571.72664,10000
5,PARTIAL_PUBLIC_PAYER,187500,S3,公共健身设施,0.0014,0.0003739037309254884,80085430324.386,10000
5,PARTIAL_PUBLIC_PAYER,187500,S4,体卫融合,0.4325,0.004954227992331399,179784835036.3704,10000
5,PARTIAL_PUBLIC_PAYER,187500,S5,智慧健身,0.0056,0.0007462332075162562,86836284146.93892,10000
5,PARTIAL_PUBLIC_PAYER,187500,S6,综合政策,0.5379,0.004985615207775265,187051005293.3029,10000
5,PARTIAL_PUBLIC_PAYER,190000,S0,动态基线,0.0,0.0,0.0,10000
5,PARTIAL_PUBLIC_PAYER,190000,S1,健康宣教,0.0,0.0,35832386091.61417,10000
5,PARTIAL_PUBLIC_PAYER,190000,S2,社区健身,0.0226,0.0014862449327079303,105764308218.71918,10000
5,PARTIAL_PUBLIC_PAYER,190000,S3,公共健身设施,0.0014,0.0003739037309254884,81263572132.48259,10000
5,PARTIAL_PUBLIC_PAYER,190000,S4,体卫融合,0.4313,0.004952578217454017,182186453194.67316,10000
5,PARTIAL_PUBLIC_PAYER,190000,S5,智慧健身,0.0056,0.0007462332075162562,87997391646.97603,10000
5,PARTIAL_PUBLIC_PAYER,190000,S6,综合政策,0.5391,0.004984688455660995,189745002751.23468,10000
5,PARTIAL_PUBLIC_PAYER,192500,S0,动态基线,0.0,0.0,0.0,10000
5,PARTIAL_PUBLIC_PAYER,192500,S1,健康宣教,0.0,0.0,36311516700.68872,10000
5,PARTIAL_PUBLIC_PAYER,192500,S2,社区健身,0.0226,0.0014862449327079303,107207606865.71172,10000
5,PARTIAL_PUBLIC_PAYER,192500,S3,公共健身设施,0.0014,0.0003739037309254884,82441713940.57918,10000
5,PARTIAL_PUBLIC_PAYER,192500,S4,体卫融合,0.43,0.004950757517794626,184588071352.97592,10000
5,PARTIAL_PUBLIC_PAYER,192500,S5,智慧健身,0.0056,0.0007462332075162562,89158499147.01312,10000
5,PARTIAL_PUBLIC_PAYER,192500,S6,综合政策,0.5404,0.004983651673221154,192439000209.16647,10000
5,PARTIAL_PUBLIC_PAYER,195000,S0,动态基线,0.0,0.0,0.0,10000
5,PARTIAL_PUBLIC_PAYER,195000,S1,健康宣教,0.0,0.0,36790647309.763275,10000
5,PARTIAL_PUBLIC_PAYER,195000,S2,社区健身,0.0225,0.001483028994996389,108650905512.70425,10000
5,PARTIAL_PUBLIC_PAYER,195000,S3,公共健身设施,0.0014,0.0003739037309254884,83619855748.67578,10000
5,PARTIAL_PUBLIC_PAYER,195000,S4,体卫融合,0.4287,0.004948901999433813,186989689511.2787,10000
5,PARTIAL_PUBLIC_PAYER,195000,S5,智慧健身,0.0056,0.0007462332075162562,90319606647.05023,10000
5,PARTIAL_PUBLIC_PAYER,195000,S6,综合政策,0.5418,0.004982496964374389,195132997667.09824,10000
5,PARTIAL_PUBLIC_PAYER,197500,S0,动态基线,0.0,0.0,0.0,10000
5,PARTIAL_PUBLIC_PAYER,197500,S1,健康宣教,0.0,0.0,37269777918.83784,10000
5,PARTIAL_PUBLIC_PAYER,197500,S2,社区健身,0.0224,0.0014798053926107987,110094204159.6968,10000
5,PARTIAL_PUBLIC_PAYER,197500,S3,公共健身设施,0.0013,0.00036032069049667407,84797997556.77237,10000
5,PARTIAL_PUBLIC_PAYER,197500,S4,体卫融合,0.4278,0.004947596992480289,189391307669.58142,10000
5,PARTIAL_PUBLIC_PAYER,197500,S5,智慧健身,0.0056,0.0007462332075162562,91480714147.08731,10000
5,PARTIAL_PUBLIC_PAYER,197500,S6,综合政策,0.5429,0.0049815619036603365,197826995125.03006,10000
5,PARTIAL_PUBLIC_PAYER,200000,S0,动态基线,0.0,0.0,0.0,10000
5,PARTIAL_PUBLIC_PAYER,200000,S1,健康宣教,0.0,0.0,37748908527.91239,10000
5,PARTIAL_PUBLIC_PAYER,200000,S2,社区健身,0.0223,0.0014765740753514536,111537502806.68933,10000
5,PARTIAL_PUBLIC_PAYER,200000,S3,公共健身设施,0.0013,0.00036032069049667407,85976139364.86896,10000
5,PARTIAL_PUBLIC_PAYER,200000,S4,体卫融合,0.4263,0.004945384818191604,191792925827.8842,10000
5,PARTIAL_PUBLIC_PAYER,200000,S5,智慧健身,0.0056,0.0007462332075162562,92641821647.1244,10000
5,PARTIAL_PUBLIC_PAYER,200000,S6,综合政策,0.5445,0.004980158130019568,200520992582.96182,10000
10,PROGRAMME_ONLY,0,S0,动态基线,1.0,0.0,0.0,10000
10,PROGRAMME_ONLY,0,S1,健康宣教,0.0,0.0,-1524230689.8313348,10000
10,PROGRAMME_ONLY,0,S2,社区健身,0.0,0.0,-11590770217.948284,10000
10,PROGRAMME_ONLY,0,S3,公共健身设施,0.0,0.0,-9192664171.431356,10000
10,PROGRAMME_ONLY,0,S4,体卫融合,0.0,0.0,-3494565960.715251,10000
10,PROGRAMME_ONLY,0,S5,智慧健身,0.0,0.0,-1480173683.0206838,10000
10,PROGRAMME_ONLY,0,S6,综合政策,0.0,0.0,-25890241145.58613,10000
10,PROGRAMME_ONLY,2500,S0,动态基线,0.0,0.0,0.0,10000
10,PROGRAMME_ONLY,2500,S1,健康宣教,0.0033,0.0005735076285456019,441812368.95853996,10000
10,PROGRAMME_ONLY,2500,S2,社区健身,0.0003,0.00017317909804592468,-5669231911.2080765,10000
10,PROGRAMME_ONLY,2500,S3,公共健身设施,0.0078,0.000879724957017817,-2469874080.9641995,10000
10,PROGRAMME_ONLY,2500,S4,体卫融合,0.8309,0.0037484021929350114,6361752908.9740925,10000
10,PROGRAMME_ONLY,2500,S5,智慧健身,0.1501,0.0035716941358408614,3284755225.528109,10000
10,PROGRAMME_ONLY,2500,S6,综合政策,0.0076,0.0008684607072285999,-10522543334.515009,10000
10,PROGRAMME_ONLY,5000,S0,动态基线,0.0,0.0,0.0,10000
10,PROGRAMME_ONLY,5000,S1,健康宣教,0.0009,0.0002998649696113236,2407855427.7484145,10000
10,PROGRAMME_ONLY,5000,S2,社区健身,0.0038,0.0006152690468404858,252306395.532133,10000
10,PROGRAMME_ONLY,5000,S3,公共健身设施,0.0235,0.001514851477868375,4252916009.502958,10000
10,PROGRAMME_ONLY,5000,S4,体卫融合,0.7822,0.004127507238031207,16218071778.663435,10000
10,PROGRAMME_ONLY,5000,S5,智慧健身,0.0546,0.0022719779928511634,8049684134.076901,10000
10,PROGRAMME_ONLY,5000,S6,综合政策,0.135,0.003417235724968355,4845154476.55611,10000
10,PROGRAMME_ONLY,7500,S0,动态基线,0.0,0.0,0.0,10000
10,PROGRAMME_ONLY,7500,S1,健康宣教,0.0002,0.00014140721339450828,4373898486.538289,10000
10,PROGRAMME_ONLY,7500,S2,社区健身,0.0064,0.0007974358908401352,6173844702.272342,10000
10,PROGRAMME_ONLY,7500,S3,公共健身设施,0.0275,0.0016353516441426292,10975706099.970116,10000
10,PROGRAMME_ONLY,7500,S4,体卫融合,0.6203,0.004853121778814128,26074390648.352776,10000
10,PROGRAMME_ONLY,7500,S5,智慧健身,0.0251,0.0015642886562268487,12814613042.625694,10000
10,PROGRAMME_ONLY,7500,S6,综合政策,0.3205,0.004666687797571206,20212852287.62723,10000
10,PROGRAMME_ONLY,10000,S0,动态基线,0.0,0.0,0.0,10000
10,PROGRAMME_ONLY,10000,S1,健康宣教,0.0002,0.00014140721339450828,6339941545.328164,10000
10,PROGRAMME_ONLY,10000,S2,社区健身,0.0065,0.0008036012692872006,12095383009.012552,10000
10,PROGRAMME_ONLY,10000,S3,公共健身设施,0.0245,0.0015459543977750442,17698496190.43727,10000
10,PROGRAMME_ONLY,10000,S4,体卫融合,0.481,0.004996388695848232,35930709518.04212,10000
10,PROGRAMME_ONLY,10000,S5,智慧健身,0.0133,0.0011455614344067278,17579541951.174488,10000
10,PROGRAMME_ONLY,10000,S6,综合政策,0.4745,0.00499349326624158,35580550098.69835,10000
10,PROGRAMME_ONLY,12500,S0,动态基线,0.0,0.0,0.0,10000
10,PROGRAMME_ONLY,12500,S1,健康宣教,0.0001,9.999499987499375e-05,8305984604.118037,10000
10,PROGRAMME_ONLY,12500,S2,社区健身,0.006,0.0007722693830523129,18016921315.75276,10000
10,PROGRAMME_ONLY,12500,S3,公共健身设施,0.0219,0.001463570633758412,24421286280.904427,10000
10,PROGRAMME_ONLY,12500,S4,体卫融合,0.3812,0.0048568154175344155,45787028387.73146,10000
10,PROGRAMME_ONLY,12500,S5,智慧健身,0.0079,0.0008853016435091489,22344470859.72328,10000
10,PROGRAMME_ONLY,12500,S6,综合政策,0.5829,0.004930796994401615,50948247909.76947,10000
10,PROGRAMME_ONLY,15000,S0,动态基线,0.0,0.0,0.0,10000
10,PROGRAMME_ONLY,15000,S1,健康宣教,0.0,0.0,10272027662.907913,10000
10,PROGRAMME_ONLY,15000,S2,社区健身,0.0061,0.0007786391975748459,23938459622.49297,10000
10,PROGRAMME_ONLY,15000,S3,公共健身设施,0.0183,0.001340339882268673,31144076371.371586,10000
10,PROGRAMME_ONLY,15000,S4,体卫融合,0.3141,0.004641564283730216,55643347257.4208,10000
10,PROGRAMME_ONLY,15000,S5,智慧健身,0.0062,0.0007849560497250785,27109399768.27207,10000
10,PROGRAMME_ONLY,15000,S6,综合政策,0.6553,0.004752703546403878,66315945720.840576,10000
10,PROGRAMME_ONLY,17500,S0,动态基线,0.0,0.0,0.0,10000
10,PROGRAMME_ONLY,17500,S1,健康宣教,0.0,0.0,12238070721.697788,10000
10,PROGRAMME_ONLY,17500,S2,社区健身,0.0057,0.0007528286657666537,29859997929.23318,10000
10,PROGRAMME_ONLY,17500,S3,公共健身设施,0.0163,0.0012662665596153127,37866866461.838745,10000
10,PROGRAMME_ONLY,17500,S4,体卫融合,0.2692,0.004435440902548471,65499666127.11015,10000
10,PROGRAMME_ONLY,17500,S5,智慧健身,0.0045,0.0006693093455196931,31874328676.82086,10000
10,PROGRAMME_ONLY,17500,S6,综合政策,0.7043,0.0045635677928568125,81683643531.9117,10000
10,PROGRAMME_ONLY,20000,S0,动态基线,0.0,0.0,0.0,10000
10,PROGRAMME_ONLY,20000,S1,健康宣教,0.0,0.0,14204113780.487663,10000
10,PROGRAMME_ONLY,20000,S2,社区健身,0.0058,0.0007593655246322419,35781536235.97339,10000
10,PROGRAMME_ONLY,20000,S3,公共健身设施,0.0144,0.0011913286700151221,44589656552.3059,10000
10,PROGRAMME_ONLY,20000,S4,体卫融合,0.2322,0.004222359056262269,75355984996.7995,10000
10,PROGRAMME_ONLY,20000,S5,智慧健身,0.0034,0.0005821030836544331,36639257585.36966,10000
10,PROGRAMME_ONLY,20000,S6,综合政策,0.7442,0.004363099357108431,97051341342.98283,10000
10,PROGRAMME_ONLY,22500,S0,动态基线,0.0,0.0,0.0,10000
10,PROGRAMME_ONLY,22500,S1,健康宣教,0.0,0.0,16170156839.277534,10000
10,PROGRAMME_ONLY,22500,S2,社区健身,0.0055,0.0007395775821372629,41703074542.7136,10000
10,PROGRAMME_ONLY,22500,S3,公共健身设施,0.0121,0.001093324745901235,51312446642.773056,10000
10,PROGRAMME_ONLY,22500,S4,体卫融合,0.2083,0.004060924894651464,85212303866.48883,10000
10,PROGRAMME_ONLY,22500,S5,智慧健身,0.0029,0.0005377350648786073,41404186493.91845,10000
10,PROGRAMME_ONLY,22500,S6,综合政策,0.7712,0.004200601861638401,112419039154.05396,10000
10,PROGRAMME_ONLY,25000,S0,动态基线,0.0,0.0,0.0,10000
10,PROGRAMME_ONLY,25000,S1,健康宣教,0.0,0.0,18136199898.067413,10000
10,PROGRAMME_ONLY,25000,S2,社区健身,0.0054,0.0007328601503697688,47624612849.45381,10000
10,PROGRAMME_ONLY,25000,S3,公共健身设施,0.0111,0.0010477017705435073,58035236733.24021,10000
10,PROGRAMME_ONLY,25000,S4,体卫融合,0.1887,0.003912701240830943,95068622736.17818,10000
10,PROGRAMME_ONLY,25000,S5,智慧健身,0.0025,0.0004993746088859545,46169115402.46725,10000
10,PROGRAMME_ONLY,25000,S6,综合政策,0.7923,0.004056608312371309,127786736965.12508,10000
10,PROGRAMME_ONLY,27500,S0,动态基线,0.0,0.0,0.0,10000
10,PROGRAMME_ONLY,27500,S1,健康宣教,0.0,0.0,20102242956.857285,10000
10,PROGRAMME_ONLY,27500,S2,社区健身,0.0049,0.0006982828939620389,53546151156.194016,10000
10,PROGRAMME_ONLY,27500,S3,公共健身设施,0.0103,0.0010096489488926337,64758026823.707375,10000
10,PROGRAMME_ONLY,27500,S4,体卫融合,0.1735,0.0037867895373257807,104924941605.86752,10000
10,PROGRAMME_ONLY,27500,S5,智慧健身,0.0023,0.0004790313142165134,50934044311.01604,10000
10,PROGRAMME_ONLY,27500,S6,综合政策,0.809,0.00393089048435593,143154434776.1962,10000
10,PROGRAMME_ONLY,30000,S0,动态基线,0.0,0.0,0.0,10000
10,PROGRAMME_ONLY,30000,S1,健康宣教,0.0,0.0,22068286015.647163,10000
10,PROGRAMME_ONLY,30000,S2,社区健身,0.0048,0.0006911555541265655,59467689462.93423,10000
10,PROGRAMME_ONLY,30000,S3,公共健身设施,0.0096,0.0009750815350523257,71480816914.17453,10000
10,PROGRAMME_ONLY,30000,S4,体卫融合,0.1605,0.0036706913517755755,114781260475.55685,10000
10,PROGRAMME_ONLY,30000,S5,智慧健身,0.0022,0.0004685253461660319,55698973219.56483,10000
10,PROGRAMME_ONLY,30000,S6,综合政策,0.8229,0.0038175331039822045,158522132587.2673,10000
10,PROGRAMME_ONLY,32500,S0,动态基线,0.0,0.0,0.0,10000
10,PROGRAMME_ONLY,32500,S1,健康宣教,0.0,0.0,24034329074.437035,10000
10,PROGRAMME_ONLY,32500,S2,社区健身,0.0047,0.0006839524837296814,65389227769.67442,10000
10,PROGRAMME_ONLY,32500,S3,公共健身设施,0.0087,0.0009286716319560968,78203607004.64168,10000
10,PROGRAMME_ONLY,32500,S4,体卫融合,0.1504,0.0035746306102868866,124637579345.2462,10000
10,PROGRAMME_ONLY,32500,S5,智慧健身,0.0019,0.0004354756020720334,60463902128.113625,10000
10,PROGRAMME_ONLY,32500,S6,综合政策,0.8343,0.0037181112140440334,173889830398.33844,10000
10,PROGRAMME_ONLY,35000,S0,动态基线,0.0,0.0,0.0,10000
10,PROGRAMME_ONLY,35000,S1,健康宣教,0.0,0.0,26000372133.22691,10000
10,PROGRAMME_ONLY,35000,S2,社区健身,0.0046,0.0006766712643521964,71310766076.41466,10000
10,PROGRAMME_ONLY,35000,S3,公共健身设施,0.008,0.0008908422980528036,84926397095.10884,10000
10,PROGRAMME_ONLY,35000,S4,体卫融合,0.143,0.0035007284956134485,134493898214.93555,10000
10,PROGRAMME_ONLY,35000,S5,智慧健身,0.0016,0.0003996798718974975,65228831036.6624,10000
10,PROGRAMME_ONLY,35000,S6,综合政策,0.8428,0.003639892306099179,189257528209.40955,10000
10,PROGRAMME_ONLY,37500,S0,动态基线,0.0,0.0,0.0,10000
10,PROGRAMME_ONLY,37500,S1,健康宣教,0.0,0.0,27966415192.01678,10000
10,PROGRAMME_ONLY,37500,S2,社区健身,0.0043,0.0006543324842921984,77232304383.15485,10000
10,PROGRAMME_ONLY,37500,S3,公共健身设施,0.0076,0.0008684607072285999,91649187185.57599,10000
10,PROGRAMME_ONLY,37500,S4,体卫融合,0.1377,0.00344584837159153,144350217084.6249,10000
10,PROGRAMME_ONLY,37500,S5,智慧健身,0.0016,0.0003996798718974975,69993759945.2112,10000
10,PROGRAMME_ONLY,37500,S6,综合政策,0.8488,0.0035824371592534598,204625226020.48065,10000
10,PROGRAMME_ONLY,40000,S0,动态基线,0.0,0.0,0.0,10000
10,PROGRAMME_ONLY,40000,S1,健康宣教,0.0,0.0,29932458250.806664,10000
10,PROGRAMME_ONLY,40000,S2,社区健身,0.0042,0.0006467116822819887,83153842689.89507,10000
10,PROGRAMME_ONLY,40000,S3,公共健身设施,0.0073,0.0008512761009214343,98371977276.04315,10000
10,PROGRAMME_ONLY,40000,S4,体卫融合,0.1316,0.0033805538007847177,154206535954.31424,10000
10,PROGRAMME_ONLY,40000,S5,智慧健身,0.0015,0.0003870077518603471,74758688853.76,10000
10,PROGRAMME_ONLY,40000,S6,综合政策,0.8554,0.003516970855722293,219992923831.5518,10000
10,PROGRAMME_ONLY,42500,S0,动态基线,0.0,0.0,0.0,10000
10,PROGRAMME_ONLY,42500,S1,健康宣教,0.0,0.0,31898501309.59653,10000
10,PROGRAMME_ONLY,42500,S2,社区健身,0.0039,0.0006232808355789547,89075380996.63527,10000
10,PROGRAMME_ONLY,42500,S3,公共健身设施,0.0067,0.0008157885755512883,105094767366.51033,10000
10,PROGRAMME_ONLY,42500,S4,体卫融合,0.1269,0.0033286091690073803,164062854824.00357,10000
10,PROGRAMME_ONLY,42500,S5,智慧健身,0.0015,0.0003870077518603471,79523617762.30879,10000
10,PROGRAMME_ONLY,42500,S6,综合政策,0.861,0.003459465276599839,235360621642.6229,10000
10,PROGRAMME_ONLY,45000,S0,动态基线,0.0,0.0,0.0,10000
10,PROGRAMME_ONLY,45000,S1,健康宣教,0.0,0.0,33864544368.386414,10000
10,PROGRAMME_ONLY,45000,S2,社区健身,0.0037,0.0006071498991188255,94996919303.37547,10000
10,PROGRAMME_ONLY,45000,S3,公共健身设施,0.0065,0.0008036012692872006,111817557456.97748,10000
10,PROGRAMME_ONLY,45000,S4,体卫融合,0.1237,0.0032923898614836003,173919173693.69293,10000
10,PROGRAMME_ONLY,45000,S5,智慧健身,0.0014,0.0003739037309254884,84288546670.85757,10000
10,PROGRAMME_ONLY,45000,S6,综合政策,0.8647,0.003420437252750004,250728319453.694,10000
10,PROGRAMME_ONLY,47500,S0,动态基线,0.0,0.0,0.0,10000
10,PROGRAMME_ONLY,47500,S1,健康宣教,0.0,0.0,35830587427.176285,10000
10,PROGRAMME_ONLY,47500,S2,社区健身,0.0038,0.0006152690468404858,100918457610.11569,10000
10,PROGRAMME_ONLY,47500,S3,公共健身设施,0.0062,0.0007849560497250785,118540347547.44463,10000
10,PROGRAMME_ONLY,47500,S4,体卫融合,0.1193,0.003241411883732149,183775492563.38226,10000
10,PROGRAMME_ONLY,47500,S5,智慧健身,0.0011,0.00033148001448051134,89053475579.40637,10000
10,PROGRAMME_ONLY,47500,S6,综合政策,0.8696,0.003367429880487491,266096017264.76514,10000
10,PROGRAMME_ONLY,50000,S0,动态基线,0.0,0.0,0.0,10000
10,PROGRAMME_ONLY,50000,S1,健康宣教,0.0,0.0,37796630485.96616,10000
10,PROGRAMME_ONLY,50000,S2,社区健身,0.0038,0.0006152690468404858,106839995916.8559,10000
10,PROGRAMME_ONLY,50000,S3,公共健身设施,0.0059,0.000765845284636525,125263137637.91177,10000
10,PROGRAMME_ONLY,50000,S4,体卫融合,0.1161,0.003203447986154918,193631811433.0716,10000
10,PROGRAMME_ONLY,50000,S5,智慧健身,0.0011,0.00033148001448051134,93818404487.95517,10000
10,PROGRAMME_ONLY,50000,S6,综合政策,0.8731,0.0033286091690073803,281463715075.83624,10000
10,PROGRAMME_ONLY,52500,S0,动态基线,0.0,0.0,0.0,10000
10,PROGRAMME_ONLY,52500,S1,健康宣教,0.0,0.0,39762673544.756035,10000
10,PROGRAMME_ONLY,52500,S2,社区健身,0.0038,0.0006152690468404858,112761534223.5961,10000
10,PROGRAMME_ONLY,52500,S3,公共健身设施,0.0059,0.000765845284636525,131985927728.37892,10000
10,PROGRAMME_ONLY,52500,S4,体卫融合,0.1125,0.0031598061649411343,203488130302.76096,10000
10,PROGRAMME_ONLY,52500,S5,智慧健身,0.0011,0.00033148001448051134,98583333396.50395,10000
10,PROGRAMME_ONLY,52500,S6,综合政策,0.8767,0.0032878124946535497,296831412886.9074,10000
10,PROGRAMME_ONLY,55000,S0,动态基线,0.0,0.0,0.0,10000
10,PROGRAMME_ONLY,55000,S1,健康宣教,0.0,0.0,41728716603.545906,10000
10,PROGRAMME_ONLY,55000,S2,社区健身,0.0038,0.0006152690468404858,118683072530.33632,10000
10,PROGRAMME_ONLY,55000,S3,公共健身设施,0.0059,0.000765845284636525,138708717818.8461,10000
10,PROGRAMME_ONLY,55000,S4,体卫融合,0.1097,0.0031251545561779824,213344449172.4503,10000
10,PROGRAMME_ONLY,55000,S5,智慧健身,0.001,0.0003160696125855822,103348262305.05275,10000
10,PROGRAMME_ONLY,55000,S6,综合政策,0.8796,0.0032542870186878102,312199110697.9785,10000
10,PROGRAMME_ONLY,57500,S0,动态基线,0.0,0.0,0.0,10000
10,PROGRAMME_ONLY,57500,S1,健康宣教,0.0,0.0,43694759662.335785,10000
10,PROGRAMME_ONLY,57500,S2,社区健身,0.0038,0.0006152690468404858,124604610837.07652,10000
10,PROGRAMME_ONLY,57500,S3,公共健身设施,0.0054,0.0007328601503697688,145431507909.31326,10000
10,PROGRAMME_ONLY,57500,S4,体卫融合,0.1072,0.0030936735445098278,223200768042.13965,10000
10,PROGRAMME_ONLY,57500,S5,智慧健身,0.0009,0.0002998649696113236,108113191213.60153,10000
10,PROGRAMME_ONLY,57500,S6,综合政策,0.8827,0.0032177742307377623,327566808509.0496,10000
10,PROGRAMME_ONLY,60000,S0,动态基线,0.0,0.0,0.0,10000
10,PROGRAMME_ONLY,60000,S1,健康宣教,0.0,0.0,45660802721.125656,10000
10,PROGRAMME_ONLY,60000,S2,社区健身,0.0036,0.0005989190262464534,130526149143.81676,10000
10,PROGRAMME_ONLY,60000,S3,公共健身设施,0.0053,0.0007260791967822794,152154297999.7804,10000
10,PROGRAMME_ONLY,60000,S4,体卫融合,0.1052,0.003068109515646402,233057086911.82895,10000
10,PROGRAMME_ONLY,60000,S5,智慧健身,0.0008,0.0002827295527531567,112878120122.15034,10000
10,PROGRAMME_ONLY,60000,S6,综合政策,0.8851,0.0031890122295155907,342934506320.1207,10000
10,PROGRAMME_ONLY,62500,S0,动态基线,0.0,0.0,0.0,10000
10,PROGRAMME_ONLY,62500,S1,健康宣教,0.0,0.0,47626845779.91553,10000
10,PROGRAMME_ONLY,62500,S2,社区健身,0.0036,0.0005989190262464534,136447687450.55695,10000
10,PROGRAMME_ONLY,62500,S3,公共健身设施,0.0052,0.0007192329247191065,158877088090.2476,10000
10,PROGRAMME_ONLY,62500,S4,体卫融合,0.1026,0.0030343572630789537,242913405781.5183,10000
10,PROGRAMME_ONLY,62500,S5,智慧健身,0.0007,0.00026448251359967073,117643049030.69913,10000
10,PROGRAMME_ONLY,62500,S6,综合政策,0.8879,0.003154894451483282,358302204131.19183,10000
10,PROGRAMME_ONLY,65000,S0,动态基线,0.0,0.0,0.0,10000
10,PROGRAMME_ONLY,65000,S1,健康宣教,0.0,0.0,49592888838.70541,10000
10,PROGRAMME_ONLY,65000,S2,社区健身,0.0036,0.0005989190262464534,142369225757.29715,10000
10,PROGRAMME_ONLY,65000,S3,公共健身设施,0.0052,0.0007192329247191065,165599878180.71472,10000
10,PROGRAMME_ONLY,65000,S4,体卫融合,0.1005,0.0030066551182335497,252769724651.20764,10000
10,PROGRAMME_ONLY,65000,S5,智慧健身,0.0007,0.00026448251359967073,122407977939.24792,10000
10,PROGRAMME_ONLY,65000,S6,综合政策,0.89,0.003128897569432403,373669901942.26294,10000
10,PROGRAMME_ONLY,67500,S0,动态基线,0.0,0.0,0.0,10000
10,PROGRAMME_ONLY,67500,S1,健康宣教,0.0,0.0,51558931897.495285,10000
10,PROGRAMME_ONLY,67500,S2,社区健身,0.0036,0.0005989190262464534,148290764064.03735,10000
10,PROGRAMME_ONLY,67500,S3,公共健身设施,0.0051,0.0007123194508084137,172322668271.1819,10000
10,PROGRAMME_ONLY,67500,S4,体卫融合,0.0987,0.0029825879702030586,262626043520.897,10000
10,PROGRAMME_ONLY,67500,S5,智慧健身,0.0006,0.0002448754785600224,127172906847.79672,10000
10,PROGRAMME_ONLY,67500,S6,综合政策,0.892,0.003103804117530615,389037599753.3341,10000
10,PROGRAMME_ONLY,70000,S0,动态基线,0.0,0.0,0.0,10000
10,PROGRAMME_ONLY,70000,S1,健康宣教,0.0,0.0,53524974956.28516,10000
10,PROGRAMME_ONLY,70000,S2,社区健身,0.0036,0.0005989190262464534,154212302370.7776,10000
10,PROGRAMME_ONLY,70000,S3,公共健身设施,0.005,0.0007053367989832942,179045458361.64905,10000
10,PROGRAMME_ONLY,70000,S4,体卫融合,0.0972,0.0029622991071125817,272482362390.5863,10000
10,PROGRAMME_ONLY,70000,S5,智慧健身,0.0006,0.0002448754785600224,131937835756.3455,10000
10,PROGRAMME_ONLY,70000,S6,综合政策,0.8936,0.0030834889330107877,404405297564.4052,10000
10,PROGRAMME_ONLY,72500,S0,动态基线,0.0,0.0,0.0,10000
10,PROGRAMME_ONLY,72500,S1,健康宣教,0.0,0.0,55491018015.07503,10000
10,PROGRAMME_ONLY,72500,S2,社区健身,0.0034,0.0005821030836544331,160133840677.5178,10000
10,PROGRAMME_ONLY,72500,S3,公共健身设施,0.0049,0.0006982828939620389,185768248452.1162,10000
10,PROGRAMME_ONLY,72500,S4,体卫融合,0.096,0.002945912422323515,282338681260.2757,10000
10,PROGRAMME_ONLY,72500,S5,智慧健身,0.0006,0.0002448754785600224,136702764664.8943,10000
10,PROGRAMME_ONLY,72500,S6,综合政策,0.8951,0.003064245257808193,419772995375.4763,10000
10,PROGRAMME_ONLY,75000,S0,动态基线,0.0,0.0,0.0,10000
10,PROGRAMME_ONLY,75000,S1,健康宣教,0.0,0.0,57457061073.8649,10000
10,PROGRAMME_ONLY,75000,S2,社区健身,0.0034,0.0005821030836544331,166055378984.258,10000
10,PROGRAMME_ONLY,75000,S3,公共健身设施,0.0048,0.0006911555541265655,192491038542.58334,10000
10,PROGRAMME_ONLY,75000,S4,体卫融合,0.0942,0.002921067613048353,292195000129.965,10000
10,PROGRAMME_ONLY,75000,S5,智慧健身,0.0006,0.0002448754785600224,141467693573.4431,10000
10,PROGRAMME_ONLY,75000,S6,综合政策,0.897,0.0030395887879777423,435140693186.5474,10000
10,PROGRAMME_ONLY,77500,S0,动态基线,0.0,0.0,0.0,10000
10,PROGRAMME_ONLY,77500,S1,健康宣教,0.0,0.0,59423104132.654785,10000
10,PROGRAMME_ONLY,77500,S2,社区健身,0.0034,0.0005821030836544331,171976917290.9982,10000
10,PROGRAMME_ONLY,77500,S3,公共健身设施,0.0048,0.0006911555541265655,199213828633.05054,10000
10,PROGRAMME_ONLY,77500,S4,体卫融合,0.0933,0.0029085238524034834,302051318999.6544,10000
10,PROGRAMME_ONLY,77500,S5,智慧健身,0.0005,0.0002235508890610816,146232622481.9919,10000
10,PROGRAMME_ONLY,77500,S6,综合政策,0.898,0.0030264831075028317,450508390997.6186,10000
10,PROGRAMME_ONLY,80000,S0,动态基线,0.0,0.0,0.0,10000
10,PROGRAMME_ONLY,80000,S1,健康宣教,0.0,0.0,61389147191.44465,10000
10,PROGRAMME_ONLY,80000,S2,社区健身,0.0034,0.0005821030836544331,177898455597.73843,10000
10,PROGRAMME_ONLY,80000,S3,公共健身设施,0.0048,0.0006911555541265655,205936618723.5177,10000
10,PROGRAMME_ONLY,80000,S4,体卫融合,0.0922,0.0028930807109377368,311907637869.3437,10000
10,PROGRAMME_ONLY,80000,S5,智慧健身,0.0005,0.0002235508890610816,150997551390.54068,10000
10,PROGRAMME_ONLY,80000,S6,综合政策,0.8991,0.0030119626491708026,465876088808.6897,10000
10,PROGRAMME_ONLY,82500,S0,动态基线,0.0,0.0,0.0,10000
10,PROGRAMME_ONLY,82500,S1,健康宣教,0.0,0.0,63355190250.23453,10000
10,PROGRAMME_ONLY,82500,S2,社区健身,0.0033,0.0005735076285456019,183819993904.47864,10000
10,PROGRAMME_ONLY,82500,S3,公共健身设施,0.0048,0.0006911555541265655,212659408813.98483,10000
10,PROGRAMME_ONLY,82500,S4,体卫融合,0.0918,0.002887434155093411,321763956739.033,10000
10,PROGRAMME_ONLY,82500,S5,智慧健身,0.0005,0.0002235508890610816,155762480299.08948,10000
10,PROGRAMME_ONLY,82500,S6,综合政策,0.8996,0.003005325939062185,481243786619.7608,10000
10,PROGRAMME_ONLY,85000,S0,动态基线,0.0,0.0,0.0,10000
10,PROGRAMME_ONLY,85000,S1,健康宣教,0.0,0.0,65321233309.0244,10000
10,PROGRAMME_ONLY,85000,S2,社区健身,0.0032,0.0005647796030311293,189741532211.21884,10000
10,PROGRAMME_ONLY,85000,S3,公共健身设施,0.0047,0.0006839524837296814,219382198904.452,10000
10,PROGRAMME_ONLY,85000,S4,体卫融合,0.091,0.0028760910973055077,331620275608.7224,10000
10,PROGRAMME_ONLY,85000,S5,智慧健身,0.0005,0.0002235508890610816,160527409207.63824,10000
10,PROGRAMME_ONLY,85000,S6,综合政策,0.9006,0.002991983288723385,496611484430.8319,10000
10,PROGRAMME_ONLY,87500,S0,动态基线,0.0,0.0,0.0,10000
10,PROGRAMME_ONLY,87500,S1,健康宣教,0.0,0.0,67287276367.81428,10000
10,PROGRAMME_ONLY,87500,S2,社区健身,0.0034,0.0005821030836544331,195663070517.95905,10000
10,PROGRAMME_ONLY,87500,S3,公共健身设施,0.0046,0.0006766712643521964,226104988994.91916,10000
10,PROGRAMME_ONLY,87500,S4,体卫融合,0.0904,0.002867539712017952,341476594478.41174,10000
10,PROGRAMME_ONLY,87500,S5,智慧健身,0.0005,0.0002235508890610816,165292338116.18704,10000
10,PROGRAMME_ONLY,87500,S6,综合政策,0.9011,0.0029852770390702433,511979182241.903,10000
10,PROGRAMME_ONLY,90000,S0,动态基线,0.0,0.0,0.0,10000
10,PROGRAMME_ONLY,90000,S1,健康宣教,0.0,0.0,69253319426.60416,10000
10,PROGRAMME_ONLY,90000,S2,社区健身,0.0034,0.0005821030836544331,201584608824.69925,10000
10,PROGRAMME_ONLY,90000,S3,公共健身设施,0.0045,0.0006693093455196931,232827779085.3863,10000
10,PROGRAMME_ONLY,90000,S4,体卫融合,0.0893,0.002851762788171555,351332913348.1011,10000
10,PROGRAMME_ONLY,90000,S5,智慧健身,0.0005,0.0002235508890610816,170057267024.73584,10000
10,PROGRAMME_ONLY,90000,S6,综合政策,0.9023,0.0029690858862619655,527346880052.9741,10000
10,PROGRAMME_ONLY,92500,S0,动态基线,0.0,0.0,0.0,10000
10,PROGRAMME_ONLY,92500,S1,健康宣教,0.0,0.0,71219362485.39403,10000
10,PROGRAMME_ONLY,92500,S2,社区健身,0.0034,0.0005821030836544331,207506147131.43945,10000
10,PROGRAMME_ONLY,92500,S3,公共健身设施,0.0045,0.0006693093455196931,239550569175.85345,10000
10,PROGRAMME_ONLY,92500,S4,体卫融合,0.0888,0.0028445484703200265,361189232217.7904,10000
10,PROGRAMME_ONLY,92500,S5,智慧健身,0.0005,0.0002235508890610816,174822195933.28464,10000
10,PROGRAMME_ONLY,92500,S6,综合政策,0.9028,0.0029622991071125817,542714577864.0453,10000
10,PROGRAMME_ONLY,95000,S0,动态基线,0.0,0.0,0.0,10000
10,PROGRAMME_ONLY,95000,S1,健康宣教,0.0,0.0,73185405544.1839,10000
10,PROGRAMME_ONLY,95000,S2,社区健身,0.0034,0.0005821030836544331,213427685438.1797,10000
10,PROGRAMME_ONLY,95000,S3,公共健身设施,0.0045,0.0006693093455196931,246273359266.3206,10000
10,PROGRAMME_ONLY,95000,S4,体卫融合,0.0881,0.0028344027589599892,371045551087.47974,10000
10,PROGRAMME_ONLY,95000,S5,智慧健身,0.0005,0.0002235508890610816,179587124841.83344,10000
10,PROGRAMME_ONLY,95000,S6,综合政策,0.9035,0.0029527571860889614,558082275675.1165,10000
10,PROGRAMME_ONLY,97500,S0,动态基线,0.0,0.0,0.0,10000
10,PROGRAMME_ONLY,97500,S1,健康宣教,0.0,0.0,75151448602.97377,10000
10,PROGRAMME_ONLY,97500,S2,社区健身,0.0034,0.0005821030836544331,219349223744.91986,10000
10,PROGRAMME_ONLY,97500,S3,公共健身设施,0.0045,0.0006693093455196931,252996149356.7878,10000
10,PROGRAMME_ONLY,97500,S4,体卫融合,0.0876,0.002827122919152968,380901869957.1691,10000
10,PROGRAMME_ONLY,97500,S5,智慧健身,0.0005,0.0002235508890610816,184352053750.38223,10000
10,PROGRAMME_ONLY,97500,S6,综合政策,0.904,0.0029459124223235145,573449973486.1876,10000
10,PROGRAMME_ONLY,100000,S0,动态基线,0.0,0.0,0.0,10000
10,PROGRAMME_ONLY,100000,S1,健康宣教,0.0,0.0,77117491661.76366,10000
10,PROGRAMME_ONLY,100000,S2,社区健身,0.0034,0.0005821030836544331,225270762051.6601,10000
10,PROGRAMME_ONLY,100000,S3,公共健身设施,0.0044,0.0006618640343756413,259718939447.2549,10000
10,PROGRAMME_ONLY,100000,S4,体卫融合,0.0872,0.0028212791425167414,390758188826.85846,10000
10,PROGRAMME_ONLY,100000,S5,智慧健身,0.0005,0.0002235508890610816,189116982658.93103,10000
10,PROGRAMME_ONLY,100000,S6,综合政策,0.9045,0.0029390432116591964,588817671297.2585,10000
10,PROGRAMME_ONLY,102500,S0,动态基线,0.0,0.0,0.0,10000
10,PROGRAMME_ONLY,102500,S1,健康宣教,0.0,0.0,79083534720.55353,10000
10,PROGRAMME_ONLY,102500,S2,社区健身,0.0033,0.0005735076285456019,231192300358.4003,10000
10,PROGRAMME_ONLY,102500,S3,公共健身设施,0.0045,0.0006693093455196931,266441729537.7221,10000
10,PROGRAMME_ONLY,102500,S4,体卫融合,0.0866,0.0028124800443736484,400614507696.5478,10000
10,PROGRAMME_ONLY,102500,S5,智慧健身,0.0005,0.0002235508890610816,193881911567.4798,10000
10,PROGRAMME_ONLY,102500,S6,综合政策,0.9051,0.0029307676468802502,604185369108.3298,10000
10,PROGRAMME_ONLY,105000,S0,动态基线,0.0,0.0,0.0,10000
10,PROGRAMME_ONLY,105000,S1,健康宣教,0.0,0.0,81049577779.3434,10000
10,PROGRAMME_ONLY,105000,S2,社区健身,0.0033,0.0005735076285456019,237113838665.1405,10000
10,PROGRAMME_ONLY,105000,S3,公共健身设施,0.0045,0.0006693093455196931,273164519628.1892,10000
10,PROGRAMME_ONLY,105000,S4,体卫融合,0.0864,0.002809538040319084,410470826566.2371,10000
10,PROGRAMME_ONLY,105000,S5,智慧健身,0.0005,0.0002235508890610816,198646840476.0286,10000
10,PROGRAMME_ONLY,105000,S6,综合政策,0.9053,0.0029280011953549475,619553066919.401,10000
10,PROGRAMME_ONLY,107500,S0,动态基线,0.0,0.0,0.0,10000
10,PROGRAMME_ONLY,107500,S1,健康宣教,0.0,0.0,83015620838.13327,10000
10,PROGRAMME_ONLY,107500,S2,社区健身,0.0033,0.0005735076285456019,243035376971.8807,10000
10,PROGRAMME_ONLY,107500,S3,公共健身设施,0.0045,0.0006693093455196931,279887309718.6564,10000
10,PROGRAMME_ONLY,107500,S4,体卫融合,0.086,0.0028036404905051574,420327145435.92645,10000
10,PROGRAMME_ONLY,107500,S5,智慧健身,0.0005,0.0002235508890610816,203411769384.5774,10000
10,PROGRAMME_ONLY,107500,S6,综合政策,0.9057,0.0029224563298704746,634920764730.472,10000
10,PROGRAMME_ONLY,110000,S0,动态基线,0.0,0.0,0.0,10000
10,PROGRAMME_ONLY,110000,S1,健康宣教,0.0,0.0,84981663896.92316,10000
10,PROGRAMME_ONLY,110000,S2,社区健身,0.0033,0.0005735076285456019,248956915278.6209,10000
10,PROGRAMME_ONLY,110000,S3,公共健身设施,0.0045,0.0006693093455196931,286610099809.12354,10000
10,PROGRAMME_ONLY,110000,S4,体卫融合,0.0855,0.0027962430151902036,430183464305.6158,10000
10,PROGRAMME_ONLY,110000,S5,智慧健身,0.0005,0.0002235508890610816,208176698293.1262,10000
10,PROGRAMME_ONLY,110000,S6,综合政策,0.9062,0.0029155027010791808,650288462541.5432,10000
10,PROGRAMME_ONLY,112500,S0,动态基线,0.0,0.0,0.0,10000
10,PROGRAMME_ONLY,112500,S1,健康宣教,0.0,0.0,86947706955.71303,10000
10,PROGRAMME_ONLY,112500,S2,社区健身,0.0033,0.0005735076285456019,254878453585.3611,10000
10,PROGRAMME_ONLY,112500,S3,公共健身设施,0.0044,0.0006618640343756413,293332889899.5907,10000
10,PROGRAMME_ONLY,112500,S4,体卫融合,0.0851,0.0027903044636741706,440039783175.3052,10000
10,PROGRAMME_ONLY,112500,S5,智慧健身,0.0005,0.0002235508890610816,212941627201.675,10000
10,PROGRAMME_ONLY,112500,S6,综合政策,0.9067,0.0029085238524034843,665656160352.6143,10000
10,PROGRAMME_ONLY,115000,S0,动态基线,0.0,0.0,0.0,10000
10,PROGRAMME_ONLY,115000,S1,健康宣教,0.0,0.0,88913750014.50288,10000
10,PROGRAMME_ONLY,115000,S2,社区健身,0.0033,0.0005735076285456019,260799991892.10135,10000
10,PROGRAMME_ONLY,115000,S3,公共健身设施,0.0044,0.0006618640343756413,300055679990.0579,10000
10,PROGRAMME_ONLY,115000,S4,体卫融合,0.0845,0.002781362076393507,449896102044.9945,10000
10,PROGRAMME_ONLY,115000,S5,智慧健身,0.0005,0.0002235508890610816,217706556110.22375,10000
10,PROGRAMME_ONLY,115000,S6,综合政策,0.9073,0.0029001156873476614,681023858163.6854,10000
10,PROGRAMME_ONLY,117500,S0,动态基线,0.0,0.0,0.0,10000
10,PROGRAMME_ONLY,117500,S1,健康宣教,0.0,0.0,90879793073.29277,10000
10,PROGRAMME_ONLY,117500,S2,社区健身,0.0033,0.0005735076285456019,266721530198.84155,10000
10,PROGRAMME_ONLY,117500,S3,公共健身设施,0.0044,0.0006618640343756413,306778470080.525,10000
10,PROGRAMME_ONLY,117500,S4,体卫融合,0.0842,0.0027768752222597256,459752420914.6838,10000
10,PROGRAMME_ONLY,117500,S5,智慧健身,0.0005,0.0002235508890610816,222471485018.77255,10000
10,PROGRAMME_ONLY,117500,S6,综合政策,0.9076,0.002895897788251513,696391555974.7565,10000
10,PROGRAMME_ONLY,120000,S0,动态基线,0.0,0.0,0.0,10000
10,PROGRAMME_ONLY,120000,S1,健康宣教,0.0,0.0,92845836132.08266,10000
10,PROGRAMME_ONLY,120000,S2,社区健身,0.0033,0.0005735076285456019,272643068505.58176,10000
10,PROGRAMME_ONLY,120000,S3,公共健身设施,0.0044,0.0006618640343756413,313501260170.9922,10000
10,PROGRAMME_ONLY,120000,S4,体卫融合,0.0839,0.002772377860249212,469608739784.3732,10000
10,PROGRAMME_ONLY,120000,S5,智慧健身,0.0005,0.0002235508890610816,227236413927.3214,10000
10,PROGRAMME_ONLY,120000,S6,综合政策,0.9079,0.002891670624396907,711759253785.8276,10000
10,PROGRAMME_ONLY,122500,S0,动态基线,0.0,0.0,0.0,10000
10,PROGRAMME_ONLY,122500,S1,健康宣教,0.0,0.0,94811879190.87253,10000
10,PROGRAMME_ONLY,122500,S2,社区健身,0.0033,0.0005735076285456019,278564606812.322,10000
10,PROGRAMME_ONLY,122500,S3,公共健身设施,0.0044,0.0006618640343756413,320224050261.4593,10000
10,PROGRAMME_ONLY,122500,S4,体卫融合,0.0829,0.0027573101022554574,479465058654.0625,10000
10,PROGRAMME_ONLY,122500,S5,智慧健身,0.0005,0.0002235508890610816,232001342835.87015,10000
10,PROGRAMME_ONLY,122500,S6,综合政策,0.9089,0.0028775126411538137,727126951596.8987,10000
10,PROGRAMME_ONLY,125000,S0,动态基线,0.0,0.0,0.0,10000
10,PROGRAMME_ONLY,125000,S1,健康宣教,0.0,0.0,96777922249.6624,10000
10,PROGRAMME_ONLY,125000,S2,社区健身,0.0033,0.0005735076285456019,284486145119.06213,10000
10,PROGRAMME_ONLY,125000,S3,公共健身设施,0.0044,0.0006618640343756413,326946840351.9265,10000
10,PROGRAMME_ONLY,125000,S4,体卫融合,0.0825,0.00275124971603815,489321377523.7518,10000
10,PROGRAMME_ONLY,125000,S5,智慧健身,0.0005,0.0002235508890610816,236766271744.41895,10000
10,PROGRAMME_ONLY,125000,S6,综合政策,0.9093,0.0028718201545361436,742494649407.9698,10000
10,PROGRAMME_ONLY,127500,S0,动态基线,0.0,0.0,0.0,10000
10,PROGRAMME_ONLY,127500,S1,健康宣教,0.0,0.0,98743965308.45227,10000
10,PROGRAMME_ONLY,127500,S2,社区健身,0.0033,0.0005735076285456019,290407683425.8024,10000
10,PROGRAMME_ONLY,127500,S3,公共健身设施,0.0043,0.0006543324842921984,333669630442.3937,10000
10,PROGRAMME_ONLY,127500,S4,体卫融合,0.0825,0.00275124971603815,499177696393.4412,10000
10,PROGRAMME_ONLY,127500,S5,智慧健身,0.0005,0.0002235508890610816,241531200652.9677,10000
10,PROGRAMME_ONLY,127500,S6,综合政策,0.9094,0.002870394397987845,757862347219.041,10000
10,PROGRAMME_ONLY,130000,S0,动态基线,0.0,0.0,0.0,10000
10,PROGRAMME_ONLY,130000,S1,健康宣教,0.0,0.0,100710008367.24214,10000
10,PROGRAMME_ONLY,130000,S2,社区健身,0.0033,0.0005735076285456019,296329221732.5426,10000
10,PROGRAMME_ONLY,130000,S3,公共健身设施,0.0043,0.0006543324842921984,340392420532.8608,10000
10,PROGRAMME_ONLY,130000,S4,体卫融合,0.0819,0.00274212308257671,509034015263.1306,10000
10,PROGRAMME_ONLY,130000,S5,智慧健身,0.0005,0.0002235508890610816,246296129561.5165,10000
10,PROGRAMME_ONLY,130000,S6,综合政策,0.91,0.0028618176042508364,773230045030.112,10000
10,PROGRAMME_ONLY,132500,S0,动态基线,0.0,0.0,0.0,10000
10,PROGRAMME_ONLY,132500,S1,健康宣教,0.0,0.0,102676051426.03201,10000
10,PROGRAMME_ONLY,132500,S2,社区健身,0.0033,0.0005735076285456019,302250760039.2828,10000
10,PROGRAMME_ONLY,132500,S3,公共健身设施,0.0043,0.0006543324842921984,347115210623.32794,10000
10,PROGRAMME_ONLY,132500,S4,体卫融合,0.0817,0.0027390711929411397,518890334132.8199,10000
10,PROGRAMME_ONLY,132500,S5,智慧健身,0.0005,0.0002235508890610816,251061058470.0653,10000
10,PROGRAMME_ONLY,132500,S6,综合政策,0.9102,0.0028589501569632166,788597742841.1832,10000
10,PROGRAMME_ONLY,135000,S0,动态基线,0.0,0.0,0.0,10000
10,PROGRAMME_ONLY,135000,S1,健康宣教,0.0,0.0,104642094484.82188,10000
10,PROGRAMME_ONLY,135000,S2,社区健身,0.0033,0.0005735076285456019,308172298346.0231,10000
10,PROGRAMME_ONLY,135000,S3,公共健身设施,0.0042,0.0006467116822819887,353838000713.7951,10000
10,PROGRAMME_ONLY,135000,S4,体卫融合,0.0815,0.0027360144370964126,528746653002.5092,10000
10,PROGRAMME_ONLY,135000,S5,智慧健身,0.0005,0.0002235508890610816,255825987378.6141,10000
10,PROGRAMME_ONLY,135000,S6,综合政策,0.9105,0.002854640958159187,803965440652.2542,10000
10,PROGRAMME_ONLY,137500,S0,动态基线,0.0,0.0,0.0,10000
10,PROGRAMME_ONLY,137500,S1,健康宣教,0.0,0.0,106608137543.61177,10000
10,PROGRAMME_ONLY,137500,S2,社区健身,0.0033,0.0005735076285456019,314093836652.7632,10000
10,PROGRAMME_ONLY,137500,S3,公共健身设施,0.0042,0.0006467116822819887,360560790804.2623,10000
10,PROGRAMME_ONLY,137500,S4,体卫融合,0.0813,0.0027329527987142404,538602971872.1986,10000
10,PROGRAMME_ONLY,137500,S5,智慧健身,0.0005,0.0002235508890610816,260590916287.1629,10000
10,PROGRAMME_ONLY,137500,S6,综合政策,0.9107,0.0028517627881715552,819333138463.3254,10000
10,PROGRAMME_ONLY,140000,S0,动态基线,0.0,0.0,0.0,10000
10,PROGRAMME_ONLY,140000,S1,健康宣教,0.0,0.0,108574180602.40164,10000
10,PROGRAMME_ONLY,140000,S2,社区健身,0.0033,0.0005735076285456019,320015374959.5034,10000
10,PROGRAMME_ONLY,140000,S3,公共健身设施,0.0042,0.0006467116822819887,367283580894.72943,10000
10,PROGRAMME_ONLY,140000,S4,体卫融合,0.0812,0.002731420143441869,548459290741.888,10000
10,PROGRAMME_ONLY,140000,S5,智慧健身,0.0005,0.0002235508890610816,265355845195.7117,10000
10,PROGRAMME_ONLY,140000,S6,综合政策,0.9108,0.0028503220870631438,834700836274.3966,10000
10,PROGRAMME_ONLY,142500,S0,动态基线,0.0,0.0,0.0,10000
10,PROGRAMME_ONLY,142500,S1,健康宣教,0.0,0.0,110540223661.19151,10000
10,PROGRAMME_ONLY,142500,S2,社区健身,0.0033,0.0005735076285456019,325936913266.2436,10000
10,PROGRAMME_ONLY,142500,S3,公共健身设施,0.0042,0.0006467116822819887,374006370985.1966,10000
10,PROGRAMME_ONLY,142500,S4,体卫融合,0.0812,0.002731420143441869,558315609611.5771,10000
10,PROGRAMME_ONLY,142500,S5,智慧健身,0.0005,0.0002235508890610816,270120774104.2605,10000
10,PROGRAMME_ONLY,142500,S6,综合政策,0.9108,0.0028503220870631438,850068534085.4677,10000
10,PROGRAMME_ONLY,145000,S0,动态基线,0.0,0.0,0.0,10000
10,PROGRAMME_ONLY,145000,S1,健康宣教,0.0,0.0,112506266719.98138,10000
10,PROGRAMME_ONLY,145000,S2,社区健身,0.0033,0.0005735076285456019,331858451572.9839,10000
10,PROGRAMME_ONLY,145000,S3,公共健身设施,0.0042,0.0006467116822819887,380729161075.6637,10000
10,PROGRAMME_ONLY,145000,S4,体卫融合,0.0812,0.002731420143441869,568171928481.2666,10000
10,PROGRAMME_ONLY,145000,S5,智慧健身,0.0005,0.0002235508890610816,274885703012.8093,10000
10,PROGRAMME_ONLY,145000,S6,综合政策,0.9108,0.0028503220870631438,865436231896.5388,10000
10,PROGRAMME_ONLY,147500,S0,动态基线,0.0,0.0,0.0,10000
10,PROGRAMME_ONLY,147500,S1,健康宣教,0.0,0.0,114472309778.77127,10000
10,PROGRAMME_ONLY,147500,S2,社区健身,0.0033,0.0005735076285456019,337779989879.7241,10000
10,PROGRAMME_ONLY,147500,S3,公共健身设施,0.004,0.00063118935352238,387451951166.1309,10000
10,PROGRAMME_ONLY,147500,S4,体卫融合,0.0808,0.0027252772336039503,578028247350.956,10000
10,PROGRAMME_ONLY,147500,S5,智慧健身,0.0005,0.0002235508890610816,279650631921.35803,10000
10,PROGRAMME_ONLY,147500,S6,综合政策,0.9114,0.0028416551514918206,880803929707.61,10000
10,PROGRAMME_ONLY,150000,S0,动态基线,0.0,0.0,0.0,10000
10,PROGRAMME_ONLY,150000,S1,健康宣教,0.0,0.0,116438352837.56116,10000
10,PROGRAMME_ONLY,150000,S2,社区健身,0.0033,0.0005735076285456019,343701528186.4643,10000
10,PROGRAMME_ONLY,150000,S3,公共健身设施,0.004,0.00063118935352238,394174741256.5981,10000
10,PROGRAMME_ONLY,150000,S4,体卫融合,0.0805,0.0027206570897487245,587884566220.6451,10000
10,PROGRAMME_ONLY,150000,S5,智慧健身,0.0005,0.0002235508890610816,284415560829.90686,10000
10,PROGRAMME_ONLY,150000,S6,综合政策,0.9117,0.0028373069978414396,896171627518.681,10000
10,PROGRAMME_ONLY,152500,S0,动态基线,0.0,0.0,0.0,10000
10,PROGRAMME_ONLY,152500,S1,健康宣教,0.0,0.0,118404395896.351,10000
10,PROGRAMME_ONLY,152500,S2,社区健身,0.0033,0.0005735076285456019,349623066493.2045,10000
10,PROGRAMME_ONLY,152500,S3,公共健身设施,0.0039,0.0006232808355789547,400897531347.0652,10000
10,PROGRAMME_ONLY,152500,S4,体卫融合,0.0803,0.0027175707902463184,597740885090.3346,10000
10,PROGRAMME_ONLY,152500,S5,智慧健身,0.0005,0.0002235508890610816,289180489738.4556,10000
10,PROGRAMME_ONLY,152500,S6,综合政策,0.912,0.002832948993540123,911539325329.752,10000
10,PROGRAMME_ONLY,155000,S0,动态基线,0.0,0.0,0.0,10000
10,PROGRAMME_ONLY,155000,S1,健康宣教,0.0,0.0,120370438955.1409,10000
10,PROGRAMME_ONLY,155000,S2,社区健身,0.0032,0.0005647796030311293,355544604799.9447,10000
10,PROGRAMME_ONLY,155000,S3,公共健身设施,0.0039,0.0006232808355789547,407620321437.5324,10000
10,PROGRAMME_ONLY,155000,S4,体卫融合,0.08,0.002712931993250107,607597203960.024,10000
10,PROGRAMME_ONLY,155000,S5,智慧健身,0.0005,0.0002235508890610816,293945418647.0045,10000
10,PROGRAMME_ONLY,155000,S6,综合政策,0.9124,0.002827122919152968,926907023140.8232,10000
10,PROGRAMME_ONLY,157500,S0,动态基线,0.0,0.0,0.0,10000
10,PROGRAMME_ONLY,157500,S1,健康宣教,0.0,0.0,122336482013.93076,10000
10,PROGRAMME_ONLY,157500,S2,社区健身,0.0032,0.0005647796030311293,361466143106.6849,10000
10,PROGRAMME_ONLY,157500,S3,公共健身设施,0.0039,0.0006232808355789547,414343111527.9995,10000
10,PROGRAMME_ONLY,157500,S4,体卫融合,0.0798,0.002709833205199169,617453522829.7134,10000
10,PROGRAMME_ONLY,157500,S5,智慧健身,0.0005,0.0002235508890610816,298710347555.5532,10000
10,PROGRAMME_ONLY,157500,S6,综合政策,0.9126,0.002824203250476141,942274720951.8944,10000
10,PROGRAMME_ONLY,160000,S0,动态基线,0.0,0.0,0.0,10000
10,PROGRAMME_ONLY,160000,S1,健康宣教,0.0,0.0,124302525072.72066,10000
10,PROGRAMME_ONLY,160000,S2,社区健身,0.0031,0.0005559127629403736,367387681413.4251,10000
10,PROGRAMME_ONLY,160000,S3,公共健身设施,0.0039,0.0006232808355789547,421065901618.4667,10000
10,PROGRAMME_ONLY,160000,S4,体卫融合,0.0796,0.00270672939171983,627309841699.4026,10000
10,PROGRAMME_ONLY,160000,S5,智慧健身,0.0005,0.0002235508890610816,303475276464.102,10000
10,PROGRAMME_ONLY,160000,S6,综合政策,0.9129,0.0028198154194911404,957642418762.9656,10000
10,PROGRAMME_ONLY,162500,S0,动态基线,0.0,0.0,0.0,10000
10,PROGRAMME_ONLY,162500,S1,健康宣教,0.0,0.0,126268568131.5105,10000
10,PROGRAMME_ONLY,162500,S2,社区健身,0.0031,0.0005559127629403736,373309219720.1653,10000
10,PROGRAMME_ONLY,162500,S3,公共健身设施,0.0039,0.0006232808355789547,427788691708.93384,10000
10,PROGRAMME_ONLY,162500,S4,体卫融合,0.0792,0.002700506619136491,637166160569.092,10000
10,PROGRAMME_ONLY,162500,S5,智慧健身,0.0005,0.0002235508890610816,308240205372.6508,10000
10,PROGRAMME_ONLY,162500,S6,综合政策,0.9133,0.0028139493598854973,973010116574.0366,10000
10,PROGRAMME_ONLY,165000,S0,动态基线,0.0,0.0,0.0,10000
10,PROGRAMME_ONLY,165000,S1,健康宣教,0.0,0.0,128234611190.30037,10000
10,PROGRAMME_ONLY,165000,S2,社区健身,0.0031,0.0005559127629403736,379230758026.9056,10000
10,PROGRAMME_ONLY,165000,S3,公共健身设施,0.0039,0.0006232808355789547,434511481799.401,10000
10,PROGRAMME_ONLY,165000,S4,体卫融合,0.0789,0.0026958262184347123,647022479438.7814,10000
10,PROGRAMME_ONLY,165000,S5,智慧健身,0.0005,0.0002235508890610816,313005134281.1996,10000
10,PROGRAMME_ONLY,165000,S6,综合政策,0.9136,0.0028095380403190848,988377814385.1075,10000
10,PROGRAMME_ONLY,167500,S0,动态基线,0.0,0.0,0.0,10000
10,PROGRAMME_ONLY,167500,S1,健康宣教,0.0,0.0,130200654249.09027,10000
10,PROGRAMME_ONLY,167500,S2,社区健身,0.0031,0.0005559127629403736,385152296333.64575,10000
10,PROGRAMME_ONLY,167500,S3,公共健身设施,0.0038,0.0006152690468404858,441234271889.86816,10000
10,PROGRAMME_ONLY,167500,S4,体卫融合,0.0788,0.0026942635357366214,656878798308.4706,10000
10,PROGRAMME_ONLY,167500,S5,智慧健身,0.0005,0.0002235508890610816,317770063189.7484,10000
10,PROGRAMME_ONLY,167500,S6,综合政策,0.9138,0.0028065915271018697,1003745512196.1788,10000
10,PROGRAMME_ONLY,170000,S0,动态基线,0.0,0.0,0.0,10000
10,PROGRAMME_ONLY,170000,S1,健康宣教,0.0,0.0,132166697307.88016,10000
10,PROGRAMME_ONLY,170000,S2,社区健身,0.0031,0.0005559127629403736,391073834640.3859,10000
10,PROGRAMME_ONLY,170000,S3,公共健身设施,0.0038,0.0006152690468404858,447957061980.3353,10000
10,PROGRAMME_ONLY,170000,S4,体卫融合,0.0785,0.0026895678091470383,666735117178.16,10000
10,PROGRAMME_ONLY,170000,S5,智慧健身,0.0005,0.0002235508890610816,322534992098.2972,10000
10,PROGRAMME_ONLY,170000,S6,综合政策,0.9141,0.0028021632714743797,1019113210007.25,10000
10,PROGRAMME_ONLY,172500,S0,动态基线,0.0,0.0,0.0,10000
10,PROGRAMME_ONLY,172500,S1,健康宣教,0.0,0.0,134132740366.67,10000
10,PROGRAMME_ONLY,172500,S2,社区健身,0.0031,0.0005559127629403736,396995372947.12616,10000
10,PROGRAMME_ONLY,172500,S3,公共健身设施,0.0038,0.0006152690468404858,454679852070.8024,10000
10,PROGRAMME_ONLY,172500,S4,体卫融合,0.0784,0.0026880000000000003,676591436047.8494,10000
10,PROGRAMME_ONLY,172500,S5,智慧健身,0.0005,0.0002235508890610816,327299921006.846,10000
10,PROGRAMME_ONLY,172500,S6,综合政策,0.9142,0.0028006849162303133,1034480907818.3212,10000
10,PROGRAMME_ONLY,175000,S0,动态基线,0.0,0.0,0.0,10000
10,PROGRAMME_ONLY,175000,S1,健康宣教,0.0,0.0,136098783425.45987,10000
10,PROGRAMME_ONLY,175000,S2,社区健身,0.0031,0.0005559127629403736,402916911253.86633,10000
10,PROGRAMME_ONLY,175000,S3,公共健身设施,0.0038,0.0006152690468404858,461402642161.2696,10000
10,PROGRAMME_ONLY,175000,S4,体卫融合,0.0783,0.002686430903634039,686447754917.5388,10000
10,PROGRAMME_ONLY,175000,S5,智慧健身,0.0005,0.0002235508890610816,332064849915.3948,10000
10,PROGRAMME_ONLY,175000,S6,综合政策,0.9143,0.002799205422972741,1049848605629.3925,10000
10,PROGRAMME_ONLY,177500,S0,动态基线,0.0,0.0,0.0,10000
10,PROGRAMME_ONLY,177500,S1,健康宣教,0.0,0.0,138064826484.24976,10000
10,PROGRAMME_ONLY,177500,S2,社区健身,0.0031,0.0005559127629403736,408838449560.60657,10000
10,PROGRAMME_ONLY,177500,S3,公共健身设施,0.0038,0.0006152690468404858,468125432251.7368,10000
10,PROGRAMME_ONLY,177500,S4,体卫融合,0.0782,0.0026848605177923115,696304073787.228,10000
10,PROGRAMME_ONLY,177500,S5,智慧健身,0.0005,0.0002235508890610816,336829778823.9436,10000
10,PROGRAMME_ONLY,177500,S6,综合政策,0.9144,0.002797724789896247,1065216303440.4633,10000
10,PROGRAMME_ONLY,180000,S0,动态基线,0.0,0.0,0.0,10000
10,PROGRAMME_ONLY,180000,S1,健康宣教,0.0,0.0,140030869543.03964,10000
10,PROGRAMME_ONLY,180000,S2,社区健身,0.0031,0.0005559127629403736,414759987867.3468,10000
10,PROGRAMME_ONLY,180000,S3,公共健身设施,0.0038,0.0006152690468404858,474848222342.2039,10000
10,PROGRAMME_ONLY,180000,S4,体卫融合,0.0781,0.0026832888402108335,706160392656.9174,10000
10,PROGRAMME_ONLY,180000,S5,智慧健身,0.0005,0.0002235508890610816,341594707732.4924,10000
10,PROGRAMME_ONLY,180000,S6,综合政策,0.9145,0.0027962430151902036,1080584001251.5344,10000
10,PROGRAMME_ONLY,182500,S0,动态基线,0.0,0.0,0.0,10000
10,PROGRAMME_ONLY,182500,S1,健康宣教,0.0,0.0,141996912601.8295,10000
10,PROGRAMME_ONLY,182500,S2,社区健身,0.0031,0.0005559127629403736,420681526174.087,10000
10,PROGRAMME_ONLY,182500,S3,公共健身设施,0.0038,0.0006152690468404858,481571012432.6711,10000
10,PROGRAMME_ONLY,182500,S4,体卫融合,0.0781,0.0026832888402108335,716016711526.6068,10000
10,PROGRAMME_ONLY,182500,S5,智慧健身,0.0005,0.0002235508890610816,346359636641.0412,10000
10,PROGRAMME_ONLY,182500,S6,综合政策,0.9145,0.0027962430151902036,1095951699062.6056,10000
10,PROGRAMME_ONLY,185000,S0,动态基线,0.0,0.0,0.0,10000
10,PROGRAMME_ONLY,185000,S1,健康宣教,0.0,0.0,143962955660.6194,10000
10,PROGRAMME_ONLY,185000,S2,社区健身,0.0031,0.0005559127629403736,426603064480.8272,10000
10,PROGRAMME_ONLY,185000,S3,公共健身设施,0.0038,0.0006152690468404858,488293802523.1383,10000
10,PROGRAMME_ONLY,185000,S4,体卫融合,0.078,0.0026817158686184487,725873030396.2961,10000
10,PROGRAMME_ONLY,185000,S5,智慧健身,0.0005,0.0002235508890610816,351124565549.59,10000
10,PROGRAMME_ONLY,185000,S6,综合政策,0.9146,0.002794760097038743,1111319396873.6768,10000
10,PROGRAMME_ONLY,187500,S0,动态基线,0.0,0.0,0.0,10000
10,PROGRAMME_ONLY,187500,S1,健康宣教,0.0,0.0,145928998719.40924,10000
10,PROGRAMME_ONLY,187500,S2,社区健身,0.0031,0.0005559127629403736,432524602787.5674,10000
10,PROGRAMME_ONLY,187500,S3,公共健身设施,0.0038,0.0006152690468404858,495016592613.6055,10000
10,PROGRAMME_ONLY,187500,S4,体卫融合,0.0778,0.0026785660342802825,735729349265.9854,10000
10,PROGRAMME_ONLY,187500,S5,智慧健身,0.0005,0.0002235508890610816,355889494458.13873,10000
10,PROGRAMME_ONLY,187500,S6,综合政策,0.9148,0.002791790823109784,1126687094684.7478,10000
10,PROGRAMME_ONLY,190000,S0,动态基线,0.0,0.0,0.0,10000
10,PROGRAMME_ONLY,190000,S1,健康宣教,0.0,0.0,147895041778.19916,10000
10,PROGRAMME_ONLY,190000,S2,社区健身,0.0031,0.0005559127629403736,438446141094.3076,10000
10,PROGRAMME_ONLY,190000,S3,公共健身设施,0.0038,0.0006152690468404858,501739382704.0726,10000
10,PROGRAMME_ONLY,190000,S4,体卫融合,0.0778,0.0026785660342802825,745585668135.6748,10000
10,PROGRAMME_ONLY,190000,S5,智慧健身,0.0004,0.0001999599959991998,360654423366.68756,10000
10,PROGRAMME_ONLY,190000,S6,综合政策,0.9149,0.0027903044636741698,1142054792495.8188,10000
10,PROGRAMME_ONLY,192500,S0,动态基线,0.0,0.0,0.0,10000
10,PROGRAMME_ONLY,192500,S1,健康宣教,0.0,0.0,149861084836.989,10000
10,PROGRAMME_ONLY,192500,S2,社区健身,0.0031,0.0005559127629403736,444367679401.0478,10000
10,PROGRAMME_ONLY,192500,S3,公共健身设施,0.0038,0.0006152690468404858,508462172794.5397,10000
10,PROGRAMME_ONLY,192500,S4,体卫融合,0.0778,0.0026785660342802825,755441987005.3641,10000
10,PROGRAMME_ONLY,192500,S5,智慧健身,0.0004,0.0001999599959991998,365419352275.2363,10000
10,PROGRAMME_ONLY,192500,S6,综合政策,0.9149,0.0027903044636741698,1157422490306.89,10000
10,PROGRAMME_ONLY,195000,S0,动态基线,0.0,0.0,0.0,10000
10,PROGRAMME_ONLY,195000,S1,健康宣教,0.0,0.0,151827127895.77887,10000
10,PROGRAMME_ONLY,195000,S2,社区健身,0.0031,0.0005559127629403736,450289217707.788,10000
10,PROGRAMME_ONLY,195000,S3,公共健身设施,0.0038,0.0006152690468404858,515184962885.0069,10000
10,PROGRAMME_ONLY,195000,S4,体卫融合,0.0777,0.0026769891669560413,765298305875.0535,10000
10,PROGRAMME_ONLY,195000,S5,智慧健身,0.0004,0.0001999599959991998,370184281183.7851,10000
10,PROGRAMME_ONLY,195000,S6,综合政策,0.915,0.0027888169534768673,1172790188117.9612,10000
10,PROGRAMME_ONLY,197500,S0,动态基线,0.0,0.0,0.0,10000
10,PROGRAMME_ONLY,197500,S1,健康宣教,0.0,0.0,153793170954.56876,10000
10,PROGRAMME_ONLY,197500,S2,社区健身,0.0031,0.0005559127629403736,456210756014.5283,10000
10,PROGRAMME_ONLY,197500,S3,公共健身设施,0.0038,0.0006152690468404858,521907752975.4741,10000
10,PROGRAMME_ONLY,197500,S4,体卫融合,0.0773,0.0026706686428682983,775154624744.7428,10000
10,PROGRAMME_ONLY,197500,S5,智慧健身,0.0004,0.0001999599959991998,374949210092.3339,10000
10,PROGRAMME_ONLY,197500,S6,综合政策,0.9154,0.002782855368142585,1188157885929.0325,10000
10,PROGRAMME_ONLY,200000,S0,动态基线,0.0,0.0,0.0,10000
10,PROGRAMME_ONLY,200000,S1,健康宣教,0.0,0.0,155759214013.35864,10000
10,PROGRAMME_ONLY,200000,S2,社区健身,0.0031,0.0005559127629403736,462132294321.2684,10000
10,PROGRAMME_ONLY,200000,S3,公共健身设施,0.0038,0.0006152690468404858,528630543065.9412,10000
10,PROGRAMME_ONLY,200000,S4,体卫融合,0.0771,0.002667500515463868,785010943614.4323,10000
10,PROGRAMME_ONLY,200000,S5,智慧健身,0.0004,0.0001999599959991998,379714139000.8827,10000
10,PROGRAMME_ONLY,200000,S6,综合政策,0.9156,0.00277986762274753,1203525583740.1035,10000
10,PARTIAL_PUBLIC_PAYER,0,S0,动态基线,0.0816,0.002737543424313119,0.0,10000
10,PARTIAL_PUBLIC_PAYER,0,S1,健康宣教,0.0151,0.0012195076875526451,-359167233.9216295,10000
10,PARTIAL_PUBLIC_PAYER,0,S2,社区健身,0.0,0.0,-8077815726.367134,10000
10,PARTIAL_PUBLIC_PAYER,0,S3,公共健身设施,0.002,0.0004467661580737735,-5140174415.351875,10000
10,PARTIAL_PUBLIC_PAYER,0,S4,体卫融合,0.5865,0.004924609121544572,2366323817.844382,10000
10,PARTIAL_PUBLIC_PAYER,0,S5,智慧健身,0.3105,0.004626983358517729,1355797085.6144266,10000
10,PARTIAL_PUBLIC_PAYER,0,S6,综合政策,0.0043,0.0006543324842921984,-16642966687.710728,10000
10,PARTIAL_PUBLIC_PAYER,2500,S0,动态基线,0.0,0.0,0.0,10000
10,PARTIAL_PUBLIC_PAYER,2500,S1,健康宣教,0.0016,0.0003996798718974975,1606875824.868245,10000
10,PARTIAL_PUBLIC_PAYER,2500,S2,社区健身,0.0022,0.0004685253461660319,-2156277419.626924,10000
10,PARTIAL_PUBLIC_PAYER,2500,S3,公共健身设施,0.018,0.0013295111883696203,1582615675.115282,10000
10,PARTIAL_PUBLIC_PAYER,2500,S4,体卫融合,0.8252,0.0037979594521268915,12222642687.533726,10000
10,PARTIAL_PUBLIC_PAYER,2500,S5,智慧健身,0.0797,0.002708281927717275,6120725994.163219,10000
10,PARTIAL_PUBLIC_PAYER,2500,S6,综合政策,0.0733,0.0026062829854027747,-1275268876.6396098,10000
10,PARTIAL_PUBLIC_PAYER,5000,S0,动态基线,0.0,0.0,0.0,10000
10,PARTIAL_PUBLIC_PAYER,5000,S1,健康宣教,0.0006,0.0002448754785600224,3572918883.6581197,10000
10,PARTIAL_PUBLIC_PAYER,5000,S2,社区健身,0.0054,0.0007328601503697688,3765260887.113286,10000
10,PARTIAL_PUBLIC_PAYER,5000,S3,公共健身设施,0.028,0.0016497272501841023,8305405765.582439,10000
10,PARTIAL_PUBLIC_PAYER,5000,S4,体卫融合,0.6847,0.004646352440355768,22078961557.22307,10000
10,PARTIAL_PUBLIC_PAYER,5000,S5,智慧健身,0.0328,0.0017811277326458088,10885654902.712013,10000
10,PARTIAL_PUBLIC_PAYER,5000,S6,综合政策,0.2485,0.004321432054307924,14092428934.431509,10000
10,PARTIAL_PUBLIC_PAYER,7500,S0,动态基线,0.0,0.0,0.0,10000
10,PARTIAL_PUBLIC_PAYER,7500,S1,健康宣教,0.0002,0.00014140721339450828,5538961942.447993,10000
10,PARTIAL_PUBLIC_PAYER,7500,S2,社区健身,0.0066,0.0008097184695929814,9686799193.853495,10000
10,PARTIAL_PUBLIC_PAYER,7500,S3,公共健身设施,0.0266,0.0016091127990293284,15028195856.049593,10000
10,PARTIAL_PUBLIC_PAYER,7500,S4,体卫融合,0.5307,0.0049905662003424025,31935280426.91241,10000
10,PARTIAL_PUBLIC_PAYER,7500,S5,智慧健身,0.0164,0.0012700803124212265,15650583811.260803,10000
10,PARTIAL_PUBLIC_PAYER,7500,S6,综合政策,0.4195,0.004934772031208737,29460126745.502625,10000
10,PARTIAL_PUBLIC_PAYER,10000,S0,动态基线,0.0,0.0,0.0,10000
10,PARTIAL_PUBLIC_PAYER,10000,S1,健康宣教,0.0002,0.00014140721339450828,7505005001.237868,10000
10,PARTIAL_PUBLIC_PAYER,10000,S2,社区健身,0.0065,0.0008036012692872006,15608337500.593706,10000
10,PARTIAL_PUBLIC_PAYER,10000,S3,公共健身设施,0.0225,0.001483028994996389,21750985946.516754,10000
10,PARTIAL_PUBLIC_PAYER,10000,S4,体卫融合,0.4154,0.004927908684218895,41791599296.60175,10000
10,PARTIAL_PUBLIC_PAYER,10000,S5,智慧健身,0.0107,0.001028859076841916,20415512719.809597,10000
10,PARTIAL_PUBLIC_PAYER,10000,S6,综合政策,0.5447,0.004979979016020047,44827824556.57375,10000
10,PARTIAL_PUBLIC_PAYER,12500,S0,动态基线,0.0,0.0,0.0,10000
10,PARTIAL_PUBLIC_PAYER,12500,S1,健康宣教,0.0,0.0,9471048060.027744,10000
10,PARTIAL_PUBLIC_PAYER,12500,S2,社区健身,0.0062,0.0007849560497250785,21529875807.33391,10000
10,PARTIAL_PUBLIC_PAYER,12500,S3,公共健身设施,0.0203,0.001410245014173069,28473776036.983913,10000
10,PARTIAL_PUBLIC_PAYER,12500,S4,体卫融合,0.3391,0.004734038339515218,51647918166.29109,10000
10,PARTIAL_PUBLIC_PAYER,12500,S5,智慧健身,0.0071,0.0008396183656876498,25180441628.358387,10000
10,PARTIAL_PUBLIC_PAYER,12500,S6,综合政策,0.6273,0.004835232259157775,60195522367.64486,10000
10,PARTIAL_PUBLIC_PAYER,15000,S0,动态基线,0.0,0.0,0.0,10000
10,PARTIAL_PUBLIC_PAYER,15000,S1,健康宣教,0.0,0.0,11437091118.817617,10000
10,PARTIAL_PUBLIC_PAYER,15000,S2,社区健身,0.006,0.0007722693830523129,27451414114.074123,10000
10,PARTIAL_PUBLIC_PAYER,15000,S3,公共健身设施,0.017,0.0012927103310486846,35196566127.451065,10000
10,PARTIAL_PUBLIC_PAYER,15000,S4,体卫融合,0.2848,0.0045131913320842045,61504237035.98042,10000
10,PARTIAL_PUBLIC_PAYER,15000,S5,智慧健身,0.005,0.0007053367989832942,29945370536.90719,10000
10,PARTIAL_PUBLIC_PAYER,15000,S6,综合政策,0.6872,0.0046363364847689815,75563220178.71599,10000
10,PARTIAL_PUBLIC_PAYER,17500,S0,动态基线,0.0,0.0,0.0,10000
10,PARTIAL_PUBLIC_PAYER,17500,S1,健康宣教,0.0,0.0,13403134177.607494,10000
10,PARTIAL_PUBLIC_PAYER,17500,S2,社区健身,0.0055,0.0007395775821372629,33372952420.81434,10000
10,PARTIAL_PUBLIC_PAYER,17500,S3,公共健身设施,0.0155,0.0012353036064061337,41919356217.91823,10000
10,PARTIAL_PUBLIC_PAYER,17500,S4,体卫融合,0.2441,0.004295523134613525,71360555905.66977,10000
10,PARTIAL_PUBLIC_PAYER,17500,S5,智慧健身,0.0035,0.0005905717568594015,34710299445.45597,10000
10,PARTIAL_PUBLIC_PAYER,17500,S6,综合政策,0.7314,0.004432313617062763,90930917989.7871,10000
10,PARTIAL_PUBLIC_PAYER,20000,S0,动态基线,0.0,0.0,0.0,10000
10,PARTIAL_PUBLIC_PAYER,20000,S1,健康宣教,0.0,0.0,15369177236.397366,10000
10,PARTIAL_PUBLIC_PAYER,20000,S2,社区健身,0.0055,0.0007395775821372629,39294490727.55454,10000
10,PARTIAL_PUBLIC_PAYER,20000,S3,公共健身设施,0.0132,0.0011413045167701738,48642146308.385376,10000
10,PARTIAL_PUBLIC_PAYER,20000,S4,体卫融合,0.2158,0.004113761782116218,81216874775.35913,10000
10,PARTIAL_PUBLIC_PAYER,20000,S5,智慧健身,0.003,0.0005469003565550127,39475228354.00476,10000
10,PARTIAL_PUBLIC_PAYER,20000,S6,综合政策,0.7625,0.0042555111326373005,106298615800.85823,10000
10,PARTIAL_PUBLIC_PAYER,22500,S0,动态基线,0.0,0.0,0.0,10000
10,PARTIAL_PUBLIC_PAYER,22500,S1,健康宣教,0.0,0.0,17335220295.18724,10000
10,PARTIAL_PUBLIC_PAYER,22500,S2,社区健身,0.0053,0.0007260791967822794,45216029034.29475,10000
10,PARTIAL_PUBLIC_PAYER,22500,S3,公共健身设施,0.0116,0.0010707679487171812,55364936398.85254,10000
10,PARTIAL_PUBLIC_PAYER,22500,S4,体卫融合,0.1948,0.003960466639172713,91073193645.04848,10000
10,PARTIAL_PUBLIC_PAYER,22500,S5,智慧健身,0.0027,0.0005189132875539034,44240157262.553566,10000
10,PARTIAL_PUBLIC_PAYER,22500,S6,综合政策,0.7856,0.004104054580533744,121666313611.92935,10000
10,PARTIAL_PUBLIC_PAYER,25000,S0,动态基线,0.0,0.0,0.0,10000
10,PARTIAL_PUBLIC_PAYER,25000,S1,健康宣教,0.0,0.0,19301263353.977116,10000
10,PARTIAL_PUBLIC_PAYER,25000,S2,社区健身,0.0051,0.0007123194508084137,51137567341.034966,10000
10,PARTIAL_PUBLIC_PAYER,25000,S3,公共健身设施,0.0104,0.0010144870625099168,62087726489.3197,10000
10,PARTIAL_PUBLIC_PAYER,25000,S4,体卫融合,0.179,0.0038335231837045144,100929512514.7378,10000
10,PARTIAL_PUBLIC_PAYER,25000,S5,智慧健身,0.0024,0.0004893097178679368,49005086171.10235,10000
10,PARTIAL_PUBLIC_PAYER,25000,S6,综合政策,0.8031,0.003976561202848511,137034011423.00044,10000
10,PARTIAL_PUBLIC_PAYER,27500,S0,动态基线,0.0,0.0,0.0,10000
10,PARTIAL_PUBLIC_PAYER,27500,S1,健康宣教,0.0,0.0,21267306412.766994,10000
10,PARTIAL_PUBLIC_PAYER,27500,S2,社区健身,0.0048,0.0006911555541265655,57059105647.77518,10000
10,PARTIAL_PUBLIC_PAYER,27500,S3,公共健身设施,0.0099,0.0009900499987374374,68810516579.78685,10000
10,PARTIAL_PUBLIC_PAYER,27500,S4,体卫融合,0.1646,0.0037081914729420323,110785831384.42715,10000
10,PARTIAL_PUBLIC_PAYER,27500,S5,智慧健身,0.0023,0.0004790313142165134,53770015079.65114,10000
10,PARTIAL_PUBLIC_PAYER,27500,S6,综合政策,0.8184,0.0038551451334547706,152401709234.0716,10000
10,PARTIAL_PUBLIC_PAYER,30000,S0,动态基线,0.0,0.0,0.0,10000
10,PARTIAL_PUBLIC_PAYER,30000,S1,健康宣教,0.0,0.0,23233349471.55686,10000
10,PARTIAL_PUBLIC_PAYER,30000,S2,社区健身,0.0047,0.0006839524837296814,62980643954.51537,10000
10,PARTIAL_PUBLIC_PAYER,30000,S3,公共健身设施,0.0093,0.0009598703037389999,75533306670.25401,10000
10,PARTIAL_PUBLIC_PAYER,30000,S4,体卫融合,0.153,0.0035998749978297852,120642150254.1165,10000
10,PARTIAL_PUBLIC_PAYER,30000,S5,智慧健身,0.002,0.0004467661580737735,58534943988.19993,10000
10,PARTIAL_PUBLIC_PAYER,30000,S6,综合政策,0.831,0.0037475191794038897,167769407045.1427,10000
10,PARTIAL_PUBLIC_PAYER,32500,S0,动态基线,0.0,0.0,0.0,10000
10,PARTIAL_PUBLIC_PAYER,32500,S1,健康宣教,0.0,0.0,25199392530.346737,10000
10,PARTIAL_PUBLIC_PAYER,32500,S2,社区健身,0.0046,0.0006766712643521964,68902182261.2556,10000
10,PARTIAL_PUBLIC_PAYER,32500,S3,公共健身设施,0.0081,0.0008963475888292443,82256096760.72116,10000
10,PARTIAL_PUBLIC_PAYER,32500,S4,体卫融合,0.1453,0.0035240305049758012,130498469123.80585,10000
10,PARTIAL_PUBLIC_PAYER,32500,S5,智慧健身,0.0016,0.0003996798718974975,63299872896.748726,10000
10,PARTIAL_PUBLIC_PAYER,32500,S6,综合政策,0.8404,0.003662346788604268,183137104856.21384,10000
10,PARTIAL_PUBLIC_PAYER,35000,S0,动态基线,0.0,0.0,0.0,10000
10,PARTIAL_PUBLIC_PAYER,35000,S1,健康宣教,0.0,0.0,27165435589.136612,10000
10,PARTIAL_PUBLIC_PAYER,35000,S2,社区健身,0.0043,0.0006543324842921984,74823720567.9958,10000
10,PARTIAL_PUBLIC_PAYER,35000,S3,公共健身设施,0.0079,0.0008853016435091489,88978886851.18832,10000
10,PARTIAL_PUBLIC_PAYER,35000,S4,体卫融合,0.1392,0.0034615510974128345,140354787993.4952,10000
10,PARTIAL_PUBLIC_PAYER,35000,S5,智慧健身,0.0016,0.0003996798718974975,68064801805.29752,10000
10,PARTIAL_PUBLIC_PAYER,35000,S6,综合政策,0.847,0.0035998749978297857,198504802667.2849,10000
10,PARTIAL_PUBLIC_PAYER,37500,S0,动态基线,0.0,0.0,0.0,10000
10,PARTIAL_PUBLIC_PAYER,37500,S1,健康宣教,0.0,0.0,29131478647.926487,10000
10,PARTIAL_PUBLIC_PAYER,37500,S2,社区健身,0.004,0.00063118935352238,80745258874.73601,10000
10,PARTIAL_PUBLIC_PAYER,37500,S3,公共健身设施,0.0075,0.0008627716963368698,95701676941.65547,10000
10,PARTIAL_PUBLIC_PAYER,37500,S4,体卫融合,0.1328,0.0033935845355611816,150211106863.1845,10000
10,PARTIAL_PUBLIC_PAYER,37500,S5,智慧健身,0.0016,0.0003996798718974975,72829730713.84631,10000
10,PARTIAL_PUBLIC_PAYER,37500,S6,综合政策,0.8541,0.0035300593479430345,213872500478.35605,10000
10,PARTIAL_PUBLIC_PAYER,40000,S0,动态基线,0.0,0.0,0.0,10000
10,PARTIAL_PUBLIC_PAYER,40000,S1,健康宣教,0.0,0.0,31097521706.716362,10000
10,PARTIAL_PUBLIC_PAYER,40000,S2,社区健身,0.004,0.00063118935352238,86666797181.47621,10000
10,PARTIAL_PUBLIC_PAYER,40000,S3,公共健身设施,0.0071,0.0008396183656876498,102424467032.12263,10000
10,PARTIAL_PUBLIC_PAYER,40000,S4,体卫融合,0.128,0.003340898082851376,160067425732.87384,10000
10,PARTIAL_PUBLIC_PAYER,40000,S5,智慧健身,0.0015,0.0003870077518603471,77594659622.3951,10000
10,PARTIAL_PUBLIC_PAYER,40000,S6,综合政策,0.8594,0.003476084578947986,229240198289.42715,10000
10,PARTIAL_PUBLIC_PAYER,42500,S0,动态基线,0.0,0.0,0.0,10000
10,PARTIAL_PUBLIC_PAYER,42500,S1,健康宣教,0.0,0.0,33063564765.506237,10000
10,PARTIAL_PUBLIC_PAYER,42500,S2,社区健身,0.0037,0.0006071498991188255,92588335488.21643,10000
10,PARTIAL_PUBLIC_PAYER,42500,S3,公共健身设施,0.0066,0.0008097184695929814,109147257122.5898,10000
10,PARTIAL_PUBLIC_PAYER,42500,S4,体卫融合,0.1251,0.0033083226868006695,169923744602.5632,10000
10,PARTIAL_PUBLIC_PAYER,42500,S5,智慧健身,0.0014,0.0003739037309254884,82359588530.9439,10000
10,PARTIAL_PUBLIC_PAYER,42500,S6,综合政策,0.8632,0.003436360865799749,244607896100.4983,10000
10,PARTIAL_PUBLIC_PAYER,45000,S0,动态基线,0.0,0.0,0.0,10000
10,PARTIAL_PUBLIC_PAYER,45000,S1,健康宣教,0.0,0.0,35029607824.29611,10000
10,PARTIAL_PUBLIC_PAYER,45000,S2,社区健身,0.0036,0.0005989190262464534,98509873794.95662,10000
10,PARTIAL_PUBLIC_PAYER,45000,S3,公共健身设施,0.0063,0.0007912212080069645,115870047213.05695,10000
10,PARTIAL_PUBLIC_PAYER,45000,S4,体卫融合,0.1208,0.0032589470692234324,179780063472.25256,10000
10,PARTIAL_PUBLIC_PAYER,45000,S5,智慧健身,0.0013,0.00036032069049667407,87124517439.49269,10000
10,PARTIAL_PUBLIC_PAYER,45000,S6,综合政策,0.868,0.0033849076796864047,259975593911.5694,10000
10,PARTIAL_PUBLIC_PAYER,47500,S0,动态基线,0.0,0.0,0.0,10000
10,PARTIAL_PUBLIC_PAYER,47500,S1,健康宣教,0.0,0.0,36995650883.08599,10000
10,PARTIAL_PUBLIC_PAYER,47500,S2,社区健身,0.0038,0.0006152690468404858,104431412101.69685,10000
10,PARTIAL_PUBLIC_PAYER,47500,S3,公共健身设施,0.006,0.0007722693830523129,122592837303.5241,10000
10,PARTIAL_PUBLIC_PAYER,47500,S4,体卫融合,0.1173,0.0032177742307377627,189636382341.9419,10000
10,PARTIAL_PUBLIC_PAYER,47500,S5,智慧健身,0.0011,0.00033148001448051134,91889446348.04149,10000
10,PARTIAL_PUBLIC_PAYER,47500,S6,综合政策,0.8718,0.003343123689007034,275343291722.6405,10000
10,PARTIAL_PUBLIC_PAYER,50000,S0,动态基线,0.0,0.0,0.0,10000
10,PARTIAL_PUBLIC_PAYER,50000,S1,健康宣教,0.0,0.0,38961693941.87586,10000
10,PARTIAL_PUBLIC_PAYER,50000,S2,社区健身,0.0038,0.0006152690468404858,110352950408.43706,10000
10,PARTIAL_PUBLIC_PAYER,50000,S3,公共健身设施,0.006,0.0007722693830523129,129315627393.99126,10000
10,PARTIAL_PUBLIC_PAYER,50000,S4,体卫融合,0.1137,0.003174465466814846,199492701211.63126,10000
10,PARTIAL_PUBLIC_PAYER,50000,S5,智慧健身,0.0011,0.00033148001448051134,96654375256.59027,10000
10,PARTIAL_PUBLIC_PAYER,50000,S6,综合政策,0.8754,0.003302648028476544,290710989533.7117,10000
10,PARTIAL_PUBLIC_PAYER,52500,S0,动态基线,0.0,0.0,0.0,10000
10,PARTIAL_PUBLIC_PAYER,52500,S1,健康宣教,0.0,0.0,40927737000.66574,10000
10,PARTIAL_PUBLIC_PAYER,52500,S2,社区健身,0.0037,0.0006071498991188255,116274488715.17728,10000
10,PARTIAL_PUBLIC_PAYER,52500,S3,公共健身设施,0.0059,0.000765845284636525,136038417484.4584,10000
10,PARTIAL_PUBLIC_PAYER,52500,S4,体卫融合,0.1112,0.0031437964310686533,209349020081.3206,10000
10,PARTIAL_PUBLIC_PAYER,52500,S5,智慧健身,0.0011,0.00033148001448051134,101419304165.13907,10000
10,PARTIAL_PUBLIC_PAYER,52500,S6,综合政策,0.8781,0.0032717027676731274,306078687344.7828,10000
10,PARTIAL_PUBLIC_PAYER,55000,S0,动态基线,0.0,0.0,0.0,10000
10,PARTIAL_PUBLIC_PAYER,55000,S1,健康宣教,0.0,0.0,42893780059.45561,10000
10,PARTIAL_PUBLIC_PAYER,55000,S2,社区健身,0.0038,0.0006152690468404858,122196027021.91745,10000
10,PARTIAL_PUBLIC_PAYER,55000,S3,公共健身设施,0.0057,0.0007528286657666537,142761207574.92557,10000
10,PARTIAL_PUBLIC_PAYER,55000,S4,体卫融合,0.1079,0.0031025407330122195,219205338951.00992,10000
10,PARTIAL_PUBLIC_PAYER,55000,S5,智慧健身,0.0009,0.0002998649696113236,106184233073.68785,10000
10,PARTIAL_PUBLIC_PAYER,55000,S6,综合政策,0.8817,0.003229630164585412,321446385155.8539,10000
10,PARTIAL_PUBLIC_PAYER,57500,S0,动态基线,0.0,0.0,0.0,10000
10,PARTIAL_PUBLIC_PAYER,57500,S1,健康宣教,0.0,0.0,44859823118.24549,10000
10,PARTIAL_PUBLIC_PAYER,57500,S2,社区健身,0.0037,0.0006071498991188255,128117565328.6577,10000
10,PARTIAL_PUBLIC_PAYER,57500,S3,公共健身设施,0.0053,0.0007260791967822794,149483997665.39273,10000
10,PARTIAL_PUBLIC_PAYER,57500,S4,体卫融合,0.1057,0.003074532647411635,229061657820.6993,10000
10,PARTIAL_PUBLIC_PAYER,57500,S5,智慧健身,0.0008,0.0002827295527531567,110949161982.23665,10000
10,PARTIAL_PUBLIC_PAYER,57500,S6,综合政策,0.8845,0.003196243889317585,336814082966.925,10000
10,PARTIAL_PUBLIC_PAYER,60000,S0,动态基线,0.0,0.0,0.0,10000
10,PARTIAL_PUBLIC_PAYER,60000,S1,健康宣教,0.0,0.0,46825866177.035355,10000
10,PARTIAL_PUBLIC_PAYER,60000,S2,社区健身,0.0036,0.0005989190262464534,134039103635.3979,10000
10,PARTIAL_PUBLIC_PAYER,60000,S3,公共健身设施,0.0052,0.0007192329247191065,156206787755.85986,10000
10,PARTIAL_PUBLIC_PAYER,60000,S4,体卫融合,0.1036,0.0030474093915980505,238917976690.3886,10000
10,PARTIAL_PUBLIC_PAYER,60000,S5,智慧健身,0.0008,0.0002827295527531567,115714090890.78545,10000
10,PARTIAL_PUBLIC_PAYER,60000,S6,综合政策,0.8868,0.003168371190375269,352181780777.9961,10000
10,PARTIAL_PUBLIC_PAYER,62500,S0,动态基线,0.0,0.0,0.0,10000
10,PARTIAL_PUBLIC_PAYER,62500,S1,健康宣教,0.0,0.0,48791909235.82524,10000
10,PARTIAL_PUBLIC_PAYER,62500,S2,社区健身,0.0036,0.0005989190262464534,139960641942.1381,10000
10,PARTIAL_PUBLIC_PAYER,62500,S3,公共健身设施,0.0052,0.0007192329247191065,162929577846.32706,10000
10,PARTIAL_PUBLIC_PAYER,62500,S4,体卫融合,0.1011,0.003014610920168638,248774295560.0779,10000
10,PARTIAL_PUBLIC_PAYER,62500,S5,智慧健身,0.0007,0.00026448251359967073,120479019799.33424,10000
10,PARTIAL_PUBLIC_PAYER,62500,S6,综合政策,0.8894,0.0031363615862970906,367549478589.06726,10000
10,PARTIAL_PUBLIC_PAYER,65000,S0,动态基线,0.0,0.0,0.0,10000
10,PARTIAL_PUBLIC_PAYER,65000,S1,健康宣教,0.0,0.0,50757952294.615105,10000
10,PARTIAL_PUBLIC_PAYER,65000,S2,社区健身,0.0035,0.0005905717568594015,145882180248.8783,10000
10,PARTIAL_PUBLIC_PAYER,65000,S3,公共健身设施,0.0051,0.0007123194508084137,169652367936.7942,10000
10,PARTIAL_PUBLIC_PAYER,65000,S4,体卫融合,0.0988,0.002983932975118577,258630614429.7673,10000
10,PARTIAL_PUBLIC_PAYER,65000,S5,智慧健身,0.0006,0.0002448754785600224,125243948707.88306,10000
10,PARTIAL_PUBLIC_PAYER,65000,S6,综合政策,0.892,0.003103804117530615,382917176400.1384,10000
10,PARTIAL_PUBLIC_PAYER,67500,S0,动态基线,0.0,0.0,0.0,10000
10,PARTIAL_PUBLIC_PAYER,67500,S1,健康宣教,0.0,0.0,52723995353.40498,10000
10,PARTIAL_PUBLIC_PAYER,67500,S2,社区健身,0.0036,0.0005989190262464534,151803718555.6185,10000
10,PARTIAL_PUBLIC_PAYER,67500,S3,公共健身设施,0.0051,0.0007123194508084137,176375158027.26135,10000
10,PARTIAL_PUBLIC_PAYER,67500,S4,体卫融合,0.0978,0.002970440371392767,268486933299.4566,10000
10,PARTIAL_PUBLIC_PAYER,67500,S5,智慧健身,0.0006,0.0002448754785600224,130008877616.4318,10000
10,PARTIAL_PUBLIC_PAYER,67500,S6,综合政策,0.8929,0.003092403434223937,398284874211.2095,10000
10,PARTIAL_PUBLIC_PAYER,70000,S0,动态基线,0.0,0.0,0.0,10000
10,PARTIAL_PUBLIC_PAYER,70000,S1,健康宣教,0.0,0.0,54690038412.19486,10000
10,PARTIAL_PUBLIC_PAYER,70000,S2,社区健身,0.0035,0.0005905717568594015,157725256862.3587,10000
10,PARTIAL_PUBLIC_PAYER,70000,S3,公共健身设施,0.0049,0.0006982828939620389,183097948117.72852,10000
10,PARTIAL_PUBLIC_PAYER,70000,S4,体卫融合,0.0961,0.002947283325369314,278343252169.146,10000
10,PARTIAL_PUBLIC_PAYER,70000,S5,智慧健身,0.0006,0.0002448754785600224,134773806524.9806,10000
10,PARTIAL_PUBLIC_PAYER,70000,S6,综合政策,0.8949,0.003066822296775605,413652572022.2806,10000
10,PARTIAL_PUBLIC_PAYER,72500,S0,动态基线,0.0,0.0,0.0,10000
10,PARTIAL_PUBLIC_PAYER,72500,S1,健康宣教,0.0,0.0,56656081470.984726,10000
10,PARTIAL_PUBLIC_PAYER,72500,S2,社区健身,0.0034,0.0005821030836544331,163646795169.09894,10000
10,PARTIAL_PUBLIC_PAYER,72500,S3,公共健身设施,0.005,0.0007053367989832942,189820738208.19568,10000
10,PARTIAL_PUBLIC_PAYER,72500,S4,体卫融合,0.0944,0.0029238440450885883,288199571038.8353,10000
10,PARTIAL_PUBLIC_PAYER,72500,S5,智慧健身,0.0005,0.0002235508890610816,139538735433.5294,10000
10,PARTIAL_PUBLIC_PAYER,72500,S6,综合政策,0.8967,0.003043503080333581,429020269833.35175,10000
10,PARTIAL_PUBLIC_PAYER,75000,S0,动态基线,0.0,0.0,0.0,10000
10,PARTIAL_PUBLIC_PAYER,75000,S1,健康宣教,0.0,0.0,58622124529.77461,10000
10,PARTIAL_PUBLIC_PAYER,75000,S2,社区健身,0.0034,0.0005821030836544331,169568333475.83914,10000
10,PARTIAL_PUBLIC_PAYER,75000,S3,公共健身设施,0.0049,0.0006982828939620389,196543528298.6628,10000
10,PARTIAL_PUBLIC_PAYER,75000,S4,体卫融合,0.0938,0.0029155027010791808,298055889908.52466,10000
10,PARTIAL_PUBLIC_PAYER,75000,S5,智慧健身,0.0005,0.0002235508890610816,144303664342.0782,10000
10,PARTIAL_PUBLIC_PAYER,75000,S6,综合政策,0.8974,0.003034357263078954,444387967644.42285,10000
10,PARTIAL_PUBLIC_PAYER,77500,S0,动态基线,0.0,0.0,0.0,10000
10,PARTIAL_PUBLIC_PAYER,77500,S1,健康宣教,0.0,0.0,60588167588.564476,10000
10,PARTIAL_PUBLIC_PAYER,77500,S2,社区健身,0.0034,0.0005821030836544331,175489871782.57935,10000
10,PARTIAL_PUBLIC_PAYER,77500,S3,公共健身设施,0.0049,0.0006982828939620389,203266318389.12997,10000
10,PARTIAL_PUBLIC_PAYER,77500,S4,体卫融合,0.0924,0.002895897788251512,307912208778.214,10000
10,PARTIAL_PUBLIC_PAYER,77500,S5,智慧健身,0.0005,0.0002235508890610816,149068593250.627,10000
10,PARTIAL_PUBLIC_PAYER,77500,S6,综合政策,0.8988,0.003015933686273622,459755665455.494,10000
10,PARTIAL_PUBLIC_PAYER,80000,S0,动态基线,0.0,0.0,0.0,10000
10,PARTIAL_PUBLIC_PAYER,80000,S1,健康宣教,0.0,0.0,62554210647.35435,10000
10,PARTIAL_PUBLIC_PAYER,80000,S2,社区健身,0.0033,0.0005735076285456019,181411410089.31958,10000
10,PARTIAL_PUBLIC_PAYER,80000,S3,公共健身设施,0.0048,0.0006911555541265655,209989108479.59714,10000
10,PARTIAL_PUBLIC_PAYER,80000,S4,体卫融合,0.0921,0.0028916706243969077,317768527647.9033,10000
10,PARTIAL_PUBLIC_PAYER,80000,S5,智慧健身,0.0005,0.0002235508890610816,153833522159.17578,10000
10,PARTIAL_PUBLIC_PAYER,80000,S6,综合政策,0.8993,0.003009310718420416,475123363266.5651,10000
10,PARTIAL_PUBLIC_PAYER,82500,S0,动态基线,0.0,0.0,0.0,10000
10,PARTIAL_PUBLIC_PAYER,82500,S1,健康宣教,0.0,0.0,64520253706.14423,10000
10,PARTIAL_PUBLIC_PAYER,82500,S2,社区健身,0.0032,0.0005647796030311293,187332948396.05978,10000
10,PARTIAL_PUBLIC_PAYER,82500,S3,公共健身设施,0.0047,0.0006839524837296814,216711898570.0643,10000
10,PARTIAL_PUBLIC_PAYER,82500,S4,体卫融合,0.0914,0.0028817709832670603,327624846517.5927,10000
10,PARTIAL_PUBLIC_PAYER,82500,S5,智慧健身,0.0005,0.0002235508890610816,158598451067.7246,10000
10,PARTIAL_PUBLIC_PAYER,82500,S6,综合政策,0.9002,0.0029973314798333534,490491061077.6362,10000
10,PARTIAL_PUBLIC_PAYER,85000,S0,动态基线,0.0,0.0,0.0,10000
10,PARTIAL_PUBLIC_PAYER,85000,S1,健康宣教,0.0,0.0,66486296764.93411,10000
10,PARTIAL_PUBLIC_PAYER,85000,S2,社区健身,0.0034,0.0005821030836544331,193254486702.8,10000
10,PARTIAL_PUBLIC_PAYER,85000,S3,公共健身设施,0.0046,0.0006766712643521964,223434688660.53146,10000
10,PARTIAL_PUBLIC_PAYER,85000,S4,体卫融合,0.0903,0.0028661107794361335,337481165387.28204,10000
10,PARTIAL_PUBLIC_PAYER,85000,S5,智慧健身,0.0005,0.0002235508890610816,163363379976.27338,10000
10,PARTIAL_PUBLIC_PAYER,85000,S6,综合政策,0.9012,0.002983932975118577,505858758888.7073,10000
10,PARTIAL_PUBLIC_PAYER,87500,S0,动态基线,0.0,0.0,0.0,10000
10,PARTIAL_PUBLIC_PAYER,87500,S1,健康宣教,0.0,0.0,68452339823.723976,10000
10,PARTIAL_PUBLIC_PAYER,87500,S2,社区健身,0.0034,0.0005821030836544331,199176025009.5402,10000
10,PARTIAL_PUBLIC_PAYER,87500,S3,公共健身设施,0.0045,0.0006693093455196931,230157478750.99866,10000
10,PARTIAL_PUBLIC_PAYER,87500,S4,体卫融合,0.0895,0.002854640958159187,347337484256.9714,10000
10,PARTIAL_PUBLIC_PAYER,87500,S5,智慧健身,0.0005,0.0002235508890610816,168128308884.82217,10000
10,PARTIAL_PUBLIC_PAYER,87500,S6,综合政策,0.9021,0.0029717939026789857,521226456699.7785,10000
10,PARTIAL_PUBLIC_PAYER,90000,S0,动态基线,0.0,0.0,0.0,10000
10,PARTIAL_PUBLIC_PAYER,90000,S1,健康宣教,0.0,0.0,70418382882.51385,10000
10,PARTIAL_PUBLIC_PAYER,90000,S2,社区健身,0.0034,0.0005821030836544331,205097563316.2804,10000
10,PARTIAL_PUBLIC_PAYER,90000,S3,公共健身设施,0.0045,0.0006693093455196931,236880268841.46576,10000
10,PARTIAL_PUBLIC_PAYER,90000,S4,体卫融合,0.0889,0.0028459934996412062,357193803126.6607,10000
10,PARTIAL_PUBLIC_PAYER,90000,S5,智慧健身,0.0005,0.0002235508890610816,172893237793.37094,10000
10,PARTIAL_PUBLIC_PAYER,90000,S6,综合政策,0.9027,0.002963658381122899,536594154510.8496,10000
10,PARTIAL_PUBLIC_PAYER,92500,S0,动态基线,0.0,0.0,0.0,10000
10,PARTIAL_PUBLIC_PAYER,92500,S1,健康宣教,0.0,0.0,72384425941.30373,10000
10,PARTIAL_PUBLIC_PAYER,92500,S2,社区健身,0.0034,0.0005821030836544331,211019101623.0206,10000
10,PARTIAL_PUBLIC_PAYER,92500,S3,公共健身设施,0.0045,0.0006693093455196931,243603058931.93295,10000
10,PARTIAL_PUBLIC_PAYER,92500,S4,体卫融合,0.0883,0.002837306997841439,367050121996.3501,10000
10,PARTIAL_PUBLIC_PAYER,92500,S5,智慧健身,0.0005,0.0002235508890610816,177658166701.91974,10000
10,PARTIAL_PUBLIC_PAYER,92500,S6,综合政策,0.9033,0.0029554882845310012,551961852321.9207,10000
10,PARTIAL_PUBLIC_PAYER,95000,S0,动态基线,0.0,0.0,0.0,10000
10,PARTIAL_PUBLIC_PAYER,95000,S1,健康宣教,0.0,0.0,74350469000.0936,10000
10,PARTIAL_PUBLIC_PAYER,95000,S2,社区健身,0.0034,0.0005821030836544331,216940639929.76083,10000
10,PARTIAL_PUBLIC_PAYER,95000,S3,公共健身设施,0.0045,0.0006693093455196931,250325849022.4001,10000
10,PARTIAL_PUBLIC_PAYER,95000,S4,体卫融合,0.0878,0.0028300381622868623,376906440866.0394,10000
10,PARTIAL_PUBLIC_PAYER,95000,S5,智慧健身,0.0005,0.0002235508890610816,182423095610.46854,10000
10,PARTIAL_PUBLIC_PAYER,95000,S6,综合政策,0.9038,0.002948653251910098,567329550132.9918,10000
10,PARTIAL_PUBLIC_PAYER,97500,S0,动态基线,0.0,0.0,0.0,10000
10,PARTIAL_PUBLIC_PAYER,97500,S1,健康宣教,0.0,0.0,76316512058.88347,10000
10,PARTIAL_PUBLIC_PAYER,97500,S2,社区健身,0.0034,0.0005821030836544331,222862178236.50104,10000
10,PARTIAL_PUBLIC_PAYER,97500,S3,公共健身设施,0.0044,0.0006618640343756413,257048639112.86725,10000
10,PARTIAL_PUBLIC_PAYER,97500,S4,体卫融合,0.0875,0.0028256636388643286,386762759735.7287,10000
10,PARTIAL_PUBLIC_PAYER,97500,S5,智慧健身,0.0005,0.0002235508890610816,187188024519.01736,10000
10,PARTIAL_PUBLIC_PAYER,97500,S6,综合政策,0.9042,0.0029431676812577295,582697247944.0629,10000
10,PARTIAL_PUBLIC_PAYER,100000,S0,动态基线,0.0,0.0,0.0,10000
10,PARTIAL_PUBLIC_PAYER,100000,S1,健康宣教,0.0,0.0,78282555117.67336,10000
10,PARTIAL_PUBLIC_PAYER,100000,S2,社区健身,0.0033,0.0005735076285456019,228783716543.24124,10000
10,PARTIAL_PUBLIC_PAYER,100000,S3,公共健身设施,0.0045,0.0006693093455196931,263771429203.3344,10000
10,PARTIAL_PUBLIC_PAYER,100000,S4,体卫融合,0.0867,0.0028139493598854973,396619078605.4181,10000
10,PARTIAL_PUBLIC_PAYER,100000,S5,智慧健身,0.0005,0.0002235508890610816,191952953427.56613,10000
10,PARTIAL_PUBLIC_PAYER,100000,S6,综合政策,0.905,0.0029321493822791495,598064945755.134,10000
10,PARTIAL_PUBLIC_PAYER,102500,S0,动态基线,0.0,0.0,0.0,10000
10,PARTIAL_PUBLIC_PAYER,102500,S1,健康宣教,0.0,0.0,80248598176.46323,10000
10,PARTIAL_PUBLIC_PAYER,102500,S2,社区健身,0.0033,0.0005735076285456019,234705254849.98145,10000
10,PARTIAL_PUBLIC_PAYER,102500,S3,公共健身设施,0.0045,0.0006693093455196931,270494219293.80154,10000
10,PARTIAL_PUBLIC_PAYER,102500,S4,体卫融合,0.0864,0.002809538040319084,406475397475.1074,10000
10,PARTIAL_PUBLIC_PAYER,102500,S5,智慧健身,0.0005,0.0002235508890610816,196717882336.1149,10000
10,PARTIAL_PUBLIC_PAYER,102500,S6,综合政策,0.9053,0.0029280011953549475,613432643566.2052,10000
10,PARTIAL_PUBLIC_PAYER,105000,S0,动态基线,0.0,0.0,0.0,10000
10,PARTIAL_PUBLIC_PAYER,105000,S1,健康宣教,0.0,0.0,82214641235.2531,10000
10,PARTIAL_PUBLIC_PAYER,105000,S2,社区健身,0.0033,0.0005735076285456019,240626793156.7217,10000
10,PARTIAL_PUBLIC_PAYER,105000,S3,公共健身设施,0.0045,0.0006693093455196931,277217009384.2687,10000
10,PARTIAL_PUBLIC_PAYER,105000,S4,体卫融合,0.086,0.0028036404905051574,416331716344.79675,10000
10,PARTIAL_PUBLIC_PAYER,105000,S5,智慧健身,0.0005,0.0002235508890610816,201482811244.6637,10000
10,PARTIAL_PUBLIC_PAYER,105000,S6,综合政策,0.9057,0.0029224563298704746,628800341377.2764,10000
10,PARTIAL_PUBLIC_PAYER,107500,S0,动态基线,0.0,0.0,0.0,10000
10,PARTIAL_PUBLIC_PAYER,107500,S1,健康宣教,0.0,0.0,84180684294.04297,10000
10,PARTIAL_PUBLIC_PAYER,107500,S2,社区健身,0.0033,0.0005735076285456019,246548331463.4619,10000
10,PARTIAL_PUBLIC_PAYER,107500,S3,公共健身设施,0.0045,0.0006693093455196931,283939799474.7359,10000
10,PARTIAL_PUBLIC_PAYER,107500,S4,体卫融合,0.0857,0.002799205422972741,426188035214.4861,10000
10,PARTIAL_PUBLIC_PAYER,107500,S5,智慧健身,0.0005,0.0002235508890610816,206247740153.2125,10000
10,PARTIAL_PUBLIC_PAYER,107500,S6,综合政策,0.906,0.0029182871688714935,644168039188.3474,10000
10,PARTIAL_PUBLIC_PAYER,110000,S0,动态基线,0.0,0.0,0.0,10000
10,PARTIAL_PUBLIC_PAYER,110000,S1,健康宣教,0.0,0.0,86146727352.83286,10000
10,PARTIAL_PUBLIC_PAYER,110000,S2,社区健身,0.0033,0.0005735076285456019,252469869770.2021,10000
10,PARTIAL_PUBLIC_PAYER,110000,S3,公共健身设施,0.0045,0.0006693093455196931,290662589565.203,10000
10,PARTIAL_PUBLIC_PAYER,110000,S4,体卫融合,0.0852,0.002791790823109783,436044354084.1755,10000
10,PARTIAL_PUBLIC_PAYER,110000,S5,智慧健身,0.0005,0.0002235508890610816,211012669061.7613,10000
10,PARTIAL_PUBLIC_PAYER,110000,S6,综合政策,0.9065,0.002911318429852702,659535736999.4186,10000
10,PARTIAL_PUBLIC_PAYER,112500,S0,动态基线,0.0,0.0,0.0,10000
10,PARTIAL_PUBLIC_PAYER,112500,S1,健康宣教,0.0,0.0,88112770411.62273,10000
10,PARTIAL_PUBLIC_PAYER,112500,S2,社区健身,0.0033,0.0005735076285456019,258391408076.9423,10000
10,PARTIAL_PUBLIC_PAYER,112500,S3,公共健身设施,0.0044,0.0006618640343756413,297385379655.6702,10000
10,PARTIAL_PUBLIC_PAYER,112500,S4,体卫融合,0.0847,0.002784347499864196,445900672953.8648,10000
10,PARTIAL_PUBLIC_PAYER,112500,S5,智慧健身,0.0005,0.0002235508890610816,215777597970.3101,10000
10,PARTIAL_PUBLIC_PAYER,112500,S6,综合政策,0.9071,0.0029029224929370745,674903434810.4896,10000
10,PARTIAL_PUBLIC_PAYER,115000,S0,动态基线,0.0,0.0,0.0,10000
10,PARTIAL_PUBLIC_PAYER,115000,S1,健康宣教,0.0,0.0,90078813470.4126,10000
10,PARTIAL_PUBLIC_PAYER,115000,S2,社区健身,0.0033,0.0005735076285456019,264312946383.6825,10000
10,PARTIAL_PUBLIC_PAYER,115000,S3,公共健身设施,0.0044,0.0006618640343756413,304108169746.1373,10000
10,PARTIAL_PUBLIC_PAYER,115000,S4,体卫融合,0.0843,0.0027783720053297396,455756991823.5542,10000
10,PARTIAL_PUBLIC_PAYER,115000,S5,智慧健身,0.0005,0.0002235508890610816,220542526878.8589,10000
10,PARTIAL_PUBLIC_PAYER,115000,S6,综合政策,0.9075,0.0028973047820345034,690271132621.5607,10000
10,PARTIAL_PUBLIC_PAYER,117500,S0,动态基线,0.0,0.0,0.0,10000
10,PARTIAL_PUBLIC_PAYER,117500,S1,健康宣教,0.0,0.0,92044856529.20247,10000
10,PARTIAL_PUBLIC_PAYER,117500,S2,社区健身,0.0033,0.0005735076285456019,270234484690.4227,10000
10,PARTIAL_PUBLIC_PAYER,117500,S3,公共健身设施,0.0044,0.0006618640343756413,310830959836.6045,10000
10,PARTIAL_PUBLIC_PAYER,117500,S4,体卫融合,0.0839,0.002772377860249212,465613310693.2434,10000
10,PARTIAL_PUBLIC_PAYER,117500,S5,智慧健身,0.0005,0.0002235508890610816,225307455787.4077,10000
10,PARTIAL_PUBLIC_PAYER,117500,S6,综合政策,0.9079,0.002891670624396907,705638830432.632,10000
10,PARTIAL_PUBLIC_PAYER,120000,S0,动态基线,0.0,0.0,0.0,10000
10,PARTIAL_PUBLIC_PAYER,120000,S1,健康宣教,0.0,0.0,94010899587.99236,10000
10,PARTIAL_PUBLIC_PAYER,120000,S2,社区健身,0.0033,0.0005735076285456019,276156022997.1629,10000
10,PARTIAL_PUBLIC_PAYER,120000,S3,公共健身设施,0.0044,0.0006618640343756413,317553749927.0716,10000
10,PARTIAL_PUBLIC_PAYER,120000,S4,体卫融合,0.0831,0.0027603331320693886,475469629562.9328,10000
10,PARTIAL_PUBLIC_PAYER,120000,S5,智慧健身,0.0005,0.0002235508890610816,230072384695.9565,10000
10,PARTIAL_PUBLIC_PAYER,120000,S6,综合政策,0.9087,0.0028803525825842925,721006528243.703,10000
10,PARTIAL_PUBLIC_PAYER,122500,S0,动态基线,0.0,0.0,0.0,10000
10,PARTIAL_PUBLIC_PAYER,122500,S1,健康宣教,0.0,0.0,95976942646.78223,10000
10,PARTIAL_PUBLIC_PAYER,122500,S2,社区健身,0.0033,0.0005735076285456019,282077561303.9031,10000
10,PARTIAL_PUBLIC_PAYER,122500,S3,公共健身设施,0.0044,0.0006618640343756413,324276540017.5388,10000
10,PARTIAL_PUBLIC_PAYER,122500,S4,体卫融合,0.0825,0.00275124971603815,485325948432.6222,10000
10,PARTIAL_PUBLIC_PAYER,122500,S5,智慧健身,0.0005,0.0002235508890610816,234837313604.50525,10000
10,PARTIAL_PUBLIC_PAYER,122500,S6,综合政策,0.9093,0.0028718201545361436,736374226054.7742,10000
10,PARTIAL_PUBLIC_PAYER,125000,S0,动态基线,0.0,0.0,0.0,10000
10,PARTIAL_PUBLIC_PAYER,125000,S1,健康宣教,0.0,0.0,97942985705.5721,10000
10,PARTIAL_PUBLIC_PAYER,125000,S2,社区健身,0.0033,0.0005735076285456019,287999099610.6434,10000
10,PARTIAL_PUBLIC_PAYER,125000,S3,公共健身设施,0.0044,0.0006618640343756413,330999330108.0059,10000
10,PARTIAL_PUBLIC_PAYER,125000,S4,体卫融合,0.0825,0.00275124971603815,495182267302.3116,10000
10,PARTIAL_PUBLIC_PAYER,125000,S5,智慧健身,0.0005,0.0002235508890610816,239602242513.05405,10000
10,PARTIAL_PUBLIC_PAYER,125000,S6,综合政策,0.9093,0.0028718201545361436,751741923865.8452,10000
10,PARTIAL_PUBLIC_PAYER,127500,S0,动态基线,0.0,0.0,0.0,10000
10,PARTIAL_PUBLIC_PAYER,127500,S1,健康宣教,0.0,0.0,99909028764.36197,10000
10,PARTIAL_PUBLIC_PAYER,127500,S2,社区健身,0.0033,0.0005735076285456019,293920637917.38354,10000
10,PARTIAL_PUBLIC_PAYER,127500,S3,公共健身设施,0.0043,0.0006543324842921984,337722120198.4731,10000
10,PARTIAL_PUBLIC_PAYER,127500,S4,体卫融合,0.082,0.002743647207641682,505038586172.0008,10000
10,PARTIAL_PUBLIC_PAYER,127500,S5,智慧健身,0.0005,0.0002235508890610816,244367171421.60284,10000
10,PARTIAL_PUBLIC_PAYER,127500,S6,综合政策,0.9099,0.002863249727145712,767109621676.9164,10000
10,PARTIAL_PUBLIC_PAYER,130000,S0,动态基线,0.0,0.0,0.0,10000
10,PARTIAL_PUBLIC_PAYER,130000,S1,健康宣教,0.0,0.0,101875071823.15186,10000
10,PARTIAL_PUBLIC_PAYER,130000,S2,社区健身,0.0033,0.0005735076285456019,299842176224.1238,10000
10,PARTIAL_PUBLIC_PAYER,130000,S3,公共健身设施,0.0043,0.0006543324842921984,344444910288.9403,10000
10,PARTIAL_PUBLIC_PAYER,130000,S4,体卫融合,0.0817,0.0027390711929411397,514894905041.6902,10000
10,PARTIAL_PUBLIC_PAYER,130000,S5,智慧健身,0.0005,0.0002235508890610816,249132100330.15164,10000
10,PARTIAL_PUBLIC_PAYER,130000,S6,综合政策,0.9102,0.0028589501569632166,782477319487.9875,10000
10,PARTIAL_PUBLIC_PAYER,132500,S0,动态基线,0.0,0.0,0.0,10000
10,PARTIAL_PUBLIC_PAYER,132500,S1,健康宣教,0.0,0.0,103841114881.94173,10000
10,PARTIAL_PUBLIC_PAYER,132500,S2,社区健身,0.0033,0.0005735076285456019,305763714530.86395,10000
10,PARTIAL_PUBLIC_PAYER,132500,S3,公共健身设施,0.0042,0.0006467116822819887,351167700379.4075,10000
10,PARTIAL_PUBLIC_PAYER,132500,S4,体卫融合,0.0815,0.0027360144370964126,524751223911.3795,10000
10,PARTIAL_PUBLIC_PAYER,132500,S5,智慧健身,0.0005,0.0002235508890610816,253897029238.70044,10000
10,PARTIAL_PUBLIC_PAYER,132500,S6,综合政策,0.9105,0.002854640958159187,797845017299.0586,10000
10,PARTIAL_PUBLIC_PAYER,135000,S0,动态基线,0.0,0.0,0.0,10000
10,PARTIAL_PUBLIC_PAYER,135000,S1,健康宣教,0.0,0.0,105807157940.7316,10000
10,PARTIAL_PUBLIC_PAYER,135000,S2,社区健身,0.0033,0.0005735076285456019,311685252837.6041,10000
10,PARTIAL_PUBLIC_PAYER,135000,S3,公共健身设施,0.0042,0.0006467116822819887,357890490469.8746,10000
10,PARTIAL_PUBLIC_PAYER,135000,S4,体卫融合,0.0813,0.0027329527987142404,534607542781.0688,10000
10,PARTIAL_PUBLIC_PAYER,135000,S5,智慧健身,0.0005,0.0002235508890610816,258661958147.2492,10000
10,PARTIAL_PUBLIC_PAYER,135000,S6,综合政策,0.9107,0.0028517627881715552,813212715110.1298,10000
10,PARTIAL_PUBLIC_PAYER,137500,S0,动态基线,0.0,0.0,0.0,10000
10,PARTIAL_PUBLIC_PAYER,137500,S1,健康宣教,0.0,0.0,107773200999.52147,10000
10,PARTIAL_PUBLIC_PAYER,137500,S2,社区健身,0.0033,0.0005735076285456019,317606791144.34436,10000
10,PARTIAL_PUBLIC_PAYER,137500,S3,公共健身设施,0.0042,0.0006467116822819887,364613280560.34174,10000
10,PARTIAL_PUBLIC_PAYER,137500,S4,体卫融合,0.0812,0.002731420143441869,544463861650.7582,10000
10,PARTIAL_PUBLIC_PAYER,137500,S5,智慧健身,0.0005,0.0002235508890610816,263426887055.798,10000
10,PARTIAL_PUBLIC_PAYER,137500,S6,综合政策,0.9108,0.0028503220870631438,828580412921.2008,10000
10,PARTIAL_PUBLIC_PAYER,140000,S0,动态基线,0.0,0.0,0.0,10000
10,PARTIAL_PUBLIC_PAYER,140000,S1,健康宣教,0.0,0.0,109739244058.31136,10000
10,PARTIAL_PUBLIC_PAYER,140000,S2,社区健身,0.0033,0.0005735076285456019,323528329451.0846,10000
10,PARTIAL_PUBLIC_PAYER,140000,S3,公共健身设施,0.0042,0.0006467116822819887,371336070650.8089,10000
10,PARTIAL_PUBLIC_PAYER,140000,S4,体卫融合,0.0812,0.002731420143441869,554320180520.4476,10000
10,PARTIAL_PUBLIC_PAYER,140000,S5,智慧健身,0.0005,0.0002235508890610816,268191815964.3468,10000
10,PARTIAL_PUBLIC_PAYER,140000,S6,综合政策,0.9108,0.0028503220870631438,843948110732.272,10000
10,PARTIAL_PUBLIC_PAYER,142500,S0,动态基线,0.0,0.0,0.0,10000
10,PARTIAL_PUBLIC_PAYER,142500,S1,健康宣教,0.0,0.0,111705287117.10123,10000
10,PARTIAL_PUBLIC_PAYER,142500,S2,社区健身,0.0033,0.0005735076285456019,329449867757.8248,10000
10,PARTIAL_PUBLIC_PAYER,142500,S3,公共健身设施,0.0042,0.0006467116822819887,378058860741.2761,10000
10,PARTIAL_PUBLIC_PAYER,142500,S4,体卫融合,0.0812,0.002731420143441869,564176499390.1368,10000
10,PARTIAL_PUBLIC_PAYER,142500,S5,智慧健身,0.0005,0.0002235508890610816,272956744872.8956,10000
10,PARTIAL_PUBLIC_PAYER,142500,S6,综合政策,0.9108,0.0028503220870631438,859315808543.3431,10000
10,PARTIAL_PUBLIC_PAYER,145000,S0,动态基线,0.0,0.0,0.0,10000
10,PARTIAL_PUBLIC_PAYER,145000,S1,健康宣教,0.0,0.0,113671330175.8911,10000
10,PARTIAL_PUBLIC_PAYER,145000,S2,社区健身,0.0033,0.0005735076285456019,335371406064.565,10000
10,PARTIAL_PUBLIC_PAYER,145000,S3,公共健身设施,0.0041,0.0006389984350528568,384781650831.7432,10000
10,PARTIAL_PUBLIC_PAYER,145000,S4,体卫融合,0.0808,0.0027252772336039503,574032818259.8262,10000
10,PARTIAL_PUBLIC_PAYER,145000,S5,智慧健身,0.0005,0.0002235508890610816,277721673781.4444,10000
10,PARTIAL_PUBLIC_PAYER,145000,S6,综合政策,0.9113,0.0028431023548229845,874683506354.4142,10000
10,PARTIAL_PUBLIC_PAYER,147500,S0,动态基线,0.0,0.0,0.0,10000
10,PARTIAL_PUBLIC_PAYER,147500,S1,健康宣教,0.0,0.0,115637373234.68097,10000
10,PARTIAL_PUBLIC_PAYER,147500,S2,社区健身,0.0033,0.0005735076285456019,341292944371.3052,10000
10,PARTIAL_PUBLIC_PAYER,147500,S3,公共健身设施,0.004,0.00063118935352238,391504440922.2104,10000
10,PARTIAL_PUBLIC_PAYER,147500,S4,体卫融合,0.0806,0.002722198376312792,583889137129.5156,10000
10,PARTIAL_PUBLIC_PAYER,147500,S5,智慧健身,0.0005,0.0002235508890610816,282486602689.9932,10000
10,PARTIAL_PUBLIC_PAYER,147500,S6,综合政策,0.9116,0.002838757474670917,890051204165.4854,10000
10,PARTIAL_PUBLIC_PAYER,150000,S0,动态基线,0.0,0.0,0.0,10000
10,PARTIAL_PUBLIC_PAYER,150000,S1,健康宣教,0.0,0.0,117603416293.47086,10000
10,PARTIAL_PUBLIC_PAYER,150000,S2,社区健身,0.0033,0.0005735076285456019,347214482678.0454,10000
10,PARTIAL_PUBLIC_PAYER,150000,S3,公共健身设施,0.0039,0.0006232808355789547,398227231012.6775,10000
10,PARTIAL_PUBLIC_PAYER,150000,S4,体卫融合,0.0803,0.0027175707902463184,593745455999.205,10000
10,PARTIAL_PUBLIC_PAYER,150000,S5,智慧健身,0.0005,0.0002235508890610816,287251531598.542,10000
10,PARTIAL_PUBLIC_PAYER,150000,S6,综合政策,0.912,0.002832948993540123,905418901976.5564,10000
10,PARTIAL_PUBLIC_PAYER,152500,S0,动态基线,0.0,0.0,0.0,10000
10,PARTIAL_PUBLIC_PAYER,152500,S1,健康宣教,0.0,0.0,119569459352.26073,10000
10,PARTIAL_PUBLIC_PAYER,152500,S2,社区健身,0.0032,0.0005647796030311293,353136020984.7856,10000
10,PARTIAL_PUBLIC_PAYER,152500,S3,公共健身设施,0.0039,0.0006232808355789547,404950021103.1447,10000
10,PARTIAL_PUBLIC_PAYER,152500,S4,体卫融合,0.08,0.002712931993250107,603601774868.8943,10000
10,PARTIAL_PUBLIC_PAYER,152500,S5,智慧健身,0.0005,0.0002235508890610816,292016460507.09076,10000
10,PARTIAL_PUBLIC_PAYER,152500,S6,综合政策,0.9124,0.002827122919152968,920786599787.6276,10000
10,PARTIAL_PUBLIC_PAYER,155000,S0,动态基线,0.0,0.0,0.0,10000
10,PARTIAL_PUBLIC_PAYER,155000,S1,健康宣教,0.0,0.0,121535502411.0506,10000
10,PARTIAL_PUBLIC_PAYER,155000,S2,社区健身,0.0032,0.0005647796030311293,359057559291.5258,10000
10,PARTIAL_PUBLIC_PAYER,155000,S3,公共健身设施,0.0039,0.0006232808355789547,411672811193.6119,10000
10,PARTIAL_PUBLIC_PAYER,155000,S4,体卫融合,0.0799,0.0027113832263256335,613458093738.5836,10000
10,PARTIAL_PUBLIC_PAYER,155000,S5,智慧健身,0.0005,0.0002235508890610816,296781389415.6396,10000
10,PARTIAL_PUBLIC_PAYER,155000,S6,综合政策,0.9125,0.0028256636388643295,936154297598.6986,10000
10,PARTIAL_PUBLIC_PAYER,157500,S0,动态基线,0.0,0.0,0.0,10000
10,PARTIAL_PUBLIC_PAYER,157500,S1,健康宣教,0.0,0.0,123501545469.84045,10000
10,PARTIAL_PUBLIC_PAYER,157500,S2,社区健身,0.0032,0.0005647796030311293,364979097598.2661,10000
10,PARTIAL_PUBLIC_PAYER,157500,S3,公共健身设施,0.0039,0.0006232808355789547,418395601284.079,10000
10,PARTIAL_PUBLIC_PAYER,157500,S4,体卫融合,0.0797,0.002708281927717275,623314412608.273,10000
10,PARTIAL_PUBLIC_PAYER,157500,S5,智慧健身,0.0005,0.0002235508890610816,301546318324.18835,10000
10,PARTIAL_PUBLIC_PAYER,157500,S6,综合政策,0.9127,0.002822741752268529,951521995409.7698,10000
10,PARTIAL_PUBLIC_PAYER,160000,S0,动态基线,0.0,0.0,0.0,10000
10,PARTIAL_PUBLIC_PAYER,160000,S1,健康宣教,0.0,0.0,125467588528.63036,10000
10,PARTIAL_PUBLIC_PAYER,160000,S2,社区健身,0.0031,0.0005559127629403736,370900635905.0063,10000
10,PARTIAL_PUBLIC_PAYER,160000,S3,公共健身设施,0.0039,0.0006232808355789547,425118391374.5462,10000
10,PARTIAL_PUBLIC_PAYER,160000,S4,体卫融合,0.0793,0.002702064210932079,633170731477.9623,10000
10,PARTIAL_PUBLIC_PAYER,160000,S5,智慧健身,0.0005,0.0002235508890610816,306311247232.7372,10000
10,PARTIAL_PUBLIC_PAYER,160000,S6,综合政策,0.9132,0.002815417553401271,966889693220.8408,10000
10,PARTIAL_PUBLIC_PAYER,162500,S0,动态基线,0.0,0.0,0.0,10000
10,PARTIAL_PUBLIC_PAYER,162500,S1,健康宣教,0.0,0.0,127433631587.4202,10000
10,PARTIAL_PUBLIC_PAYER,162500,S2,社区健身,0.0031,0.0005559127629403736,376822174211.7465,10000
10,PARTIAL_PUBLIC_PAYER,162500,S3,公共健身设施,0.0039,0.0006232808355789547,431841181465.0133,10000
10,PARTIAL_PUBLIC_PAYER,162500,S4,体卫融合,0.0789,0.0026958262184347123,643027050347.6516,10000
10,PARTIAL_PUBLIC_PAYER,162500,S5,智慧健身,0.0005,0.0002235508890610816,311076176141.28595,10000
10,PARTIAL_PUBLIC_PAYER,162500,S6,综合政策,0.9136,0.0028095380403190848,982257391031.912,10000
10,PARTIAL_PUBLIC_PAYER,165000,S0,动态基线,0.0,0.0,0.0,10000
10,PARTIAL_PUBLIC_PAYER,165000,S1,健康宣教,0.0,0.0,129399674646.2101,10000
10,PARTIAL_PUBLIC_PAYER,165000,S2,社区健身,0.0031,0.0005559127629403736,382743712518.4867,10000
10,PARTIAL_PUBLIC_PAYER,165000,S3,公共健身设施,0.0038,0.0006152690468404858,438563971555.4805,10000
10,PARTIAL_PUBLIC_PAYER,165000,S4,体卫融合,0.0787,0.0026926995747762134,652883369217.341,10000
10,PARTIAL_PUBLIC_PAYER,165000,S5,智慧健身,0.0005,0.0002235508890610816,315841105049.8347,10000
10,PARTIAL_PUBLIC_PAYER,165000,S6,综合政策,0.9139,0.00280511657511769,997625088842.9832,10000
10,PARTIAL_PUBLIC_PAYER,167500,S0,动态基线,0.0,0.0,0.0,10000
10,PARTIAL_PUBLIC_PAYER,167500,S1,健康宣教,0.0,0.0,131365717704.99995,10000
10,PARTIAL_PUBLIC_PAYER,167500,S2,社区健身,0.0031,0.0005559127629403736,388665250825.2269,10000
10,PARTIAL_PUBLIC_PAYER,167500,S3,公共健身设施,0.0038,0.0006152690468404858,445286761645.94763,10000
10,PARTIAL_PUBLIC_PAYER,167500,S4,体卫融合,0.0785,0.0026895678091470383,662739688087.0304,10000
10,PARTIAL_PUBLIC_PAYER,167500,S5,智慧健身,0.0005,0.0002235508890610816,320606033958.3835,10000
10,PARTIAL_PUBLIC_PAYER,167500,S6,综合政策,0.9141,0.0028021632714743797,1012992786654.0542,10000
10,PARTIAL_PUBLIC_PAYER,170000,S0,动态基线,0.0,0.0,0.0,10000
10,PARTIAL_PUBLIC_PAYER,170000,S1,健康宣教,0.0,0.0,133331760763.78986,10000
10,PARTIAL_PUBLIC_PAYER,170000,S2,社区健身,0.0031,0.0005559127629403736,394586789131.9671,10000
10,PARTIAL_PUBLIC_PAYER,170000,S3,公共健身设施,0.0038,0.0006152690468404858,452009551736.4148,10000
10,PARTIAL_PUBLIC_PAYER,170000,S4,体卫融合,0.0784,0.0026880000000000003,672596006956.7196,10000
10,PARTIAL_PUBLIC_PAYER,170000,S5,智慧健身,0.0005,0.0002235508890610816,325370962866.9323,10000
10,PARTIAL_PUBLIC_PAYER,170000,S6,综合政策,0.9142,0.0028006849162303133,1028360484465.1256,10000
10,PARTIAL_PUBLIC_PAYER,172500,S0,动态基线,0.0,0.0,0.0,10000
10,PARTIAL_PUBLIC_PAYER,172500,S1,健康宣教,0.0,0.0,135297803822.5797,10000
10,PARTIAL_PUBLIC_PAYER,172500,S2,社区健身,0.0031,0.0005559127629403736,400508327438.7073,10000
10,PARTIAL_PUBLIC_PAYER,172500,S3,公共健身设施,0.0038,0.0006152690468404858,458732341826.882,10000
10,PARTIAL_PUBLIC_PAYER,172500,S4,体卫融合,0.0783,0.002686430903634039,682452325826.409,10000
10,PARTIAL_PUBLIC_PAYER,172500,S5,智慧健身,0.0005,0.0002235508890610816,330135891775.4811,10000
10,PARTIAL_PUBLIC_PAYER,172500,S6,综合政策,0.9143,0.002799205422972741,1043728182276.1964,10000
10,PARTIAL_PUBLIC_PAYER,175000,S0,动态基线,0.0,0.0,0.0,10000
10,PARTIAL_PUBLIC_PAYER,175000,S1,健康宣教,0.0,0.0,137263846881.3696,10000
10,PARTIAL_PUBLIC_PAYER,175000,S2,社区健身,0.0031,0.0005559127629403736,406429865745.4475,10000
10,PARTIAL_PUBLIC_PAYER,175000,S3,公共健身设施,0.0038,0.0006152690468404858,465455131917.3491,10000
10,PARTIAL_PUBLIC_PAYER,175000,S4,体卫融合,0.0782,0.0026848605177923115,692308644696.0984,10000
10,PARTIAL_PUBLIC_PAYER,175000,S5,智慧健身,0.0005,0.0002235508890610816,334900820684.0299,10000
10,PARTIAL_PUBLIC_PAYER,175000,S6,综合政策,0.9144,0.002797724789896247,1059095880087.2676,10000
10,PARTIAL_PUBLIC_PAYER,177500,S0,动态基线,0.0,0.0,0.0,10000
10,PARTIAL_PUBLIC_PAYER,177500,S1,健康宣教,0.0,0.0,139229889940.15945,10000
10,PARTIAL_PUBLIC_PAYER,177500,S2,社区健身,0.0031,0.0005559127629403736,412351404052.18774,10000
10,PARTIAL_PUBLIC_PAYER,177500,S3,公共健身设施,0.0038,0.0006152690468404858,472177922007.8163,10000
10,PARTIAL_PUBLIC_PAYER,177500,S4,体卫融合,0.0781,0.0026832888402108335,702164963565.7877,10000
10,PARTIAL_PUBLIC_PAYER,177500,S5,智慧健身,0.0005,0.0002235508890610816,339665749592.5787,10000
10,PARTIAL_PUBLIC_PAYER,177500,S6,综合政策,0.9145,0.0027962430151902036,1074463577898.3387,10000
10,PARTIAL_PUBLIC_PAYER,180000,S0,动态基线,0.0,0.0,0.0,10000
10,PARTIAL_PUBLIC_PAYER,180000,S1,健康宣教,0.0,0.0,141195932998.94934,10000
10,PARTIAL_PUBLIC_PAYER,180000,S2,社区健身,0.0031,0.0005559127629403736,418272942358.928,10000
10,PARTIAL_PUBLIC_PAYER,180000,S3,公共健身设施,0.0038,0.0006152690468404858,478900712098.2835,10000
10,PARTIAL_PUBLIC_PAYER,180000,S4,体卫融合,0.078,0.0026817158686184487,712021282435.477,10000
10,PARTIAL_PUBLIC_PAYER,180000,S5,智慧健身,0.0005,0.0002235508890610816,344430678501.1275,10000
10,PARTIAL_PUBLIC_PAYER,180000,S6,综合政策,0.9146,0.002794760097038743,1089831275709.4098,10000
10,PARTIAL_PUBLIC_PAYER,182500,S0,动态基线,0.0,0.0,0.0,10000
10,PARTIAL_PUBLIC_PAYER,182500,S1,健康宣教,0.0,0.0,143161976057.7392,10000
10,PARTIAL_PUBLIC_PAYER,182500,S2,社区健身,0.0031,0.0005559127629403736,424194480665.66815,10000
10,PARTIAL_PUBLIC_PAYER,182500,S3,公共健身设施,0.0038,0.0006152690468404858,485623502188.7506,10000
10,PARTIAL_PUBLIC_PAYER,182500,S4,体卫融合,0.078,0.0026817158686184487,721877601305.1664,10000
10,PARTIAL_PUBLIC_PAYER,182500,S5,智慧健身,0.0005,0.0002235508890610816,349195607409.6763,10000
10,PARTIAL_PUBLIC_PAYER,182500,S6,综合政策,0.9146,0.002794760097038743,1105198973520.481,10000
10,PARTIAL_PUBLIC_PAYER,185000,S0,动态基线,0.0,0.0,0.0,10000
10,PARTIAL_PUBLIC_PAYER,185000,S1,健康宣教,0.0,0.0,145128019116.5291,10000
10,PARTIAL_PUBLIC_PAYER,185000,S2,社区健身,0.0031,0.0005559127629403736,430116018972.4083,10000
10,PARTIAL_PUBLIC_PAYER,185000,S3,公共健身设施,0.0038,0.0006152690468404858,492346292279.2177,10000
10,PARTIAL_PUBLIC_PAYER,185000,S4,体卫融合,0.0779,0.002680141600736797,731733920174.8558,10000
10,PARTIAL_PUBLIC_PAYER,185000,S5,智慧健身,0.0005,0.0002235508890610816,353960536318.2251,10000
10,PARTIAL_PUBLIC_PAYER,185000,S6,综合政策,0.9147,0.002793276033620738,1120566671331.552,10000
10,PARTIAL_PUBLIC_PAYER,187500,S0,动态基线,0.0,0.0,0.0,10000
10,PARTIAL_PUBLIC_PAYER,187500,S1,健康宣教,0.0,0.0,147094062175.31894,10000
10,PARTIAL_PUBLIC_PAYER,187500,S2,社区健身,0.0031,0.0005559127629403736,436037557279.1486,10000
10,PARTIAL_PUBLIC_PAYER,187500,S3,公共健身设施,0.0038,0.0006152690468404858,499069082369.6849,10000
10,PARTIAL_PUBLIC_PAYER,187500,S4,体卫融合,0.0778,0.0026785660342802825,741590239044.545,10000
10,PARTIAL_PUBLIC_PAYER,187500,S5,智慧健身,0.0004,0.0001999599959991998,358725465226.77386,10000
10,PARTIAL_PUBLIC_PAYER,187500,S6,综合政策,0.9149,0.0027903044636741698,1135934369142.6233,10000
10,PARTIAL_PUBLIC_PAYER,190000,S0,动态基线,0.0,0.0,0.0,10000
10,PARTIAL_PUBLIC_PAYER,190000,S1,健康宣教,0.0,0.0,149060105234.10886,10000
10,PARTIAL_PUBLIC_PAYER,190000,S2,社区健身,0.0031,0.0005559127629403736,441959095585.8888,10000
10,PARTIAL_PUBLIC_PAYER,190000,S3,公共健身设施,0.0038,0.0006152690468404858,505791872460.1521,10000
10,PARTIAL_PUBLIC_PAYER,190000,S4,体卫融合,0.0778,0.0026785660342802825,751446557914.2344,10000
10,PARTIAL_PUBLIC_PAYER,190000,S5,智慧健身,0.0004,0.0001999599959991998,363490394135.32263,10000
10,PARTIAL_PUBLIC_PAYER,190000,S6,综合政策,0.9149,0.0027903044636741698,1151302066953.6943,10000
10,PARTIAL_PUBLIC_PAYER,192500,S0,动态基线,0.0,0.0,0.0,10000
10,PARTIAL_PUBLIC_PAYER,192500,S1,健康宣教,0.0,0.0,151026148292.8987,10000
10,PARTIAL_PUBLIC_PAYER,192500,S2,社区健身,0.003,0.0005469003565550127,447880633892.629,10000
10,PARTIAL_PUBLIC_PAYER,192500,S3,公共健身设施,0.0038,0.0006152690468404858,512514662550.6192,10000
10,PARTIAL_PUBLIC_PAYER,192500,S4,体卫融合,0.0777,0.0026769891669560413,761302876783.9238,10000
10,PARTIAL_PUBLIC_PAYER,192500,S5,智慧健身,0.0004,0.0001999599959991998,368255323043.87146,10000
10,PARTIAL_PUBLIC_PAYER,192500,S6,综合政策,0.9151,0.002787328290675499,1166669764764.7654,10000
10,PARTIAL_PUBLIC_PAYER,195000,S0,动态基线,0.0,0.0,0.0,10000
10,PARTIAL_PUBLIC_PAYER,195000,S1,健康宣教,0.0,0.0,152992191351.6886,10000
10,PARTIAL_PUBLIC_PAYER,195000,S2,社区健身,0.003,0.0005469003565550127,453802172199.3692,10000
10,PARTIAL_PUBLIC_PAYER,195000,S3,公共健身设施,0.0038,0.0006152690468404858,519237452641.0863,10000
10,PARTIAL_PUBLIC_PAYER,195000,S4,体卫融合,0.0774,0.0026722507367386017,771159195653.6132,10000
10,PARTIAL_PUBLIC_PAYER,195000,S5,智慧健身,0.0004,0.0001999599959991998,373020251952.4202,10000
10,PARTIAL_PUBLIC_PAYER,195000,S6,综合政策,0.9154,0.002782855368142585,1182037462575.8364,10000
10,PARTIAL_PUBLIC_PAYER,197500,S0,动态基线,0.0,0.0,0.0,10000
10,PARTIAL_PUBLIC_PAYER,197500,S1,健康宣教,0.0,0.0,154958234410.47845,10000
10,PARTIAL_PUBLIC_PAYER,197500,S2,社区健身,0.003,0.0005469003565550127,459723710506.1094,10000
10,PARTIAL_PUBLIC_PAYER,197500,S3,公共健身设施,0.0038,0.0006152690468404858,525960242731.5535,10000
10,PARTIAL_PUBLIC_PAYER,197500,S4,体卫融合,0.0771,0.002667500515463868,781015514523.3024,10000
10,PARTIAL_PUBLIC_PAYER,197500,S5,智慧健身,0.0004,0.0001999599959991998,377785180860.96906,10000
10,PARTIAL_PUBLIC_PAYER,197500,S6,综合政策,0.9157,0.0027783720053297404,1197405160386.9077,10000
10,PARTIAL_PUBLIC_PAYER,200000,S0,动态基线,0.0,0.0,0.0,10000
10,PARTIAL_PUBLIC_PAYER,200000,S1,健康宣教,0.0,0.0,156924277469.26834,10000
10,PARTIAL_PUBLIC_PAYER,200000,S2,社区健身,0.003,0.0005469003565550127,465645248812.8497,10000
10,PARTIAL_PUBLIC_PAYER,200000,S3,公共健身设施,0.0038,0.0006152690468404858,532683032822.0207,10000
10,PARTIAL_PUBLIC_PAYER,200000,S4,体卫融合,0.0771,0.002667500515463868,790871833392.9918,10000
10,PARTIAL_PUBLIC_PAYER,200000,S5,智慧健身,0.0004,0.0001999599959991998,382550109769.5178,10000
10,PARTIAL_PUBLIC_PAYER,200000,S6,综合政策,0.9157,0.0027783720053297404,1212772858197.9788,10000
26,PROGRAMME_ONLY,0,S0,动态基线,1.0,0.0,0.0,10000
26,PROGRAMME_ONLY,0,S1,健康宣教,0.0,0.0,-3150545005.119426,10000
26,PROGRAMME_ONLY,0,S2,社区健身,0.0,0.0,-27902377579.265842,10000
26,PROGRAMME_ONLY,0,S3,公共健身设施,0.0,0.0,-9870984721.06769,10000
26,PROGRAMME_ONLY,0,S4,体卫融合,0.0,0.0,-7926544460.679998,10000
26,PROGRAMME_ONLY,0,S5,智慧健身,0.0,0.0,-2926281050.6212792,10000
26,PROGRAMME_ONLY,0,S6,综合政策,0.0,0.0,-48252826142.07854,10000
26,PROGRAMME_ONLY,2500,S0,动态基线,0.0,0.0,0.0,10000
26,PROGRAMME_ONLY,2500,S1,健康宣教,0.0003,0.00017317909804592468,4210118768.8303556,10000
26,PROGRAMME_ONLY,2500,S2,社区健身,0.0006,0.0002448754785600224,-5732001828.011449,10000
26,PROGRAMME_ONLY,2500,S3,公共健身设施,0.1782,0.0038268101599112543,23395582227.665234,10000
26,PROGRAMME_ONLY,2500,S4,体卫融合,0.3759,0.004843544053686309,28985106314.536842,10000
26,PROGRAMME_ONLY,2500,S5,智慧健身,0.023,0.0014990330216509574,14923812062.353947,10000
26,PROGRAMME_ONLY,2500,S6,综合政策,0.422,0.0049387852757535435,27776158849.04109,10000
26,PROGRAMME_ONLY,5000,S0,动态基线,0.0,0.0,0.0,10000
26,PROGRAMME_ONLY,5000,S1,健康宣教,0.0,0.0,11570782542.780138,10000
26,PROGRAMME_ONLY,5000,S2,社区健身,0.0005,0.0002235508890610816,16438373923.242947,10000
26,PROGRAMME_ONLY,5000,S3,公共健身设施,0.0698,0.0025480965444817827,56662149176.39816,10000
26,PROGRAMME_ONLY,5000,S4,体卫融合,0.1273,0.0033330873075873664,65896757089.75368,10000
26,PROGRAMME_ONLY,5000,S5,智慧健身,0.0031,0.0005559127629403736,32773905175.329174,10000
26,PROGRAMME_ONLY,5000,S6,综合政策,0.7993,0.0040052404422206665,103805143840.1607,10000
26,PROGRAMME_ONLY,7500,S0,动态基线,0.0,0.0,0.0,10000
26,PROGRAMME_ONLY,7500,S1,健康宣教,0.0,0.0,18931446316.72992,10000
26,PROGRAMME_ONLY,7500,S2,社区健身,0.0006,0.0002448754785600224,38608749674.49734,10000
26,PROGRAMME_ONLY,7500,S3,公共健身设施,0.0355,0.0018503986057063489,89928716125.13107,10000
26,PROGRAMME_ONLY,7500,S4,体卫融合,0.0632,0.002433223376511084,102808407864.97052,10000
26,PROGRAMME_ONLY,7500,S5,智慧健身,0.0013,0.00036032069049667407,50623998288.304405,10000
26,PROGRAMME_ONLY,7500,S6,综合政策,0.8994,0.0030079833776136466,179834128831.28036,10000
26,PROGRAMME_ONLY,10000,S0,动态基线,0.0,0.0,0.0,10000
26,PROGRAMME_ONLY,10000,S1,健康宣教,0.0,0.0,26292110090.6797,10000
26,PROGRAMME_ONLY,10000,S2,社区健身,0.0005,0.0002235508890610816,60779125425.75174,10000
26,PROGRAMME_ONLY,10000,S3,公共健身设施,0.0239,0.0015273765089197882,123195283073.864,10000
26,PROGRAMME_ONLY,10000,S4,体卫融合,0.0399,0.001957242703396796,139720058640.18735,10000
26,PROGRAMME_ONLY,10000,S5,智慧健身,0.0005,0.0002235508890610816,68474091401.27964,10000
26,PROGRAMME_ONLY,10000,S6,综合政策,0.9352,0.0024617262236081407,255863113822.39996,10000
26,PROGRAMME_ONLY,12500,S0,动态基线,0.0,0.0,0.0,10000
26,PROGRAMME_ONLY,12500,S1,健康宣教,0.0,0.0,33652773864.629482,10000
26,PROGRAMME_ONLY,12500,S2,社区健身,0.0005,0.0002235508890610816,82949501177.00612,10000
26,PROGRAMME_ONLY,12500,S3,公共健身设施,0.0174,0.001307564147566,156461850022.59692,10000
26,PROGRAMME_ONLY,12500,S4,体卫融合,0.0301,0.0017086248856902442,176631709415.4042,10000
26,PROGRAMME_ONLY,12500,S5,智慧健身,0.0005,0.0002235508890610816,86324184514.25487,10000
26,PROGRAMME_ONLY,12500,S6,综合政策,0.9515,0.0021482027371735653,331892098813.51953,10000
26,PROGRAMME_ONLY,15000,S0,动态基线,0.0,0.0,0.0,10000
26,PROGRAMME_ONLY,15000,S1,健康宣教,0.0,0.0,41013437638.57926,10000
26,PROGRAMME_ONLY,15000,S2,社区健身,0.0005,0.0002235508890610816,105119876928.26053,10000
26,PROGRAMME_ONLY,15000,S3,公共健身设施,0.0139,0.0011707600095664354,189728416971.32986,10000
26,PROGRAMME_ONLY,15000,S4,体卫融合,0.0251,0.0015642886562268487,213543360190.62106,10000
26,PROGRAMME_ONLY,15000,S5,智慧健身,0.0002,0.00014140721339450828,104174277627.2301,10000
26,PROGRAMME_ONLY,15000,S6,综合政策,0.9603,0.001952534506737332,407921083804.6392,10000
26,PROGRAMME_ONLY,17500,S0,动态基线,0.0,0.0,0.0,10000
26,PROGRAMME_ONLY,17500,S1,健康宣教,0.0,0.0,48374101412.52904,10000
26,PROGRAMME_ONLY,17500,S2,社区健身,0.0004,0.0001999599959991998,127290252679.5149,10000
26,PROGRAMME_ONLY,17500,S3,公共健身设施,0.0123,0.0011022118671108563,222994983920.0628,10000
26,PROGRAMME_ONLY,17500,S4,体卫融合,0.022,0.0014668333238647122,250455010965.8379,10000
26,PROGRAMME_ONLY,17500,S5,智慧健身,0.0002,0.00014140721339450828,122024370740.20535,10000
26,PROGRAMME_ONLY,17500,S6,综合政策,0.9651,0.0018352653759061669,483950068795.7588,10000
26,PROGRAMME_ONLY,20000,S0,动态基线,0.0,0.0,0.0,10000
26,PROGRAMME_ONLY,20000,S1,健康宣教,0.0,0.0,55734765186.47883,10000
26,PROGRAMME_ONLY,20000,S2,社区健身,0.0004,0.0001999599959991998,149460628430.7693,10000
26,PROGRAMME_ONLY,20000,S3,公共健身设施,0.0109,0.0010383250936002654,256261550868.7957,10000
26,PROGRAMME_ONLY,20000,S4,体卫融合,0.0192,0.0013722740251130602,287366661741.0547,10000
26,PROGRAMME_ONLY,20000,S5,智慧健身,0.0001,9.999499987499375e-05,139874463853.18054,10000
26,PROGRAMME_ONLY,20000,S6,综合政策,0.9694,0.001722313560301955,559979053786.8784,10000
26,PROGRAMME_ONLY,22500,S0,动态基线,0.0,0.0,0.0,10000
26,PROGRAMME_ONLY,22500,S1,健康宣教,0.0,0.0,63095428960.4286,10000
26,PROGRAMME_ONLY,22500,S2,社区健身,0.0004,0.0001999599959991998,171631004182.0237,10000
26,PROGRAMME_ONLY,22500,S3,公共健身设施,0.0101,0.0009998994949493674,289528117817.5286,10000
26,PROGRAMME_ONLY,22500,S4,体卫融合,0.0178,0.0013222390101641987,324278312516.27155,10000
26,PROGRAMME_ONLY,22500,S5,智慧健身,0.0001,9.999499987499375e-05,157724556966.1558,10000
26,PROGRAMME_ONLY,22500,S6,综合政策,0.9716,0.0016611273280516452,636008038777.998,10000
26,PROGRAMME_ONLY,25000,S0,动态基线,0.0,0.0,0.0,10000
26,PROGRAMME_ONLY,25000,S1,健康宣教,0.0,0.0,70456092734.37839,10000
26,PROGRAMME_ONLY,25000,S2,社区健身,0.0004,0.0001999599959991998,193801379933.2781,10000
26,PROGRAMME_ONLY,25000,S3,公共健身设施,0.0097,0.0009800974441350207,322794684766.2616,10000
26,PROGRAMME_ONLY,25000,S4,体卫融合,0.017,0.0012927103310486846,361189963291.4884,10000
26,PROGRAMME_ONLY,25000,S5,智慧健身,0.0001,9.999499987499375e-05,175574650079.131,10000
26,PROGRAMME_ONLY,25000,S6,综合政策,0.9728,0.0016266579234737709,712037023769.1176,10000
26,PROGRAMME_ONLY,27500,S0,动态基线,0.0,0.0,0.0,10000
26,PROGRAMME_ONLY,27500,S1,健康宣教,0.0,0.0,77816756508.32817,10000
26,PROGRAMME_ONLY,27500,S2,社区健身,0.0004,0.0001999599959991998,215971755684.5325,10000
26,PROGRAMME_ONLY,27500,S3,公共健身设施,0.009,0.0009444045743218317,356061251714.9945,10000
26,PROGRAMME_ONLY,27500,S4,体卫融合,0.0163,0.0012662665596153127,398101614066.7052,10000
26,PROGRAMME_ONLY,27500,S5,智慧健身,0.0001,9.999499987499375e-05,193424743192.10626,10000
26,PROGRAMME_ONLY,27500,S6,综合政策,0.9742,0.0015853819729011694,788066008760.2373,10000
26,PROGRAMME_ONLY,30000,S0,动态基线,0.0,0.0,0.0,10000
26,PROGRAMME_ONLY,30000,S1,健康宣教,0.0,0.0,85177420282.27795,10000
26,PROGRAMME_ONLY,30000,S2,社区健身,0.0004,0.0001999599959991998,238142131435.7869,10000
26,PROGRAMME_ONLY,30000,S3,公共健身设施,0.0087,0.0009286716319560968,389327818663.7274,10000
26,PROGRAMME_ONLY,30000,S4,体卫融合,0.0157,0.0012431214743539747,435013264841.9221,10000
26,PROGRAMME_ONLY,30000,S5,智慧健身,0.0001,9.999499987499375e-05,211274836305.08148,10000
26,PROGRAMME_ONLY,30000,S6,综合政策,0.9751,0.0015582037735803373,864094993751.3568,10000
26,PROGRAMME_ONLY,32500,S0,动态基线,0.0,0.0,0.0,10000
26,PROGRAMME_ONLY,32500,S1,健康宣教,0.0,0.0,92538084056.22772,10000
26,PROGRAMME_ONLY,32500,S2,社区健身,0.0004,0.0001999599959991998,260312507187.0413,10000
26,PROGRAMME_ONLY,32500,S3,公共健身设施,0.0084,0.0009126576576131929,422594385612.4603,10000
26,PROGRAMME_ONLY,32500,S4,体卫融合,0.0149,0.0012115275481803952,471924915617.1388,10000
26,PROGRAMME_ONLY,32500,S5,智慧健身,0.0001,9.999499987499375e-05,229124929418.0567,10000
26,PROGRAMME_ONLY,32500,S6,综合政策,0.9762,0.0015242558840299761,940123978742.4764,10000
26,PROGRAMME_ONLY,35000,S0,动态基线,0.0,0.0,0.0,10000
26,PROGRAMME_ONLY,35000,S1,健康宣教,0.0,0.0,99898747830.1775,10000
26,PROGRAMME_ONLY,35000,S2,社区健身,0.0004,0.0001999599959991998,282482882938.2957,10000
26,PROGRAMME_ONLY,35000,S3,公共健身设施,0.0078,0.000879724957017817,455860952561.1932,10000
26,PROGRAMME_ONLY,35000,S4,体卫融合,0.0143,0.0011872451305438149,508836566392.3557,10000
26,PROGRAMME_ONLY,35000,S5,智慧健身,0.0001,9.999499987499375e-05,246975022531.0319,10000
26,PROGRAMME_ONLY,35000,S6,综合政策,0.9774,0.0014862449327079285,1016152963733.596,10000
26,PROGRAMME_ONLY,37500,S0,动态基线,0.0,0.0,0.0,10000
26,PROGRAMME_ONLY,37500,S1,健康宣教,0.0,0.0,107259411604.1273,10000
26,PROGRAMME_ONLY,37500,S2,社区健身,0.0004,0.0001999599959991998,304653258689.55005,10000
26,PROGRAMME_ONLY,37500,S3,公共健身设施,0.0076,0.0008684607072285999,489127519509.9262,10000
26,PROGRAMME_ONLY,37500,S4,体卫融合,0.0139,0.0011707600095664354,545748217167.5726,10000
26,PROGRAMME_ONLY,37500,S5,智慧健身,0.0001,9.999499987499375e-05,264825115644.0071,10000
26,PROGRAMME_ONLY,37500,S6,综合政策,0.978,0.001466833323864713,1092181948724.7156,10000
26,PROGRAMME_ONLY,40000,S0,动态基线,0.0,0.0,0.0,10000
26,PROGRAMME_ONLY,40000,S1,健康宣教,0.0,0.0,114620075378.07707,10000
26,PROGRAMME_ONLY,40000,S2,社区健身,0.0004,0.0001999599959991998,326823634440.80444,10000
26,PROGRAMME_ONLY,40000,S3,公共健身设施,0.0074,0.0008570437561758443,522394086458.6591,10000
26,PROGRAMME_ONLY,40000,S4,体卫融合,0.0134,0.001149801722037326,582659867942.7894,10000
26,PROGRAMME_ONLY,40000,S5,智慧健身,0.0001,9.999499987499375e-05,282675208756.9824,10000
26,PROGRAMME_ONLY,40000,S6,综合政策,0.9787,0.0014438251279154267,1168210933715.8354,10000
26,PROGRAMME_ONLY,42500,S0,动态基线,0.0,0.0,0.0,10000
26,PROGRAMME_ONLY,42500,S1,健康宣教,0.0,0.0,121980739152.02686,10000
26,PROGRAMME_ONLY,42500,S2,社区健身,0.0004,0.0001999599959991998,348994010192.0588,10000
26,PROGRAMME_ONLY,42500,S3,公共健身设施,0.0074,0.0008570437561758443,555660653407.392,10000
26,PROGRAMME_ONLY,42500,S4,体卫融合,0.0129,0.0011284320980900887,619571518718.0063,10000
26,PROGRAMME_ONLY,42500,S5,智慧健身,0.0001,9.999499987499375e-05,300525301869.9576,10000
26,PROGRAMME_ONLY,42500,S6,综合政策,0.9792,0.0014271425997425778,1244239918706.9548,10000
26,PROGRAMME_ONLY,45000,S0,动态基线,0.0,0.0,0.0,10000
26,PROGRAMME_ONLY,45000,S1,健康宣教,0.0,0.0,129341402925.97662,10000
26,PROGRAMME_ONLY,45000,S2,社区健身,0.0002,0.00014140721339450828,371164385943.31323,10000
26,PROGRAMME_ONLY,45000,S3,公共健身设施,0.0074,0.0008570437561758443,588927220356.125,10000
26,PROGRAMME_ONLY,45000,S4,体卫融合,0.0128,0.001124106756496019,656483169493.2231,10000
26,PROGRAMME_ONLY,45000,S5,智慧健身,0.0001,9.999499987499375e-05,318375394982.9328,10000
26,PROGRAMME_ONLY,45000,S6,综合政策,0.9795,0.001417030345476058,1320268903698.0747,10000
26,PROGRAMME_ONLY,47500,S0,动态基线,0.0,0.0,0.0,10000
26,PROGRAMME_ONLY,47500,S1,健康宣教,0.0,0.0,136702066699.92642,10000
26,PROGRAMME_ONLY,47500,S2,社区健身,0.0002,0.00014140721339450828,393334761694.5676,10000
26,PROGRAMME_ONLY,47500,S3,公共健身设施,0.0073,0.0008512761009214343,622193787304.8579,10000
26,PROGRAMME_ONLY,47500,S4,体卫融合,0.0126,0.0011154030661603904,693394820268.44,10000
26,PROGRAMME_ONLY,47500,S5,智慧健身,0.0001,9.999499987499375e-05,336225488095.908,10000
26,PROGRAMME_ONLY,47500,S6,综合政策,0.9798,0.0014068390099794645,1396297888689.194,10000
26,PROGRAMME_ONLY,50000,S0,动态基线,0.0,0.0,0.0,10000
26,PROGRAMME_ONLY,50000,S1,健康宣教,0.0,0.0,144062730473.8762,10000
26,PROGRAMME_ONLY,50000,S2,社区健身,0.0002,0.00014140721339450828,415505137445.822,10000
26,PROGRAMME_ONLY,50000,S3,公共健身设施,0.0071,0.0008396183656876498,655460354253.5908,10000
26,PROGRAMME_ONLY,50000,S4,体卫融合,0.0122,0.0010977777552856499,730306471043.6569,10000
26,PROGRAMME_ONLY,50000,S5,智慧健身,0.0001,9.999499987499375e-05,354075581208.8833,10000
26,PROGRAMME_ONLY,50000,S6,综合政策,0.9804,0.0013862121049824933,1472326873680.3137,10000
26,PROGRAMME_ONLY,52500,S0,动态基线,0.0,0.0,0.0,10000
26,PROGRAMME_ONLY,52500,S1,健康宣教,0.0,0.0,151423394247.826,10000
26,PROGRAMME_ONLY,52500,S2,社区健身,0.0001,9.999499987499375e-05,437675513197.0764,10000
26,PROGRAMME_ONLY,52500,S3,公共健身设施,0.007,0.0008337265738837884,688726921202.3237,10000
26,PROGRAMME_ONLY,52500,S4,体卫融合,0.0122,0.0010977777552856499,767218121818.8737,10000
26,PROGRAMME_ONLY,52500,S5,智慧健身,0.0001,9.999499987499375e-05,371925674321.8585,10000
26,PROGRAMME_ONLY,52500,S6,综合政策,0.9806,0.0013792621215708047,1548355858671.4336,10000
26,PROGRAMME_ONLY,55000,S0,动态基线,0.0,0.0,0.0,10000
26,PROGRAMME_ONLY,55000,S1,健康宣教,0.0,0.0,158784058021.77576,10000
26,PROGRAMME_ONLY,55000,S2,社区健身,0.0001,9.999499987499375e-05,459845888948.3308,10000
26,PROGRAMME_ONLY,55000,S3,公共健身设施,0.007,0.0008337265738837884,721993488151.0566,10000
26,PROGRAMME_ONLY,55000,S4,体卫融合,0.0122,0.0010977777552856499,804129772594.0905,10000
26,PROGRAMME_ONLY,55000,S5,智慧健身,0.0001,9.999499987499375e-05,389775767434.83374,10000
26,PROGRAMME_ONLY,55000,S6,综合政策,0.9806,0.0013792621215708047,1624384843662.5532,10000
26,PROGRAMME_ONLY,57500,S0,动态基线,0.0,0.0,0.0,10000
26,PROGRAMME_ONLY,57500,S1,健康宣教,0.0,0.0,166144721795.72556,10000
26,PROGRAMME_ONLY,57500,S2,社区健身,0.0001,9.999499987499375e-05,482016264699.5852,10000
26,PROGRAMME_ONLY,57500,S3,公共健身设施,0.007,0.0008337265738837884,755260055099.7896,10000
26,PROGRAMME_ONLY,57500,S4,体卫融合,0.0122,0.0010977777552856499,841041423369.3073,10000
26,PROGRAMME_ONLY,57500,S5,智慧健身,0.0001,9.999499987499375e-05,407625860547.809,10000
26,PROGRAMME_ONLY,57500,S6,综合政策,0.9806,0.0013792621215708047,1700413828653.6726,10000
26,PROGRAMME_ONLY,60000,S0,动态基线,0.0,0.0,0.0,10000
26,PROGRAMME_ONLY,60000,S1,健康宣教,0.0,0.0,173505385569.67532,10000
26,PROGRAMME_ONLY,60000,S2,社区健身,0.0001,9.999499987499375e-05,504186640450.8396,10000
26,PROGRAMME_ONLY,60000,S3,公共健身设施,0.007,0.0008337265738837884,788526622048.5225,10000
26,PROGRAMME_ONLY,60000,S4,体卫融合,0.0121,0.001093324745901235,877953074144.524,10000
26,PROGRAMME_ONLY,60000,S5,智慧健身,0.0001,9.999499987499375e-05,425475953660.7842,10000
26,PROGRAMME_ONLY,60000,S6,综合政策,0.9807,0.001375772873696817,1776442813644.7925,10000
26,PROGRAMME_ONLY,62500,S0,动态基线,0.0,0.0,0.0,10000
26,PROGRAMME_ONLY,62500,S1,健康宣教,0.0,0.0,180866049343.6251,10000
26,PROGRAMME_ONLY,62500,S2,社区健身,0.0001,9.999499987499375e-05,526357016202.094,10000
26,PROGRAMME_ONLY,62500,S3,公共健身设施,0.0069,0.0008277916404506632,821793188997.2554,10000
26,PROGRAMME_ONLY,62500,S4,体卫融合,0.0121,0.001093324745901235,914864724919.7412,10000
26,PROGRAMME_ONLY,62500,S5,智慧健身,0.0001,9.999499987499375e-05,443326046773.7594,10000
26,PROGRAMME_ONLY,62500,S6,综合政策,0.9808,0.0013722740251130602,1852471798635.912,10000
26,PROGRAMME_ONLY,65000,S0,动态基线,0.0,0.0,0.0,10000
26,PROGRAMME_ONLY,65000,S1,健康宣教,0.0,0.0,188226713117.5749,10000
26,PROGRAMME_ONLY,65000,S2,社区健身,0.0001,9.999499987499375e-05,548527391953.3484,10000
26,PROGRAMME_ONLY,65000,S3,公共健身设施,0.0067,0.0008157885755512883,855059755945.9884,10000
26,PROGRAMME_ONLY,65000,S4,体卫融合,0.0118,0.0010798499895818862,951776375694.9578,10000
26,PROGRAMME_ONLY,65000,S5,智慧健身,0.0001,9.999499987499375e-05,461176139886.7347,10000
26,PROGRAMME_ONLY,65000,S6,综合政策,0.9813,0.001354633160674876,1928500783627.0315,10000
26,PROGRAMME_ONLY,67500,S0,动态基线,0.0,0.0,0.0,10000
26,PROGRAMME_ONLY,67500,S1,健康宣教,0.0,0.0,195587376891.5247,10000
26,PROGRAMME_ONLY,67500,S2,社区健身,0.0001,9.999499987499375e-05,570697767704.6028,10000
26,PROGRAMME_ONLY,67500,S3,公共健身设施,0.0066,0.0008097184695929814,888326322894.7213,10000
26,PROGRAMME_ONLY,67500,S4,体卫融合,0.0118,0.0010798499895818862,988688026470.1746,10000
26,PROGRAMME_ONLY,67500,S5,智慧健身,0.0001,9.999499987499375e-05,479026232999.71,10000
26,PROGRAMME_ONLY,67500,S6,综合政策,0.9814,0.0013510751274448047,2004529768618.1511,10000
26,PROGRAMME_ONLY,70000,S0,动态基线,0.0,0.0,0.0,10000
26,PROGRAMME_ONLY,70000,S1,健康宣教,0.0,0.0,202948040665.47446,10000
26,PROGRAMME_ONLY,70000,S2,社区健身,0.0001,9.999499987499375e-05,592868143455.857,10000
26,PROGRAMME_ONLY,70000,S3,公共健身设施,0.0066,0.0008097184695929814,921592889843.4543,10000
26,PROGRAMME_ONLY,70000,S4,体卫融合,0.0117,0.0010753190224300879,1025599677245.3914,10000
26,PROGRAMME_ONLY,70000,S5,智慧健身,0.0001,9.999499987499375e-05,496876326112.6851,10000
26,PROGRAMME_ONLY,70000,S6,综合政策,0.9815,0.0013475069573104237,2080558753609.2712,10000
26,PROGRAMME_ONLY,72500,S0,动态基线,0.0,0.0,0.0,10000
26,PROGRAMME_ONLY,72500,S1,健康宣教,0.0,0.0,210308704439.42426,10000
26,PROGRAMME_ONLY,72500,S2,社区健身,0.0001,9.999499987499375e-05,615038519207.1116,10000
26,PROGRAMME_ONLY,72500,S3,公共健身设施,0.0066,0.0008097184695929814,954859456792.1873,10000
26,PROGRAMME_ONLY,72500,S4,体卫融合,0.0116,0.0010707679487171812,1062511328020.6084,10000
26,PROGRAMME_ONLY,72500,S5,智慧健身,0.0001,9.999499987499375e-05,514726419225.6604,10000
26,PROGRAMME_ONLY,72500,S6,综合政策,0.9816,0.0013439285695303889,2156587738600.3909,10000
26,PROGRAMME_ONLY,75000,S0,动态基线,0.0,0.0,0.0,10000
26,PROGRAMME_ONLY,75000,S1,健康宣教,0.0,0.0,217669368213.374,10000
26,PROGRAMME_ONLY,75000,S2,社区健身,0.0001,9.999499987499375e-05,637208894958.366,10000
26,PROGRAMME_ONLY,75000,S3,公共健身设施,0.0065,0.0008036012692872006,988126023740.92,10000
26,PROGRAMME_ONLY,75000,S4,体卫融合,0.0114,0.001061604446109755,1099422978795.8252,10000
26,PROGRAMME_ONLY,75000,S5,智慧健身,0.0001,9.999499987499375e-05,532576512338.6356,10000
26,PROGRAMME_ONLY,75000,S6,综合政策,0.9819,0.0013331312763565336,2232616723591.51,10000
26,PROGRAMME_ONLY,77500,S0,动态基线,0.0,0.0,0.0,10000
26,PROGRAMME_ONLY,77500,S1,健康宣教,0.0,0.0,225030031987.3238,10000
26,PROGRAMME_ONLY,77500,S2,社区健身,0.0001,9.999499987499375e-05,659379270709.6202,10000
26,PROGRAMME_ONLY,77500,S3,公共健身设施,0.0064,0.0007974358908401352,1021392590689.6528,10000
26,PROGRAMME_ONLY,77500,S4,体卫融合,0.0111,0.0010477017705435073,1136334629571.042,10000
26,PROGRAMME_ONLY,77500,S5,智慧健身,0.0001,9.999499987499375e-05,550426605451.6108,10000
26,PROGRAMME_ONLY,77500,S6,综合政策,0.9823,0.0013185867434492146,2308645708582.6294,10000
26,PROGRAMME_ONLY,80000,S0,动态基线,0.0,0.0,0.0,10000
26,PROGRAMME_ONLY,80000,S1,健康宣教,0.0,0.0,232390695761.2736,10000
26,PROGRAMME_ONLY,80000,S2,社区健身,0.0001,9.999499987499375e-05,681549646460.8748,10000
26,PROGRAMME_ONLY,80000,S3,公共健身设施,0.0064,0.0007974358908401352,1054659157638.3857,10000
26,PROGRAMME_ONLY,80000,S4,体卫融合,0.0111,0.0010477017705435073,1173246280346.2588,10000
26,PROGRAMME_ONLY,80000,S5,智慧健身,0.0001,9.999499987499375e-05,568276698564.586,10000
26,PROGRAMME_ONLY,80000,S6,综合政策,0.9823,0.0013185867434492146,2384674693573.749,10000
26,PROGRAMME_ONLY,82500,S0,动态基线,0.0,0.0,0.0,10000
26,PROGRAMME_ONLY,82500,S1,健康宣教,0.0,0.0,239751359535.2233,10000
26,PROGRAMME_ONLY,82500,S2,社区健身,0.0001,9.999499987499375e-05,703720022212.1292,10000
26,PROGRAMME_ONLY,82500,S3,公共健身设施,0.0062,0.0007849560497250785,1087925724587.1188,10000
26,PROGRAMME_ONLY,82500,S4,体卫融合,0.011,0.0010430244484191155,1210157931121.4756,10000
26,PROGRAMME_ONLY,82500,S5,智慧健身,0.0001,9.999499987499375e-05,586126791677.5614,10000
26,PROGRAMME_ONLY,82500,S6,综合政策,0.9826,0.001307564147565999,2460703678564.8687,10000
26,PROGRAMME_ONLY,85000,S0,动态基线,0.0,0.0,0.0,10000
26,PROGRAMME_ONLY,85000,S1,健康宣教,0.0,0.0,247112023309.17316,10000
26,PROGRAMME_ONLY,85000,S2,社区健身,0.0001,9.999499987499375e-05,725890397963.3835,10000
26,PROGRAMME_ONLY,85000,S3,公共健身设施,0.0062,0.0007849560497250785,1121192291535.8518,10000
26,PROGRAMME_ONLY,85000,S4,体卫融合,0.011,0.0010430244484191155,1247069581896.6926,10000
26,PROGRAMME_ONLY,85000,S5,智慧健身,0.0001,9.999499987499375e-05,603976884790.5366,10000
26,PROGRAMME_ONLY,85000,S6,综合政策,0.9826,0.001307564147565999,2536732663555.989,10000
26,PROGRAMME_ONLY,87500,S0,动态基线,0.0,0.0,0.0,10000
26,PROGRAMME_ONLY,87500,S1,健康宣教,0.0,0.0,254472687083.1229,10000
26,PROGRAMME_ONLY,87500,S2,社区健身,0.0001,9.999499987499375e-05,748060773714.638,10000
26,PROGRAMME_ONLY,87500,S3,公共健身设施,0.0062,0.0007849560497250785,1154458858484.5847,10000
26,PROGRAMME_ONLY,87500,S4,体卫融合,0.011,0.0010430244484191155,1283981232671.9094,10000
26,PROGRAMME_ONLY,87500,S5,智慧健身,0.0001,9.999499987499375e-05,621826977903.5118,10000
26,PROGRAMME_ONLY,87500,S6,综合政策,0.9826,0.001307564147565999,2612761648547.1084,10000
26,PROGRAMME_ONLY,90000,S0,动态基线,0.0,0.0,0.0,10000
26,PROGRAMME_ONLY,90000,S1,健康宣教,0.0,0.0,261833350857.0727,10000
26,PROGRAMME_ONLY,90000,S2,社区健身,0.0001,9.999499987499375e-05,770231149465.8923,10000
26,PROGRAMME_ONLY,90000,S3,公共健身设施,0.0062,0.0007849560497250785,1187725425433.3176,10000
26,PROGRAMME_ONLY,90000,S4,体卫融合,0.011,0.0010430244484191155,1320892883447.1262,10000
26,PROGRAMME_ONLY,90000,S5,智慧健身,0.0001,9.999499987499375e-05,639677071016.4869,10000
26,PROGRAMME_ONLY,90000,S6,综合政策,0.9826,0.001307564147565999,2688790633538.228,10000
26,PROGRAMME_ONLY,92500,S0,动态基线,0.0,0.0,0.0,10000
26,PROGRAMME_ONLY,92500,S1,健康宣教,0.0,0.0,269194014631.0225,10000
26,PROGRAMME_ONLY,92500,S2,社区健身,0.0001,9.999499987499375e-05,792401525217.1467,10000
26,PROGRAMME_ONLY,92500,S3,公共健身设施,0.0062,0.0007849560497250785,1220991992382.0505,10000
26,PROGRAMME_ONLY,92500,S4,体卫融合,0.0109,0.0010383250936002654,1357804534222.3433,10000
26,PROGRAMME_ONLY,92500,S5,智慧健身,0.0001,9.999499987499375e-05,657527164129.4622,10000
26,PROGRAMME_ONLY,92500,S6,综合政策,0.9827,0.0013038677080133545,2764819618529.347,10000
26,PROGRAMME_ONLY,95000,S0,动态基线,0.0,0.0,0.0,10000
26,PROGRAMME_ONLY,95000,S1,健康宣教,0.0,0.0,276554678404.9722,10000
26,PROGRAMME_ONLY,95000,S2,社区健身,0.0001,9.999499987499375e-05,814571900968.4011,10000
26,PROGRAMME_ONLY,95000,S3,公共健身设施,0.0061,0.0007786391975748459,1254258559330.7837,10000
26,PROGRAMME_ONLY,95000,S4,体卫融合,0.0108,0.0010336034055671449,1394716184997.56,10000
26,PROGRAMME_ONLY,95000,S5,智慧健身,0.0001,9.999499987499375e-05,675377257242.4374,10000
26,PROGRAMME_ONLY,95000,S6,综合政策,0.9829,0.00129644089722594,2840848603520.4673,10000
26,PROGRAMME_ONLY,97500,S0,动态基线,0.0,0.0,0.0,10000
26,PROGRAMME_ONLY,97500,S1,健康宣教,0.0,0.0,283915342178.92206,10000
26,PROGRAMME_ONLY,97500,S2,社区健身,0.0001,9.999499987499375e-05,836742276719.6555,10000
26,PROGRAMME_ONLY,97500,S3,公共健身设施,0.0061,0.0007786391975748459,1287525126279.5164,10000
26,PROGRAMME_ONLY,97500,S4,体卫融合,0.0108,0.0010336034055671449,1431627835772.7769,10000
26,PROGRAMME_ONLY,97500,S5,智慧健身,0.0001,9.999499987499375e-05,693227350355.4126,10000
26,PROGRAMME_ONLY,97500,S6,综合政策,0.9829,0.00129644089722594,2916877588511.587,10000
26,PROGRAMME_ONLY,100000,S0,动态基线,0.0,0.0,0.0,10000
26,PROGRAMME_ONLY,100000,S1,健康宣教,0.0,0.0,291276005952.8718,10000
26,PROGRAMME_ONLY,100000,S2,社区健身,0.0001,9.999499987499375e-05,858912652470.9099,10000
26,PROGRAMME_ONLY,100000,S3,公共健身设施,0.0061,0.0007786391975748459,1320791693228.2495,10000
26,PROGRAMME_ONLY,100000,S4,体卫融合,0.0107,0.001028859076841916,1468539486547.9937,10000
26,PROGRAMME_ONLY,100000,S5,智慧健身,0.0001,9.999499987499375e-05,711077443468.3878,10000
26,PROGRAMME_ONLY,100000,S6,综合政策,0.983,0.0012927103310486853,2992906573502.7065,10000
26,PROGRAMME_ONLY,102500,S0,动态基线,0.0,0.0,0.0,10000
26,PROGRAMME_ONLY,102500,S1,健康宣教,0.0,0.0,298636669726.8216,10000
26,PROGRAMME_ONLY,102500,S2,社区健身,0.0001,9.999499987499375e-05,881083028222.1642,10000
26,PROGRAMME_ONLY,102500,S3,公共健身设施,0.006,0.0007722693830523129,1354058260176.9822,10000
26,PROGRAMME_ONLY,102500,S4,体卫融合,0.0105,0.0010193012312363799,1505451137323.2104,10000
26,PROGRAMME_ONLY,102500,S5,智慧健身,0.0001,9.999499987499375e-05,728927536581.3632,10000
26,PROGRAMME_ONLY,102500,S6,综合政策,0.9833,0.0012814487894566855,3068935558493.8257,10000
26,PROGRAMME_ONLY,105000,S0,动态基线,0.0,0.0,0.0,10000
26,PROGRAMME_ONLY,105000,S1,健康宣教,0.0,0.0,305997333500.7714,10000
26,PROGRAMME_ONLY,105000,S2,社区健身,0.0001,9.999499987499375e-05,903253403973.4188,10000
26,PROGRAMME_ONLY,105000,S3,公共健身设施,0.0059,0.000765845284636525,1387324827125.715,10000
26,PROGRAMME_ONLY,105000,S4,体卫融合,0.0105,0.0010193012312363799,1542362788098.4272,10000
26,PROGRAMME_ONLY,105000,S5,智慧健身,0.0001,9.999499987499375e-05,746777629694.3384,10000
26,PROGRAMME_ONLY,105000,S6,综合政策,0.9834,0.0012776713192366787,3144964543484.946,10000
26,PROGRAMME_ONLY,107500,S0,动态基线,0.0,0.0,0.0,10000
26,PROGRAMME_ONLY,107500,S1,健康宣教,0.0,0.0,313357997274.7212,10000
26,PROGRAMME_ONLY,107500,S2,社区健身,0.0001,9.999499987499375e-05,925423779724.673,10000
26,PROGRAMME_ONLY,107500,S3,公共健身设施,0.0059,0.000765845284636525,1420591394074.448,10000
26,PROGRAMME_ONLY,107500,S4,体卫融合,0.0105,0.0010193012312363799,1579274438873.6443,10000
26,PROGRAMME_ONLY,107500,S5,智慧健身,0.0001,9.999499987499375e-05,764627722807.3136,10000
26,PROGRAMME_ONLY,107500,S6,综合政策,0.9834,0.0012776713192366787,3220993528476.065,10000
26,PROGRAMME_ONLY,110000,S0,动态基线,0.0,0.0,0.0,10000
26,PROGRAMME_ONLY,110000,S1,健康宣教,0.0,0.0,320718661048.67096,10000
26,PROGRAMME_ONLY,110000,S2,社区健身,0.0001,9.999499987499375e-05,947594155475.9276,10000
26,PROGRAMME_ONLY,110000,S3,公共健身设施,0.0059,0.000765845284636525,1453857961023.1812,10000
26,PROGRAMME_ONLY,110000,S4,体卫融合,0.0105,0.0010193012312363799,1616186089648.8608,10000
26,PROGRAMME_ONLY,110000,S5,智慧健身,0.0001,9.999499987499375e-05,782477815920.2887,10000
26,PROGRAMME_ONLY,110000,S6,综合政策,0.9834,0.0012776713192366787,3297022513467.1846,10000
26,PROGRAMME_ONLY,112500,S0,动态基线,0.0,0.0,0.0,10000
26,PROGRAMME_ONLY,112500,S1,健康宣教,0.0,0.0,328079324822.6207,10000
26,PROGRAMME_ONLY,112500,S2,社区健身,0.0001,9.999499987499375e-05,969764531227.182,10000
26,PROGRAMME_ONLY,112500,S3,公共健身设施,0.0059,0.000765845284636525,1487124527971.914,10000
26,PROGRAMME_ONLY,112500,S4,体卫融合,0.0105,0.0010193012312363799,1653097740424.0776,10000
26,PROGRAMME_ONLY,112500,S5,智慧健身,0.0001,9.999499987499375e-05,800327909033.264,10000
26,PROGRAMME_ONLY,112500,S6,综合政策,0.9834,0.0012776713192366787,3373051498458.304,10000
26,PROGRAMME_ONLY,115000,S0,动态基线,0.0,0.0,0.0,10000
26,PROGRAMME_ONLY,115000,S1,健康宣教,0.0,0.0,335439988596.5705,10000
26,PROGRAMME_ONLY,115000,S2,社区健身,0.0001,9.999499987499375e-05,991934906978.4362,10000
26,PROGRAMME_ONLY,115000,S3,公共健身设施,0.0059,0.000765845284636525,1520391094920.6467,10000
26,PROGRAMME_ONLY,115000,S4,体卫融合,0.0105,0.0010193012312363799,1690009391199.2947,10000
26,PROGRAMME_ONLY,115000,S5,智慧健身,0.0001,9.999499987499375e-05,818178002146.2393,10000
26,PROGRAMME_ONLY,115000,S6,综合政策,0.9834,0.0012776713192366787,3449080483449.424,10000
26,PROGRAMME_ONLY,117500,S0,动态基线,0.0,0.0,0.0,10000
26,PROGRAMME_ONLY,117500,S1,健康宣教,0.0,0.0,342800652370.5203,10000
26,PROGRAMME_ONLY,117500,S2,社区健身,0.0001,9.999499987499375e-05,1014105282729.6908,10000
26,PROGRAMME_ONLY,117500,S3,公共健身设施,0.0059,0.000765845284636525,1553657661869.38,10000
26,PROGRAMME_ONLY,117500,S4,体卫融合,0.0105,0.0010193012312363799,1726921041974.5115,10000
26,PROGRAMME_ONLY,117500,S5,智慧健身,0.0001,9.999499987499375e-05,836028095259.2145,10000
26,PROGRAMME_ONLY,117500,S6,综合政策,0.9834,0.0012776713192366787,3525109468440.5435,10000
26,PROGRAMME_ONLY,120000,S0,动态基线,0.0,0.0,0.0,10000
26,PROGRAMME_ONLY,120000,S1,健康宣教,0.0,0.0,350161316144.4701,10000
26,PROGRAMME_ONLY,120000,S2,社区健身,0.0001,9.999499987499375e-05,1036275658480.945,10000
26,PROGRAMME_ONLY,120000,S3,公共健身设施,0.0059,0.000765845284636525,1586924228818.1128,10000
26,PROGRAMME_ONLY,120000,S4,体卫融合,0.0104,0.0010144870625099168,1763832692749.7283,10000
26,PROGRAMME_ONLY,120000,S5,智慧健身,0.0001,9.999499987499375e-05,853878188372.1898,10000
26,PROGRAMME_ONLY,120000,S6,综合政策,0.9835,0.00127388186265446,3601138453431.663,10000
26,PROGRAMME_ONLY,122500,S0,动态基线,0.0,0.0,0.0,10000
26,PROGRAMME_ONLY,122500,S1,健康宣教,0.0,0.0,357521979918.41986,10000
26,PROGRAMME_ONLY,122500,S2,社区健身,0.0001,9.999499987499375e-05,1058446034232.1993,10000
26,PROGRAMME_ONLY,122500,S3,公共健身设施,0.0058,0.0007593655246322419,1620190795766.8457,10000
26,PROGRAMME_ONLY,122500,S4,体卫融合,0.0104,0.0010144870625099168,1800744343524.9453,10000
26,PROGRAMME_ONLY,122500,S5,智慧健身,0.0001,9.999499987499375e-05,871728281485.165,10000
26,PROGRAMME_ONLY,122500,S6,综合政策,0.9836,0.0012700803124212252,3677167438422.782,10000
26,PROGRAMME_ONLY,125000,S0,动态基线,0.0,0.0,0.0,10000
26,PROGRAMME_ONLY,125000,S1,健康宣教,0.0,0.0,364882643692.3696,10000
26,PROGRAMME_ONLY,125000,S2,社区健身,0.0001,9.999499987499375e-05,1080616409983.454,10000
26,PROGRAMME_ONLY,125000,S3,公共健身设施,0.0058,0.0007593655246322419,1653457362715.5786,10000
26,PROGRAMME_ONLY,125000,S4,体卫融合,0.0104,0.0010144870625099168,1837655994300.162,10000
26,PROGRAMME_ONLY,125000,S5,智慧健身,0.0001,9.999499987499375e-05,889578374598.1403,10000
26,PROGRAMME_ONLY,125000,S6,综合政策,0.9836,0.0012700803124212252,3753196423413.9023,10000
26,PROGRAMME_ONLY,127500,S0,动态基线,0.0,0.0,0.0,10000
26,PROGRAMME_ONLY,127500,S1,健康宣教,0.0,0.0,372243307466.3194,10000
26,PROGRAMME_ONLY,127500,S2,社区健身,0.0001,9.999499987499375e-05,1102786785734.7085,10000
26,PROGRAMME_ONLY,127500,S3,公共健身设施,0.0058,0.0007593655246322419,1686723929664.3115,10000
26,PROGRAMME_ONLY,127500,S4,体卫融合,0.0104,0.0010144870625099168,1874567645075.379,10000
26,PROGRAMME_ONLY,127500,S5,智慧健身,0.0001,9.999499987499375e-05,907428467711.1154,10000
26,PROGRAMME_ONLY,127500,S6,综合政策,0.9836,0.0012700803124212252,3829225408405.0225,10000
26,PROGRAMME_ONLY,130000,S0,动态基线,0.0,0.0,0.0,10000
26,PROGRAMME_ONLY,130000,S1,健康宣教,0.0,0.0,379603971240.2692,10000
26,PROGRAMME_ONLY,130000,S2,社区健身,0.0001,9.999499987499375e-05,1124957161485.963,10000
26,PROGRAMME_ONLY,130000,S3,公共健身设施,0.0058,0.0007593655246322419,1719990496613.0444,10000
26,PROGRAMME_ONLY,130000,S4,体卫融合,0.0104,0.0010144870625099168,1911479295850.5957,10000
26,PROGRAMME_ONLY,130000,S5,智慧健身,0.0001,9.999499987499375e-05,925278560824.0906,10000
26,PROGRAMME_ONLY,130000,S6,综合政策,0.9836,0.0012700803124212252,3905254393396.1416,10000
26,PROGRAMME_ONLY,132500,S0,动态基线,0.0,0.0,0.0,10000
26,PROGRAMME_ONLY,132500,S1,健康宣教,0.0,0.0,386964635014.219,10000
26,PROGRAMME_ONLY,132500,S2,社区健身,0.0001,9.999499987499375e-05,1147127537237.217,10000
26,PROGRAMME_ONLY,132500,S3,公共健身设施,0.0056,0.0007462332075162562,1753257063561.7773,10000
26,PROGRAMME_ONLY,132500,S4,体卫融合,0.0104,0.0010144870625099168,1948390946625.8127,10000
26,PROGRAMME_ONLY,132500,S5,智慧健身,0.0001,9.999499987499375e-05,943128653937.0658,10000
26,PROGRAMME_ONLY,132500,S6,综合政策,0.9838,0.001262440493647126,3981283378387.2607,10000
26,PROGRAMME_ONLY,135000,S0,动态基线,0.0,0.0,0.0,10000
26,PROGRAMME_ONLY,135000,S1,健康宣教,0.0,0.0,394325298788.1688,10000
26,PROGRAMME_ONLY,135000,S2,社区健身,0.0001,9.999499987499375e-05,1169297912988.4714,10000
26,PROGRAMME_ONLY,135000,S3,公共健身设施,0.0056,0.0007462332075162562,1786523630510.5105,10000
26,PROGRAMME_ONLY,135000,S4,体卫融合,0.0104,0.0010144870625099168,1985302597401.0295,10000
26,PROGRAMME_ONLY,135000,S5,智慧健身,0.0001,9.999499987499375e-05,960978747050.0413,10000
26,PROGRAMME_ONLY,135000,S6,综合政策,0.9838,0.001262440493647126,4057312363378.381,10000
26,PROGRAMME_ONLY,137500,S0,动态基线,0.0,0.0,0.0,10000
26,PROGRAMME_ONLY,137500,S1,健康宣教,0.0,0.0,401685962562.1185,10000
26,PROGRAMME_ONLY,137500,S2,社区健身,0.0001,9.999499987499375e-05,1191468288739.7258,10000
26,PROGRAMME_ONLY,137500,S3,公共健身设施,0.0056,0.0007462332075162562,1819790197459.2432,10000
26,PROGRAMME_ONLY,137500,S4,体卫融合,0.0104,0.0010144870625099168,2022214248176.2463,10000
26,PROGRAMME_ONLY,137500,S5,智慧健身,0.0001,9.999499987499375e-05,978828840163.0162,10000
26,PROGRAMME_ONLY,137500,S6,综合政策,0.9838,0.001262440493647126,4133341348369.501,10000
26,PROGRAMME_ONLY,140000,S0,动态基线,0.0,0.0,0.0,10000
26,PROGRAMME_ONLY,140000,S1,健康宣教,0.0,0.0,409046626336.0683,10000
26,PROGRAMME_ONLY,140000,S2,社区健身,0.0001,9.999499987499375e-05,1213638664490.9805,10000
26,PROGRAMME_ONLY,140000,S3,公共健身设施,0.0056,0.0007462332075162562,1853056764407.976,10000
26,PROGRAMME_ONLY,140000,S4,体卫融合,0.0104,0.0010144870625099168,2059125898951.4631,10000
26,PROGRAMME_ONLY,140000,S5,智慧健身,0.0001,9.999499987499375e-05,996678933275.9915,10000
26,PROGRAMME_ONLY,140000,S6,综合政策,0.9838,0.001262440493647126,4209370333360.6206,10000
26,PROGRAMME_ONLY,142500,S0,动态基线,0.0,0.0,0.0,10000
26,PROGRAMME_ONLY,142500,S1,健康宣教,0.0,0.0,416407290110.0181,10000
26,PROGRAMME_ONLY,142500,S2,社区健身,0.0001,9.999499987499375e-05,1235809040242.2346,10000
26,PROGRAMME_ONLY,142500,S3,公共健身设施,0.0055,0.0007395775821372629,1886323331356.7087,10000
26,PROGRAMME_ONLY,142500,S4,体卫融合,0.0104,0.0010144870625099168,2096037549726.68,10000
26,PROGRAMME_ONLY,142500,S5,智慧健身,0.0001,9.999499987499375e-05,1014529026388.9668,10000
26,PROGRAMME_ONLY,142500,S6,综合政策,0.9839,0.0012586020022231016,4285399318351.74,10000
26,PROGRAMME_ONLY,145000,S0,动态基线,0.0,0.0,0.0,10000
26,PROGRAMME_ONLY,145000,S1,健康宣教,0.0,0.0,423767953883.9679,10000
26,PROGRAMME_ONLY,145000,S2,社区健身,0.0001,9.999499987499375e-05,1257979415993.4888,10000
26,PROGRAMME_ONLY,145000,S3,公共健身设施,0.0055,0.0007395775821372629,1919589898305.4417,10000
26,PROGRAMME_ONLY,145000,S4,体卫融合,0.0104,0.0010144870625099168,2132949200501.8967,10000
26,PROGRAMME_ONLY,145000,S5,智慧健身,0.0001,9.999499987499375e-05,1032379119501.942,10000
26,PROGRAMME_ONLY,145000,S6,综合政策,0.9839,0.0012586020022231016,4361428303342.8594,10000
26,PROGRAMME_ONLY,147500,S0,动态基线,0.0,0.0,0.0,10000
26,PROGRAMME_ONLY,147500,S1,健康宣教,0.0,0.0,431128617657.9177,10000
26,PROGRAMME_ONLY,147500,S2,社区健身,0.0001,9.999499987499375e-05,1280149791744.7434,10000
26,PROGRAMME_ONLY,147500,S3,公共健身设施,0.0055,0.0007395775821372629,1952856465254.1748,10000
26,PROGRAMME_ONLY,147500,S4,体卫融合,0.0104,0.0010144870625099168,2169860851277.1135,10000
26,PROGRAMME_ONLY,147500,S5,智慧健身,0.0001,9.999499987499375e-05,1050229212614.9172,10000
26,PROGRAMME_ONLY,147500,S6,综合政策,0.9839,0.0012586020022231016,4437457288333.9795,10000
26,PROGRAMME_ONLY,150000,S0,动态基线,0.0,0.0,0.0,10000
26,PROGRAMME_ONLY,150000,S1,健康宣教,0.0,0.0,438489281431.86743,10000
26,PROGRAMME_ONLY,150000,S2,社区健身,0.0001,9.999499987499375e-05,1302320167495.9978,10000
26,PROGRAMME_ONLY,150000,S3,公共健身设施,0.0055,0.0007395775821372629,1986123032202.908,10000
26,PROGRAMME_ONLY,150000,S4,体卫融合,0.0104,0.0010144870625099168,2206772502052.3306,10000
26,PROGRAMME_ONLY,150000,S5,智慧健身,0.0001,9.999499987499375e-05,1068079305727.8926,10000
26,PROGRAMME_ONLY,150000,S6,综合政策,0.9839,0.0012586020022231016,4513486273325.1,10000
26,PROGRAMME_ONLY,152500,S0,动态基线,0.0,0.0,0.0,10000
26,PROGRAMME_ONLY,152500,S1,健康宣教,0.0,0.0,445849945205.81726,10000
26,PROGRAMME_ONLY,152500,S2,社区健身,0.0001,9.999499987499375e-05,1324490543247.2522,10000
26,PROGRAMME_ONLY,152500,S3,公共健身设施,0.0055,0.0007395775821372629,2019389599151.6409,10000
26,PROGRAMME_ONLY,152500,S4,体卫融合,0.0104,0.0010144870625099168,2243684152827.5474,10000
26,PROGRAMME_ONLY,152500,S5,智慧健身,0.0001,9.999499987499375e-05,1085929398840.8676,10000
26,PROGRAMME_ONLY,152500,S6,综合政策,0.9839,0.0012586020022231016,4589515258316.218,10000
26,PROGRAMME_ONLY,155000,S0,动态基线,0.0,0.0,0.0,10000
26,PROGRAMME_ONLY,155000,S1,健康宣教,0.0,0.0,453210608979.767,10000
26,PROGRAMME_ONLY,155000,S2,社区健身,0.0001,9.999499987499375e-05,1346660918998.5063,10000
26,PROGRAMME_ONLY,155000,S3,公共健身设施,0.0055,0.0007395775821372629,2052656166100.3735,10000
26,PROGRAMME_ONLY,155000,S4,体卫融合,0.0104,0.0010144870625099168,2280595803602.764,10000
26,PROGRAMME_ONLY,155000,S5,智慧健身,0.0001,9.999499987499375e-05,1103779491953.843,10000
26,PROGRAMME_ONLY,155000,S6,综合政策,0.9839,0.0012586020022231016,4665544243307.338,10000
26,PROGRAMME_ONLY,157500,S0,动态基线,0.0,0.0,0.0,10000
26,PROGRAMME_ONLY,157500,S1,健康宣教,0.0,0.0,460571272753.7168,10000
26,PROGRAMME_ONLY,157500,S2,社区健身,0.0001,9.999499987499375e-05,1368831294749.7607,10000
26,PROGRAMME_ONLY,157500,S3,公共健身设施,0.0055,0.0007395775821372629,2085922733049.1067,10000
26,PROGRAMME_ONLY,157500,S4,体卫融合,0.0103,0.0010096489488926337,2317507454377.981,10000
26,PROGRAMME_ONLY,157500,S5,智慧健身,0.0001,9.999499987499375e-05,1121629585066.818,10000
26,PROGRAMME_ONLY,157500,S6,综合政策,0.984,0.0012547509713086503,4741573228298.458,10000
26,PROGRAMME_ONLY,160000,S0,动态基线,0.0,0.0,0.0,10000
26,PROGRAMME_ONLY,160000,S1,健康宣教,0.0,0.0,467931936527.6666,10000
26,PROGRAMME_ONLY,160000,S2,社区健身,0.0001,9.999499987499375e-05,1391001670501.0151,10000
26,PROGRAMME_ONLY,160000,S3,公共健身设施,0.0055,0.0007395775821372629,2119189299997.8396,10000
26,PROGRAMME_ONLY,160000,S4,体卫融合,0.0102,0.0010047865444958945,2354419105153.1978,10000
26,PROGRAMME_ONLY,160000,S5,智慧健身,0.0001,9.999499987499375e-05,1139479678179.7935,10000
26,PROGRAMME_ONLY,160000,S6,综合政策,0.9841,0.0012508872850900687,4817602213289.577,10000
26,PROGRAMME_ONLY,162500,S0,动态基线,0.0,0.0,0.0,10000
26,PROGRAMME_ONLY,162500,S1,健康宣教,0.0,0.0,475292600301.6164,10000
26,PROGRAMME_ONLY,162500,S2,社区健身,0.0001,9.999499987499375e-05,1413172046252.2698,10000
26,PROGRAMME_ONLY,162500,S3,公共健身设施,0.0055,0.0007395775821372629,2152455866946.5725,10000
26,PROGRAMME_ONLY,162500,S4,体卫融合,0.0102,0.0010047865444958945,2391330755928.4146,10000
26,PROGRAMME_ONLY,162500,S5,智慧健身,0.0001,9.999499987499375e-05,1157329771292.7683,10000
26,PROGRAMME_ONLY,162500,S6,综合政策,0.9841,0.0012508872850900687,4893631198280.696,10000
26,PROGRAMME_ONLY,165000,S0,动态基线,0.0,0.0,0.0,10000
26,PROGRAMME_ONLY,165000,S1,健康宣教,0.0,0.0,482653264075.5661,10000
26,PROGRAMME_ONLY,165000,S2,社区健身,0.0001,9.999499987499375e-05,1435342422003.524,10000
26,PROGRAMME_ONLY,165000,S3,公共健身设施,0.0055,0.0007395775821372629,2185722433895.3057,10000
26,PROGRAMME_ONLY,165000,S4,体卫融合,0.0102,0.0010047865444958945,2428242406703.6313,10000
26,PROGRAMME_ONLY,165000,S5,智慧健身,0.0001,9.999499987499375e-05,1175179864405.744,10000
26,PROGRAMME_ONLY,165000,S6,综合政策,0.9841,0.0012508872850900687,4969660183271.816,10000
26,PROGRAMME_ONLY,167500,S0,动态基线,0.0,0.0,0.0,10000
26,PROGRAMME_ONLY,167500,S1,健康宣教,0.0,0.0,490013927849.5159,10000
26,PROGRAMME_ONLY,167500,S2,社区健身,0.0001,9.999499987499375e-05,1457512797754.7783,10000
26,PROGRAMME_ONLY,167500,S3,公共健身设施,0.0055,0.0007395775821372629,2218989000844.0386,10000
26,PROGRAMME_ONLY,167500,S4,体卫融合,0.0102,0.0010047865444958945,2465154057478.848,10000
26,PROGRAMME_ONLY,167500,S5,智慧健身,0.0001,9.999499987499375e-05,1193029957518.719,10000
26,PROGRAMME_ONLY,167500,S6,综合政策,0.9841,0.0012508872850900687,5045689168262.936,10000
26,PROGRAMME_ONLY,170000,S0,动态基线,0.0,0.0,0.0,10000
26,PROGRAMME_ONLY,170000,S1,健康宣教,0.0,0.0,497374591623.4658,10000
26,PROGRAMME_ONLY,170000,S2,社区健身,0.0001,9.999499987499375e-05,1479683173506.0327,10000
26,PROGRAMME_ONLY,170000,S3,公共健身设施,0.0055,0.0007395775821372629,2252255567792.771,10000
26,PROGRAMME_ONLY,170000,S4,体卫融合,0.0102,0.0010047865444958945,2502065708254.0654,10000
26,PROGRAMME_ONLY,170000,S5,智慧健身,0.0001,9.999499987499375e-05,1210880050631.694,10000
26,PROGRAMME_ONLY,170000,S6,综合政策,0.9841,0.0012508872850900687,5121718153254.056,10000
26,PROGRAMME_ONLY,172500,S0,动态基线,0.0,0.0,0.0,10000
26,PROGRAMME_ONLY,172500,S1,健康宣教,0.0,0.0,504735255397.4155,10000
26,PROGRAMME_ONLY,172500,S2,社区健身,0.0001,9.999499987499375e-05,1501853549257.287,10000
26,PROGRAMME_ONLY,172500,S3,公共健身设施,0.0055,0.0007395775821372629,2285522134741.5044,10000
26,PROGRAMME_ONLY,172500,S4,体卫融合,0.01,0.00099498743710662,2538977359029.2817,10000
26,PROGRAMME_ONLY,172500,S5,智慧健身,0.0001,9.999499987499375e-05,1228730143744.6697,10000
26,PROGRAMME_ONLY,172500,S6,综合政策,0.9843,0.0012431214743539765,5197747138245.175,10000
26,PROGRAMME_ONLY,175000,S0,动态基线,0.0,0.0,0.0,10000
26,PROGRAMME_ONLY,175000,S1,健康宣教,0.0,0.0,512095919171.3653,10000
26,PROGRAMME_ONLY,175000,S2,社区健身,0.0001,9.999499987499375e-05,1524023925008.5415,10000
26,PROGRAMME_ONLY,175000,S3,公共健身设施,0.0055,0.0007395775821372629,2318788701690.237,10000
26,PROGRAMME_ONLY,175000,S4,体卫融合,0.01,0.00099498743710662,2575889009804.499,10000
26,PROGRAMME_ONLY,175000,S5,智慧健身,0.0001,9.999499987499375e-05,1246580236857.6448,10000
26,PROGRAMME_ONLY,175000,S6,综合政策,0.9843,0.0012431214743539765,5273776123236.294,10000
26,PROGRAMME_ONLY,177500,S0,动态基线,0.0,0.0,0.0,10000
26,PROGRAMME_ONLY,177500,S1,健康宣教,0.0,0.0,519456582945.3151,10000
26,PROGRAMME_ONLY,177500,S2,社区健身,0.0001,9.999499987499375e-05,1546194300759.796,10000
26,PROGRAMME_ONLY,177500,S3,公共健身设施,0.0055,0.0007395775821372629,2352055268638.97,10000
26,PROGRAMME_ONLY,177500,S4,体卫融合,0.01,0.00099498743710662,2612800660579.716,10000
26,PROGRAMME_ONLY,177500,S5,智慧健身,0.0001,9.999499987499375e-05,1264430329970.62,10000
26,PROGRAMME_ONLY,177500,S6,综合政策,0.9843,0.0012431214743539765,5349805108227.414,10000
26,PROGRAMME_ONLY,180000,S0,动态基线,0.0,0.0,0.0,10000
26,PROGRAMME_ONLY,180000,S1,健康宣教,0.0,0.0,526817246719.2648,10000
26,PROGRAMME_ONLY,180000,S2,社区健身,0.0001,9.999499987499375e-05,1568364676511.0503,10000
26,PROGRAMME_ONLY,180000,S3,公共健身设施,0.0055,0.0007395775821372629,2385321835587.7026,10000
26,PROGRAMME_ONLY,180000,S4,体卫融合,0.01,0.00099498743710662,2649712311354.932,10000
26,PROGRAMME_ONLY,180000,S5,智慧健身,0.0001,9.999499987499375e-05,1282280423083.5952,10000
26,PROGRAMME_ONLY,180000,S6,综合政策,0.9843,0.0012431214743539765,5425834093218.534,10000
26,PROGRAMME_ONLY,182500,S0,动态基线,0.0,0.0,0.0,10000
26,PROGRAMME_ONLY,182500,S1,健康宣教,0.0,0.0,534177910493.2146,10000
26,PROGRAMME_ONLY,182500,S2,社区健身,0.0001,9.999499987499375e-05,1590535052262.3047,10000
26,PROGRAMME_ONLY,182500,S3,公共健身设施,0.0055,0.0007395775821372629,2418588402536.436,10000
26,PROGRAMME_ONLY,182500,S4,体卫融合,0.01,0.00099498743710662,2686623962130.149,10000
26,PROGRAMME_ONLY,182500,S5,智慧健身,0.0001,9.999499987499375e-05,1300130516196.5703,10000
26,PROGRAMME_ONLY,182500,S6,综合政策,0.9843,0.0012431214743539765,5501863078209.654,10000
26,PROGRAMME_ONLY,185000,S0,动态基线,0.0,0.0,0.0,10000
26,PROGRAMME_ONLY,185000,S1,健康宣教,0.0,0.0,541538574267.1644,10000
26,PROGRAMME_ONLY,185000,S2,社区健身,0.0001,9.999499987499375e-05,1612705428013.559,10000
26,PROGRAMME_ONLY,185000,S3,公共健身设施,0.0055,0.0007395775821372629,2451854969485.169,10000
26,PROGRAMME_ONLY,185000,S4,体卫融合,0.01,0.00099498743710662,2723535612905.366,10000
26,PROGRAMME_ONLY,185000,S5,智慧健身,0.0001,9.999499987499375e-05,1317980609309.5457,10000
26,PROGRAMME_ONLY,185000,S6,综合政策,0.9843,0.0012431214743539765,5577892063200.772,10000
26,PROGRAMME_ONLY,187500,S0,动态基线,0.0,0.0,0.0,10000
26,PROGRAMME_ONLY,187500,S1,健康宣教,0.0,0.0,548899238041.1142,10000
26,PROGRAMME_ONLY,187500,S2,社区健身,0.0001,9.999499987499375e-05,1634875803764.8137,10000
26,PROGRAMME_ONLY,187500,S3,公共健身设施,0.0055,0.0007395775821372629,2485121536433.9014,10000
26,PROGRAMME_ONLY,187500,S4,体卫融合,0.01,0.00099498743710662,2760447263680.583,10000
26,PROGRAMME_ONLY,187500,S5,智慧健身,0.0001,9.999499987499375e-05,1335830702422.5208,10000
26,PROGRAMME_ONLY,187500,S6,综合政策,0.9843,0.0012431214743539765,5653921048191.893,10000
26,PROGRAMME_ONLY,190000,S0,动态基线,0.0,0.0,0.0,10000
26,PROGRAMME_ONLY,190000,S1,健康宣教,0.0,0.0,556259901815.0638,10000
26,PROGRAMME_ONLY,190000,S2,社区健身,0.0001,9.999499987499375e-05,1657046179516.068,10000
26,PROGRAMME_ONLY,190000,S3,公共健身设施,0.0055,0.0007395775821372629,2518388103382.6343,10000
26,PROGRAMME_ONLY,190000,S4,体卫融合,0.0099,0.0009900499987374374,2797358914455.8,10000
26,PROGRAMME_ONLY,190000,S5,智慧健身,0.0001,9.999499987499375e-05,1353680795535.496,10000
26,PROGRAMME_ONLY,190000,S6,综合政策,0.9844,0.001239219108955311,5729950033183.013,10000
26,PROGRAMME_ONLY,192500,S0,动态基线,0.0,0.0,0.0,10000
26,PROGRAMME_ONLY,192500,S1,健康宣教,0.0,0.0,563620565589.0138,10000
26,PROGRAMME_ONLY,192500,S2,社区健身,0.0001,9.999499987499375e-05,1679216555267.3225,10000
26,PROGRAMME_ONLY,192500,S3,公共健身设施,0.0055,0.0007395775821372629,2551654670331.3677,10000
26,PROGRAMME_ONLY,192500,S4,体卫融合,0.0099,0.0009900499987374374,2834270565231.0166,10000
26,PROGRAMME_ONLY,192500,S5,智慧健身,0.0001,9.999499987499375e-05,1371530888648.4712,10000
26,PROGRAMME_ONLY,192500,S6,综合政策,0.9844,0.001239219108955311,5805979018174.132,10000
26,PROGRAMME_ONLY,195000,S0,动态基线,0.0,0.0,0.0,10000
26,PROGRAMME_ONLY,195000,S1,健康宣教,0.0,0.0,570981229362.9636,10000
26,PROGRAMME_ONLY,195000,S2,社区健身,0.0001,9.999499987499375e-05,1701386931018.577,10000
26,PROGRAMME_ONLY,195000,S3,公共健身设施,0.0055,0.0007395775821372629,2584921237280.1006,10000
26,PROGRAMME_ONLY,195000,S4,体卫融合,0.0098,0.0009850867982061275,2871182216006.2334,10000
26,PROGRAMME_ONLY,195000,S5,智慧健身,0.0,0.0,1389380981761.4463,10000
26,PROGRAMME_ONLY,195000,S6,综合政策,0.9846,0.0012313748413866497,5882008003165.251,10000
26,PROGRAMME_ONLY,197500,S0,动态基线,0.0,0.0,0.0,10000
26,PROGRAMME_ONLY,197500,S1,健康宣教,0.0,0.0,578341893136.9132,10000
26,PROGRAMME_ONLY,197500,S2,社区健身,0.0001,9.999499987499375e-05,1723557306769.8313,10000
26,PROGRAMME_ONLY,197500,S3,公共健身设施,0.0055,0.0007395775821372629,2618187804228.833,10000
26,PROGRAMME_ONLY,197500,S4,体卫融合,0.0098,0.0009850867982061275,2908093866781.45,10000
26,PROGRAMME_ONLY,197500,S5,智慧健身,0.0,0.0,1407231074874.4219,10000
26,PROGRAMME_ONLY,197500,S6,综合政策,0.9846,0.0012313748413866497,5958036988156.371,10000
26,PROGRAMME_ONLY,200000,S0,动态基线,0.0,0.0,0.0,10000
26,PROGRAMME_ONLY,200000,S1,健康宣教,0.0,0.0,585702556910.8632,10000
26,PROGRAMME_ONLY,200000,S2,社区健身,0.0001,9.999499987499375e-05,1745727682521.0857,10000
26,PROGRAMME_ONLY,200000,S3,公共健身设施,0.0055,0.0007395775821372629,2651454371177.5664,10000
26,PROGRAMME_ONLY,200000,S4,体卫融合,0.0098,0.0009850867982061275,2945005517556.667,10000
26,PROGRAMME_ONLY,200000,S5,智慧健身,0.0,0.0,1425081167987.3972,10000
26,PROGRAMME_ONLY,200000,S6,综合政策,0.9846,0.0012313748413866497,6034065973147.491,10000
26,PARTIAL_PUBLIC_PAYER,0,S0,动态基线,0.0036,0.0005989190262464534,0.0,10000
26,PARTIAL_PUBLIC_PAYER,0,S1,健康宣教,0.0045,0.0006693093455196931,1140118632.1840954,10000
26,PARTIAL_PUBLIC_PAYER,0,S2,社区健身,0.0002,0.00014140721339450828,-14966547824.483994,10000
26,PARTIAL_PUBLIC_PAYER,0,S3,公共健身设施,0.2159,0.004114452454458552,9604747918.02098,10000
26,PARTIAL_PUBLIC_PAYER,0,S4,体卫融合,0.504,0.004999839997439918,13653273194.33939,10000
26,PARTIAL_PUBLIC_PAYER,0,S5,智慧健身,0.131,0.0033740035566074914,7511093418.082012,10000
26,PARTIAL_PUBLIC_PAYER,0,S6,综合政策,0.1408,0.00347815123305471,-3812848186.0838704,10000
26,PARTIAL_PUBLIC_PAYER,2500,S0,动态基线,0.0,0.0,0.0,10000
26,PARTIAL_PUBLIC_PAYER,2500,S1,健康宣教,0.0001,9.999499987499375e-05,8500782406.133877,10000
26,PARTIAL_PUBLIC_PAYER,2500,S2,社区健身,0.0009,0.0002998649696113236,7203827926.770398,10000
26,PARTIAL_PUBLIC_PAYER,2500,S3,公共健身设施,0.1025,0.003033047147671793,42871314866.753914,10000
26,PARTIAL_PUBLIC_PAYER,2500,S4,体卫融合,0.1954,0.0039650831012729105,50564923969.55623,10000
26,PARTIAL_PUBLIC_PAYER,2500,S5,智慧健身,0.0067,0.0008157885755512883,25361186531.05724,10000
26,PARTIAL_PUBLIC_PAYER,2500,S6,综合政策,0.6944,0.004606610901736764,72216136805.03575,10000
26,PARTIAL_PUBLIC_PAYER,5000,S0,动态基线,0.0,0.0,0.0,10000
26,PARTIAL_PUBLIC_PAYER,5000,S1,健康宣教,0.0,0.0,15861446180.083656,10000
26,PARTIAL_PUBLIC_PAYER,5000,S2,社区健身,0.0006,0.0002448754785600224,29374203678.024796,10000
26,PARTIAL_PUBLIC_PAYER,5000,S3,公共健身设施,0.0473,0.0021227979178433352,76137881815.48683,10000
26,PARTIAL_PUBLIC_PAYER,5000,S4,体卫融合,0.0828,0.0027557967994756073,87476574744.77306,10000
26,PARTIAL_PUBLIC_PAYER,5000,S5,智慧健身,0.0015,0.0003870077518603471,43211279644.03247,10000
26,PARTIAL_PUBLIC_PAYER,5000,S6,综合政策,0.8678,0.003387080748963626,148245121796.15536,10000
26,PARTIAL_PUBLIC_PAYER,7500,S0,动态基线,0.0,0.0,0.0,10000
26,PARTIAL_PUBLIC_PAYER,7500,S1,健康宣教,0.0,0.0,23222109954.03344,10000
26,PARTIAL_PUBLIC_PAYER,7500,S2,社区健身,0.0006,0.0002448754785600224,51544579429.27919,10000
26,PARTIAL_PUBLIC_PAYER,7500,S3,公共健身设施,0.0271,0.0016237484411077967,109404448764.21976,10000
26,PARTIAL_PUBLIC_PAYER,7500,S4,体卫融合,0.047,0.002116388433156825,124388225519.9899,10000
26,PARTIAL_PUBLIC_PAYER,7500,S5,智慧健身,0.0007,0.00026448251359967073,61061372757.0077,10000
26,PARTIAL_PUBLIC_PAYER,7500,S6,综合政策,0.9246,0.0026403567940715893,224274106787.275,10000
26,PARTIAL_PUBLIC_PAYER,10000,S0,动态基线,0.0,0.0,0.0,10000
26,PARTIAL_PUBLIC_PAYER,10000,S1,健康宣教,0.0,0.0,30582773727.983227,10000
26,PARTIAL_PUBLIC_PAYER,10000,S2,社区健身,0.0005,0.0002235508890610816,73714955180.53357,10000
26,PARTIAL_PUBLIC_PAYER,10000,S3,公共健身设施,0.02,0.0014,142671015712.9527,10000
26,PARTIAL_PUBLIC_PAYER,10000,S4,体卫融合,0.0339,0.0018097179338228374,161299876295.20676,10000
26,PARTIAL_PUBLIC_PAYER,10000,S5,智慧健身,0.0005,0.0002235508890610816,78911465869.98293,10000
26,PARTIAL_PUBLIC_PAYER,10000,S6,综合政策,0.9451,0.002277849643852727,300303091778.3946,10000
26,PARTIAL_PUBLIC_PAYER,12500,S0,动态基线,0.0,0.0,0.0,10000
26,PARTIAL_PUBLIC_PAYER,12500,S1,健康宣教,0.0,0.0,37943437501.933,10000
26,PARTIAL_PUBLIC_PAYER,12500,S2,社区健身,0.0005,0.0002235508890610816,95885330931.78798,10000
26,PARTIAL_PUBLIC_PAYER,12500,S3,公共健身设施,0.0154,0.001231374841386651,175937582661.6856,10000
26,PARTIAL_PUBLIC_PAYER,12500,S4,体卫融合,0.0272,0.0016266579234737709,198211527070.42358,10000
26,PARTIAL_PUBLIC_PAYER,12500,S5,智慧健身,0.0003,0.00017317909804592468,96761558982.95815,10000
26,PARTIAL_PUBLIC_PAYER,12500,S6,综合政策,0.9566,0.002037558342722976,376332076769.5142,10000
26,PARTIAL_PUBLIC_PAYER,15000,S0,动态基线,0.0,0.0,0.0,10000
26,PARTIAL_PUBLIC_PAYER,15000,S1,健康宣教,0.0,0.0,45304101275.88279,10000
26,PARTIAL_PUBLIC_PAYER,15000,S2,社区健身,0.0004,0.0001999599959991998,118055706683.04237,10000
26,PARTIAL_PUBLIC_PAYER,15000,S3,公共健身设施,0.0129,0.0011284320980900887,209204149610.41855,10000
26,PARTIAL_PUBLIC_PAYER,15000,S4,体卫融合,0.0228,0.0014926540121541897,235123177845.64044,10000
26,PARTIAL_PUBLIC_PAYER,15000,S5,智慧健身,0.0002,0.00014140721339450828,114611652095.93338,10000
26,PARTIAL_PUBLIC_PAYER,15000,S6,综合政策,0.9637,0.0018703558484951465,452361061760.6338,10000
26,PARTIAL_PUBLIC_PAYER,17500,S0,动态基线,0.0,0.0,0.0,10000
26,PARTIAL_PUBLIC_PAYER,17500,S1,健康宣教,0.0,0.0,52664765049.832565,10000
26,PARTIAL_PUBLIC_PAYER,17500,S2,社区健身,0.0004,0.0001999599959991998,140226082434.29675,10000
26,PARTIAL_PUBLIC_PAYER,17500,S3,公共健身设施,0.0116,0.0010707679487171812,242470716559.15146,10000
26,PARTIAL_PUBLIC_PAYER,17500,S4,体卫融合,0.0203,0.001410245014173069,272034828620.8573,10000
26,PARTIAL_PUBLIC_PAYER,17500,S5,智慧健身,0.0001,9.999499987499375e-05,132461745208.90863,10000
26,PARTIAL_PUBLIC_PAYER,17500,S6,综合政策,0.9676,0.0017705998983395426,528390046751.7534,10000
26,PARTIAL_PUBLIC_PAYER,20000,S0,动态基线,0.0,0.0,0.0,10000
26,PARTIAL_PUBLIC_PAYER,20000,S1,健康宣教,0.0,0.0,60025428823.78235,10000
26,PARTIAL_PUBLIC_PAYER,20000,S2,社区健身,0.0004,0.0001999599959991998,162396458185.55115,10000
26,PARTIAL_PUBLIC_PAYER,20000,S3,公共健身设施,0.0102,0.0010047865444958945,275737283507.8844,10000
26,PARTIAL_PUBLIC_PAYER,20000,S4,体卫融合,0.0184,0.00134392856953039,308946479396.0741,10000
26,PARTIAL_PUBLIC_PAYER,20000,S5,智慧健身,0.0001,9.999499987499375e-05,150311838321.88385,10000
26,PARTIAL_PUBLIC_PAYER,20000,S6,综合政策,0.9709,0.0016808685254950792,604419031742.873,10000
26,PARTIAL_PUBLIC_PAYER,22500,S0,动态基线,0.0,0.0,0.0,10000
26,PARTIAL_PUBLIC_PAYER,22500,S1,健康宣教,0.0,0.0,67386092597.732124,10000
26,PARTIAL_PUBLIC_PAYER,22500,S2,社区健身,0.0004,0.0001999599959991998,184566833936.80554,10000
26,PARTIAL_PUBLIC_PAYER,22500,S3,公共健身设施,0.0099,0.0009900499987374374,309003850456.6173,10000
26,PARTIAL_PUBLIC_PAYER,22500,S4,体卫融合,0.0174,0.001307564147566,345858130171.29095,10000
26,PARTIAL_PUBLIC_PAYER,22500,S5,智慧健身,0.0001,9.999499987499375e-05,168161931434.85904,10000
26,PARTIAL_PUBLIC_PAYER,22500,S6,综合政策,0.9722,0.0016439939172636876,680448016733.9926,10000
26,PARTIAL_PUBLIC_PAYER,25000,S0,动态基线,0.0,0.0,0.0,10000
26,PARTIAL_PUBLIC_PAYER,25000,S1,健康宣教,0.0,0.0,74746756371.68192,10000
26,PARTIAL_PUBLIC_PAYER,25000,S2,社区健身,0.0004,0.0001999599959991998,206737209688.05994,10000
26,PARTIAL_PUBLIC_PAYER,25000,S3,公共健身设施,0.0092,0.0009547439447307324,342270417405.3502,10000
26,PARTIAL_PUBLIC_PAYER,25000,S4,体卫融合,0.0165,0.0012738818626544615,382769780946.5078,10000
26,PARTIAL_PUBLIC_PAYER,25000,S5,智慧健身,0.0001,9.999499987499375e-05,186012024547.8343,10000
26,PARTIAL_PUBLIC_PAYER,25000,S6,综合政策,0.9738,0.0015972964659073156,756477001725.1123,10000
26,PARTIAL_PUBLIC_PAYER,27500,S0,动态基线,0.0,0.0,0.0,10000
26,PARTIAL_PUBLIC_PAYER,27500,S1,健康宣教,0.0,0.0,82107420145.63168,10000
26,PARTIAL_PUBLIC_PAYER,27500,S2,社区健身,0.0004,0.0001999599959991998,228907585439.31436,10000
26,PARTIAL_PUBLIC_PAYER,27500,S3,公共健身设施,0.009,0.0009444045743218317,375536984354.0831,10000
26,PARTIAL_PUBLIC_PAYER,27500,S4,体卫融合,0.016,0.0012547509713086498,419681431721.7247,10000
26,PARTIAL_PUBLIC_PAYER,27500,S5,智慧健身,0.0001,9.999499987499375e-05,203862117660.80954,10000
26,PARTIAL_PUBLIC_PAYER,27500,S6,综合政策,0.9745,0.001576380347505004,832505986716.2319,10000
26,PARTIAL_PUBLIC_PAYER,30000,S0,动态基线,0.0,0.0,0.0,10000
26,PARTIAL_PUBLIC_PAYER,30000,S1,健康宣教,0.0,0.0,89468083919.58148,10000
26,PARTIAL_PUBLIC_PAYER,30000,S2,社区健身,0.0004,0.0001999599959991998,251077961190.5687,10000
26,PARTIAL_PUBLIC_PAYER,30000,S3,公共健身设施,0.0086,0.0009233655830709741,408803551302.8161,10000
26,PARTIAL_PUBLIC_PAYER,30000,S4,体卫融合,0.0153,0.0012274326865453764,456593082496.9415,10000
26,PARTIAL_PUBLIC_PAYER,30000,S5,智慧健身,0.0001,9.999499987499375e-05,221712210773.78476,10000
26,PARTIAL_PUBLIC_PAYER,30000,S6,综合政策,0.9756,0.0015428752379891245,908534971707.3514,10000
26,PARTIAL_PUBLIC_PAYER,32500,S0,动态基线,0.0,0.0,0.0,10000
26,PARTIAL_PUBLIC_PAYER,32500,S1,健康宣教,0.0,0.0,96828747693.53125,10000
26,PARTIAL_PUBLIC_PAYER,32500,S2,社区健身,0.0004,0.0001999599959991998,273248336941.8231,10000
26,PARTIAL_PUBLIC_PAYER,32500,S3,公共健身设施,0.0081,0.0008963475888292443,442070118251.549,10000
26,PARTIAL_PUBLIC_PAYER,32500,S4,体卫融合,0.0146,0.0011994515413304534,493504733272.1583,10000
26,PARTIAL_PUBLIC_PAYER,32500,S5,智慧健身,0.0001,9.999499987499375e-05,239562303886.76,10000
26,PARTIAL_PUBLIC_PAYER,32500,S6,综合政策,0.9768,0.0015053823434596275,984563956698.4712,10000
26,PARTIAL_PUBLIC_PAYER,35000,S0,动态基线,0.0,0.0,0.0,10000
26,PARTIAL_PUBLIC_PAYER,35000,S1,健康宣教,0.0,0.0,104189411467.48103,10000
26,PARTIAL_PUBLIC_PAYER,35000,S2,社区健身,0.0004,0.0001999599959991998,295418712693.0775,10000
26,PARTIAL_PUBLIC_PAYER,35000,S3,公共健身设施,0.0077,0.0008741115489455566,475336685200.2819,10000
26,PARTIAL_PUBLIC_PAYER,35000,S4,体卫融合,0.014,0.0011749042514179614,530416384047.3752,10000
26,PARTIAL_PUBLIC_PAYER,35000,S5,智慧健身,0.0001,9.999499987499375e-05,257412396999.73526,10000
26,PARTIAL_PUBLIC_PAYER,35000,S6,综合政策,0.9778,0.0014733349924575874,1060592941689.5908,10000
26,PARTIAL_PUBLIC_PAYER,37500,S0,动态基线,0.0,0.0,0.0,10000
26,PARTIAL_PUBLIC_PAYER,37500,S1,健康宣教,0.0,0.0,111550075241.43082,10000
26,PARTIAL_PUBLIC_PAYER,37500,S2,社区健身,0.0004,0.0001999599959991998,317589088444.3319,10000
26,PARTIAL_PUBLIC_PAYER,37500,S3,公共健身设施,0.0076,0.0008684607072285999,508603252149.0148,10000
26,PARTIAL_PUBLIC_PAYER,37500,S4,体卫融合,0.0138,0.0011666001885821894,567328034822.592,10000
26,PARTIAL_PUBLIC_PAYER,37500,S5,智慧健身,0.0001,9.999499987499375e-05,275262490112.7104,10000
26,PARTIAL_PUBLIC_PAYER,37500,S6,综合政策,0.9781,0.0014635706337584131,1136621926680.7104,10000
26,PARTIAL_PUBLIC_PAYER,40000,S0,动态基线,0.0,0.0,0.0,10000
26,PARTIAL_PUBLIC_PAYER,40000,S1,健康宣教,0.0,0.0,118910739015.3806,10000
26,PARTIAL_PUBLIC_PAYER,40000,S2,社区健身,0.0004,0.0001999599959991998,339759464195.5863,10000
26,PARTIAL_PUBLIC_PAYER,40000,S3,公共健身设施,0.0074,0.0008570437561758443,541869819097.7478,10000
26,PARTIAL_PUBLIC_PAYER,40000,S4,体卫融合,0.0129,0.0011284320980900887,604239685597.8088,10000
26,PARTIAL_PUBLIC_PAYER,40000,S5,智慧健身,0.0001,9.999499987499375e-05,293112583225.6857,10000
26,PARTIAL_PUBLIC_PAYER,40000,S6,综合政策,0.9792,0.0014271425997425778,1212650911671.83,10000
26,PARTIAL_PUBLIC_PAYER,42500,S0,动态基线,0.0,0.0,0.0,10000
26,PARTIAL_PUBLIC_PAYER,42500,S1,健康宣教,0.0,0.0,126271402789.33037,10000
26,PARTIAL_PUBLIC_PAYER,42500,S2,社区健身,0.0002,0.00014140721339450828,361929839946.8407,10000
26,PARTIAL_PUBLIC_PAYER,42500,S3,公共健身设施,0.0074,0.0008570437561758443,575136386046.4808,10000
26,PARTIAL_PUBLIC_PAYER,42500,S4,体卫融合,0.0129,0.0011284320980900887,641151336373.0256,10000
26,PARTIAL_PUBLIC_PAYER,42500,S5,智慧健身,0.0001,9.999499987499375e-05,310962676338.6609,10000
26,PARTIAL_PUBLIC_PAYER,42500,S6,综合政策,0.9794,0.001420409800022513,1288679896662.9497,10000
26,PARTIAL_PUBLIC_PAYER,45000,S0,动态基线,0.0,0.0,0.0,10000
26,PARTIAL_PUBLIC_PAYER,45000,S1,健康宣教,0.0,0.0,133632066563.28015,10000
26,PARTIAL_PUBLIC_PAYER,45000,S2,社区健身,0.0002,0.00014140721339450828,384100215698.0951,10000
26,PARTIAL_PUBLIC_PAYER,45000,S3,公共健身设施,0.0073,0.0008512761009214343,608402952995.2137,10000
26,PARTIAL_PUBLIC_PAYER,45000,S4,体卫融合,0.0126,0.0011154030661603904,678062987148.2426,10000
26,PARTIAL_PUBLIC_PAYER,45000,S5,智慧健身,0.0001,9.999499987499375e-05,328812769451.63617,10000
26,PARTIAL_PUBLIC_PAYER,45000,S6,综合政策,0.9798,0.0014068390099794645,1364708881654.069,10000
26,PARTIAL_PUBLIC_PAYER,47500,S0,动态基线,0.0,0.0,0.0,10000
26,PARTIAL_PUBLIC_PAYER,47500,S1,健康宣教,0.0,0.0,140992730337.22995,10000
26,PARTIAL_PUBLIC_PAYER,47500,S2,社区健身,0.0002,0.00014140721339450828,406270591449.3495,10000
26,PARTIAL_PUBLIC_PAYER,47500,S3,公共健身设施,0.0072,0.0008454679177828097,641669519943.9467,10000
26,PARTIAL_PUBLIC_PAYER,47500,S4,体卫融合,0.0125,0.0011110243021644486,714974637923.4594,10000
26,PARTIAL_PUBLIC_PAYER,47500,S5,智慧健身,0.0001,9.999499987499375e-05,346662862564.6113,10000
26,PARTIAL_PUBLIC_PAYER,47500,S6,综合政策,0.98,0.0014000000000000006,1440737866645.1887,10000
26,PARTIAL_PUBLIC_PAYER,50000,S0,动态基线,0.0,0.0,0.0,10000
26,PARTIAL_PUBLIC_PAYER,50000,S1,健康宣教,0.0,0.0,148353394111.1797,10000
26,PARTIAL_PUBLIC_PAYER,50000,S2,社区健身,0.0001,9.999499987499375e-05,428440967200.6039,10000
26,PARTIAL_PUBLIC_PAYER,50000,S3,公共健身设施,0.0071,0.0008396183656876498,674936086892.6794,10000
26,PARTIAL_PUBLIC_PAYER,50000,S4,体卫融合,0.0122,0.0010977777552856499,751886288698.6761,10000
26,PARTIAL_PUBLIC_PAYER,50000,S5,智慧健身,0.0001,9.999499987499375e-05,364512955677.5866,10000
26,PARTIAL_PUBLIC_PAYER,50000,S6,综合政策,0.9805,0.0013827418414150909,1516766851636.3083,10000
26,PARTIAL_PUBLIC_PAYER,52500,S0,动态基线,0.0,0.0,0.0,10000
26,PARTIAL_PUBLIC_PAYER,52500,S1,健康宣教,0.0,0.0,155714057885.1295,10000
26,PARTIAL_PUBLIC_PAYER,52500,S2,社区健身,0.0001,9.999499987499375e-05,450611342951.8583,10000
26,PARTIAL_PUBLIC_PAYER,52500,S3,公共健身设施,0.007,0.0008337265738837884,708202653841.4124,10000
26,PARTIAL_PUBLIC_PAYER,52500,S4,体卫融合,0.0122,0.0010977777552856499,788797939473.893,10000
26,PARTIAL_PUBLIC_PAYER,52500,S5,智慧健身,0.0001,9.999499987499375e-05,382363048790.5618,10000
26,PARTIAL_PUBLIC_PAYER,52500,S6,综合政策,0.9806,0.0013792621215708047,1592795836627.428,10000
26,PARTIAL_PUBLIC_PAYER,55000,S0,动态基线,0.0,0.0,0.0,10000
26,PARTIAL_PUBLIC_PAYER,55000,S1,健康宣教,0.0,0.0,163074721659.0793,10000
26,PARTIAL_PUBLIC_PAYER,55000,S2,社区健身,0.0001,9.999499987499375e-05,472781718703.1126,10000
26,PARTIAL_PUBLIC_PAYER,55000,S3,公共健身设施,0.007,0.0008337265738837884,741469220790.1454,10000
26,PARTIAL_PUBLIC_PAYER,55000,S4,体卫融合,0.0122,0.0010977777552856499,825709590249.1099,10000
26,PARTIAL_PUBLIC_PAYER,55000,S5,智慧健身,0.0001,9.999499987499375e-05,400213141903.53705,10000
26,PARTIAL_PUBLIC_PAYER,55000,S6,综合政策,0.9806,0.0013792621215708047,1668824821618.5479,10000
26,PARTIAL_PUBLIC_PAYER,57500,S0,动态基线,0.0,0.0,0.0,10000
26,PARTIAL_PUBLIC_PAYER,57500,S1,健康宣教,0.0,0.0,170435385433.02905,10000
26,PARTIAL_PUBLIC_PAYER,57500,S2,社区健身,0.0001,9.999499987499375e-05,494952094454.367,10000
26,PARTIAL_PUBLIC_PAYER,57500,S3,公共健身设施,0.007,0.0008337265738837884,774735787738.8782,10000
26,PARTIAL_PUBLIC_PAYER,57500,S4,体卫融合,0.0122,0.0010977777552856499,862621241024.3268,10000
26,PARTIAL_PUBLIC_PAYER,57500,S5,智慧健身,0.0001,9.999499987499375e-05,418063235016.5123,10000
26,PARTIAL_PUBLIC_PAYER,57500,S6,综合政策,0.9806,0.0013792621215708047,1744853806609.6675,10000
26,PARTIAL_PUBLIC_PAYER,60000,S0,动态基线,0.0,0.0,0.0,10000
26,PARTIAL_PUBLIC_PAYER,60000,S1,健康宣教,0.0,0.0,177796049206.97885,10000
26,PARTIAL_PUBLIC_PAYER,60000,S2,社区健身,0.0001,9.999499987499375e-05,517122470205.6215,10000
26,PARTIAL_PUBLIC_PAYER,60000,S3,公共健身设施,0.0069,0.0008277916404506632,808002354687.6112,10000
26,PARTIAL_PUBLIC_PAYER,60000,S4,体卫融合,0.0121,0.001093324745901235,899532891799.5435,10000
26,PARTIAL_PUBLIC_PAYER,60000,S5,智慧健身,0.0001,9.999499987499375e-05,435913328129.4875,10000
26,PARTIAL_PUBLIC_PAYER,60000,S6,综合政策,0.9808,0.0013722740251130602,1820882791600.787,10000
26,PARTIAL_PUBLIC_PAYER,62500,S0,动态基线,0.0,0.0,0.0,10000
26,PARTIAL_PUBLIC_PAYER,62500,S1,健康宣教,0.0,0.0,185156712980.92862,10000
26,PARTIAL_PUBLIC_PAYER,62500,S2,社区健身,0.0001,9.999499987499375e-05,539292845956.8758,10000
26,PARTIAL_PUBLIC_PAYER,62500,S3,公共健身设施,0.0068,0.0008218126307133518,841268921636.3441,10000
26,PARTIAL_PUBLIC_PAYER,62500,S4,体卫融合,0.012,0.001088852607105296,936444542574.7604,10000
26,PARTIAL_PUBLIC_PAYER,62500,S5,智慧健身,0.0001,9.999499987499375e-05,453763421242.4627,10000
26,PARTIAL_PUBLIC_PAYER,62500,S6,综合政策,0.981,0.001365247230357931,1896911776591.9065,10000
26,PARTIAL_PUBLIC_PAYER,65000,S0,动态基线,0.0,0.0,0.0,10000
26,PARTIAL_PUBLIC_PAYER,65000,S1,健康宣教,0.0,0.0,192517376754.8784,10000
26,PARTIAL_PUBLIC_PAYER,65000,S2,社区健身,0.0001,9.999499987499375e-05,561463221708.1302,10000
26,PARTIAL_PUBLIC_PAYER,65000,S3,公共健身设施,0.0067,0.0008157885755512883,874535488585.077,10000
26,PARTIAL_PUBLIC_PAYER,65000,S4,体卫融合,0.0118,0.0010798499895818862,973356193349.9772,10000
26,PARTIAL_PUBLIC_PAYER,65000,S5,智慧健身,0.0001,9.999499987499375e-05,471613514355.438,10000
26,PARTIAL_PUBLIC_PAYER,65000,S6,综合政策,0.9813,0.001354633160674876,1972940761583.0264,10000
26,PARTIAL_PUBLIC_PAYER,67500,S0,动态基线,0.0,0.0,0.0,10000
26,PARTIAL_PUBLIC_PAYER,67500,S1,健康宣教,0.0,0.0,199878040528.8282,10000
26,PARTIAL_PUBLIC_PAYER,67500,S2,社区健身,0.0001,9.999499987499375e-05,583633597459.3846,10000
26,PARTIAL_PUBLIC_PAYER,67500,S3,公共健身设施,0.0066,0.0008097184695929814,907802055533.81,10000
26,PARTIAL_PUBLIC_PAYER,67500,S4,体卫融合,0.0117,0.0010753190224300879,1010267844125.194,10000
26,PARTIAL_PUBLIC_PAYER,67500,S5,智慧健身,0.0001,9.999499987499375e-05,489463607468.4132,10000
26,PARTIAL_PUBLIC_PAYER,67500,S6,综合政策,0.9815,0.0013475069573104237,2048969746574.1455,10000
26,PARTIAL_PUBLIC_PAYER,70000,S0,动态基线,0.0,0.0,0.0,10000
26,PARTIAL_PUBLIC_PAYER,70000,S1,健康宣教,0.0,0.0,207238704302.77795,10000
26,PARTIAL_PUBLIC_PAYER,70000,S2,社区健身,0.0001,9.999499987499375e-05,605803973210.639,10000
26,PARTIAL_PUBLIC_PAYER,70000,S3,公共健身设施,0.0066,0.0008097184695929814,941068622482.543,10000
26,PARTIAL_PUBLIC_PAYER,70000,S4,体卫融合,0.0115,0.0010661965109678422,1047179494900.4108,10000
26,PARTIAL_PUBLIC_PAYER,70000,S5,智慧健身,0.0001,9.999499987499375e-05,507313700581.3885,10000
26,PARTIAL_PUBLIC_PAYER,70000,S6,综合政策,0.9817,0.0013403398822686723,2124998731565.2651,10000
26,PARTIAL_PUBLIC_PAYER,72500,S0,动态基线,0.0,0.0,0.0,10000
26,PARTIAL_PUBLIC_PAYER,72500,S1,健康宣教,0.0,0.0,214599368076.72775,10000
26,PARTIAL_PUBLIC_PAYER,72500,S2,社区健身,0.0001,9.999499987499375e-05,627974348961.8934,10000
26,PARTIAL_PUBLIC_PAYER,72500,S3,公共健身设施,0.0065,0.0008036012692872006,974335189431.2756,10000
26,PARTIAL_PUBLIC_PAYER,72500,S4,体卫融合,0.0114,0.001061604446109755,1084091145675.6276,10000
26,PARTIAL_PUBLIC_PAYER,72500,S5,智慧健身,0.0001,9.999499987499375e-05,525163793694.3637,10000
26,PARTIAL_PUBLIC_PAYER,72500,S6,综合政策,0.9819,0.0013331312763565336,2201027716556.385,10000
26,PARTIAL_PUBLIC_PAYER,75000,S0,动态基线,0.0,0.0,0.0,10000
26,PARTIAL_PUBLIC_PAYER,75000,S1,健康宣教,0.0,0.0,221960031850.67752,10000
26,PARTIAL_PUBLIC_PAYER,75000,S2,社区健身,0.0001,9.999499987499375e-05,650144724713.1478,10000
26,PARTIAL_PUBLIC_PAYER,75000,S3,公共健身设施,0.0064,0.0007974358908401352,1007601756380.0088,10000
26,PARTIAL_PUBLIC_PAYER,75000,S4,体卫融合,0.0112,0.0010523573537539422,1121002796450.8445,10000
26,PARTIAL_PUBLIC_PAYER,75000,S5,智慧健身,0.0001,9.999499987499375e-05,543013886807.3388,10000
26,PARTIAL_PUBLIC_PAYER,75000,S6,综合政策,0.9822,0.0013222390101642,2277056701547.505,10000
26,PARTIAL_PUBLIC_PAYER,77500,S0,动态基线,0.0,0.0,0.0,10000
26,PARTIAL_PUBLIC_PAYER,77500,S1,健康宣教,0.0,0.0,229320695624.6273,10000
26,PARTIAL_PUBLIC_PAYER,77500,S2,社区健身,0.0001,9.999499987499375e-05,672315100464.4022,10000
26,PARTIAL_PUBLIC_PAYER,77500,S3,公共健身设施,0.0064,0.0007974358908401352,1040868323328.7416,10000
26,PARTIAL_PUBLIC_PAYER,77500,S4,体卫融合,0.0111,0.0010477017705435073,1157914447226.0613,10000
26,PARTIAL_PUBLIC_PAYER,77500,S5,智慧健身,0.0001,9.999499987499375e-05,560863979920.3141,10000
26,PARTIAL_PUBLIC_PAYER,77500,S6,综合政策,0.9823,0.0013185867434492146,2353085686538.6245,10000
26,PARTIAL_PUBLIC_PAYER,80000,S0,动态基线,0.0,0.0,0.0,10000
26,PARTIAL_PUBLIC_PAYER,80000,S1,健康宣教,0.0,0.0,236681359398.5771,10000
26,PARTIAL_PUBLIC_PAYER,80000,S2,社区健身,0.0001,9.999499987499375e-05,694485476215.6566,10000
26,PARTIAL_PUBLIC_PAYER,80000,S3,公共健身设施,0.0064,0.0007974358908401352,1074134890277.4746,10000
26,PARTIAL_PUBLIC_PAYER,80000,S4,体卫融合,0.011,0.0010430244484191155,1194826098001.2783,10000
26,PARTIAL_PUBLIC_PAYER,80000,S5,智慧健身,0.0001,9.999499987499375e-05,578714073033.2893,10000
26,PARTIAL_PUBLIC_PAYER,80000,S6,综合政策,0.9824,0.0013149235719234769,2429114671529.744,10000
26,PARTIAL_PUBLIC_PAYER,82500,S0,动态基线,0.0,0.0,0.0,10000
26,PARTIAL_PUBLIC_PAYER,82500,S1,健康宣教,0.0,0.0,244042023172.5269,10000
26,PARTIAL_PUBLIC_PAYER,82500,S2,社区健身,0.0001,9.999499987499375e-05,716655851966.911,10000
26,PARTIAL_PUBLIC_PAYER,82500,S3,公共健身设施,0.0062,0.0007849560497250785,1107401457226.2075,10000
26,PARTIAL_PUBLIC_PAYER,82500,S4,体卫融合,0.011,0.0010430244484191155,1231737748776.495,10000
26,PARTIAL_PUBLIC_PAYER,82500,S5,智慧健身,0.0001,9.999499987499375e-05,596564166146.2646,10000
26,PARTIAL_PUBLIC_PAYER,82500,S6,综合政策,0.9826,0.001307564147565999,2505143656520.8633,10000
26,PARTIAL_PUBLIC_PAYER,85000,S0,动态基线,0.0,0.0,0.0,10000
26,PARTIAL_PUBLIC_PAYER,85000,S1,健康宣教,0.0,0.0,251402686946.47665,10000
26,PARTIAL_PUBLIC_PAYER,85000,S2,社区健身,0.0001,9.999499987499375e-05,738826227718.1654,10000
26,PARTIAL_PUBLIC_PAYER,85000,S3,公共健身设施,0.0062,0.0007849560497250785,1140668024174.9404,10000
26,PARTIAL_PUBLIC_PAYER,85000,S4,体卫融合,0.011,0.0010430244484191155,1268649399551.712,10000
26,PARTIAL_PUBLIC_PAYER,85000,S5,智慧健身,0.0001,9.999499987499375e-05,614414259259.2397,10000
26,PARTIAL_PUBLIC_PAYER,85000,S6,综合政策,0.9826,0.001307564147565999,2581172641511.9834,10000
26,PARTIAL_PUBLIC_PAYER,87500,S0,动态基线,0.0,0.0,0.0,10000
26,PARTIAL_PUBLIC_PAYER,87500,S1,健康宣教,0.0,0.0,258763350720.4264,10000
26,PARTIAL_PUBLIC_PAYER,87500,S2,社区健身,0.0001,9.999499987499375e-05,760996603469.4198,10000
26,PARTIAL_PUBLIC_PAYER,87500,S3,公共健身设施,0.0062,0.0007849560497250785,1173934591123.6733,10000
26,PARTIAL_PUBLIC_PAYER,87500,S4,体卫融合,0.011,0.0010430244484191155,1305561050326.9287,10000
26,PARTIAL_PUBLIC_PAYER,87500,S5,智慧健身,0.0001,9.999499987499375e-05,632264352372.215,10000
26,PARTIAL_PUBLIC_PAYER,87500,S6,综合政策,0.9826,0.001307564147565999,2657201626503.103,10000
26,PARTIAL_PUBLIC_PAYER,90000,S0,动态基线,0.0,0.0,0.0,10000
26,PARTIAL_PUBLIC_PAYER,90000,S1,健康宣教,0.0,0.0,266124014494.3762,10000
26,PARTIAL_PUBLIC_PAYER,90000,S2,社区健身,0.0001,9.999499987499375e-05,783166979220.6742,10000
26,PARTIAL_PUBLIC_PAYER,90000,S3,公共健身设施,0.0062,0.0007849560497250785,1207201158072.4065,10000
26,PARTIAL_PUBLIC_PAYER,90000,S4,体卫融合,0.0109,0.0010383250936002654,1342472701102.1455,10000
26,PARTIAL_PUBLIC_PAYER,90000,S5,智慧健身,0.0001,9.999499987499375e-05,650114445485.1902,10000
26,PARTIAL_PUBLIC_PAYER,90000,S6,综合政策,0.9827,0.0013038677080133545,2733230611494.222,10000
26,PARTIAL_PUBLIC_PAYER,92500,S0,动态基线,0.0,0.0,0.0,10000
26,PARTIAL_PUBLIC_PAYER,92500,S1,健康宣教,0.0,0.0,273484678268.326,10000
26,PARTIAL_PUBLIC_PAYER,92500,S2,社区健身,0.0001,9.999499987499375e-05,805337354971.9285,10000
26,PARTIAL_PUBLIC_PAYER,92500,S3,公共健身设施,0.0061,0.0007786391975748459,1240467725021.1392,10000
26,PARTIAL_PUBLIC_PAYER,92500,S4,体卫融合,0.0108,0.0010336034055671449,1379384351877.3623,10000
26,PARTIAL_PUBLIC_PAYER,92500,S5,智慧健身,0.0001,9.999499987499375e-05,667964538598.1655,10000
26,PARTIAL_PUBLIC_PAYER,92500,S6,综合政策,0.9829,0.00129644089722594,2809259596485.342,10000
26,PARTIAL_PUBLIC_PAYER,95000,S0,动态基线,0.0,0.0,0.0,10000
26,PARTIAL_PUBLIC_PAYER,95000,S1,健康宣教,0.0,0.0,280845342042.2758,10000
26,PARTIAL_PUBLIC_PAYER,95000,S2,社区健身,0.0001,9.999499987499375e-05,827507730723.183,10000
26,PARTIAL_PUBLIC_PAYER,95000,S3,公共健身设施,0.0061,0.0007786391975748459,1273734291969.8723,10000
26,PARTIAL_PUBLIC_PAYER,95000,S4,体卫融合,0.0108,0.0010336034055671449,1416296002652.579,10000
26,PARTIAL_PUBLIC_PAYER,95000,S5,智慧健身,0.0001,9.999499987499375e-05,685814631711.1407,10000
26,PARTIAL_PUBLIC_PAYER,95000,S6,综合政策,0.9829,0.00129644089722594,2885288581476.4614,10000
26,PARTIAL_PUBLIC_PAYER,97500,S0,动态基线,0.0,0.0,0.0,10000
26,PARTIAL_PUBLIC_PAYER,97500,S1,健康宣教,0.0,0.0,288206005816.2255,10000
26,PARTIAL_PUBLIC_PAYER,97500,S2,社区健身,0.0001,9.999499987499375e-05,849678106474.4374,10000
26,PARTIAL_PUBLIC_PAYER,97500,S3,公共健身设施,0.0061,0.0007786391975748459,1307000858918.6052,10000
26,PARTIAL_PUBLIC_PAYER,97500,S4,体卫融合,0.0108,0.0010336034055671449,1453207653427.796,10000
26,PARTIAL_PUBLIC_PAYER,97500,S5,智慧健身,0.0001,9.999499987499375e-05,703664724824.116,10000
26,PARTIAL_PUBLIC_PAYER,97500,S6,综合政策,0.9829,0.00129644089722594,2961317566467.5815,10000
26,PARTIAL_PUBLIC_PAYER,100000,S0,动态基线,0.0,0.0,0.0,10000
26,PARTIAL_PUBLIC_PAYER,100000,S1,健康宣教,0.0,0.0,295566669590.17535,10000
26,PARTIAL_PUBLIC_PAYER,100000,S2,社区健身,0.0001,9.999499987499375e-05,871848482225.6918,10000
26,PARTIAL_PUBLIC_PAYER,100000,S3,公共健身设施,0.006,0.0007722693830523129,1340267425867.338,10000
26,PARTIAL_PUBLIC_PAYER,100000,S4,体卫融合,0.0105,0.0010193012312363799,1490119304203.0127,10000
26,PARTIAL_PUBLIC_PAYER,100000,S5,智慧健身,0.0001,9.999499987499375e-05,721514817937.0912,10000
26,PARTIAL_PUBLIC_PAYER,100000,S6,综合政策,0.9833,0.0012814487894566855,3037346551458.7007,10000
26,PARTIAL_PUBLIC_PAYER,102500,S0,动态基线,0.0,0.0,0.0,10000
26,PARTIAL_PUBLIC_PAYER,102500,S1,健康宣教,0.0,0.0,302927333364.1251,10000
26,PARTIAL_PUBLIC_PAYER,102500,S2,社区健身,0.0001,9.999499987499375e-05,894018857976.9462,10000
26,PARTIAL_PUBLIC_PAYER,102500,S3,公共健身设施,0.0059,0.000765845284636525,1373533992816.0708,10000
26,PARTIAL_PUBLIC_PAYER,102500,S4,体卫融合,0.0105,0.0010193012312363799,1527030954978.23,10000
26,PARTIAL_PUBLIC_PAYER,102500,S5,智慧健身,0.0001,9.999499987499375e-05,739364911050.0664,10000
26,PARTIAL_PUBLIC_PAYER,102500,S6,综合政策,0.9834,0.0012776713192366787,3113375536449.8203,10000
26,PARTIAL_PUBLIC_PAYER,105000,S0,动态基线,0.0,0.0,0.0,10000
26,PARTIAL_PUBLIC_PAYER,105000,S1,健康宣教,0.0,0.0,310287997138.0749,10000
26,PARTIAL_PUBLIC_PAYER,105000,S2,社区健身,0.0001,9.999499987499375e-05,916189233728.2006,10000
26,PARTIAL_PUBLIC_PAYER,105000,S3,公共健身设施,0.0059,0.000765845284636525,1406800559764.804,10000
26,PARTIAL_PUBLIC_PAYER,105000,S4,体卫融合,0.0105,0.0010193012312363799,1563942605753.4465,10000
26,PARTIAL_PUBLIC_PAYER,105000,S5,智慧健身,0.0001,9.999499987499375e-05,757215004163.0416,10000
26,PARTIAL_PUBLIC_PAYER,105000,S6,综合政策,0.9834,0.0012776713192366787,3189404521440.94,10000
26,PARTIAL_PUBLIC_PAYER,107500,S0,动态基线,0.0,0.0,0.0,10000
26,PARTIAL_PUBLIC_PAYER,107500,S1,健康宣教,0.0,0.0,317648660912.0247,10000
26,PARTIAL_PUBLIC_PAYER,107500,S2,社区健身,0.0001,9.999499987499375e-05,938359609479.4548,10000
26,PARTIAL_PUBLIC_PAYER,107500,S3,公共健身设施,0.0059,0.000765845284636525,1440067126713.5369,10000
26,PARTIAL_PUBLIC_PAYER,107500,S4,体卫融合,0.0105,0.0010193012312363799,1600854256528.6633,10000
26,PARTIAL_PUBLIC_PAYER,107500,S5,智慧健身,0.0001,9.999499987499375e-05,775065097276.0168,10000
26,PARTIAL_PUBLIC_PAYER,107500,S6,综合政策,0.9834,0.0012776713192366787,3265433506432.06,10000
26,PARTIAL_PUBLIC_PAYER,110000,S0,动态基线,0.0,0.0,0.0,10000
26,PARTIAL_PUBLIC_PAYER,110000,S1,健康宣教,0.0,0.0,325009324685.9745,10000
26,PARTIAL_PUBLIC_PAYER,110000,S2,社区健身,0.0001,9.999499987499375e-05,960529985230.7092,10000
26,PARTIAL_PUBLIC_PAYER,110000,S3,公共健身设施,0.0059,0.000765845284636525,1473333693662.2698,10000
26,PARTIAL_PUBLIC_PAYER,110000,S4,体卫融合,0.0105,0.0010193012312363799,1637765907303.8801,10000
26,PARTIAL_PUBLIC_PAYER,110000,S5,智慧健身,0.0001,9.999499987499375e-05,792915190388.9921,10000
26,PARTIAL_PUBLIC_PAYER,110000,S6,综合政策,0.9834,0.0012776713192366787,3341462491423.179,10000
26,PARTIAL_PUBLIC_PAYER,112500,S0,动态基线,0.0,0.0,0.0,10000
26,PARTIAL_PUBLIC_PAYER,112500,S1,健康宣教,0.0,0.0,332369988459.92426,10000
26,PARTIAL_PUBLIC_PAYER,112500,S2,社区健身,0.0001,9.999499987499375e-05,982700360981.9636,10000
26,PARTIAL_PUBLIC_PAYER,112500,S3,公共健身设施,0.0059,0.000765845284636525,1506600260611.0027,10000
26,PARTIAL_PUBLIC_PAYER,112500,S4,体卫融合,0.0105,0.0010193012312363799,1674677558079.0972,10000
26,PARTIAL_PUBLIC_PAYER,112500,S5,智慧健身,0.0001,9.999499987499375e-05,810765283501.9673,10000
26,PARTIAL_PUBLIC_PAYER,112500,S6,综合政策,0.9834,0.0012776713192366787,3417491476414.2993,10000
26,PARTIAL_PUBLIC_PAYER,115000,S0,动态基线,0.0,0.0,0.0,10000
26,PARTIAL_PUBLIC_PAYER,115000,S1,健康宣教,0.0,0.0,339730652233.874,10000
26,PARTIAL_PUBLIC_PAYER,115000,S2,社区健身,0.0001,9.999499987499375e-05,1004870736733.2181,10000
26,PARTIAL_PUBLIC_PAYER,115000,S3,公共健身设施,0.0059,0.000765845284636525,1539866827559.7356,10000
26,PARTIAL_PUBLIC_PAYER,115000,S4,体卫融合,0.0105,0.0010193012312363799,1711589208854.314,10000
26,PARTIAL_PUBLIC_PAYER,115000,S5,智慧健身,0.0001,9.999499987499375e-05,828615376614.9425,10000
26,PARTIAL_PUBLIC_PAYER,115000,S6,综合政策,0.9834,0.0012776713192366787,3493520461405.4185,10000
26,PARTIAL_PUBLIC_PAYER,117500,S0,动态基线,0.0,0.0,0.0,10000
26,PARTIAL_PUBLIC_PAYER,117500,S1,健康宣教,0.0,0.0,347091316007.8238,10000
26,PARTIAL_PUBLIC_PAYER,117500,S2,社区健身,0.0001,9.999499987499375e-05,1027041112484.4727,10000
26,PARTIAL_PUBLIC_PAYER,117500,S3,公共健身设施,0.0059,0.000765845284636525,1573133394508.4685,10000
26,PARTIAL_PUBLIC_PAYER,117500,S4,体卫融合,0.0105,0.0010193012312363799,1748500859629.5308,10000
26,PARTIAL_PUBLIC_PAYER,117500,S5,智慧健身,0.0001,9.999499987499375e-05,846465469727.9177,10000
26,PARTIAL_PUBLIC_PAYER,117500,S6,综合政策,0.9834,0.0012776713192366787,3569549446396.5386,10000
26,PARTIAL_PUBLIC_PAYER,120000,S0,动态基线,0.0,0.0,0.0,10000
26,PARTIAL_PUBLIC_PAYER,120000,S1,健康宣教,0.0,0.0,354451979781.7736,10000
26,PARTIAL_PUBLIC_PAYER,120000,S2,社区健身,0.0001,9.999499987499375e-05,1049211488235.7268,10000
26,PARTIAL_PUBLIC_PAYER,120000,S3,公共健身设施,0.0058,0.0007593655246322419,1606399961457.2014,10000
26,PARTIAL_PUBLIC_PAYER,120000,S4,体卫融合,0.0104,0.0010144870625099168,1785412510404.7478,10000
26,PARTIAL_PUBLIC_PAYER,120000,S5,智慧健身,0.0001,9.999499987499375e-05,864315562840.893,10000
26,PARTIAL_PUBLIC_PAYER,120000,S6,综合政策,0.9836,0.0012700803124212252,3645578431387.6577,10000
26,PARTIAL_PUBLIC_PAYER,122500,S0,动态基线,0.0,0.0,0.0,10000
26,PARTIAL_PUBLIC_PAYER,122500,S1,健康宣教,0.0,0.0,361812643555.7234,10000
26,PARTIAL_PUBLIC_PAYER,122500,S2,社区健身,0.0001,9.999499987499375e-05,1071381863986.9812,10000
26,PARTIAL_PUBLIC_PAYER,122500,S3,公共健身设施,0.0058,0.0007593655246322419,1639666528405.9343,10000
26,PARTIAL_PUBLIC_PAYER,122500,S4,体卫融合,0.0104,0.0010144870625099168,1822324161179.9644,10000
26,PARTIAL_PUBLIC_PAYER,122500,S5,智慧健身,0.0001,9.999499987499375e-05,882165655953.8682,10000
26,PARTIAL_PUBLIC_PAYER,122500,S6,综合政策,0.9836,0.0012700803124212252,3721607416378.778,10000
26,PARTIAL_PUBLIC_PAYER,125000,S0,动态基线,0.0,0.0,0.0,10000
26,PARTIAL_PUBLIC_PAYER,125000,S1,健康宣教,0.0,0.0,369173307329.67316,10000
26,PARTIAL_PUBLIC_PAYER,125000,S2,社区健身,0.0001,9.999499987499375e-05,1093552239738.2356,10000
26,PARTIAL_PUBLIC_PAYER,125000,S3,公共健身设施,0.0058,0.0007593655246322419,1672933095354.6672,10000
26,PARTIAL_PUBLIC_PAYER,125000,S4,体卫融合,0.0104,0.0010144870625099168,1859235811955.1812,10000
26,PARTIAL_PUBLIC_PAYER,125000,S5,智慧健身,0.0001,9.999499987499375e-05,900015749066.8435,10000
26,PARTIAL_PUBLIC_PAYER,125000,S6,综合政策,0.9836,0.0012700803124212252,3797636401369.897,10000
26,PARTIAL_PUBLIC_PAYER,127500,S0,动态基线,0.0,0.0,0.0,10000
26,PARTIAL_PUBLIC_PAYER,127500,S1,健康宣教,0.0,0.0,376533971103.6229,10000
26,PARTIAL_PUBLIC_PAYER,127500,S2,社区健身,0.0001,9.999499987499375e-05,1115722615489.49,10000
26,PARTIAL_PUBLIC_PAYER,127500,S3,公共健身设施,0.0058,0.0007593655246322419,1706199662303.4,10000
26,PARTIAL_PUBLIC_PAYER,127500,S4,体卫融合,0.0104,0.0010144870625099168,1896147462730.3984,10000
26,PARTIAL_PUBLIC_PAYER,127500,S5,智慧健身,0.0001,9.999499987499375e-05,917865842179.8188,10000
26,PARTIAL_PUBLIC_PAYER,127500,S6,综合政策,0.9836,0.0012700803124212252,3873665386361.0166,10000
26,PARTIAL_PUBLIC_PAYER,130000,S0,动态基线,0.0,0.0,0.0,10000
26,PARTIAL_PUBLIC_PAYER,130000,S1,健康宣教,0.0,0.0,383894634877.5727,10000
26,PARTIAL_PUBLIC_PAYER,130000,S2,社区健身,0.0001,9.999499987499375e-05,1137892991240.7444,10000
26,PARTIAL_PUBLIC_PAYER,130000,S3,公共健身设施,0.0056,0.0007462332075162562,1739466229252.133,10000
26,PARTIAL_PUBLIC_PAYER,130000,S4,体卫融合,0.0104,0.0010144870625099168,1933059113505.6152,10000
26,PARTIAL_PUBLIC_PAYER,130000,S5,智慧健身,0.0001,9.999499987499375e-05,935715935292.794,10000
26,PARTIAL_PUBLIC_PAYER,130000,S6,综合政策,0.9838,0.001262440493647126,3949694371352.136,10000
26,PARTIAL_PUBLIC_PAYER,132500,S0,动态基线,0.0,0.0,0.0,10000
26,PARTIAL_PUBLIC_PAYER,132500,S1,健康宣教,0.0,0.0,391255298651.5225,10000
26,PARTIAL_PUBLIC_PAYER,132500,S2,社区健身,0.0001,9.999499987499375e-05,1160063366991.999,10000
26,PARTIAL_PUBLIC_PAYER,132500,S3,公共健身设施,0.0056,0.0007462332075162562,1772732796200.866,10000
26,PARTIAL_PUBLIC_PAYER,132500,S4,体卫融合,0.0104,0.0010144870625099168,1969970764280.832,10000
26,PARTIAL_PUBLIC_PAYER,132500,S5,智慧健身,0.0001,9.999499987499375e-05,953566028405.7692,10000
26,PARTIAL_PUBLIC_PAYER,132500,S6,综合政策,0.9838,0.001262440493647126,4025723356343.256,10000
26,PARTIAL_PUBLIC_PAYER,135000,S0,动态基线,0.0,0.0,0.0,10000
26,PARTIAL_PUBLIC_PAYER,135000,S1,健康宣教,0.0,0.0,398615962425.4723,10000
26,PARTIAL_PUBLIC_PAYER,135000,S2,社区健身,0.0001,9.999499987499375e-05,1182233742743.2532,10000
26,PARTIAL_PUBLIC_PAYER,135000,S3,公共健身设施,0.0056,0.0007462332075162562,1805999363149.599,10000
26,PARTIAL_PUBLIC_PAYER,135000,S4,体卫融合,0.0104,0.0010144870625099168,2006882415056.0488,10000
26,PARTIAL_PUBLIC_PAYER,135000,S5,智慧健身,0.0001,9.999499987499375e-05,971416121518.7444,10000
26,PARTIAL_PUBLIC_PAYER,135000,S6,综合政策,0.9838,0.001262440493647126,4101752341334.376,10000
26,PARTIAL_PUBLIC_PAYER,137500,S0,动态基线,0.0,0.0,0.0,10000
26,PARTIAL_PUBLIC_PAYER,137500,S1,健康宣教,0.0,0.0,405976626199.422,10000
26,PARTIAL_PUBLIC_PAYER,137500,S2,社区健身,0.0001,9.999499987499375e-05,1204404118494.5076,10000
26,PARTIAL_PUBLIC_PAYER,137500,S3,公共健身设施,0.0056,0.0007462332075162562,1839265930098.332,10000
26,PARTIAL_PUBLIC_PAYER,137500,S4,体卫融合,0.0104,0.0010144870625099168,2043794065831.2656,10000
26,PARTIAL_PUBLIC_PAYER,137500,S5,智慧健身,0.0001,9.999499987499375e-05,989266214631.7196,10000
26,PARTIAL_PUBLIC_PAYER,137500,S6,综合政策,0.9838,0.001262440493647126,4177781326325.4946,10000
26,PARTIAL_PUBLIC_PAYER,140000,S0,动态基线,0.0,0.0,0.0,10000
26,PARTIAL_PUBLIC_PAYER,140000,S1,健康宣教,0.0,0.0,413337289973.3718,10000
26,PARTIAL_PUBLIC_PAYER,140000,S2,社区健身,0.0001,9.999499987499375e-05,1226574494245.762,10000
26,PARTIAL_PUBLIC_PAYER,140000,S3,公共健身设施,0.0055,0.0007395775821372629,1872532497047.0647,10000
26,PARTIAL_PUBLIC_PAYER,140000,S4,体卫融合,0.0104,0.0010144870625099168,2080705716606.4824,10000
26,PARTIAL_PUBLIC_PAYER,140000,S5,智慧健身,0.0001,9.999499987499375e-05,1007116307744.6948,10000
26,PARTIAL_PUBLIC_PAYER,140000,S6,综合政策,0.9839,0.0012586020022231016,4253810311316.6143,10000
26,PARTIAL_PUBLIC_PAYER,142500,S0,动态基线,0.0,0.0,0.0,10000
26,PARTIAL_PUBLIC_PAYER,142500,S1,健康宣教,0.0,0.0,420697953747.3216,10000
26,PARTIAL_PUBLIC_PAYER,142500,S2,社区健身,0.0001,9.999499987499375e-05,1248744869997.0164,10000
26,PARTIAL_PUBLIC_PAYER,142500,S3,公共健身设施,0.0055,0.0007395775821372629,1905799063995.7976,10000
26,PARTIAL_PUBLIC_PAYER,142500,S4,体卫融合,0.0104,0.0010144870625099168,2117617367381.6992,10000
26,PARTIAL_PUBLIC_PAYER,142500,S5,智慧健身,0.0001,9.999499987499375e-05,1024966400857.6702,10000
26,PARTIAL_PUBLIC_PAYER,142500,S6,综合政策,0.9839,0.0012586020022231016,4329839296307.7344,10000
26,PARTIAL_PUBLIC_PAYER,145000,S0,动态基线,0.0,0.0,0.0,10000
26,PARTIAL_PUBLIC_PAYER,145000,S1,健康宣教,0.0,0.0,428058617521.2714,10000
26,PARTIAL_PUBLIC_PAYER,145000,S2,社区健身,0.0001,9.999499987499375e-05,1270915245748.2708,10000
26,PARTIAL_PUBLIC_PAYER,145000,S3,公共健身设施,0.0055,0.0007395775821372629,1939065630944.5305,10000
26,PARTIAL_PUBLIC_PAYER,145000,S4,体卫融合,0.0104,0.0010144870625099168,2154529018156.916,10000
26,PARTIAL_PUBLIC_PAYER,145000,S5,智慧健身,0.0001,9.999499987499375e-05,1042816493970.6454,10000
26,PARTIAL_PUBLIC_PAYER,145000,S6,综合政策,0.9839,0.0012586020022231016,4405868281298.8545,10000
26,PARTIAL_PUBLIC_PAYER,147500,S0,动态基线,0.0,0.0,0.0,10000
26,PARTIAL_PUBLIC_PAYER,147500,S1,健康宣教,0.0,0.0,435419281295.2212,10000
26,PARTIAL_PUBLIC_PAYER,147500,S2,社区健身,0.0001,9.999499987499375e-05,1293085621499.5251,10000
26,PARTIAL_PUBLIC_PAYER,147500,S3,公共健身设施,0.0055,0.0007395775821372629,1972332197893.2632,10000
26,PARTIAL_PUBLIC_PAYER,147500,S4,体卫融合,0.0104,0.0010144870625099168,2191440668932.1333,10000
26,PARTIAL_PUBLIC_PAYER,147500,S5,智慧健身,0.0001,9.999499987499375e-05,1060666587083.6204,10000
26,PARTIAL_PUBLIC_PAYER,147500,S6,综合政策,0.9839,0.0012586020022231016,4481897266289.974,10000
26,PARTIAL_PUBLIC_PAYER,150000,S0,动态基线,0.0,0.0,0.0,10000
26,PARTIAL_PUBLIC_PAYER,150000,S1,健康宣教,0.0,0.0,442779945069.171,10000
26,PARTIAL_PUBLIC_PAYER,150000,S2,社区健身,0.0001,9.999499987499375e-05,1315255997250.7795,10000
26,PARTIAL_PUBLIC_PAYER,150000,S3,公共健身设施,0.0055,0.0007395775821372629,2005598764841.9963,10000
26,PARTIAL_PUBLIC_PAYER,150000,S4,体卫融合,0.0104,0.0010144870625099168,2228352319707.35,10000
26,PARTIAL_PUBLIC_PAYER,150000,S5,智慧健身,0.0001,9.999499987499375e-05,1078516680196.5958,10000
26,PARTIAL_PUBLIC_PAYER,150000,S6,综合政策,0.9839,0.0012586020022231016,4557926251281.093,10000
26,PARTIAL_PUBLIC_PAYER,152500,S0,动态基线,0.0,0.0,0.0,10000
26,PARTIAL_PUBLIC_PAYER,152500,S1,健康宣教,0.0,0.0,450140608843.1207,10000
26,PARTIAL_PUBLIC_PAYER,152500,S2,社区健身,0.0001,9.999499987499375e-05,1337426373002.034,10000
26,PARTIAL_PUBLIC_PAYER,152500,S3,公共健身设施,0.0055,0.0007395775821372629,2038865331790.7295,10000
26,PARTIAL_PUBLIC_PAYER,152500,S4,体卫融合,0.0104,0.0010144870625099168,2265263970482.5664,10000
26,PARTIAL_PUBLIC_PAYER,152500,S5,智慧健身,0.0001,9.999499987499375e-05,1096366773309.571,10000
26,PARTIAL_PUBLIC_PAYER,152500,S6,综合政策,0.9839,0.0012586020022231016,4633955236272.213,10000
26,PARTIAL_PUBLIC_PAYER,155000,S0,动态基线,0.0,0.0,0.0,10000
26,PARTIAL_PUBLIC_PAYER,155000,S1,健康宣教,0.0,0.0,457501272617.0706,10000
26,PARTIAL_PUBLIC_PAYER,155000,S2,社区健身,0.0001,9.999499987499375e-05,1359596748753.2883,10000
26,PARTIAL_PUBLIC_PAYER,155000,S3,公共健身设施,0.0055,0.0007395775821372629,2072131898739.4624,10000
26,PARTIAL_PUBLIC_PAYER,155000,S4,体卫融合,0.0103,0.0010096489488926337,2302175621257.7837,10000
26,PARTIAL_PUBLIC_PAYER,155000,S5,智慧健身,0.0001,9.999499987499375e-05,1114216866422.5461,10000
26,PARTIAL_PUBLIC_PAYER,155000,S6,综合政策,0.984,0.0012547509713086503,4709984221263.333,10000
26,PARTIAL_PUBLIC_PAYER,157500,S0,动态基线,0.0,0.0,0.0,10000
26,PARTIAL_PUBLIC_PAYER,157500,S1,健康宣教,0.0,0.0,464861936391.0203,10000
26,PARTIAL_PUBLIC_PAYER,157500,S2,社区健身,0.0001,9.999499987499375e-05,1381767124504.5427,10000
26,PARTIAL_PUBLIC_PAYER,157500,S3,公共健身设施,0.0055,0.0007395775821372629,2105398465688.1953,10000
26,PARTIAL_PUBLIC_PAYER,157500,S4,体卫融合,0.0102,0.0010047865444958945,2339087272033.0,10000
26,PARTIAL_PUBLIC_PAYER,157500,S5,智慧健身,0.0001,9.999499987499375e-05,1132066959535.5215,10000
26,PARTIAL_PUBLIC_PAYER,157500,S6,综合政策,0.9841,0.0012508872850900687,4786013206254.452,10000
26,PARTIAL_PUBLIC_PAYER,160000,S0,动态基线,0.0,0.0,0.0,10000
26,PARTIAL_PUBLIC_PAYER,160000,S1,健康宣教,0.0,0.0,472222600164.9701,10000
26,PARTIAL_PUBLIC_PAYER,160000,S2,社区健身,0.0001,9.999499987499375e-05,1403937500255.797,10000
26,PARTIAL_PUBLIC_PAYER,160000,S3,公共健身设施,0.0055,0.0007395775821372629,2138665032636.928,10000
26,PARTIAL_PUBLIC_PAYER,160000,S4,体卫融合,0.0102,0.0010047865444958945,2375998922808.217,10000
26,PARTIAL_PUBLIC_PAYER,160000,S5,智慧健身,0.0001,9.999499987499375e-05,1149917052648.4968,10000
26,PARTIAL_PUBLIC_PAYER,160000,S6,综合政策,0.9841,0.0012508872850900687,4862042191245.571,10000
26,PARTIAL_PUBLIC_PAYER,162500,S0,动态基线,0.0,0.0,0.0,10000
26,PARTIAL_PUBLIC_PAYER,162500,S1,健康宣教,0.0,0.0,479583263938.9198,10000
26,PARTIAL_PUBLIC_PAYER,162500,S2,社区健身,0.0001,9.999499987499375e-05,1426107876007.0515,10000
26,PARTIAL_PUBLIC_PAYER,162500,S3,公共健身设施,0.0055,0.0007395775821372629,2171931599585.661,10000
26,PARTIAL_PUBLIC_PAYER,162500,S4,体卫融合,0.0102,0.0010047865444958945,2412910573583.4336,10000
26,PARTIAL_PUBLIC_PAYER,162500,S5,智慧健身,0.0001,9.999499987499375e-05,1167767145761.472,10000
26,PARTIAL_PUBLIC_PAYER,162500,S6,综合政策,0.9841,0.0012508872850900687,4938071176236.691,10000
26,PARTIAL_PUBLIC_PAYER,165000,S0,动态基线,0.0,0.0,0.0,10000
26,PARTIAL_PUBLIC_PAYER,165000,S1,健康宣教,0.0,0.0,486943927712.8696,10000
26,PARTIAL_PUBLIC_PAYER,165000,S2,社区健身,0.0001,9.999499987499375e-05,1448278251758.306,10000
26,PARTIAL_PUBLIC_PAYER,165000,S3,公共健身设施,0.0055,0.0007395775821372629,2205198166534.394,10000
26,PARTIAL_PUBLIC_PAYER,165000,S4,体卫融合,0.0102,0.0010047865444958945,2449822224358.6504,10000
26,PARTIAL_PUBLIC_PAYER,165000,S5,智慧健身,0.0001,9.999499987499375e-05,1185617238874.4473,10000
26,PARTIAL_PUBLIC_PAYER,165000,S6,综合政策,0.9841,0.0012508872850900687,5014100161227.812,10000
26,PARTIAL_PUBLIC_PAYER,167500,S0,动态基线,0.0,0.0,0.0,10000
26,PARTIAL_PUBLIC_PAYER,167500,S1,健康宣教,0.0,0.0,494304591486.8194,10000
26,PARTIAL_PUBLIC_PAYER,167500,S2,社区健身,0.0001,9.999499987499375e-05,1470448627509.5603,10000
26,PARTIAL_PUBLIC_PAYER,167500,S3,公共健身设施,0.0055,0.0007395775821372629,2238464733483.127,10000
26,PARTIAL_PUBLIC_PAYER,167500,S4,体卫融合,0.0102,0.0010047865444958945,2486733875133.8677,10000
26,PARTIAL_PUBLIC_PAYER,167500,S5,智慧健身,0.0001,9.999499987499375e-05,1203467331987.4224,10000
26,PARTIAL_PUBLIC_PAYER,167500,S6,综合政策,0.9841,0.0012508872850900687,5090129146218.932,10000
26,PARTIAL_PUBLIC_PAYER,170000,S0,动态基线,0.0,0.0,0.0,10000
26,PARTIAL_PUBLIC_PAYER,170000,S1,健康宣教,0.0,0.0,501665255260.7692,10000
26,PARTIAL_PUBLIC_PAYER,170000,S2,社区健身,0.0001,9.999499987499375e-05,1492619003260.8147,10000
26,PARTIAL_PUBLIC_PAYER,170000,S3,公共健身设施,0.0055,0.0007395775821372629,2271731300431.8594,10000
26,PARTIAL_PUBLIC_PAYER,170000,S4,体卫融合,0.0101,0.0009998994949493674,2523645525909.0845,10000
26,PARTIAL_PUBLIC_PAYER,170000,S5,智慧健身,0.0001,9.999499987499375e-05,1221317425100.3977,10000
26,PARTIAL_PUBLIC_PAYER,170000,S6,综合政策,0.9842,0.001247010825935366,5166158131210.051,10000
26,PARTIAL_PUBLIC_PAYER,172500,S0,动态基线,0.0,0.0,0.0,10000
26,PARTIAL_PUBLIC_PAYER,172500,S1,健康宣教,0.0,0.0,509025919034.719,10000
26,PARTIAL_PUBLIC_PAYER,172500,S2,社区健身,0.0001,9.999499987499375e-05,1514789379012.069,10000
26,PARTIAL_PUBLIC_PAYER,172500,S3,公共健身设施,0.0055,0.0007395775821372629,2304997867380.593,10000
26,PARTIAL_PUBLIC_PAYER,172500,S4,体卫融合,0.01,0.00099498743710662,2560557176684.3013,10000
26,PARTIAL_PUBLIC_PAYER,172500,S5,智慧健身,0.0001,9.999499987499375e-05,1239167518213.3728,10000
26,PARTIAL_PUBLIC_PAYER,172500,S6,综合政策,0.9843,0.0012431214743539765,5242187116201.17,10000
26,PARTIAL_PUBLIC_PAYER,175000,S0,动态基线,0.0,0.0,0.0,10000
26,PARTIAL_PUBLIC_PAYER,175000,S1,健康宣教,0.0,0.0,516386582808.6688,10000
26,PARTIAL_PUBLIC_PAYER,175000,S2,社区健身,0.0001,9.999499987499375e-05,1536959754763.3235,10000
26,PARTIAL_PUBLIC_PAYER,175000,S3,公共健身设施,0.0055,0.0007395775821372629,2338264434329.3257,10000
26,PARTIAL_PUBLIC_PAYER,175000,S4,体卫融合,0.01,0.00099498743710662,2597468827459.518,10000
26,PARTIAL_PUBLIC_PAYER,175000,S5,智慧健身,0.0001,9.999499987499375e-05,1257017611326.348,10000
26,PARTIAL_PUBLIC_PAYER,175000,S6,综合政策,0.9843,0.0012431214743539765,5318216101192.29,10000
26,PARTIAL_PUBLIC_PAYER,177500,S0,动态基线,0.0,0.0,0.0,10000
26,PARTIAL_PUBLIC_PAYER,177500,S1,健康宣教,0.0,0.0,523747246582.6186,10000
26,PARTIAL_PUBLIC_PAYER,177500,S2,社区健身,0.0001,9.999499987499375e-05,1559130130514.578,10000
26,PARTIAL_PUBLIC_PAYER,177500,S3,公共健身设施,0.0055,0.0007395775821372629,2371531001278.0586,10000
26,PARTIAL_PUBLIC_PAYER,177500,S4,体卫融合,0.01,0.00099498743710662,2634380478234.735,10000
26,PARTIAL_PUBLIC_PAYER,177500,S5,智慧健身,0.0001,9.999499987499375e-05,1274867704439.3232,10000
26,PARTIAL_PUBLIC_PAYER,177500,S6,综合政策,0.9843,0.0012431214743539765,5394245086183.408,10000
26,PARTIAL_PUBLIC_PAYER,180000,S0,动态基线,0.0,0.0,0.0,10000
26,PARTIAL_PUBLIC_PAYER,180000,S1,健康宣教,0.0,0.0,531107910356.5684,10000
26,PARTIAL_PUBLIC_PAYER,180000,S2,社区健身,0.0001,9.999499987499375e-05,1581300506265.8325,10000
26,PARTIAL_PUBLIC_PAYER,180000,S3,公共健身设施,0.0055,0.0007395775821372629,2404797568226.7915,10000
26,PARTIAL_PUBLIC_PAYER,180000,S4,体卫融合,0.01,0.00099498743710662,2671292129009.9517,10000
26,PARTIAL_PUBLIC_PAYER,180000,S5,智慧健身,0.0001,9.999499987499375e-05,1292717797552.2986,10000
26,PARTIAL_PUBLIC_PAYER,180000,S6,综合政策,0.9843,0.0012431214743539765,5470274071174.528,10000
26,PARTIAL_PUBLIC_PAYER,182500,S0,动态基线,0.0,0.0,0.0,10000
26,PARTIAL_PUBLIC_PAYER,182500,S1,健康宣教,0.0,0.0,538468574130.5182,10000
26,PARTIAL_PUBLIC_PAYER,182500,S2,社区健身,0.0001,9.999499987499375e-05,1603470882017.087,10000
26,PARTIAL_PUBLIC_PAYER,182500,S3,公共健身设施,0.0055,0.0007395775821372629,2438064135175.5244,10000
26,PARTIAL_PUBLIC_PAYER,182500,S4,体卫融合,0.01,0.00099498743710662,2708203779785.169,10000
26,PARTIAL_PUBLIC_PAYER,182500,S5,智慧健身,0.0001,9.999499987499375e-05,1310567890665.2737,10000
26,PARTIAL_PUBLIC_PAYER,182500,S6,综合政策,0.9843,0.0012431214743539765,5546303056165.648,10000
26,PARTIAL_PUBLIC_PAYER,185000,S0,动态基线,0.0,0.0,0.0,10000
26,PARTIAL_PUBLIC_PAYER,185000,S1,健康宣教,0.0,0.0,545829237904.4679,10000
26,PARTIAL_PUBLIC_PAYER,185000,S2,社区健身,0.0001,9.999499987499375e-05,1625641257768.3413,10000
26,PARTIAL_PUBLIC_PAYER,185000,S3,公共健身设施,0.0055,0.0007395775821372629,2471330702124.258,10000
26,PARTIAL_PUBLIC_PAYER,185000,S4,体卫融合,0.01,0.00099498743710662,2745115430560.3857,10000
26,PARTIAL_PUBLIC_PAYER,185000,S5,智慧健身,0.0001,9.999499987499375e-05,1328417983778.249,10000
26,PARTIAL_PUBLIC_PAYER,185000,S6,综合政策,0.9843,0.0012431214743539765,5622332041156.768,10000
26,PARTIAL_PUBLIC_PAYER,187500,S0,动态基线,0.0,0.0,0.0,10000
26,PARTIAL_PUBLIC_PAYER,187500,S1,健康宣教,0.0,0.0,553189901678.4177,10000
26,PARTIAL_PUBLIC_PAYER,187500,S2,社区健身,0.0001,9.999499987499375e-05,1647811633519.5955,10000
26,PARTIAL_PUBLIC_PAYER,187500,S3,公共健身设施,0.0055,0.0007395775821372629,2504597269072.99,10000
26,PARTIAL_PUBLIC_PAYER,187500,S4,体卫融合,0.01,0.00099498743710662,2782027081335.6025,10000
26,PARTIAL_PUBLIC_PAYER,187500,S5,智慧健身,0.0001,9.999499987499375e-05,1346268076891.224,10000
26,PARTIAL_PUBLIC_PAYER,187500,S6,综合政策,0.9843,0.0012431214743539765,5698361026147.887,10000
26,PARTIAL_PUBLIC_PAYER,190000,S0,动态基线,0.0,0.0,0.0,10000
26,PARTIAL_PUBLIC_PAYER,190000,S1,健康宣教,0.0,0.0,560550565452.3674,10000
26,PARTIAL_PUBLIC_PAYER,190000,S2,社区健身,0.0001,9.999499987499375e-05,1669982009270.85,10000
26,PARTIAL_PUBLIC_PAYER,190000,S3,公共健身设施,0.0055,0.0007395775821372629,2537863836021.723,10000
26,PARTIAL_PUBLIC_PAYER,190000,S4,体卫融合,0.0099,0.0009900499987374374,2818938732110.8193,10000
26,PARTIAL_PUBLIC_PAYER,190000,S5,智慧健身,0.0001,9.999499987499375e-05,1364118170004.1997,10000
26,PARTIAL_PUBLIC_PAYER,190000,S6,综合政策,0.9844,0.001239219108955311,5774390011139.008,10000
26,PARTIAL_PUBLIC_PAYER,192500,S0,动态基线,0.0,0.0,0.0,10000
26,PARTIAL_PUBLIC_PAYER,192500,S1,健康宣教,0.0,0.0,567911229226.3174,10000
26,PARTIAL_PUBLIC_PAYER,192500,S2,社区健身,0.0001,9.999499987499375e-05,1692152385022.1045,10000
26,PARTIAL_PUBLIC_PAYER,192500,S3,公共健身设施,0.0055,0.0007395775821372629,2571130402970.456,10000
26,PARTIAL_PUBLIC_PAYER,192500,S4,体卫融合,0.0099,0.0009900499987374374,2855850382886.036,10000
26,PARTIAL_PUBLIC_PAYER,192500,S5,智慧健身,0.0001,9.999499987499375e-05,1381968263117.1748,10000
26,PARTIAL_PUBLIC_PAYER,192500,S6,综合政策,0.9844,0.001239219108955311,5850418996130.126,10000
26,PARTIAL_PUBLIC_PAYER,195000,S0,动态基线,0.0,0.0,0.0,10000
26,PARTIAL_PUBLIC_PAYER,195000,S1,健康宣教,0.0,0.0,575271893000.267,10000
26,PARTIAL_PUBLIC_PAYER,195000,S2,社区健身,0.0001,9.999499987499375e-05,1714322760773.359,10000
26,PARTIAL_PUBLIC_PAYER,195000,S3,公共健身设施,0.0055,0.0007395775821372629,2604396969919.189,10000
26,PARTIAL_PUBLIC_PAYER,195000,S4,体卫融合,0.0098,0.0009850867982061275,2892762033661.253,10000
26,PARTIAL_PUBLIC_PAYER,195000,S5,智慧健身,0.0,0.0,1399818356230.15,10000
26,PARTIAL_PUBLIC_PAYER,195000,S6,综合政策,0.9846,0.0012313748413866497,5926447981121.246,10000
26,PARTIAL_PUBLIC_PAYER,197500,S0,动态基线,0.0,0.0,0.0,10000
26,PARTIAL_PUBLIC_PAYER,197500,S1,健康宣教,0.0,0.0,582632556774.2168,10000
26,PARTIAL_PUBLIC_PAYER,197500,S2,社区健身,0.0001,9.999499987499375e-05,1736493136524.6133,10000
26,PARTIAL_PUBLIC_PAYER,197500,S3,公共健身设施,0.0055,0.0007395775821372629,2637663536867.9224,10000
26,PARTIAL_PUBLIC_PAYER,197500,S4,体卫融合,0.0098,0.0009850867982061275,2929673684436.4697,10000
26,PARTIAL_PUBLIC_PAYER,197500,S5,智慧健身,0.0,0.0,1417668449343.1252,10000
26,PARTIAL_PUBLIC_PAYER,197500,S6,综合政策,0.9846,0.0012313748413866497,6002476966112.366,10000
26,PARTIAL_PUBLIC_PAYER,200000,S0,动态基线,0.0,0.0,0.0,10000
26,PARTIAL_PUBLIC_PAYER,200000,S1,健康宣教,0.0,0.0,589993220548.1666,10000
26,PARTIAL_PUBLIC_PAYER,200000,S2,社区健身,0.0001,9.999499987499375e-05,1758663512275.8677,10000
26,PARTIAL_PUBLIC_PAYER,200000,S3,公共健身设施,0.0055,0.0007395775821372629,2670930103816.6553,10000
26,PARTIAL_PUBLIC_PAYER,200000,S4,体卫融合,0.0098,0.0009850867982061275,2966585335211.6865,10000
26,PARTIAL_PUBLIC_PAYER,200000,S5,智慧健身,0.0,0.0,1435518542456.1003,10000
26,PARTIAL_PUBLIC_PAYER,200000,S6,综合政策,0.9846,0.0012313748413866497,6078505951103.485,10000
