scenario_id,year,outcome_id,DALY,Deaths,Incidence,Prevalence,YLD,YLL,Hypertension patient-years,outcome_name_cn,discount_factor,discounted_DALY,discounted_Deaths
S0,2025,dementia,0.0,0.0,0.0,0.0,0.0,0.0,0.0,痴呆,1.0,0.0,0.0
S0,2025,depression,0.0,0.0,0.0,0.0,0.0,0.0,0.0,抑郁症,1.0,0.0,0.0
S0,2025,hypertension,0.0,0.0,0.0,0.0,0.0,0.0,0.0,高血压,1.0,0.0,0.0
S0,2025,type2_diabetes,0.0,0.0,0.0,0.0,0.0,0.0,0.0,2型糖尿病,1.0,0.0,0.0
S0,2026,dementia,0.0,0.0,0.0,0.0,0.0,0.0,0.0,痴呆,0.970873786407767,0.0,0.0
S0,2026,depression,0.0,0.0,0.0,0.0,0.0,0.0,0.0,抑郁症,0.970873786407767,0.0,0.0
S0,2026,hypertension,0.0,0.0,0.0,0.0,0.0,0.0,0.0,高血压,0.970873786407767,0.0,0.0
S0,2026,type2_diabetes,0.0,0.0,0.0,0.0,0.0,0.0,0.0,2型糖尿病,0.970873786407767,0.0,0.0
S0,2027,dementia,0.0,0.0,0.0,0.0,0.0,0.0,0.0,痴呆,0.9425959091337544,0.0,0.0
S0,2027,depression,0.0,0.0,0.0,0.0,0.0,0.0,0.0,抑郁症,0.9425959091337544,0.0,0.0
S0,2027,hypertension,0.0,0.0,0.0,0.0,0.0,0.0,0.0,高血压,0.9425959091337544,0.0,0.0
S0,2027,type2_diabetes,0.0,0.0,0.0,0.0,0.0,0.0,0.0,2型糖尿病,0.9425959091337544,0.0,0.0
S0,2028,dementia,0.0,0.0,0.0,0.0,0.0,0.0,0.0,痴呆,0.9151416593531596,0.0,0.0
S0,2028,depression,0.0,0.0,0.0,0.0,0.0,0.0,0.0,抑郁症,0.9151416593531596,0.0,0.0
S0,2028,hypertension,0.0,0.0,0.0,0.0,0.0,0.0,0.0,高血压,0.9151416593531596,0.0,0.0
S0,2028,type2_diabetes,0.0,0.0,0.0,0.0,0.0,0.0,0.0,2型糖尿病,0.9151416593531596,0.0,0.0
S0,2029,dementia,0.0,0.0,0.0,0.0,0.0,0.0,0.0,痴呆,0.8884870479156888,0.0,0.0
S0,2029,depression,0.0,0.0,0.0,0.0,0.0,0.0,0.0,抑郁症,0.8884870479156888,0.0,0.0
S0,2029,hypertension,0.0,0.0,0.0,0.0,0.0,0.0,0.0,高血压,0.8884870479156888,0.0,0.0
S0,2029,type2_diabetes,0.0,0.0,0.0,0.0,0.0,0.0,0.0,2型糖尿病,0.8884870479156888,0.0,0.0
S0,2030,dementia,0.0,0.0,0.0,0.0,0.0,0.0,0.0,痴呆,0.8626087843841639,0.0,0.0
S0,2030,depression,0.0,0.0,0.0,0.0,0.0,0.0,0.0,抑郁症,0.8626087843841639,0.0,0.0
S0,2030,hypertension,0.0,0.0,0.0,0.0,0.0,0.0,0.0,高血压,0.8626087843841639,0.0,0.0
S0,2030,type2_diabetes,0.0,0.0,0.0,0.0,0.0,0.0,0.0,2型糖尿病,0.8626087843841639,0.0,0.0
S0,2031,dementia,0.0,0.0,0.0,0.0,0.0,0.0,0.0,痴呆,0.8374842566836542,0.0,0.0
S0,2031,depression,0.0,0.0,0.0,0.0,0.0,0.0,0.0,抑郁症,0.8374842566836542,0.0,0.0
S0,2031,hypertension,0.0,0.0,0.0,0.0,0.0,0.0,0.0,高血压,0.8374842566836542,0.0,0.0
S0,2031,type2_diabetes,0.0,0.0,0.0,0.0,0.0,0.0,0.0,2型糖尿病,0.8374842566836542,0.0,0.0
S0,2032,dementia,0.0,0.0,0.0,0.0,0.0,0.0,0.0,痴呆,0.8130915113433536,0.0,0.0
S0,2032,depression,0.0,0.0,0.0,0.0,0.0,0.0,0.0,抑郁症,0.8130915113433536,0.0,0.0
S0,2032,hypertension,0.0,0.0,0.0,0.0,0.0,0.0,0.0,高血压,0.8130915113433536,0.0,0.0
S0,2032,type2_diabetes,0.0,0.0,0.0,0.0,0.0,0.0,0.0,2型糖尿病,0.8130915113433536,0.0,0.0
S0,2033,dementia,0.0,0.0,0.0,0.0,0.0,0.0,0.0,痴呆,0.7894092343139355,0.0,0.0
S0,2033,depression,0.0,0.0,0.0,0.0,0.0,0.0,0.0,抑郁症,0.7894092343139355,0.0,0.0
S0,2033,hypertension,0.0,0.0,0.0,0.0,0.0,0.0,0.0,高血压,0.7894092343139355,0.0,0.0
S0,2033,type2_diabetes,0.0,0.0,0.0,0.0,0.0,0.0,0.0,2型糖尿病,0.7894092343139355,0.0,0.0
S0,2034,dementia,0.0,0.0,0.0,0.0,0.0,0.0,0.0,痴呆,0.7664167323436267,0.0,0.0
S0,2034,depression,0.0,0.0,0.0,0.0,0.0,0.0,0.0,抑郁症,0.7664167323436267,0.0,0.0
S0,2034,hypertension,0.0,0.0,0.0,0.0,0.0,0.0,0.0,高血压,0.7664167323436267,0.0,0.0
S0,2034,type2_diabetes,0.0,0.0,0.0,0.0,0.0,0.0,0.0,2型糖尿病,0.7664167323436267,0.0,0.0
S0,2035,dementia,0.0,0.0,0.0,0.0,0.0,0.0,0.0,痴呆,0.7440939148967249,0.0,0.0
S0,2035,depression,0.0,0.0,0.0,0.0,0.0,0.0,0.0,抑郁症,0.7440939148967249,0.0,0.0
S0,2035,hypertension,0.0,0.0,0.0,0.0,0.0,0.0,0.0,高血压,0.7440939148967249,0.0,0.0
S0,2035,type2_diabetes,0.0,0.0,0.0,0.0,0.0,0.0,0.0,2型糖尿病,0.7440939148967249,0.0,0.0
S0,2036,dementia,0.0,0.0,0.0,0.0,0.0,0.0,0.0,痴呆,0.7224212765987621,0.0,0.0
S0,2036,depression,0.0,0.0,0.0,0.0,0.0,0.0,0.0,抑郁症,0.7224212765987621,0.0,0.0
S0,2036,hypertension,0.0,0.0,0.0,0.0,0.0,0.0,0.0,高血压,0.7224212765987621,0.0,0.0
S0,2036,type2_diabetes,0.0,0.0,0.0,0.0,0.0,0.0,0.0,2型糖尿病,0.7224212765987621,0.0,0.0
S0,2037,dementia,0.0,0.0,0.0,0.0,0.0,0.0,0.0,痴呆,0.7013798801929729,0.0,0.0
S0,2037,depression,0.0,0.0,0.0,0.0,0.0,0.0,0.0,抑郁症,0.7013798801929729,0.0,0.0
S0,2037,hypertension,0.0,0.0,0.0,0.0,0.0,0.0,0.0,高血压,0.7013798801929729,0.0,0.0
S0,2037,type2_diabetes,0.0,0.0,0.0,0.0,0.0,0.0,0.0,2型糖尿病,0.7013798801929729,0.0,0.0
S0,2038,dementia,0.0,0.0,0.0,0.0,0.0,0.0,0.0,痴呆,0.6809513399931775,0.0,0.0
S0,2038,depression,0.0,0.0,0.0,0.0,0.0,0.0,0.0,抑郁症,0.6809513399931775,0.0,0.0
S0,2038,hypertension,0.0,0.0,0.0,0.0,0.0,0.0,0.0,高血压,0.6809513399931775,0.0,0.0
S0,2038,type2_diabetes,0.0,0.0,0.0,0.0,0.0,0.0,0.0,2型糖尿病,0.6809513399931775,0.0,0.0
S0,2039,dementia,0.0,0.0,0.0,0.0,0.0,0.0,0.0,痴呆,0.661117805818619,0.0,0.0
S0,2039,depression,0.0,0.0,0.0,0.0,0.0,0.0,0.0,抑郁症,0.661117805818619,0.0,0.0
S0,2039,hypertension,0.0,0.0,0.0,0.0,0.0,0.0,0.0,高血压,0.661117805818619,0.0,0.0
S0,2039,type2_diabetes,0.0,0.0,0.0,0.0,0.0,0.0,0.0,2型糖尿病,0.661117805818619,0.0,0.0
S0,2040,dementia,0.0,0.0,0.0,0.0,0.0,0.0,0.0,痴呆,0.6418619473967174,0.0,0.0
S0,2040,depression,0.0,0.0,0.0,0.0,0.0,0.0,0.0,抑郁症,0.6418619473967174,0.0,0.0
S0,2040,hypertension,0.0,0.0,0.0,0.0,0.0,0.0,0.0,高血压,0.6418619473967174,0.0,0.0
S0,2040,type2_diabetes,0.0,0.0,0.0,0.0,0.0,0.0,0.0,2型糖尿病,0.6418619473967174,0.0,0.0
S0,2041,dementia,0.0,0.0,0.0,0.0,0.0,0.0,0.0,痴呆,0.6231669392201139,0.0,0.0
S0,2041,depression,0.0,0.0,0.0,0.0,0.0,0.0,0.0,抑郁症,0.6231669392201139,0.0,0.0
S0,2041,hypertension,0.0,0.0,0.0,0.0,0.0,0.0,0.0,高血压,0.6231669392201139,0.0,0.0
S0,2041,type2_diabetes,0.0,0.0,0.0,0.0,0.0,0.0,0.0,2型糖尿病,0.6231669392201139,0.0,0.0
S0,2042,dementia,0.0,0.0,0.0,0.0,0.0,0.0,0.0,痴呆,0.6050164458447708,0.0,0.0
S0,2042,depression,0.0,0.0,0.0,0.0,0.0,0.0,0.0,抑郁症,0.6050164458447708,0.0,0.0
S0,2042,hypertension,0.0,0.0,0.0,0.0,0.0,0.0,0.0,高血压,0.6050164458447708,0.0,0.0
S0,2042,type2_diabetes,0.0,0.0,0.0,0.0,0.0,0.0,0.0,2型糖尿病,0.6050164458447708,0.0,0.0
S0,2043,dementia,0.0,0.0,0.0,0.0,0.0,0.0,0.0,痴呆,0.5873946076162823,0.0,0.0
S0,2043,depression,0.0,0.0,0.0,0.0,0.0,0.0,0.0,抑郁症,0.5873946076162823,0.0,0.0
S0,2043,hypertension,0.0,0.0,0.0,0.0,0.0,0.0,0.0,高血压,0.5873946076162823,0.0,0.0
S0,2043,type2_diabetes,0.0,0.0,0.0,0.0,0.0,0.0,0.0,2型糖尿病,0.5873946076162823,0.0,0.0
S0,2044,dementia,0.0,0.0,0.0,0.0,0.0,0.0,0.0,痴呆,0.5702860268119245,0.0,0.0
S0,2044,depression,0.0,0.0,0.0,0.0,0.0,0.0,0.0,抑郁症,0.5702860268119245,0.0,0.0
S0,2044,hypertension,0.0,0.0,0.0,0.0,0.0,0.0,0.0,高血压,0.5702860268119245,0.0,0.0
S0,2044,type2_diabetes,0.0,0.0,0.0,0.0,0.0,0.0,0.0,2型糖尿病,0.5702860268119245,0.0,0.0
S0,2045,dementia,0.0,0.0,0.0,0.0,0.0,0.0,0.0,痴呆,0.5536757541863345,0.0,0.0
S0,2045,depression,0.0,0.0,0.0,0.0,0.0,0.0,0.0,抑郁症,0.5536757541863345,0.0,0.0
S0,2045,hypertension,0.0,0.0,0.0,0.0,0.0,0.0,0.0,高血压,0.5536757541863345,0.0,0.0
S0,2045,type2_diabetes,0.0,0.0,0.0,0.0,0.0,0.0,0.0,2型糖尿病,0.5536757541863345,0.0,0.0
S0,2046,dementia,0.0,0.0,0.0,0.0,0.0,0.0,0.0,痴呆,0.5375492759090627,0.0,0.0
S0,2046,depression,0.0,0.0,0.0,0.0,0.0,0.0,0.0,抑郁症,0.5375492759090627,0.0,0.0
S0,2046,hypertension,0.0,0.0,0.0,0.0,0.0,0.0,0.0,高血压,0.5375492759090627,0.0,0.0
S0,2046,type2_diabetes,0.0,0.0,0.0,0.0,0.0,0.0,0.0,2型糖尿病,0.5375492759090627,0.0,0.0
S0,2047,dementia,0.0,0.0,0.0,0.0,0.0,0.0,0.0,痴呆,0.5218925008825851,0.0,0.0
S0,2047,depression,0.0,0.0,0.0,0.0,0.0,0.0,0.0,抑郁症,0.5218925008825851,0.0,0.0
S0,2047,hypertension,0.0,0.0,0.0,0.0,0.0,0.0,0.0,高血压,0.5218925008825851,0.0,0.0
S0,2047,type2_diabetes,0.0,0.0,0.0,0.0,0.0,0.0,0.0,2型糖尿病,0.5218925008825851,0.0,0.0
S0,2048,dementia,0.0,0.0,0.0,0.0,0.0,0.0,0.0,痴呆,0.5066917484296942,0.0,0.0
S0,2048,depression,0.0,0.0,0.0,0.0,0.0,0.0,0.0,抑郁症,0.5066917484296942,0.0,0.0
S0,2048,hypertension,0.0,0.0,0.0,0.0,0.0,0.0,0.0,高血压,0.5066917484296942,0.0,0.0
S0,2048,type2_diabetes,0.0,0.0,0.0,0.0,0.0,0.0,0.0,2型糖尿病,0.5066917484296942,0.0,0.0
S0,2049,dementia,0.0,0.0,0.0,0.0,0.0,0.0,0.0,痴呆,0.49193373633950893,0.0,0.0
S0,2049,depression,0.0,0.0,0.0,0.0,0.0,0.0,0.0,抑郁症,0.49193373633950893,0.0,0.0
S0,2049,hypertension,0.0,0.0,0.0,0.0,0.0,0.0,0.0,高血压,0.49193373633950893,0.0,0.0
S0,2049,type2_diabetes,0.0,0.0,0.0,0.0,0.0,0.0,0.0,2型糖尿病,0.49193373633950893,0.0,0.0
S0,2050,dementia,0.0,0.0,0.0,0.0,0.0,0.0,0.0,痴呆,0.47760556926165915,0.0,0.0
S0,2050,depression,0.0,0.0,0.0,0.0,0.0,0.0,0.0,抑郁症,0.47760556926165915,0.0,0.0
S0,2050,hypertension,0.0,0.0,0.0,0.0,0.0,0.0,0.0,高血压,0.47760556926165915,0.0,0.0
S0,2050,type2_diabetes,0.0,0.0,0.0,0.0,0.0,0.0,0.0,2型糖尿病,0.47760556926165915,0.0,0.0
S1,2025,dementia,0.0,0.0,0.0,0.0,0.0,0.0,0.0,痴呆,1.0,0.0,0.0
S1,2025,depression,574.3670692548777,0.0,3053.0673536216264,3714.5918390880997,574.3670692548777,0.0,0.0,抑郁症,1.0,574.3670692548777,0.0
S1,2025,hypertension,0.0,0.0,0.0,0.0,0.0,0.0,5610.866210097267,高血压,1.0,0.0,0.0
S1,2025,type2_diabetes,0.0,0.0,0.0,0.0,0.0,0.0,0.0,2型糖尿病,1.0,0.0,0.0
S1,2026,dementia,0.0,0.0,0.0,0.0,0.0,0.0,0.0,痴呆,0.970873786407767,0.0,0.0
S1,2026,depression,3534.8549782655127,0.0,18811.730947962846,22819.806706557174,3534.8549782655127,0.0,0.0,抑郁症,0.970873786407767,3431.8980371509833,0.0
S1,2026,hypertension,0.0,0.0,0.0,0.0,0.0,0.0,34456.541976966786,高血压,0.970873786407767,0.0,0.0
S1,2026,type2_diabetes,732.9027584042587,12.746059438856271,199.20880224815664,6985.606778235969,489.1766564662386,243.72610193802015,0.0,2型糖尿病,0.970873786407767,711.5560761206395,12.374814989180846
S1,2027,dementia,0.0,0.0,0.0,0.0,0.0,0.0,0.0,痴呆,0.9425959091337544,0.0,0.0
S1,2027,depression,6034.6648948298525,0.0,32157.66594980071,38886.91176868658,6034.6648948298525,0.0,0.0,抑郁症,0.9425959091337544,5688.250442859697,0.0
S1,2027,hypertension,0.0,0.0,0.0,0.0,0.0,0.0,58745.78194308032,高血压,0.9425959091337544,0.0,0.0
S1,2027,type2_diabetes,2524.4186848471454,44.627136925233245,670.9650891623686,23851.32377317695,1679.517891723679,844.9007931234669,0.0,2型糖尿病,0.9425959091337544,2379.5067252777317,42.06535670207677
S1,2028,dementia,0.0,0.0,0.0,0.0,0.0,0.0,0.0,痴呆,0.9151416593531596,0.0,0.0
S1,2028,depression,8641.53881418395,0.0,46117.18990508516,55581.18464514383,8641.53881418395,0.0,0.0,抑郁症,0.9151416593531596,7908.232169777036,0.0
S1,2028,hypertension,0.0,0.0,0.0,0.0,0.0,0.0,84118.57810612573,高血压,0.9151416593531596,0.0,0.0
S1,2028,type2_diabetes,5473.145601079841,98.37544332013042,1419.0189843899732,51232.61054959805,3628.441587668059,1844.704013411782,0.0,2型糖尿病,0.9151416593531596,5008.703547253652,90.02746643958685
S1,2029,dementia,0.0,0.0,0.0,0.0,0.0,0.0,0.0,痴呆,0.8884870479156888,0.0,0.0
S1,2029,depression,11350.680885877471,0.0,60671.15159382265,72850.26945506108,11350.680885877471,0.0,0.0,抑郁症,0.8884870479156888,10084.93295212631,0.0
S1,2029,hypertension,0.0,0.0,0.0,0.0,0.0,0.0,110491.37790346544,高血压,0.8884870479156888,0.0,0.0
S1,2029,type2_diabetes,9658.18381801353,175.41288304564392,2449.243351900749,89697.4701502001,6388.997492896244,3269.1863251172836,0.0,2型糖尿病,0.8884870479156888,8581.171228693916,155.85207462360415
S1,2030,dementia,3227.0488444460016,171.02123409993865,960.4140553565322,5658.725613729346,1163.3288918963444,2063.7199525496567,0.0,痴呆,0.8626087843841639,2783.6806808558863,147.5244188508276
S1,2030,depression,12870.486505351553,0.0,68906.31607765176,82416.07183964373,12870.486505351553,0.0,0.0,抑郁症,0.8626087843841639,11102.19471881409,0.0
S1,2030,hypertension,0.0,0.0,0.0,0.0,0.0,0.0,125271.29268846496,高血压,0.8626087843841639,0.0,0.0
S1,2030,type2_diabetes,11017.054454519593,201.31483848549104,2742.6003124480726,101653.1738674388,7280.380223323366,3736.674231196227,0.0,2型糖尿病,0.8626087843841639,9503.407950507284,173.6559481044637
S1,2031,dementia,6702.397611463377,355.802655210876,1999.65271273869,11790.494123003813,2426.020061806117,4276.37754965726,0.0,痴呆,0.8374842566836542,5613.1524816347055,297.97912222535103
S1,2031,depression,13124.830047231646,0.0,70390.20947065717,83840.85720316473,13124.830047231646,0.0,0.0,抑郁症,0.8374842566836542,10991.838536205085,0.0
S1,2031,hypertension,0.0,0.0,0.0,0.0,0.0,0.0,127681.4967119544,高血压,0.8374842566836542,0.0,0.0
S1,2031,type2_diabetes,11289.57675693429,207.25849946021194,2763.255400521096,103569.5013265128,7456.5009920721795,3833.0757648621093,0.0,2型糖尿病,0.8374842566836542,9454.842798554173,173.57573036180514
S1,2032,dementia,10564.479527526548,563.4069328711422,3155.039732461625,18624.896063527667,3836.4932439171694,6727.986283609378,0.0,痴呆,0.8130915113433536,8589.888625592479,458.10139454952036
S1,2032,depression,13395.201083873322,0.0,71981.15506730317,85362.48363943334,13395.201083873322,0.0,0.0,抑郁症,0.8130915113433536,10891.524294034687,0.0
S1,2032,hypertension,0.0,0.0,0.0,0.0,0.0,0.0,130129.77704705906,高血压,0.8130915113433536,0.0,0.0
S1,2032,type2_diabetes,11586.375821831958,215.18081496414854,2782.7350330610416,105573.62486267583,7637.611068566075,3948.7647532658825,0.0,2型糖尿病,0.8130915113433536,9420.783827965437,174.96169405129405
S1,2033,dementia,15127.438985342822,813.944777343359,4512.121804962245,26683.087102628255,5504.520762860988,9622.918222481832,0.0,痴呆,0.7894092343139355,11941.740026550255,642.5355234564477
S1,2033,depression,13684.49235002181,0.0,73691.09499948157,87026.68102211811,13684.49235002181,0.0,0.0,抑郁症,0.7894092343139355,10802.664628005625,0.0
S1,2033,hypertension,0.0,0.0,0.0,0.0,0.0,0.0,132737.04784868655,高血压,0.7894092343139355,0.0,0.0
S1,2033,type2_diabetes,11938.237947082498,227.17076224379798,2793.3009589148323,107752.46955749935,7830.633981980989,4107.603965101509,0.0,2型糖尿病,0.7894092343139355,9424.155276863965,179.33069748138965
S1,2034,dementia,20335.835589489354,1104.0924051530862,6056.637704651248,35884.192126771726,7413.780296668605,12922.055292820743,0.0,痴呆,0.7664167323436267,15585.724661973662,846.194893362844
S1,2034,depression,13975.753305053691,0.0,75423.39957438206,88700.26664452217,13975.753305053691,0.0,0.0,抑郁症,0.7664167323436267,10711.251180099891,0.0
S1,2034,hypertension,0.0,0.0,0.0,0.0,0.0,0.0,135343.6363553725,高血压,0.7664167323436267,0.0,0.0
S1,2034,type2_diabetes,12300.410390088255,240.16129808408505,2798.677999700253,109940.4420258932,8024.440591741621,4275.969798346634,0.0,2型糖尿病,0.7664167323436267,9427.240337657035,184.06363731300817
S1,2035,dementia,25956.648340847387,1419.3908056977666,7721.327187846231,45822.477368149644,9478.699234348274,16477.94910649911,0.0,痴呆,0.7440939148967249,19314.18408153871,1056.1600613800679
S1,2035,depression,14222.625589599073,0.0,76889.20074286801,90136.3993804451,14222.625589599073,0.0,0.0,抑郁症,0.7440939148967249,10582.969155075114,0.0
S1,2035,hypertension,0.0,0.0,0.0,0.0,0.0,0.0,137693.44966719474,高血压,0.7440939148967249,0.0,0.0
S1,2035,type2_diabetes,12627.040799984123,251.9499099171422,2802.4024228017597,111896.29620712067,8197.704164256149,4429.336635727975,0.0,2型糖尿病,0.7440939148967249,9395.70422242086,187.47439482812354
S1,2036,dementia,31975.486586622224,1759.1730289456982,9499.096892598387,56456.54758271927,11690.409520458352,20285.077066163874,0.0,痴呆,0.7224212765987621,23099.77183977422,1270.8640253290623
S1,2036,depression,14428.605574311212,0.0,78110.14241879227,91358.25529063158,14428.605574311212,0.0,0.0,抑郁症,0.7224212765987621,10423.53165853392,0.0
S1,2036,hypertension,0.0,0.0,0.0,0.0,0.0,0.0,139782.3343913426,高血压,0.7224212765987621,0.0,0.0
S1,2036,type2_diabetes,12922.914101647624,263.00814214312174,2802.2552850302955,113627.76370457374,8350.098485330149,4572.815616317475,0.0,2型糖尿病,0.7224212765987621,9335.78810268842,190.0026778029027
S1,2037,dementia,38234.60743875358,2113.520032587404,11343.776096181975,67506.05895324735,13989.547037542257,24245.060401211314,0.0,痴呆,0.7013798801929729,26816.984384618336,1482.3804272416016
S1,2037,depression,14599.10101381964,0.0,79116.27187024438,92390.10420184897,14599.10101381964,0.0,0.0,抑郁症,0.7013798801929729,10239.51571999793,0.0
S1,2037,hypertension,0.0,0.0,0.0,0.0,0.0,0.0,141602.60489222745,高血压,0.7013798801929729,0.0,0.0
S1,2037,type2_diabetes,13182.69585467641,272.7807074137162,2799.9545911022306,115145.89409889352,8481.699783761116,4700.996070915295,0.0,2型糖尿病,0.7013798801929729,9246.077639173342,191.32289988478666
S1,2038,dementia,44877.30793601391,2491.841222512055,13291.546235056132,79186.7596666601,16421.02457227239,28456.28336374152,0.0,痴呆,0.6809513399931775,30559.26297431513,1696.8226195198215
S1,2038,depression,14721.786859002968,0.0,79828.73411463217,93188.43558072977,14721.786859002968,0.0,0.0,抑郁症,0.6809513399931775,10024.820488732023,0.0
S1,2038,hypertension,0.0,0.0,0.0,0.0,0.0,0.0,143131.8941871298,高血压,0.6809513399931775,0.0,0.0
S1,2038,type2_diabetes,13418.486315159073,282.4828657805266,2789.1659723966904,116441.15314105566,8592.180831464599,4826.305483694474,0.0,2型糖尿病,0.6809513399931775,9137.336236987685,192.35708597836248
S1,2039,dementia,51928.94582800145,2895.7637390531872,15346.672180817483,91518.34827188718,18988.274245152694,32940.67158284876,0.0,痴呆,0.661117805818619,34331.15072428225,1914.440969331963
S1,2039,depression,14794.857861379052,0.0,80232.15548295755,93751.89248613926,14794.857861379052,0.0,0.0,抑郁症,0.661117805818619,9781.143966713265,0.0
S1,2039,hypertension,0.0,0.0,0.0,0.0,0.0,0.0,144377.90385385824,高血压,0.661117805818619,0.0,0.0
S1,2039,type2_diabetes,13635.20194207197,292.33320078341484,2769.644058447369,117535.40544414602,8683.602162397709,4951.599779674262,0.0,2型糖尿病,0.661117805818619,9014.474789836393,193.266684269865
S1,2040,dementia,53758.79857118176,3007.886995376748,15852.090969254265,94598.89758724667,19633.765887639634,34125.03268354213,0.0,痴呆,0.6418619473967174,34505.72714060659,1930.6482044017807
S1,2040,depression,14816.472022517068,0.0,80308.97223899714,94067.55418188371,14816.472022517068,0.0,0.0,抑郁症,0.6418619473967174,9510.129585921786,0.0
S1,2040,hypertension,0.0,0.0,0.0,0.0,0.0,0.0,145354.41223319073,高血压,0.6418619473967174,0.0,0.0
S1,2040,type2_diabetes,13827.43686941043,301.3649552927643,2746.2324529362845,118454.08483566748,8758.931753339642,5068.505116070788,0.0,2型糖尿病,0.6418619473967174,8875.305556504949,193.43469708133838
S1,2041,dementia,55479.81764108082,3113.371686805176,16326.474789436397,97489.44039475772,20239.320104912906,35240.49753616792,0.0,痴呆,0.6231669392201139,34573.188147882414,1940.1503047209446
S1,2041,depression,14827.3367350021,0.0,80314.8492258785,94328.22267912528,14827.3367350021,0.0,0.0,抑郁症,0.6231669392201139,9239.906049937215,0.0
S1,2041,hypertension,0.0,0.0,0.0,0.0,0.0,0.0,146198.1472054748,高血压,0.6231669392201139,0.0,0.0
S1,2041,type2_diabetes,14014.234387646473,309.91865347368764,2720.6378145877143,119356.61061266411,8833.547392466307,5180.686995180166,0.0,2型糖尿病,0.6231669392201139,8733.20754886292,193.13105869241704
S1,2042,dementia,56998.28073690504,3205.988694555115,16745.682587759246,100038.12215920721,20772.86944176726,36225.41129513778,0.0,痴呆,0.6050164458447708,34484.89723070475,1939.6758853982521
S1,2042,depression,14837.80152061962,0.0,80310.99157426434,94582.8852275833,14837.80152061962,0.0,0.0,抑郁症,0.6050164458447708,8977.113940155417,0.0
S1,2042,hypertension,0.0,0.0,0.0,0.0,0.0,0.0,146930.5897509343,高血压,0.6050164458447708,0.0,0.0
S1,2042,type2_diabetes,14191.568593974429,317.5689994402113,2694.2812566123075,120260.9463711866,8908.117678907225,5283.450915067204,0.0,2型糖尿病,0.6050164458447708,8586.13239168868,192.13446735179664
S1,2043,dementia,58352.75264364613,3288.678257849354,17118.794511446715,102307.35404726752,21247.84118202526,37104.91146162086,0.0,痴呆,0.5873946076162823,34276.092242444494,1931.75187484562
S1,2043,depression,14839.7061167706,0.0,80259.10118991043,94776.41064398352,14839.7061167706,0.0,0.0,抑郁症,0.5873946076162823,8716.76335160141,0.0
S1,2043,hypertension,0.0,0.0,0.0,0.0,0.0,0.0,147522.0384175581,高血压,0.5873946076162823,0.0,0.0
S1,2043,type2_diabetes,14351.66969955736,324.4307189367315,2669.3399551572347,121067.31438217667,8975.362181544166,5376.307518013195,0.0,2型糖尿病,0.5873946076162823,8430.093391809984,190.56885484850977
S1,2044,dementia,59487.20275708719,3357.6485734913267,17431.938208779742,104210.77330317421,21645.96578082077,37841.23697626642,0.0,痴呆,0.5702860268119245,33924.72050649462,1914.8200644070948
S1,2044,depression,14828.36663134024,0.0,80136.83209382152,94872.9055601068,14828.36663134024,0.0,0.0,抑郁症,0.5702860268119245,8456.410290297546,0.0
S1,2044,hypertension,0.0,0.0,0.0,0.0,0.0,0.0,147973.77361754875,高血压,0.5702860268119245,0.0,0.0
S1,2044,type2_diabetes,14487.077336656468,330.23870771166077,2645.8611508892236,121717.81886360637,9031.319150241621,5455.758186414845,0.0,2型糖尿病,0.5702860268119245,8261.777774438895,188.33052052038747
S1,2045,dementia,60321.637234502865,3406.9671304007575,17666.002526836397,105624.80540694695,21940.659056677738,38380.97817782512,0.0,痴呆,0.5536757541863345,33398.62798956785,1886.3550954126913
S1,2045,depression,14803.966528873152,0.0,79940.47786876536,94876.27922747987,14803.966528873152,0.0,0.0,抑郁症,0.5536757541863345,8196.597332823096,0.0
S1,2045,hypertension,0.0,0.0,0.0,0.0,0.0,0.0,148341.6997744682,高血压,0.5536757541863345,0.0,0.0
S1,2045,type2_diabetes,14601.795573227086,334.69996571026815,2624.7596651792915,122264.56556203,9081.177704467169,5520.617868759918,0.0,2型糖尿病,0.5536757541863345,8084.660176481188,185.31525594077303
S1,2046,dementia,60905.29242898543,3440.278750548086,17834.048337374952,106626.64285521436,22148.51254431488,38756.779884670555,0.0,痴呆,0.5375492759090627,32739.595844230833,1849.3193512824585
S1,2046,depression,14759.501943375111,0.0,79638.33897926117,94737.2528972715,14759.501943375111,0.0,0.0,抑郁症,0.5375492759090627,7933.959582439694,0.0
S1,2046,hypertension,0.0,0.0,0.0,0.0,0.0,0.0,148556.00569562428,高血压,0.5375492759090627,0.0,0.0
S1,2046,type2_diabetes,14685.32899835058,337.93541598810486,2602.8389973357866,122601.24926154708,9116.330715295253,5568.998283055327,0.0,2型糖尿病,0.5375492759090627,7894.087969549715,181.65693816843364
S1,2047,dementia,61289.41784607553,3460.892071568425,17950.556757296414,107302.16253967592,22287.674435089713,39001.743410985815,0.0,痴呆,0.5218925008825851,31986.487557326098,1806.213618515556
S1,2047,depression,14696.350169215775,0.0,79240.08667443733,94464.64107184942,14696.350169215775,0.0,0.0,抑郁症,0.5218925008825851,7669.914943658224,0.0
S1,2047,hypertension,0.0,0.0,0.0,0.0,0.0,0.0,148637.84125658858,高血压,0.5218925008825851,0.0,0.0
S1,2047,type2_diabetes,14737.64730375249,340.1524200128397,2576.758942655198,122720.10948184875,9135.568104214482,5602.079199538008,0.0,2型糖尿病,0.5218925008825851,7691.467608480874,177.52299716176438
S1,2048,dementia,61526.54026374079,3472.57498989297,18026.62287546102,107729.34502778416,22374.75353772233,39151.78672601846,0.0,痴呆,0.5066917484296942,31174.990261064802,1759.5250931820967
S1,2048,depression,14619.287995045088,0.0,78767.12861778846,94095.32273781873,14619.287995045088,0.0,0.0,抑郁症,0.5066917484296942,7407.472595006635,0.0
S1,2048,hypertension,0.0,0.0,0.0,0.0,0.0,0.0,148597.05701414478,高血压,0.5066917484296942,0.0,0.0
S1,2048,type2_diabetes,14769.651083455788,341.6313144947467,2551.3227432204562,122701.23069334084,9144.74247150835,5624.908611947438,0.0,2型糖尿病,0.5066917484296942,7483.660331172741,173.10176805967794
S1,2049,dementia,61783.44704378958,3486.099221038787,18106.484498991107,108181.01903836257,22467.20241631098,39316.2446274786,0.0,痴呆,0.49193373633950893,30393.361948185597,1714.9298150558623
S1,2049,depression,14532.514263124787,0.0,78241.71412332598,93665.05338177556,14532.514263124787,0.0,0.0,抑郁症,0.49193373633950893,7149.034039866182,0.0
S1,2049,hypertension,0.0,0.0,0.0,0.0,0.0,0.0,148470.6346194608,高血压,0.49193373633950893,0.0,0.0
S1,2049,type2_diabetes,14794.93571379791,343.16035801002465,2525.939816285778,122605.0824864656,9148.1212850567,5646.81442874121,0.0,2型糖尿病,0.49193373633950893,7278.1280045914455,168.81215707947496
S1,2050,dementia,62121.82253857784,3504.5917631718453,18209.855613760326,108771.44862667561,22588.57524591912,39533.24729265872,0.0,痴呆,0.47760556926165915,29669.72841710924,1673.8125440794108
S1,2050,depression,14434.027034818067,0.0,77652.7428179193,93167.59469663193,14434.027034818067,0.0,0.0,抑郁症,0.47760556926165915,6893.771698702461,0.0
S1,2050,hypertension,0.0,0.0,0.0,0.0,0.0,0.0,148325.19841046227,高血压,0.47760556926165915,0.0,0.0
S1,2050,type2_diabetes,14820.307263962963,345.07756341508116,2496.73060613786,122451.31905135563,9148.012342698457,5672.294921264505,0.0,2型糖尿病,0.47760556926165915,7078.261287437733,164.81096611428612
S2,2025,dementia,0.0,0.0,0.0,0.0,0.0,0.0,0.0,痴呆,1.0,0.0,0.0
S2,2025,depression,1723.101207764399,0.0,9159.202060863645,11143.77551726277,1723.101207764399,0.0,0.0,抑郁症,1.0,1723.101207764399,0.0
S2,2025,hypertension,0.0,0.0,0.0,0.0,0.0,0.0,16832.59863028939,高血压,1.0,0.0,0.0
S2,2025,type2_diabetes,0.0,0.0,0.0,0.0,0.0,0.0,0.0,2型糖尿病,1.0,0.0,0.0
S2,2026,dementia,0.0,0.0,0.0,0.0,0.0,0.0,0.0,痴呆,0.970873786407767,0.0,0.0
S2,2026,depression,10604.564934796528,0.0,56435.19284388881,68459.42011967103,10604.564934796528,0.0,0.0,抑郁症,0.970873786407767,10295.69411145294,0.0
S2,2026,hypertension,0.0,0.0,0.0,0.0,0.0,0.0,103369.62593091113,高血压,0.970873786407767,0.0,0.0
S2,2026,type2_diabetes,2198.7082752125725,38.23817831656004,597.6264067444802,20956.82033470671,1467.5299693986285,731.1783058139438,0.0,2型糖尿病,0.970873786407767,2134.668228361721,37.12444496753402
S2,2027,dementia,0.0,0.0,0.0,0.0,0.0,0.0,0.0,痴呆,0.9425959091337544,0.0,0.0
S2,2027,depression,18103.994684490528,0.0,96472.9978494071,116660.73530606634,18103.994684490528,0.0,0.0,抑郁症,0.9425959091337544,17064.751328580005,0.0
S2,2027,hypertension,0.0,0.0,0.0,0.0,0.0,0.0,176237.34582925134,高血压,0.9425959091337544,0.0,0.0
S2,2027,type2_diabetes,7573.2560545414235,133.88141077569887,2012.8952674871312,71553.97131953115,5038.55367517104,2534.7023793703847,0.0,2型糖尿病,0.9425959091337544,7138.520175833182,126.19607010622948
S2,2028,dementia,0.0,0.0,0.0,0.0,0.0,0.0,0.0,痴呆,0.9151416593531596,0.0,0.0
S2,2028,depression,25924.61644255167,0.0,138351.5697152547,166743.55393542995,25924.61644255167,0.0,0.0,抑郁症,0.9151416593531596,23724.69650933094,0.0
S2,2028,hypertension,0.0,0.0,0.0,0.0,0.0,0.0,252355.7343184037,高血压,0.9151416593531596,0.0,0.0
S2,2028,type2_diabetes,16419.436803238976,295.1263299603803,4257.056953169747,153697.83164878853,10885.324763003811,5534.112040235166,0.0,2型糖尿病,0.9151416593531596,15026.110641760455,270.08239931875056
S2,2029,dementia,0.0,0.0,0.0,0.0,0.0,0.0,0.0,痴呆,0.8884870479156888,0.0,0.0
S2,2029,depression,34052.042657632024,0.0,182013.45478146596,218550.80836518074,34052.042657632024,0.0,0.0,抑郁症,0.8884870479156888,30254.798856378584,0.0
S2,2029,hypertension,0.0,0.0,0.0,0.0,0.0,0.0,331474.1337103816,高血压,0.8884870479156888,0.0,0.0
S2,2029,type2_diabetes,28974.55145403933,526.2386491368857,7347.730055702213,269092.4104505921,19166.992478688117,9807.558975351214,0.0,2型糖尿病,0.8884870479156888,25743.513686080634,467.5562238707715
S2,2030,dementia,9681.146533338098,513.0637022998212,2881.2421660696245,16976.176841188197,3489.986675689065,6191.159857649032,0.0,痴呆,0.8626087843841639,8351.042042567738,442.57325655248735
S2,2030,depression,38611.459516054405,0.0,206718.9482329537,247248.21551893032,38611.459516054405,0.0,0.0,抑郁症,0.8626087843841639,33306.58415644205,0.0
S2,2030,hypertension,0.0,0.0,0.0,0.0,0.0,0.0,375813.87806540803,高血压,0.8626087843841639,0.0,0.0
S2,2030,type2_diabetes,33051.16336355993,603.9445154565208,8227.800937344235,304959.5216023223,21841.14066997059,11210.022693589342,0.0,2型糖尿病,0.8626087843841639,28510.223851522842,520.9678443134322
S2,2031,dementia,20107.192834389843,1067.407965632611,5998.958138215996,35371.48236901093,7278.060185418231,12829.132648971612,0.0,痴呆,0.8374842566836542,16839.457444903877,893.9373666760388
S2,2031,depression,39374.490141694696,0.0,211170.6284119703,251522.57160949244,39374.490141694696,0.0,0.0,抑郁症,0.8374842566836542,32975.51560861505,0.0
S2,2031,hypertension,0.0,0.0,0.0,0.0,0.0,0.0,383044.49013587367,高血压,0.8374842566836542,0.0,0.0
S2,2031,type2_diabetes,33868.730270802305,621.7754983806105,8289.766201563763,310708.50397953787,22369.50297621637,11499.227294585937,0.0,2型糖尿病,0.8374842566836542,28364.528395662048,520.7271910853942
S2,2032,dementia,31693.43858257865,1690.220798613369,9465.119197384596,55874.68819058125,11509.479731751115,20183.95885082753,0.0,痴呆,0.8130915113433536,25769.665876776628,1374.3041836485143
S2,2032,depression,40185.60325162002,0.0,215943.46520191,256087.45091830002,40185.60325162002,0.0,0.0,抑郁症,0.8130915113433536,32674.572882104105,0.0
S2,2032,hypertension,0.0,0.0,0.0,0.0,0.0,0.0,390389.3311411354,高血压,0.8130915113433536,0.0,0.0
S2,2032,type2_diabetes,34759.12746549637,645.542444892452,8348.20509918313,316720.8745880311,22912.833205698516,11846.294259797849,0.0,2型糖尿病,0.8130915113433536,28262.351483896713,524.8850821538873
S2,2033,dementia,45382.316956027295,2441.834332030008,13536.365414886397,80049.26130788276,16513.562288582547,28868.75466744474,0.0,痴呆,0.7894092343139355,35825.22007964984,1927.6065703692889
S2,2033,depression,41053.47705006538,0.0,221073.2849984443,261080.04306635464,41053.47705006538,0.0,0.0,抑郁症,0.7894092343139355,32407.993884016836,0.0
S2,2033,hypertension,0.0,0.0,0.0,0.0,0.0,0.0,398211.1435460241,高血压,0.7894092343139355,0.0,0.0
S2,2033,type2_diabetes,35814.71384124487,681.5122867313302,8379.902876744325,323257.4086724777,23491.90194594142,12322.811895303452,0.0,2型糖尿病,0.7894092343139355,28272.46583058982,537.9920924441186
S2,2034,dementia,61007.50676846564,3312.2772154591125,18169.913113953076,107652.5763803111,22241.340890004947,38766.16587846069,0.0,痴呆,0.7664167323436267,46757.17398591912,2538.58468008842
S2,2034,depression,41927.25991516036,0.0,226270.198723142,266100.79993356235,41927.25991516036,0.0,0.0,抑郁症,0.7664167323436267,32133.753540299127,0.0
S2,2034,hypertension,0.0,0.0,0.0,0.0,0.0,0.0,406030.9090661185,高血压,0.7664167323436267,0.0,0.0
S2,2034,type2_diabetes,36901.231170264735,720.4838942522406,8396.033999100728,329821.32607768034,24073.321775224962,12827.909395039776,0.0,2型糖尿病,0.7664167323436267,28281.721012971084,552.1909119390133
S2,2035,dementia,77869.94502254491,4258.172417093472,23163.981563539426,137467.43210445362,28436.09770304587,49433.84731949905,0.0,痴呆,0.7440939148967249,57942.552244618186,3168.4801841403314
S2,2035,depression,42667.87676879605,0.0,230667.60222859803,270409.19814132707,42667.87676879605,0.0,0.0,抑郁症,0.7440939148967249,31748.907465224474,0.0
S2,2035,hypertension,0.0,0.0,0.0,0.0,0.0,0.0,413080.3490016511,高血压,0.7440939148967249,0.0,0.0
S2,2035,type2_diabetes,37881.122399952794,755.8497297514411,8407.207268405293,335688.88862136507,24593.112492768683,13288.009907184107,0.0,2型糖尿病,0.7440939148967249,28187.112667262896,562.4231844843814
S2,2036,dementia,95926.45975986641,5277.519086837088,28497.290677795052,169369.64274815726,35071.22856137494,60855.23119849147,0.0,痴呆,0.7224212765987621,69299.31551932248,3812.5920759871824
S2,2036,depression,43285.81672293307,0.0,234330.42725637375,274074.76587189065,43285.81672293307,0.0,0.0,抑郁症,0.7224212765987621,31270.594975601354,0.0
S2,2036,hypertension,0.0,0.0,0.0,0.0,0.0,0.0,419347.0031740155,高血压,0.7224212765987621,0.0,0.0
S2,2036,type2_diabetes,38768.742304942585,789.024426429359,8406.765855091167,340883.2911137203,25050.2954559903,13718.446848952286,0.0,2型糖尿病,0.7224212765987621,28007.364308065058,570.0080334087036
S2,2037,dementia,114703.82231626226,6340.560097762274,34031.328288546436,202518.17685974514,41968.64111262745,72735.18120363483,0.0,痴呆,0.7013798801929729,80450.95315385608,4447.141281724848
S2,2037,depression,43797.3030414586,0.0,237348.81561073096,277170.3126055459,43797.3030414586,0.0,0.0,抑郁症,0.7013798801929729,30718.547159993563,0.0
S2,2037,hypertension,0.0,0.0,0.0,0.0,0.0,0.0,424807.81467673444,高血压,0.7013798801929729,0.0,0.0
S2,2037,type2_diabetes,39548.087564028305,818.3421222411218,8399.86377330656,345437.68229667365,25445.099351282875,14102.988212745437,0.0,2型糖尿病,0.7013798801929729,27738.232917519374,573.9686996543412
S2,2038,dementia,134631.92380804312,7475.523667536245,39874.63870516881,237560.27899998263,49263.07371681764,85368.85009122547,0.0,痴呆,0.6809513399931775,91677.78892294633,5090.467858559518
S2,2038,depression,44165.3605770099,0.0,239486.20234390214,279565.30674219516,44165.3605770099,0.0,0.0,抑郁症,0.6809513399931775,30074.461466196746,0.0
S2,2038,hypertension,0.0,0.0,0.0,0.0,0.0,0.0,429395.6825613887,高血压,0.6809513399931775,0.0,0.0
S2,2038,type2_diabetes,40255.45894547849,847.4485973416047,8367.49791719038,349323.4594231784,25776.542494394653,14478.91645108383,0.0,2型糖尿病,0.6809513399931775,27412.00871096392,577.0712579351044
S2,2039,dementia,155786.8374840003,8687.291217159343,46040.01654245127,274555.04481565417,56964.822735456466,98822.01474854386,0.0,痴呆,0.661117805818619,102993.45217284407,5743.3229079957455
S2,2039,depression,44384.573584136066,0.0,240696.46644886714,281255.6774584098,44384.573584136066,0.0,0.0,抑郁症,0.661117805818619,29343.431900139076,0.0
S2,2039,hypertension,0.0,0.0,0.0,0.0,0.0,0.0,433133.7115615632,高血压,0.661117805818619,0.0,0.0
S2,2039,type2_diabetes,40905.60582621761,876.9996023503096,8308.932175342296,352606.2163324497,26050.80648719395,14854.799339023653,0.0,2型糖尿病,0.661117805818619,27043.424369510303,579.800052809638
S2,2040,dementia,161276.3957135411,9023.660986130019,47556.27290776157,283796.6927617324,58901.297662917226,102375.09805062388,0.0,痴呆,0.6418619473967174,103517.1814218171,5791.944613205197
S2,2040,depression,44449.41606755008,0.0,240926.91671698572,282202.66254564293,44449.41606755008,0.0,0.0,抑郁症,0.6418619473967174,28530.38875776464,0.0
S2,2040,hypertension,0.0,0.0,0.0,0.0,0.0,0.0,436063.23669956054,高血压,0.6418619473967174,0.0,0.0
S2,2040,type2_diabetes,41482.31060823312,904.0948658783616,8238.697358809053,355362.25450701505,26276.79526001983,15205.51534821329,0.0,2型糖尿病,0.6418619473967174,26625.91666951602,580.3040912440592
S2,2041,dementia,166439.45292323813,9340.115060415295,48979.42436830793,292468.3211842653,60717.96031473699,105721.49260850115,0.0,痴呆,0.6231669392201139,103719.56444364454,5820.450914162689
S2,2041,depression,44482.01020500514,0.0,240944.5476776296,282984.6680373674,44482.01020500514,0.0,0.0,抑郁症,0.6231669392201139,27719.718149810928,0.0
S2,2041,hypertension,0.0,0.0,0.0,0.0,0.0,0.0,438594.441616413,高血压,0.6231669392201139,0.0,0.0
S2,2041,type2_diabetes,42042.70316294137,929.7559604211351,8161.913443763347,358069.8318380059,26500.642177399895,15542.060985541477,0.0,2型糖尿病,0.6231669392201139,26199.622646589974,579.3931760772962
S2,2042,dementia,170994.8422107107,9617.966083665104,50237.04776327644,300114.36647761357,62318.60832530001,108676.23388541068,0.0,痴呆,0.6050164458447708,103454.69169211156,5819.02765619461
S2,2042,depression,44513.40456185767,0.0,240932.97472278692,283748.65568274126,44513.40456185767,0.0,0.0,抑郁症,0.6050164458447708,26931.341820465535,0.0
S2,2042,hypertension,0.0,0.0,0.0,0.0,0.0,0.0,440791.76925279235,高血压,0.6050164458447708,0.0,0.0
S2,2042,type2_diabetes,42574.70578192535,952.7069983207093,8082.843769837125,360782.83911357407,26724.35303672271,15850.35274520264,0.0,2型糖尿病,0.6050164458447708,25758.39717506729,576.4034020554355
S2,2043,dementia,175058.2579309338,9866.034773547815,51356.38353433881,306922.06214179425,63743.52354607396,111314.73438485985,0.0,痴呆,0.5873946076162823,102828.27672733078,5795.255624536715
S2,2043,depression,44519.11835031058,0.0,240777.30356972507,284329.2319319417,44519.11835031058,0.0,0.0,抑郁症,0.5873946076162823,26150.290054803514,0.0
S2,2043,hypertension,0.0,0.0,0.0,0.0,0.0,0.0,442566.11525266466,高血压,0.5873946076162823,0.0,0.0
S2,2043,type2_diabetes,43055.00909867424,973.2921568102729,8008.019865471906,363201.94314654503,26926.08654463359,16128.922554040655,0.0,2型糖尿病,0.5873946076162823,25290.28017543122,571.7065645455754
S2,2044,dementia,178461.60827125693,10072.945720473728,52295.81462633787,312632.31990951416,64937.89734246046,113523.71092879647,0.0,痴呆,0.5702860268119245,101774.1615194812,5744.460193221141
S2,2044,depression,44485.09989401947,0.0,240410.49628145812,284618.71668031137,44485.09989401947,0.0,0.0,抑郁症,0.5702860268119245,25369.23087089193,0.0
S2,2044,hypertension,0.0,0.0,0.0,0.0,0.0,0.0,443921.3208526375,高血压,0.5702860268119245,0.0,0.0
S2,2044,type2_diabetes,43461.232009971645,990.7161231350628,7937.583452667872,365153.45659083466,27093.957450726,16367.274559245647,0.0,2型糖尿病,0.5702860268119245,24785.333323317962,564.9915615612084
S2,2045,dementia,180964.91170350387,10220.901391202016,52998.00758050782,316874.41622083227,65821.97717003134,115142.93453347254,0.0,痴呆,0.5536757541863345,100195.88396870093,5659.065286237932
S2,2045,depression,44411.89958661818,0.0,239821.43360628953,284628.83768243046,44411.89958661818,0.0,0.0,抑郁症,0.5536757541863345,24589.79199846858,0.0
S2,2045,hypertension,0.0,0.0,0.0,0.0,0.0,0.0,445025.0993233965,高血压,0.5536757541863345,0.0,0.0
S2,2045,type2_diabetes,43805.38671968355,1004.0998971308863,7874.278995538072,366793.69668610586,27243.533113402664,16561.853606280885,0.0,2型糖尿病,0.5536757541863345,24253.98052944483,555.9457678223644
S2,2046,dementia,182715.87728695152,10320.836251644001,53502.14501212346,319879.9285656344,66445.53763294272,116270.33965400881,0.0,痴呆,0.5375492759090627,98218.78753268994,5547.958053847237
S2,2046,depression,44278.50583012404,0.0,238915.01693777688,284211.7586918052,44278.50583012404,0.0,0.0,抑郁症,0.5375492759090627,23801.878747318387,0.0
S2,2046,hypertension,0.0,0.0,0.0,0.0,0.0,0.0,445668.0170868649,高血压,0.5375492759090627,0.0,0.0
S2,2046,type2_diabetes,44055.986995054045,1013.8062479643972,7808.516992007556,367803.7477846573,27348.992145886925,16706.994849167124,0.0,2型糖尿病,0.5375492759090627,23682.263908650384,544.9708145053454
S2,2047,dementia,183868.25353822182,10382.676214705018,53851.670271887866,321906.487619019,66863.02330526724,117005.23023295458,0.0,痴呆,0.5218925008825851,95959.46267197581,5418.640855546534
S2,2047,depression,44089.050507646025,0.0,237720.26002330525,283393.92321553896,44089.050507646025,0.0,0.0,抑郁症,0.5218925008825851,23009.744830973992,0.0
S2,2047,hypertension,0.0,0.0,0.0,0.0,0.0,0.0,445913.5237697577,高血压,0.5218925008825851,0.0,0.0
S2,2047,type2_diabetes,44212.94191125977,1020.457260038602,7730.276827965788,368160.32844556216,27406.704312644608,16806.237598615167,0.0,2型糖尿病,0.5218925008825851,23074.402825443824,532.5689914853365
S2,2048,dementia,184579.62079121755,10417.724969678653,54079.86862638167,323188.03508334374,67124.26061316507,117455.3601780525,0.0,痴呆,0.5066917484296942,93524.97078319195,5278.57527954616
S2,2048,depression,43857.86398513396,0.0,236301.38585335863,282285.9682134469,43857.86398513396,0.0,0.0,抑郁症,0.5066917484296942,22222.417785019243,0.0
S2,2048,hypertension,0.0,0.0,0.0,0.0,0.0,0.0,445791.1710424262,高血压,0.5066917484296942,0.0,0.0
S2,2048,type2_diabetes,44308.95325036964,1024.893943484323,7653.968229661558,368103.69208003825,27434.227414526194,16874.72583584345,0.0,2型糖尿病,0.5066917484296942,22450.980993519377,519.3053041790758
S2,2049,dementia,185350.34113136394,10458.297663116102,54319.45349697192,324543.0571150789,67401.60724893103,117948.73388243292,0.0,痴呆,0.49193373633950893,91180.08584455443,5144.789445167459
S2,2049,depression,43597.54278937306,0.0,234725.1423699712,280995.16014531744,43597.54278937306,0.0,0.0,抑郁症,0.49193373633950893,21447.102119597905,0.0
S2,2049,hypertension,0.0,0.0,0.0,0.0,0.0,0.0,445411.9038583742,高血压,0.49193373633950893,0.0,0.0
S2,2049,type2_diabetes,44384.80714139599,1029.4810740301568,7577.819448857519,367815.24745941244,27444.363855171232,16940.443286224763,0.0,2型糖尿病,0.49193373633950893,21834.38401377545,506.43647123846563
S2,2050,dementia,186365.46761572873,10513.775289515275,54629.56684127958,326314.3458800181,67765.72573775545,118599.74187797328,0.0,痴呆,0.47760556926165915,89009.18525132543,5021.437632238109
S2,2050,depression,43302.08110445291,0.0,232958.2284537512,279502.7840898866,43302.08110445291,0.0,0.0,抑郁症,0.47760556926165915,20681.315096106766,0.0
S2,2050,hypertension,0.0,0.0,0.0,0.0,0.0,0.0,444975.59523137857,高血压,0.47760556926165915,0.0,0.0
S2,2050,type2_diabetes,44460.92179189114,1035.2326902453267,7490.19181841376,367353.9571540823,27444.03702809649,17016.88476379465,0.0,2型糖尿病,0.47760556926165915,21234.783862314274,494.4328983428981
S3,2025,dementia,0.0,0.0,0.0,0.0,0.0,0.0,0.0,痴呆,1.0,0.0,0.0
S3,2025,depression,1407.1993196741805,0.0,7480.015016371551,9100.750005764094,1407.1993196741805,0.0,0.0,抑郁症,1.0,1407.1993196741805,0.0
S3,2025,hypertension,0.0,0.0,0.0,0.0,0.0,0.0,13746.622214735991,高血压,1.0,0.0,0.0
S3,2025,type2_diabetes,0.0,0.0,0.0,0.0,0.0,0.0,0.0,2型糖尿病,1.0,0.0,0.0
S3,2026,dementia,0.0,0.0,0.0,0.0,0.0,0.0,0.0,痴呆,0.970873786407767,0.0,0.0
S3,2026,depression,8660.394696750358,0.0,46088.74082250846,55908.52643106374,8660.394696750358,0.0,0.0,抑郁症,0.970873786407767,8408.150191019766,0.0
S3,2026,hypertension,0.0,0.0,0.0,0.0,0.0,0.0,84418.52784358861,高血压,0.970873786407767,0.0,0.0
S3,2026,type2_diabetes,1795.6117580902771,31.227845625189783,488.06156550800443,17114.73660667743,1198.4828083422303,597.1289497480468,0.0,2型糖尿病,0.970873786407767,1743.3123864954148,30.318296723485226
S3,2027,dementia,0.0,0.0,0.0,0.0,0.0,0.0,0.0,痴呆,0.9425959091337544,0.0,0.0
S3,2027,depression,14784.928992334017,0.0,78786.28157701629,95272.93383328812,14784.928992334017,0.0,0.0,抑郁症,0.9425959091337544,13936.213585007084,0.0
S3,2027,hypertension,0.0,0.0,0.0,0.0,0.0,0.0,143927.1657605507,高血压,0.9425959091337544,0.0,0.0
S3,2027,type2_diabetes,6184.825777875629,109.33648546682227,1643.8644684478784,58435.7432442854,4114.818834723116,2070.006943152512,0.0,2型糖尿病,0.9425959091337544,5829.791476930558,103.06012392008886
S3,2028,dementia,0.0,0.0,0.0,0.0,0.0,0.0,0.0,痴呆,0.9151416593531596,0.0,0.0
S3,2028,depression,21171.770094750405,0.0,112987.11526745738,136173.90238060022,21171.770094750405,0.0,0.0,抑郁症,0.9151416593531596,19375.168815953486,0.0
S3,2028,hypertension,0.0,0.0,0.0,0.0,0.0,0.0,206090.51636002102,高血压,0.9151416593531596,0.0,0.0
S3,2028,type2_diabetes,13409.20672264503,241.0198361343116,3476.5965117552546,125519.89584650901,8889.681889786329,4519.5248328587,0.0,2型糖尿病,0.9151416593531596,12271.323690770916,220.56729277698054
S3,2029,dementia,0.0,0.0,0.0,0.0,0.0,0.0,0.0,痴呆,0.8884870479156888,0.0,0.0
S3,2029,depression,27809.168170399105,0.0,148644.3214048619,178483.16016489486,27809.168170399105,0.0,0.0,抑郁症,0.8884870479156888,24708.085732708838,0.0
S3,2029,hypertension,0.0,0.0,0.0,0.0,0.0,0.0,270703.87586344173,高血压,0.8884870479156888,0.0,0.0
S3,2029,type2_diabetes,23662.55035413241,429.76156346179846,6000.646212156875,219758.8018679861,15653.043857595467,8009.506496536942,0.0,2型糖尿病,0.8884870479156888,21023.869510299442,381.8375828278042
S3,2030,dementia,8696.896635781723,460.90222589932006,2588.3158791857845,15250.26552900016,3135.1713636605577,5561.725272121165,0.0,痴呆,0.8626087843841639,7502.019434906396,397.5783088029678
S3,2030,depression,34685.961131922304,0.0,185702.5218292708,222111.31360783934,34685.961131922304,0.0,0.0,抑郁症,0.8626087843841639,29920.414767203856,0.0
S3,2030,hypertension,0.0,0.0,0.0,0.0,0.0,0.0,337606.13379541284,高血压,0.8626087843841639,0.0,0.0
S3,2030,type2_diabetes,29690.96175493126,542.543489718435,7391.307842047615,273955.30357275315,19620.62470185691,10070.337053074352,0.0,2型糖尿病,0.8626087843841639,25611.684426617954,468.00278014156135
S3,2031,dementia,21347.136392510485,1133.231456846619,6368.893890072628,37552.72378176648,7726.873896852327,13620.262495658157,0.0,痴呆,0.8374842566836542,17877.890654006227,949.0635042877253
S3,2031,depression,41802.583700432384,0.0,224192.8171640409,267033.130192077,41802.583700432384,0.0,0.0,抑郁症,0.8374842566836542,35009.005737812855,0.0
S3,2031,hypertension,0.0,0.0,0.0,0.0,0.0,0.0,406665.56702758255,高血压,0.8374842566836542,0.0,0.0
S3,2031,type2_diabetes,35957.30197083546,660.1183207807641,8800.968450660046,329868.86172494333,23748.955659749823,12208.34631108564,0.0,2型糖尿病,0.8374842566836542,30113.674313394833,552.8387012023402
S3,2032,dementia,38824.46226365911,2070.5204783013933,11594.771016796203,68446.49303346247,14099.112671395204,24725.3495922639,0.0,痴呆,0.8130915113433536,31567.840699051583,1683.522624969443
S3,2032,depression,49227.36398323499,0.0,264530.7448723422,313707.1273749205,49227.36398323499,0.0,0.0,抑郁症,0.8130915113433536,40026.351780577905,0.0
S3,2032,hypertension,0.0,0.0,0.0,0.0,0.0,0.0,478226.93064788,高血压,0.8130915113433536,0.0,0.0
S3,2032,type2_diabetes,42579.931145233786,790.7894949932619,10226.5512464997,387983.07137034624,28068.220676981247,14511.710468252535,0.0,2型糖尿病,0.8130915113433536,34621.38056777407,642.9842256385186
S3,2033,dementia,63005.78337395217,3390.079997635051,18792.98731766754,111135.05778244551,22926.32897731578,40079.45439663638,0.0,痴呆,0.7894092343139355,49737.34721058127,2676.1604551960736
S3,2033,depression,56995.91063784131,0.0,306923.4106728431,362466.12645712576,56995.91063784131,0.0,0.0,抑郁症,0.7894092343139355,44993.098175643805,0.0
S3,2033,hypertension,0.0,0.0,0.0,0.0,0.0,0.0,552849.8042897434,高血压,0.7894092343139355,0.0,0.0
S3,2033,type2_diabetes,49722.761049595385,946.1662247453528,11634.098493880181,448789.0357069594,32614.590534948846,17108.170514646547,0.0,2型糖尿病,0.7894092343139355,39251.60672813587,746.9123550099359
S3,2034,dementia,94663.31466906969,5139.55014598742,28193.64851515066,167040.91435011697,34511.14728099121,60152.16738807847,0.0,痴呆,0.7664167323436267,72551.5483014849,3939.0372286038883
S3,2034,depression,65057.131635023725,0.0,351095.92501874163,412899.74123024347,65057.131635023725,0.0,0.0,抑郁症,0.7664167323436267,49860.87424336407,0.0
S3,2034,hypertension,0.0,0.0,0.0,0.0,0.0,0.0,630024.6272342745,高血压,0.7664167323436267,0.0,0.0
S3,2034,type2_diabetes,57258.410365860516,1117.9508425813842,13027.846088604629,511772.75763053255,37353.770954557265,19904.63941130325,0.0,2型糖尿病,0.7664167323436267,43883.80377179326,856.8162316920287
S3,2035,dementia,120828.19802664798,6607.264200523316,35942.77805942511,213303.63214874233,44123.34493589248,76704.8530907555,0.0,痴呆,0.7440939148967249,89907.52689956523,4916.425085724373
S3,2035,depression,66206.3221195824,0.0,357919.22945804434,419584.93911596184,66206.3221195824,0.0,0.0,抑郁症,0.7440939148967249,49263.721416873705,0.0
S3,2035,hypertension,0.0,0.0,0.0,0.0,0.0,0.0,640963.0082009211,高血压,0.7440939148967249,0.0,0.0
S3,2035,type2_diabetes,58778.874923927506,1172.8268306643138,13045.183278142562,520877.2588441605,38160.3128846134,20618.562039314107,0.0,2型糖尿病,0.7440939148967249,43737.003155370156,872.6933079249276
S3,2036,dementia,148845.89006072545,8188.9504497421785,44218.29603504516,262805.22899755626,54418.856317733174,94427.03374299227,0.0,痴呆,0.7224212765987621,107529.43791414828,5915.872037906752
S3,2036,depression,67165.1589484183,0.0,363602.71295947576,425272.6783778873,67165.1589484183,0.0,0.0,抑郁症,0.7224212765987621,48521.53987047512,0.0
S3,2036,hypertension,0.0,0.0,0.0,0.0,0.0,0.0,650686.7665916795,高血压,0.7224212765987621,0.0,0.0
S3,2036,type2_diabetes,60156.165143168386,1224.3029016761918,13044.498351816432,528937.240044784,38869.70844921119,21286.45669395719,0.0,2型糖尿病,0.7224212765987621,43458.093618013656,884.4624651724832
S3,2037,dementia,177982.0976273992,9838.435751694404,52805.27772772757,314240.7044273692,65121.34145975979,112860.7561676394,0.0,痴呆,0.7013798801929729,124833.06231039925,6900.480888809682
S3,2037,depression,67958.81521932936,0.0,368286.24555598095,430075.9350596021,67958.81521932936,0.0,0.0,抑郁症,0.7013798801929729,47664.94567658962,0.0
S3,2037,hypertension,0.0,0.0,0.0,0.0,0.0,0.0,659160.1257733847,高血压,0.7013798801929729,0.0,0.0
S3,2037,type2_diabetes,61365.44920351658,1269.7941930107859,13033.788621580738,536004.1370303346,39482.31249340692,21883.13671010966,0.0,2型糖尿病,0.7013798801929729,43040.49141035043,890.6080989636378
S3,2038,dementia,208903.86844214646,11599.520890793709,61872.14772418683,368614.36624830577,76439.86938392857,132463.99905821792,0.0,痴呆,0.6809513399931775,142253.3691454381,7898.709293864831
S3,2038,depression,68529.91782866095,0.0,371602.75730362465,433792.16762831016,68529.91782866095,0.0,0.0,抑郁症,0.6809513399931775,46665.53937504902,0.0
S3,2038,hypertension,0.0,0.0,0.0,0.0,0.0,0.0,666278.9674410705,高血压,0.6809513399931775,0.0,0.0
S3,2038,type2_diabetes,62463.05379706627,1314.9577402083482,12983.567601507126,542033.5678716248,39996.60177046846,22466.45202659781,0.0,2型糖尿病,0.6809513399931775,42534.30018317821,895.4222352292753
S3,2039,dementia,241729.24282934368,13479.780205292427,71438.75900170449,426017.91120562895,88390.4166111844,153338.8262181593,0.0,痴呆,0.661117805818619,159811.50662153185,8911.722712240184
S3,2039,depression,68870.06334471784,0.0,373480.68377315893,436415.0595229663,68870.06334471784,0.0,0.0,抑郁症,0.661117805818619,45531.22516504916,0.0
S3,2039,hypertension,0.0,0.0,0.0,0.0,0.0,0.0,672079.142439711,高血压,0.661117805818619,0.0,0.0
S3,2039,type2_diabetes,63471.865040347766,1360.8110496468903,12892.693092073036,547127.3123425202,40422.16806596275,23049.696974385006,0.0,2型糖尿病,0.661117805818619,41962.38014669023,899.656415276284
S3,2040,dementia,250247.20734884794,14001.7139634786,73791.48346187768,440357.8682686271,91395.18020696104,158852.02714188688,0.0,痴呆,0.6418619473967174,160624.1598395217,8987.167391490186
S3,2040,depression,68970.67726481527,0.0,373838.26577252307,437884.4647166564,68970.67726481527,0.0,0.0,抑郁症,0.6418619473967174,44269.65322246483,0.0
S3,2040,hypertension,0.0,0.0,0.0,0.0,0.0,0.0,676624.7889455045,高血压,0.6418619473967174,0.0,0.0
S3,2040,type2_diabetes,64366.718627108494,1402.8538668879173,12783.712068418954,551403.7649100542,40772.82731179758,23593.891315310924,0.0,2型糖尿病,0.6418619473967174,41314.547365532424,900.438514913694
S3,2041,dementia,258258.55111922795,14492.74520207793,75999.74014482548,453813.3450375908,94214.03508836808,164044.51603085984,0.0,痴呆,0.6231669392201139,160938.1908283906,9031.399668475895
S3,2041,depression,69021.25250143305,0.0,373865.62314645556,439097.87657131563,69021.25250143305,0.0,0.0,抑郁症,0.6231669392201139,43011.76266245666,0.0
S3,2041,hypertension,0.0,0.0,0.0,0.0,0.0,0.0,680552.3752414882,高血压,0.6231669392201139,0.0,0.0
S3,2041,type2_diabetes,65236.261074497466,1442.6713319201208,12664.569026906365,555605.0224019748,41120.1631119323,24116.09796256516,0.0,2型糖尿病,0.6231669392201139,40653.08113995884,899.0250782132667
S3,2042,dementia,265326.9968302896,14923.87737315389,77951.1524460183,465677.4586511031,96697.70725142505,168629.28957886453,0.0,痴呆,0.6050164458447708,160527.19660892859,9029.19124652876
S3,2042,depression,69069.96607848255,0.0,373847.66577819135,440283.3307343874,69069.96607848255,0.0,0.0,抑郁症,0.6050164458447708,41788.465391422396,0.0
S3,2042,hypertension,0.0,0.0,0.0,0.0,0.0,0.0,683961.8952906039,高血压,0.6050164458447708,0.0,0.0
S3,2042,type2_diabetes,66061.75180495426,1478.2836923942932,12541.879249530843,559814.705357898,41467.28779531486,24594.464009639392,0.0,2型糖尿病,0.6050164458447708,39968.44628331279,894.3859455226797
S3,2043,dementia,271632.0635561692,15308.797290288567,79687.98845078345,476240.7330900235,98908.700702326,172723.36285384322,0.0,痴呆,0.5873946076162823,159555.20938857706,8992.304977406258
S3,2043,depression,69078.83197356532,0.0,373606.1160390237,441184.19154773006,69078.83197356532,0.0,0.0,抑郁症,0.5873946076162823,40576.53340170349,0.0
S3,2043,hypertension,0.0,0.0,0.0,0.0,0.0,0.0,686715.0888337396,高血压,0.5873946076162823,0.0,0.0
S3,2043,type2_diabetes,66807.02245144296,1510.2249966505992,12425.777491257475,563568.3484490579,41780.31095508991,25026.71149635305,0.0,2型糖尿病,0.5873946076162823,39242.08473887749,887.0980193198799
S3,2044,dementia,276912.9288342373,15629.854109601949,81145.67236186867,485101.14972626907,100761.97070971907,176150.95812451822,0.0,痴呆,0.5702860268119245,157919.57395773038,8913.487399814925
S3,2044,depression,69026.04666888693,0.0,373036.95339672954,441633.37538228364,69026.04666888693,0.0,0.0,抑郁症,0.5702860268119245,39364.58990133401,0.0
S3,2044,hypertension,0.0,0.0,0.0,0.0,0.0,0.0,688817.9161896978,高血压,0.5702860268119245,0.0,0.0
S3,2044,type2_diabetes,67437.34500213942,1537.261184397898,12316.483657389883,566596.446810114,42040.79064437663,25396.55435776279,0.0,2型糖尿病,0.5702860268119245,38458.57554001509,876.6785730224705
S3,2045,dementia,280797.2213266072,15859.431992015345,82235.24176242239,491683.4691693311,102133.76790883324,178663.453417774,0.0,痴呆,0.5536757541863345,155470.61329143634,8780.982969145978
S3,2045,depression,68912.4641919026,0.0,372122.9244790928,441649.0798039051,68912.4641919026,0.0,0.0,抑郁症,0.5536757541863345,38155.16058429045,0.0
S3,2045,hypertension,0.0,0.0,0.0,0.0,0.0,0.0,690530.6124501592,高血压,0.5536757541863345,0.0,0.0
S3,2045,type2_diabetes,67971.35839337573,1558.0283403814178,12218.256241410141,569141.5526912764,42272.882214296595,25698.476179079138,0.0,2型糖尿病,0.5536757541863345,37634.093121521946,862.6425164043646
S3,2046,dementia,283514.13625692355,16014.497583801156,83017.49501047932,496347.0224910157,103101.32589378409,180412.81036313943,0.0,痴呆,0.5375492759090627,152402.8186548926,8608.581580219745
S3,2046,depression,68705.4815464092,0.0,370716.46794845065,441001.9122367848,68705.4815464092,0.0,0.0,抑郁症,0.5375492759090627,36932.58185625573,0.0
S3,2046,hypertension,0.0,0.0,0.0,0.0,0.0,0.0,691528.2065131408,高血压,0.5375492759090627,0.0,0.0
S3,2046,type2_diabetes,68360.20648732562,1573.0893614247489,12116.215532598617,570708.8153125285,42436.51947970133,25923.687007624292,0.0,2型糖尿病,0.5375492759090627,36746.979498255896,845.6130471741235
S3,2047,dementia,285302.24007347797,16110.452593150836,83559.84170521377,499491.56662218424,103749.12449534096,181553.11557813696,0.0,痴呆,0.5218925008825851,148897.0995793511,8407.924394189818
S3,2047,depression,68411.51003769746,0.0,368862.60346949555,439732.90418944496,68411.51003769746,0.0,0.0,抑郁症,0.5218925008825851,35703.454062728,0.0
S3,2047,hypertension,0.0,0.0,0.0,0.0,0.0,0.0,691909.1510494293,高血压,0.5218925008825851,0.0,0.0
S3,2047,type2_diabetes,68603.74819897147,1583.4095151598897,11994.812878060464,571262.1096380324,42526.069525120314,26077.67867385116,0.0,2型糖尿病,0.5218925008825851,35803.781717480364,826.3695517880764
S3,2048,dementia,286406.0449277097,16164.836577951593,83913.92948527,501480.1011043282,104154.47771809576,182251.56720961392,0.0,痴呆,0.5066917484296942,145119.57966525477,8190.589308762568
S3,2048,depression,68052.7856169329,0.0,366660.9837157949,438013.7273445321,68052.7856169329,0.0,0.0,抑郁症,0.5066917484296942,34481.78492975488,0.0
S3,2048,hypertension,0.0,0.0,0.0,0.0,0.0,0.0,691719.3004008528,高血压,0.5066917484296942,0.0,0.0
S3,2048,type2_diabetes,68752.72579349026,1590.2937689731666,11876.407369691726,571174.2288775275,42568.776204873226,26183.94958861704,0.0,2型糖尿病,0.5066917484296942,34836.438841610914,805.788730317862
S3,2049,dementia,287601.9459888368,16227.791873935374,84285.68534280252,503582.6436235706,104584.82724792595,183017.1187409109,0.0,痴呆,0.49193373633950893,141481.09986880215,7982.99828908495
S3,2049,depression,67648.85389484391,0.0,364215.1792440721,436010.8234921511,67648.85389484391,0.0,0.0,抑郁症,0.49193373633950893,33278.75345557611,0.0
S3,2049,hypertension,0.0,0.0,0.0,0.0,0.0,0.0,691130.8041535986,高血压,0.49193373633950893,0.0,0.0
S3,2049,type2_diabetes,68870.42574773278,1597.4114665367852,11758.24984481078,570726.6589745227,42584.504581940746,26285.92116579203,0.0,2型糖尿病,0.49193373633950893,33879.68586137491,785.8205912050151
S3,2050,dementia,289177.08391707623,16313.87465756476,84766.87788205325,506331.0933571679,105149.81776975183,184027.26614732438,0.0,痴呆,0.47760556926165915,138112.58578164177,7791.597392689572
S3,2050,depression,67190.39584707611,0.0,361473.51781740395,433695.15331280755,67190.39584707611,0.0,0.0,抑郁症,0.47760556926165915,32090.507257459005,0.0
S3,2050,hypertension,0.0,0.0,0.0,0.0,0.0,0.0,690453.7986007098,高血压,0.47760556926165915,0.0,0.0
S3,2050,type2_diabetes,68988.53031375105,1606.3360576973232,11622.280971572203,570010.8901840852,42583.997455263074,26404.53285848796,0.0,2型糖尿病,0.47760556926165915,32949.306293024296,767.1950472620595
S4,2025,dementia,0.0,0.0,0.0,0.0,0.0,0.0,0.0,痴呆,1.0,0.0,0.0
S4,2025,depression,2871.835346273732,0.0,15265.336768104715,18572.959195436175,2871.835346273732,0.0,0.0,抑郁症,1.0,2871.835346273732,0.0
S4,2025,hypertension,0.0,0.0,0.0,0.0,0.0,0.0,28054.33105047963,高血压,1.0,0.0,0.0
S4,2025,type2_diabetes,0.0,0.0,0.0,0.0,0.0,0.0,0.0,2型糖尿病,1.0,0.0,0.0
S4,2026,dementia,0.0,0.0,0.0,0.0,0.0,0.0,0.0,痴呆,0.970873786407767,0.0,0.0
S4,2026,depression,17674.27489132747,0.0,94058.65473981414,114099.03353278474,17674.27489132747,0.0,0.0,抑郁症,0.970873786407767,17159.490185754825,0.0
S4,2026,hypertension,0.0,0.0,0.0,0.0,0.0,0.0,172282.70988487144,高血压,0.970873786407767,0.0,0.0
S4,2026,type2_diabetes,3664.5137920210427,63.73029719426745,996.0440112408412,34928.033891178784,2445.883282331114,1218.630509689929,0.0,2型糖尿病,0.970873786407767,3557.780380602954,61.874074945890726
S4,2027,dementia,0.0,0.0,0.0,0.0,0.0,0.0,0.0,痴呆,0.9425959091337544,0.0,0.0
S4,2027,depression,30173.32447415133,0.0,160788.3297490142,194434.55884344695,30173.32447415133,0.0,0.0,抑郁症,0.9425959091337544,28441.25221430043,0.0
S4,2027,hypertension,0.0,0.0,0.0,0.0,0.0,0.0,293728.90971543343,高血压,0.9425959091337544,0.0,0.0
S4,2027,type2_diabetes,12622.093424235954,223.13568462616712,3354.825445811948,119256.618865888,8397.589458618582,4224.503965617372,0.0,2型糖尿病,0.9425959091337544,11897.533626388871,210.3267835103847
S4,2028,dementia,0.0,0.0,0.0,0.0,0.0,0.0,0.0,痴呆,0.9151416593531596,0.0,0.0
S4,2028,depression,43207.694070919286,0.0,230585.94952542364,277905.9232257156,43207.694070919286,0.0,0.0,抑郁症,0.9151416593531596,39541.16084888475,0.0
S4,2028,hypertension,0.0,0.0,0.0,0.0,0.0,0.0,420592.89053066896,高血压,0.9151416593531596,0.0,0.0
S4,2028,type2_diabetes,27365.72800539794,491.87721660062925,7095.094921949428,256163.05274797717,18142.20793833943,9223.52006705851,0.0,2型糖尿病,0.9151416593531596,25043.517736267102,450.13733219791334
S4,2029,dementia,0.0,0.0,0.0,0.0,0.0,0.0,0.0,痴呆,0.8884870479156888,0.0,0.0
S4,2029,depression,56753.404429385984,0.0,303355.7579691061,364251.34727529646,56753.404429385984,0.0,0.0,抑郁症,0.8884870479156888,50424.66476063033,0.0
S4,2029,hypertension,0.0,0.0,0.0,0.0,0.0,0.0,552456.8895172582,高血压,0.8884870479156888,0.0,0.0
S4,2029,type2_diabetes,48290.9190900667,877.0644152281772,12246.216759503826,448487.350750995,31944.98746448082,16345.931625585876,0.0,2型糖尿病,0.8884870479156888,42905.85614346874,779.260373117983
S4,2030,dementia,16135.244222230445,855.1061704997185,4802.070276782788,28293.62806864747,5816.644459481875,10318.59976274857,0.0,痴呆,0.8626087843841639,13918.403404279808,737.6220942541597
S4,2030,depression,64352.43252675753,0.0,344531.5803882573,412080.35919821827,64352.43252675753,0.0,0.0,抑郁症,0.8626087843841639,55510.973594070245,0.0
S4,2030,hypertension,0.0,0.0,0.0,0.0,0.0,0.0,626356.4634423584,高血压,0.8626087843841639,0.0,0.0
S4,2030,type2_diabetes,55085.27227260069,1006.5741924275515,13713.001562240574,508265.8693372112,36401.90111661817,18683.371155982524,0.0,2型糖尿病,0.8626087843841639,47517.03975253877,868.2797405224017
S4,2031,dementia,33511.98805731598,1779.0132760543265,9998.26356369321,58952.470615017504,12130.100309030227,21381.887748285753,0.0,痴呆,0.8374842566836542,28065.762408172774,1489.8956111267103
S4,2031,depression,65624.1502361577,0.0,351951.0473532831,419204.28601582005,65624.1502361577,0.0,0.0,抑郁症,0.8374842566836542,54959.192681024986,0.0
S4,2031,hypertension,0.0,0.0,0.0,0.0,0.0,0.0,638407.4835598017,高血压,0.8374842566836542,0.0,0.0
S4,2031,type2_diabetes,56447.88378467108,1036.2924973010317,13816.277002606288,517847.5066325671,37282.50496036094,19165.378824310144,0.0,2型糖尿病,0.8374842566836542,47274.21399277056,867.8786518090023
S4,2032,dementia,52822.397637630944,2817.0346643556086,15775.198662307619,93124.48031763519,19182.46621958515,33639.9314180458,0.0,痴呆,0.8130915113433536,42949.443127960934,2290.5069727475184
S4,2032,depression,66976.00541936739,0.0,359905.7753365203,426812.41819717106,66976.00541936739,0.0,0.0,抑郁症,0.8130915113433536,54457.62147017407,0.0
S4,2032,hypertension,0.0,0.0,0.0,0.0,0.0,0.0,650648.8852352287,高血压,0.8130915113433536,0.0,0.0
S4,2032,type2_diabetes,57931.87910916142,1075.9040748207588,13913.675165305565,527868.1243133943,38188.055342831496,19743.823766329915,0.0,2型糖尿病,0.8130915113433536,47103.91913982851,874.8084702564832
S4,2033,dementia,75637.19492671327,4069.7238867167453,22560.609024810976,133415.43551313988,27522.603814304668,48114.591112408605,0.0,痴呆,0.7894092343139355,59708.700132750615,3212.6776172821997
S4,2033,depression,68422.46175010953,0.0,368455.4749974102,435133.4051105946,68422.46175010953,0.0,0.0,抑郁症,0.7894092343139355,54013.32314002851,0.0
S4,2033,hypertension,0.0,0.0,0.0,0.0,0.0,0.0,663685.2392434158,高血压,0.7894092343139355,0.0,0.0
S4,2033,type2_diabetes,59691.189735408516,1135.8538112189003,13966.504794574012,538762.3477874657,39153.16990990254,20538.019825505966,0.0,2型糖尿病,0.7894092343139355,47120.77638431668,896.6534874068775
S4,2034,dementia,101679.17794744342,5520.462025765229,30283.188523255325,179420.96063385298,37068.90148334181,64610.2764641016,0.0,痴呆,0.7664167323436267,77928.62330986574,4230.974466814065
S4,2034,depression,69878.76652526674,0.0,377116.99787190073,443501.3332226002,69878.76652526674,0.0,0.0,抑郁症,0.7664167323436267,53556.25590049814,0.0
S4,2034,hypertension,0.0,0.0,0.0,0.0,0.0,0.0,676718.1817768704,高血压,0.7664167323436267,0.0,0.0
S4,2034,type2_diabetes,61502.051950440764,1200.8064904203798,13993.389998501274,549702.2101294649,40122.20295870807,21379.848991732688,0.0,2型糖尿病,0.7664167323436267,47136.20168828478,920.3181865650059
S4,2035,dementia,129783.24170424076,7096.954028489075,38606.635939232176,229112.3868407547,47393.49617174281,82389.74553249798,0.0,痴呆,0.7440939148967249,96570.92040769641,5280.800306900519
S4,2035,depression,71113.12794799393,0.0,384446.00371433294,450681.99690221454,71113.12794799393,0.0,0.0,抑郁症,0.7440939148967249,52914.8457753745,0.0
S4,2035,hypertension,0.0,0.0,0.0,0.0,0.0,0.0,688467.2483361108,高血压,0.7440939148967249,0.0,0.0
S4,2035,type2_diabetes,63135.203999921345,1259.749549585711,14012.012114009034,559481.4810356118,40988.52082128136,22146.683178639978,0.0,2型糖尿病,0.7440939148967249,46978.52111210484,937.3719741406177
S4,2036,dementia,159877.4329331125,8795.865144728588,47495.484462992266,282282.73791359836,58452.047602292165,101425.38533082033,0.0,痴呆,0.7224212765987621,115498.8591988721,6354.3201266453825
S4,2036,depression,72143.02787155536,0.0,390550.7120939575,456791.276453153,72143.02787155536,0.0,0.0,抑郁症,0.7224212765987621,52117.6582926691,0.0
S4,2036,hypertension,0.0,0.0,0.0,0.0,0.0,0.0,698911.6719566729,高血压,0.7224212765987621,0.0,0.0
S4,2036,type2_diabetes,64614.57050823713,1315.040710715589,14011.276425151857,568138.8185228637,41750.4924266502,22864.07808158693,0.0,2型糖尿病,0.7224212765987621,46678.94051344139,950.0133890144992
S4,2037,dementia,191173.03719376784,10567.60016293698,56718.88048090999,337530.2947662372,69947.7351877114,121225.30200605644,0.0,痴呆,0.7013798801929729,134084.92192309164,7411.90213620798
S4,2037,depression,72995.50506909686,0.0,395581.3593512138,461950.52100923844,72995.50506909686,0.0,0.0,抑郁症,0.7013798801929729,51197.57859998871,0.0
S4,2037,hypertension,0.0,0.0,0.0,0.0,0.0,0.0,708013.0244612264,高血压,0.7013798801929729,0.0,0.0
S4,2037,type2_diabetes,65913.4792733791,1363.9035370684821,13999.772955511018,575729.470494448,42408.49891880414,23504.980354574946,0.0,2型糖尿病,0.7013798801929729,46230.38819586464,956.614499423864
S4,2038,dementia,224386.53968007484,12459.206112560572,66457.73117528223,395933.7983333098,82105.12286136387,142281.416818711,0.0,痴呆,0.6809513399931775,152796.31487157926,8484.11309759931
S4,2038,depression,73608.93429501734,0.0,399143.67057317466,465942.17790366424,73608.93429501734,0.0,0.0,抑郁症,0.6809513399931775,50124.10244366182,0.0
S4,2038,hypertension,0.0,0.0,0.0,0.0,0.0,0.0,715659.4709356418,高血压,0.6809513399931775,0.0,0.0
S4,2038,type2_diabetes,67092.43157579705,1412.4143289026579,13945.829861984015,582205.7657052953,42960.904157324236,24131.52741847282,0.0,2型糖尿病,0.6809513399931775,45686.681184939574,961.7854298918294
S4,2039,dementia,259644.72914000347,14478.818695265742,76733.3609040863,457591.7413594286,94941.37122576179,164703.35791424167,0.0,痴呆,0.661117805818619,171655.75362140874,9572.204846659688
S4,2039,depression,73974.28930689333,0.0,401160.7774147778,468759.4624306822,73974.28930689333,0.0,0.0,抑郁症,0.661117805818619,48905.719833565054,0.0
S4,2039,hypertension,0.0,0.0,0.0,0.0,0.0,0.0,721889.5192692953,高血压,0.661117805818619,0.0,0.0
S4,2039,type2_diabetes,68176.0097103631,1461.6660039171888,13848.220292237334,587677.0272207533,43418.01081199019,24757.99889837291,0.0,2型糖尿病,0.661117805818619,45072.37394918411,966.3334213494009
S4,2040,dementia,268793.99285590486,15039.434976883544,79260.45484627016,472994.48793622584,98168.82943819644,170625.16341770848,0.0,痴呆,0.6418619473967174,172528.63570303045,9653.241022008777
S4,2040,depression,74082.36011258335,0.0,401544.8611949755,470337.77090940415,74082.36011258335,0.0,0.0,抑郁症,0.6418619473967174,47550.64792960765,0.0
S4,2040,hypertension,0.0,0.0,0.0,0.0,0.0,0.0,726772.0611659584,高血压,0.6418619473967174,0.0,0.0
S4,2040,type2_diabetes,69137.18434705563,1506.8247764639423,13731.16226468193,592270.4241783621,43794.65876669999,25342.525580355636,0.0,2型糖尿病,0.6418619473967174,44376.52778252698,967.1734854067694
S4,2041,dementia,277399.0882054001,15566.858434025678,81632.3739471808,487447.2019737809,101196.60052456276,176202.48768083734,0.0,痴呆,0.6231669392201139,172865.9407394096,9700.751523604598
S4,2041,depression,74136.68367500845,0.0,401574.24612938194,471641.1133956116,74136.68367500845,0.0,0.0,抑郁症,0.6231669392201139,46199.5302496848,0.0
S4,2041,hypertension,0.0,0.0,0.0,0.0,0.0,0.0,730990.7360273802,高血压,0.6231669392201139,0.0,0.0
S4,2041,type2_diabetes,70071.17193823606,1549.593267368565,13603.189072939085,596783.0530633468,44167.73696233343,25903.43497590262,0.0,2型糖尿病,0.6231669392201139,43666.037744316905,965.6552934621642
S4,2042,dementia,284991.40368452104,16029.943472775365,83728.412938795,500190.61079602817,103864.34720883446,181127.0564756866,0.0,痴呆,0.6050164458447708,172424.48615352123,9698.379426991134
S4,2042,depression,74189.00760309598,0.0,401554.95787131076,472914.4261379012,74189.00760309598,0.0,0.0,抑郁症,0.6050164458447708,44885.569700775806,0.0
S4,2042,hypertension,0.0,0.0,0.0,0.0,0.0,0.0,734652.9487546794,高血压,0.6050164458447708,0.0,0.0
S4,2042,type2_diabetes,70957.84296987602,1587.8449972011886,13471.406283062046,601304.7318559603,44540.58839453813,26417.25457533789,0.0,2型糖尿病,0.6050164458447708,42930.661958445744,960.6723367590631
S4,2043,dementia,291763.7632182263,16443.39128924656,85593.97255723232,511536.7702363294,106239.2059101244,185524.55730810197,0.0,痴呆,0.5873946076162823,171380.46121221993,9658.759374227977
S4,2043,depression,74198.53058385082,0.0,401295.5059495409,473882.05321990186,74198.53058385082,0.0,0.0,抑郁症,0.5873946076162823,43583.81675800577,0.0
S4,2043,hypertension,0.0,0.0,0.0,0.0,0.0,0.0,737610.1920878002,高血压,0.5873946076162823,0.0,0.0
S4,2043,type2_diabetes,71758.34849779084,1622.1535946837948,13346.699775786677,605336.5719109119,44876.81090772292,26881.53759006792,0.0,2型糖尿病,0.5873946076162823,42150.46695905229,952.8442742426295
S4,2044,dementia,297436.0137854316,16788.242867456414,87159.69104389742,521053.86651586276,108229.82890410195,189206.18488132968,0.0,痴呆,0.5702860268119245,169623.60253247063,9574.100322035349
S4,2044,depression,74141.83315669894,0.0,400684.1604690959,474364.52780051786,74141.83315669894,0.0,0.0,抑郁症,0.5702860268119245,42282.05145148645,0.0
S4,2044,hypertension,0.0,0.0,0.0,0.0,0.0,0.0,739868.8680877553,高血压,0.5702860268119245,0.0,0.0
S4,2044,type2_diabetes,72435.38668328652,1651.1935385584447,13229.30575444662,608589.0943180614,45156.595751210276,27278.79093207624,0.0,2型糖尿病,0.5702860268119245,41308.888872196854,941.6526026020177
S4,2045,dementia,301608.1861725099,17034.835652003567,88330.01263418069,528124.0270347263,109703.29528338673,191904.89088912314,0.0,痴呆,0.5536757541863345,166993.1399478368,9431.775477063335
S4,2045,depression,74019.83264436346,0.0,399702.38934381487,474381.3961373829,74019.83264436346,0.0,0.0,抑郁症,0.5536757541863345,40982.9866641142,0.0
S4,2045,hypertension,0.0,0.0,0.0,0.0,0.0,0.0,741708.4988723537,高血压,0.5536757541863345,0.0,0.0
S4,2045,type2_diabetes,73008.97786613968,1673.4998285514841,13123.79832589695,611322.8278101801,45405.88852233805,27603.089343801643,0.0,2型糖尿病,0.5536757541863345,40423.30088240829,926.5762797039445
S4,2046,dementia,304526.4621449227,17201.39375274021,89170.24168687343,533133.2142760633,110742.56272157241,193783.8994233503,0.0,痴呆,0.5375492759090627,163697.97922115176,9246.596756412173
S4,2046,depression,73797.50971687322,0.0,398191.6948962937,473686.26448634086,73797.50971687322,0.0,0.0,抑郁症,0.5375492759090627,39669.79791219722,0.0
S4,2046,hypertension,0.0,0.0,0.0,0.0,0.0,0.0,742780.0284781344,高血压,0.5375492759090627,0.0,0.0
S4,2046,type2_diabetes,73426.6449917572,1689.677079940669,13014.19498667942,613006.2463077658,45581.653576478486,27844.99141527871,0.0,2型糖尿病,0.5375492759090627,39470.43984775089,908.284690842246
S4,2047,dementia,306447.0892303732,17304.4603578419,89752.78378648078,536510.812698371,111438.3721754466,195008.71705492656,0.0,痴呆,0.5218925008825851,159932.43778662817,9031.068092577663
S4,2047,depression,73481.75084607652,0.0,396200.4333721744,472323.20535923034,73481.75084607652,0.0,0.0,抑郁症,0.5218925008825851,38349.57471828989,0.0
S4,2047,hypertension,0.0,0.0,0.0,0.0,0.0,0.0,743189.2062829557,高血压,0.5218925008825851,0.0,0.0
S4,2047,type2_diabetes,73688.23651876673,1700.7621000643437,12883.794713276466,613600.5474092738,45677.84052107461,28010.395997692107,0.0,2型糖尿病,0.5218925008825851,38457.338042406605,887.6149858088978
S4,2048,dementia,307632.70131869946,17362.874949464633,90133.11437730379,538646.7251389122,111873.76768860966,195758.9336300898,0.0,痴呆,0.5066917484296942,155874.95130532174,8797.625465910374
S4,2048,depression,73096.43997522308,0.0,393835.64308893,470476.61368907697,73096.43997522308,0.0,0.0,抑郁症,0.5066917484296942,37037.36297503198,0.0
S4,2048,hypertension,0.0,0.0,0.0,0.0,0.0,0.0,742985.2850707363,高血压,0.5066917484296942,0.0,0.0
S4,2048,type2_diabetes,73848.25541728316,1708.1565724738784,12756.613716102744,613506.1534667339,45723.71235754391,28124.543059739244,0.0,2型糖尿病,0.5066917484296942,37418.30165586584,865.5088402984632
S4,2049,dementia,308917.23521894345,17430.496105193713,90532.42249495421,540905.0951918042,112336.01208155292,196581.2231373905,0.0,痴呆,0.49193373633950893,151966.8097409258,8574.649075279201
S4,2049,depression,72662.57131562161,0.0,391208.57061661774,468325.26690886123,72662.57131562161,0.0,0.0,抑郁症,0.49193373633950893,35745.17019932976,0.0
S4,2049,hypertension,0.0,0.0,0.0,0.0,0.0,0.0,742353.1730973164,高血压,0.49193373633950893,0.0,0.0
S4,2049,type2_diabetes,73974.67856899372,1715.8017900502682,12629.699081429337,613025.4124323572,45740.60642528562,28234.072143708097,0.0,2型糖尿病,0.49193373633950893,36390.640022959284,844.0607853974461
S4,2050,dementia,310609.11269288475,17522.958815859005,91049.27806880031,543857.2431333695,112942.87622959362,197666.2364632911,0.0,痴呆,0.47760556926165915,148348.64208554407,8369.062720396949
S4,2050,depression,72170.13517408803,0.0,388263.7140895844,465837.97348314326,72170.13517408803,0.0,0.0,抑郁症,0.47760556926165915,34468.85849351121,0.0
S4,2050,hypertension,0.0,0.0,0.0,0.0,0.0,0.0,741625.9920523237,高血压,0.47760556926165915,0.0,0.0
S4,2050,type2_diabetes,74101.53631981893,1725.387817075551,12483.65303068973,612256.5952568068,45740.06171349437,28361.47460632457,0.0,2型糖尿病,0.47760556926165915,35391.30643719063,824.0548305715
S5,2025,dementia,0.0,0.0,0.0,0.0,0.0,0.0,0.0,痴呆,1.0,0.0,0.0
S5,2025,depression,1378.480966211464,0.0,7327.361648690608,8915.020413809902,1378.480966211464,0.0,0.0,抑郁症,1.0,1378.480966211464,0.0
S5,2025,hypertension,0.0,0.0,0.0,0.0,0.0,0.0,13466.078904223075,高血压,1.0,0.0,0.0
S5,2025,type2_diabetes,0.0,0.0,0.0,0.0,0.0,0.0,0.0,2型糖尿病,1.0,0.0,0.0
S5,2026,dementia,0.0,0.0,0.0,0.0,0.0,0.0,0.0,痴呆,0.970873786407767,0.0,0.0
S5,2026,depression,8483.651947837538,0.0,45148.154275112676,54767.536095738884,8483.651947837538,0.0,0.0,抑郁症,0.970873786407767,8236.555289162658,0.0
S5,2026,hypertension,0.0,0.0,0.0,0.0,0.0,0.0,82695.70074473479,高血压,0.970873786407767,0.0,0.0
S5,2026,type2_diabetes,1758.966620170296,30.590542653253017,478.10112539563556,16765.456267767466,1174.023975519052,584.9426446512439,0.0,2型糖尿病,0.970873786407767,1707.7345826896078,29.699555974032055
S5,2027,dementia,0.0,0.0,0.0,0.0,0.0,0.0,0.0,痴呆,0.9425959091337544,0.0,0.0
S5,2027,depression,14483.195747592628,0.0,77178.39827952672,93328.58824485459,14483.195747592628,0.0,0.0,抑郁症,0.9425959091337544,13651.801062864199,0.0
S5,2027,hypertension,0.0,0.0,0.0,0.0,0.0,0.0,140989.87666341028,高血压,0.9425959091337544,0.0,0.0
S5,2027,type2_diabetes,6058.604843633361,107.10512862056572,1610.3162139896945,57243.17705562641,4030.842940136947,2027.761903496414,0.0,2型糖尿病,0.9425959091337544,5710.816140666756,100.95685608498984
S5,2028,dementia,0.0,0.0,0.0,0.0,0.0,0.0,0.0,痴呆,0.9151416593531596,0.0,0.0
S5,2028,depression,20739.693154041284,0.0,110681.25577220344,133394.8431483438,20739.693154041284,0.0,0.0,抑郁症,0.9151416593531596,18979.757207464707,0.0
S5,2028,hypertension,0.0,0.0,0.0,0.0,0.0,0.0,201884.587454722,高血压,0.9151416593531596,0.0,0.0
S5,2028,type2_diabetes,13135.549442590847,236.10106396829937,3405.6455625356903,122958.26531902775,8708.259810402822,4427.289632188025,0.0,2型糖尿病,0.9151416593531596,12020.88851340806,216.06591945499596
S5,2029,dementia,0.0,0.0,0.0,0.0,0.0,0.0,0.0,痴呆,0.8884870479156888,0.0,0.0
S5,2029,depression,27241.63412610516,0.0,145610.76382517035,174840.6466921416,27241.63412610516,0.0,0.0,抑郁症,0.8884870479156888,24203.83908510246,0.0
S5,2029,hypertension,0.0,0.0,0.0,0.0,0.0,0.0,265179.306968266,高血压,0.8884870479156888,0.0,0.0
S5,2029,type2_diabetes,23179.641163231623,420.9909193095174,5878.184044561716,215273.9283604743,15333.593982950544,7846.047180281079,0.0,2型糖尿病,0.8884870479156888,20594.810948864648,374.044979096625
S5,2030,dementia,7744.917226670614,410.4509618398649,2304.993732855738,13580.941472950784,2791.989340551299,4952.927886119314,0.0,痴呆,0.8626087843841639,6680.833634054308,354.0586052419967
S5,2030,depression,30889.16761284359,0.0,165375.1585863632,197798.57241514485,30889.16761284359,0.0,0.0,抑郁症,0.8626087843841639,26645.267325153694,0.0
S5,2030,hypertension,0.0,0.0,0.0,0.0,0.0,0.0,300651.1024523223,高血压,0.8626087843841639,0.0,0.0
S5,2030,type2_diabetes,26440.930690848487,483.15561236522626,6582.240749875478,243967.61728186253,17472.912535976826,8968.018154871663,0.0,2型糖尿病,0.8626087843841639,22808.179081218743,416.77427545075415
S5,2031,dementia,16085.754267511835,853.9263725060857,4799.166510572787,28297.18589520868,5822.448148334568,10263.306119177265,0.0,痴呆,0.8374842566836542,13471.565955923068,715.1498933408284
S5,2031,depression,31499.592113355513,0.0,168936.50272957486,201218.0572875926,31499.592113355513,0.0,0.0,抑郁症,0.8374842566836542,26380.412486891837,0.0
S5,2031,hypertension,0.0,0.0,0.0,0.0,0.0,0.0,306435.5921086927,高血压,0.8374842566836542,0.0,0.0
S5,2031,type2_diabetes,27094.98421664186,497.4203987044897,6631.812961250934,248566.80318362982,17895.602380973087,9199.381835668772,0.0,2型糖尿病,0.8374842566836542,22691.62271652965,416.58175286831647
S5,2032,dementia,25354.750866062575,1352.1766388906765,7572.0953579075795,44699.75055246441,9207.583785400766,16147.16708066181,0.0,痴呆,0.8130915113433536,20615.73270142102,1099.4433469187961
S5,2032,depression,32148.48260129605,0.0,172754.7721615281,204869.96073464036,32148.48260129605,0.0,0.0,抑郁症,0.8130915113433536,26139.65830568331,0.0
S5,2032,hypertension,0.0,0.0,0.0,0.0,0.0,0.0,312311.46491291677,高血压,0.8130915113433536,0.0,0.0
S5,2032,type2_diabetes,27807.301972397323,516.4339559139594,6678.5640793466355,253376.69967042777,18330.266564559024,9477.035407838299,0.0,2型糖尿病,0.8130915113433536,22609.881187117557,419.90806572310805
S5,2033,dementia,36305.8535648229,1953.4674656240672,10829.092331909422,64039.40904630808,13210.849830866446,23095.00373395645,0.0,痴呆,0.7894092343139355,28660.17606372071,1542.085256295479
S5,2033,depression,32842.78164005249,0.0,176858.62799875645,208864.0344530848,32842.78164005249,0.0,0.0,抑郁症,0.7894092343139355,25926.395107213615,0.0
S5,2033,hypertension,0.0,0.0,0.0,0.0,0.0,0.0,318568.9148368293,高血压,0.7894092343139355,0.0,0.0
S5,2033,type2_diabetes,28651.77107299654,545.2098293850875,6703.922301395514,258605.92693798646,18793.52155675346,9858.249516243079,0.0,2型糖尿病,0.7894092343139355,22617.972664472363,430.3936739553133
S5,2034,dementia,48806.005414772844,2649.8217723673088,14535.930491162559,86122.06110424947,17793.072712004076,31012.932702768765,0.0,痴呆,0.7664167323436267,37405.739188735555,2030.8677440707502
S5,2034,depression,33541.80793212801,0.0,181016.15897851216,212880.639946848,33541.80793212801,0.0,0.0,抑郁症,0.7664167323436267,25707.00283223909,0.0
S5,2034,hypertension,0.0,0.0,0.0,0.0,0.0,0.0,324824.72725290887,高血压,0.7664167323436267,0.0,0.0
S5,2034,type2_diabetes,29520.984936211713,576.3871154017952,6716.827199280544,263857.0608621431,19258.65742017988,10262.327516031834,0.0,2型糖尿病,0.7664167323436267,22625.37681037681,441.7527295512128
S5,2035,dementia,62295.95601803425,3406.537933674681,18531.185250831066,109973.94568355996,22748.878162436056,39547.07785559819,0.0,痴呆,0.7440939148967249,46354.0417956933,2534.7841473121935
S5,2035,depression,34134.301415037386,0.0,184534.08178288146,216327.35851306486,34134.301415037386,0.0,0.0,抑郁症,0.7440939148967249,25399.125972179987,0.0
S5,2035,hypertension,0.0,0.0,0.0,0.0,0.0,0.0,330464.2792013271,高血压,0.7440939148967249,0.0,0.0
S5,2035,type2_diabetes,30304.89791996265,604.6797838011541,6725.765814724364,268551.11089709646,19674.489994215266,10630.407925747382,0.0,2型糖尿病,0.7440939148967249,22549.69013381062,449.93854758750604
S5,2036,dementia,76741.1678078921,4222.015269469609,22797.83254223576,135495.71419852405,28056.982849099564,48684.18495879254,0.0,痴呆,0.7224212765987621,55439.452415457235,3050.0736607897015
S5,2036,depression,34628.65337834618,0.0,187464.34180509753,219259.8126975107,34628.65337834618,0.0,0.0,抑郁症,0.7224212765987621,25016.475980480882,0.0
S5,2036,hypertension,0.0,0.0,0.0,0.0,0.0,0.0,335477.60253921343,高血压,0.7224212765987621,0.0,0.0
S5,2036,type2_diabetes,31014.99384395356,631.2195411434726,6725.412684072864,272706.63289097225,20040.23636479196,10974.757479161603,0.0,2型糖尿病,0.7224212765987621,22405.89144645168,456.0064267269523
S5,2037,dementia,91763.05785300868,5072.448078209762,27225.06263083683,162014.54148779393,33574.91289010146,58188.14496290721,0.0,痴呆,0.7013798801929729,64360.76252308407,3557.713025379838
S5,2037,depression,35037.84243316673,0.0,189879.05248858395,221736.2500844356,35037.84243316673,0.0,0.0,抑郁症,0.7013798801929729,24574.83772799474,0.0
S5,2037,hypertension,0.0,0.0,0.0,0.0,0.0,0.0,339846.2517413895,高血压,0.7013798801929729,0.0,0.0
S5,2037,type2_diabetes,31638.470051222404,654.6736977928861,6719.891018645364,276350.1458373377,20356.079481026205,11282.390570196198,0.0,2型糖尿病,0.7013798801929729,22190.586334015334,459.174959723465
S5,2038,dementia,107705.53904643457,5980.418934028998,31899.710964135076,190048.2231999863,39410.45897345415,68295.08007298043,0.0,痴呆,0.6809513399931775,73342.23113835712,4072.374286847616
S5,2038,depression,35332.28846160782,0.0,191588.96187512117,223652.2453937554,35332.28846160782,0.0,0.0,抑郁症,0.6809513399931775,24059.56917295733,0.0
S5,2038,hypertension,0.0,0.0,0.0,0.0,0.0,0.0,343516.54604908987,高血压,0.6809513399931775,0.0,0.0
S5,2038,type2_diabetes,32204.367156382163,677.9588778732603,6693.9983337523,279458.7675385389,20621.233995515417,11583.133160866742,0.0,2型糖尿病,0.6809513399931775,21929.60696877071,461.65700634806757
S5,2039,dementia,124629.46998720003,6949.832973727465,36832.01323396094,219644.03585252282,45571.85818836503,79057.61179883499,0.0,痴呆,0.661117805818619,82394.76173827512,4594.6583263965895
S5,2039,depression,35507.6588673089,0.0,192557.17315909377,225004.5419667285,35507.6588673089,0.0,0.0,抑郁症,0.661117805818619,23474.74552011129,0.0
S5,2039,hypertension,0.0,0.0,0.0,0.0,0.0,0.0,346506.9692492565,高血压,0.661117805818619,0.0,0.0
S5,2039,type2_diabetes,32724.484660974224,701.599681880254,6647.145740273843,282084.97306596016,20840.6451897552,11883.839471219024,0.0,2型糖尿病,0.661117805818619,21634.739495608334,463.8400422477147
S5,2040,dementia,129021.11657083267,7218.928788904006,38045.01832620919,227037.3542093854,47121.03813033365,81900.07844049903,0.0,痴呆,0.6418619473967174,82813.74513745354,4633.555690564152
S5,2040,depression,35559.53285404013,0.0,192741.53337358878,225762.13003651515,35559.53285404013,0.0,0.0,抑郁症,0.6418619473967174,22824.311006211752,0.0
S5,2040,hypertension,0.0,0.0,0.0,0.0,0.0,0.0,348850.5893596544,高血压,0.6418619473967174,0.0,0.0
S5,2040,type2_diabetes,33185.84848658665,723.275892702696,6590.9578870472515,284289.8036056126,21021.436208015915,12164.412278570739,0.0,2型糖尿病,0.6418619473967174,21300.733335612913,464.2432729952517
S5,2041,dementia,133151.5623385903,7472.092048332228,39183.53949464628,233974.6569474117,48574.36825178946,84577.19408680084,0.0,痴呆,0.6231669392201139,82975.65155491552,4656.360731330145
S5,2041,depression,35585.6081640042,0.0,192755.638142104,226387.7344298949,35585.6081640042,0.0,0.0,抑郁症,0.6231669392201139,22175.774519848797,0.0
S5,2041,hypertension,0.0,0.0,0.0,0.0,0.0,0.0,350875.5532931364,高血压,0.6231669392201139,0.0,0.0
S5,2041,type2_diabetes,33634.16253035327,743.8047683369151,6529.530755010688,286455.8654704054,21200.513741919975,12433.648788433296,0.0,2型糖尿病,0.6231669392201139,20959.698117272088,463.5145408618413
S5,2042,dementia,136795.87376856833,7694.372866932075,40189.63821062108,240091.49318209034,49854.88666023988,86940.98710832847,0.0,痴呆,0.6050164458447708,82763.75335368911,4655.222124955683
S5,2042,depression,35610.72364948624,0.0,192746.37977822995,226998.92454619406,35610.72364948624,0.0,0.0,抑郁症,0.6050164458447708,21545.073456372487,0.0
S5,2042,hypertension,0.0,0.0,0.0,0.0,0.0,0.0,352633.4154022398,高血压,0.6050164458447708,0.0,0.0
S5,2042,type2_diabetes,34059.76462554047,762.1655986565747,6466.275015869709,288626.27129085996,21379.482429378237,12680.282196162232,0.0,2型糖尿病,0.6050164458447708,20606.717740053944,461.12272164435285
S5,2043,dementia,140046.60634474683,7892.827818838245,41085.10682747098,245537.64971343492,50994.81883685902,89051.78750788781,0.0,痴呆,0.5873946076162823,82262.6213818645,4636.204499629368
S5,2043,depression,35615.29468024858,0.0,192621.84285578053,227463.3855455545,35615.29468024858,0.0,0.0,抑郁症,0.5873946076162823,20920.23204384288,0.0
S5,2043,hypertension,0.0,0.0,0.0,0.0,0.0,0.0,354052.8922021376,高血压,0.5873946076162823,0.0,0.0
S5,2043,type2_diabetes,34444.00727893959,778.633725448226,6406.415892377532,290561.55451723683,21540.86923570694,12903.13804323265,0.0,2型糖尿病,0.5873946076162823,20232.224140345093,457.36525163646473
S5,2044,dementia,142769.28661700536,8058.356576378975,41836.65170107024,250105.85592761083,51950.31787396823,90818.96874303711,0.0,痴呆,0.5702860268119245,81419.32921558486,4595.5681545769085
S5,2044,depression,35588.0799152157,0.0,192328.39702516707,227694.97334425035,35588.0799152157,0.0,0.0,抑郁症,0.5702860268119245,20295.384696713612,0.0
S5,2044,hypertension,0.0,0.0,0.0,0.0,0.0,0.0,355137.0566821159,高血压,0.5702860268119245,0.0,0.0
S5,2044,type2_diabetes,34768.98560797752,792.572898508058,6350.066762134305,292122.76527266856,21675.165960580875,13093.819647396645,0.0,2型糖尿病,0.5702860268119245,19828.266658654487,451.9932492489711
S5,2045,dementia,144771.9293628029,8176.721112961604,42398.4060644062,253499.53297666536,52657.581736024935,92114.34762677796,0.0,痴呆,0.5536757541863345,80156.70717496065,4527.252228990341
S5,2045,depression,35529.519669294685,0.0,191857.1468850322,227703.07014594565,35529.519669294685,0.0,0.0,抑郁症,0.5536757541863345,19671.83359877494,0.0
S5,2045,hypertension,0.0,0.0,0.0,0.0,0.0,0.0,356020.0794587232,高血压,0.5536757541863345,0.0,0.0
S5,2045,type2_diabetes,35044.30937574705,803.279917704717,6299.423196430463,293434.9573488856,21794.82649072221,13249.482885024841,0.0,2型糖尿病,0.5536757541863345,19403.18442355598,444.75661425789593
S5,2046,dementia,146172.70182956103,8256.669001315193,42801.716009698706,255903.94285250705,53156.43010635405,93016.27172320697,0.0,痴呆,0.5375492759090627,78575.03002615186,4438.366443077785
S5,2046,depression,35422.80466409938,0.0,191132.01355022212,227369.40695344546,35422.80466409938,0.0,0.0,抑郁症,0.5375492759090627,19041.502997854786,0.0
S5,2046,hypertension,0.0,0.0,0.0,0.0,0.0,0.0,356534.4136694979,高血压,0.5375492759090627,0.0,0.0
S5,2046,type2_diabetes,35244.789596043454,811.0449983715259,6246.813593606048,294242.99822772667,21879.193716709622,13365.595879333836,0.0,2型糖尿病,0.5375492759090627,18945.811126920424,435.9766516042807
S5,2047,dementia,147094.60283057723,8306.140971764007,43081.33621751023,257525.19009521473,53490.418644213656,93604.1841863636,0.0,痴呆,0.5218925008825851,76767.57013758054,4334.912684437223
S5,2047,depression,35271.240406116965,0.0,190176.20801864486,226715.13857243245,35271.240406116965,0.0,0.0,抑郁症,0.5218925008825851,18407.79586477927,0.0
S5,2047,hypertension,0.0,0.0,0.0,0.0,0.0,0.0,356730.81901581195,高血压,0.5218925008825851,0.0,0.0
S5,2047,type2_diabetes,35370.353529008025,816.3658080308899,6184.2214623726295,294528.26275645057,21925.36345011576,13444.990078892268,0.0,2型糖尿病,0.5218925008825851,18459.522260355167,426.0551931882735
S5,2048,dementia,147663.69663297385,8334.179975742914,43263.894901105275,258550.4280666745,53699.408490531925,93964.28814244192,0.0,痴呆,0.5066917484296942,74819.97662655347,4222.860223636924
S5,2048,depression,35086.29118810731,0.0,189041.1086826875,225828.7745707588,35086.29118810731,0.0,0.0,抑郁症,0.5066917484296942,17777.934228015467,0.0
S5,2048,hypertension,0.0,0.0,0.0,0.0,0.0,0.0,356632.93683394644,高血压,0.5066917484296942,0.0,0.0
S5,2048,type2_diabetes,35447.16260029592,819.9151547874665,6123.174583729242,294482.95366403135,21947.381931621025,13499.780668674892,0.0,2型糖尿病,0.5066917484296942,17960.784794815605,415.44424334326476
S5,2049,dementia,148280.27290509094,8366.638130492873,43455.56279757747,259634.44569206267,53921.285799144694,94358.98710594626,0.0,痴呆,0.49193373633950893,72944.06867564343,4115.831556133963
S5,2049,depression,34878.03423149859,0.0,187780.1138959776,224796.12811625522,34878.03423149859,0.0,0.0,抑郁症,0.49193373633950893,17157.681695678395,0.0
S5,2049,hypertension,0.0,0.0,0.0,0.0,0.0,0.0,356329.5230867046,高血压,0.49193373633950893,0.0,0.0
S5,2049,type2_diabetes,35507.845713116985,823.5848592241337,6062.2555590860065,294252.1979675306,21955.49108413705,13552.354628979943,0.0,2型糖尿病,0.49193373633950893,17467.507211020453,405.14917699077654
S5,2050,dementia,149092.37409258276,8411.020231612212,43703.653473023594,261051.476704014,54212.58059020422,94879.79350237857,0.0,痴呆,0.47760556926165915,71207.34820106023,4017.150105790483
S5,2050,depression,34641.664883562466,0.0,186366.58276300156,223602.22727191052,34641.664883562466,0.0,0.0,抑郁症,0.47760556926165915,16545.05207688548,0.0
S5,2050,hypertension,0.0,0.0,0.0,0.0,0.0,0.0,355980.4761851077,高血压,0.47760556926165915,0.0,0.0
S5,2050,type2_diabetes,35568.7374335131,828.1861521962695,5992.153454730997,293883.1657232664,21955.22962247725,13613.507811035848,0.0,2型糖尿病,0.47760556926165915,16987.82708985151,395.5463186743224
S6,2025,dementia,0.0,0.0,0.0,0.0,0.0,0.0,0.0,痴呆,1.0,0.0,0.0
S6,2025,depression,3216.455587826767,0.0,17097.177180278162,20801.714298889936,3216.455587826767,0.0,0.0,抑郁症,1.0,3216.455587826767,0.0
S6,2025,hypertension,0.0,0.0,0.0,0.0,0.0,0.0,31420.850776538995,高血压,1.0,0.0,0.0
S6,2025,type2_diabetes,0.0,0.0,0.0,0.0,0.0,0.0,0.0,2型糖尿病,1.0,0.0,0.0
S6,2026,dementia,0.0,0.0,0.0,0.0,0.0,0.0,0.0,痴呆,0.970873786407767,0.0,0.0
S6,2026,depression,19795.187878286364,0.0,105345.69330858982,127790.91755671613,19795.187878286364,0.0,0.0,抑郁症,0.970873786407767,19218.629008045013,0.0
S6,2026,hypertension,0.0,0.0,0.0,0.0,0.0,0.0,192956.63507104773,高血压,0.970873786407767,0.0,0.0
S6,2026,type2_diabetes,4104.255447063684,71.37793285758279,1115.5692925897504,39119.397958121066,2739.3892762109117,1364.8661708527732,0.0,2型糖尿病,0.970873786407767,3984.7140262754215,69.29896393940076
S6,2027,dementia,0.0,0.0,0.0,0.0,0.0,0.0,0.0,痴呆,0.9425959091337544,0.0,0.0
S6,2027,depression,33794.123411049324,0.0,180082.92931889498,217766.70590465947,33794.123411049324,0.0,0.0,抑郁症,0.9425959091337544,31854.20248001633,0.0
S6,2027,hypertension,0.0,0.0,0.0,0.0,0.0,0.0,328976.37888127525,高血压,0.9425959091337544,0.0,0.0
S6,2027,type2_diabetes,14136.744635144125,249.91196678130638,3757.4044993093653,133567.41312979313,9405.300193652705,4731.44444149142,0.0,2型糖尿病,0.9425959091337544,13325.2376615554,235.5659975316301
S6,2028,dementia,0.0,0.0,0.0,0.0,0.0,0.0,0.0,痴呆,0.9151416593531596,0.0,0.0
S6,2028,depression,48392.61735942978,0.0,258256.26346847543,311254.63401280256,48392.61735942978,0.0,0.0,抑郁症,0.9151416593531596,44286.10015075109,0.0
S6,2028,hypertension,0.0,0.0,0.0,0.0,0.0,0.0,471064.03739435517,高血压,0.9151416593531596,0.0,0.0
S6,2028,type2_diabetes,30649.61536604642,550.9024825927222,7946.506312583415,286902.61907773983,20319.272890940578,10330.34247510584,0.0,2型糖尿病,0.9151416593531596,28048.73986461982,504.15381206167893
S6,2029,dementia,0.0,0.0,0.0,0.0,0.0,0.0,0.0,痴呆,0.8884870479156888,0.0,0.0
S6,2029,depression,63563.81296091203,0.0,339758.4489253975,407961.50894833,63563.81296091203,0.0,0.0,抑郁症,0.8884870479156888,56475.62453190573,0.0
S6,2029,hypertension,0.0,0.0,0.0,0.0,0.0,0.0,618751.7162593161,高血压,0.8884870479156888,0.0,0.0
S6,2029,type2_diabetes,54085.829380874246,982.3121450555439,13715.762770644289,502305.8328411115,35778.385960218286,18307.443420655964,0.0,2型糖尿病,0.8884870479156888,48054.558880684584,872.771617892128
S6,2030,dementia,19878.620881787527,1053.490802055632,5916.1505809962855,34857.74978057302,7166.1059740815335,12712.514907705994,0.0,痴呆,0.8626087843841639,17147.472994072396,908.7504201211066
S6,2030,depression,79282.19687296543,0.0,424462.9070383339,507683.00253220566,79282.19687296543,0.0,0.0,抑郁症,0.8626087843841639,68389.51946789467,0.0
S6,2030,hypertension,0.0,0.0,0.0,0.0,0.0,0.0,771671.1629609771,高血压,0.8626087843841639,0.0,0.0
S6,2030,type2_diabetes,67865.05543984329,1240.099405070725,16894.417924680216,626183.551023438,44847.14217567312,23017.913264170173,0.0,2型糖尿病,0.8626087843841639,58540.992975127105,1069.720640323583
S6,2031,dementia,48793.45461145216,2590.243329935105,14557.471748737338,85834.79721546563,17661.42604994804,31132.028561504118,0.0,痴呆,0.8374842566836542,40863.75006629963,2169.288009800495
S6,2031,depression,95548.7627438454,0.0,512440.72494637925,610361.4404390324,95548.7627438454,0.0,0.0,抑郁症,0.8374842566836542,80020.58454357219,0.0
S6,2031,hypertension,0.0,0.0,0.0,0.0,0.0,0.0,929521.2960630441,高血压,0.8374842566836542,0.0,0.0
S6,2031,type2_diabetes,82188.11879048063,1508.841876070297,20116.499315794612,753985.9696570127,54283.32722228518,27904.791568195447,0.0,2型糖尿病,0.8374842566836542,68831.25557347355,1263.631317033903
S6,2032,dementia,88741.62803121959,4732.618236117398,26502.33375267668,156449.12693362642,32226.543248902897,56515.08478231668,0.0,痴呆,0.8130915113433536,72155.06445497404,3848.051714215811
S6,2032,depression,112519.68910453665,0.0,604641.702565351,717044.862571244,112519.68910453665,0.0,0.0,抑郁症,0.8130915113433536,91488.80406989198,0.0
S6,2032,hypertension,0.0,0.0,0.0,0.0,0.0,0.0,1093090.1271951757,高血压,0.8130915113433536,0.0,0.0
S6,2032,type2_diabetes,97325.55690339101,1807.518845698869,23374.974277713387,886818.4488465011,64155.93297595683,33169.623927434186,0.0,2型糖尿病,0.8130915113433536,79134.58415491176,1469.6782300308873
S6,2033,dementia,144013.21914046086,7748.754280308609,42955.39958323977,254022.98921701626,52403.03766243563,91610.18147802522,0.0,痴呆,0.7894092343139355,113685.36505275621,6116.938183305249
S6,2033,depression,130276.36717220902,0.0,701539.2243950715,828494.0033305752,130276.36717220902,0.0,0.0,抑郁症,0.7894092343139355,102841.36725861464,0.0
S6,2033,hypertension,0.0,0.0,0.0,0.0,0.0,0.0,1263656.695519454,高血压,0.7894092343139355,0.0,0.0
S6,2033,type2_diabetes,113652.02525621868,2162.665656560796,26592.225128869217,1025803.510187343,74547.63550845509,39104.38974776359,0.0,2型糖尿病,0.7894092343139355,89717.95823573964,1707.2282400227025
S6,2034,dementia,216373.2906721594,11747.543190828395,64442.62517748728,381807.804228839,78882.62235655138,137490.66831560805,0.0,痴呆,0.7664167323436267,165832.11040339415,9003.51366538032
S6,2034,depression,148702.01516576784,0.0,802504.9714714056,943770.8370976953,148702.01516576784,0.0,0.0,抑郁症,0.7664167323436267,113967.71255626022,0.0
S6,2034,hypertension,0.0,0.0,0.0,0.0,0.0,0.0,1440056.2908211902,高血压,0.7664167323436267,0.0,0.0
S6,2034,type2_diabetes,130876.36655053856,2555.3162116145895,29777.93391681056,1169766.3031555053,85380.04789613109,45496.31865440747,0.0,2型糖尿病,0.7664167323436267,100305.83719267049,1958.4371010103491
S6,2035,dementia,276178.738346624,15102.318172624742,82154.92127868594,487551.1591971251,100853.35985346849,175325.37849315553,0.0,痴呆,0.7440939148967249,205502.91862757772,11237.543053084297
S6,2035,depression,151328.73627333101,0.0,818101.0959041003,959051.2894079121,151328.73627333101,0.0,0.0,抑郁症,0.7440939148967249,112602.7918099969,0.0
S6,2035,hypertension,0.0,0.0,0.0,0.0,0.0,0.0,1465058.304459221,高血压,0.7440939148967249,0.0,0.0
S6,2035,type2_diabetes,134351.71411183386,2680.7470415184284,29817.56177861146,1190576.5916437916,87223.57230768746,47128.14180414641,0.0,2型糖尿病,0.7440939148967249,99970.29292656003,1994.7275609712606
S6,2036,dementia,340219.17728166166,18717.601027982353,101070.39093724702,600697.6662801343,124385.95729767703,215833.21998398466,0.0,痴呆,0.7224212765987621,245781.57237519856,13521.993229501313
S6,2036,depression,153520.36331066972,0.0,831091.9153359411,972051.8362923089,153520.36331066972,0.0,0.0,抑郁症,0.7224212765987621,110906.37684679979,0.0
S6,2036,hypertension,0.0,0.0,0.0,0.0,0.0,0.0,1487284.037923813,高血压,0.7224212765987621,0.0,0.0
S6,2036,type2_diabetes,137499.8060415295,2798.406632402804,29815.99623272324,1208999.4058166584,88845.047883912,48654.75815761747,0.0,2型糖尿病,0.7224212765987621,99332.78541260392,2021.6284918228764
S6,2037,dementia,406816.223148338,22487.853146729896,120697.77766337647,718264.4672625528,148848.7804794498,257967.44266888822,0.0,痴呆,0.7013798801929729,285332.713852339,15772.527745850584
S6,2037,depression,155334.43478703752,0.0,841797.1326993797,983030.7087076548,155334.43478703752,0.0,0.0,抑郁症,0.7013798801929729,108948.44726077555,0.0
S6,2037,hypertension,0.0,0.0,0.0,0.0,0.0,0.0,1506651.7160534852,高血压,0.7013798801929729,0.0,0.0
S6,2037,type2_diabetes,140263.88389375166,2902.3867268817576,29791.516849327567,1225152.3132121926,90245.28569921576,50018.59819453588,0.0,2型糖尿病,0.7013798801929729,98378.2660808006,2035.675654774002
S6,2038,dementia,477494.5564391957,26513.190607528704,141422.05194099952,842547.1228532769,174719.701448981,302774.85499021475,0.0,痴呆,0.6809513399931775,325150.55804671824,18054.1926716912
S6,2038,depression,156639.81217979587,0.0,849377.7309797106,991524.95457899,156639.81217979587,0.0,0.0,抑郁症,0.6809513399931775,106664.09000011164,0.0
S6,2038,hypertension,0.0,0.0,0.0,0.0,0.0,0.0,1522923.3541510133,高血压,0.6809513399931775,0.0,0.0
S6,2038,type2_diabetes,142772.69439329335,3005.6176919047743,29676.725946301704,1238933.8694208488,91420.80404678441,51351.890346508924,0.0,2型糖尿病,0.6809513399931775,97221.25756154953,2046.6793948097572
S6,2039,dementia,552523.9836099301,30810.926183525666,163288.59200389643,973755.2256128693,202035.23796842212,350488.745641508,0.0,痴呆,0.661117805818619,365283.44370635966,20369.651913691927
S6,2039,depression,157417.2876450697,0.0,853670.1343386509,997520.1360524965,157417.2876450697,0.0,0.0,抑郁症,0.661117805818619,104071.37180582689,0.0
S6,2039,hypertension,0.0,0.0,0.0,0.0,0.0,0.0,1536180.897005041,高血压,0.661117805818619,0.0,0.0
S6,2039,type2_diabetes,145078.54866365233,3110.4252563357695,29469.012781881072,1250576.713925761,92393.52700791493,52685.02165573739,0.0,2型糖尿病,0.661117805818619,95914.01176386357,2056.3575206315195
S6,2040,dementia,571993.6167973685,32003.917630808344,168666.24791286374,1006532.2703282937,208903.26904448305,363090.3477528854,0.0,痴呆,0.6418619473967174,367140.9367760507,20542.096894834784
S6,2040,depression,157647.26231957806,0.0,854487.4646229115,1000878.7764952166,157647.26231957806,0.0,0.0,抑郁症,0.6418619473967174,101187.77879420553,0.0
S6,2040,hypertension,0.0,0.0,0.0,0.0,0.0,0.0,1546570.9461611402,高血压,0.6418619473967174,0.0,0.0
S6,2040,type2_diabetes,147123.92829053404,3206.5231243152602,29219.913299243177,1260351.4626515529,93195.0338555374,53928.89443499665,0.0,2型糖尿病,0.6418619473967174,94433.25112121718,2058.1451769455994
S6,2041,dementia,590305.2597010944,33126.27474760682,173713.69175960158,1037287.6458002108,215346.36591627065,374958.8937848237,0.0,痴呆,0.6231669392201139,367858.72189346544,20643.19924223069
S6,2041,depression,157762.86286041868,0.0,854549.9957633284,1003652.2893058661,157762.86286041868,0.0,0.0,抑郁症,0.6231669392201139,98312.6003713297,0.0
S6,2041,hypertension,0.0,0.0,0.0,0.0,0.0,0.0,1555548.2862662454,高血压,0.6231669392201139,0.0,0.0
S6,2041,type2_diabetes,149111.453884566,3297.534472960297,28947.586347214405,1269954.3369188004,93988.94425584537,55122.509628720625,0.0,2型糖尿病,0.6231669392201139,92921.32831990616,2054.9144644874796
S6,2042,dementia,606461.7070406638,34111.71971006616,178174.0627337566,1064405.6197739532,221023.33086040086,385438.376180263,0.0,痴呆,0.6050164458447708,366919.30653469503,20638.15142063724
S6,2042,depression,157874.20817938895,0.0,854508.950350153,1006361.8988214586,157874.20817938895,0.0,0.0,抑郁症,0.6050164458447708,95516.49232325134,0.0
S6,2042,hypertension,0.0,0.0,0.0,0.0,0.0,0.0,1563341.4749499382,高血压,0.6050164458447708,0.0,0.0
S6,2042,type2_diabetes,150998.28983989585,3378.934154044121,28667.152570356066,1279576.4693894822,94782.37210357696,56215.91773631888,0.0,2型糖尿病,0.6050164458447708,91356.44864757235,2044.3107326232812
S6,2043,dementia,620873.2881283888,34991.53666351686,182143.97360179128,1088550.2470629145,226077.03017674587,394796.25795164297,0.0,痴呆,0.5873946076162823,364697.6214596059,20553.839948357243
S6,2043,depression,157894.47308243526,0.0,853956.8366606268,1008421.009251956,157894.47308243526,0.0,0.0,抑郁症,0.5873946076162823,92746.3620610367,0.0
S6,2043,hypertension,0.0,0.0,0.0,0.0,0.0,0.0,1569634.4887628194,高血压,0.5873946076162823,0.0,0.0
S6,2043,type2_diabetes,152701.76560329858,3451.9428494871063,28401.77712287408,1288156.2250264192,95497.8536116342,57203.91199166438,0.0,2型糖尿病,0.5873946076162823,89696.19368886307,2027.65261558831
S6,2044,dementia,632943.8373354017,35725.38082194744,185475.82254141464,1108802.6279457612,230313.0759079301,402630.76142747153,0.0,痴呆,0.5702860268119245,360959.0261890993,20373.68548529133
S6,2044,depression,157773.82095745608,0.0,852655.8934782401,1009447.715159507,157773.82095745608,0.0,0.0,抑郁症,0.5702860268119245,89976.20548876357,0.0
S6,2044,hypertension,0.0,0.0,0.0,0.0,0.0,0.0,1574440.9512907239,高血压,0.5702860268119245,0.0,0.0
S6,2044,type2_diabetes,154142.50286203338,3513.7398500523614,28151.962645462438,1295077.592708833,96093.23575857529,58049.267103458085,0.0,2型糖尿病,0.5702860268119245,87905.31552003472,2003.8367383370887
S6,2045,dementia,641822.2201751042,36250.13026746378,187966.26688553748,1123847.9295299032,233448.61236304816,408373.60781205614,0.0,痴呆,0.5536757541863345,355361.4018089985,20070.81821519088
S6,2045,depression,157514.20386720618,0.0,850566.684523642,1009483.6109803558,157514.20386720618,0.0,0.0,抑郁症,0.5536757541863345,87211.79562123543,0.0
S6,2045,hypertension,0.0,0.0,0.0,0.0,0.0,0.0,1578355.6856003494,高血压,0.5536757541863345,0.0,0.0
S6,2045,type2_diabetes,155363.10489914494,3561.2076351575497,27927.44283750874,1300894.9775800616,96623.73077553521,58739.37412360974,0.0,2型糖尿病,0.5536757541863345,86020.78427776467,1971.7543232099893
S6,2046,dementia,648032.3114443988,36604.565905831354,189754.27430966758,1134507.4799794683,235660.17347150727,412372.13797289156,0.0,痴呆,0.5375492759090627,348349.29978261277,19676.757897645206
S6,2046,depression,157041.10067750697,0.0,847351.926739317,1008004.3708269383,157041.10067750697,0.0,0.0,抑郁症,0.5375492759090627,84417.32995715608,0.0
S6,2046,hypertension,0.0,0.0,0.0,0.0,0.0,0.0,1580635.9006014508,高血压,0.5375492759090627,0.0,0.0
S6,2046,type2_diabetes,156251.90054245899,3595.6328261137346,27694.206931653833,1304477.292142924,96997.75881074605,59254.14173171295,0.0,2型糖尿病,0.5375492759090627,83993.0959960137,1932.8298221122946
S6,2047,dementia,652119.4058822375,36823.89164148776,190993.92389763205,1141695.0094221393,237140.85598935158,414978.54989288584,0.0,痴呆,0.5218925008825851,340336.2276099465,19218.11290100537
S6,2047,depression,156369.1658004516,0.0,843114.5222159912,1005103.7810044473,156369.1658004516,0.0,0.0,抑郁症,0.5218925008825851,81607.89500052128,0.0
S6,2047,hypertension,0.0,0.0,0.0,0.0,0.0,0.0,1581506.6309701107,高血压,0.5218925008825851,0.0,0.0
S6,2047,type2_diabetes,156808.5673119352,3619.221748936913,27416.715149852345,1305741.9648869326,97202.44462884657,59606.122683088644,0.0,2型糖尿病,0.5218925008825851,81837.21535424105,1888.8446898013292
S6,2048,dementia,654642.3884061957,36948.19789246092,191803.2673949034,1146240.2310956111,238067.37764136257,416575.01076483325,0.0,痴呆,0.5066917484296942,331701.8963777263,18721.34699145737
S6,2048,depression,155549.22426727548,0.0,838082.2484932471,1001174.233930361,155549.22426727548,0.0,0.0,抑郁症,0.5066917484296942,78815.50841086844,0.0
S6,2048,hypertension,0.0,0.0,0.0,0.0,0.0,0.0,1581072.686630508,高血压,0.5066917484296942,0.0,0.0
S6,2048,type2_diabetes,157149.08752797818,3634.9571862244034,27146.073987866657,1305541.0945772075,97300.05989685323,59849.02763112495,0.0,2型糖尿病,0.5066917484296942,79626.14592368231,1841.8028121551245
S6,2049,dementia,657375.8765459149,37092.09571185241,192652.9950692635,1151046.042568165,239051.03370954585,418324.84283636906,0.0,痴呆,0.49193373633950893,323385.3711286917,18246.853232194233
S6,2049,depression,154625.95175964353,0.0,832491.8382721666,996596.1679820619,154625.95175964353,0.0,0.0,抑郁症,0.49193373633950893,76065.72218417411,0.0
S6,2049,hypertension,0.0,0.0,0.0,0.0,0.0,0.0,1579727.55235107,高血压,0.49193373633950893,0.0,0.0
S6,2049,type2_diabetes,157418.11599481822,3651.226209226961,26875.999645281638,1304518.0776560537,97336.01047300757,60082.105521810656,0.0,2型糖尿病,0.49193373633950893,77439.28196885713,1796.1613513257605
S6,2050,dementia,660976.1918104622,37288.85636014816,193752.86373040802,1157328.213387816,240342.44061657644,420633.7511938857,0.0,痴呆,0.47760556926165915,315685.9103580394,17809.3654690048
S6,2050,depression,153578.0476504601,0.0,826225.1835826397,991303.207572134,153578.0476504601,0.0,0.0,抑郁症,0.47760556926165915,73349.7308741922,0.0
S6,2050,hypertension,0.0,0.0,0.0,0.0,0.0,0.0,1578180.1110873253,高血压,0.47760556926165915,0.0,0.0
S6,2050,type2_diabetes,157688.06928857425,3671.6252747367616,26565.21364930775,1302882.034706482,97334.85132631575,60353.21796225849,0.0,2型糖尿病,0.47760556926165915,75312.70009834145,1753.5886794561468
S7,2025,dementia,0.0,0.0,0.0,0.0,0.0,0.0,0.0,痴呆,1.0,0.0,0.0
S7,2025,depression,8615.506038821633,0.0,45796.01030431628,55718.8775863117,8615.506038821633,0.0,0.0,抑郁症,1.0,8615.506038821633,0.0
S7,2025,hypertension,0.0,0.0,0.0,0.0,0.0,0.0,84162.99315142525,高血压,1.0,0.0,0.0
S7,2025,type2_diabetes,0.0,0.0,0.0,0.0,0.0,0.0,0.0,2型糖尿病,1.0,0.0,0.0
S7,2026,dementia,0.0,0.0,0.0,0.0,0.0,0.0,0.0,痴呆,0.970873786407767,0.0,0.0
S7,2026,depression,53022.82467398119,0.0,282175.9642194362,342297.10059834574,53022.82467398119,0.0,0.0,抑郁症,0.970873786407767,51478.47055726329,0.0
S7,2026,hypertension,0.0,0.0,0.0,0.0,0.0,0.0,516848.1296545939,高血压,0.970873786407767,0.0,0.0
S7,2026,type2_diabetes,10993.541376063411,191.19089158280804,2988.1320337225516,104784.1016735385,7337.649846993511,3655.8915290698997,0.0,2型糖尿病,0.970873786407767,10673.341141809136,185.62222483767772
S7,2027,dementia,0.0,0.0,0.0,0.0,0.0,0.0,0.0,痴呆,0.9425959091337544,0.0,0.0
S7,2027,depression,90519.97342245368,0.0,482364.98924704094,583303.676530339,90519.97342245368,0.0,0.0,抑郁症,0.9425959091337544,85323.756642901,0.0
S7,2027,hypertension,0.0,0.0,0.0,0.0,0.0,0.0,881186.7291462923,高血压,0.9425959091337544,0.0,0.0
S7,2027,type2_diabetes,37866.28027270727,669.4070538784906,10064.476337435748,357769.85659765877,25192.76837585536,12673.511896851911,0.0,2型糖尿病,0.9425959091337544,35692.60087916606,630.9803505311439
S7,2028,dementia,0.0,0.0,0.0,0.0,0.0,0.0,0.0,痴呆,0.9151416593531596,0.0,0.0
S7,2028,depression,129623.08221275847,0.0,691757.8485762741,833717.7696771505,129623.08221275847,0.0,0.0,抑郁症,0.9151416593531596,118623.4825466548,0.0
S7,2028,hypertension,0.0,0.0,0.0,0.0,0.0,0.0,1261778.6715920474,高血压,0.9151416593531596,0.0,0.0
S7,2028,type2_diabetes,82097.18401619556,1475.6316498019446,21285.28476584837,768489.1582439432,54426.62381501918,27670.560201176377,0.0,2型糖尿病,0.9151416593531596,75130.5532088029,1350.411996593792
S7,2029,dementia,0.0,0.0,0.0,0.0,0.0,0.0,0.0,痴呆,0.8884870479156888,0.0,0.0
S7,2029,depression,170260.21328815713,0.0,910067.2739073142,1092754.0418258838,170260.21328815713,0.0,0.0,抑郁症,0.8884870479156888,151273.99428189025,0.0
S7,2029,hypertension,0.0,0.0,0.0,0.0,0.0,0.0,1657370.6685517624,高血压,0.8884870479156888,0.0,0.0
S7,2029,type2_diabetes,144872.75727020027,2631.1932456845307,36738.65027851157,1345462.0522529879,95834.96239344262,49037.79487675766,0.0,2型糖尿病,0.8884870479156888,128717.56843040638,2337.7811193539483
S7,2030,dementia,48405.73266669079,2565.3185114991247,14406.21083034821,84880.88420594149,17449.933378445436,30955.799288245362,0.0,痴呆,0.8626087843841639,41755.21021283895,2212.8662827624526
S7,2030,depression,193057.2975802733,0.0,1033594.7411647757,1236241.077594659,193057.2975802733,0.0,0.0,抑郁症,0.8626087843841639,166532.92078221132,0.0
S7,2030,hypertension,0.0,0.0,0.0,0.0,0.0,0.0,1879069.3903270867,高血压,0.8626087843841639,0.0,0.0
S7,2030,type2_diabetes,165255.81681780206,3019.7225772826537,41139.00468672164,1524797.6080116334,109205.70334985449,56050.11346794754,0.0,2型糖尿病,0.8626087843841639,142551.1192576163,2604.8392215672043
S7,2031,dementia,100535.96417194902,5337.0398281630405,29994.79069107994,176857.4118450543,36390.30092709106,64145.66324485795,0.0,痴呆,0.8374842566836542,84197.28722451921,4469.686833380181
S7,2031,depression,196872.45070847176,0.0,1055853.1420598426,1257612.858047451,196872.45070847176,0.0,0.0,抑郁症,0.8374842566836542,164877.57804307382,0.0
S7,2031,hypertension,0.0,0.0,0.0,0.0,0.0,0.0,1915222.4506793765,高血压,0.8374842566836542,0.0,0.0
S7,2031,type2_diabetes,169343.6513540128,3108.8774919031043,41448.83100781857,1553542.5198976942,111847.51488108234,57496.13647293045,0.0,2型糖尿病,0.8374842566836542,141822.64197831132,2603.635955427015
S7,2032,dementia,158467.19291289162,8451.10399306675,47325.59598692252,279373.4409529035,57547.398658755,100919.79425413659,0.0,痴呆,0.8130915113433536,128848.32938388182,6871.520918242494
S7,2032,depression,200928.01625810133,0.0,1079717.3260095564,1280437.2545915088,200928.01625810133,0.0,0.0,抑郁症,0.8130915113433536,163372.86441052152,0.0
S7,2032,hypertension,0.0,0.0,0.0,0.0,0.0,0.0,1951946.65570569,高血压,0.8130915113433536,0.0,0.0
S7,2032,type2_diabetes,173795.6373274843,3227.7122244622665,41741.02549591683,1583604.3729401839,114564.1660284946,59231.471298989694,0.0,2型糖尿病,0.8130915113433536,141311.75741948554,2624.425410769442
S7,2033,dementia,226911.58478013895,12209.171660150178,67681.82707443272,400246.3065394182,82567.81144291368,144343.77333722526,0.0,痴呆,0.7894092343139355,179126.10039825115,9638.032851846552
S7,2033,depression,205267.3852503295,0.0,1105366.4249922354,1305400.21533179,205267.3852503295,0.0,0.0,抑郁症,0.7894092343139355,162039.96942008624,0.0
S7,2033,hypertension,0.0,0.0,0.0,0.0,0.0,0.0,1991055.7177302253,高血压,0.7894092343139355,0.0,0.0
S7,2033,type2_diabetes,179073.56920622694,3407.561433656727,41899.51438372238,1616287.0433624086,117459.50972970857,61614.05947651836,0.0,2型糖尿病,0.7894092343139355,141362.32915295113,2689.960462220653
S7,2034,dementia,305037.5338423301,16561.386077295672,90849.56556976591,538262.881901559,111206.70445002549,193830.8293923046,0.0,痴呆,0.7664167323436267,233785.8699295971,12692.923400442183
S7,2034,depression,209636.29957580095,0.0,1131350.9936157055,1330503.9996678063,209636.29957580095,0.0,0.0,抑郁症,0.7664167323436267,160668.76770149497,0.0
S7,2034,hypertension,0.0,0.0,0.0,0.0,0.0,0.0,2030154.5453306062,高血压,0.7664167323436267,0.0,0.0
S7,2034,type2_diabetes,184506.15585132275,3602.419471261154,41980.16999550359,1649106.630388398,120366.60887612446,64139.546975198275,0.0,2型糖尿病,0.7664167323436267,141408.6050648547,2760.9545596950293
S7,2035,dementia,389349.72511272144,21290.86208546719,115819.90781769622,687337.1605222623,142180.48851522803,247169.2365974934,0.0,痴呆,0.7440939148967249,289712.7612230886,15842.400920701532
S7,2035,depression,213339.38384398137,0.0,1153338.0111429968,1352045.9907066405,213339.38384398137,0.0,0.0,抑郁症,0.7440939148967249,158744.53732612322,0.0
S7,2035,hypertension,0.0,0.0,0.0,0.0,0.0,0.0,2065401.7450082973,高血压,0.7440939148967249,0.0,0.0
S7,2035,type2_diabetes,189405.6119997666,3779.2486487572123,42036.036342027495,1678444.4431068546,122965.5624638455,66440.0495359211,0.0,2型糖尿病,0.7440939148967249,140935.56333631644,2812.115922421912
S7,2036,dementia,479632.2987993338,26387.59543418557,142486.4533889757,846848.2137407886,175356.1428068751,304276.1559924587,0.0,痴呆,0.7224212765987621,346496.5775966136,19062.960379936005
S7,2036,depression,216429.08361466596,0.0,1171652.1362818717,1370373.8293594583,216429.08361466596,0.0,0.0,抑郁症,0.7224212765987621,156352.9748780072,0.0
S7,2036,hypertension,0.0,0.0,0.0,0.0,0.0,0.0,2096735.0158700256,高血压,0.7224212765987621,0.0,0.0
S7,2036,type2_diabetes,193843.71152471256,3945.1221321468183,42033.82927545553,1704416.4555685956,125251.47727995104,68592.23424476152,0.0,2型糖尿病,0.7224212765987621,140036.82154032504,2850.040167043535
S7,2037,dementia,573519.1115813078,31702.800488811186,170156.64144273117,1012590.884298719,209843.20556313568,363675.90601817216,0.0,痴呆,0.7013798801929729,402254.765769278,22235.70640862411
S7,2037,depression,218986.51520728966,0.0,1186744.0780536362,1385851.5630277086,218986.51520728966,0.0,0.0,抑郁症,0.7013798801929729,153592.73579996548,0.0
S7,2037,hypertension,0.0,0.0,0.0,0.0,0.0,0.0,2124039.073383681,高血压,0.7013798801929729,0.0,0.0
S7,2037,type2_diabetes,197740.4378201387,4091.71061120549,41999.31886653323,1727188.411483355,127225.49675641325,70514.94106372545,0.0,2型糖尿病,0.7013798801929729,138691.1645875949,2869.8434982716226
S7,2038,dementia,673159.6190402193,37377.618337681415,199373.19352584513,1187801.39499992,246315.36858408968,426844.25045612955,0.0,痴呆,0.6809513399931775,458388.9446147342,25452.339292797722
S7,2038,depression,220826.80288505094,0.0,1197431.0117195186,1397826.5337109847,220826.80288505094,0.0,0.0,抑郁症,0.6809513399931775,150372.3073309847,0.0
S7,2038,hypertension,0.0,0.0,0.0,0.0,0.0,0.0,2146978.4128069086,高血压,0.6809513399931775,0.0,0.0
S7,2038,type2_diabetes,201277.29472738743,4237.242986707867,41837.48958595164,1746617.2971158593,128882.71247197062,72394.58225541681,0.0,2型糖尿病,0.6809513399931775,137060.0435548162,2885.3562896754156
S7,2039,dementia,778934.1874200172,43436.45608579762,230200.08271226077,1372775.2240782976,284824.1136772878,494110.07374272926,0.0,痴呆,0.661117805818619,514967.26086423075,28716.61453997932
S7,2039,depression,221922.8679206808,0.0,1203482.3322443375,1406278.3872920522,221922.8679206808,0.0,0.0,抑郁症,0.661117805818619,146717.15950069568,0.0
S7,2039,hypertension,0.0,0.0,0.0,0.0,0.0,0.0,2165668.5578078516,高血压,0.661117805818619,0.0,0.0
S7,2039,type2_diabetes,204528.0291310889,4384.998011751561,41544.66087671198,1763031.0816622574,130254.03243597034,74273.99669511856,0.0,2型糖尿病,0.661117805818619,135217.12184755207,2899.000264048199
S7,2040,dementia,806381.9785677218,45118.30493065104,237781.3645388125,1418983.4638086895,294506.4883145919,511875.49025312986,0.0,痴呆,0.6418619473967174,517585.90710909595,28959.723066026592
S7,2040,depression,222247.08033775087,0.0,1204634.5835849307,1411013.3127282178,222247.08033775087,0.0,0.0,抑郁症,0.6418619473967174,142651.94378882347,0.0
S7,2040,hypertension,0.0,0.0,0.0,0.0,0.0,0.0,2180316.1834978415,高血压,0.6418619473967174,0.0,0.0
S7,2040,type2_diabetes,207411.5530411665,4520.474329391821,41193.48679404578,1776811.2725350845,131383.97630009975,76027.57674106676,0.0,2型糖尿病,0.6418619473967174,133129.5833475807,2901.5204562203044
S7,2041,dementia,832197.2646162075,46700.57530207746,244897.12184154443,1462341.605921355,303589.8015736909,528607.4630425165,0.0,痴呆,0.6231669392201139,518597.8222182332,29102.254570814057
S7,2041,depression,222410.0510250262,0.0,1204722.73838815,1414923.3401868404,222410.0510250262,0.0,0.0,抑郁症,0.6231669392201139,138598.5907490549,0.0
S7,2041,hypertension,0.0,0.0,0.0,0.0,0.0,0.0,2192972.208082107,高血压,0.6231669392201139,0.0,0.0
S7,2041,type2_diabetes,210213.5158147078,4648.779802105689,40809.56721881725,1790349.1591900387,132503.21088700008,77710.30492770771,0.0,2型糖尿病,0.6231669392201139,130998.11323295046,2896.965880386489
S7,2042,dementia,854974.2110535706,48089.83041832653,251185.2388163871,1500571.8323880974,311593.04162650614,543381.1694270645,0.0,痴呆,0.6050164458447708,517273.4584605682,29095.13828097366
S7,2042,depression,222567.02280928878,0.0,1204664.8736139366,1418743.2784137093,222567.02280928878,0.0,0.0,抑郁症,0.6050164458447708,134656.70910232794,0.0
S7,2042,hypertension,0.0,0.0,0.0,0.0,0.0,0.0,2203958.846264005,高血压,0.6050164458447708,0.0,0.0
S7,2042,type2_diabetes,212873.5289096277,4763.53499160356,40414.21884918613,1803914.1955678796,133621.76518361416,79251.76372601352,0.0,2型糖尿病,0.6050164458447708,128791.985875337,2882.017010277186
S7,2043,dementia,875291.2896546866,49330.173867740115,256781.91767169914,1534610.3107090015,318717.61773037596,556573.6719243106,0.0,痴呆,0.5873946076162823,514141.3836366643,28976.278122684187
S7,2043,depression,222595.59175155332,0.0,1203886.5178486272,1421646.1596597114,222595.59175155332,0.0,0.0,抑郁症,0.5873946076162823,130751.45027401781,0.0
S7,2043,hypertension,0.0,0.0,0.0,0.0,0.0,0.0,2212830.5762633686,高血压,0.5873946076162823,0.0,0.0
S7,2043,type2_diabetes,215275.04549337216,4866.460784051378,40040.099327360025,1816009.7157327342,134630.43272316855,80644.6127702036,0.0,2型糖尿病,0.5873946076162823,126451.40087715666,2858.5328227278846
S7,2044,dementia,892308.0413563026,50364.728602369694,261479.07313169446,1563161.5995476015,324689.4867123086,567618.554643994,0.0,痴呆,0.5702860268119245,508870.8075974162,28722.300966106304
S7,2044,depression,222425.4994700977,0.0,1202052.4814072924,1423093.5834015599,222425.4994700977,0.0,0.0,抑郁症,0.5702860268119245,126846.15435445985,0.0
S7,2044,hypertension,0.0,0.0,0.0,0.0,0.0,0.0,2219606.604263234,高血压,0.5702860268119245,0.0,0.0
S7,2044,type2_diabetes,217306.1600498592,4953.580615675328,39687.91726333985,1825767.2829541827,135469.78725363064,81836.37279622859,0.0,2型糖尿病,0.5702860268119245,123926.66661659037,2824.9578078060495
S7,2045,dementia,904824.5585175375,51104.50695601116,264990.03790254437,1584372.0811041924,329109.88585016306,575714.6726673745,0.0,痴呆,0.5536757541863345,500979.4198435148,28295.326431190257
S7,2045,depression,222059.49793309128,0.0,1199107.1680314492,1423144.1884121548,222059.49793309128,0.0,0.0,抑郁症,0.5536757541863345,122948.95999234311,0.0
S7,2045,hypertension,0.0,0.0,0.0,0.0,0.0,0.0,2225125.4966170304,高血压,0.5536757541863345,0.0,0.0
S7,2045,type2_diabetes,219026.93359841875,5020.499485654447,39371.39497769085,1833968.4834305388,136217.66556701396,82809.26803140478,0.0,2型糖尿病,0.5536757541863345,121269.90264722472,2779.7288391118304
S7,2046,dementia,913579.3864347761,51604.181258221084,267510.72506062256,1599399.6428282035,332227.6881647202,581351.6982700559,0.0,痴呆,0.5375492759090627,491093.9376634596,27739.790269236764
S7,2046,depression,221392.52915062057,0.0,1194575.0846888858,1421058.7934590287,221392.52915062057,0.0,0.0,抑郁症,0.5375492759090627,119009.39373659213,0.0
S7,2046,hypertension,0.0,0.0,0.0,0.0,0.0,0.0,2228340.0854343725,高血压,0.5375492759090627,0.0,0.0
S7,2046,type2_diabetes,220279.93497527123,5069.031239822001,39042.58496003825,1839018.7389232959,136744.96072943526,83534.97424583598,0.0,2型糖尿病,0.5375492759090627,118411.31954325245,2724.854072526735
S7,2047,dementia,919341.2676911275,51913.38107352618,269258.3513594446,1609532.4380951268,334315.1165263427,585026.1511647848,0.0,痴呆,0.5218925008825851,479797.3133598887,27093.20427773324
S7,2047,depression,220445.2525382305,0.0,1188601.300116528,1416969.6160776974,220445.2525382305,0.0,0.0,抑郁症,0.5218925008825851,115048.72415487016,0.0
S7,2047,hypertension,0.0,0.0,0.0,0.0,0.0,0.0,2229567.6188488365,高血压,0.5218925008825851,0.0,0.0
S7,2047,type2_diabetes,221064.7095562998,5102.2863001930245,38651.38413982939,1840801.6422278194,137033.52156322362,84031.18799307616,0.0,2型糖尿病,0.5218925008825851,115372.0141272196,2662.8449574266897
S7,2048,dementia,922898.1039561064,52088.624848394364,270399.3431319137,1615940.1754167506,335621.3030658319,587276.8008902745,0.0,痴呆,0.5066917484296942,467624.8539159692,26392.876397731357
S7,2048,depression,219289.31992567022,0.0,1181506.9292667948,1411429.8410672373,219289.31992567022,0.0,0.0,抑郁症,0.5066917484296942,111112.08892509642,0.0
S7,2048,hypertension,0.0,0.0,0.0,0.0,0.0,0.0,2228955.855212178,高血压,0.5066917484296942,0.0,0.0
S7,2048,type2_diabetes,221544.76625184907,5124.469717421629,38269.84114830821,1840518.460400199,137171.13707263148,84373.62917921756,0.0,2型糖尿病,0.5066917484296942,112254.90496759732,2596.526520895386
S7,2049,dementia,926751.7056568384,52291.488315581606,271597.2674848649,1622715.2855754264,337008.0362446617,589743.6694121766,0.0,痴呆,0.49193373633950893,455900.4292227813,25723.947225837834
S7,2049,depression,217987.71394686576,0.0,1173625.711849858,1404975.8007265902,217987.71394686576,0.0,0.0,抑郁症,0.49193373633950893,107235.51059798975,0.0
S7,2049,hypertension,0.0,0.0,0.0,0.0,0.0,0.0,2227059.519291918,高血压,0.49193373633950893,0.0,0.0
S7,2049,type2_diabetes,221924.03570698068,5147.405370150797,37889.09724428798,1839076.237297069,137221.8192758566,84702.2164311241,0.0,2型糖尿病,0.49193373633950893,109171.9200688776,2532.1823561923347
S7,2050,dementia,931827.3380786623,52568.87644757749,273147.83420640323,1631571.7294001223,338828.6286887838,592998.7093898786,0.0,痴呆,0.47760556926165915,445045.92625663604,25107.188161191072
S7,2050,depression,216510.40552226503,0.0,1164791.1422687583,1397513.9204494362,216510.40552226503,0.0,0.0,抑郁症,0.47760556926165915,103406.57548053407,0.0
S7,2050,hypertension,0.0,0.0,0.0,0.0,0.0,0.0,2224877.976156939,高血压,0.47760556926165915,0.0,0.0
S7,2050,type2_diabetes,222304.6089594563,5176.1634512266455,37450.95909206915,1836769.7857704172,137220.1851404828,85084.4238189735,0.0,2型糖尿病,0.47760556926165915,106173.91931157166,2472.1644917144963
