scenario_id,year,outcome_id,cost_stream,basis,avoided_units,unit_cost_main_2025_cny,unit_cost_low_2025_cny,unit_cost_high_2025_cny,parameter_id,dedup_rule,savings_main_2025_cny,discounted_savings_main_2025_cny,savings_low_2025_cny,discounted_savings_low_2025_cny,savings_high_2025_cny,discounted_savings_high_2025_cny
S0,2025,bladder_cancer,direct_medical,avoided_incident_case_first_year,0.0,17917.502226658013,6349.271058827539,40450.2353820222,INTERNATIONAL_PROXY_BLADDER,Event-specific first-year cost; no annual patient-year cost added for the same outcome,0.0,0.0,0.0,0.0,0.0,0.0
S0,2025,breast_cancer,direct_medical,avoided_incident_case_first_year,0.0,53995.542586727424,26175.98574835096,99226.21468667472,CHINA_BREAST_NEW_DIAGNOSIS_COURSE,Event-specific first-year cost; no annual patient-year cost added for the same outcome,0.0,0.0,0.0,0.0,0.0,0.0
S0,2025,colon_cancer,direct_medical,avoided_incident_case_first_year,0.0,72296.25822013385,35047.815693114135,132856.9673630357,CHINA_CRC_NEW_DIAGNOSIS_COURSE,Event-specific first-year cost; no annual patient-year cost added for the same outcome,0.0,0.0,0.0,0.0,0.0,0.0
S0,2025,coronary_heart_disease,direct_medical,avoided_incident_case_first_year,0.0,21846.326995845397,8586.27962692537,46223.917226713966,CHINA_INCIDENT_MI_IMMEDIATE_PROXY,Event-specific first-year cost; no annual patient-year cost added for the same outcome,0.0,0.0,0.0,0.0,0.0,0.0
S0,2025,endometrial_cancer,direct_medical,avoided_incident_case_first_year,0.0,22329.17043600619,7912.595953582618,50409.93932055516,INTERNATIONAL_PROXY_ENDOMETRIAL,Event-specific first-year cost; no annual patient-year cost added for the same outcome,0.0,0.0,0.0,0.0,0.0,0.0
S0,2025,gastric_cancer,direct_medical,avoided_incident_case_first_year,0.0,64762.28390756019,31395.4919125426,119011.97726255516,CHINA_GASTRIC_NEW_DIAGNOSIS_COURSE,Event-specific first-year cost; no annual patient-year cost added for the same outcome,0.0,0.0,0.0,0.0,0.0,0.0
S0,2025,oesophageal_cancer,direct_medical,avoided_incident_case_first_year,0.0,68356.63525540795,29827.5487154762,135047.26753332303,CHINA_OESOPHAGEAL_NEW_DIAGNOSIS_DERIVED,Event-specific first-year cost; no annual patient-year cost added for the same outcome,0.0,0.0,0.0,0.0,0.0,0.0
S0,2025,renal_cancer,direct_medical,avoided_incident_case_first_year,0.0,13135.225379367826,4654.616770652017,29653.851952691733,INTERNATIONAL_PROXY_RENAL,Event-specific first-year cost; no annual patient-year cost added for the same outcome,0.0,0.0,0.0,0.0,0.0,0.0
S0,2025,stroke,direct_medical,avoided_incident_case_first_year,0.0,29612.850356671155,4730.172689851648,100820.84684525008,CHINA_FIRST_ISCHAEMIC_STROKE_ONE_YEAR,Event-specific first-year cost; no annual patient-year cost added for the same outcome,0.0,0.0,0.0,0.0,0.0,0.0
S0,2026,bladder_cancer,direct_medical,avoided_incident_case_first_year,0.0,17917.502226658013,6349.271058827539,40450.2353820222,INTERNATIONAL_PROXY_BLADDER,Event-specific first-year cost; no annual patient-year cost added for the same outcome,0.0,0.0,0.0,0.0,0.0,0.0
S0,2026,breast_cancer,direct_medical,avoided_incident_case_first_year,0.0,53995.542586727424,26175.98574835096,99226.21468667472,CHINA_BREAST_NEW_DIAGNOSIS_COURSE,Event-specific first-year cost; no annual patient-year cost added for the same outcome,0.0,0.0,0.0,0.0,0.0,0.0
S0,2026,colon_cancer,direct_medical,avoided_incident_case_first_year,0.0,72296.25822013385,35047.815693114135,132856.9673630357,CHINA_CRC_NEW_DIAGNOSIS_COURSE,Event-specific first-year cost; no annual patient-year cost added for the same outcome,0.0,0.0,0.0,0.0,0.0,0.0
S0,2026,coronary_heart_disease,direct_medical,avoided_incident_case_first_year,0.0,21846.326995845397,8586.27962692537,46223.917226713966,CHINA_INCIDENT_MI_IMMEDIATE_PROXY,Event-specific first-year cost; no annual patient-year cost added for the same outcome,0.0,0.0,0.0,0.0,0.0,0.0
S0,2026,endometrial_cancer,direct_medical,avoided_incident_case_first_year,0.0,22329.17043600619,7912.595953582618,50409.93932055516,INTERNATIONAL_PROXY_ENDOMETRIAL,Event-specific first-year cost; no annual patient-year cost added for the same outcome,0.0,0.0,0.0,0.0,0.0,0.0
S0,2026,gastric_cancer,direct_medical,avoided_incident_case_first_year,0.0,64762.28390756019,31395.4919125426,119011.97726255516,CHINA_GASTRIC_NEW_DIAGNOSIS_COURSE,Event-specific first-year cost; no annual patient-year cost added for the same outcome,0.0,0.0,0.0,0.0,0.0,0.0
S0,2026,oesophageal_cancer,direct_medical,avoided_incident_case_first_year,0.0,68356.63525540795,29827.5487154762,135047.26753332303,CHINA_OESOPHAGEAL_NEW_DIAGNOSIS_DERIVED,Event-specific first-year cost; no annual patient-year cost added for the same outcome,0.0,0.0,0.0,0.0,0.0,0.0
S0,2026,renal_cancer,direct_medical,avoided_incident_case_first_year,0.0,13135.225379367826,4654.616770652017,29653.851952691733,INTERNATIONAL_PROXY_RENAL,Event-specific first-year cost; no annual patient-year cost added for the same outcome,0.0,0.0,0.0,0.0,0.0,0.0
S0,2026,stroke,direct_medical,avoided_incident_case_first_year,0.0,29612.850356671155,4730.172689851648,100820.84684525008,CHINA_FIRST_ISCHAEMIC_STROKE_ONE_YEAR,Event-specific first-year cost; no annual patient-year cost added for the same outcome,0.0,0.0,0.0,0.0,0.0,0.0
S0,2027,bladder_cancer,direct_medical,avoided_incident_case_first_year,0.0,17917.502226658013,6349.271058827539,40450.2353820222,INTERNATIONAL_PROXY_BLADDER,Event-specific first-year cost; no annual patient-year cost added for the same outcome,0.0,0.0,0.0,0.0,0.0,0.0
S0,2027,breast_cancer,direct_medical,avoided_incident_case_first_year,0.0,53995.542586727424,26175.98574835096,99226.21468667472,CHINA_BREAST_NEW_DIAGNOSIS_COURSE,Event-specific first-year cost; no annual patient-year cost added for the same outcome,0.0,0.0,0.0,0.0,0.0,0.0
S0,2027,colon_cancer,direct_medical,avoided_incident_case_first_year,0.0,72296.25822013385,35047.815693114135,132856.9673630357,CHINA_CRC_NEW_DIAGNOSIS_COURSE,Event-specific first-year cost; no annual patient-year cost added for the same outcome,0.0,0.0,0.0,0.0,0.0,0.0
S0,2027,coronary_heart_disease,direct_medical,avoided_incident_case_first_year,0.0,21846.326995845397,8586.27962692537,46223.917226713966,CHINA_INCIDENT_MI_IMMEDIATE_PROXY,Event-specific first-year cost; no annual patient-year cost added for the same outcome,0.0,0.0,0.0,0.0,0.0,0.0
S0,2027,endometrial_cancer,direct_medical,avoided_incident_case_first_year,0.0,22329.17043600619,7912.595953582618,50409.93932055516,INTERNATIONAL_PROXY_ENDOMETRIAL,Event-specific first-year cost; no annual patient-year cost added for the same outcome,0.0,0.0,0.0,0.0,0.0,0.0
S0,2027,gastric_cancer,direct_medical,avoided_incident_case_first_year,0.0,64762.28390756019,31395.4919125426,119011.97726255516,CHINA_GASTRIC_NEW_DIAGNOSIS_COURSE,Event-specific first-year cost; no annual patient-year cost added for the same outcome,0.0,0.0,0.0,0.0,0.0,0.0
S0,2027,oesophageal_cancer,direct_medical,avoided_incident_case_first_year,0.0,68356.63525540795,29827.5487154762,135047.26753332303,CHINA_OESOPHAGEAL_NEW_DIAGNOSIS_DERIVED,Event-specific first-year cost; no annual patient-year cost added for the same outcome,0.0,0.0,0.0,0.0,0.0,0.0
S0,2027,renal_cancer,direct_medical,avoided_incident_case_first_year,0.0,13135.225379367826,4654.616770652017,29653.851952691733,INTERNATIONAL_PROXY_RENAL,Event-specific first-year cost; no annual patient-year cost added for the same outcome,0.0,0.0,0.0,0.0,0.0,0.0
S0,2027,stroke,direct_medical,avoided_incident_case_first_year,0.0,29612.850356671155,4730.172689851648,100820.84684525008,CHINA_FIRST_ISCHAEMIC_STROKE_ONE_YEAR,Event-specific first-year cost; no annual patient-year cost added for the same outcome,0.0,0.0,0.0,0.0,0.0,0.0
S0,2028,bladder_cancer,direct_medical,avoided_incident_case_first_year,0.0,17917.502226658013,6349.271058827539,40450.2353820222,INTERNATIONAL_PROXY_BLADDER,Event-specific first-year cost; no annual patient-year cost added for the same outcome,0.0,0.0,0.0,0.0,0.0,0.0
S0,2028,breast_cancer,direct_medical,avoided_incident_case_first_year,0.0,53995.542586727424,26175.98574835096,99226.21468667472,CHINA_BREAST_NEW_DIAGNOSIS_COURSE,Event-specific first-year cost; no annual patient-year cost added for the same outcome,0.0,0.0,0.0,0.0,0.0,0.0
S0,2028,colon_cancer,direct_medical,avoided_incident_case_first_year,0.0,72296.25822013385,35047.815693114135,132856.9673630357,CHINA_CRC_NEW_DIAGNOSIS_COURSE,Event-specific first-year cost; no annual patient-year cost added for the same outcome,0.0,0.0,0.0,0.0,0.0,0.0
S0,2028,coronary_heart_disease,direct_medical,avoided_incident_case_first_year,0.0,21846.326995845397,8586.27962692537,46223.917226713966,CHINA_INCIDENT_MI_IMMEDIATE_PROXY,Event-specific first-year cost; no annual patient-year cost added for the same outcome,0.0,0.0,0.0,0.0,0.0,0.0
S0,2028,endometrial_cancer,direct_medical,avoided_incident_case_first_year,0.0,22329.17043600619,7912.595953582618,50409.93932055516,INTERNATIONAL_PROXY_ENDOMETRIAL,Event-specific first-year cost; no annual patient-year cost added for the same outcome,0.0,0.0,0.0,0.0,0.0,0.0
S0,2028,gastric_cancer,direct_medical,avoided_incident_case_first_year,0.0,64762.28390756019,31395.4919125426,119011.97726255516,CHINA_GASTRIC_NEW_DIAGNOSIS_COURSE,Event-specific first-year cost; no annual patient-year cost added for the same outcome,0.0,0.0,0.0,0.0,0.0,0.0
S0,2028,oesophageal_cancer,direct_medical,avoided_incident_case_first_year,0.0,68356.63525540795,29827.5487154762,135047.26753332303,CHINA_OESOPHAGEAL_NEW_DIAGNOSIS_DERIVED,Event-specific first-year cost; no annual patient-year cost added for the same outcome,0.0,0.0,0.0,0.0,0.0,0.0
S0,2028,renal_cancer,direct_medical,avoided_incident_case_first_year,0.0,13135.225379367826,4654.616770652017,29653.851952691733,INTERNATIONAL_PROXY_RENAL,Event-specific first-year cost; no annual patient-year cost added for the same outcome,0.0,0.0,0.0,0.0,0.0,0.0
S0,2028,stroke,direct_medical,avoided_incident_case_first_year,0.0,29612.850356671155,4730.172689851648,100820.84684525008,CHINA_FIRST_ISCHAEMIC_STROKE_ONE_YEAR,Event-specific first-year cost; no annual patient-year cost added for the same outcome,0.0,0.0,0.0,0.0,0.0,0.0
S0,2029,bladder_cancer,direct_medical,avoided_incident_case_first_year,0.0,17917.502226658013,6349.271058827539,40450.2353820222,INTERNATIONAL_PROXY_BLADDER,Event-specific first-year cost; no annual patient-year cost added for the same outcome,0.0,0.0,0.0,0.0,0.0,0.0
S0,2029,breast_cancer,direct_medical,avoided_incident_case_first_year,0.0,53995.542586727424,26175.98574835096,99226.21468667472,CHINA_BREAST_NEW_DIAGNOSIS_COURSE,Event-specific first-year cost; no annual patient-year cost added for the same outcome,0.0,0.0,0.0,0.0,0.0,0.0
S0,2029,colon_cancer,direct_medical,avoided_incident_case_first_year,0.0,72296.25822013385,35047.815693114135,132856.9673630357,CHINA_CRC_NEW_DIAGNOSIS_COURSE,Event-specific first-year cost; no annual patient-year cost added for the same outcome,0.0,0.0,0.0,0.0,0.0,0.0
S0,2029,coronary_heart_disease,direct_medical,avoided_incident_case_first_year,0.0,21846.326995845397,8586.27962692537,46223.917226713966,CHINA_INCIDENT_MI_IMMEDIATE_PROXY,Event-specific first-year cost; no annual patient-year cost added for the same outcome,0.0,0.0,0.0,0.0,0.0,0.0
S0,2029,endometrial_cancer,direct_medical,avoided_incident_case_first_year,0.0,22329.17043600619,7912.595953582618,50409.93932055516,INTERNATIONAL_PROXY_ENDOMETRIAL,Event-specific first-year cost; no annual patient-year cost added for the same outcome,0.0,0.0,0.0,0.0,0.0,0.0
S0,2029,gastric_cancer,direct_medical,avoided_incident_case_first_year,0.0,64762.28390756019,31395.4919125426,119011.97726255516,CHINA_GASTRIC_NEW_DIAGNOSIS_COURSE,Event-specific first-year cost; no annual patient-year cost added for the same outcome,0.0,0.0,0.0,0.0,0.0,0.0
S0,2029,oesophageal_cancer,direct_medical,avoided_incident_case_first_year,0.0,68356.63525540795,29827.5487154762,135047.26753332303,CHINA_OESOPHAGEAL_NEW_DIAGNOSIS_DERIVED,Event-specific first-year cost; no annual patient-year cost added for the same outcome,0.0,0.0,0.0,0.0,0.0,0.0
S0,2029,renal_cancer,direct_medical,avoided_incident_case_first_year,0.0,13135.225379367826,4654.616770652017,29653.851952691733,INTERNATIONAL_PROXY_RENAL,Event-specific first-year cost; no annual patient-year cost added for the same outcome,0.0,0.0,0.0,0.0,0.0,0.0
S0,2029,stroke,direct_medical,avoided_incident_case_first_year,0.0,29612.850356671155,4730.172689851648,100820.84684525008,CHINA_FIRST_ISCHAEMIC_STROKE_ONE_YEAR,Event-specific first-year cost; no annual patient-year cost added for the same outcome,0.0,0.0,0.0,0.0,0.0,0.0
S0,2030,bladder_cancer,direct_medical,avoided_incident_case_first_year,0.0,17917.502226658013,6349.271058827539,40450.2353820222,INTERNATIONAL_PROXY_BLADDER,Event-specific first-year cost; no annual patient-year cost added for the same outcome,0.0,0.0,0.0,0.0,0.0,0.0
S0,2030,breast_cancer,direct_medical,avoided_incident_case_first_year,0.0,53995.542586727424,26175.98574835096,99226.21468667472,CHINA_BREAST_NEW_DIAGNOSIS_COURSE,Event-specific first-year cost; no annual patient-year cost added for the same outcome,0.0,0.0,0.0,0.0,0.0,0.0
S0,2030,colon_cancer,direct_medical,avoided_incident_case_first_year,0.0,72296.25822013385,35047.815693114135,132856.9673630357,CHINA_CRC_NEW_DIAGNOSIS_COURSE,Event-specific first-year cost; no annual patient-year cost added for the same outcome,0.0,0.0,0.0,0.0,0.0,0.0
S0,2030,coronary_heart_disease,direct_medical,avoided_incident_case_first_year,0.0,21846.326995845397,8586.27962692537,46223.917226713966,CHINA_INCIDENT_MI_IMMEDIATE_PROXY,Event-specific first-year cost; no annual patient-year cost added for the same outcome,0.0,0.0,0.0,0.0,0.0,0.0
S0,2030,endometrial_cancer,direct_medical,avoided_incident_case_first_year,0.0,22329.17043600619,7912.595953582618,50409.93932055516,INTERNATIONAL_PROXY_ENDOMETRIAL,Event-specific first-year cost; no annual patient-year cost added for the same outcome,0.0,0.0,0.0,0.0,0.0,0.0
S0,2030,gastric_cancer,direct_medical,avoided_incident_case_first_year,0.0,64762.28390756019,31395.4919125426,119011.97726255516,CHINA_GASTRIC_NEW_DIAGNOSIS_COURSE,Event-specific first-year cost; no annual patient-year cost added for the same outcome,0.0,0.0,0.0,0.0,0.0,0.0
S0,2030,oesophageal_cancer,direct_medical,avoided_incident_case_first_year,0.0,68356.63525540795,29827.5487154762,135047.26753332303,CHINA_OESOPHAGEAL_NEW_DIAGNOSIS_DERIVED,Event-specific first-year cost; no annual patient-year cost added for the same outcome,0.0,0.0,0.0,0.0,0.0,0.0
S0,2030,renal_cancer,direct_medical,avoided_incident_case_first_year,0.0,13135.225379367826,4654.616770652017,29653.851952691733,INTERNATIONAL_PROXY_RENAL,Event-specific first-year cost; no annual patient-year cost added for the same outcome,0.0,0.0,0.0,0.0,0.0,0.0
S0,2030,stroke,direct_medical,avoided_incident_case_first_year,0.0,29612.850356671155,4730.172689851648,100820.84684525008,CHINA_FIRST_ISCHAEMIC_STROKE_ONE_YEAR,Event-specific first-year cost; no annual patient-year cost added for the same outcome,0.0,0.0,0.0,0.0,0.0,0.0
S0,2031,bladder_cancer,direct_medical,avoided_incident_case_first_year,0.0,17917.502226658013,6349.271058827539,40450.2353820222,INTERNATIONAL_PROXY_BLADDER,Event-specific first-year cost; no annual patient-year cost added for the same outcome,0.0,0.0,0.0,0.0,0.0,0.0
S0,2031,breast_cancer,direct_medical,avoided_incident_case_first_year,0.0,53995.542586727424,26175.98574835096,99226.21468667472,CHINA_BREAST_NEW_DIAGNOSIS_COURSE,Event-specific first-year cost; no annual patient-year cost added for the same outcome,0.0,0.0,0.0,0.0,0.0,0.0
S0,2031,colon_cancer,direct_medical,avoided_incident_case_first_year,0.0,72296.25822013385,35047.815693114135,132856.9673630357,CHINA_CRC_NEW_DIAGNOSIS_COURSE,Event-specific first-year cost; no annual patient-year cost added for the same outcome,0.0,0.0,0.0,0.0,0.0,0.0
S0,2031,coronary_heart_disease,direct_medical,avoided_incident_case_first_year,0.0,21846.326995845397,8586.27962692537,46223.917226713966,CHINA_INCIDENT_MI_IMMEDIATE_PROXY,Event-specific first-year cost; no annual patient-year cost added for the same outcome,0.0,0.0,0.0,0.0,0.0,0.0
S0,2031,endometrial_cancer,direct_medical,avoided_incident_case_first_year,0.0,22329.17043600619,7912.595953582618,50409.93932055516,INTERNATIONAL_PROXY_ENDOMETRIAL,Event-specific first-year cost; no annual patient-year cost added for the same outcome,0.0,0.0,0.0,0.0,0.0,0.0
S0,2031,gastric_cancer,direct_medical,avoided_incident_case_first_year,0.0,64762.28390756019,31395.4919125426,119011.97726255516,CHINA_GASTRIC_NEW_DIAGNOSIS_COURSE,Event-specific first-year cost; no annual patient-year cost added for the same outcome,0.0,0.0,0.0,0.0,0.0,0.0
S0,2031,oesophageal_cancer,direct_medical,avoided_incident_case_first_year,0.0,68356.63525540795,29827.5487154762,135047.26753332303,CHINA_OESOPHAGEAL_NEW_DIAGNOSIS_DERIVED,Event-specific first-year cost; no annual patient-year cost added for the same outcome,0.0,0.0,0.0,0.0,0.0,0.0
S0,2031,renal_cancer,direct_medical,avoided_incident_case_first_year,0.0,13135.225379367826,4654.616770652017,29653.851952691733,INTERNATIONAL_PROXY_RENAL,Event-specific first-year cost; no annual patient-year cost added for the same outcome,0.0,0.0,0.0,0.0,0.0,0.0
S0,2031,stroke,direct_medical,avoided_incident_case_first_year,0.0,29612.850356671155,4730.172689851648,100820.84684525008,CHINA_FIRST_ISCHAEMIC_STROKE_ONE_YEAR,Event-specific first-year cost; no annual patient-year cost added for the same outcome,0.0,0.0,0.0,0.0,0.0,0.0
S0,2032,bladder_cancer,direct_medical,avoided_incident_case_first_year,0.0,17917.502226658013,6349.271058827539,40450.2353820222,INTERNATIONAL_PROXY_BLADDER,Event-specific first-year cost; no annual patient-year cost added for the same outcome,0.0,0.0,0.0,0.0,0.0,0.0
S0,2032,breast_cancer,direct_medical,avoided_incident_case_first_year,0.0,53995.542586727424,26175.98574835096,99226.21468667472,CHINA_BREAST_NEW_DIAGNOSIS_COURSE,Event-specific first-year cost; no annual patient-year cost added for the same outcome,0.0,0.0,0.0,0.0,0.0,0.0
S0,2032,colon_cancer,direct_medical,avoided_incident_case_first_year,0.0,72296.25822013385,35047.815693114135,132856.9673630357,CHINA_CRC_NEW_DIAGNOSIS_COURSE,Event-specific first-year cost; no annual patient-year cost added for the same outcome,0.0,0.0,0.0,0.0,0.0,0.0
S0,2032,coronary_heart_disease,direct_medical,avoided_incident_case_first_year,0.0,21846.326995845397,8586.27962692537,46223.917226713966,CHINA_INCIDENT_MI_IMMEDIATE_PROXY,Event-specific first-year cost; no annual patient-year cost added for the same outcome,0.0,0.0,0.0,0.0,0.0,0.0
S0,2032,endometrial_cancer,direct_medical,avoided_incident_case_first_year,0.0,22329.17043600619,7912.595953582618,50409.93932055516,INTERNATIONAL_PROXY_ENDOMETRIAL,Event-specific first-year cost; no annual patient-year cost added for the same outcome,0.0,0.0,0.0,0.0,0.0,0.0
S0,2032,gastric_cancer,direct_medical,avoided_incident_case_first_year,0.0,64762.28390756019,31395.4919125426,119011.97726255516,CHINA_GASTRIC_NEW_DIAGNOSIS_COURSE,Event-specific first-year cost; no annual patient-year cost added for the same outcome,0.0,0.0,0.0,0.0,0.0,0.0
S0,2032,oesophageal_cancer,direct_medical,avoided_incident_case_first_year,0.0,68356.63525540795,29827.5487154762,135047.26753332303,CHINA_OESOPHAGEAL_NEW_DIAGNOSIS_DERIVED,Event-specific first-year cost; no annual patient-year cost added for the same outcome,0.0,0.0,0.0,0.0,0.0,0.0
S0,2032,renal_cancer,direct_medical,avoided_incident_case_first_year,0.0,13135.225379367826,4654.616770652017,29653.851952691733,INTERNATIONAL_PROXY_RENAL,Event-specific first-year cost; no annual patient-year cost added for the same outcome,0.0,0.0,0.0,0.0,0.0,0.0
S0,2032,stroke,direct_medical,avoided_incident_case_first_year,0.0,29612.850356671155,4730.172689851648,100820.84684525008,CHINA_FIRST_ISCHAEMIC_STROKE_ONE_YEAR,Event-specific first-year cost; no annual patient-year cost added for the same outcome,0.0,0.0,0.0,0.0,0.0,0.0
S0,2033,bladder_cancer,direct_medical,avoided_incident_case_first_year,0.0,17917.502226658013,6349.271058827539,40450.2353820222,INTERNATIONAL_PROXY_BLADDER,Event-specific first-year cost; no annual patient-year cost added for the same outcome,0.0,0.0,0.0,0.0,0.0,0.0
S0,2033,breast_cancer,direct_medical,avoided_incident_case_first_year,0.0,53995.542586727424,26175.98574835096,99226.21468667472,CHINA_BREAST_NEW_DIAGNOSIS_COURSE,Event-specific first-year cost; no annual patient-year cost added for the same outcome,0.0,0.0,0.0,0.0,0.0,0.0
S0,2033,colon_cancer,direct_medical,avoided_incident_case_first_year,0.0,72296.25822013385,35047.815693114135,132856.9673630357,CHINA_CRC_NEW_DIAGNOSIS_COURSE,Event-specific first-year cost; no annual patient-year cost added for the same outcome,0.0,0.0,0.0,0.0,0.0,0.0
S0,2033,coronary_heart_disease,direct_medical,avoided_incident_case_first_year,0.0,21846.326995845397,8586.27962692537,46223.917226713966,CHINA_INCIDENT_MI_IMMEDIATE_PROXY,Event-specific first-year cost; no annual patient-year cost added for the same outcome,0.0,0.0,0.0,0.0,0.0,0.0
S0,2033,endometrial_cancer,direct_medical,avoided_incident_case_first_year,0.0,22329.17043600619,7912.595953582618,50409.93932055516,INTERNATIONAL_PROXY_ENDOMETRIAL,Event-specific first-year cost; no annual patient-year cost added for the same outcome,0.0,0.0,0.0,0.0,0.0,0.0
S0,2033,gastric_cancer,direct_medical,avoided_incident_case_first_year,0.0,64762.28390756019,31395.4919125426,119011.97726255516,CHINA_GASTRIC_NEW_DIAGNOSIS_COURSE,Event-specific first-year cost; no annual patient-year cost added for the same outcome,0.0,0.0,0.0,0.0,0.0,0.0
S0,2033,oesophageal_cancer,direct_medical,avoided_incident_case_first_year,0.0,68356.63525540795,29827.5487154762,135047.26753332303,CHINA_OESOPHAGEAL_NEW_DIAGNOSIS_DERIVED,Event-specific first-year cost; no annual patient-year cost added for the same outcome,0.0,0.0,0.0,0.0,0.0,0.0
S0,2033,renal_cancer,direct_medical,avoided_incident_case_first_year,0.0,13135.225379367826,4654.616770652017,29653.851952691733,INTERNATIONAL_PROXY_RENAL,Event-specific first-year cost; no annual patient-year cost added for the same outcome,0.0,0.0,0.0,0.0,0.0,0.0
S0,2033,stroke,direct_medical,avoided_incident_case_first_year,0.0,29612.850356671155,4730.172689851648,100820.84684525008,CHINA_FIRST_ISCHAEMIC_STROKE_ONE_YEAR,Event-specific first-year cost; no annual patient-year cost added for the same outcome,0.0,0.0,0.0,0.0,0.0,0.0
S0,2034,bladder_cancer,direct_medical,avoided_incident_case_first_year,0.0,17917.502226658013,6349.271058827539,40450.2353820222,INTERNATIONAL_PROXY_BLADDER,Event-specific first-year cost; no annual patient-year cost added for the same outcome,0.0,0.0,0.0,0.0,0.0,0.0
S0,2034,breast_cancer,direct_medical,avoided_incident_case_first_year,0.0,53995.542586727424,26175.98574835096,99226.21468667472,CHINA_BREAST_NEW_DIAGNOSIS_COURSE,Event-specific first-year cost; no annual patient-year cost added for the same outcome,0.0,0.0,0.0,0.0,0.0,0.0
S0,2034,colon_cancer,direct_medical,avoided_incident_case_first_year,0.0,72296.25822013385,35047.815693114135,132856.9673630357,CHINA_CRC_NEW_DIAGNOSIS_COURSE,Event-specific first-year cost; no annual patient-year cost added for the same outcome,0.0,0.0,0.0,0.0,0.0,0.0
S0,2034,coronary_heart_disease,direct_medical,avoided_incident_case_first_year,0.0,21846.326995845397,8586.27962692537,46223.917226713966,CHINA_INCIDENT_MI_IMMEDIATE_PROXY,Event-specific first-year cost; no annual patient-year cost added for the same outcome,0.0,0.0,0.0,0.0,0.0,0.0
S0,2034,endometrial_cancer,direct_medical,avoided_incident_case_first_year,0.0,22329.17043600619,7912.595953582618,50409.93932055516,INTERNATIONAL_PROXY_ENDOMETRIAL,Event-specific first-year cost; no annual patient-year cost added for the same outcome,0.0,0.0,0.0,0.0,0.0,0.0
S0,2034,gastric_cancer,direct_medical,avoided_incident_case_first_year,0.0,64762.28390756019,31395.4919125426,119011.97726255516,CHINA_GASTRIC_NEW_DIAGNOSIS_COURSE,Event-specific first-year cost; no annual patient-year cost added for the same outcome,0.0,0.0,0.0,0.0,0.0,0.0
S0,2034,oesophageal_cancer,direct_medical,avoided_incident_case_first_year,0.0,68356.63525540795,29827.5487154762,135047.26753332303,CHINA_OESOPHAGEAL_NEW_DIAGNOSIS_DERIVED,Event-specific first-year cost; no annual patient-year cost added for the same outcome,0.0,0.0,0.0,0.0,0.0,0.0
S0,2034,renal_cancer,direct_medical,avoided_incident_case_first_year,0.0,13135.225379367826,4654.616770652017,29653.851952691733,INTERNATIONAL_PROXY_RENAL,Event-specific first-year cost; no annual patient-year cost added for the same outcome,0.0,0.0,0.0,0.0,0.0,0.0
S0,2034,stroke,direct_medical,avoided_incident_case_first_year,0.0,29612.850356671155,4730.172689851648,100820.84684525008,CHINA_FIRST_ISCHAEMIC_STROKE_ONE_YEAR,Event-specific first-year cost; no annual patient-year cost added for the same outcome,0.0,0.0,0.0,0.0,0.0,0.0
S0,2035,bladder_cancer,direct_medical,avoided_incident_case_first_year,0.0,17917.502226658013,6349.271058827539,40450.2353820222,INTERNATIONAL_PROXY_BLADDER,Event-specific first-year cost; no annual patient-year cost added for the same outcome,0.0,0.0,0.0,0.0,0.0,0.0
S0,2035,breast_cancer,direct_medical,avoided_incident_case_first_year,0.0,53995.542586727424,26175.98574835096,99226.21468667472,CHINA_BREAST_NEW_DIAGNOSIS_COURSE,Event-specific first-year cost; no annual patient-year cost added for the same outcome,0.0,0.0,0.0,0.0,0.0,0.0
S0,2035,colon_cancer,direct_medical,avoided_incident_case_first_year,0.0,72296.25822013385,35047.815693114135,132856.9673630357,CHINA_CRC_NEW_DIAGNOSIS_COURSE,Event-specific first-year cost; no annual patient-year cost added for the same outcome,0.0,0.0,0.0,0.0,0.0,0.0
S0,2035,coronary_heart_disease,direct_medical,avoided_incident_case_first_year,0.0,21846.326995845397,8586.27962692537,46223.917226713966,CHINA_INCIDENT_MI_IMMEDIATE_PROXY,Event-specific first-year cost; no annual patient-year cost added for the same outcome,0.0,0.0,0.0,0.0,0.0,0.0
S0,2035,endometrial_cancer,direct_medical,avoided_incident_case_first_year,0.0,22329.17043600619,7912.595953582618,50409.93932055516,INTERNATIONAL_PROXY_ENDOMETRIAL,Event-specific first-year cost; no annual patient-year cost added for the same outcome,0.0,0.0,0.0,0.0,0.0,0.0
S0,2035,gastric_cancer,direct_medical,avoided_incident_case_first_year,0.0,64762.28390756019,31395.4919125426,119011.97726255516,CHINA_GASTRIC_NEW_DIAGNOSIS_COURSE,Event-specific first-year cost; no annual patient-year cost added for the same outcome,0.0,0.0,0.0,0.0,0.0,0.0
S0,2035,oesophageal_cancer,direct_medical,avoided_incident_case_first_year,0.0,68356.63525540795,29827.5487154762,135047.26753332303,CHINA_OESOPHAGEAL_NEW_DIAGNOSIS_DERIVED,Event-specific first-year cost; no annual patient-year cost added for the same outcome,0.0,0.0,0.0,0.0,0.0,0.0
S0,2035,renal_cancer,direct_medical,avoided_incident_case_first_year,0.0,13135.225379367826,4654.616770652017,29653.851952691733,INTERNATIONAL_PROXY_RENAL,Event-specific first-year cost; no annual patient-year cost added for the same outcome,0.0,0.0,0.0,0.0,0.0,0.0
S0,2035,stroke,direct_medical,avoided_incident_case_first_year,0.0,29612.850356671155,4730.172689851648,100820.84684525008,CHINA_FIRST_ISCHAEMIC_STROKE_ONE_YEAR,Event-specific first-year cost; no annual patient-year cost added for the same outcome,0.0,0.0,0.0,0.0,0.0,0.0
S0,2036,bladder_cancer,direct_medical,avoided_incident_case_first_year,0.0,17917.502226658013,6349.271058827539,40450.2353820222,INTERNATIONAL_PROXY_BLADDER,Event-specific first-year cost; no annual patient-year cost added for the same outcome,0.0,0.0,0.0,0.0,0.0,0.0
S0,2036,breast_cancer,direct_medical,avoided_incident_case_first_year,0.0,53995.542586727424,26175.98574835096,99226.21468667472,CHINA_BREAST_NEW_DIAGNOSIS_COURSE,Event-specific first-year cost; no annual patient-year cost added for the same outcome,0.0,0.0,0.0,0.0,0.0,0.0
S0,2036,colon_cancer,direct_medical,avoided_incident_case_first_year,0.0,72296.25822013385,35047.815693114135,132856.9673630357,CHINA_CRC_NEW_DIAGNOSIS_COURSE,Event-specific first-year cost; no annual patient-year cost added for the same outcome,0.0,0.0,0.0,0.0,0.0,0.0
S0,2036,coronary_heart_disease,direct_medical,avoided_incident_case_first_year,0.0,21846.326995845397,8586.27962692537,46223.917226713966,CHINA_INCIDENT_MI_IMMEDIATE_PROXY,Event-specific first-year cost; no annual patient-year cost added for the same outcome,0.0,0.0,0.0,0.0,0.0,0.0
S0,2036,endometrial_cancer,direct_medical,avoided_incident_case_first_year,0.0,22329.17043600619,7912.595953582618,50409.93932055516,INTERNATIONAL_PROXY_ENDOMETRIAL,Event-specific first-year cost; no annual patient-year cost added for the same outcome,0.0,0.0,0.0,0.0,0.0,0.0
S0,2036,gastric_cancer,direct_medical,avoided_incident_case_first_year,0.0,64762.28390756019,31395.4919125426,119011.97726255516,CHINA_GASTRIC_NEW_DIAGNOSIS_COURSE,Event-specific first-year cost; no annual patient-year cost added for the same outcome,0.0,0.0,0.0,0.0,0.0,0.0
S0,2036,oesophageal_cancer,direct_medical,avoided_incident_case_first_year,0.0,68356.63525540795,29827.5487154762,135047.26753332303,CHINA_OESOPHAGEAL_NEW_DIAGNOSIS_DERIVED,Event-specific first-year cost; no annual patient-year cost added for the same outcome,0.0,0.0,0.0,0.0,0.0,0.0
S0,2036,renal_cancer,direct_medical,avoided_incident_case_first_year,0.0,13135.225379367826,4654.616770652017,29653.851952691733,INTERNATIONAL_PROXY_RENAL,Event-specific first-year cost; no annual patient-year cost added for the same outcome,0.0,0.0,0.0,0.0,0.0,0.0
S0,2036,stroke,direct_medical,avoided_incident_case_first_year,0.0,29612.850356671155,4730.172689851648,100820.84684525008,CHINA_FIRST_ISCHAEMIC_STROKE_ONE_YEAR,Event-specific first-year cost; no annual patient-year cost added for the same outcome,0.0,0.0,0.0,0.0,0.0,0.0
S0,2037,bladder_cancer,direct_medical,avoided_incident_case_first_year,0.0,17917.502226658013,6349.271058827539,40450.2353820222,INTERNATIONAL_PROXY_BLADDER,Event-specific first-year cost; no annual patient-year cost added for the same outcome,0.0,0.0,0.0,0.0,0.0,0.0
S0,2037,breast_cancer,direct_medical,avoided_incident_case_first_year,0.0,53995.542586727424,26175.98574835096,99226.21468667472,CHINA_BREAST_NEW_DIAGNOSIS_COURSE,Event-specific first-year cost; no annual patient-year cost added for the same outcome,0.0,0.0,0.0,0.0,0.0,0.0
S0,2037,colon_cancer,direct_medical,avoided_incident_case_first_year,0.0,72296.25822013385,35047.815693114135,132856.9673630357,CHINA_CRC_NEW_DIAGNOSIS_COURSE,Event-specific first-year cost; no annual patient-year cost added for the same outcome,0.0,0.0,0.0,0.0,0.0,0.0
S0,2037,coronary_heart_disease,direct_medical,avoided_incident_case_first_year,0.0,21846.326995845397,8586.27962692537,46223.917226713966,CHINA_INCIDENT_MI_IMMEDIATE_PROXY,Event-specific first-year cost; no annual patient-year cost added for the same outcome,0.0,0.0,0.0,0.0,0.0,0.0
S0,2037,endometrial_cancer,direct_medical,avoided_incident_case_first_year,0.0,22329.17043600619,7912.595953582618,50409.93932055516,INTERNATIONAL_PROXY_ENDOMETRIAL,Event-specific first-year cost; no annual patient-year cost added for the same outcome,0.0,0.0,0.0,0.0,0.0,0.0
S0,2037,gastric_cancer,direct_medical,avoided_incident_case_first_year,0.0,64762.28390756019,31395.4919125426,119011.97726255516,CHINA_GASTRIC_NEW_DIAGNOSIS_COURSE,Event-specific first-year cost; no annual patient-year cost added for the same outcome,0.0,0.0,0.0,0.0,0.0,0.0
S0,2037,oesophageal_cancer,direct_medical,avoided_incident_case_first_year,0.0,68356.63525540795,29827.5487154762,135047.26753332303,CHINA_OESOPHAGEAL_NEW_DIAGNOSIS_DERIVED,Event-specific first-year cost; no annual patient-year cost added for the same outcome,0.0,0.0,0.0,0.0,0.0,0.0
S0,2037,renal_cancer,direct_medical,avoided_incident_case_first_year,0.0,13135.225379367826,4654.616770652017,29653.851952691733,INTERNATIONAL_PROXY_RENAL,Event-specific first-year cost; no annual patient-year cost added for the same outcome,0.0,0.0,0.0,0.0,0.0,0.0
S0,2037,stroke,direct_medical,avoided_incident_case_first_year,0.0,29612.850356671155,4730.172689851648,100820.84684525008,CHINA_FIRST_ISCHAEMIC_STROKE_ONE_YEAR,Event-specific first-year cost; no annual patient-year cost added for the same outcome,0.0,0.0,0.0,0.0,0.0,0.0
S0,2038,bladder_cancer,direct_medical,avoided_incident_case_first_year,0.0,17917.502226658013,6349.271058827539,40450.2353820222,INTERNATIONAL_PROXY_BLADDER,Event-specific first-year cost; no annual patient-year cost added for the same outcome,0.0,0.0,0.0,0.0,0.0,0.0
S0,2038,breast_cancer,direct_medical,avoided_incident_case_first_year,0.0,53995.542586727424,26175.98574835096,99226.21468667472,CHINA_BREAST_NEW_DIAGNOSIS_COURSE,Event-specific first-year cost; no annual patient-year cost added for the same outcome,0.0,0.0,0.0,0.0,0.0,0.0
S0,2038,colon_cancer,direct_medical,avoided_incident_case_first_year,0.0,72296.25822013385,35047.815693114135,132856.9673630357,CHINA_CRC_NEW_DIAGNOSIS_COURSE,Event-specific first-year cost; no annual patient-year cost added for the same outcome,0.0,0.0,0.0,0.0,0.0,0.0
S0,2038,coronary_heart_disease,direct_medical,avoided_incident_case_first_year,0.0,21846.326995845397,8586.27962692537,46223.917226713966,CHINA_INCIDENT_MI_IMMEDIATE_PROXY,Event-specific first-year cost; no annual patient-year cost added for the same outcome,0.0,0.0,0.0,0.0,0.0,0.0
S0,2038,endometrial_cancer,direct_medical,avoided_incident_case_first_year,0.0,22329.17043600619,7912.595953582618,50409.93932055516,INTERNATIONAL_PROXY_ENDOMETRIAL,Event-specific first-year cost; no annual patient-year cost added for the same outcome,0.0,0.0,0.0,0.0,0.0,0.0
S0,2038,gastric_cancer,direct_medical,avoided_incident_case_first_year,0.0,64762.28390756019,31395.4919125426,119011.97726255516,CHINA_GASTRIC_NEW_DIAGNOSIS_COURSE,Event-specific first-year cost; no annual patient-year cost added for the same outcome,0.0,0.0,0.0,0.0,0.0,0.0
S0,2038,oesophageal_cancer,direct_medical,avoided_incident_case_first_year,0.0,68356.63525540795,29827.5487154762,135047.26753332303,CHINA_OESOPHAGEAL_NEW_DIAGNOSIS_DERIVED,Event-specific first-year cost; no annual patient-year cost added for the same outcome,0.0,0.0,0.0,0.0,0.0,0.0
S0,2038,renal_cancer,direct_medical,avoided_incident_case_first_year,0.0,13135.225379367826,4654.616770652017,29653.851952691733,INTERNATIONAL_PROXY_RENAL,Event-specific first-year cost; no annual patient-year cost added for the same outcome,0.0,0.0,0.0,0.0,0.0,0.0
S0,2038,stroke,direct_medical,avoided_incident_case_first_year,0.0,29612.850356671155,4730.172689851648,100820.84684525008,CHINA_FIRST_ISCHAEMIC_STROKE_ONE_YEAR,Event-specific first-year cost; no annual patient-year cost added for the same outcome,0.0,0.0,0.0,0.0,0.0,0.0
S0,2039,bladder_cancer,direct_medical,avoided_incident_case_first_year,0.0,17917.502226658013,6349.271058827539,40450.2353820222,INTERNATIONAL_PROXY_BLADDER,Event-specific first-year cost; no annual patient-year cost added for the same outcome,0.0,0.0,0.0,0.0,0.0,0.0
S0,2039,breast_cancer,direct_medical,avoided_incident_case_first_year,0.0,53995.542586727424,26175.98574835096,99226.21468667472,CHINA_BREAST_NEW_DIAGNOSIS_COURSE,Event-specific first-year cost; no annual patient-year cost added for the same outcome,0.0,0.0,0.0,0.0,0.0,0.0
S0,2039,colon_cancer,direct_medical,avoided_incident_case_first_year,0.0,72296.25822013385,35047.815693114135,132856.9673630357,CHINA_CRC_NEW_DIAGNOSIS_COURSE,Event-specific first-year cost; no annual patient-year cost added for the same outcome,0.0,0.0,0.0,0.0,0.0,0.0
S0,2039,coronary_heart_disease,direct_medical,avoided_incident_case_first_year,0.0,21846.326995845397,8586.27962692537,46223.917226713966,CHINA_INCIDENT_MI_IMMEDIATE_PROXY,Event-specific first-year cost; no annual patient-year cost added for the same outcome,0.0,0.0,0.0,0.0,0.0,0.0
S0,2039,endometrial_cancer,direct_medical,avoided_incident_case_first_year,0.0,22329.17043600619,7912.595953582618,50409.93932055516,INTERNATIONAL_PROXY_ENDOMETRIAL,Event-specific first-year cost; no annual patient-year cost added for the same outcome,0.0,0.0,0.0,0.0,0.0,0.0
S0,2039,gastric_cancer,direct_medical,avoided_incident_case_first_year,0.0,64762.28390756019,31395.4919125426,119011.97726255516,CHINA_GASTRIC_NEW_DIAGNOSIS_COURSE,Event-specific first-year cost; no annual patient-year cost added for the same outcome,0.0,0.0,0.0,0.0,0.0,0.0
S0,2039,oesophageal_cancer,direct_medical,avoided_incident_case_first_year,0.0,68356.63525540795,29827.5487154762,135047.26753332303,CHINA_OESOPHAGEAL_NEW_DIAGNOSIS_DERIVED,Event-specific first-year cost; no annual patient-year cost added for the same outcome,0.0,0.0,0.0,0.0,0.0,0.0
S0,2039,renal_cancer,direct_medical,avoided_incident_case_first_year,0.0,13135.225379367826,4654.616770652017,29653.851952691733,INTERNATIONAL_PROXY_RENAL,Event-specific first-year cost; no annual patient-year cost added for the same outcome,0.0,0.0,0.0,0.0,0.0,0.0
S0,2039,stroke,direct_medical,avoided_incident_case_first_year,0.0,29612.850356671155,4730.172689851648,100820.84684525008,CHINA_FIRST_ISCHAEMIC_STROKE_ONE_YEAR,Event-specific first-year cost; no annual patient-year cost added for the same outcome,0.0,0.0,0.0,0.0,0.0,0.0
S0,2040,bladder_cancer,direct_medical,avoided_incident_case_first_year,0.0,17917.502226658013,6349.271058827539,40450.2353820222,INTERNATIONAL_PROXY_BLADDER,Event-specific first-year cost; no annual patient-year cost added for the same outcome,0.0,0.0,0.0,0.0,0.0,0.0
S0,2040,breast_cancer,direct_medical,avoided_incident_case_first_year,0.0,53995.542586727424,26175.98574835096,99226.21468667472,CHINA_BREAST_NEW_DIAGNOSIS_COURSE,Event-specific first-year cost; no annual patient-year cost added for the same outcome,0.0,0.0,0.0,0.0,0.0,0.0
S0,2040,colon_cancer,direct_medical,avoided_incident_case_first_year,0.0,72296.25822013385,35047.815693114135,132856.9673630357,CHINA_CRC_NEW_DIAGNOSIS_COURSE,Event-specific first-year cost; no annual patient-year cost added for the same outcome,0.0,0.0,0.0,0.0,0.0,0.0
S0,2040,coronary_heart_disease,direct_medical,avoided_incident_case_first_year,0.0,21846.326995845397,8586.27962692537,46223.917226713966,CHINA_INCIDENT_MI_IMMEDIATE_PROXY,Event-specific first-year cost; no annual patient-year cost added for the same outcome,0.0,0.0,0.0,0.0,0.0,0.0
S0,2040,endometrial_cancer,direct_medical,avoided_incident_case_first_year,0.0,22329.17043600619,7912.595953582618,50409.93932055516,INTERNATIONAL_PROXY_ENDOMETRIAL,Event-specific first-year cost; no annual patient-year cost added for the same outcome,0.0,0.0,0.0,0.0,0.0,0.0
S0,2040,gastric_cancer,direct_medical,avoided_incident_case_first_year,0.0,64762.28390756019,31395.4919125426,119011.97726255516,CHINA_GASTRIC_NEW_DIAGNOSIS_COURSE,Event-specific first-year cost; no annual patient-year cost added for the same outcome,0.0,0.0,0.0,0.0,0.0,0.0
S0,2040,oesophageal_cancer,direct_medical,avoided_incident_case_first_year,0.0,68356.63525540795,29827.5487154762,135047.26753332303,CHINA_OESOPHAGEAL_NEW_DIAGNOSIS_DERIVED,Event-specific first-year cost; no annual patient-year cost added for the same outcome,0.0,0.0,0.0,0.0,0.0,0.0
S0,2040,renal_cancer,direct_medical,avoided_incident_case_first_year,0.0,13135.225379367826,4654.616770652017,29653.851952691733,INTERNATIONAL_PROXY_RENAL,Event-specific first-year cost; no annual patient-year cost added for the same outcome,0.0,0.0,0.0,0.0,0.0,0.0
S0,2040,stroke,direct_medical,avoided_incident_case_first_year,0.0,29612.850356671155,4730.172689851648,100820.84684525008,CHINA_FIRST_ISCHAEMIC_STROKE_ONE_YEAR,Event-specific first-year cost; no annual patient-year cost added for the same outcome,0.0,0.0,0.0,0.0,0.0,0.0
S0,2041,bladder_cancer,direct_medical,avoided_incident_case_first_year,0.0,17917.502226658013,6349.271058827539,40450.2353820222,INTERNATIONAL_PROXY_BLADDER,Event-specific first-year cost; no annual patient-year cost added for the same outcome,0.0,0.0,0.0,0.0,0.0,0.0
S0,2041,breast_cancer,direct_medical,avoided_incident_case_first_year,0.0,53995.542586727424,26175.98574835096,99226.21468667472,CHINA_BREAST_NEW_DIAGNOSIS_COURSE,Event-specific first-year cost; no annual patient-year cost added for the same outcome,0.0,0.0,0.0,0.0,0.0,0.0
S0,2041,colon_cancer,direct_medical,avoided_incident_case_first_year,0.0,72296.25822013385,35047.815693114135,132856.9673630357,CHINA_CRC_NEW_DIAGNOSIS_COURSE,Event-specific first-year cost; no annual patient-year cost added for the same outcome,0.0,0.0,0.0,0.0,0.0,0.0
S0,2041,coronary_heart_disease,direct_medical,avoided_incident_case_first_year,0.0,21846.326995845397,8586.27962692537,46223.917226713966,CHINA_INCIDENT_MI_IMMEDIATE_PROXY,Event-specific first-year cost; no annual patient-year cost added for the same outcome,0.0,0.0,0.0,0.0,0.0,0.0
S0,2041,endometrial_cancer,direct_medical,avoided_incident_case_first_year,0.0,22329.17043600619,7912.595953582618,50409.93932055516,INTERNATIONAL_PROXY_ENDOMETRIAL,Event-specific first-year cost; no annual patient-year cost added for the same outcome,0.0,0.0,0.0,0.0,0.0,0.0
S0,2041,gastric_cancer,direct_medical,avoided_incident_case_first_year,0.0,64762.28390756019,31395.4919125426,119011.97726255516,CHINA_GASTRIC_NEW_DIAGNOSIS_COURSE,Event-specific first-year cost; no annual patient-year cost added for the same outcome,0.0,0.0,0.0,0.0,0.0,0.0
S0,2041,oesophageal_cancer,direct_medical,avoided_incident_case_first_year,0.0,68356.63525540795,29827.5487154762,135047.26753332303,CHINA_OESOPHAGEAL_NEW_DIAGNOSIS_DERIVED,Event-specific first-year cost; no annual patient-year cost added for the same outcome,0.0,0.0,0.0,0.0,0.0,0.0
S0,2041,renal_cancer,direct_medical,avoided_incident_case_first_year,0.0,13135.225379367826,4654.616770652017,29653.851952691733,INTERNATIONAL_PROXY_RENAL,Event-specific first-year cost; no annual patient-year cost added for the same outcome,0.0,0.0,0.0,0.0,0.0,0.0
S0,2041,stroke,direct_medical,avoided_incident_case_first_year,0.0,29612.850356671155,4730.172689851648,100820.84684525008,CHINA_FIRST_ISCHAEMIC_STROKE_ONE_YEAR,Event-specific first-year cost; no annual patient-year cost added for the same outcome,0.0,0.0,0.0,0.0,0.0,0.0
S0,2042,bladder_cancer,direct_medical,avoided_incident_case_first_year,0.0,17917.502226658013,6349.271058827539,40450.2353820222,INTERNATIONAL_PROXY_BLADDER,Event-specific first-year cost; no annual patient-year cost added for the same outcome,0.0,0.0,0.0,0.0,0.0,0.0
S0,2042,breast_cancer,direct_medical,avoided_incident_case_first_year,0.0,53995.542586727424,26175.98574835096,99226.21468667472,CHINA_BREAST_NEW_DIAGNOSIS_COURSE,Event-specific first-year cost; no annual patient-year cost added for the same outcome,0.0,0.0,0.0,0.0,0.0,0.0
S0,2042,colon_cancer,direct_medical,avoided_incident_case_first_year,0.0,72296.25822013385,35047.815693114135,132856.9673630357,CHINA_CRC_NEW_DIAGNOSIS_COURSE,Event-specific first-year cost; no annual patient-year cost added for the same outcome,0.0,0.0,0.0,0.0,0.0,0.0
S0,2042,coronary_heart_disease,direct_medical,avoided_incident_case_first_year,0.0,21846.326995845397,8586.27962692537,46223.917226713966,CHINA_INCIDENT_MI_IMMEDIATE_PROXY,Event-specific first-year cost; no annual patient-year cost added for the same outcome,0.0,0.0,0.0,0.0,0.0,0.0
S0,2042,endometrial_cancer,direct_medical,avoided_incident_case_first_year,0.0,22329.17043600619,7912.595953582618,50409.93932055516,INTERNATIONAL_PROXY_ENDOMETRIAL,Event-specific first-year cost; no annual patient-year cost added for the same outcome,0.0,0.0,0.0,0.0,0.0,0.0
S0,2042,gastric_cancer,direct_medical,avoided_incident_case_first_year,0.0,64762.28390756019,31395.4919125426,119011.97726255516,CHINA_GASTRIC_NEW_DIAGNOSIS_COURSE,Event-specific first-year cost; no annual patient-year cost added for the same outcome,0.0,0.0,0.0,0.0,0.0,0.0
S0,2042,oesophageal_cancer,direct_medical,avoided_incident_case_first_year,0.0,68356.63525540795,29827.5487154762,135047.26753332303,CHINA_OESOPHAGEAL_NEW_DIAGNOSIS_DERIVED,Event-specific first-year cost; no annual patient-year cost added for the same outcome,0.0,0.0,0.0,0.0,0.0,0.0
S0,2042,renal_cancer,direct_medical,avoided_incident_case_first_year,0.0,13135.225379367826,4654.616770652017,29653.851952691733,INTERNATIONAL_PROXY_RENAL,Event-specific first-year cost; no annual patient-year cost added for the same outcome,0.0,0.0,0.0,0.0,0.0,0.0
S0,2042,stroke,direct_medical,avoided_incident_case_first_year,0.0,29612.850356671155,4730.172689851648,100820.84684525008,CHINA_FIRST_ISCHAEMIC_STROKE_ONE_YEAR,Event-specific first-year cost; no annual patient-year cost added for the same outcome,0.0,0.0,0.0,0.0,0.0,0.0
S0,2043,bladder_cancer,direct_medical,avoided_incident_case_first_year,0.0,17917.502226658013,6349.271058827539,40450.2353820222,INTERNATIONAL_PROXY_BLADDER,Event-specific first-year cost; no annual patient-year cost added for the same outcome,0.0,0.0,0.0,0.0,0.0,0.0
S0,2043,breast_cancer,direct_medical,avoided_incident_case_first_year,0.0,53995.542586727424,26175.98574835096,99226.21468667472,CHINA_BREAST_NEW_DIAGNOSIS_COURSE,Event-specific first-year cost; no annual patient-year cost added for the same outcome,0.0,0.0,0.0,0.0,0.0,0.0
S0,2043,colon_cancer,direct_medical,avoided_incident_case_first_year,0.0,72296.25822013385,35047.815693114135,132856.9673630357,CHINA_CRC_NEW_DIAGNOSIS_COURSE,Event-specific first-year cost; no annual patient-year cost added for the same outcome,0.0,0.0,0.0,0.0,0.0,0.0
S0,2043,coronary_heart_disease,direct_medical,avoided_incident_case_first_year,0.0,21846.326995845397,8586.27962692537,46223.917226713966,CHINA_INCIDENT_MI_IMMEDIATE_PROXY,Event-specific first-year cost; no annual patient-year cost added for the same outcome,0.0,0.0,0.0,0.0,0.0,0.0
S0,2043,endometrial_cancer,direct_medical,avoided_incident_case_first_year,0.0,22329.17043600619,7912.595953582618,50409.93932055516,INTERNATIONAL_PROXY_ENDOMETRIAL,Event-specific first-year cost; no annual patient-year cost added for the same outcome,0.0,0.0,0.0,0.0,0.0,0.0
S0,2043,gastric_cancer,direct_medical,avoided_incident_case_first_year,0.0,64762.28390756019,31395.4919125426,119011.97726255516,CHINA_GASTRIC_NEW_DIAGNOSIS_COURSE,Event-specific first-year cost; no annual patient-year cost added for the same outcome,0.0,0.0,0.0,0.0,0.0,0.0
S0,2043,oesophageal_cancer,direct_medical,avoided_incident_case_first_year,0.0,68356.63525540795,29827.5487154762,135047.26753332303,CHINA_OESOPHAGEAL_NEW_DIAGNOSIS_DERIVED,Event-specific first-year cost; no annual patient-year cost added for the same outcome,0.0,0.0,0.0,0.0,0.0,0.0
S0,2043,renal_cancer,direct_medical,avoided_incident_case_first_year,0.0,13135.225379367826,4654.616770652017,29653.851952691733,INTERNATIONAL_PROXY_RENAL,Event-specific first-year cost; no annual patient-year cost added for the same outcome,0.0,0.0,0.0,0.0,0.0,0.0
S0,2043,stroke,direct_medical,avoided_incident_case_first_year,0.0,29612.850356671155,4730.172689851648,100820.84684525008,CHINA_FIRST_ISCHAEMIC_STROKE_ONE_YEAR,Event-specific first-year cost; no annual patient-year cost added for the same outcome,0.0,0.0,0.0,0.0,0.0,0.0
S0,2044,bladder_cancer,direct_medical,avoided_incident_case_first_year,0.0,17917.502226658013,6349.271058827539,40450.2353820222,INTERNATIONAL_PROXY_BLADDER,Event-specific first-year cost; no annual patient-year cost added for the same outcome,0.0,0.0,0.0,0.0,0.0,0.0
S0,2044,breast_cancer,direct_medical,avoided_incident_case_first_year,0.0,53995.542586727424,26175.98574835096,99226.21468667472,CHINA_BREAST_NEW_DIAGNOSIS_COURSE,Event-specific first-year cost; no annual patient-year cost added for the same outcome,0.0,0.0,0.0,0.0,0.0,0.0
S0,2044,colon_cancer,direct_medical,avoided_incident_case_first_year,0.0,72296.25822013385,35047.815693114135,132856.9673630357,CHINA_CRC_NEW_DIAGNOSIS_COURSE,Event-specific first-year cost; no annual patient-year cost added for the same outcome,0.0,0.0,0.0,0.0,0.0,0.0
S0,2044,coronary_heart_disease,direct_medical,avoided_incident_case_first_year,0.0,21846.326995845397,8586.27962692537,46223.917226713966,CHINA_INCIDENT_MI_IMMEDIATE_PROXY,Event-specific first-year cost; no annual patient-year cost added for the same outcome,0.0,0.0,0.0,0.0,0.0,0.0
S0,2044,endometrial_cancer,direct_medical,avoided_incident_case_first_year,0.0,22329.17043600619,7912.595953582618,50409.93932055516,INTERNATIONAL_PROXY_ENDOMETRIAL,Event-specific first-year cost; no annual patient-year cost added for the same outcome,0.0,0.0,0.0,0.0,0.0,0.0
S0,2044,gastric_cancer,direct_medical,avoided_incident_case_first_year,0.0,64762.28390756019,31395.4919125426,119011.97726255516,CHINA_GASTRIC_NEW_DIAGNOSIS_COURSE,Event-specific first-year cost; no annual patient-year cost added for the same outcome,0.0,0.0,0.0,0.0,0.0,0.0
S0,2044,oesophageal_cancer,direct_medical,avoided_incident_case_first_year,0.0,68356.63525540795,29827.5487154762,135047.26753332303,CHINA_OESOPHAGEAL_NEW_DIAGNOSIS_DERIVED,Event-specific first-year cost; no annual patient-year cost added for the same outcome,0.0,0.0,0.0,0.0,0.0,0.0
S0,2044,renal_cancer,direct_medical,avoided_incident_case_first_year,0.0,13135.225379367826,4654.616770652017,29653.851952691733,INTERNATIONAL_PROXY_RENAL,Event-specific first-year cost; no annual patient-year cost added for the same outcome,0.0,0.0,0.0,0.0,0.0,0.0
S0,2044,stroke,direct_medical,avoided_incident_case_first_year,0.0,29612.850356671155,4730.172689851648,100820.84684525008,CHINA_FIRST_ISCHAEMIC_STROKE_ONE_YEAR,Event-specific first-year cost; no annual patient-year cost added for the same outcome,0.0,0.0,0.0,0.0,0.0,0.0
S0,2045,bladder_cancer,direct_medical,avoided_incident_case_first_year,0.0,17917.502226658013,6349.271058827539,40450.2353820222,INTERNATIONAL_PROXY_BLADDER,Event-specific first-year cost; no annual patient-year cost added for the same outcome,0.0,0.0,0.0,0.0,0.0,0.0
S0,2045,breast_cancer,direct_medical,avoided_incident_case_first_year,0.0,53995.542586727424,26175.98574835096,99226.21468667472,CHINA_BREAST_NEW_DIAGNOSIS_COURSE,Event-specific first-year cost; no annual patient-year cost added for the same outcome,0.0,0.0,0.0,0.0,0.0,0.0
S0,2045,colon_cancer,direct_medical,avoided_incident_case_first_year,0.0,72296.25822013385,35047.815693114135,132856.9673630357,CHINA_CRC_NEW_DIAGNOSIS_COURSE,Event-specific first-year cost; no annual patient-year cost added for the same outcome,0.0,0.0,0.0,0.0,0.0,0.0
S0,2045,coronary_heart_disease,direct_medical,avoided_incident_case_first_year,0.0,21846.326995845397,8586.27962692537,46223.917226713966,CHINA_INCIDENT_MI_IMMEDIATE_PROXY,Event-specific first-year cost; no annual patient-year cost added for the same outcome,0.0,0.0,0.0,0.0,0.0,0.0
S0,2045,endometrial_cancer,direct_medical,avoided_incident_case_first_year,0.0,22329.17043600619,7912.595953582618,50409.93932055516,INTERNATIONAL_PROXY_ENDOMETRIAL,Event-specific first-year cost; no annual patient-year cost added for the same outcome,0.0,0.0,0.0,0.0,0.0,0.0
S0,2045,gastric_cancer,direct_medical,avoided_incident_case_first_year,0.0,64762.28390756019,31395.4919125426,119011.97726255516,CHINA_GASTRIC_NEW_DIAGNOSIS_COURSE,Event-specific first-year cost; no annual patient-year cost added for the same outcome,0.0,0.0,0.0,0.0,0.0,0.0
S0,2045,oesophageal_cancer,direct_medical,avoided_incident_case_first_year,0.0,68356.63525540795,29827.5487154762,135047.26753332303,CHINA_OESOPHAGEAL_NEW_DIAGNOSIS_DERIVED,Event-specific first-year cost; no annual patient-year cost added for the same outcome,0.0,0.0,0.0,0.0,0.0,0.0
S0,2045,renal_cancer,direct_medical,avoided_incident_case_first_year,0.0,13135.225379367826,4654.616770652017,29653.851952691733,INTERNATIONAL_PROXY_RENAL,Event-specific first-year cost; no annual patient-year cost added for the same outcome,0.0,0.0,0.0,0.0,0.0,0.0
S0,2045,stroke,direct_medical,avoided_incident_case_first_year,0.0,29612.850356671155,4730.172689851648,100820.84684525008,CHINA_FIRST_ISCHAEMIC_STROKE_ONE_YEAR,Event-specific first-year cost; no annual patient-year cost added for the same outcome,0.0,0.0,0.0,0.0,0.0,0.0
S0,2046,bladder_cancer,direct_medical,avoided_incident_case_first_year,0.0,17917.502226658013,6349.271058827539,40450.2353820222,INTERNATIONAL_PROXY_BLADDER,Event-specific first-year cost; no annual patient-year cost added for the same outcome,0.0,0.0,0.0,0.0,0.0,0.0
S0,2046,breast_cancer,direct_medical,avoided_incident_case_first_year,0.0,53995.542586727424,26175.98574835096,99226.21468667472,CHINA_BREAST_NEW_DIAGNOSIS_COURSE,Event-specific first-year cost; no annual patient-year cost added for the same outcome,0.0,0.0,0.0,0.0,0.0,0.0
S0,2046,colon_cancer,direct_medical,avoided_incident_case_first_year,0.0,72296.25822013385,35047.815693114135,132856.9673630357,CHINA_CRC_NEW_DIAGNOSIS_COURSE,Event-specific first-year cost; no annual patient-year cost added for the same outcome,0.0,0.0,0.0,0.0,0.0,0.0
S0,2046,coronary_heart_disease,direct_medical,avoided_incident_case_first_year,0.0,21846.326995845397,8586.27962692537,46223.917226713966,CHINA_INCIDENT_MI_IMMEDIATE_PROXY,Event-specific first-year cost; no annual patient-year cost added for the same outcome,0.0,0.0,0.0,0.0,0.0,0.0
S0,2046,endometrial_cancer,direct_medical,avoided_incident_case_first_year,0.0,22329.17043600619,7912.595953582618,50409.93932055516,INTERNATIONAL_PROXY_ENDOMETRIAL,Event-specific first-year cost; no annual patient-year cost added for the same outcome,0.0,0.0,0.0,0.0,0.0,0.0
S0,2046,gastric_cancer,direct_medical,avoided_incident_case_first_year,0.0,64762.28390756019,31395.4919125426,119011.97726255516,CHINA_GASTRIC_NEW_DIAGNOSIS_COURSE,Event-specific first-year cost; no annual patient-year cost added for the same outcome,0.0,0.0,0.0,0.0,0.0,0.0
S0,2046,oesophageal_cancer,direct_medical,avoided_incident_case_first_year,0.0,68356.63525540795,29827.5487154762,135047.26753332303,CHINA_OESOPHAGEAL_NEW_DIAGNOSIS_DERIVED,Event-specific first-year cost; no annual patient-year cost added for the same outcome,0.0,0.0,0.0,0.0,0.0,0.0
S0,2046,renal_cancer,direct_medical,avoided_incident_case_first_year,0.0,13135.225379367826,4654.616770652017,29653.851952691733,INTERNATIONAL_PROXY_RENAL,Event-specific first-year cost; no annual patient-year cost added for the same outcome,0.0,0.0,0.0,0.0,0.0,0.0
S0,2046,stroke,direct_medical,avoided_incident_case_first_year,0.0,29612.850356671155,4730.172689851648,100820.84684525008,CHINA_FIRST_ISCHAEMIC_STROKE_ONE_YEAR,Event-specific first-year cost; no annual patient-year cost added for the same outcome,0.0,0.0,0.0,0.0,0.0,0.0
S0,2047,bladder_cancer,direct_medical,avoided_incident_case_first_year,0.0,17917.502226658013,6349.271058827539,40450.2353820222,INTERNATIONAL_PROXY_BLADDER,Event-specific first-year cost; no annual patient-year cost added for the same outcome,0.0,0.0,0.0,0.0,0.0,0.0
S0,2047,breast_cancer,direct_medical,avoided_incident_case_first_year,0.0,53995.542586727424,26175.98574835096,99226.21468667472,CHINA_BREAST_NEW_DIAGNOSIS_COURSE,Event-specific first-year cost; no annual patient-year cost added for the same outcome,0.0,0.0,0.0,0.0,0.0,0.0
S0,2047,colon_cancer,direct_medical,avoided_incident_case_first_year,0.0,72296.25822013385,35047.815693114135,132856.9673630357,CHINA_CRC_NEW_DIAGNOSIS_COURSE,Event-specific first-year cost; no annual patient-year cost added for the same outcome,0.0,0.0,0.0,0.0,0.0,0.0
S0,2047,coronary_heart_disease,direct_medical,avoided_incident_case_first_year,0.0,21846.326995845397,8586.27962692537,46223.917226713966,CHINA_INCIDENT_MI_IMMEDIATE_PROXY,Event-specific first-year cost; no annual patient-year cost added for the same outcome,0.0,0.0,0.0,0.0,0.0,0.0
S0,2047,endometrial_cancer,direct_medical,avoided_incident_case_first_year,0.0,22329.17043600619,7912.595953582618,50409.93932055516,INTERNATIONAL_PROXY_ENDOMETRIAL,Event-specific first-year cost; no annual patient-year cost added for the same outcome,0.0,0.0,0.0,0.0,0.0,0.0
S0,2047,gastric_cancer,direct_medical,avoided_incident_case_first_year,0.0,64762.28390756019,31395.4919125426,119011.97726255516,CHINA_GASTRIC_NEW_DIAGNOSIS_COURSE,Event-specific first-year cost; no annual patient-year cost added for the same outcome,0.0,0.0,0.0,0.0,0.0,0.0
S0,2047,oesophageal_cancer,direct_medical,avoided_incident_case_first_year,0.0,68356.63525540795,29827.5487154762,135047.26753332303,CHINA_OESOPHAGEAL_NEW_DIAGNOSIS_DERIVED,Event-specific first-year cost; no annual patient-year cost added for the same outcome,0.0,0.0,0.0,0.0,0.0,0.0
S0,2047,renal_cancer,direct_medical,avoided_incident_case_first_year,0.0,13135.225379367826,4654.616770652017,29653.851952691733,INTERNATIONAL_PROXY_RENAL,Event-specific first-year cost; no annual patient-year cost added for the same outcome,0.0,0.0,0.0,0.0,0.0,0.0
S0,2047,stroke,direct_medical,avoided_incident_case_first_year,0.0,29612.850356671155,4730.172689851648,100820.84684525008,CHINA_FIRST_ISCHAEMIC_STROKE_ONE_YEAR,Event-specific first-year cost; no annual patient-year cost added for the same outcome,0.0,0.0,0.0,0.0,0.0,0.0
S0,2048,bladder_cancer,direct_medical,avoided_incident_case_first_year,0.0,17917.502226658013,6349.271058827539,40450.2353820222,INTERNATIONAL_PROXY_BLADDER,Event-specific first-year cost; no annual patient-year cost added for the same outcome,0.0,0.0,0.0,0.0,0.0,0.0
S0,2048,breast_cancer,direct_medical,avoided_incident_case_first_year,0.0,53995.542586727424,26175.98574835096,99226.21468667472,CHINA_BREAST_NEW_DIAGNOSIS_COURSE,Event-specific first-year cost; no annual patient-year cost added for the same outcome,0.0,0.0,0.0,0.0,0.0,0.0
S0,2048,colon_cancer,direct_medical,avoided_incident_case_first_year,0.0,72296.25822013385,35047.815693114135,132856.9673630357,CHINA_CRC_NEW_DIAGNOSIS_COURSE,Event-specific first-year cost; no annual patient-year cost added for the same outcome,0.0,0.0,0.0,0.0,0.0,0.0
S0,2048,coronary_heart_disease,direct_medical,avoided_incident_case_first_year,0.0,21846.326995845397,8586.27962692537,46223.917226713966,CHINA_INCIDENT_MI_IMMEDIATE_PROXY,Event-specific first-year cost; no annual patient-year cost added for the same outcome,0.0,0.0,0.0,0.0,0.0,0.0
S0,2048,endometrial_cancer,direct_medical,avoided_incident_case_first_year,0.0,22329.17043600619,7912.595953582618,50409.93932055516,INTERNATIONAL_PROXY_ENDOMETRIAL,Event-specific first-year cost; no annual patient-year cost added for the same outcome,0.0,0.0,0.0,0.0,0.0,0.0
S0,2048,gastric_cancer,direct_medical,avoided_incident_case_first_year,0.0,64762.28390756019,31395.4919125426,119011.97726255516,CHINA_GASTRIC_NEW_DIAGNOSIS_COURSE,Event-specific first-year cost; no annual patient-year cost added for the same outcome,0.0,0.0,0.0,0.0,0.0,0.0
S0,2048,oesophageal_cancer,direct_medical,avoided_incident_case_first_year,0.0,68356.63525540795,29827.5487154762,135047.26753332303,CHINA_OESOPHAGEAL_NEW_DIAGNOSIS_DERIVED,Event-specific first-year cost; no annual patient-year cost added for the same outcome,0.0,0.0,0.0,0.0,0.0,0.0
S0,2048,renal_cancer,direct_medical,avoided_incident_case_first_year,0.0,13135.225379367826,4654.616770652017,29653.851952691733,INTERNATIONAL_PROXY_RENAL,Event-specific first-year cost; no annual patient-year cost added for the same outcome,0.0,0.0,0.0,0.0,0.0,0.0
S0,2048,stroke,direct_medical,avoided_incident_case_first_year,0.0,29612.850356671155,4730.172689851648,100820.84684525008,CHINA_FIRST_ISCHAEMIC_STROKE_ONE_YEAR,Event-specific first-year cost; no annual patient-year cost added for the same outcome,0.0,0.0,0.0,0.0,0.0,0.0
S0,2049,bladder_cancer,direct_medical,avoided_incident_case_first_year,0.0,17917.502226658013,6349.271058827539,40450.2353820222,INTERNATIONAL_PROXY_BLADDER,Event-specific first-year cost; no annual patient-year cost added for the same outcome,0.0,0.0,0.0,0.0,0.0,0.0
S0,2049,breast_cancer,direct_medical,avoided_incident_case_first_year,0.0,53995.542586727424,26175.98574835096,99226.21468667472,CHINA_BREAST_NEW_DIAGNOSIS_COURSE,Event-specific first-year cost; no annual patient-year cost added for the same outcome,0.0,0.0,0.0,0.0,0.0,0.0
S0,2049,colon_cancer,direct_medical,avoided_incident_case_first_year,0.0,72296.25822013385,35047.815693114135,132856.9673630357,CHINA_CRC_NEW_DIAGNOSIS_COURSE,Event-specific first-year cost; no annual patient-year cost added for the same outcome,0.0,0.0,0.0,0.0,0.0,0.0
S0,2049,coronary_heart_disease,direct_medical,avoided_incident_case_first_year,0.0,21846.326995845397,8586.27962692537,46223.917226713966,CHINA_INCIDENT_MI_IMMEDIATE_PROXY,Event-specific first-year cost; no annual patient-year cost added for the same outcome,0.0,0.0,0.0,0.0,0.0,0.0
S0,2049,endometrial_cancer,direct_medical,avoided_incident_case_first_year,0.0,22329.17043600619,7912.595953582618,50409.93932055516,INTERNATIONAL_PROXY_ENDOMETRIAL,Event-specific first-year cost; no annual patient-year cost added for the same outcome,0.0,0.0,0.0,0.0,0.0,0.0
S0,2049,gastric_cancer,direct_medical,avoided_incident_case_first_year,0.0,64762.28390756019,31395.4919125426,119011.97726255516,CHINA_GASTRIC_NEW_DIAGNOSIS_COURSE,Event-specific first-year cost; no annual patient-year cost added for the same outcome,0.0,0.0,0.0,0.0,0.0,0.0
S0,2049,oesophageal_cancer,direct_medical,avoided_incident_case_first_year,0.0,68356.63525540795,29827.5487154762,135047.26753332303,CHINA_OESOPHAGEAL_NEW_DIAGNOSIS_DERIVED,Event-specific first-year cost; no annual patient-year cost added for the same outcome,0.0,0.0,0.0,0.0,0.0,0.0
S0,2049,renal_cancer,direct_medical,avoided_incident_case_first_year,0.0,13135.225379367826,4654.616770652017,29653.851952691733,INTERNATIONAL_PROXY_RENAL,Event-specific first-year cost; no annual patient-year cost added for the same outcome,0.0,0.0,0.0,0.0,0.0,0.0
S0,2049,stroke,direct_medical,avoided_incident_case_first_year,0.0,29612.850356671155,4730.172689851648,100820.84684525008,CHINA_FIRST_ISCHAEMIC_STROKE_ONE_YEAR,Event-specific first-year cost; no annual patient-year cost added for the same outcome,0.0,0.0,0.0,0.0,0.0,0.0
S0,2050,bladder_cancer,direct_medical,avoided_incident_case_first_year,0.0,17917.502226658013,6349.271058827539,40450.2353820222,INTERNATIONAL_PROXY_BLADDER,Event-specific first-year cost; no annual patient-year cost added for the same outcome,0.0,0.0,0.0,0.0,0.0,0.0
S0,2050,breast_cancer,direct_medical,avoided_incident_case_first_year,0.0,53995.542586727424,26175.98574835096,99226.21468667472,CHINA_BREAST_NEW_DIAGNOSIS_COURSE,Event-specific first-year cost; no annual patient-year cost added for the same outcome,0.0,0.0,0.0,0.0,0.0,0.0
S0,2050,colon_cancer,direct_medical,avoided_incident_case_first_year,0.0,72296.25822013385,35047.815693114135,132856.9673630357,CHINA_CRC_NEW_DIAGNOSIS_COURSE,Event-specific first-year cost; no annual patient-year cost added for the same outcome,0.0,0.0,0.0,0.0,0.0,0.0
S0,2050,coronary_heart_disease,direct_medical,avoided_incident_case_first_year,0.0,21846.326995845397,8586.27962692537,46223.917226713966,CHINA_INCIDENT_MI_IMMEDIATE_PROXY,Event-specific first-year cost; no annual patient-year cost added for the same outcome,0.0,0.0,0.0,0.0,0.0,0.0
S0,2050,endometrial_cancer,direct_medical,avoided_incident_case_first_year,0.0,22329.17043600619,7912.595953582618,50409.93932055516,INTERNATIONAL_PROXY_ENDOMETRIAL,Event-specific first-year cost; no annual patient-year cost added for the same outcome,0.0,0.0,0.0,0.0,0.0,0.0
S0,2050,gastric_cancer,direct_medical,avoided_incident_case_first_year,0.0,64762.28390756019,31395.4919125426,119011.97726255516,CHINA_GASTRIC_NEW_DIAGNOSIS_COURSE,Event-specific first-year cost; no annual patient-year cost added for the same outcome,0.0,0.0,0.0,0.0,0.0,0.0
S0,2050,oesophageal_cancer,direct_medical,avoided_incident_case_first_year,0.0,68356.63525540795,29827.5487154762,135047.26753332303,CHINA_OESOPHAGEAL_NEW_DIAGNOSIS_DERIVED,Event-specific first-year cost; no annual patient-year cost added for the same outcome,0.0,0.0,0.0,0.0,0.0,0.0
S0,2050,renal_cancer,direct_medical,avoided_incident_case_first_year,0.0,13135.225379367826,4654.616770652017,29653.851952691733,INTERNATIONAL_PROXY_RENAL,Event-specific first-year cost; no annual patient-year cost added for the same outcome,0.0,0.0,0.0,0.0,0.0,0.0
S0,2050,stroke,direct_medical,avoided_incident_case_first_year,0.0,29612.850356671155,4730.172689851648,100820.84684525008,CHINA_FIRST_ISCHAEMIC_STROKE_ONE_YEAR,Event-specific first-year cost; no annual patient-year cost added for the same outcome,0.0,0.0,0.0,0.0,0.0,0.0
S1,2025,bladder_cancer,direct_medical,avoided_incident_case_first_year,0.0,17917.502226658013,6349.271058827539,40450.2353820222,INTERNATIONAL_PROXY_BLADDER,Event-specific first-year cost; no annual patient-year cost added for the same outcome,0.0,0.0,0.0,0.0,0.0,0.0
S1,2025,breast_cancer,direct_medical,avoided_incident_case_first_year,0.0,53995.542586727424,26175.98574835096,99226.21468667472,CHINA_BREAST_NEW_DIAGNOSIS_COURSE,Event-specific first-year cost; no annual patient-year cost added for the same outcome,0.0,0.0,0.0,0.0,0.0,0.0
S1,2025,colon_cancer,direct_medical,avoided_incident_case_first_year,0.0,72296.25822013385,35047.815693114135,132856.9673630357,CHINA_CRC_NEW_DIAGNOSIS_COURSE,Event-specific first-year cost; no annual patient-year cost added for the same outcome,0.0,0.0,0.0,0.0,0.0,0.0
S1,2025,coronary_heart_disease,direct_medical,avoided_incident_case_first_year,0.0,21846.326995845397,8586.27962692537,46223.917226713966,CHINA_INCIDENT_MI_IMMEDIATE_PROXY,Event-specific first-year cost; no annual patient-year cost added for the same outcome,0.0,0.0,0.0,0.0,0.0,0.0
S1,2025,endometrial_cancer,direct_medical,avoided_incident_case_first_year,0.0,22329.17043600619,7912.595953582618,50409.93932055516,INTERNATIONAL_PROXY_ENDOMETRIAL,Event-specific first-year cost; no annual patient-year cost added for the same outcome,0.0,0.0,0.0,0.0,0.0,0.0
S1,2025,gastric_cancer,direct_medical,avoided_incident_case_first_year,0.0,64762.28390756019,31395.4919125426,119011.97726255516,CHINA_GASTRIC_NEW_DIAGNOSIS_COURSE,Event-specific first-year cost; no annual patient-year cost added for the same outcome,0.0,0.0,0.0,0.0,0.0,0.0
S1,2025,oesophageal_cancer,direct_medical,avoided_incident_case_first_year,0.0,68356.63525540795,29827.5487154762,135047.26753332303,CHINA_OESOPHAGEAL_NEW_DIAGNOSIS_DERIVED,Event-specific first-year cost; no annual patient-year cost added for the same outcome,0.0,0.0,0.0,0.0,0.0,0.0
S1,2025,renal_cancer,direct_medical,avoided_incident_case_first_year,0.0,13135.225379367826,4654.616770652017,29653.851952691733,INTERNATIONAL_PROXY_RENAL,Event-specific first-year cost; no annual patient-year cost added for the same outcome,0.0,0.0,0.0,0.0,0.0,0.0
S1,2025,stroke,direct_medical,avoided_incident_case_first_year,0.0,29612.850356671155,4730.172689851648,100820.84684525008,CHINA_FIRST_ISCHAEMIC_STROKE_ONE_YEAR,Event-specific first-year cost; no annual patient-year cost added for the same outcome,0.0,0.0,0.0,0.0,0.0,0.0
S1,2026,bladder_cancer,direct_medical,avoided_incident_case_first_year,0.0,17917.502226658013,6349.271058827539,40450.2353820222,INTERNATIONAL_PROXY_BLADDER,Event-specific first-year cost; no annual patient-year cost added for the same outcome,0.0,0.0,0.0,0.0,0.0,0.0
S1,2026,breast_cancer,direct_medical,avoided_incident_case_first_year,0.0,53995.542586727424,26175.98574835096,99226.21468667472,CHINA_BREAST_NEW_DIAGNOSIS_COURSE,Event-specific first-year cost; no annual patient-year cost added for the same outcome,0.0,0.0,0.0,0.0,0.0,0.0
S1,2026,colon_cancer,direct_medical,avoided_incident_case_first_year,0.0,72296.25822013385,35047.815693114135,132856.9673630357,CHINA_CRC_NEW_DIAGNOSIS_COURSE,Event-specific first-year cost; no annual patient-year cost added for the same outcome,0.0,0.0,0.0,0.0,0.0,0.0
S1,2026,coronary_heart_disease,direct_medical,avoided_incident_case_first_year,173.9576656623833,21846.326995845397,8586.27962692537,46223.917226713966,CHINA_INCIDENT_MI_IMMEDIATE_PROXY,Event-specific first-year cost; no annual patient-year cost added for the same outcome,3800336.0474943724,3689646.648052789,1493649.1606244168,1450144.8161402105,8041004.738530388,7806800.7170197945
S1,2026,endometrial_cancer,direct_medical,avoided_incident_case_first_year,0.0,22329.17043600619,7912.595953582618,50409.93932055516,INTERNATIONAL_PROXY_ENDOMETRIAL,Event-specific first-year cost; no annual patient-year cost added for the same outcome,0.0,0.0,0.0,0.0,0.0,0.0
S1,2026,gastric_cancer,direct_medical,avoided_incident_case_first_year,0.0,64762.28390756019,31395.4919125426,119011.97726255516,CHINA_GASTRIC_NEW_DIAGNOSIS_COURSE,Event-specific first-year cost; no annual patient-year cost added for the same outcome,0.0,0.0,0.0,0.0,0.0,0.0
S1,2026,oesophageal_cancer,direct_medical,avoided_incident_case_first_year,0.0,68356.63525540795,29827.5487154762,135047.26753332303,CHINA_OESOPHAGEAL_NEW_DIAGNOSIS_DERIVED,Event-specific first-year cost; no annual patient-year cost added for the same outcome,0.0,0.0,0.0,0.0,0.0,0.0
S1,2026,renal_cancer,direct_medical,avoided_incident_case_first_year,0.0,13135.225379367826,4654.616770652017,29653.851952691733,INTERNATIONAL_PROXY_RENAL,Event-specific first-year cost; no annual patient-year cost added for the same outcome,0.0,0.0,0.0,0.0,0.0,0.0
S1,2026,stroke,direct_medical,avoided_incident_case_first_year,340.41315190822326,29612.850356671155,4730.172689851648,100820.84684525008,CHINA_FIRST_ISCHAEMIC_STROKE_ONE_YEAR,Event-specific first-year cost; no annual patient-year cost added for the same outcome,10080603.726900982,9786993.909612603,1610212.994422598,1563313.5868180564,34320742.252647825,33321108.983153228
S1,2027,bladder_cancer,direct_medical,avoided_incident_case_first_year,0.0,17917.502226658013,6349.271058827539,40450.2353820222,INTERNATIONAL_PROXY_BLADDER,Event-specific first-year cost; no annual patient-year cost added for the same outcome,0.0,0.0,0.0,0.0,0.0,0.0
S1,2027,breast_cancer,direct_medical,avoided_incident_case_first_year,0.0,53995.542586727424,26175.98574835096,99226.21468667472,CHINA_BREAST_NEW_DIAGNOSIS_COURSE,Event-specific first-year cost; no annual patient-year cost added for the same outcome,0.0,0.0,0.0,0.0,0.0,0.0
S1,2027,colon_cancer,direct_medical,avoided_incident_case_first_year,0.0,72296.25822013385,35047.815693114135,132856.9673630357,CHINA_CRC_NEW_DIAGNOSIS_COURSE,Event-specific first-year cost; no annual patient-year cost added for the same outcome,0.0,0.0,0.0,0.0,0.0,0.0
S1,2027,coronary_heart_disease,direct_medical,avoided_incident_case_first_year,605.7000786761373,21846.326995845397,8586.27962692537,46223.917226713966,CHINA_INCIDENT_MI_IMMEDIATE_PROXY,Event-specific first-year cost; no annual patient-year cost added for the same outcome,13232321.980168179,12472732.566847187,5200710.245564012,4902168.202058641,27997830.300939906,26390640.306287028
S1,2027,endometrial_cancer,direct_medical,avoided_incident_case_first_year,0.0,22329.17043600619,7912.595953582618,50409.93932055516,INTERNATIONAL_PROXY_ENDOMETRIAL,Event-specific first-year cost; no annual patient-year cost added for the same outcome,0.0,0.0,0.0,0.0,0.0,0.0
S1,2027,gastric_cancer,direct_medical,avoided_incident_case_first_year,0.0,64762.28390756019,31395.4919125426,119011.97726255516,CHINA_GASTRIC_NEW_DIAGNOSIS_COURSE,Event-specific first-year cost; no annual patient-year cost added for the same outcome,0.0,0.0,0.0,0.0,0.0,0.0
S1,2027,oesophageal_cancer,direct_medical,avoided_incident_case_first_year,0.0,68356.63525540795,29827.5487154762,135047.26753332303,CHINA_OESOPHAGEAL_NEW_DIAGNOSIS_DERIVED,Event-specific first-year cost; no annual patient-year cost added for the same outcome,0.0,0.0,0.0,0.0,0.0,0.0
S1,2027,renal_cancer,direct_medical,avoided_incident_case_first_year,0.0,13135.225379367826,4654.616770652017,29653.851952691733,INTERNATIONAL_PROXY_RENAL,Event-specific first-year cost; no annual patient-year cost added for the same outcome,0.0,0.0,0.0,0.0,0.0,0.0
S1,2027,stroke,direct_medical,avoided_incident_case_first_year,1174.7548420651199,29612.850356671155,4730.172689851648,100820.84684525008,CHINA_FIRST_ISCHAEMIC_STROKE_ONE_YEAR,Event-specific first-year cost; no annual patient-year cost added for the same outcome,34787839.34384925,32790875.053114574,5556793.271207416,5237810.605342084,118439778.01256339,111640850.23335224
S1,2028,bladder_cancer,direct_medical,avoided_incident_case_first_year,5.830421482646955,17917.502226658013,6349.271058827539,40450.2353820222,INTERNATIONAL_PROXY_BLADDER,Event-specific first-year cost; no annual patient-year cost added for the same outcome,104466.58989768152,95601.72842593028,37018.92638053666,33877.56171535677,235841.92134946818,215828.76724878966
S1,2028,breast_cancer,direct_medical,avoided_incident_case_first_year,18.19219154321144,53995.542586727424,26175.98574835096,99226.21468667472,CHINA_BREAST_NEW_DIAGNOSIS_COURSE,Event-specific first-year cost; no annual patient-year cost added for the same outcome,982297.2532173758,898941.1382874001,476198.5465663735,435789.12808631384,1805142.3036878067,1651960.9231654445
S1,2028,colon_cancer,direct_medical,avoided_incident_case_first_year,44.10413680352029,72296.25822013385,35047.815693114135,132856.9673630357,CHINA_CRC_NEW_DIAGNOSIS_COURSE,Event-specific first-year cost; no annual patient-year cost added for the same outcome,3188564.062923412,2917987.8074975833,1545753.657993671,1414583.5675275445,5859541.8638801575,5362310.864360592
S1,2028,coronary_heart_disease,direct_medical,avoided_incident_case_first_year,1324.8378769221633,21846.326995845397,8586.27962692537,46223.917226713966,CHINA_INCIDENT_MI_IMMEDIATE_PROXY,Event-specific first-year cost; no annual patient-year cost added for the same outcome,28942841.47572316,26486799.974488743,11375428.471595833,10410128.487349387,61239196.36166554,56042539.77586857
S1,2028,endometrial_cancer,direct_medical,avoided_incident_case_first_year,3.4313479018167055,22329.17043600619,7912.595953582618,50409.93932055516,INTERNATIONAL_PROXY_ENDOMETRIAL,Event-specific first-year cost; no annual patient-year cost added for the same outcome,76619.15212489745,70117.37801381081,27150.869523249068,24846.891788387282,172974.0395182944,158295.74954979093
S1,2028,gastric_cancer,direct_medical,avoided_incident_case_first_year,79.64674250594304,64762.28390756019,31395.4919125426,119011.97726255516,CHINA_GASTRIC_NEW_DIAGNOSIS_COURSE,Event-specific first-year cost; no annual patient-year cost added for the same outcome,5158104.950482225,4720396.72350205,2500548.6602056976,2288356.250193962,9478916.308153879,8674551.199113665
S1,2028,oesophageal_cancer,direct_medical,avoided_incident_case_first_year,38.464937588329015,68356.63525540795,29827.5487154762,135047.26753332303,CHINA_OESOPHAGEAL_NEW_DIAGNOSIS_DERIVED,Event-specific first-year cost; no annual patient-year cost added for the same outcome,2629333.7088474375,2406212.8133078413,1147314.7997536354,1049955.56964698,5194584.717143642,4753780.877697395
S1,2028,renal_cancer,direct_medical,avoided_incident_case_first_year,8.982721468053883,13135.225379367826,4654.616770652017,29653.851952691733,INTERNATIONAL_PROXY_RENAL,Event-specific first-year cost; no annual patient-year cost added for the same outcome,117990.0710029736,107977.62936485837,41811.125991299516,38263.10321910186,266372.2925459356,243768.38180619277
S1,2028,stroke,direct_medical,avoided_incident_case_first_year,2551.924020734887,29612.850356671155,4730.172689851648,100820.84684525008,CHINA_FIRST_ISCHAEMIC_STROKE_ONE_YEAR,Event-specific first-year cost; no annual patient-year cost added for the same outcome,75569744.14761679,69157021.05614375,12071041.309456574,11046712.774056625,257287140.85522684,235454181.01248237
S1,2029,bladder_cancer,direct_medical,avoided_incident_case_first_year,15.75410884511776,17917.502226658013,6349.271058827539,40450.2353820222,INTERNATIONAL_PROXY_BLADDER,Event-specific first-year cost; no annual patient-year cost added for the same outcome,282274.28031141014,250797.04201641044,100027.10734792512,88872.7893191037,637257.4110190113,566194.955878676
S1,2029,breast_cancer,direct_medical,avoided_incident_case_first_year,48.14504690923265,53995.542586727424,26175.98574835096,99226.21468667472,CHINA_BREAST_NEW_DIAGNOSIS_COURSE,Event-specific first-year cost; no annual patient-year cost added for the same outcome,2599617.930727461,2309726.8609807333,1260244.0617497622,1119710.5260773231,4777250.760715544,4244525.425541133
S1,2029,colon_cancer,direct_medical,avoided_incident_case_first_year,118.9079121580119,72296.25822013385,35047.815693114135,132856.9673630357,CHINA_CRC_NEW_DIAGNOSIS_COURSE,Event-specific first-year cost; no annual patient-year cost added for the same outcome,8596597.121792622,7637965.198862034,4167462.589767006,3702736.5336811584,15797744.604783705,14036091.467630273
S1,2029,coronary_heart_disease,direct_medical,avoided_incident_case_first_year,2337.010653253091,21846.326995845397,8586.27962692537,46223.917226713966,CHINA_INCIDENT_MI_IMMEDIATE_PROXY,Event-specific first-year cost; no annual patient-year cost added for the same outcome,51055098.92374128,45361794.12379835,20066226.959934566,17828582.75443847,108025786.9939196,95979512.58499663
S1,2029,endometrial_cancer,direct_medical,avoided_incident_case_first_year,8.809992860378152,22329.17043600619,7912.595953582618,50409.93932055516,INTERNATIONAL_PROXY_ENDOMETRIAL,Event-specific first-year cost; no annual patient-year cost added for the same outcome,196719.83211938143,174783.02290621912,69709.91385811992,61936.355574257934,444111.2055061868,394587.0539264697
S1,2029,gastric_cancer,direct_medical,avoided_incident_case_first_year,207.64164611271275,64762.28390756019,31395.4919125426,119011.97726255516,CHINA_GASTRIC_NEW_DIAGNOSIS_COURSE,Event-specific first-year cost; no annual patient-year cost added for the same outcome,13447347.236584645,11947793.848530287,6519011.621238706,5792057.390682446,24711842.865925692,21956152.316502694
S1,2029,oesophageal_cancer,direct_medical,avoided_incident_case_first_year,100.2691133814699,68356.63525540795,29827.5487154762,135047.26753332303,CHINA_OESOPHAGEAL_NEW_DIAGNOSIS_DERIVED,Event-specific first-year cost; no annual patient-year cost added for the same outcome,6854059.210800282,6089742.834443278,2990781.8640433997,2657270.949343701,13541069.780156465,12031065.114591563
S1,2029,renal_cancer,direct_medical,avoided_incident_case_first_year,24.02549902330424,13135.225379367826,4654.616770652017,29653.851952691733,INTERNATIONAL_PROXY_RENAL,Event-specific first-year cost; no annual patient-year cost added for the same outcome,315580.3445228828,280389.04868535214,111829.49067715557,99359.05404166099,712448.5911266038,633001.3455217677
S1,2029,stroke,direct_medical,avoided_incident_case_first_year,4489.9139011575,29612.850356671155,4730.172689851648,100820.84684525008,CHINA_FIRST_ISCHAEMIC_STROKE_ONE_YEAR,Event-specific first-year cost; no annual patient-year cost added for the same outcome,132959148.46931465,118132481.31688514,21238068.115040477,18869748.442964632,452676921.7769596,402197581.889172
S1,2030,bladder_cancer,direct_medical,avoided_incident_case_first_year,27.42992256394149,17917.502226658013,6349.271058827539,40450.2353820222,INTERNATIONAL_PROXY_BLADDER,Event-specific first-year cost; no annual patient-year cost added for the same outcome,491475.6986164785,423951.2549379182,174160.01348111418,150231.9575172735,1109546.824222075,957104.8372595138
S1,2030,breast_cancer,direct_medical,avoided_incident_case_first_year,82.54697787166269,53995.542586727424,26175.98574835096,99226.21468667472,CHINA_BREAST_NEW_DIAGNOSIS_COURSE,Event-specific first-year cost; no annual patient-year cost added for the same outcome,4457168.859075009,3844793.0113216443,2160748.5163380844,1863880.6510382807,8190824.148029789,7065476.861436432
S1,2030,colon_cancer,direct_medical,avoided_incident_case_first_year,206.7894696620486,72296.25822013385,35047.815693114135,132856.9673630357,CHINA_CRC_NEW_DIAGNOSIS_COURSE,Event-specific first-year cost; no annual patient-year cost added for the same outcome,14950104.895892,12896091.810661135,7247519.219992296,6251773.744158418,27473421.821910255,23698815.000671368
S1,2030,coronary_heart_disease,direct_medical,avoided_incident_case_first_year,2650.8239600325182,21846.326995845397,8586.27962692537,46223.917226713966,CHINA_INCIDENT_MI_IMMEDIATE_PROXY,Event-specific first-year cost; no annual patient-year cost added for the same outcome,57910767.0392922,49954336.358518355,22760715.762592845,19633593.35568369,122531467.31113325,105696720.06606457
S1,2030,endometrial_cancer,direct_medical,avoided_incident_case_first_year,14.651479094661319,22329.17043600619,7912.595953582618,50409.93932055516,INTERNATIONAL_PROXY_ENDOMETRIAL,Event-specific first-year cost; no annual patient-year cost added for the same outcome,327155.37384427426,282207.0993365561,115931.23419841747,100003.30100405272,738580.1721182596,637105.7444411785
S1,2030,gastric_cancer,direct_medical,avoided_incident_case_first_year,349.15656511967387,64762.28390756019,31395.4919125426,119011.97726255516,CHINA_GASTRIC_NEW_DIAGNOSIS_COURSE,Event-specific first-year cost; no annual patient-year cost added for the same outcome,22612176.598468848,19505462.16788525,10961942.116425874,9455867.563539691,41553813.189094484,35844684.28157143
S1,2030,oesophageal_cancer,direct_medical,avoided_incident_case_first_year,168.50345739425046,68356.63525540795,29827.5487154762,135047.26753332303,CHINA_OESOPHAGEAL_NEW_DIAGNOSIS_DERIVED,Event-specific first-year cost; no annual patient-year cost added for the same outcome,11518329.376373952,9935812.10149034,5026045.084153174,4335510.640301373,22755931.49101124,19629466.40099052
S1,2030,renal_cancer,direct_medical,avoided_incident_case_first_year,41.5298906209412,13135.225379367826,4654.616770652017,29653.851952691733,INTERNATIONAL_PROXY_RENAL,Event-specific first-year cost; no annual patient-year cost added for the same outcome,545504.4732865568,470556.9505778404,193305.72536757684,166747.2167738245,1231521.2280848713,1062321.0295015834
S1,2030,stroke,direct_medical,avoided_incident_case_first_year,5089.632591818563,29612.850356671155,4730.172689851648,100820.84684525008,CHINA_FIRST_ISCHAEMIC_STROKE_ONE_YEAR,Event-specific first-year cost; no annual patient-year cost added for the same outcome,150718528.31195948,130011126.49134956,24074841.08719903,20767169.40447068,513141068.0383326,442639992.9181376
S1,2031,bladder_cancer,direct_medical,avoided_incident_case_first_year,38.09600758210608,17917.502226658013,6349.271058827539,40450.2353820222,INTERNATIONAL_PROXY_BLADDER,Event-specific first-year cost; no annual patient-year cost added for the same outcome,682585.3006791662,571654.4431624801,241881.87839794063,202572.26513534537,1540992.4738114935,1290556.9364851243
S1,2031,breast_cancer,direct_medical,avoided_incident_case_first_year,113.06355264701227,53995.542586727424,26175.98574835096,99226.21468667472,CHINA_BREAST_NEW_DIAGNOSIS_COURSE,Event-specific first-year cost; no annual patient-year cost added for the same outcome,6104927.8719584495,5112780.980954445,2959549.9427461214,2478576.483918887,11218868.348190589,9395625.619416172
S1,2031,colon_cancer,direct_medical,avoided_incident_case_first_year,286.91351484706894,72296.25822013385,35047.815693114135,132856.9673630357,CHINA_CRC_NEW_DIAGNOSIS_COURSE,Event-specific first-year cost; no annual patient-year cost added for the same outcome,20742773.556229904,17371746.29329656,10055691.988223638,8421483.73019725,38118459.4780509,31923609.701901454
S1,2031,coronary_heart_disease,direct_medical,avoided_incident_case_first_year,2697.242310988434,21846.326995845397,8586.27962692537,46223.917226713966,CHINA_INCIDENT_MI_IMMEDIATE_PROXY,Event-specific first-year cost; no annual patient-year cost added for the same outcome,58924837.51288305,49348623.74468197,23159276.703721095,19395529.63554693,124677105.32352006,104415112.87733787
S1,2031,endometrial_cancer,direct_medical,avoided_incident_case_first_year,19.467589901488086,22329.17043600619,7912.595953582618,50409.93932055516,INTERNATIONAL_PROXY_ENDOMETRIAL,Event-specific first-year cost; no annual patient-year cost added for the same outcome,434695.1328886004,364050.3302512118,154039.17308052047,129005.38236750446,981360.0256514668,821873.5716217705
S1,2031,gastric_cancer,direct_medical,avoided_incident_case_first_year,468.3792886862475,64762.28390756019,31395.4919125426,119011.97726255516,CHINA_GASTRIC_NEW_DIAGNOSIS_COURSE,Event-specific first-year cost; no annual patient-year cost added for the same outcome,30333312.470319852,25403671.646958843,14704998.169951538,12315204.46189636,55742745.255379446,46683671.57570775
S1,2031,oesophageal_cancer,direct_medical,avoided_incident_case_first_year,225.87972600520771,68356.63525540795,29827.5487154762,135047.26753332303,CHINA_OESOPHAGEAL_NEW_DIAGNOSIS_DERIVED,Event-specific first-year cost; no annual patient-year cost added for the same outcome,15440378.04212947,12931073.527527416,6737438.53125875,5642498.700303045,30504439.788178988,25546988.08155437
S1,2031,renal_cancer,direct_medical,avoided_incident_case_first_year,57.331138769570686,13135.225379367826,4654.616770652017,29653.851952691733,INTERNATIONAL_PROXY_RENAL,Event-specific first-year cost; no annual patient-year cost added for the same outcome,753057.4289941236,630673.7411612474,266854.4799974218,223486.42582334386,1700089.1013520744,1423797.8573418239
S1,2031,stroke,direct_medical,avoided_incident_case_first_year,5177.930019408729,29612.850356671155,4730.172689851648,100820.84684525008,CHINA_FIRST_ISCHAEMIC_STROKE_ONE_YEAR,Event-specific first-year cost; no annual patient-year cost added for the same outcome,153333266.82206607,128414196.98935443,24492503.167770185,20512085.80978206,522043289.46223027,437203036.23196566
S1,2032,bladder_cancer,direct_medical,avoided_incident_case_first_year,49.91155292108254,17917.502226658013,6349.271058827539,40450.2353820222,INTERNATIONAL_PROXY_BLADDER,Event-specific first-year cost; no annual patient-year cost added for the same outcome,894290.3605994557,727139.900879604,316901.9784629684,257670.3086161539,2018934.0639400464,1641578.1493515912
S1,2032,breast_cancer,direct_medical,avoided_incident_case_first_year,145.0625106224686,53995.542586727424,26175.98574835096,99226.21468667472,CHINA_BREAST_NEW_DIAGNOSIS_COURSE,Event-specific first-year cost; no annual patient-year cost added for the same outcome,7832728.970053103,6368725.436203347,3797154.210673748,3087433.8559604967,14394003.822013102,11703642.321922641
S1,2032,colon_cancer,direct_medical,avoided_incident_case_first_year,374.6113620005574,72296.25822013385,35047.815693114135,132856.9673630357,CHINA_CRC_NEW_DIAGNOSIS_COURSE,Event-specific first-year cost; no annual patient-year cost added for the same outcome,27082999.759388335,22020957.206072744,13129309.971941995,10675330.48798168,49769729.49513041,40467344.57434547
S1,2032,coronary_heart_disease,direct_medical,avoided_incident_case_first_year,2777.6408528850243,21846.326995845397,8586.27962692537,46223.917226713966,CHINA_INCIDENT_MI_IMMEDIATE_PROXY,Event-specific first-year cost; no annual patient-year cost added for the same outcome,60681250.34914514,49339409.556590825,23849601.066042293,19391908.175724383,128393440.86929655,104395616.88298984
S1,2032,endometrial_cancer,direct_medical,avoided_incident_case_first_year,24.25008125926803,22329.17043600619,7912.595953582618,50409.93932055516,INTERNATIONAL_PROXY_ENDOMETRIAL,Event-specific first-year cost; no annual patient-year cost added for the same outcome,541484.1975251954,440276.20453430415,191881.09484613387,156016.88940666037,1222445.1247982332,993959.7540565099
S1,2032,gastric_cancer,direct_medical,avoided_incident_case_first_year,591.4496964290404,64762.28390756019,31395.4919125426,119011.97726255516,CHINA_GASTRIC_NEW_DIAGNOSIS_COURSE,Event-specific first-year cost; no annual patient-year cost added for the same outcome,38303633.1571778,31144358.97371109,18568854.160913713,15098177.693611652,70389597.8233581,57233184.477045074
S1,2032,oesophageal_cancer,direct_medical,avoided_incident_case_first_year,285.3258957990496,68356.63525540795,29827.5487154762,135047.26753332303,CHINA_OESOPHAGEAL_NEW_DIAGNOSIS_DERIVED,Event-specific first-year cost; no annual patient-year cost added for the same outcome,19503918.188058168,15858470.31664534,8510572.056733038,6919873.896005579,38532482.5841593,31330434.500165537
S1,2032,renal_cancer,direct_medical,avoided_incident_case_first_year,74.33386208561676,13135.225379367826,4654.616770652017,29653.851952691733,INTERNATIONAL_PROXY_RENAL,Event-specific first-year cost; no annual patient-year cost added for the same outcome,976392.031813421,793896.0728107824,345995.6410910459,281326.1187329311,2204285.3413586845,1792285.699637333
S1,2032,stroke,direct_medical,avoided_incident_case_first_year,5304.405300325662,29612.850356671155,4730.172689851648,100820.84684525008,CHINA_FIRST_ISCHAEMIC_STROKE_ONE_YEAR,Event-specific first-year cost; no annual patient-year cost added for the same outcome,157078560.38967717,127719244.06688085,25090753.087504778,20401078.348662175,534794634.3892664,434836977.5338848
S1,2033,bladder_cancer,direct_medical,avoided_incident_case_first_year,63.608050708565614,17917.502226658013,6349.271058827539,40450.2353820222,INTERNATIONAL_PROXY_BLADDER,Event-specific first-year cost; no annual patient-year cost added for the same outcome,1139697.3902041002,899687.6441506093,403864.75547233014,318814.5673837969,2572960.623353083,2031118.8756010635
S1,2033,breast_cancer,direct_medical,avoided_incident_case_first_year,178.5863233217841,53995.542586727424,26175.98574835096,99226.21468667472,CHINA_BREAST_NEW_DIAGNOSIS_COURSE,Event-specific first-year cost; no annual patient-year cost added for the same outcome,9642865.426328467,7612167.012790277,4674673.054121417,3690230.076321974,17720444.858031254,13988682.807080768
S1,2033,colon_cancer,direct_medical,avoided_incident_case_first_year,473.73454116018735,72296.25822013385,35047.815693114135,132856.9673630357,CHINA_CRC_NEW_DIAGNOSIS_COURSE,Event-specific first-year cost; no annual patient-year cost added for the same outcome,34249234.715513535,27036662.1526118,16603360.886044238,13106846.404090127,62938934.473661706,49684576.071388245
S1,2033,coronary_heart_disease,direct_medical,avoided_incident_case_first_year,2923.1735602054487,21846.326995845397,8586.27962692537,46223.917226713966,CHINA_INCIDENT_MI_IMMEDIATE_PROXY,Event-specific first-year cost; no annual patient-year cost added for the same outcome,63860605.46185779,50412151.66046949,25099185.585958946,19813528.87531522,135120532.68625543,106665396.24794799
S1,2033,endometrial_cancer,direct_medical,avoided_incident_case_first_year,28.98381772662494,22329.17043600619,7912.595953582618,50409.93932055516,INTERNATIONAL_PROXY_ENDOMETRIAL,Event-specific first-year cost; no annual patient-year cost added for the same outcome,647184.6059039457,510893.5042063999,229337.23886306866,181040.93413056716,1461072.4928771944,1153384.117879339
S1,2033,gastric_cancer,direct_medical,avoided_incident_case_first_year,723.93975866038,64762.28390756019,31395.4919125426,119011.97726255516,CHINA_GASTRIC_NEW_DIAGNOSIS_COURSE,Event-specific first-year cost; no annual patient-year cost added for the same outcome,46883992.18233413,37010656.370236926,22728444.83819,17942044.23686209,86157502.0971488,68013527.76091152
S1,2033,oesophageal_cancer,direct_medical,avoided_incident_case_first_year,350.0030483384425,68356.63525540795,29827.5487154762,135047.26753332303,CHINA_OESOPHAGEAL_NEW_DIAGNOSIS_DERIVED,Event-specific first-year cost; no annual patient-year cost added for the same outcome,23925030.71355183,18886640.17652234,10439732.974880066,8241221.6141420165,47266955.30644024,37312970.996808
S1,2033,renal_cancer,direct_medical,avoided_incident_case_first_year,92.94945362514514,13135.225379367826,4654.616770652017,29653.851952691733,INTERNATIONAL_PROXY_RENAL,Event-specific first-year cost; no annual patient-year cost added for the same outcome,1220912.0222553792,963799.2246532975,432644.0856665425,341533.236396478,2756309.33688364,2175856.0431616656
S1,2033,stroke,direct_medical,avoided_incident_case_first_year,5509.058509306357,29612.850356671155,4730.172689851648,100820.84684525008,CHINA_FIRST_ISCHAEMIC_STROKE_ONE_YEAR,Event-specific first-year cost; no annual patient-year cost added for the same outcome,163138925.24223503,128783374.06227112,26058798.107515763,20571055.86119545,555427944.228298,438459948.16982394
S1,2034,bladder_cancer,direct_medical,avoided_incident_case_first_year,78.89582655238354,17917.502226658013,6349.271058827539,40450.2353820222,INTERNATIONAL_PROXY_BLADDER,Event-specific first-year cost; no annual patient-year cost added for the same outcome,1413616.1479263564,1083419.0688819028,500930.9881913261,383921.89109926,3191354.754703111,2445907.6828488545
S1,2034,breast_cancer,direct_medical,avoided_incident_case_first_year,213.50761084619083,53995.542586727424,26175.98574835096,99226.21468667472,CHINA_BREAST_NEW_DIAGNOSIS_COURSE,Event-specific first-year cost; no annual patient-year cost added for the same outcome,11528459.294035923,8835604.101091525,5588772.178674353,4283328.510992569,21185552.031063132,16236961.56054329
S1,2034,colon_cancer,direct_medical,avoided_incident_case_first_year,582.6902587543553,72296.25822013385,35047.815693114135,132856.9673630357,CHINA_CRC_NEW_DIAGNOSIS_COURSE,Event-specific first-year cost; no annual patient-year cost added for the same outcome,42126325.40926148,32286320.665810477,20422020.794995632,15651778.445554145,77414460.69008622,59331737.99824002
S1,2034,coronary_heart_disease,direct_medical,avoided_incident_case_first_year,3080.694818978992,21846.326995845397,8586.27962692537,46223.917226713966,CHINA_INCIDENT_MI_IMMEDIATE_PROXY,Event-specific first-year cost; no annual patient-year cost added for the same outcome,67301866.3898218,51581276.51911458,26451707.160973858,20273030.967224095,142401782.3132515,109139108.68043067
S1,2034,endometrial_cancer,direct_medical,avoided_incident_case_first_year,33.64921991132968,22329.17043600619,7912.595953582618,50409.93932055516,INTERNATIONAL_PROXY_ENDOMETRIAL,Event-specific first-year cost; no annual patient-year cost added for the same outcome,751359.1664387335,575854.2371584052,266252.68131159886,204060.5099885646,1696255.1339141456,1300038.3169555804
S1,2034,gastric_cancer,direct_medical,avoided_incident_case_first_year,862.1198409270696,64762.28390756019,31395.4919125426,119011.97726255516,CHINA_GASTRIC_NEW_DIAGNOSIS_COURSE,Event-specific first-year cost; no annual patient-year cost added for the same outcome,55832849.90045951,42791230.378142364,27066676.493468326,20744353.753526047,102602586.90601008,78636339.38650721
S1,2034,oesophageal_cancer,direct_medical,avoided_incident_case_first_year,417.9276182803981,68356.63525540795,29827.5487154762,135047.26753332303,CHINA_OESOPHAGEAL_NEW_DIAGNOSIS_DERIVED,Event-specific first-year cost; no annual patient-year cost added for the same outcome,28568125.76595454,21895089.598724645,12465756.393801518,9553964.281529032,56439982.875477426,43256547.248953655
S1,2034,renal_cancer,direct_medical,avoided_incident_case_first_year,112.98124979346008,13135.225379367826,4654.616770652017,29653.851952691733,INTERNATIONAL_PROXY_RENAL,Event-specific first-year cost; no annual patient-year cost added for the same outcome,1484034.1796797528,1137388.6266764107,525884.420057864,403046.6188111713,3350329.254805349,2567748.3997431733
S1,2034,stroke,direct_medical,avoided_incident_case_first_year,5726.539147603555,29612.850356671155,4730.172689851648,100820.84684525008,CHINA_FIRST_ISCHAEMIC_STROKE_ONE_YEAR,Event-specific first-year cost; no annual patient-year cost added for the same outcome,169579146.83960325,129968295.59442876,27087519.083360672,20760327.863164917,577354526.3538669,442494169.491933
S1,2035,bladder_cancer,direct_medical,avoided_incident_case_first_year,83.15559961281159,17917.502226658013,6349.271058827539,40450.2353820222,INTERNATIONAL_PROXY_BLADDER,Event-specific first-year cost; no annual patient-year cost added for the same outcome,1489940.6412216336,1108655.7646903421,527977.442001075,392864.80179573846,3363663.5776714226,2502881.5999050527
S1,2035,breast_cancer,direct_medical,avoided_incident_case_first_year,217.98305965176007,53995.542586727424,26175.98574835096,99226.21468667472,CHINA_BREAST_NEW_DIAGNOSIS_COURSE,Event-specific first-year cost; no annual patient-year cost added for the same outcome,11770113.580611756,8758069.892976511,5705921.462826408,4245741.43936775,21629633.875063766,16094478.947879016
S1,2035,colon_cancer,direct_medical,avoided_incident_case_first_year,609.8817033538483,72296.25822013385,35047.815693114135,132856.9673630357,CHINA_CRC_NEW_DIAGNOSIS_COURSE,Event-specific first-year cost; no annual patient-year cost added for the same outcome,44092165.109404884,32808711.752529863,21375021.533748183,15905023.454048485,81027033.55779484,60291722.61248787
S1,2035,coronary_heart_disease,direct_medical,avoided_incident_case_first_year,3221.686228770872,21846.326995845397,8586.27962692537,46223.917226713966,CHINA_INCIDENT_MI_IMMEDIATE_PROXY,Event-specific first-year cost; no annual patient-year cost added for the same outcome,70382010.83174044,52370825.978093445,27662298.830441363,20583348.23178621,148918957.56914905,110809690.13996738
S1,2035,endometrial_cancer,direct_medical,avoided_incident_case_first_year,33.56376997850472,22329.17043600619,7912.595953582618,50409.93932055516,INTERNATIONAL_PROXY_ENDOMETRIAL,Event-specific first-year cost; no annual patient-year cost added for the same outcome,749451.1403249397,557662.0330281992,265576.5505188942,197613.89518037185,1691947.6079854942,1258967.9194260756
S1,2035,gastric_cancer,direct_medical,avoided_incident_case_first_year,878.4912800110276,64762.28390756019,31395.4919125426,119011.97726255516,CHINA_GASTRIC_NEW_DIAGNOSIS_COURSE,Event-specific first-year cost; no annual patient-year cost added for the same outcome,56893101.686390124,42333810.764443494,27580665.87682541,20522605.647745535,104550984.24202539,77795751.17095447
S1,2035,oesophageal_cancer,direct_medical,avoided_incident_case_first_year,426.95868517299516,68356.63525540795,29827.5487154762,135047.26753332303,CHINA_OESOPHAGEAL_NEW_DIAGNOSIS_DERIVED,Event-specific first-year cost; no annual patient-year cost added for the same outcome,29185459.111498985,21716722.52833357,12735130.981493179,9476133.46874183,57659603.78223332,42904160.309716
S1,2035,renal_cancer,direct_medical,avoided_incident_case_first_year,117.04289396402646,13135.225379367826,4654.616770652017,29653.851952691733,INTERNATIONAL_PROXY_RENAL,Event-specific first-year cost; no annual patient-year cost added for the same outcome,1537384.7912709378,1143958.6680394765,544789.8171306034,405374.78782458155,3470772.6497238376,2582580.8086494897
S1,2035,stroke,direct_medical,avoided_incident_case_first_year,5922.336853292321,29612.850356671155,4730.172689851648,100820.84684525008,CHINA_FIRST_ISCHAEMIC_STROKE_ONE_YEAR,Event-specific first-year cost; no annual patient-year cost added for the same outcome,175377274.99834424,130497163.1374375,28013676.043545287,20844805.87789021,597095016.8517654,444294768.6545561
S1,2036,bladder_cancer,direct_medical,avoided_incident_case_first_year,87.08019315049326,17917.502226658013,6349.271058827539,40450.2353820222,INTERNATIONAL_PROXY_BLADDER,Event-specific first-year cost; no annual patient-year cost added for the same outcome,1560259.5546717728,1127164.699311398,552895.7501675389,399423.65366206365,3522414.3100494095,2544667.042575642
S1,2036,breast_cancer,direct_medical,avoided_incident_case_first_year,221.63448251716977,53995.542586727424,26175.98574835096,99226.21468667472,CHINA_BREAST_NEW_DIAGNOSIS_COURSE,Event-specific first-year cost; no annual patient-year cost added for the same outcome,11967274.139443135,8645413.461223861,5801501.055712576,4191127.7988569452,21991950.744218744,15887453.1315356
S1,2036,colon_cancer,direct_medical,avoided_incident_case_first_year,634.6581411923779,72296.25822013385,35047.815693114135,132856.9673630357,CHINA_CRC_NEW_DIAGNOSIS_COURSE,Event-specific first-year cost; no annual patient-year cost added for the same outcome,45883408.857154325,33147150.801288374,22243381.56064487,16069092.10291443,84318755.95108066,60913663.31539916
S1,2036,coronary_heart_disease,direct_medical,avoided_incident_case_first_year,3355.3901393832884,21846.326995845397,8586.27962692537,46223.917226713966,CHINA_INCIDENT_MI_IMMEDIATE_PROXY,Event-specific first-year cost; no annual patient-year cost added for the same outcome,73302950.18360259,52955610.85009364,28810317.99417301,20813186.70456675,155099276.06618536,112047017.01527745
S1,2036,endometrial_cancer,direct_medical,avoided_incident_case_first_year,33.5456830687058,22329.17043600619,7912.595953582618,50409.93932055516,INTERNATIONAL_PROXY_ENDOMETRIAL,Event-specific first-year cost; no annual patient-year cost added for the same outcome,749047.2746333788,541127.688373469,265433.4361096064,191754.7617662978,1691035.847960034,1221640.276057558
S1,2036,gastric_cancer,direct_medical,avoided_incident_case_first_year,895.0116199160425,64762.28390756019,31395.4919125426,119011.97726255516,CHINA_GASTRIC_NEW_DIAGNOSIS_COURSE,Event-specific first-year cost; no annual patient-year cost added for the same outcome,57962996.62956809,41873702.02062233,28099330.07470576,20299553.904138923,106517102.55917071,76950221.21039736
S1,2036,oesophageal_cancer,direct_medical,avoided_incident_case_first_year,436.1469415134254,68356.63525540795,29827.5487154762,135047.26753332303,CHINA_OESOPHAGEAL_NEW_DIAGNOSIS_DERIVED,Event-specific first-year cost; no annual patient-year cost added for the same outcome,29813537.398794964,21537933.747562394,13009194.145097647,9398118.641822584,58900452.694404155,42550940.22773644
S1,2036,renal_cancer,direct_medical,avoided_incident_case_first_year,120.66539197747838,13135.225379367826,4654.616770652017,29653.851952691733,INTERNATIONAL_PROXY_RENAL,Event-specific first-year cost; no annual patient-year cost added for the same outcome,1584967.119113941,1145013.9695573554,561651.1571356702,405748.74594112276,3578193.6695136605,2584963.2386476677
S1,2036,stroke,direct_medical,avoided_incident_case_first_year,6107.880023477673,29612.850356671155,4730.172689851648,100820.84684525008,CHINA_FIRST_ISCHAEMIC_STROKE_ONE_YEAR,Event-specific first-year cost; no annual patient-year cost added for the same outcome,180871737.13174543,130665591.23935124,28891327.27994453,20871709.53621017,615801636.396205,444868204.2969531
S1,2037,bladder_cancer,direct_medical,avoided_incident_case_first_year,90.49429737364191,17917.502226658013,6349.271058827539,40450.2353820222,INTERNATIONAL_PROXY_BLADDER,Event-specific first-year cost; no annual patient-year cost added for the same outcome,1621431.7746920814,1137239.6238746115,574572.8233033975,402993.8179706751,3660515.6294945288,2567412.013659377
S1,2037,breast_cancer,direct_medical,avoided_incident_case_first_year,224.4340455307532,53995.542586727424,26175.98574835096,99226.21468667472,CHINA_BREAST_NEW_DIAGNOSIS_COURSE,Event-specific first-year cost; no annual patient-year cost added for the same outcome,12118438.063367305,8499628.637010522,5874782.377257746,4120454.159920826,22269740.784833446,15619548.123595044
S1,2037,colon_cancer,direct_medical,avoided_incident_case_first_year,656.1324627149403,72296.25822013385,35047.815693114135,132856.9673630357,CHINA_CRC_NEW_DIAGNOSIS_COURSE,Event-specific first-year cost; no annual patient-year cost added for the same outcome,47435921.95105167,33270601.25487183,22996009.62350231,16128938.474648502,87171769.18474707,61140525.027007386
S1,2037,coronary_heart_disease,direct_medical,avoided_incident_case_first_year,3474.2082784212057,21846.326995845397,8586.27962692537,46223.917226713966,CHINA_INCIDENT_MI_IMMEDIATE_PROXY,Event-specific first-year cost; no annual patient-year cost added for the same outcome,75898690.10206275,53233814.170588344,29830523.760703463,20922529.181375824,160591515.89010623,112635658.1750106
S1,2037,endometrial_cancer,direct_medical,avoided_incident_case_first_year,33.602202850334834,22329.17043600619,7912.595953582618,50409.93932055516,INTERNATIONAL_PROXY_ENDOMETRIAL,Event-specific first-year cost; no annual patient-year cost added for the same outcome,750309.3144703795,526251.8570909064,265880.6543050217,186483.34146208534,1693885.0067223646,1188056.8630756051
S1,2037,gastric_cancer,direct_medical,avoided_incident_case_first_year,910.8482024936499,64762.28390756019,31395.4919125426,119011.97726255516,CHINA_GASTRIC_NEW_DIAGNOSIS_COURSE,Event-specific first-year cost; no annual patient-year cost added for the same outcome,58988609.886584625,41373424.13500274,28596527.374943346,20057028.944172833,108401845.5648135,76030873.45494604
S1,2037,oesophageal_cancer,direct_medical,avoided_incident_case_first_year,444.9874194043612,68356.63525540795,29827.5487154762,135047.26753332303,CHINA_OESOPHAGEAL_NEW_DIAGNOSIS_DERIVED,Event-specific first-year cost; no annual patient-year cost added for the same outcome,30417842.72146916,21334462.88371273,13272883.930057624,9309333.740679052,60094335.07726379,42148957.53676764
S1,2037,renal_cancer,direct_medical,avoided_incident_case_first_year,123.76296927170097,13135.225379367826,4654.616770652017,29653.851952691733,INTERNATIONAL_PROXY_RENAL,Event-specific first-year cost; no annual patient-year cost added for the same outcome,1625654.495003567,1140201.3549407697,576069.1923577496,404043.341118741,3670048.7680085567,2574098.365208209
S1,2037,stroke,direct_medical,avoided_incident_case_first_year,6274.543491318396,29612.850356671155,4730.172689851648,100820.84684525008,CHINA_FIRST_ISCHAEMIC_STROKE_ONE_YEAR,Event-specific first-year cost; no annual patient-year cost added for the same outcome,185807117.46483666,130321373.78648877,29679674.26392069,20816726.379395153,632604788.3620728,443696270.6708916
S1,2038,bladder_cancer,direct_medical,avoided_incident_case_first_year,93.70261908278573,17917.502226658013,6349.271058827539,40450.2353820222,INTERNATIONAL_PROXY_BLADDER,Event-specific first-year cost; no annual patient-year cost added for the same outcome,1678916.886059501,1143260.7032993902,594943.3274786725,405127.45606660185,3790292.997810648,2581005.0958259185
S1,2038,breast_cancer,direct_medical,avoided_incident_case_first_year,226.48695196615,53995.542586727424,26175.98574835096,99226.21468667472,CHINA_BREAST_NEW_DIAGNOSIS_COURSE,Event-specific first-year cost; no annual patient-year cost added for the same outcome,12229285.86022634,8327548.593680745,5928519.22685339,4037033.1117011327,22473442.919523787,15303321.070309909
S1,2038,colon_cancer,direct_medical,avoided_incident_case_first_year,675.8003668433838,72296.25822013385,35047.815693114135,132856.9673630357,CHINA_CRC_NEW_DIAGNOSIS_COURSE,Event-specific first-year cost; no annual patient-year cost added for the same outcome,48857837.82657046,33269810.13717251,23685326.702465836,16128554.956220299,89784787.28163901,61139071.21043448
S1,2038,coronary_heart_disease,direct_medical,avoided_incident_case_first_year,3598.76152087398,21846.326995845397,8586.27962692537,46223.917226713966,CHINA_INCIDENT_MI_IMMEDIATE_PROXY,Event-specific first-year cost; no annual patient-year cost added for the same outcome,78619720.96507886,53536204.34106016,30899972.728843216,21041377.835458428,166348854.6595621,113275475.48675914
S1,2038,endometrial_cancer,direct_medical,avoided_incident_case_first_year,33.71246549739748,22329.17043600619,7912.595953582618,50409.93932055516,INTERNATIONAL_PROXY_ENDOMETRIAL,Event-specific first-year cost; no annual patient-year cost added for the same outcome,752771.3879093665,512600.68530540715,266753.1180800009,181645.89320393492,1699443.3400701166,1157238.2196632272
S1,2038,gastric_cancer,direct_medical,avoided_incident_case_first_year,928.7911419467165,64762.28390756019,31395.4919125426,119011.97726255516,CHINA_GASTRIC_NEW_DIAGNOSIS_COURSE,Event-specific first-year cost; no annual patient-year cost added for the same outcome,60150635.62558029,40959655.93068026,29159854.785429344,19856442.19014458,110537270.26702526,75270502.30751887
S1,2038,oesophageal_cancer,direct_medical,avoided_incident_case_first_year,454.9984636843828,68356.63525540795,29827.5487154762,135047.26753332303,CHINA_OESOPHAGEAL_NEW_DIAGNOSIS_DERIVED,Event-specific first-year cost; no annual patient-year cost added for the same outcome,31102164.023844335,21179060.268724397,13571488.841012757,9241523.511990093,61446299.2524358,41841939.813567944
S1,2038,renal_cancer,direct_medical,avoided_incident_case_first_year,126.47800356775105,13135.225379367826,4654.616770652017,29653.851952691733,INTERNATIONAL_PROXY_RENAL,Event-specific first-year cost; no annual patient-year cost added for the same outcome,1661317.082394898,1131276.0934103618,588706.6365250397,400880.5730046023,3750559.9930701065,2553948.8530058917
S1,2038,stroke,direct_medical,avoided_incident_case_first_year,6446.819227129515,29612.850356671155,4730.172689851648,100820.84684525008,CHINA_FIRST_ISCHAEMIC_STROKE_ONE_YEAR,Event-specific first-year cost; no annual patient-year cost added for the same outcome,190908693.0494967,129999530.348401,30494568.24457854,20765317.108659156,649973773.9374382,442600512.3231212
S1,2039,bladder_cancer,direct_medical,avoided_incident_case_first_year,96.76286355333349,17917.502226658013,6349.271058827539,40450.2353820222,INTERNATIONAL_PROXY_BLADDER,Event-specific first-year cost; no annual patient-year cost added for the same outcome,1733748.8231746582,1146212.2178178427,614373.6491284583,406173.3588645845,3914080.6069708364,2587668.382677768
S1,2039,breast_cancer,direct_medical,avoided_incident_case_first_year,227.88503128846776,53995.542586727424,26175.98574835096,99226.21468667472,CHINA_BREAST_NEW_DIAGNOSIS_COURSE,Event-specific first-year cost; no annual patient-year cost added for the same outcome,12304775.911814172,8134906.451908382,5965115.331269444,3943643.9592638593,22612169.03850909,14949307.57953884
S1,2039,colon_cancer,direct_medical,avoided_incident_case_first_year,693.9969694485438,72296.25822013385,35047.815693114135,132856.9673630357,CHINA_CRC_NEW_DIAGNOSIS_COURSE,Event-specific first-year cost; no annual patient-year cost added for the same outcome,50173384.10724227,33170517.61147478,24323077.876812324,16080419.876673557,92202332.72007088,60956603.89925152
S1,2039,coronary_heart_disease,direct_medical,avoided_incident_case_first_year,3733.171892462456,21846.326995845397,8586.27962692537,46223.917226713966,CHINA_INCIDENT_MI_IMMEDIATE_PROXY,Event-specific first-year cost; no annual patient-year cost added for the same outcome,81556093.8944338,53918185.846625336,32054057.764060818,21191508.336559154,172561828.5502797,114083697.45920964
S1,2039,endometrial_cancer,direct_medical,avoided_incident_case_first_year,33.86939648790315,22329.17043600619,7912.595953582618,50409.93932055516,INTERNATIONAL_PROXY_ENDOMETRIAL,Event-specific first-year cost; no annual patient-year cost added for the same outcome,756275.5267430589,499987.2168346914,267994.84960046783,177176.16693855208,1707354.221779022,1128762.2768577028
S1,2039,gastric_cancer,direct_medical,avoided_incident_case_first_year,949.7150609829357,64762.28390756019,31395.4919125426,119011.97726255516,CHINA_GASTRIC_NEW_DIAGNOSIS_COURSE,Event-specific first-year cost; no annual patient-year cost added for the same outcome,61505716.41066272,40662524.27871956,29816771.51630966,19712398.56145774,113027467.24360733,74724471.1413295
S1,2039,oesophageal_cancer,direct_medical,avoided_incident_case_first_year,466.6017381831472,68356.63525540795,29827.5487154762,135047.26753332303,CHINA_OESOPHAGEAL_NEW_DIAGNOSIS_DERIVED,Event-specific first-year cost; no annual patient-year cost added for the same outcome,31895324.82652475,21086567.165184166,13917586.076383695,9201163.96911055,63013289.767933026,41659207.86878871
S1,2039,renal_cancer,direct_medical,avoided_incident_case_first_year,128.86495965516576,13135.225379367826,4654.616770652017,29653.851952691733,INTERNATIONAL_PROXY_RENAL,Event-specific first-year cost; no annual patient-year cost added for the same outcome,1692670.2885737442,1119054.4671562423,599817.0023603302,396549.7004931629,3821342.4355038786,2526357.526241902
S1,2039,stroke,direct_medical,avoided_incident_case_first_year,6630.668259125849,29612.850356671155,4730.172689851648,100820.84684525008,CHINA_FIRST_ISCHAEMIC_STROKE_ONE_YEAR,Event-specific first-year cost; no annual patient-year cost added for the same outcome,196352986.922223,129812455.87995206,31364205.91478326,20735434.99562486,668509589.0349882,441963592.6715181
S1,2040,bladder_cancer,direct_medical,avoided_incident_case_first_year,99.40801326362728,17917.502226658013,6349.271058827539,40450.2353820222,INTERNATIONAL_PROXY_BLADDER,Event-specific first-year cost; no annual patient-year cost added for the same outcome,1781143.2989986911,1143248.1064879135,631168.4216302928,405122.99224293215,4021077.535372908,2580976.6574876476
S1,2040,breast_cancer,direct_medical,avoided_incident_case_first_year,228.7732503529005,53995.542586727424,26175.98574835096,99226.21468667472,CHINA_BREAST_NEW_DIAGNOSIS_COURSE,Event-specific first-year cost; no annual patient-year cost added for the same outcome,12352735.782134093,7928751.044797703,5988365.34084145,3843703.8393955003,22700303.65408529,14570461.109908003
S1,2040,colon_cancer,direct_medical,avoided_incident_case_first_year,709.5947433551463,72296.25822013385,35047.815693114135,132856.9673630357,CHINA_CRC_NEW_DIAGNOSIS_COURSE,Event-specific first-year cost; no annual patient-year cost added for the same outcome,51301044.797253266,32928188.51705122,24869745.781913795,15962943.458840488,94274605.65891637,60511281.97828966
S1,2040,coronary_heart_disease,direct_medical,avoided_incident_case_first_year,3862.4408272728633,21846.326995845397,8586.27962692537,46223.917226713966,CHINA_INCIDENT_MI_IMMEDIATE_PROXY,Event-specific first-year cost; no annual patient-year cost added for the same outcome,84380145.31470658,54160404.39331556,33163996.98541776,21286707.68851911,178537145.09294143,114596199.63200568
S1,2040,endometrial_cancer,direct_medical,avoided_incident_case_first_year,34.12044944803924,22329.17043600619,7912.595953582618,50409.93932055516,INTERNATIONAL_PROXY_ENDOMETRIAL,Event-specific first-year cost; no annual patient-year cost added for the same outcome,761881.3310784014,489022.63485118595,269981.33023697557,173290.7423866614,1720009.7862657278,1104008.8309539317
S1,2040,gastric_cancer,direct_medical,avoided_incident_case_first_year,972.1610368333634,64762.28390756019,31395.4919125426,119011.97726255516,CHINA_GASTRIC_NEW_DIAGNOSIS_COURSE,Event-specific first-year cost; no annual patient-year cost added for the same outcome,62959369.071270354,40411223.238954246,30521473.969590887,19590572.719539825,115698807.21115428,74262661.70802885
S1,2040,oesophageal_cancer,direct_medical,avoided_incident_case_first_year,478.9092238218078,68356.63525540795,29827.5487154762,135047.26753332303,CHINA_OESOPHAGEAL_NEW_DIAGNOSIS_DERIVED,Event-specific first-year cost; no annual patient-year cost added for the same outcome,32736623.133237846,21012392.675492473,14284688.203835867,9168797.788469007,64675382.07363976,41512666.68641316
S1,2040,renal_cancer,direct_medical,avoided_incident_case_first_year,130.8232993767479,13135.225379367826,4654.616770652017,29653.851952691733,INTERNATIONAL_PROXY_RENAL,Event-specific first-year cost; no annual patient-year cost added for the same outcome,1718393.5221860944,1102971.412544271,608932.3232710405,390850.4868475575,3879414.7516807513,2490048.70727336
S1,2040,stroke,direct_medical,avoided_incident_case_first_year,6809.886786663889,29612.850356671155,4730.172689851648,100820.84684525008,CHINA_FIRST_ISCHAEMIC_STROKE_ONE_YEAR,Event-specific first-year cost; no annual patient-year cost added for the same outcome,201660158.35934994,129437981.95686278,32211940.499259125,20675618.858281653,686578552.7517322,440688646.9100467
S1,2041,bladder_cancer,direct_medical,avoided_incident_case_first_year,101.93912708227887,17917.502226658013,6349.271058827539,40450.2353820222,INTERNATIONAL_PROXY_BLADDER,Event-specific first-year cost; no annual patient-year cost added for the same outcome,1826494.5364803057,1138211.0098006928,647239.1493456558,403338.03964116256,4123461.685116054,2569604.9973051846
S1,2041,breast_cancer,direct_medical,avoided_incident_case_first_year,229.83619572769163,53995.542586727424,26175.98574835096,99226.21468667472,CHINA_BREAST_NEW_DIAGNOSIS_COURSE,Event-specific first-year cost; no annual patient-year cost added for the same outcome,12410130.094385993,7733582.786241943,6016188.9838232575,3749090.074818907,22805775.70004452,14211805.439537195
S1,2041,colon_cancer,direct_medical,avoided_incident_case_first_year,724.6456716482501,72296.25822013385,35047.815693114135,132856.9673630357,CHINA_CRC_NEW_DIAGNOSIS_COURSE,Event-specific first-year cost; no annual patient-year cost added for the same outcome,52389170.595584214,32647199.088330608,25397247.942740772,15826725.265092103,96274226.34793666,59994914.95902814
S1,2041,coronary_heart_disease,direct_medical,avoided_incident_case_first_year,3984.542056605057,21846.326995845397,8586.27962692537,46223.917226713966,CHINA_INCIDENT_MI_IMMEDIATE_PROXY,Event-specific first-year cost; no annual patient-year cost added for the same outcome,87047608.69729239,54245191.87832186,34212392.28325532,21320031.78255406,184181142.2108728,114775598.65361413
S1,2041,endometrial_cancer,direct_medical,avoided_incident_case_first_year,34.37635714466297,22329.17043600619,7912.595953582618,50409.93932055516,INTERNATIONAL_PROXY_ENDOMETRIAL,Event-specific first-year cost; no annual patient-year cost added for the same outcome,767595.5376521985,478340.1617577382,272006.2244417711,169505.28633419785,1732910.077724193,1079892.2690790752
S1,2041,gastric_cancer,direct_medical,avoided_incident_case_first_year,993.7670436685553,64762.28390756019,31395.4919125426,119011.97726255516,CHINA_GASTRIC_NEW_DIAGNOSIS_COURSE,Event-specific first-year cost; no annual patient-year cost added for the same outcome,64358623.42003974,40106166.36908611,31199805.182447497,19442687.099809654,118270180.80535875,73702066.57348488
S1,2041,oesophageal_cancer,direct_medical,avoided_incident_case_first_year,490.702340364691,68356.63525540795,29827.5487154762,135047.26753332303,CHINA_OESOPHAGEAL_NEW_DIAGNOSIS_DERIVED,Event-specific first-year cost; no annual patient-year cost added for the same outcome,33542760.89928423,20902739.64259907,14636447.962026006,9120950.47755022,66268010.238458164,41296033.10850715
S1,2041,renal_cancer,direct_medical,avoided_incident_case_first_year,132.7043795439834,13135.225379367826,4654.616770652017,29653.851952691733,INTERNATIONAL_PROXY_RENAL,Event-specific first-year cost; no annual patient-year cost added for the same outcome,1743101.9341393914,1086243.497046305,617688.0305643957,384922.75939971465,3935196.024471097,2452284.0618008142
S1,2041,stroke,direct_medical,avoided_incident_case_first_year,6979.893890936009,29612.850356671155,4730.172689851648,100820.84684525008,CHINA_FIRST_ISCHAEMIC_STROKE_ONE_YEAR,Event-specific first-year cost; no annual patient-year cost added for the same outcome,206694553.2977312,128805212.13201585,33016103.460967865,20574544.138745956,703718812.974156,438534298.7527166
S1,2042,bladder_cancer,direct_medical,avoided_incident_case_first_year,104.2523481132332,17917.502226658013,6349.271058827539,40450.2353820222,INTERNATIONAL_PROXY_BLADDER,Event-specific first-year cost; no annual patient-year cost added for the same outcome,1867941.679453182,1130135.4359480764,661926.4166901653,400476.3680366486,4217032.020308801,2551373.7249408243
S1,2042,breast_cancer,direct_medical,avoided_incident_case_first_year,231.05734870000555,53995.542586727424,26175.98574835096,99226.21468667472,CHINA_BREAST_NEW_DIAGNOSIS_COURSE,Event-specific first-year cost; no annual patient-year cost added for the same outcome,12476066.911707478,7548225.661042804,6048153.866623103,3659232.556306618,22926946.087040614,13871179.435655989
S1,2042,colon_cancer,direct_medical,avoided_incident_case_first_year,738.6308071235062,72296.25822013385,35047.815693114135,132856.9673630357,CHINA_CRC_NEW_DIAGNOSIS_COURSE,Event-specific first-year cost; no annual patient-year cost added for the same outcome,53400243.561146885,32308025.566610195,25887396.39332078,15662300.558061678,98132249.03534038,59371624.534115575
S1,2042,coronary_heart_disease,direct_medical,avoided_incident_case_first_year,4092.6470575443946,21846.326995845397,8586.27962692537,46223.917226713966,CHINA_INCIDENT_MI_IMMEDIATE_PROXY,Event-specific first-year cost; no annual patient-year cost added for the same outcome,89409305.89769934,54094100.47967396,35140612.0503895,21260648.20753658,189178178.82608655,114455909.38474536
S1,2042,endometrial_cancer,direct_medical,avoided_incident_case_first_year,34.61201309569006,22329.17043600619,7912.595953582618,50409.93932055516,INTERNATIONAL_PROXY_ENDOMETRIAL,Event-specific first-year cost; no annual patient-year cost added for the same outcome,772857.5395469415,467591.521721025,273870.87476630573,165696.38327150862,1744789.4799159965,1055626.3298861224
S1,2042,gastric_cancer,direct_medical,avoided_incident_case_first_year,1013.7261515404516,64762.28390756019,31395.4919125426,119011.97726255516,CHINA_GASTRIC_NEW_DIAGNOSIS_COURSE,Event-specific first-year cost; no annual patient-year cost added for the same outcome,65651220.830581106,39720068.29228836,31826431.19222118,19255514.28384081,120645553.69758977,72992544.10509022
S1,2042,oesophageal_cancer,direct_medical,avoided_incident_case_first_year,501.49500157217284,68356.63525540795,29827.5487154762,135047.26753332303,CHINA_OESOPHAGEAL_NEW_DIAGNOSIS_DERIVED,Event-specific first-year cost; no annual patient-year cost added for the same outcome,34280510.90487926,20740272.869412955,14958366.589961799,9050057.789901853,67725529.64394148,40975059.23813214
S1,2042,renal_cancer,direct_medical,avoided_incident_case_first_year,134.48139846311142,13135.225379367826,4654.616770652017,29653.851952691733,INTERNATIONAL_PROXY_RENAL,Event-specific first-year cost; no annual patient-year cost added for the same outcome,1766443.4781455386,1068727.3549332889,625959.3726271348,378715.7148700916,3987891.4804160516,2412739.929895961
S1,2042,stroke,direct_medical,avoided_incident_case_first_year,7133.252963048216,29612.850356671155,4730.172689851648,100820.84684525008,CHINA_FIRST_ISCHAEMIC_STROKE_ONE_YEAR,Event-specific first-year cost; no annual patient-year cost added for the same outcome,211235952.55102792,127801225.24705757,33741518.35561402,20414173.51291969,719180604.4959105,435116093.2526096
S1,2043,bladder_cancer,direct_medical,avoided_incident_case_first_year,106.3424068045554,17917.502226658013,6349.271058827539,40450.2353820222,INTERNATIONAL_PROXY_BLADDER,Event-specific first-year cost; no annual patient-year cost added for the same outcome,1905390.3107087936,1119215.993914658,675196.7658502283,396606.93934037763,4301575.386335025,2526722.1861881195
S1,2043,breast_cancer,direct_medical,avoided_incident_case_first_year,232.21473418586936,53995.542586727424,26175.98574835096,99226.21468667472,CHINA_BREAST_NEW_DIAGNOSIS_COURSE,Event-specific first-year cost; no annual patient-year cost added for the same outcome,12538560.568998698,7365082.865499979,6078449.572606423,3570448.5016165087,23041789.067736175,13534622.648220032
S1,2043,colon_cancer,direct_medical,avoided_incident_case_first_year,751.3013870228175,72296.25822013385,35047.815693114135,132856.9673630357,CHINA_CRC_NEW_DIAGNOSIS_COURSE,Event-specific first-year cost; no annual patient-year cost added for the same outcome,54316279.07734633,31905089.435814332,26331472.54235672,15466964.981976535,99815623.85549393,58631159.20857228
S1,2043,coronary_heart_disease,direct_medical,avoided_incident_case_first_year,4189.466390193147,21846.326995845397,8586.27962692537,46223.917226713966,CHINA_INCIDENT_MI_IMMEDIATE_PROXY,Event-specific first-year cost; no annual patient-year cost added for the same outcome,91524452.69826351,53760969.97999148,35971929.913803995,21129717.656919304,193653547.6443882,113751049.63207643
S1,2043,endometrial_cancer,direct_medical,avoided_incident_case_first_year,34.83064573307287,22329.17043600619,7912.595953582618,50409.93932055516,INTERNATIONAL_PROXY_ENDOMETRIAL,Event-specific first-year cost; no annual patient-year cost added for the same outcome,777739.4249699358,456839.94435792847,275600.82648818207,161886.4393337488,1755810.737899957,1031353.7594372003
S1,2043,gastric_cancer,direct_medical,avoided_incident_case_first_year,1031.7956108402113,64762.28390756019,31395.4919125426,119011.97726255516,CHINA_GASTRIC_NEW_DIAGNOSIS_COURSE,Event-specific first-year cost; no annual patient-year cost added for the same outcome,66821440.28380825,39250553.69586239,32393730.755530804,19027902.766372513,122796035.77691944,72129729.25201856
S1,2043,oesophageal_cancer,direct_medical,avoided_incident_case_first_year,511.25503673117396,68356.63525540795,29827.5487154762,135047.26753332303,CHINA_OESOPHAGEAL_NEW_DIAGNOSIS_DERIVED,Event-specific first-year cost; no annual patient-year cost added for the same outcome,34947674.06832305,20528075.296464343,15249484.514131665,8957464.972528942,69043595.72319373,40555835.81824261
S1,2043,renal_cancer,direct_medical,avoided_incident_case_first_year,136.08262576612847,13135.225379367826,4654.616770652017,29653.851952691733,INTERNATIONAL_PROXY_RENAL,Event-specific first-year cost; no annual patient-year cost added for the same outcome,1787475.9596542649,1049953.7399446545,633412.472085384,372063.07049985346,4035374.0378023274,2370356.9495198308
S1,2043,stroke,direct_medical,avoided_incident_case_first_year,7270.803469827368,29612.850356671155,4730.172689851648,100820.84684525008,CHINA_FIRST_ISCHAEMIC_STROKE_ONE_YEAR,Event-specific first-year cost; no annual patient-year cost added for the same outcome,215309215.12476325,126471471.93438002,34392156.006256014,20201766.982372716,733048563.073378,430588773.0701664
S1,2044,bladder_cancer,direct_medical,avoided_incident_case_first_year,108.13203129188,17917.502226658013,6349.271058827539,40450.2353820222,INTERNATIONAL_PROXY_BLADDER,Event-specific first-year cost; no annual patient-year cost added for the same outcome,1937455.9114453138,1104904.033861424,686559.5768137674,391535.33323079976,4373966.118092735,2494411.7588970833
S1,2044,breast_cancer,direct_medical,avoided_incident_case_first_year,233.1340016793497,53995.542586727424,26175.98574835096,99226.21468667472,CHINA_BREAST_NEW_DIAGNOSIS_COURSE,Event-specific first-year cost; no annual patient-year cost added for the same outcome,12588196.91609151,7178872.804003948,6102512.305414686,3480177.4962258195,23133004.50139874,13192429.225325054
S1,2044,colon_cancer,direct_medical,avoided_incident_case_first_year,762.2167370475978,72296.25822013385,35047.815693114135,132856.9673630357,CHINA_CRC_NEW_DIAGNOSIS_COURSE,Event-specific first-year cost; no annual patient-year cost added for the same outcome,55105418.041301,31425849.910583694,26714031.71825105,15234639.00872912,101265804.15749228,57750473.10489074
S1,2044,coronary_heart_disease,direct_medical,avoided_incident_case_first_year,4270.62853115441,21846.326995845397,8586.27962692537,46223.917226713966,CHINA_INCIDENT_MI_IMMEDIATE_PROXY,Event-specific first-year cost; no annual patient-year cost added for the same outcome,93297547.36938615,53206287.60058455,36668810.75121733,20911710.391230114,197405179.73012447,112577415.62038656
S1,2044,endometrial_cancer,direct_medical,avoided_incident_case_first_year,35.01094197094042,22329.17043600619,7912.595953582618,50409.93932055516,INTERNATIONAL_PROXY_ENDOMETRIAL,Event-specific first-year cost; no annual patient-year cost added for the same outcome,781765.2903942511,445829.8213584079,277027.437770379,157984.87680395713,1764899.4603105846,1006497.5009430333
S1,2044,gastric_cancer,direct_medical,avoided_incident_case_first_year,1047.3210333609911,64762.28390756019,31395.4919125426,119011.97726255516,CHINA_GASTRIC_NEW_DIAGNOSIS_COURSE,Event-specific first-year cost; no annual patient-year cost added for the same outcome,67826902.10488382,38680734.51235556,32881159.032720752,18751665.54174134,124643747.00895405,71082587.24868712
S1,2044,oesophageal_cancer,direct_medical,avoided_incident_case_first_year,519.639814514954,68356.63525540795,29827.5487154762,135047.26753332303,CHINA_OESOPHAGEAL_NEW_DIAGNOSIS_DERIVED,Event-specific first-year cost; no annual patient-year cost added for the same outcome,35520829.26498655,20257032.590593915,15499581.881945807,8839194.968700968,70175937.05176735,40020356.31905612
S1,2044,renal_cancer,direct_medical,avoided_incident_case_first_year,137.45276551780813,13135.225379367826,4654.616770652017,29653.851952691733,INTERNATIONAL_PROXY_RENAL,Event-specific first-year cost; no annual patient-year cost added for the same outcome,1805473.0540938082,1029636.0545351488,639789.947551689,364863.26718346233,4076003.9591531334,2324488.1031351145
S1,2044,stroke,direct_medical,avoided_incident_case_first_year,7387.442118986674,29612.850356671155,4730.172689851648,100820.84684525008,CHINA_FIRST_ISCHAEMIC_STROKE_ONE_YEAR,Event-specific first-year cost; no annual patient-year cost added for the same outcome,218763217.98812205,124757606.39903706,34943876.95909055,19928004.752404507,744808170.4565052,424753692.266699
S1,2045,bladder_cancer,direct_medical,avoided_incident_case_first_year,109.58071024749192,17917.502226658013,6349.271058827539,40450.2353820222,INTERNATIONAL_PROXY_BLADDER,Event-specific first-year cost; no annual patient-year cost added for the same outcome,1963412.619858203,1087093.9630789575,695757.6321801668,385224.13172825216,4432565.5228402205,2454204.058838903
S1,2045,breast_cancer,direct_medical,avoided_incident_case_first_year,233.89836923328,53995.542586727424,26175.98574835096,99226.21468667472,CHINA_BREAST_NEW_DIAGNOSIS_COURSE,Event-specific first-year cost; no annual patient-year cost added for the same outcome,12629469.356901666,6992630.971155731,6122520.379612868,3389891.0887033576,23208849.800404552,12850177.417036349
S1,2045,colon_cancer,direct_medical,avoided_incident_case_first_year,771.4212338305223,72296.25822013385,35047.815693114135,132856.9673630357,CHINA_CRC_NEW_DIAGNOSIS_COURSE,Event-specific first-year cost; no annual patient-year cost added for the same outcome,55770868.71750569,30878977.798792016,27036629.225046847,14969526.076834105,102488685.68617444,56745500.34285881
S1,2045,coronary_heart_disease,direct_medical,avoided_incident_case_first_year,4330.130574853654,21846.326995845397,8586.27962692537,46223.917226713966,CHINA_INCIDENT_MI_IMMEDIATE_PROXY,Event-specific first-year cost; no annual patient-year cost added for the same outcome,94597448.47296093,52376313.62736956,37179711.936792575,20585505.047034293,200155597.27289867,110821301.27468841
S1,2045,endometrial_cancer,direct_medical,avoided_incident_case_first_year,35.15127193837435,22329.17043600619,7912.595953582618,50409.93932055516,INTERNATIONAL_PROXY_ENDOMETRIAL,Event-specific first-year cost; no annual patient-year cost added for the same outcome,784898.7421543625,434579.40302222193,278137.8121028631,153998.16288378972,1771973.4854537845,981098.755956812
S1,2045,gastric_cancer,direct_medical,avoided_incident_case_first_year,1060.249171249626,64762.28390756019,31395.4919125426,119011.97726255516,CHINA_GASTRIC_NEW_DIAGNOSIS_COURSE,Event-specific first-year cost; no annual patient-year cost added for the same outcome,68664157.84122367,38017679.37830903,33287044.281247627,18430229.34705369,126182350.26140344,69864107.94598678
S1,2045,oesophageal_cancer,direct_medical,avoided_incident_case_first_year,526.5253185826829,68356.63525540795,29827.5487154762,135047.26753332303,CHINA_OESOPHAGEAL_NEW_DIAGNOSIS_DERIVED,Event-specific first-year cost; no annual patient-year cost added for the same outcome,35991499.15509392,19927620.43899345,15704959.5899566,8695455.345435128,71105805.56170371,39369560.52140316
S1,2045,renal_cancer,direct_medical,avoided_incident_case_first_year,138.64236715409373,13135.225379367826,4654.616770652017,29653.851952691733,INTERNATIONAL_PROXY_RENAL,Event-specific first-year cost; no annual patient-year cost added for the same outcome,1821098.7396980843,1008298.2181501201,645327.0872783391,357301.9617457049,4111280.229958227,2276316.1819934878
S1,2045,stroke,direct_medical,avoided_incident_case_first_year,7479.237412245754,29612.850356671155,4730.172689851648,100820.84684525008,CHINA_FIRST_ISCHAEMIC_STROKE_ONE_YEAR,Event-specific first-year cost; no annual patient-year cost added for the same outcome,221481538.2708499,122628957.74046233,35378084.548321575,19587987.643959854,754063049.6592938,417506427.72415686
S1,2046,bladder_cancer,direct_medical,avoided_incident_case_first_year,110.7037673115493,17917.502226658013,6349.271058827539,40450.2353820222,INTERNATIONAL_PROXY_BLADDER,Event-specific first-year cost; no annual patient-year cost added for the same outcome,1983534.997304115,1066247.8015411114,702888.225894398,377837.0568745393,4477993.445428784,2407142.1341157714
S1,2046,breast_cancer,direct_medical,avoided_incident_case_first_year,234.25874940528087,53995.542586727424,26175.98574835096,99226.21468667472,CHINA_BREAST_NEW_DIAGNOSIS_COURSE,Event-specific first-year cost; no annual patient-year cost added for the same outcome,12648928.27982635,6799422.23784632,6131953.68585915,3296227.2637414937,23244608.960720334,12495122.715624524
S1,2046,colon_cancer,direct_medical,avoided_incident_case_first_year,778.6163815326206,72296.25822013385,35047.815693114135,132856.9673630357,CHINA_CRC_NEW_DIAGNOSIS_COURSE,Event-specific first-year cost; no annual patient-year cost added for the same outcome,56291050.9737086,30259213.69107719,27288803.435594723,14669076.527228683,103444611.18960434,55606575.84166633
S1,2046,coronary_heart_disease,direct_medical,avoided_incident_case_first_year,4371.4089722085955,21846.326995845397,8586.27962692537,46223.917226713966,CHINA_INCIDENT_MI_IMMEDIATE_PROXY,Event-specific first-year cost; no annual patient-year cost added for the same outcome,95499229.83944142,51335541.85006488,37534139.79903343,20176449.67083995,202063646.4954849,108619166.8611927
S1,2046,endometrial_cancer,direct_medical,avoided_incident_case_first_year,35.184262956205465,22329.17043600619,7912.595953582618,50409.93932055516,INTERNATIONAL_PROXY_ENDOMETRIAL,Event-specific first-year cost; no annual patient-year cost added for the same outcome,785635.4042143708,422317.74266395875,278398.85669705813,149653.10383141448,1773636.5606607744,953417.0489090395
S1,2046,gastric_cancer,direct_medical,avoided_incident_case_first_year,1070.3596115254657,64762.28390756019,31395.4919125426,119011.97726255516,CHINA_GASTRIC_NEW_DIAGNOSIS_COURSE,Event-specific first-year cost; no annual patient-year cost added for the same outcome,69318933.04479803,37262342.265019976,33604466.52716,18064056.64898519,127385613.74962609,68476044.43234304
S1,2046,oesophageal_cancer,direct_medical,avoided_incident_case_first_year,531.8375315448973,68356.63525540795,29827.5487154762,135047.26753332303,CHINA_OESOPHAGEAL_NEW_DIAGNOSIS_DERIVED,Event-specific first-year cost; no annual patient-year cost added for the same outcome,36354624.15895106,19542401.89259026,15863409.880874034,8527364.494912507,71823205.40680587,38608512.05989637
S1,2046,renal_cancer,direct_medical,avoided_incident_case_first_year,139.60184510873668,13135.225379367826,4654.616770652017,29653.851952691733,INTERNATIONAL_PROXY_RENAL,Event-specific first-year cost; no annual patient-year cost added for the same outcome,1833701.6988788543,985705.0204655462,649793.0894570911,349295.8047283721,4139732.44717708,2225310.1794372913
S1,2046,stroke,direct_medical,avoided_incident_case_first_year,7547.704445660962,29612.850356671155,4730.172689851648,100820.84684525008,CHINA_FIRST_ISCHAEMIC_STROKE_ONE_YEAR,Event-specific first-year cost; no annual patient-year cost added for the same outcome,223509042.2857397,120147123.83982743,35701945.43993735,19191554.919783186,760965953.949197,409056697.53683996
S1,2047,bladder_cancer,direct_medical,avoided_incident_case_first_year,111.55708803476752,17917.502226658013,6349.271058827539,40450.2353820222,INTERNATIONAL_PROXY_BLADDER,Event-specific first-year cost; no annual patient-year cost added for the same outcome,1998824.373262431,1043171.4509869958,708306.1904662253,369659.6891330349,4512510.469539318,2355045.3742067227
S1,2047,breast_cancer,direct_medical,avoided_incident_case_first_year,234.13416257502158,53995.542586727424,26175.98574835096,99226.21468667472,CHINA_BREAST_NEW_DIAGNOSIS_COURSE,Event-specific first-year cost; no annual patient-year cost added for the same outcome,12642201.14632734,6597869.972917458,6128692.502765851,3198518.657408819,23232246.681153893,12124735.321548542
S1,2047,colon_cancer,direct_medical,avoided_incident_case_first_year,783.9550257001735,72296.25822013385,35047.815693114135,132856.9673630357,CHINA_CRC_NEW_DIAGNOSIS_COURSE,Event-specific first-year cost; no annual patient-year cost added for the same outcome,56677014.97099141,29579309.08577042,27475911.252430234,14339472.037558774,104153887.26353577,54357132.700609505
S1,2047,coronary_heart_disease,direct_medical,avoided_incident_case_first_year,4398.04367679911,21846.326995845397,8586.27962692537,46223.917226713966,CHINA_INCIDENT_MI_IMMEDIATE_PROXY,Event-specific first-year cost; no annual patient-year cost added for the same outcome,96081100.30536354,50144005.72591668,37762832.82042814,19708139.261064205,203294806.8758348,106098035.17687157
S1,2047,endometrial_cancer,direct_medical,avoided_incident_case_first_year,35.08058361908669,22329.17043600619,7912.595953582618,50409.93932055516,INTERNATIONAL_PROXY_ENDOMETRIAL,Event-specific first-year cost; no annual patient-year cost added for the same outcome,783320.3306251535,408809.00634213473,277578.483993702,144866.12920266972,1768410.0915678213,922919.9652743315
S1,2047,gastric_cancer,direct_medical,avoided_incident_case_first_year,1077.9534721234913,64762.28390756019,31395.4919125426,119011.97726255516,CHINA_GASTRIC_NEW_DIAGNOSIS_COURSE,Event-specific first-year cost; no annual patient-year cost added for the same outcome,69810728.80080181,36433695.84228636,33842879.51615029,17662345.027751684,128289374.11445333,66953262.293253615
S1,2047,oesophageal_cancer,direct_medical,avoided_incident_case_first_year,535.7529235503595,68356.63525540795,29827.5487154762,135047.26753332303,CHINA_OESOPHAGEAL_NEW_DIAGNOSIS_DERIVED,Event-specific first-year cost; no annual patient-year cost added for the same outcome,36622267.18215038,19112886.607682683,15980196.426657144,8339944.677703046,72351968.39846535,37759949.73125284
S1,2047,renal_cancer,direct_medical,avoided_incident_case_first_year,140.36919843742098,13135.225379367826,4654.616770652017,29653.851952691733,INTERNATIONAL_PROXY_RENAL,Event-specific first-year cost; no annual patient-year cost added for the same outcome,1843781.0577967307,962255.5073334739,653364.8251298006,340986.2025757045,4162487.4291812894,2172370.974307745
S1,2047,stroke,direct_medical,avoided_incident_case_first_year,7596.84383603564,29612.850356671155,4730.172689851648,100820.84684525008,CHINA_FIRST_ISCHAEMIC_STROKE_ONE_YEAR,Event-specific first-year cost; no annual patient-year cost added for the same outcome,224964199.6995231,117407128.79023339,35934383.24228362,18753885.137988653,765920228.9002315,399728023.7373038
S1,2048,bladder_cancer,direct_medical,avoided_incident_case_first_year,112.20035997273988,17917.502226658013,6349.271058827539,40450.2353820222,INTERNATIONAL_PROXY_BLADDER,Event-specific first-year cost; no annual patient-year cost added for the same outcome,2010350.1996433972,1018627.8576132978,712390.4983649491,360962.3871812373,4538530.97084495,2299636.192919745
S1,2048,breast_cancer,direct_medical,avoided_incident_case_first_year,233.82779557113776,53995.542586727424,26175.98574835096,99226.21468667472,CHINA_BREAST_NEW_DIAGNOSIS_COURSE,Event-specific first-year cost; no annual patient-year cost added for the same outcome,12625658.693721963,6397317.0785985505,6120673.044438424,3101294.526453004,23201847.043053605,11756184.445043162
S1,2048,colon_cancer,direct_medical,avoided_incident_case_first_year,787.9599465840607,72296.25822013385,35047.815693114135,132856.9673630357,CHINA_CRC_NEW_DIAGNOSIS_COURSE,Event-specific first-year cost; no annual patient-year cost added for the same outcome,56966555.76536413,28864483.742770027,27616274.98143422,13992938.655458124,104685968.90669791,53043516.62139137
S1,2048,coronary_heart_disease,direct_medical,avoided_incident_case_first_year,4414.336571480447,21846.326995845397,8586.27962692537,46223.917226713966,CHINA_INCIDENT_MI_IMMEDIATE_PROXY,Event-specific first-year cost; no annual patient-year cost added for the same outcome,96437040.2102809,48863852.517531954,37902728.17009415,19204999.606760427,204047928.29096848,103389401.54920769
S1,2048,endometrial_cancer,direct_medical,avoided_incident_case_first_year,34.93149522056319,22329.17043600619,7912.595953582618,50409.93932055516,INTERNATIONAL_PROXY_ENDOMETRIAL,Event-specific first-year cost; no annual patient-year cost added for the same outcome,779991.3103644911,395215.16080855223,276398.8077348189,140048.99515503828,1760894.5544448532,892230.7405919901
S1,2048,gastric_cancer,direct_medical,avoided_incident_case_first_year,1083.6997242168266,64762.28390756019,31395.4919125426,119011.97726255516,CHINA_GASTRIC_NEW_DIAGNOSIS_COURSE,Event-specific first-year cost; no annual patient-year cost added for the same outcome,70182869.2102748,35561080.70996669,34023285.927274026,17239318.233813886,128973246.93793026,65349679.991634585
S1,2048,oesophageal_cancer,direct_medical,avoided_incident_case_first_year,538.6581592666072,68356.63525540795,29827.5487154762,135047.26753332303,CHINA_OESOPHAGEAL_NEW_DIAGNOSIS_DERIVED,Event-specific first-year cost; no annual patient-year cost added for the same outcome,36820859.32033691,18656825.58770531,16066852.486513464,8140941.578153486,72744312.54348482,36858942.91097446
S1,2048,renal_cancer,direct_medical,avoided_incident_case_first_year,140.95591691386272,13135.225379367826,4654.616770652017,29653.851952691733,INTERNATIONAL_PROXY_RENAL,Event-specific first-year cost; no annual patient-year cost added for the same outcome,1851487.7372190324,938133.5587676497,656095.7747898977,332438.31526562816,4179885.892019602,2117913.690864024
S1,2048,stroke,direct_medical,avoided_incident_case_first_year,7631.17262119934,29612.850356671155,4730.172689851648,100820.84684525008,CHINA_FIRST_ISCHAEMIC_STROKE_ONE_YEAR,Event-specific first-year cost; no annual patient-year cost added for the same outcome,225980772.87750202,114502592.92079511,36096764.32434073,18289932.628154814,769381286.0916042,389839149.0588417
S1,2049,bladder_cancer,direct_medical,avoided_incident_case_first_year,112.84770498480135,17917.502226658013,6349.271058827539,40450.2353820222,INTERNATIONAL_PROXY_BLADDER,Event-specific first-year cost; no annual patient-year cost added for the same outcome,2021949.0053384248,994664.9288840849,716500.6673151074,352470.85036207223,4564716.228956214,2245537.9098400236
S1,2049,breast_cancer,direct_medical,avoided_incident_case_first_year,233.4469857631976,53995.542586727424,26175.98574835096,99226.21468667472,CHINA_BREAST_NEW_DIAGNOSIS_COURSE,Event-specific first-year cost; no annual patient-year cost added for the same outcome,12605096.661519887,6200872.297622148,6110704.97233295,3006061.9287081636,23164060.727296144,11395182.942374075
S1,2049,colon_cancer,direct_medical,avoided_incident_case_first_year,791.7954587557917,72296.25822013385,35047.815693114135,132856.9673630357,CHINA_CRC_NEW_DIAGNOSIS_COURSE,Event-specific first-year cost; no annual patient-year cost added for the same outcome,57243848.943738066,28160180.49334752,27750701.305117745,13651506.179068258,105195543.42211811,51749236.721907616
S1,2049,coronary_heart_disease,direct_medical,avoided_incident_case_first_year,4432.441316976163,21846.326995845397,8586.27962692537,46223.917226713966,CHINA_INCIDENT_MI_IMMEDIATE_PROXY,Event-specific first-year cost; no annual patient-year cost added for the same outcome,96832562.40055686,47635204.22103459,38058180.57749469,18722102.969770692,204884800.5481732,100789745.4528379
S1,2049,endometrial_cancer,direct_medical,avoided_incident_case_first_year,34.765685516206084,22329.17043600619,7912.595953582618,50409.93932055516,INTERNATIONAL_PROXY_ENDOMETRIAL,Event-specific first-year cost; no annual patient-year cost added for the same outcome,776288.9172159574,381882.70752499765,275086.8225390581,135324.4884294023,1752536.097309452,862131.6304192999
S1,2049,gastric_cancer,direct_medical,avoided_incident_case_first_year,1089.3188020427663,64762.28390756019,31395.4919125426,119011.97726255516,CHINA_GASTRIC_NEW_DIAGNOSIS_COURSE,Event-specific first-year cost; no annual patient-year cost added for the same outcome,70546773.52373698,34704337.886229075,34199699.63971426,16823986.025453594,129641984.50038752,63775265.82174434
S1,2049,oesophageal_cancer,direct_medical,avoided_incident_case_first_year,541.5282628455249,68356.63525540795,29827.5487154762,135047.26753332303,CHINA_OESOPHAGEAL_NEW_DIAGNOSIS_DERIVED,Event-specific first-year cost; no annual patient-year cost added for the same outcome,37017049.94382623,18209935.687132645,16152460.640832094,7945940.314121391,73131912.18935527,35976054.80896241
S1,2049,renal_cancer,direct_medical,avoided_incident_case_first_year,141.4731478504259,13135.225379367826,4654.616770652017,29653.851952691733,INTERNATIONAL_PROXY_RENAL,Event-specific first-year cost; no annual patient-year cost added for the same outcome,1858281.682143971,914151.4510683514,658503.2865815248,323939.9821598959,4195223.781637798,2063772.109681446
S1,2049,stroke,direct_medical,avoided_incident_case_first_year,7665.43969660113,29612.850356671155,4730.172689851648,100820.84684525008,CHINA_FIRST_ISCHAEMIC_STROKE_ONE_YEAR,Event-specific first-year cost; no annual patient-year cost added for the same outcome,226995518.653536,111666753.62355866,36258853.50856737,17836953.28185646,772836121.6525228,380184160.9026608
S1,2050,bladder_cancer,direct_medical,avoided_incident_case_first_year,113.61863358294066,17917.502226658013,6349.271058827539,40450.2353820222,INTERNATIONAL_PROXY_BLADDER,Event-specific first-year cost; no annual patient-year cost added for the same outcome,2035762.12021218,972291.3263052604,721395.5019516958,344542.50937244,4595900.472213682,2195027.6613015435
S1,2050,breast_cancer,direct_medical,avoided_incident_case_first_year,232.8618350571282,53995.542586727424,26175.98574835096,99226.21468667472,CHINA_BREAST_NEW_DIAGNOSIS_COURSE,Event-specific first-year cost; no annual patient-year cost added for the same outcome,12573501.131650662,6005174.16559413,6095388.0757902395,2911191.2918085265,23105998.43771164,11035553.537202276
S1,2050,colon_cancer,direct_medical,avoided_incident_case_first_year,796.1876029274126,72296.25822013385,35047.815693114135,132856.9673630357,CHINA_CRC_NEW_DIAGNOSIS_COURSE,Event-specific first-year cost; no annual patient-year cost added for the same outcome,57561384.532909624,27491637.827329565,27904636.364542298,13327409.73592682,105779070.3769809,50520673.12336707
S1,2050,coronary_heart_disease,direct_medical,avoided_incident_case_first_year,4456.224445728773,21846.326995845397,8586.27962692537,46223.917226713966,CHINA_INCIDENT_MI_IMMEDIATE_PROXY,Event-specific first-year cost; no annual patient-year cost added for the same outcome,97352136.40827069,46495922.52811082,38262389.171367764,18274330.161502246,205984149.92302614,98379177.18286584
S1,2050,endometrial_cancer,direct_medical,avoided_incident_case_first_year,34.55773726843158,22329.17043600619,7912.595953582618,50409.93932055516,INTERNATIONAL_PROXY_ENDOMETRIAL,Event-specific first-year cost; no annual patient-year cost added for the same outcome,771645.6053495317,368542.2386112207,273441.4120751629,130597.1412738701,1742053.4387573237,832014.4243019224
S1,2050,gastric_cancer,direct_medical,avoided_incident_case_first_year,1095.8256451395737,64762.28390756019,31395.4919125426,119011.97726255516,CHINA_GASTRIC_NEW_DIAGNOSIS_COURSE,Event-specific first-year cost; no annual patient-year cost added for the same outcome,70968171.54371437,33894793.969594784,34403985.17953626,16431534.926542101,130416376.76307578,62287587.864971824
S1,2050,oesophageal_cancer,direct_medical,avoided_incident_case_first_year,544.9097476211814,68356.63525540795,29827.5487154762,135047.26753332303,CHINA_OESOPHAGEAL_NEW_DIAGNOSIS_DERIVED,Event-specific first-year cost; no annual patient-year cost added for the same outcome,37248196.865257494,17789946.267801654,16253322.04270863,7762677.126600928,73588572.46851322,35146312.04497711
S1,2050,renal_cancer,direct_medical,avoided_incident_case_first_year,142.032499900824,13135.225379367826,4654.616770652017,29653.851952691733,INTERNATIONAL_PROXY_RENAL,Event-specific first-year cost; no annual patient-year cost added for the same outcome,1865628.897392362,891034.7515700805,661106.8560160064,315748.3163103105,4211810.724529739,2011584.258711387
S1,2050,stroke,direct_medical,avoided_incident_case_first_year,7707.190917376286,29612.850356671155,4730.172689851648,100820.84684525008,CHINA_FIRST_ISCHAEMIC_STROKE_ONE_YEAR,Event-specific first-year cost; no annual patient-year cost added for the same outcome,228231891.30655903,109004822.37113424,36456343.992845975,17411752.92590207,777045515.0878971,371121265.57577425
S2,2025,bladder_cancer,direct_medical,avoided_incident_case_first_year,0.0,17917.502226658013,6349.271058827539,40450.2353820222,INTERNATIONAL_PROXY_BLADDER,Event-specific first-year cost; no annual patient-year cost added for the same outcome,0.0,0.0,0.0,0.0,0.0,0.0
S2,2025,breast_cancer,direct_medical,avoided_incident_case_first_year,0.0,53995.542586727424,26175.98574835096,99226.21468667472,CHINA_BREAST_NEW_DIAGNOSIS_COURSE,Event-specific first-year cost; no annual patient-year cost added for the same outcome,0.0,0.0,0.0,0.0,0.0,0.0
S2,2025,colon_cancer,direct_medical,avoided_incident_case_first_year,0.0,72296.25822013385,35047.815693114135,132856.9673630357,CHINA_CRC_NEW_DIAGNOSIS_COURSE,Event-specific first-year cost; no annual patient-year cost added for the same outcome,0.0,0.0,0.0,0.0,0.0,0.0
S2,2025,coronary_heart_disease,direct_medical,avoided_incident_case_first_year,0.0,21846.326995845397,8586.27962692537,46223.917226713966,CHINA_INCIDENT_MI_IMMEDIATE_PROXY,Event-specific first-year cost; no annual patient-year cost added for the same outcome,0.0,0.0,0.0,0.0,0.0,0.0
S2,2025,endometrial_cancer,direct_medical,avoided_incident_case_first_year,0.0,22329.17043600619,7912.595953582618,50409.93932055516,INTERNATIONAL_PROXY_ENDOMETRIAL,Event-specific first-year cost; no annual patient-year cost added for the same outcome,0.0,0.0,0.0,0.0,0.0,0.0
S2,2025,gastric_cancer,direct_medical,avoided_incident_case_first_year,0.0,64762.28390756019,31395.4919125426,119011.97726255516,CHINA_GASTRIC_NEW_DIAGNOSIS_COURSE,Event-specific first-year cost; no annual patient-year cost added for the same outcome,0.0,0.0,0.0,0.0,0.0,0.0
S2,2025,oesophageal_cancer,direct_medical,avoided_incident_case_first_year,0.0,68356.63525540795,29827.5487154762,135047.26753332303,CHINA_OESOPHAGEAL_NEW_DIAGNOSIS_DERIVED,Event-specific first-year cost; no annual patient-year cost added for the same outcome,0.0,0.0,0.0,0.0,0.0,0.0
S2,2025,renal_cancer,direct_medical,avoided_incident_case_first_year,0.0,13135.225379367826,4654.616770652017,29653.851952691733,INTERNATIONAL_PROXY_RENAL,Event-specific first-year cost; no annual patient-year cost added for the same outcome,0.0,0.0,0.0,0.0,0.0,0.0
S2,2025,stroke,direct_medical,avoided_incident_case_first_year,0.0,29612.850356671155,4730.172689851648,100820.84684525008,CHINA_FIRST_ISCHAEMIC_STROKE_ONE_YEAR,Event-specific first-year cost; no annual patient-year cost added for the same outcome,0.0,0.0,0.0,0.0,0.0,0.0
S2,2026,bladder_cancer,direct_medical,avoided_incident_case_first_year,0.0,17917.502226658013,6349.271058827539,40450.2353820222,INTERNATIONAL_PROXY_BLADDER,Event-specific first-year cost; no annual patient-year cost added for the same outcome,0.0,0.0,0.0,0.0,0.0,0.0
S2,2026,breast_cancer,direct_medical,avoided_incident_case_first_year,0.0,53995.542586727424,26175.98574835096,99226.21468667472,CHINA_BREAST_NEW_DIAGNOSIS_COURSE,Event-specific first-year cost; no annual patient-year cost added for the same outcome,0.0,0.0,0.0,0.0,0.0,0.0
S2,2026,colon_cancer,direct_medical,avoided_incident_case_first_year,0.0,72296.25822013385,35047.815693114135,132856.9673630357,CHINA_CRC_NEW_DIAGNOSIS_COURSE,Event-specific first-year cost; no annual patient-year cost added for the same outcome,0.0,0.0,0.0,0.0,0.0,0.0
S2,2026,coronary_heart_disease,direct_medical,avoided_incident_case_first_year,521.8729969870374,21846.326995845397,8586.27962692537,46223.917226713966,CHINA_INCIDENT_MI_IMMEDIATE_PROXY,Event-specific first-year cost; no annual patient-year cost added for the same outcome,11401008.142480658,11068939.944155978,4480947.481872284,4350434.448419693,24123014.215585962,23420402.15105433
S2,2026,endometrial_cancer,direct_medical,avoided_incident_case_first_year,0.0,22329.17043600619,7912.595953582618,50409.93932055516,INTERNATIONAL_PROXY_ENDOMETRIAL,Event-specific first-year cost; no annual patient-year cost added for the same outcome,0.0,0.0,0.0,0.0,0.0,0.0
S2,2026,gastric_cancer,direct_medical,avoided_incident_case_first_year,0.0,64762.28390756019,31395.4919125426,119011.97726255516,CHINA_GASTRIC_NEW_DIAGNOSIS_COURSE,Event-specific first-year cost; no annual patient-year cost added for the same outcome,0.0,0.0,0.0,0.0,0.0,0.0
S2,2026,oesophageal_cancer,direct_medical,avoided_incident_case_first_year,0.0,68356.63525540795,29827.5487154762,135047.26753332303,CHINA_OESOPHAGEAL_NEW_DIAGNOSIS_DERIVED,Event-specific first-year cost; no annual patient-year cost added for the same outcome,0.0,0.0,0.0,0.0,0.0,0.0
S2,2026,renal_cancer,direct_medical,avoided_incident_case_first_year,0.0,13135.225379367826,4654.616770652017,29653.851952691733,INTERNATIONAL_PROXY_RENAL,Event-specific first-year cost; no annual patient-year cost added for the same outcome,0.0,0.0,0.0,0.0,0.0,0.0
S2,2026,stroke,direct_medical,avoided_incident_case_first_year,1021.2394557245827,29612.850356671155,4730.172689851648,100820.84684525008,CHINA_FIRST_ISCHAEMIC_STROKE_ONE_YEAR,Event-specific first-year cost; no annual patient-year cost added for the same outcome,30241811.180700365,29360981.728835307,4830638.983267383,4689940.76045377,102962226.7579347,99963326.94945116
S2,2027,bladder_cancer,direct_medical,avoided_incident_case_first_year,0.0,17917.502226658013,6349.271058827539,40450.2353820222,INTERNATIONAL_PROXY_BLADDER,Event-specific first-year cost; no annual patient-year cost added for the same outcome,0.0,0.0,0.0,0.0,0.0,0.0
S2,2027,breast_cancer,direct_medical,avoided_incident_case_first_year,0.0,53995.542586727424,26175.98574835096,99226.21468667472,CHINA_BREAST_NEW_DIAGNOSIS_COURSE,Event-specific first-year cost; no annual patient-year cost added for the same outcome,0.0,0.0,0.0,0.0,0.0,0.0
S2,2027,colon_cancer,direct_medical,avoided_incident_case_first_year,0.0,72296.25822013385,35047.815693114135,132856.9673630357,CHINA_CRC_NEW_DIAGNOSIS_COURSE,Event-specific first-year cost; no annual patient-year cost added for the same outcome,0.0,0.0,0.0,0.0,0.0,0.0
S2,2027,coronary_heart_disease,direct_medical,avoided_incident_case_first_year,1817.1002360286332,21846.326995845397,8586.27962692537,46223.917226713966,CHINA_INCIDENT_MI_IMMEDIATE_PROXY,Event-specific first-year cost; no annual patient-year cost added for the same outcome,39696965.94050937,37418197.700546116,15602130.736693935,14706504.606177714,83993490.90282995,79171920.91887072
S2,2027,endometrial_cancer,direct_medical,avoided_incident_case_first_year,0.0,22329.17043600619,7912.595953582618,50409.93932055516,INTERNATIONAL_PROXY_ENDOMETRIAL,Event-specific first-year cost; no annual patient-year cost added for the same outcome,0.0,0.0,0.0,0.0,0.0,0.0
S2,2027,gastric_cancer,direct_medical,avoided_incident_case_first_year,0.0,64762.28390756019,31395.4919125426,119011.97726255516,CHINA_GASTRIC_NEW_DIAGNOSIS_COURSE,Event-specific first-year cost; no annual patient-year cost added for the same outcome,0.0,0.0,0.0,0.0,0.0,0.0
S2,2027,oesophageal_cancer,direct_medical,avoided_incident_case_first_year,0.0,68356.63525540795,29827.5487154762,135047.26753332303,CHINA_OESOPHAGEAL_NEW_DIAGNOSIS_DERIVED,Event-specific first-year cost; no annual patient-year cost added for the same outcome,0.0,0.0,0.0,0.0,0.0,0.0
S2,2027,renal_cancer,direct_medical,avoided_incident_case_first_year,0.0,13135.225379367826,4654.616770652017,29653.851952691733,INTERNATIONAL_PROXY_RENAL,Event-specific first-year cost; no annual patient-year cost added for the same outcome,0.0,0.0,0.0,0.0,0.0,0.0
S2,2027,stroke,direct_medical,avoided_incident_case_first_year,3524.264526194901,29612.850356671155,4730.172689851648,100820.84684525008,CHINA_FIRST_ISCHAEMIC_STROKE_ONE_YEAR,Event-specific first-year cost; no annual patient-year cost added for the same outcome,104363518.03153418,98372625.15933093,16670379.81362008,15713431.816024207,355319334.03764397,334922550.70001316
S2,2028,bladder_cancer,direct_medical,avoided_incident_case_first_year,17.49126444793871,17917.502226658013,6349.271058827539,40450.2353820222,INTERNATIONAL_PROXY_BLADDER,Event-specific first-year cost; no annual patient-year cost added for the same outcome,313399.769693006,286805.18527775555,111056.7791415963,101632.6851460578,707525.7640483174,647486.3017462892
S2,2028,breast_cancer,direct_medical,avoided_incident_case_first_year,54.576574629637385,53995.542586727424,26175.98574835096,99226.21468667472,CHINA_BREAST_NEW_DIAGNOSIS_COURSE,Event-specific first-year cost; no annual patient-year cost added for the same outcome,2946891.759652293,2696823.4148623515,1428595.6396992006,1307367.3842590149,5415426.911063724,4955882.769496612
S2,2028,colon_cancer,direct_medical,avoided_incident_case_first_year,132.3124104105695,72296.25822013385,35047.815693114135,132856.9673630357,CHINA_CRC_NEW_DIAGNOSIS_COURSE,Event-specific first-year cost; no annual patient-year cost added for the same outcome,9565692.188770859,8753963.42249332,4637260.973981315,4243750.70258291,17578625.59164162,16086932.593082828
S2,2028,coronary_heart_disease,direct_medical,avoided_incident_case_first_year,3974.5136307663524,21846.326995845397,8586.27962692537,46223.917226713966,CHINA_INCIDENT_MI_IMMEDIATE_PROXY,Event-specific first-year cost; no annual patient-year cost added for the same outcome,86828524.42716646,79460399.92346346,34126285.41478632,31230385.462047078,183717589.08499026,168127619.3275999
S2,2028,endometrial_cancer,direct_medical,avoided_incident_case_first_year,10.29404370545043,22329.17043600619,7912.595953582618,50409.93932055516,INTERNATIONAL_PROXY_ENDOMETRIAL,Event-specific first-year cost; no annual patient-year cost added for the same outcome,229857.45637469937,210352.13404143887,81452.60856974969,74540.67536516412,518922.118554899,474887.2486493873
S2,2028,gastric_cancer,direct_medical,avoided_incident_case_first_year,238.94022751783842,64762.28390756019,31395.4919125426,119011.97726255516,CHINA_GASTRIC_NEW_DIAGNOSIS_COURSE,Event-specific first-year cost; no annual patient-year cost added for the same outcome,15474314.851447277,14161190.1705067,7501645.980617384,6865068.750582153,28436748.924462743,26023653.59734201
S2,2028,oesophageal_cancer,direct_medical,avoided_incident_case_first_year,115.3948127649904,68356.63525540795,29827.5487154762,135047.26753332303,CHINA_OESOPHAGEAL_NEW_DIAGNOSIS_DERIVED,Event-specific first-year cost; no annual patient-year cost added for the same outcome,7888001.126542542,7218638.439923734,3441944.399261006,3149866.7089410312,15583754.151431378,14261342.6330926
S2,2028,renal_cancer,direct_medical,avoided_incident_case_first_year,26.94816440416184,13135.225379367826,4654.616770652017,29653.851952691733,INTERNATIONAL_PROXY_RENAL,Event-specific first-year cost; no annual patient-year cost added for the same outcome,353970.2130089233,323932.8880945774,125433.37797389943,114789.30965730638,799116.8776378124,731305.1454185834
S2,2028,stroke,direct_medical,avoided_incident_case_first_year,7655.772062205315,29612.850356671155,4730.172689851648,100820.84684525008,CHINA_FIRST_ISCHAEMIC_STROKE_ONE_YEAR,Event-specific first-year cost; no annual patient-year cost added for the same outcome,226709232.44286972,207471063.16844895,36213123.928372815,33140138.322172705,771861422.5657464,706362543.0375074
S2,2029,bladder_cancer,direct_medical,avoided_incident_case_first_year,47.26232653534896,17917.502226658013,6349.271058827539,40450.2353820222,INTERNATIONAL_PROXY_BLADDER,Event-specific first-year cost; no annual patient-year cost added for the same outcome,846822.8409341531,752391.1260491626,300081.322043748,266618.36795728677,1911772.233056859,1698584.867635873
S2,2029,breast_cancer,direct_medical,avoided_incident_case_first_year,144.43514072771185,53995.542586727424,26175.98574835096,99226.21468667472,CHINA_BREAST_NEW_DIAGNOSIS_COURSE,Event-specific first-year cost; no annual patient-year cost added for the same outcome,7798853.792183134,6929180.582942868,3780732.1852496504,3359131.578232293,14331752.282148013,12733576.276624624
S2,2029,colon_cancer,direct_medical,avoided_incident_case_first_year,356.72373647400326,72296.25822013385,35047.815693114135,132856.9673630357,CHINA_CRC_NEW_DIAGNOSIS_COURSE,Event-specific first-year cost; no annual patient-year cost added for the same outcome,25789791.36537552,22913895.596584015,12502387.769299883,11108209.601042466,47393233.814346805,42108274.402886994
S2,2029,coronary_heart_disease,direct_medical,avoided_incident_case_first_year,7011.031959759563,21846.326995845397,8586.27962692537,46223.917226713966,CHINA_INCIDENT_MI_IMMEDIATE_PROXY,Event-specific first-year cost; no annual patient-year cost added for the same outcome,153165296.7712302,136085382.37140068,60198680.87980618,53485748.263317615,324077360.98177224,287938537.75500184
S2,2029,endometrial_cancer,direct_medical,avoided_incident_case_first_year,26.429978581137636,22329.17043600619,7912.595953582618,50409.93932055516,INTERNATIONAL_PROXY_ENDOMETRIAL,Event-specific first-year cost; no annual patient-year cost added for the same outcome,590159.4963582153,524349.0687187205,209129.7415743849,185809.06672279615,1332333.6165187208,1183761.1617795515
S2,2029,gastric_cancer,direct_medical,avoided_incident_case_first_year,622.9249383381324,64762.28390756019,31395.4919125426,119011.97726255516,CHINA_GASTRIC_NEW_DIAGNOSIS_COURSE,Event-specific first-year cost; no annual patient-year cost added for the same outcome,40342041.70975355,35843381.54559052,19557034.86371593,17376172.17204717,74135528.59777638,65868456.94950746
S2,2029,oesophageal_cancer,direct_medical,avoided_incident_case_first_year,300.8073401444039,68356.63525540795,29827.5487154762,135047.26753332303,CHINA_OESOPHAGEAL_NEW_DIAGNOSIS_DERIVED,Event-specific first-year cost; no annual patient-year cost added for the same outcome,20562177.63240045,18269228.503329482,8972345.592130028,7971812.848030951,40623209.340468615,36093195.343774
S2,2029,renal_cancer,direct_medical,avoided_incident_case_first_year,72.07649706991141,13135.225379367826,4654.616770652017,29653.851952691733,INTERNATIONAL_PROXY_RENAL,Event-specific first-year cost; no annual patient-year cost added for the same outcome,946741.0335686312,841167.1460560411,335488.47203146067,298077.1621249776,2137345.7733797724,1899004.0365652689
S2,2029,stroke,direct_medical,avoided_incident_case_first_year,13469.74170347329,29612.850356671155,4730.172689851648,100820.84684525008,CHINA_FIRST_ISCHAEMIC_STROKE_ONE_YEAR,Event-specific first-year cost; no annual patient-year cost added for the same outcome,398877445.4079673,354397443.9506762,63714204.34512517,56609245.328897215,1358030765.3309586,1206592745.667587
S2,2030,bladder_cancer,direct_medical,avoided_incident_case_first_year,82.28976769182799,17917.502226658013,6349.271058827539,40450.2353820222,INTERNATIONAL_PROXY_BLADDER,Event-specific first-year cost; no annual patient-year cost added for the same outcome,1474427.0958494986,1271853.7648138092,522480.0404433649,450695.8725518398,3328640.472666368,2871314.5117786643
S2,2030,breast_cancer,direct_medical,avoided_incident_case_first_year,247.6409336149675,53995.542586727424,26175.98574835096,99226.21468667472,CHINA_BREAST_NEW_DIAGNOSIS_COURSE,Event-specific first-year cost; no annual patient-year cost added for the same outcome,13371506.577223917,11534379.033963976,6482245.549013715,5591641.953114378,24572472.44408733,21196430.584307536
S2,2030,colon_cancer,direct_medical,avoided_incident_case_first_year,620.3684089861533,72296.25822013385,35047.815693114135,132856.9673630357,CHINA_CRC_NEW_DIAGNOSIS_COURSE,Event-specific first-year cost; no annual patient-year cost added for the same outcome,44850314.68767655,38688275.43198388,21742557.659977153,18755321.232475486,82420265.46573177,71096445.00201496
S2,2030,coronary_heart_disease,direct_medical,avoided_incident_case_first_year,7952.471880098094,21846.326995845397,8586.27962692537,46223.917226713966,CHINA_INCIDENT_MI_IMMEDIATE_PROXY,Event-specific first-year cost; no annual patient-year cost added for the same outcome,173732301.1178884,149863009.07556522,68282147.28778316,58900780.06705507,367594401.93342465,317090160.1982152
S2,2030,endometrial_cancer,direct_medical,avoided_incident_case_first_year,43.954437283981164,22329.17043600619,7912.595953582618,50409.93932055516,INTERNATIONAL_PROXY_ENDOMETRIAL,Event-specific first-year cost; no annual patient-year cost added for the same outcome,981466.1215327603,846621.2980096145,347793.7025952303,300009.9030121391,2215740.5163546377,1911317.2333234136
S2,2030,gastric_cancer,direct_medical,avoided_incident_case_first_year,1047.469695359081,64762.28390756019,31395.4919125426,119011.97726255516,CHINA_GASTRIC_NEW_DIAGNOSIS_COURSE,Event-specific first-year cost; no annual patient-year cost added for the same outcome,67836529.79541038,58516386.50365906,32885826.34927949,28367602.690620687,124661439.56729053,107534052.8447204
S2,2030,oesophageal_cancer,direct_medical,avoided_incident_case_first_year,505.5103721827733,68356.63525540795,29827.5487154762,135047.26753332303,CHINA_OESOPHAGEAL_NEW_DIAGNOSIS_DERIVED,Event-specific first-year cost; no annual patient-year cost added for the same outcome,34554988.12912336,29807436.304472316,15078135.252460176,13006531.920904681,68267794.47303669,58888399.202974126
S2,2030,renal_cancer,direct_medical,avoided_incident_case_first_year,124.5896718628267,13135.225379367826,4654.616770652017,29653.851952691733,INTERNATIONAL_PROXY_RENAL,Event-specific first-year cost; no annual patient-year cost added for the same outcome,1636513.4198597108,1411670.851733556,579917.176102745,500241.650321486,3694563.684254706,3186963.08850483
S2,2030,stroke,direct_medical,avoided_incident_case_first_year,15268.897775456557,29612.850356671155,4730.172689851648,100820.84684525008,CHINA_FIRST_ISCHAEMIC_STROKE_ONE_YEAR,Event-specific first-year cost; no annual patient-year cost added for the same outcome,452155584.9359041,390033379.4740708,72224523.26160118,62301508.21341556,1539423204.1150851,1327919978.7544882
S2,2031,bladder_cancer,direct_medical,avoided_incident_case_first_year,114.28802274631803,17917.502226658013,6349.271058827539,40450.2353820222,INTERNATIONAL_PROXY_BLADDER,Event-specific first-year cost; no annual patient-year cost added for the same outcome,2047755.902037495,1714963.3294874374,725645.6351938206,607716.7954060349,4622977.421434471,3871670.809455365
S2,2031,breast_cancer,direct_medical,avoided_incident_case_first_year,339.1906579410397,53995.542586727424,26175.98574835096,99226.21468667472,CHINA_BREAST_NEW_DIAGNOSIS_COURSE,Event-specific first-year cost; no annual patient-year cost added for the same outcome,18314783.615875505,15338342.942863466,8878649.82823844,7435729.451756725,33656605.044572055,28186876.858248755
S2,2031,colon_cancer,direct_medical,avoided_incident_case_first_year,860.740544541238,72296.25822013385,35047.815693114135,132856.9673630357,CHINA_CRC_NEW_DIAGNOSIS_COURSE,Event-specific first-year cost; no annual patient-year cost added for the same outcome,62228320.66869197,52115238.879891574,30167075.964672007,25264451.19059267,114355378.43415685,95770829.10570784
S2,2031,coronary_heart_disease,direct_medical,avoided_incident_case_first_year,8091.726932965674,21846.326995845397,8586.27962692537,46223.917226713966,CHINA_INCIDENT_MI_IMMEDIATE_PROXY,Event-specific first-year cost; no annual patient-year cost added for the same outcome,176774512.53865728,148045871.23405272,69477830.11116648,58186588.90664347,374031315.97057736,313245338.632028
S2,2031,endometrial_cancer,direct_medical,avoided_incident_case_first_year,58.402769704465925,22329.17043600619,7912.595953582618,50409.93932055516,INTERNATIONAL_PROXY_ENDOMETRIAL,Event-specific first-year cost; no annual patient-year cost added for the same outcome,1304085.3986658384,1092150.9907536665,462117.51924157457,387016.14710252435,2944080.0769544845,2465620.714865382
S2,2031,gastric_cancer,direct_medical,avoided_incident_case_first_year,1405.137866058752,64762.28390756019,31395.4919125426,119011.97726255516,CHINA_GASTRIC_NEW_DIAGNOSIS_COURSE,Event-specific first-year cost; no annual patient-year cost added for the same outcome,90999937.41096018,76211014.94087705,44114994.50985491,36945613.38568933,167228235.76613948,140051014.7271242
S2,2031,oesophageal_cancer,direct_medical,avoided_incident_case_first_year,677.639178015635,68356.63525540795,29827.5487154762,135047.26753332303,CHINA_OESOPHAGEAL_NEW_DIAGNOSIS_DERIVED,Event-specific first-year cost; no annual patient-year cost added for the same outcome,46321134.12638922,38793220.58258293,20212315.593776602,16927496.10090943,91513319.36453857,76640964.24466445
S2,2031,renal_cancer,direct_medical,avoided_incident_case_first_year,171.9934163087129,13135.225379367826,4654.616770652017,29653.851952691733,INTERNATIONAL_PROXY_RENAL,Event-specific first-year cost; no annual patient-year cost added for the same outcome,2259172.286982382,1892021.2234837515,800563.4399922693,670459.2774700349,5100267.304056249,4271393.572025493
S2,2031,stroke,direct_medical,avoided_incident_case_first_year,15533.79005822596,29612.850356671155,4730.172689851648,100820.84684525008,CHINA_FIRST_ISCHAEMIC_STROKE_ONE_YEAR,Event-specific first-year cost; no annual patient-year cost added for the same outcome,459999800.4661915,385242590.96805763,73477509.50330949,61536257.42934529,1566129868.386668,1311609108.6958778
S2,2032,bladder_cancer,direct_medical,avoided_incident_case_first_year,149.73465876324101,17917.502226658013,6349.271058827539,40450.2353820222,INTERNATIONAL_PROXY_BLADDER,Event-specific first-year cost; no annual patient-year cost added for the same outcome,2682871.0817982485,2181419.702638716,950705.9353888634,773010.9258484277,6056802.191819872,4924734.448054556
S2,2032,breast_cancer,direct_medical,avoided_incident_case_first_year,435.18753186734466,53995.542586727424,26175.98574835096,99226.21468667472,CHINA_BREAST_NEW_DIAGNOSIS_COURSE,Event-specific first-year cost; no annual patient-year cost added for the same outcome,23498186.910156008,19106176.30860736,11391462.632019643,9262301.567880187,43182011.466033235,35110926.96576299
S2,2032,colon_cancer,direct_medical,avoided_incident_case_first_year,1123.834086001717,72296.25822013385,35047.815693114135,132856.9673630357,CHINA_CRC_NEW_DIAGNOSIS_COURSE,Event-specific first-year cost; no annual patient-year cost added for the same outcome,81248999.27816825,66062871.618220866,39387929.91582756,32025991.46394632,149309188.4853972,121402033.72304125
S2,2032,coronary_heart_disease,direct_medical,avoided_incident_case_first_year,8332.922558654975,21846.326995845397,8586.27962692537,46223.917226713966,CHINA_INCIDENT_MI_IMMEDIATE_PROXY,Event-specific first-year cost; no annual patient-year cost added for the same outcome,182043751.04743326,148018228.66977072,71548803.19812603,58175724.52717247,385180322.6078851,313186850.64896584
S2,2032,endometrial_cancer,direct_medical,avoided_incident_case_first_year,72.75024377779422,22329.17043600619,7912.595953582618,50409.93932055516,INTERNATIONAL_PROXY_ENDOMETRIAL,Event-specific first-year cost; no annual patient-year cost added for the same outcome,1624452.592575366,1320828.6136027332,575643.2845383236,468050.6682199177,3667335.3743942026,2981879.262169126
S2,2032,gastric_cancer,direct_medical,avoided_incident_case_first_year,1774.3490892871253,64762.28390756019,31395.4919125426,119011.97726255516,CHINA_GASTRIC_NEW_DIAGNOSIS_COURSE,Event-specific first-year cost; no annual patient-year cost added for the same outcome,114910899.47153367,93433076.92113349,55706562.48274127,45294533.08083506,211168793.4700748,171699553.43113562
S2,2032,oesophageal_cancer,direct_medical,avoided_incident_case_first_year,855.9776873971978,68356.63525540795,29827.5487154762,135047.26753332303,CHINA_OESOPHAGEAL_NEW_DIAGNOSIS_DERIVED,Event-specific first-year cost; no annual patient-year cost added for the same outcome,58511754.564177856,47575410.949938744,25531716.170200575,20759621.688017927,115597447.75248452,93991303.50050199
S2,2032,renal_cancer,direct_medical,avoided_incident_case_first_year,223.0015862568569,13135.225379367826,4654.616770652017,29653.851952691733,INTERNATIONAL_PROXY_RENAL,Event-specific first-year cost; no annual patient-year cost added for the same outcome,2929176.0954403505,2381688.218432418,1037986.9232731686,843978.3561988183,6612856.02407625,5376857.098912159
S2,2032,stroke,direct_medical,avoided_incident_case_first_year,15913.215900976988,29612.850356671155,4730.172689851648,100820.84684525008,CHINA_FIRST_ISCHAEMIC_STROKE_ONE_YEAR,Event-specific first-year cost; no annual patient-year cost added for the same outcome,471235681.1690315,383157732.2006425,75272259.26251434,61203235.04598653,1604383903.1677992,1304510932.6016545
S2,2033,bladder_cancer,direct_medical,avoided_incident_case_first_year,190.8241521257101,17917.502226658013,6349.271058827539,40450.2353820222,INTERNATIONAL_PROXY_BLADDER,Event-specific first-year cost; no annual patient-year cost added for the same outcome,3419092.1706125382,2699062.9324520156,1211594.2664170747,956443.7021514573,7718881.870059785,6093356.626803614
S2,2033,breast_cancer,direct_medical,avoided_incident_case_first_year,535.7589699653627,53995.542586727424,26175.98574835096,99226.21468667472,CHINA_BREAST_NEW_DIAGNOSIS_COURSE,Event-specific first-year cost; no annual patient-year cost added for the same outcome,28928596.27898596,22836501.03837127,14024019.162364522,11070690.228966136,53161334.57409479,41966048.42124311
S2,2033,colon_cancer,direct_medical,avoided_incident_case_first_year,1421.203623480375,72296.25822013385,35047.815693114135,132856.9673630357,CHINA_CRC_NEW_DIAGNOSIS_COURSE,Event-specific first-year cost; no annual patient-year cost added for the same outcome,102747704.14652708,81109986.45782472,49810082.65812616,39320539.21226521,188816803.42096028,149053728.21414512
S2,2033,coronary_heart_disease,direct_medical,avoided_incident_case_first_year,8769.520680616177,21846.326995845397,8586.27962692537,46223.917226713966,CHINA_INCIDENT_MI_IMMEDIATE_PROXY,Event-specific first-year cost; no annual patient-year cost added for the same outcome,191581816.3855697,151236454.98140556,75297556.75787538,59440586.6259445,405361598.0587585,319996188.74383783
S2,2033,endometrial_cancer,direct_medical,avoided_incident_case_first_year,86.95145317987694,22329.17043600619,7912.595953582618,50409.93932055516,INTERNATIONAL_PROXY_ENDOMETRIAL,Event-specific first-year cost; no annual patient-year cost added for the same outcome,1941553.8177118844,1532680.512619237,688011.7165892227,543122.8023917146,4383217.478631689,3460152.353638101
S2,2033,gastric_cancer,direct_medical,avoided_incident_case_first_year,2171.8192759811614,64762.28390756019,31395.4919125426,119011.97726255516,CHINA_GASTRIC_NEW_DIAGNOSIS_COURSE,Event-specific first-year cost; no annual patient-year cost added for the same outcome,140651976.54700378,111031969.11071186,68185334.51457067,53826132.71058679,258472506.29144898,204040583.28273663
S2,2033,oesophageal_cancer,direct_medical,avoided_incident_case_first_year,1050.0091450153643,68356.63525540795,29827.5487154762,135047.26753332303,CHINA_OESOPHAGEAL_NEW_DIAGNOSIS_DERIVED,Event-specific first-year cost; no annual patient-year cost added for the same outcome,71775092.140658,56659920.52956901,31319198.924641293,24723664.842426915,141800865.91932568,111938912.99042791
S2,2033,renal_cancer,direct_medical,avoided_incident_case_first_year,278.84836087544033,13135.225379367826,4654.616770652017,29653.851952691733,INTERNATIONAL_PROXY_RENAL,Event-specific first-year cost; no annual patient-year cost added for the same outcome,3662736.0667662024,2891397.6739599435,1297932.2569996505,1024599.7091894522,8268928.010651066,6527568.129485112
S2,2033,stroke,direct_medical,avoided_incident_case_first_year,16527.17552791814,29612.850356671155,4730.172689851648,100820.84684525008,CHINA_FIRST_ISCHAEMIC_STROKE_ONE_YEAR,Event-specific first-year cost; no annual patient-year cost added for the same outcome,489416775.72667754,386350122.1867916,78176394.32254289,61713167.58358288,1666283832.6848001,1315379844.509398
S2,2034,bladder_cancer,direct_medical,avoided_incident_case_first_year,236.68747965709554,17917.502226658013,6349.271058827539,40450.2353820222,INTERNATIONAL_PROXY_BLADDER,Event-specific first-year cost; no annual patient-year cost added for the same outcome,4240848.443778083,3250257.2066449528,1502792.9645736285,1151765.6732975119,9574064.264107104,7337723.048544856
S2,2034,breast_cancer,direct_medical,avoided_incident_case_first_year,640.5228325386239,53995.542586727424,26175.98574835096,99226.21468667472,CHINA_BREAST_NEW_DIAGNOSIS_COURSE,Event-specific first-year cost; no annual patient-year cost added for the same outcome,34585377.88211054,26506812.303276703,16766316.536024407,12849985.53297874,63556656.09319449,48710884.68163377
S2,2034,colon_cancer,direct_medical,avoided_incident_case_first_year,1748.0707762628595,72296.25822013385,35047.815693114135,132856.9673630357,CHINA_CRC_NEW_DIAGNOSIS_COURSE,Event-specific first-year cost; no annual patient-year cost added for the same outcome,126378976.22776951,96858961.99741998,61266062.38497965,46955335.33665688,232243382.07023123,177995213.99469903
S2,2034,coronary_heart_disease,direct_medical,avoided_incident_case_first_year,9242.084456936589,21846.326995845397,8586.27962692537,46223.917226713966,CHINA_INCIDENT_MI_IMMEDIATE_PROXY,Event-specific first-year cost; no annual patient-year cost added for the same outcome,201905599.16945696,154743829.55733725,79355121.48291826,60819092.90166975,427205346.9397366,327417326.0412783
S2,2034,endometrial_cancer,direct_medical,avoided_incident_case_first_year,100.94765973399564,22329.17043600619,7912.595953582618,50409.93932055516,INTERNATIONAL_PROXY_ENDOMETRIAL,Event-specific first-year cost; no annual patient-year cost added for the same outcome,2254077.4993163478,1727562.7114753285,798758.0439348489,612181.5299657339,5088765.401742769,3900114.950866996
S2,2034,gastric_cancer,direct_medical,avoided_incident_case_first_year,2586.3595227810124,64762.28390756019,31395.4919125426,119011.97726255516,CHINA_GASTRIC_NEW_DIAGNOSIS_COURSE,Event-specific first-year cost; no annual patient-year cost added for the same outcome,167498549.7013658,128373691.13441733,81200029.4803988,62233061.26057341,307807760.71800685,235909018.15950373
S2,2034,oesophageal_cancer,direct_medical,avoided_incident_case_first_year,1253.7828548411142,68356.63525540795,29827.5487154762,135047.26753332303,CHINA_OESOPHAGEAL_NEW_DIAGNOSIS_DERIVED,Event-specific first-year cost; no annual patient-year cost added for the same outcome,85704377.29785813,65685268.796169735,37397269.18140216,28661892.84458526,169319948.62642145,129769641.74685267
S2,2034,renal_cancer,direct_medical,avoided_incident_case_first_year,338.943749380369,13135.225379367826,4654.616770652017,29653.851952691733,INTERNATIONAL_PROXY_RENAL,Event-specific first-year cost; no annual patient-year cost added for the same outcome,4452102.539039111,3412165.880029119,1577653.2601735399,1209139.856433474,10050987.764415713,7703245.199229265
S2,2034,stroke,direct_medical,avoided_incident_case_first_year,17179.617442809358,29612.850356671155,4730.172689851648,100820.84684525008,CHINA_FIRST_ISCHAEMIC_STROKE_ONE_YEAR,Event-specific first-year cost; no annual patient-year cost added for the same outcome,508737440.5187711,389904886.7832567,81262557.25007583,62280983.58949001,1732063579.061469,1327482508.475698
S2,2035,bladder_cancer,direct_medical,avoided_incident_case_first_year,249.46679883841736,17917.502226658013,6349.271058827539,40450.2353820222,INTERNATIONAL_PROXY_BLADDER,Event-specific first-year cost; no annual patient-year cost added for the same outcome,4469821.923664589,3325967.2940707942,1583932.3260031147,1178594.4053871331,10090990.733013565,7508644.799714635
S2,2035,breast_cancer,direct_medical,avoided_incident_case_first_year,653.9491789553335,53995.542586727424,26175.98574835096,99226.21468667472,CHINA_BREAST_NEW_DIAGNOSIS_COURSE,Event-specific first-year cost; no annual patient-year cost added for the same outcome,35310340.74183814,26274209.67893167,17117764.388480622,12737224.31810429,64888901.62519659,48283436.84364099
S2,2035,colon_cancer,direct_medical,avoided_incident_case_first_year,1829.6451100615504,72296.25822013385,35047.815693114135,132856.9673630357,CHINA_CRC_NEW_DIAGNOSIS_COURSE,Event-specific first-year cost; no annual patient-year cost added for the same outcome,132276495.32821508,98426135.2575899,64125064.60124475,47715070.362145595,243081100.6733853,180875167.83746418
S2,2035,coronary_heart_disease,direct_medical,avoided_incident_case_first_year,9665.058686312866,21846.326995845397,8586.27962692537,46223.917226713966,CHINA_INCIDENT_MI_IMMEDIATE_PROXY,Event-specific first-year cost; no annual patient-year cost added for the same outcome,211146032.49522683,157112477.93428442,82986896.49132624,61750044.69536023,446756872.70745873,332429070.4199108
S2,2035,endometrial_cancer,direct_medical,avoided_incident_case_first_year,100.6913099355212,22329.17043600619,7912.595953582618,50409.93932055516,INTERNATIONAL_PROXY_ENDOMETRIAL,Event-specific first-year cost; no annual patient-year cost added for the same outcome,2248353.4209749764,1672986.0990847144,796729.6515567383,592841.6855411569,5075842.823956837,3776903.7582784905
S2,2035,gastric_cancer,direct_medical,avoided_incident_case_first_year,2635.473840033125,64762.28390756019,31395.4919125426,119011.97726255516,CHINA_GASTRIC_NEW_DIAGNOSIS_COURSE,Event-specific first-year cost; no annual patient-year cost added for the same outcome,170679305.05917308,127001432.29333249,82741997.63047756,61567816.94323759,313652952.7260812,233387253.51286715
S2,2035,oesophageal_cancer,direct_medical,avoided_incident_case_first_year,1280.8760555189406,68356.63525540795,29827.5487154762,135047.26753332303,CHINA_OESOPHAGEAL_NEW_DIAGNOSIS_DERIVED,Event-specific first-year cost; no annual patient-year cost added for the same outcome,87556377.33449389,65150167.584998436,38205392.9444782,28428400.406224497,172978811.3466939,128712480.92914349
S2,2035,renal_cancer,direct_medical,avoided_incident_case_first_year,351.1286818920672,13135.225379367826,4654.616770652017,29653.851952691733,INTERNATIONAL_PROXY_RENAL,Event-specific first-year cost; no annual patient-year cost added for the same outcome,4612154.373812653,3431876.00411831,1634369.4513917533,1216124.3634737022,10412317.949171152,7747742.425948201
S2,2035,stroke,direct_medical,avoided_incident_case_first_year,17767.010559877475,29612.850356671155,4730.172689851648,100820.84684525008,CHINA_FIRST_ISCHAEMIC_STROKE_ONE_YEAR,Event-specific first-year cost; no annual patient-year cost added for the same outcome,526131824.99504787,391491489.4123237,84041028.13063827,62534417.63367242,1791285050.555348,1332884305.9637067
S2,2036,bladder_cancer,direct_medical,avoided_incident_case_first_year,261.2405794514917,17917.502226658013,6349.271058827539,40450.2353820222,INTERNATIONAL_PROXY_BLADDER,Event-specific first-year cost; no annual patient-year cost added for the same outcome,4680778.6640155325,3381494.097934349,1658687.2505026925,1198270.960986246,10567242.930148711,7634001.127727275
S2,2036,breast_cancer,direct_medical,avoided_incident_case_first_year,664.9034475515875,53995.542586727424,26175.98574835096,99226.21468667472,CHINA_BREAST_NEW_DIAGNOSIS_COURSE,Event-specific first-year cost; no annual patient-year cost added for the same outcome,35901822.41833363,25936240.383674633,17404503.167139776,12573383.396572314,65975852.23266399,47662359.3946124
S2,2036,colon_cancer,direct_medical,avoided_incident_case_first_year,1903.9744235770204,72296.25822013385,35047.815693114135,132856.9673630357,CHINA_CRC_NEW_DIAGNOSIS_COURSE,Event-specific first-year cost; no annual patient-year cost added for the same outcome,137650226.57145476,99441452.40385918,66730144.68193063,48207276.30874042,252956267.85322693,182740989.9461866
S2,2036,coronary_heart_disease,direct_medical,avoided_incident_case_first_year,10066.170418149592,21846.326995845397,8586.27962692537,46223.917226713966,CHINA_INCIDENT_MI_IMMEDIATE_PROXY,Event-specific first-year cost; no annual patient-year cost added for the same outcome,219908850.55080175,158866832.55027658,86430953.98251668,62439560.11369856,465297828.1985434,336141051.0458232
S2,2036,endometrial_cancer,direct_medical,avoided_incident_case_first_year,100.63704920612885,22329.17043600619,7912.595953582618,50409.93932055516,INTERNATIONAL_PROXY_ENDOMETRIAL,Event-specific first-year cost; no annual patient-year cost added for the same outcome,2247141.8239003923,1623383.065120592,796300.3083289099,575264.285298959,5073107.54388068,3664920.8281730907
S2,2036,gastric_cancer,direct_medical,avoided_incident_case_first_year,2685.0348597481843,64762.28390756019,31395.4919125426,119011.97726255516,CHINA_GASTRIC_NEW_DIAGNOSIS_COURSE,Event-specific first-year cost; no annual patient-year cost added for the same outcome,173888989.88870797,125621106.06186964,84297990.22411907,60898661.712418064,319551307.6775189,230850663.631197
S2,2036,oesophageal_cancer,direct_medical,avoided_incident_case_first_year,1308.4408245402135,68356.63525540795,29827.5487154762,135047.26753332303,CHINA_OESOPHAGEAL_NEW_DIAGNOSIS_DERIVED,Event-specific first-year cost; no annual patient-year cost added for the same outcome,89440612.1963806,64613801.24268408,39027582.43529107,28194355.925466396,176701358.083204,127652820.68320322
S2,2036,renal_cancer,direct_medical,avoided_incident_case_first_year,361.99617593242283,13135.225379367826,4654.616770652017,29653.851952691733,INTERNATIONAL_PROXY_RENAL,Event-specific first-year cost; no annual patient-year cost added for the same outcome,4754901.357341661,3435041.9086719495,1684953.4714069534,1217246.237823327,10734581.008540617,7754889.7159427395
S2,2036,stroke,direct_medical,avoided_incident_case_first_year,18323.640070431953,29612.850356671155,4730.172689851648,100820.84684525008,CHINA_FIRST_ISCHAEMIC_STROKE_ONE_YEAR,Event-specific first-year cost; no annual patient-year cost added for the same outcome,542615211.3952048,391996773.718031,86673981.83982855,62615128.608626865,1847404909.1885073,1334604612.8907816
S2,2037,bladder_cancer,direct_medical,avoided_incident_case_first_year,271.4828921209199,17917.502226658013,6349.271058827539,40450.2353820222,INTERNATIONAL_PROXY_BLADDER,Event-specific first-year cost; no annual patient-year cost added for the same outcome,4864295.32407614,3411718.8716237615,1723718.4699101557,1208981.4539119995,10981546.888483351,7702236.040977967
S2,2037,breast_cancer,direct_medical,avoided_incident_case_first_year,673.3021365923338,53995.542586727424,26175.98574835096,99226.21468667472,CHINA_BREAST_NEW_DIAGNOSIS_COURSE,Event-specific first-year cost; no annual patient-year cost added for the same outcome,36355314.19010592,25498885.91103438,17624347.13177518,12361362.479763843,66809222.3545077,46858644.370790295
S2,2037,colon_cancer,direct_medical,avoided_incident_case_first_year,1968.3973881449842,72296.25822013385,35047.815693114135,132856.9673630357,CHINA_CRC_NEW_DIAGNOSIS_COURSE,Event-specific first-year cost; no annual patient-year cost added for the same outcome,142307765.85316682,99811803.76462378,68988028.87051265,48386815.42394952,261515307.5542629,183421575.08103737
S2,2037,coronary_heart_disease,direct_medical,avoided_incident_case_first_year,10422.62483526333,21846.326995845397,8586.27962692537,46223.917226713966,CHINA_INCIDENT_MI_IMMEDIATE_PROXY,Event-specific first-year cost; no annual patient-year cost added for the same outcome,227696070.30618197,159701442.51176065,89491571.28210792,62767587.54412574,481774547.67030543,337906974.5250225
S2,2037,endometrial_cancer,direct_medical,avoided_incident_case_first_year,100.80660855101625,22329.17043600619,7912.595953582618,50409.93932055516,INTERNATIONAL_PROXY_ENDOMETRIAL,Event-specific first-year cost; no annual patient-year cost added for the same outcome,2250927.943411401,1578755.5712729034,797641.9629151581,559450.0243863213,5081655.020167686,3564170.5892272308
S2,2037,gastric_cancer,direct_medical,avoided_incident_case_first_year,2732.5446074810407,64762.28390756019,31395.4919125426,119011.97726255516,CHINA_GASTRIC_NEW_DIAGNOSIS_COURSE,Event-specific first-year cost; no annual patient-year cost added for the same outcome,176965829.65975976,124120272.40501235,85789582.1248329,60171086.83252051,325205536.69445133,228092620.36484572
S2,2037,oesophageal_cancer,direct_medical,avoided_incident_case_first_year,1334.9622582130878,68356.63525540795,29827.5487154762,135047.26753332303,CHINA_OESOPHAGEAL_NEW_DIAGNOSIS_DERIVED,Event-specific first-year cost; no annual patient-year cost added for the same outcome,91253528.16440777,64003388.6511384,39818651.790172994,27928001.22203724,180283005.2317919,126446872.61030331
S2,2037,renal_cancer,direct_medical,avoided_incident_case_first_year,371.2889078151054,13135.225379367826,4654.616770652017,29653.851952691733,INTERNATIONAL_PROXY_RENAL,Event-specific first-year cost; no annual patient-year cost added for the same outcome,4876963.485010734,3420604.064822332,1728207.5770732604,1212130.0233562314,11010146.304025745,7722295.095624681
S2,2037,stroke,direct_medical,avoided_incident_case_first_year,18823.630473954894,29612.850356671155,4730.172689851648,100820.84684525008,CHINA_FIRST_ISCHAEMIC_STROKE_ONE_YEAR,Event-specific first-year cost; no annual patient-year cost added for the same outcome,557421352.3945012,390964121.3594602,89039022.79176067,62450179.13818448,1897814365.0861886,1331088812.0126538
S2,2038,bladder_cancer,direct_medical,avoided_incident_case_first_year,281.1078572483119,17917.502226658013,6349.271058827539,40450.2353820222,INTERNATIONAL_PROXY_BLADDER,Event-specific first-year cost; no annual patient-year cost added for the same outcome,5036750.6581776915,3429782.1098976177,1784829.98243573,1215382.36819961,11370878.993430112,7743015.287476508
S2,2038,breast_cancer,direct_medical,avoided_incident_case_first_year,679.4608558984812,53995.542586727424,26175.98574835096,99226.21468667472,CHINA_BREAST_NEW_DIAGNOSIS_COURSE,Event-specific first-year cost; no annual patient-year cost added for the same outcome,36687857.580680706,24982645.78104338,17785557.680560987,12111099.335103955,67420328.75857446,45909963.21093184
S2,2038,colon_cancer,direct_medical,avoided_incident_case_first_year,2027.4011005303028,72296.25822013385,35047.815693114135,132856.9673630357,CHINA_CRC_NEW_DIAGNOSIS_COURSE,Event-specific first-year cost; no annual patient-year cost added for the same outcome,146573513.47972232,99809430.41152498,71055980.10740282,48385664.86866451,269354361.84493715,183417213.63131714
S2,2038,coronary_heart_disease,direct_medical,avoided_incident_case_first_year,10796.284562621211,21846.326995845397,8586.27962692537,46223.917226713966,CHINA_INCIDENT_MI_IMMEDIATE_PROXY,Event-specific first-year cost; no annual patient-year cost added for the same outcome,235859162.89522067,160608613.02316964,92699918.1865234,63124133.50637103,499046563.97865266,339826426.4602545
S2,2038,endometrial_cancer,direct_medical,avoided_incident_case_first_year,101.1373964921977,22329.17043600619,7912.595953582618,50409.93932055516,INTERNATIONAL_PROXY_ENDOMETRIAL,Event-specific first-year cost; no annual patient-year cost added for the same outcome,2258314.1637282167,1537802.0559163012,800259.3542400444,544937.6796118331,5098330.020210614,3471714.6589898616
S2,2038,gastric_cancer,direct_medical,avoided_incident_case_first_year,2786.3734258402046,64762.28390756019,31395.4919125426,119011.97726255516,CHINA_GASTRIC_NEW_DIAGNOSIS_COURSE,Event-specific first-year cost; no annual patient-year cost added for the same outcome,180451906.87674442,122878967.7920432,87479564.35628976,59569326.57043492,331611810.8010824,225811506.92256108
S2,2038,oesophageal_cancer,direct_medical,avoided_incident_case_first_year,1364.99539105313,68356.63525540795,29827.5487154762,135047.26753332303,CHINA_OESOPHAGEAL_NEW_DIAGNOSIS_DERIVED,Event-specific first-year cost; no annual patient-year cost added for the same outcome,93306492.07153176,63537180.80617234,40714466.523037724,27724570.535969906,184338897.75730494,125525819.44070214
S2,2038,renal_cancer,direct_medical,avoided_incident_case_first_year,379.4340107032508,13135.225379367826,4654.616770652017,29653.851952691733,INTERNATIONAL_PROXY_RENAL,Event-specific first-year cost; no annual patient-year cost added for the same outcome,4983951.247184663,3393828.2802310647,1766119.9095751082,1202641.7190137994,11251679.97921025,7661846.5590176275
S2,2038,stroke,direct_medical,avoided_incident_case_first_year,19340.45768138834,29612.850356671155,4730.172689851648,100820.84684525008,CHINA_FIRST_ISCHAEMIC_STROKE_ONE_YEAR,Event-specific first-year cost; no annual patient-year cost added for the same outcome,572726079.1484841,389998591.0451989,91483704.73373465,62295951.325976804,1949921321.8122942,1327801536.9693496
S2,2039,bladder_cancer,direct_medical,avoided_incident_case_first_year,290.288590659984,17917.502226658013,6349.271058827539,40450.2353820222,INTERNATIONAL_PROXY_BLADDER,Event-specific first-year cost; no annual patient-year cost added for the same outcome,5201246.469523679,3438636.6534533333,1843120.9473852704,1218520.0765936843,11742241.820911843,7763005.148032863
S2,2039,breast_cancer,direct_medical,avoided_incident_case_first_year,683.6550938654104,53995.542586727424,26175.98574835096,99226.21468667472,CHINA_BREAST_NEW_DIAGNOSIS_COURSE,Event-specific first-year cost; no annual patient-year cost added for the same outcome,36914327.73544291,24404719.355725404,17895345.99380852,11830931.8777917,67836507.11552797,44847922.73861699
S2,2039,colon_cancer,direct_medical,avoided_incident_case_first_year,2081.9909083453767,72296.25822013385,35047.815693114135,132856.9673630357,CHINA_CRC_NEW_DIAGNOSIS_COURSE,Event-specific first-year cost; no annual patient-year cost added for the same outcome,150520152.32170838,99511552.83441214,72969233.63042805,48241259.63001477,276606998.1601788,182869811.69773218
S2,2039,coronary_heart_disease,direct_medical,avoided_incident_case_first_year,11199.515677386897,21846.326995845397,8586.27962692537,46223.917226713966,CHINA_INCIDENT_MI_IMMEDIATE_PROXY,Event-specific first-year cost; no annual patient-year cost added for the same outcome,244668281.6832911,161754557.53986922,96162173.29217839,63574525.00967478,517685485.6508173,342251092.37761444
S2,2039,endometrial_cancer,direct_medical,avoided_incident_case_first_year,101.6081894637097,22329.17043600619,7912.595953582618,50409.93932055516,INTERNATIONAL_PROXY_ENDOMETRIAL,Event-specific first-year cost; no annual patient-year cost added for the same outcome,2268826.5802291823,1499961.6505040778,803984.5488014054,531528.5008156574,5122062.665337078,3386286.8305731164
S2,2039,gastric_cancer,direct_medical,avoided_incident_case_first_year,2849.1451829486805,64762.28390756019,31395.4919125426,119011.97726255516,CHINA_GASTRIC_NEW_DIAGNOSIS_COURSE,Event-specific first-year cost; no annual patient-year cost added for the same outcome,184517149.23197997,121987572.83615327,89450314.548925,59137195.684370585,339082401.7308069,224173413.42397854
S2,2039,oesophageal_cancer,direct_medical,avoided_incident_case_first_year,1399.8052145493864,68356.63525540795,29827.5487154762,135047.26753332303,CHINA_OESOPHAGEAL_NEW_DIAGNOSIS_DERIVED,Event-specific first-year cost; no annual patient-year cost added for the same outcome,95685974.47957048,63259701.49555001,41752758.22914944,27603491.907330565,189039869.3037916,124977623.60636121
S2,2039,renal_cancer,direct_medical,avoided_incident_case_first_year,386.5948789654842,13135.225379367826,4654.616770652017,29653.851952691733,INTERNATIONAL_PROXY_RENAL,Event-specific first-year cost; no annual patient-year cost added for the same outcome,5078010.865721061,3357163.4014686137,1799451.0070809296,1189649.1014794484,11464027.306511248,7579072.578725448
S2,2039,stroke,direct_medical,avoided_incident_case_first_year,19892.004777376176,29612.850356671155,4730.172689851648,100820.84684525008,CHINA_FIRST_ISCHAEMIC_STROKE_ONE_YEAR,Event-specific first-year cost; no annual patient-year cost added for the same outcome,589058960.7666284,389437367.63982934,94092617.7443433,62206304.98687029,2005528767.1048265,1325890778.014463
S2,2040,bladder_cancer,direct_medical,avoided_incident_case_first_year,298.22403979086573,17917.502226658013,6349.271058827539,40450.2353820222,INTERNATIONAL_PROXY_BLADDER,Event-specific first-year cost; no annual patient-year cost added for the same outcome,5343429.896995785,3429744.3194635557,1893505.264890776,1215368.9767287308,12063232.606118074,7742929.972462526
S2,2040,breast_cancer,direct_medical,avoided_incident_case_first_year,686.3197510587092,53995.542586727424,26175.98574835096,99226.21468667472,CHINA_BREAST_NEW_DIAGNOSIS_COURSE,Event-specific first-year cost; no annual patient-year cost added for the same outcome,37058207.3464027,23786253.134393375,17965096.02252455,11531111.51818663,68100910.96225664,43711383.329724506
S2,2040,colon_cancer,direct_medical,avoided_incident_case_first_year,2128.7842300651782,72296.25822013385,35047.815693114135,132856.9673630357,CHINA_CRC_NEW_DIAGNOSIS_COURSE,Event-specific first-year cost; no annual patient-year cost added for the same outcome,153903134.39174095,98784565.55114156,74609237.34573224,47888830.37651559,282823816.9767145,181533845.93484676
S2,2040,coronary_heart_disease,direct_medical,avoided_incident_case_first_year,11587.322481818102,21846.326995845397,8586.27962692537,46223.917226713966,CHINA_INCIDENT_MI_IMMEDIATE_PROXY,Event-specific first-year cost; no annual patient-year cost added for the same outcome,253140435.94410908,162481213.17993987,99491990.95624909,63860123.065554634,535611435.2788018,343788598.8960026
S2,2040,endometrial_cancer,direct_medical,avoided_incident_case_first_year,102.36134834411803,22329.17043600619,7912.595953582618,50409.93932055516,INTERNATIONAL_PROXY_ENDOMETRIAL,Event-specific first-year cost; no annual patient-year cost added for the same outcome,2285643.9932352114,1467067.9045535624,809943.9907109292,519872.2271599858,5160029.358797199,3312026.492861805
S2,2040,gastric_cancer,direct_medical,avoided_incident_case_first_year,2916.483110499959,64762.28390756019,31395.4919125426,119011.97726255516,CHINA_GASTRIC_NEW_DIAGNOSIS_COURSE,Event-specific first-year cost; no annual patient-year cost added for the same outcome,188878107.21380258,121233669.7168573,91564421.90876853,58771718.158616826,347096421.63344723,222787985.12407655
S2,2040,oesophageal_cancer,direct_medical,avoided_incident_case_first_year,1436.727671465366,68356.63525540795,29827.5487154762,135047.26753332303,CHINA_OESOPHAGEAL_NEW_DIAGNOSIS_DERIVED,Event-specific first-year cost; no annual patient-year cost added for the same outcome,98209869.39970961,63037178.0264749,42854064.611505896,27506393.365405925,194026146.22091153,124538000.05923451
S2,2040,renal_cancer,direct_medical,avoided_incident_case_first_year,392.46989813023026,13135.225379367826,4654.616770652017,29653.851952691733,INTERNATIONAL_PROXY_RENAL,Event-specific first-year cost; no annual patient-year cost added for the same outcome,5155180.566558106,3308914.237632699,1826796.9698130586,1172551.4605426323,11638244.255041854,7470146.121819823
S2,2040,stroke,direct_medical,avoided_incident_case_first_year,20429.660359990263,29612.850356671155,4730.172689851648,100820.84684525008,CHINA_FIRST_ISCHAEMIC_STROKE_ONE_YEAR,Event-specific first-year cost; no annual patient-year cost added for the same outcome,604980475.0780082,388313945.8705616,96635821.49777073,62026856.57484069,2059735658.255055,1322065940.7300491
S2,2041,bladder_cancer,direct_medical,avoided_incident_case_first_year,305.8173812468208,17917.502226658013,6349.271058827539,40450.2353820222,INTERNATIONAL_PROXY_BLADDER,Event-specific first-year cost; no annual patient-year cost added for the same outcome,5479483.609440634,3414633.029401902,1941717.448036867,1210014.118923425,12370385.055347523,7708814.991915155
S2,2041,breast_cancer,direct_medical,avoided_incident_case_first_year,689.5085871830836,53995.542586727424,26175.98574835096,99226.21468667472,CHINA_BREAST_NEW_DIAGNOSIS_COURSE,Event-specific first-year cost; no annual patient-year cost added for the same outcome,37230390.28315845,23200748.35872612,18048566.95147,11247270.224456862,68417327.10013443,42635416.31861213
S2,2041,colon_cancer,direct_medical,avoided_incident_case_first_year,2173.9370149444835,72296.25822013385,35047.815693114135,132856.9673630357,CHINA_CRC_NEW_DIAGNOSIS_COURSE,Event-specific first-year cost; no annual patient-year cost added for the same outcome,157167511.78673336,97941597.26497981,76191743.82821296,47480175.79527048,288822679.04377455,179984744.87706232
S2,2041,coronary_heart_disease,direct_medical,avoided_incident_case_first_year,11953.626169814674,21846.326995845397,8586.27962692537,46223.917226713966,CHINA_INCIDENT_MI_IMMEDIATE_PROXY,Event-specific first-year cost; no annual patient-year cost added for the same outcome,261142826.0918663,162735575.63495883,102637176.84976168,63960095.34765952,552543426.6325954,344326795.96082807
S2,2041,endometrial_cancer,direct_medical,avoided_incident_case_first_year,103.12907143398938,22329.17043600619,7912.595953582618,50409.93932055516,INTERNATIONAL_PROXY_ENDOMETRIAL,Event-specific first-year cost; no annual patient-year cost added for the same outcome,2302786.612956606,1435020.4852732213,816018.6733253171,508515.8590025959,5198730.233172603,3239676.80723724
S2,2041,gastric_cancer,direct_medical,avoided_incident_case_first_year,2981.301131005531,64762.28390756019,31395.4919125426,119011.97726255516,CHINA_GASTRIC_NEW_DIAGNOSIS_COURSE,Event-specific first-year cost; no annual patient-year cost added for the same outcome,193075870.26011047,120318499.10725287,93599415.54733825,58328061.29942632,354810542.4160602,221106199.72044465
S2,2041,oesophageal_cancer,direct_medical,avoided_incident_case_first_year,1472.1070210940136,68356.63525540795,29827.5487154762,135047.26753332303,CHINA_OESOPHAGEAL_NEW_DIAGNOSIS_DERIVED,Event-specific first-year cost; no annual patient-year cost added for the same outcome,100628282.69784862,62708218.92779467,43909343.88607624,27362851.432649557,198804030.71536645,123888099.32551643
S2,2041,renal_cancer,direct_medical,avoided_incident_case_first_year,398.11313863193635,13135.225379367826,4654.616770652017,29653.851952691733,INTERNATIONAL_PROXY_RENAL,Event-specific first-year cost; no annual patient-year cost added for the same outcome,5229305.802417993,3258730.4911388024,1853064.0916931224,1154768.2781991037,11805588.07341288,7356852.185402187
S2,2041,stroke,direct_medical,avoided_incident_case_first_year,20939.681672806593,29612.850356671155,4730.172689851648,100820.84684525008,CHINA_FIRST_ISCHAEMIC_STROKE_ONE_YEAR,Event-specific first-year cost; no annual patient-year cost added for the same outcome,620083659.8931512,386415636.3960211,99048310.38289683,61723632.416233644,2111156438.9223235,1315602896.2580597
S2,2042,bladder_cancer,direct_medical,avoided_incident_case_first_year,312.75704433968406,17917.502226658013,6349.271058827539,40450.2353820222,INTERNATIONAL_PROXY_BLADDER,Event-specific first-year cost; no annual patient-year cost added for the same outcome,5603825.038359268,3390406.3078440605,1985779.2500703973,1201429.104109886,12651096.060925774,7654121.174822092
S2,2042,breast_cancer,direct_medical,avoided_incident_case_first_year,693.1720461000275,53995.542586727424,26175.98574835096,99226.21468667472,CHINA_BREAST_NEW_DIAGNOSIS_COURSE,Event-specific first-year cost; no annual patient-year cost added for the same outcome,37428200.73512302,22644676.98312877,18144461.599869594,10977697.668920025,68780838.26112291,41613538.306968614
S2,2042,colon_cancer,direct_medical,avoided_incident_case_first_year,2215.892421370247,72296.25822013385,35047.815693114135,132856.9673630357,CHINA_CRC_NEW_DIAGNOSIS_COURSE,Event-specific first-year cost; no annual patient-year cost added for the same outcome,160200730.68342105,96924076.69981873,77662189.17995283,46986901.67417928,294396747.1059851,178114873.60232493
S2,2042,coronary_heart_disease,direct_medical,avoided_incident_case_first_year,12277.941172632676,21846.326995845397,8586.27962692537,46223.917226713966,CHINA_INCIDENT_MI_IMMEDIATE_PROXY,Event-specific first-year cost; no annual patient-year cost added for the same outcome,268227917.69308692,162282301.43901518,105421836.15116414,63781944.622607104,567534536.4782362,343367728.1542219
S2,2042,endometrial_cancer,direct_medical,avoided_incident_case_first_year,103.83603928707097,22329.17043600619,7912.595953582618,50409.93932055516,INTERNATIONAL_PROXY_ENDOMETRIAL,Event-specific first-year cost; no annual patient-year cost added for the same outcome,2318572.6186408424,1402774.5651630857,821612.6242989235,497089.1498145297,5234368.439748029,3166878.989658391
S2,2042,gastric_cancer,direct_medical,avoided_incident_case_first_year,3041.178454621218,64762.28390756019,31395.4919125426,119011.97726255516,CHINA_GASTRIC_NEW_DIAGNOSIS_COURSE,Event-specific first-year cost; no annual patient-year cost added for the same outcome,196953662.49173447,119160204.87685974,95479293.57665925,57766542.85151983,361936661.092753,218977632.31526077
S2,2042,oesophageal_cancer,direct_medical,avoided_incident_case_first_year,1504.4850047164573,68356.63525540795,29827.5487154762,135047.26753332303,CHINA_OESOPHAGEAL_NEW_DIAGNOSIS_DERIVED,Event-specific first-year cost; no annual patient-year cost added for the same outcome,102841532.71463358,62220818.608236335,44875099.76988357,27150173.36970445,203176588.93181616,122925177.71439141
S2,2042,renal_cancer,direct_medical,avoided_incident_case_first_year,403.44419538931993,13135.225379367826,4654.616770652017,29653.851952691733,INTERNATIONAL_PROXY_RENAL,Event-specific first-year cost; no annual patient-year cost added for the same outcome,5299330.434436427,3206182.0647997526,1877878.1178813379,1136147.1446102345,11963674.44124773,7238219.789687626
S2,2042,stroke,direct_medical,avoided_incident_case_first_year,21399.758889143188,29612.850356671155,4730.172689851648,100820.84684525008,CHINA_FIRST_ISCHAEMIC_STROKE_ONE_YEAR,Event-specific first-year cost; no annual patient-year cost added for the same outcome,633707857.6530405,383403675.7411465,101224555.06683515,61242520.53875489,2157541813.4875846,1305348279.7577398
S2,2043,bladder_cancer,direct_medical,avoided_incident_case_first_year,319.02722041365087,17917.502226658013,6349.271058827539,40450.2353820222,INTERNATIONAL_PROXY_BLADDER,Event-specific first-year cost; no annual patient-year cost added for the same outcome,5716170.932126106,3357647.9817438126,2025590.2975505877,1189820.818021076,12904726.159004455,7580166.558563996
S2,2043,breast_cancer,direct_medical,avoided_incident_case_first_year,696.644202557621,53995.542586727424,26175.98574835096,99226.21468667472,CHINA_BREAST_NEW_DIAGNOSIS_COURSE,Event-specific first-year cost; no annual patient-year cost added for the same outcome,37615681.70699679,22095248.59650035,18235348.717819605,10711345.504849723,69125367.20320982,40603867.94466086
S2,2043,colon_cancer,direct_medical,avoided_incident_case_first_year,2253.9041610681775,72296.25822013385,35047.815693114135,132856.9673630357,CHINA_CRC_NEW_DIAGNOSIS_COURSE,Event-specific first-year cost; no annual patient-year cost added for the same outcome,162948837.23201913,95715268.30743133,78994417.62706052,46400894.94592395,299446871.56644523,175893477.62569538
S2,2043,coronary_heart_disease,direct_medical,avoided_incident_case_first_year,12568.399170578923,21846.326995845397,8586.27962692537,46223.917226713966,CHINA_INCIDENT_MI_IMMEDIATE_PROXY,Event-specific first-year cost; no annual patient-year cost added for the same outcome,274573358.0947792,161282909.93996778,107915789.74140753,63389152.970755294,580960642.9331406,341253148.8962152
S2,2043,endometrial_cancer,direct_medical,avoided_incident_case_first_year,104.49193719921976,22329.17043600619,7912.595953582618,50409.93932055516,INTERNATIONAL_PROXY_ENDOMETRIAL,Event-specific first-year cost; no annual patient-year cost added for the same outcome,2333218.2749098334,1370519.8330738007,826802.4794645553,485659.3180012517,5267432.2136999285,3094061.2783116344
S2,2043,gastric_cancer,direct_medical,avoided_incident_case_first_year,3095.3868325204944,64762.28390756019,31395.4919125426,119011.97726255516,CHINA_GASTRIC_NEW_DIAGNOSIS_COURSE,Event-specific first-year cost; no annual patient-year cost added for the same outcome,200464320.85141572,117751661.08758186,97181192.26658803,57083708.299114965,368388107.3307417,216389187.7560459
S2,2043,oesophageal_cancer,direct_medical,avoided_incident_case_first_year,1533.7651101934584,68356.63525540795,29827.5487154762,135047.26753332303,CHINA_OESOPHAGEAL_NEW_DIAGNOSIS_DERIVED,Event-specific first-year cost; no annual patient-year cost added for the same outcome,104843022.20496482,61584225.889390476,45748453.5423931,26872394.917585716,207130787.16957265,121667507.4547228
S2,2043,renal_cancer,direct_medical,avoided_incident_case_first_year,408.2478772983707,13135.225379367826,4654.616770652017,29653.851952691733,INTERNATIONAL_PROXY_RENAL,Event-specific first-year cost; no annual patient-year cost added for the same outcome,5362427.878962602,3149861.2198338504,1900237.4162560834,1116189.21149952,12106122.113406546,7111070.848559236
S2,2043,stroke,direct_medical,avoided_incident_case_first_year,21812.41040948062,29612.850356671155,4730.172689851648,100820.84684525008,CHINA_FIRST_ISCHAEMIC_STROKE_ONE_YEAR,Event-specific first-year cost; no annual patient-year cost added for the same outcome,645927645.3742458,379414415.80311424,103176468.01876104,60605300.947114035,2199145689.219984,1291766319.210411
S2,2044,bladder_cancer,direct_medical,avoided_incident_case_first_year,324.39609387562484,17917.502226658013,6349.271058827539,40450.2353820222,INTERNATIONAL_PROXY_BLADDER,Event-specific first-year cost; no annual patient-year cost added for the same outcome,5812367.73433567,3314712.1015841174,2059678.7304412061,1174605.9996923443,13121898.354277594,7483235.276690901
S2,2044,breast_cancer,direct_medical,avoided_incident_case_first_year,699.402005038064,53995.542586727424,26175.98574835096,99226.21468667472,CHINA_BREAST_NEW_DIAGNOSIS_COURSE,Event-specific first-year cost; no annual patient-year cost added for the same outcome,37764590.74827533,21536618.412012305,18307536.916244447,10440532.48867768,69399013.50419769,39577287.675976
S2,2044,colon_cancer,direct_medical,avoided_incident_case_first_year,2286.6502111425143,72296.25822013385,35047.815693114135,132856.9673630357,CHINA_CRC_NEW_DIAGNOSIS_COURSE,Event-specific first-year cost; no annual patient-year cost added for the same outcome,165316254.1238828,94277549.73173957,80142095.15474336,45703917.02618178,303797412.47243977,173251419.3146511
S2,2044,coronary_heart_disease,direct_medical,avoided_incident_case_first_year,12811.885593462706,21846.326995845397,8586.27962692537,46223.917226713966,CHINA_INCIDENT_MI_IMMEDIATE_PROXY,Event-specific first-year cost; no annual patient-year cost added for the same outcome,279892642.108147,159618862.80174714,110006432.25364749,62735131.17368778,592215539.1903492,337732246.86114585
S2,2044,endometrial_cancer,direct_medical,avoided_incident_case_first_year,105.03282591282277,22329.17043600619,7912.595953582618,50409.93932055516,INTERNATIONAL_PROXY_ENDOMETRIAL,Event-specific first-year cost; no annual patient-year cost added for the same outcome,2345295.8711827868,1337489.4640752426,831082.313311149,473954.6304118782,5294698.38093183,3019492.5028291433
S2,2044,gastric_cancer,direct_medical,avoided_incident_case_first_year,3141.9631000828317,64762.28390756019,31395.4919125426,119011.97726255516,CHINA_GASTRIC_NEW_DIAGNOSIS_COURSE,Event-specific first-year cost; no annual patient-year cost added for the same outcome,203480706.31464228,116042203.53706144,98643477.09815781,56254996.62522149,373931241.0268453,213247761.74605173
S2,2044,oesophageal_cancer,direct_medical,avoided_incident_case_first_year,1558.9194435447966,68356.63525540795,29827.5487154762,135047.26753332303,CHINA_OESOPHAGEAL_NEW_DIAGNOSIS_DERIVED,Event-specific first-year cost; no annual patient-year cost added for the same outcome,106562487.7949552,60771097.7717792,46498745.645835474,26517584.90610179,210527811.15529323,120061068.95716335
S2,2044,renal_cancer,direct_medical,avoided_incident_case_first_year,412.3582965534092,13135.225379367826,4654.616770652017,29653.851952691733,INTERNATIONAL_PROXY_RENAL,Event-specific first-year cost; no annual patient-year cost added for the same outcome,5416419.162281225,3088908.163605333,1919369.8426549966,1094589.801550347,12228011.87745895,6973464.3094050875
S2,2044,stroke,direct_medical,avoided_incident_case_first_year,22162.326356958525,29612.850356671155,4730.172689851648,100820.84684525008,CHINA_FIRST_ISCHAEMIC_STROKE_ONE_YEAR,Event-specific first-year cost; no annual patient-year cost added for the same outcome,656289653.9643219,374272819.197086,104831630.87726459,59784014.257209495,2234424511.3693647,1274261076.800011
S2,2045,bladder_cancer,direct_medical,avoided_incident_case_first_year,328.7421307424605,17917.502226658013,6349.271058827539,40450.2353820222,INTERNATIONAL_PROXY_BLADDER,Event-specific first-year cost; no annual patient-year cost added for the same outcome,5890237.859574336,3261281.8892367207,2087272.8965404034,1155672.3951847027,13297696.568520043,7362612.176516367
S2,2045,breast_cancer,direct_medical,avoided_incident_case_first_year,701.6951076998566,53995.542586727424,26175.98574835096,99226.21468667472,CHINA_BREAST_NEW_DIAGNOSIS_COURSE,Event-specific first-year cost; no annual patient-year cost added for the same outcome,37888408.0707059,20977892.91346769,18367561.13883904,10169673.266110314,69626549.40121531,38550532.251109965
S2,2045,colon_cancer,direct_medical,avoided_incident_case_first_year,2314.2637014912843,72296.25822013385,35047.815693114135,132856.9673630357,CHINA_CRC_NEW_DIAGNOSIS_COURSE,Event-specific first-year cost; no annual patient-year cost added for the same outcome,167312606.15249667,92636933.39636473,81109887.67513064,44908578.23049683,307466057.0584858,170236501.0285557
S2,2045,coronary_heart_disease,direct_medical,avoided_incident_case_first_year,12990.39172456043,21846.326995845397,8586.27962692537,46223.917226713966,CHINA_INCIDENT_MI_IMMEDIATE_PROXY,Event-specific first-year cost; no annual patient-year cost added for the same outcome,283792345.41887116,157128940.88210225,111539135.81037314,61756515.14110034,600466791.8186713,332463903.82405156
S2,2045,endometrial_cancer,direct_medical,avoided_incident_case_first_year,105.45381581512487,22329.17043600619,7912.595953582618,50409.93932055516,INTERNATIONAL_PROXY_ENDOMETRIAL,Event-specific first-year cost; no annual patient-year cost added for the same outcome,2354696.226463128,1303738.2090666883,834413.4363086037,461994.48865137715,5315920.456361445,2943296.2678704862
S2,2045,gastric_cancer,direct_medical,avoided_incident_case_first_year,3180.7475137487345,64762.28390756019,31395.4919125426,119011.97726255516,CHINA_GASTRIC_NEW_DIAGNOSIS_COURSE,Event-specific first-year cost; no annual patient-year cost added for the same outcome,205992473.52366173,114053038.13492195,99861132.84373838,55290688.04115859,378547050.7841932,209592323.83795086
S2,2045,oesophageal_cancer,direct_medical,avoided_incident_case_first_year,1579.5759557479819,68356.63525540795,29827.5487154762,135047.26753332303,CHINA_OESOPHAGEAL_NEW_DIAGNOSIS_DERIVED,Event-specific first-year cost; no annual patient-year cost added for the same outcome,107974497.46527721,59782861.31697782,47114878.76986781,26086366.036304276,213317416.68510213,118108681.5642045
S2,2045,renal_cancer,direct_medical,avoided_incident_case_first_year,415.9271014622657,13135.225379367826,4654.616770652017,29653.851952691733,INTERNATIONAL_PROXY_RENAL,Event-specific first-year cost; no annual patient-year cost added for the same outcome,5463296.219094049,3024894.6544502475,1935981.261834945,1071905.8852370747,12333840.68987422,6828948.5459802095
S2,2045,stroke,direct_medical,avoided_incident_case_first_year,22437.712236735744,29612.850356671155,4730.172689851648,100820.84684525008,CHINA_FIRST_ISCHAEMIC_STROKE_ONE_YEAR,Event-specific first-year cost; no annual patient-year cost added for the same outcome,664444614.8125048,367886873.2213621,106134253.64495756,58763962.931875594,2262189148.977728,1252519283.1723857
S2,2046,bladder_cancer,direct_medical,avoided_incident_case_first_year,332.11130193463237,17917.502226658013,6349.271058827539,40450.2353820222,INTERNATIONAL_PROXY_BLADDER,Event-specific first-year cost; no annual patient-year cost added for the same outcome,5950604.991912067,3198743.4046231853,2108664.6776830954,1133511.1706235649,13433980.336285723,7221426.402346976
S2,2046,breast_cancer,direct_medical,avoided_incident_case_first_year,702.7762482158605,53995.542586727424,26175.98574835096,99226.21468667472,CHINA_BREAST_NEW_DIAGNOSIS_COURSE,Event-specific first-year cost; no annual patient-year cost added for the same outcome,37946784.83948002,20398266.71353948,18395861.05757792,9888681.791224733,69733826.88216278,37485368.14687453
S2,2046,colon_cancer,direct_medical,avoided_incident_case_first_year,2335.849144597577,72296.25822013385,35047.815693114135,132856.9673630357,CHINA_CRC_NEW_DIAGNOSIS_COURSE,Event-specific first-year cost; no annual patient-year cost added for the same outcome,168873152.9211052,90777641.0732205,81866410.30677418,44007229.581680685,310333833.5687752,166819727.52497864
S2,2046,coronary_heart_disease,direct_medical,avoided_incident_case_first_year,13114.226916625252,21846.326995845397,8586.27962692537,46223.917226713966,CHINA_INCIDENT_MI_IMMEDIATE_PROXY,Event-specific first-year cost; no annual patient-year cost added for the same outcome,286497689.5183126,154006625.55018836,112602419.39709571,60529349.012517385,606190939.4864299,325857500.5835648
S2,2046,endometrial_cancer,direct_medical,avoided_incident_case_first_year,105.55278886861839,22329.17043600619,7912.595953582618,50409.93932055516,INTERNATIONAL_PROXY_ENDOMETRIAL,Event-specific first-year cost; no annual patient-year cost added for the same outcome,2356906.2126431568,1266953.2279919002,835196.5700911903,448959.311494252,5320909.681982423,2860251.146727172
S2,2046,gastric_cancer,direct_medical,avoided_incident_case_first_year,3211.078834576254,64762.28390756019,31395.4919125426,119011.97726255516,CHINA_GASTRIC_NEW_DIAGNOSIS_COURSE,Event-specific first-year cost; no annual patient-year cost added for the same outcome,207956799.13438484,111787026.79505496,100813399.5814755,54192169.94695315,382156841.24886125,205428133.29701996
S2,2046,oesophageal_cancer,direct_medical,avoided_incident_case_first_year,1595.5125946346243,68356.63525540795,29827.5487154762,135047.26753332303,CHINA_OESOPHAGEAL_NEW_DIAGNOSIS_DERIVED,Event-specific first-year cost; no annual patient-year cost added for the same outcome,109063872.47684857,58627205.6777683,47590229.64262009,25582093.484736435,215469616.22040847,115825536.17968419
S2,2046,renal_cancer,direct_medical,avoided_incident_case_first_year,418.8055353261944,13135.225379367826,4654.616770652017,29653.851952691733,INTERNATIONAL_PROXY_RENAL,Event-specific first-year cost; no annual patient-year cost added for the same outcome,5501105.096636358,2957115.061396528,1949379.2683712002,1047887.414185077,12419197.341530776,6675930.538311624
S2,2046,stroke,direct_medical,avoided_incident_case_first_year,22643.113336981354,29612.850356671155,4730.172689851648,100820.84684525008,CHINA_FIRST_ISCHAEMIC_STROKE_ONE_YEAR,Event-specific first-year cost; no annual patient-year cost added for the same outcome,670527126.8571737,360441371.5194579,107105836.31980482,57574664.75934566,2282897861.8474364,1227170092.6104367
S2,2047,bladder_cancer,direct_medical,avoided_incident_case_first_year,334.67126410428665,17917.502226658013,6349.271058827539,40450.2353820222,INTERNATIONAL_PROXY_BLADDER,Event-specific first-year cost; no annual patient-year cost added for the same outcome,5996473.119787008,3129514.3529608385,2124918.571398575,1108979.067399052,13537531.408617312,7065136.122619833
S2,2047,breast_cancer,direct_medical,avoided_incident_case_first_year,702.4024877250829,53995.542586727424,26175.98574835096,99226.21468667472,CHINA_BREAST_NEW_DIAGNOSIS_COURSE,Event-specific first-year cost; no annual patient-year cost added for the same outcome,37926603.438983,19793609.91875289,18386077.50829803,9595555.972226705,69696740.04346348,36374205.96464656
S2,2047,colon_cancer,direct_medical,avoided_incident_case_first_year,2351.8650771002335,72296.25822013385,35047.815693114135,132856.9673630357,CHINA_CRC_NEW_DIAGNOSIS_COURSE,Event-specific first-year cost; no annual patient-year cost added for the same outcome,170031044.9129535,88737927.25730044,82427733.75728065,43018416.11267108,312461661.7905692,163071398.1018086
S2,2047,coronary_heart_disease,direct_medical,avoided_incident_case_first_year,13194.131030396791,21846.326995845397,8586.27962692537,46223.917226713966,CHINA_INCIDENT_MI_IMMEDIATE_PROXY,Event-specific first-year cost; no annual patient-year cost added for the same outcome,288243300.91607887,150432017.1777439,113288498.46127981,59124417.783190206,609884420.6274796,318294105.53060174
S2,2047,endometrial_cancer,direct_medical,avoided_incident_case_first_year,105.24175085726216,22329.17043600619,7912.595953582618,50409.93932055516,INTERNATIONAL_PROXY_ENDOMETRIAL,Event-specific first-year cost; no annual patient-year cost added for the same outcome,2349960.9918755074,1226427.0190264287,832735.4519811226,434598.3876080179,5305230.27470357,2768759.89582305
S2,2047,gastric_cancer,direct_medical,avoided_incident_case_first_year,3233.8604163703294,64762.28390756019,31395.4919125426,119011.97726255516,CHINA_GASTRIC_NEW_DIAGNOSIS_COURSE,Event-specific first-year cost; no annual patient-year cost added for the same outcome,209432186.40239608,109301087.52685422,101528638.54844631,52987035.083252676,384868122.3433428,200859786.87975186
S2,2047,oesophageal_cancer,direct_medical,avoided_incident_case_first_year,1607.2587706510108,68356.63525540795,29827.5487154762,135047.26753332303,CHINA_OESOPHAGEAL_NEW_DIAGNOSIS_DERIVED,Event-specific first-year cost; no annual patient-year cost added for the same outcome,109866801.54644652,57338659.823045634,47940589.27996942,25019834.033108085,217055905.19538692,113279849.19375376
S2,2047,renal_cancer,direct_medical,avoided_incident_case_first_year,421.10759531224716,13135.225379367826,4654.616770652017,29653.851952691733,INTERNATIONAL_PROXY_RENAL,Event-specific first-year cost; no annual patient-year cost added for the same outcome,5531343.173389985,2886766.5220003137,1960094.4753893283,1022958.6077270751,12487462.287543401,6517112.922922992
S2,2047,stroke,direct_medical,avoided_incident_case_first_year,22790.531508105374,29612.850356671155,4730.172689851648,100820.84684525008,CHINA_FIRST_ISCHAEMIC_STROKE_ONE_YEAR,Event-specific first-year cost; no annual patient-year cost added for the same outcome,674892599.0985234,352221386.3706762,107803149.72684354,56261655.41396214,2297760686.700538,1199184071.21183
S2,2048,bladder_cancer,direct_medical,avoided_incident_case_first_year,336.60107991820325,17917.502226658013,6349.271058827539,40450.2353820222,INTERNATIONAL_PROXY_BLADDER,Event-specific first-year cost; no annual patient-year cost added for the same outcome,6031050.598929899,3055883.572839745,2137171.495094743,1082887.161543659,13615592.912534187,6898908.578758899
S2,2048,breast_cancer,direct_medical,avoided_incident_case_first_year,701.4833867134315,53995.542586727424,26175.98574835096,99226.21468667472,CHINA_BREAST_NEW_DIAGNOSIS_COURSE,Event-specific first-year cost; no annual patient-year cost added for the same outcome,37876976.08116687,19191951.23579615,18362019.133315746,9303883.579359254,69605541.12916262,35268553.3351304
S2,2048,colon_cancer,direct_medical,avoided_incident_case_first_year,2363.879839751895,72296.25822013385,35047.815693114135,132856.9673630357,CHINA_CRC_NEW_DIAGNOSIS_COURSE,Event-specific first-year cost; no annual patient-year cost added for the same outcome,170899667.29607162,86593451.22829956,82848824.94429259,41978815.96636927,314057906.7200556,159130549.86415476
S2,2048,coronary_heart_disease,direct_medical,avoided_incident_case_first_year,13243.009714440805,21846.326995845397,8586.27962692537,46223.917226713966,CHINA_INCIDENT_MI_IMMEDIATE_PROXY,Event-specific first-year cost; no annual patient-year cost added for the same outcome,289311120.630831,146591557.55258992,113708184.51027785,57614998.82027896,612143784.8728807,310168204.6476105
S2,2048,endometrial_cancer,direct_medical,avoided_incident_case_first_year,104.79448566169171,22329.17043600619,7912.595953582618,50409.93932055516,INTERNATIONAL_PROXY_ENDOMETRIAL,Event-specific first-year cost; no annual patient-year cost added for the same outcome,2339973.931093521,1185645.4824256808,829196.4232044735,420146.9854651233,5282683.663334667,2676692.2217760244
S2,2048,gastric_cancer,direct_medical,avoided_incident_case_first_year,3251.0991726503344,64762.28390756019,31395.4919125426,119011.97726255516,CHINA_GASTRIC_NEW_DIAGNOSIS_COURSE,Event-specific first-year cost; no annual patient-year cost added for the same outcome,210548607.630815,106683242.1298953,102069857.78181751,51717954.70143934,386919740.81377345,196049039.97489497
S2,2048,oesophageal_cancer,direct_medical,avoided_incident_case_first_year,1615.974477799754,68356.63525540795,29827.5487154762,135047.26753332303,CHINA_OESOPHAGEAL_NEW_DIAGNOSIS_DERIVED,Event-specific first-year cost; no annual patient-year cost added for the same outcome,110462577.9610061,55970476.76311359,48200557.45953838,24422824.73445944,218232937.63044533,110576828.73291875
S2,2048,renal_cancer,direct_medical,avoided_incident_case_first_year,422.8677507415724,13135.225379367826,4654.616770652017,29653.851952691733,INTERNATIONAL_PROXY_RENAL,Event-specific first-year cost; no annual patient-year cost added for the same outcome,5554463.21165689,2814400.676302844,1968287.32436962,997314.9457968475,12539657.676058339,6353741.072591836
S2,2048,stroke,direct_medical,avoided_incident_case_first_year,22893.517863596462,29612.850356671155,4730.172689851648,100820.84684525008,CHINA_FIRST_ISCHAEMIC_STROKE_ONE_YEAR,Event-specific first-year cost; no annual patient-year cost added for the same outcome,677942318.63246,343507778.762362,108290292.97301483,54869797.88446071,2308143858.274656,1169517447.1764457
S2,2049,bladder_cancer,direct_medical,avoided_incident_case_first_year,338.54311495438736,17917.502226658013,6349.271058827539,40450.2353820222,INTERNATIONAL_PROXY_BLADDER,Event-specific first-year cost; no annual patient-year cost added for the same outcome,6065847.0160149755,2983994.7866521077,2149502.001945216,1057412.5510861645,13694148.686867967,6736613.729519739
S2,2049,breast_cancer,direct_medical,avoided_incident_case_first_year,700.3409572896114,53995.542586727424,26175.98574835096,99226.21468667472,CHINA_BREAST_NEW_DIAGNOSIS_COURSE,Event-specific first-year cost; no annual patient-year cost added for the same outcome,37815289.98456067,18602616.89286694,18332114.916999336,9018185.78612473,69492182.18189028,34185548.82712313
S2,2049,colon_cancer,direct_medical,avoided_incident_case_first_year,2375.3863762670867,72296.25822013385,35047.815693114135,132856.9673630357,CHINA_CRC_NEW_DIAGNOSIS_COURSE,Event-specific first-year cost; no annual patient-year cost added for the same outcome,171731546.83119333,84480541.48003228,83252103.91534312,40954518.5371998,315586630.266316,155247710.16570398
S2,2049,coronary_heart_disease,direct_medical,avoided_incident_case_first_year,13297.323950927952,21846.326995845397,8586.27962692537,46223.917226713966,CHINA_INCIDENT_MI_IMMEDIATE_PROXY,Event-specific first-year cost; no annual patient-year cost added for the same outcome,290497687.2016589,142905612.663098,114174541.73247945,56166308.909309804,614654401.6444948,302369236.3585015
S2,2049,endometrial_cancer,direct_medical,avoided_incident_case_first_year,104.29705654862045,22329.17043600619,7912.595953582618,50409.93932055516,INTERNATIONAL_PROXY_ENDOMETRIAL,Event-specific first-year cost; no annual patient-year cost added for the same outcome,2328866.7516479213,1145648.1225750172,825260.4676171916,405973.4652882154,5257608.291928467,2586394.8912579543
S2,2049,gastric_cancer,direct_medical,avoided_incident_case_first_year,3267.9564061281535,64762.28390756019,31395.4919125426,119011.97726255516,CHINA_GASTRIC_NEW_DIAGNOSIS_COURSE,Event-specific first-year cost; no annual patient-year cost added for the same outcome,211640320.57120153,104113013.6586826,102599098.91913822,50471958.076358534,388925953.50114524,191325797.46522447
S2,2049,oesophageal_cancer,direct_medical,avoided_incident_case_first_year,1624.5847885365074,68356.63525540795,29827.5487154762,135047.26753332303,CHINA_OESOPHAGEAL_NEW_DIAGNOSIS_DERIVED,Event-specific first-year cost; no annual patient-year cost added for the same outcome,111051149.8314741,54629807.061395675,48457381.92249428,23837820.942363184,219395736.56805673,107928164.42688277
S2,2049,renal_cancer,direct_medical,avoided_incident_case_first_year,424.4194435512621,13135.225379367826,4654.616770652017,29653.851952691733,INTERNATIONAL_PROXY_RENAL,Event-specific first-year cost; no annual patient-year cost added for the same outcome,5574845.046431708,2742454.353204953,1975509.8597445015,971819.9464796518,12585671.344912931,6191316.32904411
S2,2049,stroke,direct_medical,avoided_incident_case_first_year,22996.319089801822,29612.850356671155,4730.172689851648,100820.84684525008,CHINA_FIRST_ISCHAEMIC_STROKE_ONE_YEAR,Event-specific first-year cost; no annual patient-year cost added for the same outcome,680986555.9605616,335000260.87065315,108776560.52569468,53510859.84556572,2318508364.9574103,1140552482.7079046
S2,2050,bladder_cancer,direct_medical,avoided_incident_case_first_year,340.85590074880486,17917.502226658013,6349.271058827539,40450.2353820222,INTERNATIONAL_PROXY_BLADDER,Event-specific first-year cost; no annual patient-year cost added for the same outcome,6107286.360636233,2916873.978915635,2164186.5058549787,1033627.5281172681,13787701.416640352,6585082.9839043
S2,2050,breast_cancer,direct_medical,avoided_incident_case_first_year,698.5855051714034,53995.542586727424,26175.98574835096,99226.21468667472,CHINA_BREAST_NEW_DIAGNOSIS_COURSE,Event-specific first-year cost; no annual patient-year cost added for the same outcome,37720503.394953005,18015522.496782877,18286164.22737121,8733573.875425814,69317995.31313679,33106660.611607715
S2,2050,colon_cancer,direct_medical,avoided_incident_case_first_year,2388.5628087819487,72296.25822013385,35047.815693114135,132856.9673630357,CHINA_CRC_NEW_DIAGNOSIS_COURSE,Event-specific first-year cost; no annual patient-year cost added for the same outcome,172684153.59870794,82474913.4819787,83713909.09361675,39982229.207775615,317337211.13090426,151562019.37008286
S2,2050,coronary_heart_disease,direct_medical,avoided_incident_case_first_year,13368.673337185784,21846.326995845397,8586.27962692537,46223.917226713966,CHINA_INCIDENT_MI_IMMEDIATE_PROXY,Event-specific first-year cost; no annual patient-year cost added for the same outcome,292056409.22480035,139487767.58432686,114787167.5140987,54822990.48450454,617952449.7690537,295137531.5485857
S2,2050,endometrial_cancer,direct_medical,avoided_incident_case_first_year,103.67321180529697,22329.17043600619,7912.595953582618,50409.93932055516,INTERNATIONAL_PROXY_ENDOMETRIAL,Event-specific first-year cost; no annual patient-year cost added for the same outcome,2314936.816048645,1105626.7158336858,820324.2362255065,391791.4238216188,5226160.316272084,2496043.272905821
S2,2050,gastric_cancer,direct_medical,avoided_incident_case_first_year,3287.476935418574,64762.28390756019,31395.4919125426,119011.97726255516,CHINA_GASTRIC_NEW_DIAGNOSIS_COURSE,Event-specific first-year cost; no annual patient-year cost added for the same outcome,212904514.63113362,101684381.90877981,103211955.53860417,49294604.7796241,391249130.28920984,186862763.5949071
S2,2050,oesophageal_cancer,direct_medical,avoided_incident_case_first_year,1634.7292428634769,68356.63525540795,29827.5487154762,135047.26753332303,CHINA_OESOPHAGEAL_NEW_DIAGNOSIS_DERIVED,Event-specific first-year cost; no annual patient-year cost added for the same outcome,111744590.59576789,53369838.80340277,48759966.12812388,23288031.379801825,220765717.40553057,105438936.134927
S2,2050,renal_cancer,direct_medical,avoided_incident_case_first_year,426.0974997024564,13135.225379367826,4654.616770652017,29653.851952691733,INTERNATIONAL_PROXY_RENAL,Event-specific first-year cost; no annual patient-year cost added for the same outcome,5596886.69217688,2673104.2547101434,1983320.5680479466,947244.9489308967,12635432.17358875,6034752.776133939
S2,2050,stroke,direct_medical,avoided_incident_case_first_year,23121.57275212728,29612.850356671155,4730.172689851648,100820.84684525008,CHINA_FIRST_ISCHAEMIC_STROKE_ONE_YEAR,Event-specific first-year cost; no annual patient-year cost added for the same outcome,684695673.9196303,327014467.1133804,109369031.97853047,52235258.777702644,2331136545.2635317,1113363796.7272465
S3,2025,bladder_cancer,direct_medical,avoided_incident_case_first_year,0.0,17917.502226658013,6349.271058827539,40450.2353820222,INTERNATIONAL_PROXY_BLADDER,Event-specific first-year cost; no annual patient-year cost added for the same outcome,0.0,0.0,0.0,0.0,0.0,0.0
S3,2025,breast_cancer,direct_medical,avoided_incident_case_first_year,0.0,53995.542586727424,26175.98574835096,99226.21468667472,CHINA_BREAST_NEW_DIAGNOSIS_COURSE,Event-specific first-year cost; no annual patient-year cost added for the same outcome,0.0,0.0,0.0,0.0,0.0,0.0
S3,2025,colon_cancer,direct_medical,avoided_incident_case_first_year,0.0,72296.25822013385,35047.815693114135,132856.9673630357,CHINA_CRC_NEW_DIAGNOSIS_COURSE,Event-specific first-year cost; no annual patient-year cost added for the same outcome,0.0,0.0,0.0,0.0,0.0,0.0
S3,2025,coronary_heart_disease,direct_medical,avoided_incident_case_first_year,0.0,21846.326995845397,8586.27962692537,46223.917226713966,CHINA_INCIDENT_MI_IMMEDIATE_PROXY,Event-specific first-year cost; no annual patient-year cost added for the same outcome,0.0,0.0,0.0,0.0,0.0,0.0
S3,2025,endometrial_cancer,direct_medical,avoided_incident_case_first_year,0.0,22329.17043600619,7912.595953582618,50409.93932055516,INTERNATIONAL_PROXY_ENDOMETRIAL,Event-specific first-year cost; no annual patient-year cost added for the same outcome,0.0,0.0,0.0,0.0,0.0,0.0
S3,2025,gastric_cancer,direct_medical,avoided_incident_case_first_year,0.0,64762.28390756019,31395.4919125426,119011.97726255516,CHINA_GASTRIC_NEW_DIAGNOSIS_COURSE,Event-specific first-year cost; no annual patient-year cost added for the same outcome,0.0,0.0,0.0,0.0,0.0,0.0
S3,2025,oesophageal_cancer,direct_medical,avoided_incident_case_first_year,0.0,68356.63525540795,29827.5487154762,135047.26753332303,CHINA_OESOPHAGEAL_NEW_DIAGNOSIS_DERIVED,Event-specific first-year cost; no annual patient-year cost added for the same outcome,0.0,0.0,0.0,0.0,0.0,0.0
S3,2025,renal_cancer,direct_medical,avoided_incident_case_first_year,0.0,13135.225379367826,4654.616770652017,29653.851952691733,INTERNATIONAL_PROXY_RENAL,Event-specific first-year cost; no annual patient-year cost added for the same outcome,0.0,0.0,0.0,0.0,0.0,0.0
S3,2025,stroke,direct_medical,avoided_incident_case_first_year,0.0,29612.850356671155,4730.172689851648,100820.84684525008,CHINA_FIRST_ISCHAEMIC_STROKE_ONE_YEAR,Event-specific first-year cost; no annual patient-year cost added for the same outcome,0.0,0.0,0.0,0.0,0.0,0.0
S3,2026,bladder_cancer,direct_medical,avoided_incident_case_first_year,0.0,17917.502226658013,6349.271058827539,40450.2353820222,INTERNATIONAL_PROXY_BLADDER,Event-specific first-year cost; no annual patient-year cost added for the same outcome,0.0,0.0,0.0,0.0,0.0,0.0
S3,2026,breast_cancer,direct_medical,avoided_incident_case_first_year,0.0,53995.542586727424,26175.98574835096,99226.21468667472,CHINA_BREAST_NEW_DIAGNOSIS_COURSE,Event-specific first-year cost; no annual patient-year cost added for the same outcome,0.0,0.0,0.0,0.0,0.0,0.0
S3,2026,colon_cancer,direct_medical,avoided_incident_case_first_year,0.0,72296.25822013385,35047.815693114135,132856.9673630357,CHINA_CRC_NEW_DIAGNOSIS_COURSE,Event-specific first-year cost; no annual patient-year cost added for the same outcome,0.0,0.0,0.0,0.0,0.0,0.0
S3,2026,coronary_heart_disease,direct_medical,avoided_incident_case_first_year,426.1962808727779,21846.326995845397,8586.27962692537,46223.917226713966,CHINA_INCIDENT_MI_IMMEDIATE_PROXY,Event-specific first-year cost; no annual patient-year cost added for the same outcome,9310823.316359874,9039634.287728032,3659440.4435292957,3552854.7995430054,19700461.60939662,19126661.756695747
S3,2026,endometrial_cancer,direct_medical,avoided_incident_case_first_year,0.0,22329.17043600619,7912.595953582618,50409.93932055516,INTERNATIONAL_PROXY_ENDOMETRIAL,Event-specific first-year cost; no annual patient-year cost added for the same outcome,0.0,0.0,0.0,0.0,0.0,0.0
S3,2026,gastric_cancer,direct_medical,avoided_incident_case_first_year,0.0,64762.28390756019,31395.4919125426,119011.97726255516,CHINA_GASTRIC_NEW_DIAGNOSIS_COURSE,Event-specific first-year cost; no annual patient-year cost added for the same outcome,0.0,0.0,0.0,0.0,0.0,0.0
S3,2026,oesophageal_cancer,direct_medical,avoided_incident_case_first_year,0.0,68356.63525540795,29827.5487154762,135047.26753332303,CHINA_OESOPHAGEAL_NEW_DIAGNOSIS_DERIVED,Event-specific first-year cost; no annual patient-year cost added for the same outcome,0.0,0.0,0.0,0.0,0.0,0.0
S3,2026,renal_cancer,direct_medical,avoided_incident_case_first_year,0.0,13135.225379367826,4654.616770652017,29653.851952691733,INTERNATIONAL_PROXY_RENAL,Event-specific first-year cost; no annual patient-year cost added for the same outcome,0.0,0.0,0.0,0.0,0.0,0.0
S3,2026,stroke,direct_medical,avoided_incident_case_first_year,834.0122221750642,29612.850356671155,4730.172689851648,100820.84684525008,CHINA_FIRST_ISCHAEMIC_STROKE_ONE_YEAR,Event-specific first-year cost; no annual patient-year cost added for the same outcome,24697479.13090495,23978135.078548495,3945021.8363349736,3830118.2877038578,84085818.51897883,81636717.00871731
S3,2027,bladder_cancer,direct_medical,avoided_incident_case_first_year,0.0,17917.502226658013,6349.271058827539,40450.2353820222,INTERNATIONAL_PROXY_BLADDER,Event-specific first-year cost; no annual patient-year cost added for the same outcome,0.0,0.0,0.0,0.0,0.0,0.0
S3,2027,breast_cancer,direct_medical,avoided_incident_case_first_year,0.0,53995.542586727424,26175.98574835096,99226.21468667472,CHINA_BREAST_NEW_DIAGNOSIS_COURSE,Event-specific first-year cost; no annual patient-year cost added for the same outcome,0.0,0.0,0.0,0.0,0.0,0.0
S3,2027,colon_cancer,direct_medical,avoided_incident_case_first_year,0.0,72296.25822013385,35047.815693114135,132856.9673630357,CHINA_CRC_NEW_DIAGNOSIS_COURSE,Event-specific first-year cost; no annual patient-year cost added for the same outcome,0.0,0.0,0.0,0.0,0.0,0.0
S3,2027,coronary_heart_disease,direct_medical,avoided_incident_case_first_year,1483.9651927566756,21846.326995845397,8586.27962692537,46223.917226713966,CHINA_INCIDENT_MI_IMMEDIATE_PROXY,Event-specific first-year cost; no annual patient-year cost added for the same outcome,32419188.85141508,30558194.788778473,12741740.101633023,12010312.095044795,68594684.2373092,64657068.75040928
S3,2027,endometrial_cancer,direct_medical,avoided_incident_case_first_year,0.0,22329.17043600619,7912.595953582618,50409.93932055516,INTERNATIONAL_PROXY_ENDOMETRIAL,Event-specific first-year cost; no annual patient-year cost added for the same outcome,0.0,0.0,0.0,0.0,0.0,0.0
S3,2027,gastric_cancer,direct_medical,avoided_incident_case_first_year,0.0,64762.28390756019,31395.4919125426,119011.97726255516,CHINA_GASTRIC_NEW_DIAGNOSIS_COURSE,Event-specific first-year cost; no annual patient-year cost added for the same outcome,0.0,0.0,0.0,0.0,0.0,0.0
S3,2027,oesophageal_cancer,direct_medical,avoided_incident_case_first_year,0.0,68356.63525540795,29827.5487154762,135047.26753332303,CHINA_OESOPHAGEAL_NEW_DIAGNOSIS_DERIVED,Event-specific first-year cost; no annual patient-year cost added for the same outcome,0.0,0.0,0.0,0.0,0.0,0.0
S3,2027,renal_cancer,direct_medical,avoided_incident_case_first_year,0.0,13135.225379367826,4654.616770652017,29653.851952691733,INTERNATIONAL_PROXY_RENAL,Event-specific first-year cost; no annual patient-year cost added for the same outcome,0.0,0.0,0.0,0.0,0.0,0.0
S3,2027,stroke,direct_medical,avoided_incident_case_first_year,2878.1493630592145,29612.850356671155,4730.172689851648,100820.84684525008,CHINA_FIRST_ISCHAEMIC_STROKE_ONE_YEAR,Event-specific first-year cost; no annual patient-year cost added for the same outcome,85230206.39242092,80337643.88012151,13614143.514456613,12832635.983086638,290177456.13074714,273520083.07168174
S3,2028,bladder_cancer,direct_medical,avoided_incident_case_first_year,14.284532632482733,17917.502226658013,6349.271058827539,40450.2353820222,INTERNATIONAL_PROXY_BLADDER,Event-specific first-year cost; no annual patient-year cost added for the same outcome,255943.14524927843,234224.2346434914,90696.36963230016,83000.02620261068,577812.7073061038,528780.4797594494
S3,2028,breast_cancer,direct_medical,avoided_incident_case_first_year,44.57086928086882,53995.542586727424,26175.98574835096,99226.21468667472,CHINA_BREAST_NEW_DIAGNOSIS_COURSE,Event-specific first-year cost; no annual patient-year cost added for the same outcome,2406628.2703826134,2202405.7888041693,1166686.4390876358,1067683.363811488,4422598.644035205,4047304.261755411
S3,2028,colon_cancer,direct_medical,avoided_incident_case_first_year,108.05513516863107,72296.25822013385,35047.815693114135,132856.9673630357,CHINA_CRC_NEW_DIAGNOSIS_COURSE,Event-specific first-year cost; no annual patient-year cost added for the same outcome,7811981.954162818,7149070.1283695,3787096.462084717,3465729.740442688,14355877.56650723,13137661.617684225
S3,2028,coronary_heart_disease,direct_medical,avoided_incident_case_first_year,3245.85279845907,21846.326995845397,8586.27962692537,46223.917226713966,CHINA_INCIDENT_MI_IMMEDIATE_PROXY,Event-specific first-year cost; no annual patient-year cost added for the same outcome,70909961.6155167,64892659.93749281,27869799.755407814,25504814.794004187,150036031.08606994,137304222.45086828
S3,2028,endometrial_cancer,direct_medical,avoided_incident_case_first_year,8.406802359450845,22329.17043600619,7912.595953582618,50409.93932055516,INTERNATIONAL_PROXY_ENDOMETRIAL,Event-specific first-year cost; no annual patient-year cost added for the same outcome,187716.92270599687,171787.57613383478,66519.63033195956,60874.884881548234,423786.3968198171,387824.58639698394
S3,2028,gastric_cancer,direct_medical,avoided_incident_case_first_year,195.1345191395651,64762.28390756019,31395.4919125426,119011.97726255516,CHINA_GASTRIC_NEW_DIAGNOSIS_COURSE,Event-specific first-year cost; no annual patient-year cost added for the same outcome,12637357.128681753,11564971.972580299,6126344.217504105,5606472.8129753405,23223344.954977557,21252650.437828988
S3,2028,oesophageal_cancer,direct_medical,avoided_incident_case_first_year,94.2390970914049,68356.63525540795,29827.5487154762,135047.26753332303,CHINA_OESOPHAGEAL_NEW_DIAGNOSIS_DERIVED,Event-specific first-year cost; no annual patient-year cost added for the same outcome,6441867.586676141,5895221.392604138,2810921.2593963714,2572391.1456350684,12726732.557001762,11646763.150358472
S3,2028,renal_cancer,direct_medical,avoided_incident_case_first_year,22.007667596731576,13135.225379367826,4654.616770652017,29653.851952691733,INTERNATIONAL_PROXY_RENAL,Event-specific first-year cost; no annual patient-year cost added for the same outcome,289075.67395727953,264545.19194389775,102437.25867868177,93744.60288679769,652612.1167375292,597232.5354251603
S3,2028,stroke,direct_medical,avoided_incident_case_first_year,6252.213850800922,29612.850356671155,4730.172689851648,100820.84684525008,CHINA_FIRST_ISCHAEMIC_STROKE_ONE_YEAR,Event-specific first-year cost; no annual patient-year cost added for the same outcome,185145873.1616744,169434701.58756432,29574051.208170727,27064446.296440672,630353495.095351,576862743.4806232
S3,2029,bladder_cancer,direct_medical,avoided_incident_case_first_year,38.59756667053021,17917.502226658013,6349.271058827539,40450.2353820222,INTERNATIONAL_PROXY_BLADDER,Event-specific first-year cost; no annual patient-year cost added for the same outcome,691571.9867628062,614452.7529400735,245066.41300236387,217738.33383175725,1561280.656996242,1387177.6419024582
S3,2029,breast_cancer,direct_medical,avoided_incident_case_first_year,117.95536492763154,53995.542586727424,26175.98574835096,99226.21468667472,CHINA_BREAST_NEW_DIAGNOSIS_COURSE,Event-specific first-year cost; no annual patient-year cost added for the same outcome,6369063.930282903,5658830.809403351,3087597.9512872198,2743290.788889711,11704264.363754228,10399087.292576792
S3,2029,colon_cancer,direct_medical,avoided_incident_case_first_year,291.3243847871193,72296.25822013385,35047.815693114135,132856.9673630357,CHINA_CRC_NEW_DIAGNOSIS_COURSE,Event-specific first-year cost; no annual patient-year cost added for the same outcome,21061662.94839121,18713014.73721135,10210283.34492882,9071704.507518532,38704474.28171877,34388424.09569301
S3,2029,coronary_heart_disease,direct_medical,avoided_incident_case_first_year,5725.676100470168,21846.326995845397,8586.27962692537,46223.917226713966,CHINA_INCIDENT_MI_IMMEDIATE_PROXY,Event-specific first-year cost; no annual patient-year cost added for the same outcome,125084992.36316824,111136395.60330783,49162256.05184051,43680027.748374976,264663178.13510746,235149805.8332457
S3,2029,endometrial_cancer,direct_medical,avoided_incident_case_first_year,21.584482507929106,22329.17043600619,7912.595953582618,50409.93932055516,INTERNATIONAL_PROXY_ENDOMETRIAL,Event-specific first-year cost; no annual patient-year cost added for the same outcome,481963.58869254333,428218.40612028906,170789.28895241464,151744.07115695046,1088072.4534902906,966738.2821199689
S3,2029,gastric_cancer,direct_medical,avoided_incident_case_first_year,508.7220329761182,64762.28390756019,31395.4919125426,119011.97726255516,CHINA_GASTRIC_NEW_DIAGNOSIS_COURSE,Event-specific first-year cost; no annual patient-year cost added for the same outcome,32946000.729630563,29272094.92889759,15971578.472033948,14190540.60717121,60544015.02151462,53792573.17542864
S3,2029,oesophageal_cancer,direct_medical,avoided_incident_case_first_year,245.6593277845854,68356.63525540795,29827.5487154762,135047.26753332303,CHINA_OESOPHAGEAL_NEW_DIAGNOSIS_DERIVED,Event-specific first-year cost; no annual patient-year cost added for the same outcome,16792445.066459607,14919869.944385068,7327415.566905857,6510313.825891648,33175620.9613812,29476109.53074743
S3,2029,renal_cancer,direct_medical,avoided_incident_case_first_year,58.862472607092634,13135.225379367826,4654.616770652017,29653.851952691733,INTERNATIONAL_PROXY_RENAL,Event-specific first-year cost; no annual patient-year cost added for the same outcome,773171.8440810266,686953.1692790806,273982.25215901836,243429.68240205807,1745499.0482600976,1550853.2965282586
S3,2029,stroke,direct_medical,avoided_incident_case_first_year,11000.289057836491,29612.850356671155,4730.172689851648,100820.84684525008,CHINA_FIRST_ISCHAEMIC_STROKE_ONE_YEAR,Event-specific first-year cost; no annual patient-year cost added for the same outcome,325749913.7498391,289424579.2263848,52033266.88185209,46230883.68526594,1109058458.3536131,985384075.6285266
S3,2030,bladder_cancer,direct_medical,avoided_incident_case_first_year,73.92364130981737,17917.502226658013,6349.271058827539,40450.2353820222,INTERNATIONAL_PROXY_BLADDER,Event-specific first-year cost; no annual patient-year cost added for the same outcome,1324527.0077713209,1142548.6320576132,469361.2363315713,404875.125509025,2990228.6912782923,2579397.536414217
S3,2030,breast_cancer,direct_medical,avoided_incident_case_first_year,222.4641053641118,53995.542586727424,26175.98574835096,99226.21468667472,CHINA_BREAST_NEW_DIAGNOSIS_COURSE,Event-specific first-year cost; no annual patient-year cost added for the same outcome,12012070.075206114,10361717.16551094,5823217.251530636,5023158.354547734,22074271.07893838,19041460.141569544
S3,2030,colon_cancer,direct_medical,avoided_incident_case_first_year,557.2976207392198,72296.25822013385,35047.815693114135,132856.9673630357,CHINA_CRC_NEW_DIAGNOSIS_COURSE,Event-specific first-year cost; no annual patient-year cost added for the same outcome,40290532.69442886,34754967.42973169,19532064.297879197,16848530.240506902,74040871.81004798,63868306.42680921
S3,2030,coronary_heart_disease,direct_medical,avoided_incident_case_first_year,7143.970572287944,21846.326995845397,8586.27962692537,46223.917226713966,CHINA_INCIDENT_MI_IMMEDIATE_PROXY,Event-specific first-year cost; no annual patient-year cost added for the same outcome,156069517.1708992,134626936.48621276,61340128.98019036,52912534.09356983,330222304.4035183,284852660.5780563
S3,2030,endometrial_cancer,direct_medical,avoided_incident_case_first_year,39.48573616010974,22329.17043600619,7912.595953582618,50409.93932055516,INTERNATIONAL_PROXY_ENDOMETRIAL,Event-specific first-year cost; no annual patient-year cost added for the same outcome,881683.7325102629,760548.1327119702,312434.67616471514,269508.89620590484,1990473.5638585826,1716999.9812688665
S3,2030,gastric_cancer,direct_medical,avoided_incident_case_first_year,940.9769429975638,64762.28390756019,31395.4919125426,119011.97726255516,CHINA_GASTRIC_NEW_DIAGNOSIS_COURSE,Event-specific first-year cost; no annual patient-year cost added for the same outcome,60939815.932876304,52567220.54245313,29542434.003769074,25483563.08374063,111987526.54461472,96601424.1388394
S3,2030,oesophageal_cancer,direct_medical,avoided_incident_case_first_year,454.11681767751713,68356.63525540795,29827.5487154762,135047.26753332303,CHINA_OESOPHAGEAL_NEW_DIAGNOSIS_DERIVED,Event-specific first-year cost; no annual patient-year cost added for the same outcome,31041897.66932863,26777013.61351718,13545191.501793167,11684201.175612511,61327235.36827693,52901411.95067087
S3,2030,renal_cancer,direct_medical,avoided_incident_case_first_year,111.92305522343841,13135.225379367826,4654.616770652017,29653.851952691733,INTERNATIONAL_PROXY_RENAL,Event-specific first-year cost; no annual patient-year cost added for the same outcome,1470134.555507295,1268150.981807301,520958.9298656283,449383.74920546456,3318949.7096887836,2862955.1745068156
S3,2030,stroke,direct_medical,avoided_incident_case_first_year,13716.55983495169,29612.850356671155,4730.172689851648,100820.84684525008,CHINA_FIRST_ISCHAEMIC_STROKE_ONE_YEAR,Event-specific first-year cost; no annual patient-year cost added for the same outcome,406186433.8007504,350379985.89420396,64881696.73000451,55967521.54505118,1382915178.363373,1192914780.9144385
S3,2031,bladder_cancer,direct_medical,avoided_incident_case_first_year,121.33578414901282,17917.502226658013,6349.271058827539,40450.2353820222,INTERNATIONAL_PROXY_BLADDER,Event-specific first-year cost; no annual patient-year cost added for the same outcome,2174034.1826632335,1820719.4014725739,770393.7826974724,645192.6644561014,4908061.029089807,4110423.842705288
S3,2031,breast_cancer,direct_medical,avoided_incident_case_first_year,360.10741518073826,53995.542586727424,26175.98574835096,99226.21468667472,CHINA_BREAST_NEW_DIAGNOSIS_COURSE,Event-specific first-year cost; no annual patient-year cost added for the same outcome,19444195.272187885,16284207.424340095,9426166.567646507,7894266.101281747,35732095.68898744,29925067.597840853
S3,2031,colon_cancer,direct_medical,avoided_incident_case_first_year,913.8195447879368,72296.25822013385,35047.815693114135,132856.9673630357,CHINA_CRC_NEW_DIAGNOSIS_COURSE,Event-specific first-year cost; no annual patient-year cost added for the same outcome,66065733.77659385,55329011.94415089,32027378.982493065,26822425.680678897,121407293.43759507,101676696.9005586
S3,2031,coronary_heart_disease,direct_medical,avoided_incident_case_first_year,8590.716760498779,21846.326995845397,8586.27962692537,46223.917226713966,CHINA_INCIDENT_MI_IMMEDIATE_PROXY,Event-specific first-year cost; no annual patient-year cost added for the same outcome,187675607.478546,157175366.62682337,73762296.30135699,61774761.889221415,397096580.4554399,332562134.514345
S3,2031,endometrial_cancer,direct_medical,avoided_incident_case_first_year,62.00427383624135,22329.17043600619,7912.595953582618,50409.93932055516,INTERNATIONAL_PROXY_ENDOMETRIAL,Event-specific first-year cost; no annual patient-year cost added for the same outcome,1384503.9982502325,1159500.3018501434,490614.7662614719,410882.14284051355,3125631.6817000126,2617667.3256154153
S3,2031,gastric_cancer,direct_medical,avoided_incident_case_first_year,1491.7880344657417,64762.28390756019,31395.4919125426,119011.97726255516,CHINA_GASTRIC_NEW_DIAGNOSIS_COURSE,Event-specific first-year cost; no annual patient-year cost added for the same outcome,96611600.21797155,80910694.19556627,46835419.171297014,39223926.21114105,177540643.6383887,148687493.9686335
S3,2031,oesophageal_cancer,direct_medical,avoided_incident_case_first_year,719.4269273266104,68356.63525540795,29827.5487154762,135047.26753332303,CHINA_OESOPHAGEAL_NEW_DIAGNOSIS_DERIVED,Event-specific first-year cost; no annual patient-year cost added for the same outcome,49177604.064183995,41185469.185176186,21458741.72205983,17971358.360465795,97156640.7253533,81367157.03975336
S3,2031,renal_cancer,direct_medical,avoided_incident_case_first_year,182.59967698108517,13135.225379367826,4654.616770652017,29653.851952691733,INTERNATIONAL_PROXY_RENAL,Event-specific first-year cost; no annual patient-year cost added for the same outcome,2398487.911346317,2008695.8655986006,849931.5187918001,711804.26624736,5414783.787806432,4534796.175633771
S3,2031,stroke,direct_medical,avoided_incident_case_first_year,16491.707111816857,29612.850356671155,4730.172689851648,100820.84684525008,CHINA_FIRST_ISCHAEMIC_STROKE_ONE_YEAR,Event-specific first-year cost; no annual patient-year cost added for the same outcome,488366454.82828206,408999217.4110952,78008622.5893483,65330993.30415608,1662707876.937209,1392491670.3988152
S3,2032,bladder_cancer,direct_medical,avoided_incident_case_first_year,183.4249569849645,17917.502226658013,6349.271058827539,40450.2353820222,INTERNATIONAL_PROXY_BLADDER,Event-specific first-year cost; no annual patient-year cost added for the same outcome,3286517.0752027514,2672239.1357323434,1164614.7708513213,946938.3841642942,7419582.684979111,6032799.698866643
S3,2032,breast_cancer,direct_medical,avoided_incident_case_first_year,533.1047265374951,53995.542586727424,26175.98574835096,99226.21468667472,CHINA_BREAST_NEW_DIAGNOSIS_COURSE,Event-specific first-year cost; no annual patient-year cost added for the same outcome,28785278.964940995,23405065.978043918,13954541.724224009,11346319.420653187,52897964.04589051,43010885.53305949
S3,2032,colon_cancer,direct_medical,avoided_incident_case_first_year,1376.6967553520608,72296.25822013385,35047.815693114135,132856.9673630357,CHINA_CRC_NEW_DIAGNOSIS_COURSE,Event-specific first-year cost; no annual patient-year cost added for the same outcome,99530024.11575302,80927017.73231806,48250214.146887265,39231839.543333024,182903755.8946059,148717491.31072095
S3,2032,coronary_heart_disease,direct_medical,avoided_incident_case_first_year,10207.830134352336,21846.326995845397,8586.27962692537,46223.917226713966,CHINA_INCIDENT_MI_IMMEDIATE_PROXY,Event-specific first-year cost; no annual patient-year cost added for the same outcome,223003595.03310558,181322330.120469,87647283.91770433,71265262.54578622,471845895.1946589,383653892.0449828
S3,2032,endometrial_cancer,direct_medical,avoided_incident_case_first_year,89.1190486277972,22329.17043600619,7912.595953582618,50409.93932055516,INTERNATIONAL_PROXY_ENDOMETRIAL,Event-specific first-year cost; no annual patient-year cost added for the same outcome,1989954.4259048072,1618015.0516633352,705163.0235594406,573362.0685693944,4492485.833632861,3652802.096157149
S3,2032,gastric_cancer,direct_medical,avoided_incident_case_first_year,2173.577634376742,64762.28390756019,31395.4919125426,119011.97726255516,CHINA_GASTRIC_NEW_DIAGNOSIS_COURSE,Event-specific first-year cost; no annual patient-year cost added for the same outcome,140765851.85262963,114455519.22838923,68240539.04135847,55485803.02402329,258681772.00084326,210331952.95314246
S3,2032,oesophageal_cancer,direct_medical,avoided_incident_case_first_year,1048.572667061566,68356.63525540795,29827.5487154762,135047.26753332303,CHINA_OESOPHAGEAL_NEW_DIAGNOSIS_DERIVED,Event-specific first-year cost; no annual patient-year cost added for the same outcome,71676899.34111778,58279878.41367488,31276352.30849567,25430536.56782193,141606873.4967934,115139346.78811482
S3,2032,renal_cancer,direct_medical,avoided_incident_case_first_year,273.1769431646507,13135.225379367826,4654.616770652017,29653.851952691733,INTERNATIONAL_PROXY_RENAL,Event-specific first-year cost; no annual patient-year cost added for the same outcome,3588240.7169144424,2917568.0675797225,1271533.981009636,1033873.4863435561,8100748.629493436,6586649.946167418
S3,2032,stroke,direct_medical,avoided_incident_case_first_year,19493.68947869661,29612.850356671155,4730.172689851648,100820.84684525008,CHINA_FIRST_ISCHAEMIC_STROKE_ONE_YEAR,Event-specific first-year cost; no annual patient-year cost added for the same outcome,577263709.4320577,469368221.94578236,92208517.59657912,74973962.93133274,1965370281.380534,1598025892.4370105
S3,2033,bladder_cancer,direct_medical,avoided_incident_case_first_year,264.9275312012127,17917.502226658013,6349.271058827539,40450.2353820222,INTERNATIONAL_PROXY_BLADDER,Event-specific first-year cost; no annual patient-year cost added for the same outcome,4746839.630200738,3747199.0378878093,1682096.7065424894,1327862.6731536991,10716380.996267082,8459610.116879607
S3,2033,breast_cancer,direct_medical,avoided_incident_case_first_year,743.8120366352226,53995.542586727424,26175.98574835096,99226.21468667472,CHINA_BREAST_NEW_DIAGNOSIS_COURSE,Event-specific first-year cost; no annual patient-year cost added for the same outcome,40162534.500657625,31704675.608271156,19470013.27041549,15369808.267880853,73805652.83369936,58262863.89149076
S3,2033,colon_cancer,direct_medical,avoided_incident_case_first_year,1973.1043639319773,72296.25822013385,35047.815693114135,132856.9673630357,CHINA_CRC_NEW_DIAGNOSIS_COURSE,Event-specific first-year cost; no annual patient-year cost added for the same outcome,142648062.5900992,112607697.86561655,69152998.09036714,54590015.27302977,262140662.08277404,206936259.33731076
S3,2033,coronary_heart_disease,direct_medical,avoided_incident_case_first_year,12175.017878255669,21846.326995845397,8586.27962692537,46223.917226713966,CHINA_INCIDENT_MI_IMMEDIATE_PROXY,Event-specific first-year cost; no annual patient-year cost added for the same outcome,265979421.74863717,209966611.665855,104538107.9655188,82523347.76568772,562777018.6382527,444261375.3727025
S3,2033,endometrial_cancer,direct_medical,avoided_incident_case_first_year,120.7176008313919,22329.17043600619,7912.595953582618,50409.93932055516,INTERNATIONAL_PROXY_ENDOMETRIAL,Event-specific first-year cost; no annual patient-year cost added for the same outcome,2695523.883589912,2127871.4450196386,955189.5998646732,754035.4906538061,6085366.932833465,4803844.850967407
S3,2033,gastric_cancer,direct_medical,avoided_incident_case_first_year,3015.2090948205987,64762.28390756019,31395.4919125426,119011.97726255516,CHINA_GASTRIC_NEW_DIAGNOSIS_COURSE,Event-specific first-year cost; no annual patient-year cost added for the same outcome,195271827.4394292,154149383.78204274,94663972.751065,74728614.24653348,358845996.23463863,283276343.12420744
S3,2033,oesophageal_cancer,direct_medical,avoided_incident_case_first_year,1457.7626963296866,68356.63525540795,29827.5487154762,135047.26753332303,CHINA_OESOPHAGEAL_NEW_DIAGNOSIS_DERIVED,Event-specific first-year cost; no annual patient-year cost added for the same outcome,99647752.9219484,78662856.33521952,43481487.840377666,34324688.022903234,196866868.85133353,155408524.20171317
S3,2033,renal_cancer,direct_medical,avoided_incident_case_first_year,387.13447434874104,13135.225379367826,4654.616770652017,29653.851952691733,INTERNATIONAL_PROXY_RENAL,Event-specific first-year cost; no annual patient-year cost added for the same outcome,5085098.572693806,4014223.7706811037,1801962.6168012032,1422485.9295913733,11480028.388120702,9062440.419768605
S3,2033,stroke,direct_medical,avoided_incident_case_first_year,22945.228691259937,29612.850356671155,4730.172689851648,100820.84684525008,CHINA_FIRST_ISCHAEMIC_STROKE_ONE_YEAR,Event-specific first-year cost; no annual patient-year cost added for the same outcome,679473623.6338781,536382752.9693349,108534894.11779822,85678447.66187516,2313357387.7107563,1826185684.1272342
S3,2034,bladder_cancer,direct_medical,avoided_incident_case_first_year,367.2600726012529,17917.502226658013,6349.271058827539,40450.2353820222,INTERNATIONAL_PROXY_BLADDER,Event-specific first-year cost; no annual patient-year cost added for the same outcome,6580383.168595532,5043315.765643988,2331833.7500300356,1787156.403066605,14855756.383139241,11385700.263658551
S3,2034,breast_cancer,direct_medical,avoided_incident_case_first_year,993.877928489067,53995.542586727424,26175.98574835096,99226.21468667472,CHINA_BREAST_NEW_DIAGNOSIS_COURSE,Event-specific first-year cost; no annual patient-year cost added for the same outcome,53664978.013739854,41129737.09058307,26015734.491730392,19938894.21867139,98618744.70460372,75583056.06433272
S3,2034,colon_cancer,direct_medical,avoided_incident_case_first_year,2712.4231545012644,72296.25822013385,35047.815693114135,132856.9673630357,CHINA_CRC_NEW_DIAGNOSIS_COURSE,Event-specific first-year cost; no annual patient-year cost added for the same outcome,196098044.78009343,150292822.6993334,95064506.80069557,72859028.66404757,360364314.5123169,276189240.38178086
S3,2034,coronary_heart_disease,direct_medical,avoided_incident_case_first_year,14340.634382346772,21846.326995845397,8586.27962692537,46223.917226713966,CHINA_INCIDENT_MI_IMMEDIATE_PROXY,Event-specific first-year cost; no annual patient-year cost added for the same outcome,313290188.044611,240110842.1964711,123132696.83432959,94370959.1524253,662880296.6681656,508042550.9073893
S3,2034,endometrial_cancer,direct_medical,avoided_incident_case_first_year,156.63711868724505,22329.17043600619,7912.595953582618,50409.93932055516,INTERNATIONAL_PROXY_ENDOMETRIAL,Event-specific first-year cost; no annual patient-year cost added for the same outcome,3497576.9197724247,2680601.4739724686,1239406.2315055353,949901.6739968009,7896067.64837062,6051678.365428435
S3,2034,gastric_cancer,direct_medical,avoided_incident_case_first_year,4013.16785951524,64762.28390756019,31395.4919125426,119011.97726255516,CHINA_GASTRIC_NEW_DIAGNOSIS_COURSE,Event-specific first-year cost; no annual patient-year cost added for the same outcome,259901916.28662157,199193177.4102393,125995379.0770866,96564966.72265726,477615042.0474449,366052159.8441666
S3,2034,oesophageal_cancer,direct_medical,avoided_incident_case_first_year,1945.4530630951233,68356.63525540795,29827.5487154762,135047.26753332303,CHINA_OESOPHAGEAL_NEW_DIAGNOSIS_DERIVED,Event-specific first-year cost; no annual patient-year cost added for the same outcome,132984625.4405095,101921642.08205642,58028096.01314218,44473703.73051466,262728120.28532988,201359227.44386584
S3,2034,renal_cancer,direct_medical,avoided_incident_case_first_year,525.9277177885378,13135.225379367826,4654.616770652017,29653.851952691733,INTERNATIONAL_PROXY_RENAL,Event-specific first-year cost; no annual patient-year cost added for the same outcome,6908179.106409002,5294544.057178502,2447991.9753692695,1876182.0105659354,15595782.68111834,11952868.800804043
S3,2034,stroke,direct_medical,avoided_incident_case_first_year,26657.03973209244,29612.850356671155,4730.172689851648,100820.84684525008,CHINA_FIRST_ISCHAEMIC_STROKE_ONE_YEAR,Event-specific first-year cost; no annual patient-year cost added for the same outcome,789390928.5382907,605002415.9920181,126092401.33303395,96639326.20302504,2687585320.177038,2059810358.9847853
S3,2035,bladder_cancer,direct_medical,avoided_incident_case_first_year,387.08931619761745,17917.502226658013,6349.271058827539,40450.2353820222,INTERNATIONAL_PROXY_BLADDER,Event-specific first-year cost; no annual patient-year cost added for the same outcome,6935673.684886338,5160792.584633269,2457734.9925148743,1828785.6523590658,15657853.954059644,11650913.847557405
S3,2035,breast_cancer,direct_medical,avoided_incident_case_first_year,1014.7111426790259,53995.542586727424,26175.98574835096,99226.21468667472,CHINA_BREAST_NEW_DIAGNOSIS_COURSE,Event-specific first-year cost; no annual patient-year cost added for the same outcome,54789878.71775219,40768815.35180898,26561064.4094591,19763926.40025849,100685945.68843004,74919799.50238293
S3,2035,colon_cancer,direct_medical,avoided_incident_case_first_year,2838.99932911224,72296.25822013385,35047.815693114135,132856.9673630357,CHINA_CRC_NEW_DIAGNOSIS_COURSE,Event-specific first-year cost; no annual patient-year cost added for the same outcome,205249028.5842853,152724553.20803064,99500725.23960046,74037884.17859767,377180841.21154517,280657968.7611386
S3,2035,coronary_heart_disease,direct_medical,avoided_incident_case_first_year,14996.949394928453,21846.326995845397,8586.27962692537,46223.917226713966,CHINA_INCIDENT_MI_IMMEDIATE_PROXY,Event-specific first-year cost; no annual patient-year cost added for the same outcome,327628260.42175275,243786194.92802572,128768001.05570494,95815486.0189651,693217747.484391,515819107.6015498
S3,2035,endometrial_cancer,direct_medical,avoided_incident_case_first_year,156.2393492499503,22329.17043600619,7912.595953582618,50409.93932055516,INTERNATIONAL_PROXY_ENDOMETRIAL,Event-specific first-year cost; no annual patient-year cost added for the same outcome,3488695.058212836,2595916.763746447,1236258.8426655382,919892.6820646947,7876016.1151730195,5860495.664928787
S3,2035,gastric_cancer,direct_medical,avoided_incident_case_first_year,4089.3769084513915,64762.28390756019,31395.4919125426,119011.97726255516,CHINA_GASTRIC_NEW_DIAGNOSIS_COURSE,Event-specific first-year cost; no annual patient-year cost added for the same outcome,264837388.35014978,197063889.10848725,128387999.65662412,95532729.29025683,486684831.6466351,362139221.7007982
S3,2035,oesophageal_cancer,direct_medical,avoided_incident_case_first_year,1987.4926794802436,68356.63525540795,29827.5487154762,135047.26753332303,CHINA_OESOPHAGEAL_NEW_DIAGNOSIS_DERIVED,Event-specific first-year cost; no annual patient-year cost added for the same outcome,135858312.16402444,101091343.3693903,59282034.718849294,44111401.29699214,268405455.6062895,199718866.24172306
S3,2035,renal_cancer,direct_medical,avoided_incident_case_first_year,544.834671402529,13135.225379367826,4654.616770652017,29653.851952691733,INTERNATIONAL_PROXY_RENAL,Event-specific first-year cost; no annual patient-year cost added for the same outcome,7156526.203366029,5325127.599723624,2535996.5987428925,1887019.6373233777,16156446.684464043,12021913.664263062
S3,2035,stroke,direct_medical,avoided_incident_case_first_year,27568.478052076287,29612.850356671155,4730.172689851648,100820.84684525008,CHINA_FIRST_ISCHAEMIC_STROKE_ONE_YEAR,Event-specific first-year cost; no annual patient-year cost added for the same outcome,816381215.1173081,607464294.4047831,130403661.98270582,97032571.36158079,2779477303.4450216,2068192148.0869985
S3,2036,bladder_cancer,direct_medical,avoided_incident_case_first_year,405.35829911554276,17917.502226658013,6349.271058827539,40450.2353820222,INTERNATIONAL_PROXY_BLADDER,Event-specific first-year cost; no annual patient-year cost added for the same outcome,7263008.226997042,5246951.675294515,2573729.7170298724,1859317.1077968911,16396838.613279866,11845425.083189515
S3,2036,breast_cancer,direct_medical,avoided_incident_case_first_year,1031.70851611754,53995.542586727424,26175.98574835096,99226.21468667472,CHINA_BREAST_NEW_DIAGNOSIS_COURSE,Event-specific first-year cost; no annual patient-year cost added for the same outcome,55707661.11911399,40244399.66200155,27005987.414345045,19509699.90368125,102372530.71434964,73956094.32730645
S3,2036,colon_cancer,direct_medical,avoided_incident_case_first_year,2954.3336472502465,72296.25822013385,35047.815693114135,132856.9673630357,CHINA_CRC_NEW_DIAGNOSIS_COURSE,Event-specific first-year cost; no annual patient-year cost added for the same outcome,213587268.23003367,154299986.97998315,103542941.16479231,74801623.73905978,392503808.9522443,283553102.7331569
S3,2036,coronary_heart_disease,direct_medical,avoided_incident_case_first_year,15619.341098828649,21846.326995845397,8586.27962692537,46223.917226713966,CHINA_INCIDENT_MI_IMMEDIATE_PROXY,Event-specific first-year cost; no annual patient-year cost added for the same outcome,341225233.1046578,246508368.50717708,134112030.26287055,96885384.10975476,721987130.088067,521578864.2060979
S3,2036,endometrial_cancer,direct_medical,avoided_incident_case_first_year,156.15515468484259,22329.17043600619,7912.595953582618,50409.93932055516,INTERNATIONAL_PROXY_ENDOMETRIAL,Event-specific first-year cost; no annual patient-year cost added for the same outcome,3486815.0634187604,2518949.3893787744,1235592.6450903532,892618.4160222141,7871771.87225482,5686735.485048554
S3,2036,gastric_cancer,direct_medical,avoided_incident_case_first_year,4166.279090709252,64762.28390756019,31395.4919125426,119011.97726255516,CHINA_GASTRIC_NEW_DIAGNOSIS_COURSE,Event-specific first-year cost; no annual patient-year cost added for the same outcome,269817749.31064427,194922082.90600038,130802381.49775766,94494423.42376839,495837112.4129485,358203279.7344061
S3,2036,oesophageal_cancer,direct_medical,avoided_incident_case_first_year,2030.2640127449488,68356.63525540795,29827.5487154762,135047.26753332303,CHINA_OESOPHAGEAL_NEW_DIAGNOSIS_DERIVED,Event-specific first-year cost; no annual patient-year cost added for the same outcome,138782016.5913874,100259081.59490065,60557798.74542815,43748242.27768312,274181607.29244506,198074626.76010862
S3,2036,renal_cancer,direct_medical,avoided_incident_case_first_year,561.6973996551526,13135.225379367826,4654.616770652017,29653.851952691733,INTERNATIONAL_PROXY_RENAL,Event-specific first-year cost; no annual patient-year cost added for the same outcome,7378021.939475274,5330040.028289402,2614486.1364665017,1888760.4123558954,16656491.531585816,12033003.875904694
S3,2036,stroke,direct_medical,avoided_incident_case_first_year,28432.18150928745,29612.850356671155,4730.172689851648,100820.84684525008,CHINA_FIRST_ISCHAEMIC_STROKE_ONE_YEAR,Event-specific first-year cost; no annual patient-year cost added for the same outcome,841957936.3482419,608248327.2191561,134489128.4881365,97157807.89105451,2866556617.424221,2070861491.002235
S3,2037,bladder_cancer,direct_medical,avoided_incident_case_first_year,421.25095427430415,17917.502226658013,6349.271058827539,40450.2353820222,INTERNATIONAL_PROXY_BLADDER,Event-specific first-year cost; no annual patient-year cost added for the same outcome,7547764.911191657,5293850.449136329,2674636.492477322,1875936.2226534972,17039700.255297072,11951302.92358443
S3,2037,breast_cancer,direct_medical,avoided_incident_case_first_year,1044.7404819457997,53995.542586727424,26175.98574835096,99226.21468667472,CHINA_BREAST_NEW_DIAGNOSIS_COURSE,Event-specific first-year cost; no annual patient-year cost added for the same outcome,56411329.18498256,39565771.305289425,27347111.966138564,19180714.114434082,103665643.35341394,72708996.51534492
S3,2037,colon_cancer,direct_medical,avoided_incident_case_first_year,3054.296613938401,72296.25822013385,35047.815693114135,132856.9673630357,CHINA_CRC_NEW_DIAGNOSIS_COURSE,Event-specific first-year cost; no annual patient-year cost added for the same outcome,220814216.68217114,154874648.84144634,107046424.79741566,75080208.59949748,405784585.55504465,284609144.0007524
S3,2037,coronary_heart_disease,direct_medical,avoided_incident_case_first_year,16172.439536050018,21846.326995845397,8586.27962692537,46223.917226713966,CHINA_INCIDENT_MI_IMMEDIATE_PROXY,Event-specific first-year cost; no annual patient-year cost added for the same outcome,353308402.4250869,247803404.9640781,138861088.10606867,97394373.33930029,747553506.4684125,524318988.804652
S3,2037,endometrial_cancer,direct_medical,avoided_incident_case_first_year,156.41825426833012,22329.17043600619,7912.595953582618,50409.93932055516,INTERNATIONAL_PROXY_ENDOMETRIAL,Event-specific first-year cost; no annual patient-year cost added for the same outcome,3492689.8588600955,2449702.3947585053,1237674.445790046,868079.9545061265,7885034.706293689,5530404.6976177
S3,2037,gastric_cancer,direct_medical,avoided_incident_case_first_year,4239.998382608099,64762.28390756019,31395.4919125426,119011.97726255516,CHINA_GASTRIC_NEW_DIAGNOSIS_COURSE,Event-specific first-year cost; no annual patient-year cost added for the same outcome,274591979.0220617,192593289.34844497,133116834.93036626,93365469.73512803,504610591.1042257,353923715.93278706
S3,2037,oesophageal_cancer,direct_medical,avoided_incident_case_first_year,2071.4164373272743,68356.63525540795,29827.5487154762,135047.26753332303,CHINA_OESOPHAGEAL_NEW_DIAGNOSIS_DERIVED,Event-specific first-year cost; no annual patient-year cost added for the same outcome,141595057.86843708,99311924.72368146,61785274.69441743,43334948.562860414,279739129.78465927,196203397.3336508
S3,2037,renal_cancer,direct_medical,avoided_incident_case_first_year,576.1166219597656,13135.225379367826,4654.616770652017,29653.851952691733,INTERNATIONAL_PROXY_RENAL,Event-specific first-year cost; no annual patient-year cost added for the same outcome,7567421.674241572,5307637.30724926,2681602.090425313,1880821.7529077316,17084077.01507976,11982427.890044164
S3,2037,stroke,direct_medical,avoided_incident_case_first_year,29207.99995208614,29612.850356671155,4730.172689851648,100820.84684525008,CHINA_FIRST_ISCHAEMIC_STROKE_ONE_YEAR,Event-specific first-year cost; no annual patient-year cost added for the same outcome,864932131.7987851,606645994.9760845,138158883.6985461,96901861.29608114,2944775289.8253484,2065406139.97293
S3,2038,bladder_cancer,direct_medical,avoided_incident_case_first_year,436.1856918303162,17917.502226658013,6349.271058827539,40450.2353820222,INTERNATIONAL_PROXY_BLADDER,Event-specific first-year cost; no annual patient-year cost added for the same outcome,7815358.104606057,5321878.573858034,2769461.189412894,1885868.3079898094,17643813.904806487,12014578.721068235
S3,2038,breast_cancer,direct_medical,avoided_incident_case_first_year,1054.296761402451,53995.542586727424,26175.98574835096,99226.21468667472,CHINA_BREAST_NEW_DIAGNOSIS_COURSE,Event-specific first-year cost; no annual patient-year cost added for the same outcome,56927325.67935485,38764738.70358471,27597257.001003128,18792389.13496918,104613876.79038548,71236959.58229417
S3,2038,colon_cancer,direct_medical,avoided_incident_case_first_year,3145.850707656262,72296.25822013385,35047.815693114135,132856.9673630357,CHINA_CRC_NEW_DIAGNOSIS_COURSE,Event-specific first-year cost; no annual patient-year cost added for the same outcome,227433235.0827079,154870966.1885533,110255195.79998934,75078423.3212129,417948184.7960708,284602376.4846006
S3,2038,coronary_heart_disease,direct_medical,avoided_incident_case_first_year,16752.234879667078,21846.326995845397,8586.27962692537,46223.917226713966,CHINA_INCIDENT_MI_IMMEDIATE_PROXY,Event-specific first-year cost; no annual patient-year cost added for the same outcome,365974801.0924137,249211031.20761573,143839373.052754,97947613.8240514,774353918.4402016,527297338.390823
S3,2038,endometrial_cancer,direct_medical,avoided_incident_case_first_year,156.93152689038916,22329.17043600619,7912.595953582618,50409.93932055516,INTERNATIONAL_PROXY_ENDOMETRIAL,Event-specific first-year cost; no annual patient-year cost added for the same outcome,3504150.810718188,2386156.1900967294,1241735.764662435,845561.632864338,7910908.748026588,5386943.912532455
S3,2038,gastric_cancer,direct_medical,avoided_incident_case_first_year,4323.52276576205,64762.28390756019,31395.4919125426,119011.97726255516,CHINA_GASTRIC_NEW_DIAGNOSIS_COURSE,Event-specific first-year cost; no annual patient-year cost added for the same outcome,280001208.83708173,190667198.35732034,135739124.02617624,92431738.39512482,514550993.09301263,350384188.2415072
S3,2038,oesophageal_cancer,direct_medical,avoided_incident_case_first_year,2118.017848450788,68356.63525540795,29827.5487154762,135047.26753332303,CHINA_OESOPHAGEAL_NEW_DIAGNOSIS_DERIVED,Event-specific first-year cost; no annual patient-year cost added for the same outcome,144780573.53099442,98588525.55091141,63175280.55491396,43019291.948313594,286032523.02008677,194774229.83215746
S3,2038,renal_cancer,direct_medical,avoided_incident_case_first_year,588.7551066078826,13135.225379367826,4654.616770652017,29653.851952691733,INTERNATIONAL_PROXY_RENAL,Event-specific first-year cost; no annual patient-year cost added for the same outcome,7733431.01854827,5266090.214825247,2740429.3930240665,1866099.0673364282,17458856.76774139,11888631.910742454
S3,2038,stroke,direct_medical,avoided_incident_case_first_year,30009.94350228705,29612.850356671155,4730.172689851648,100820.84684525008,CHINA_FIRST_ISCHAEMIC_STROKE_ONE_YEAR,Event-specific first-year cost; no annual patient-year cost added for the same outcome,888679966.1453823,605147813.7717897,141952215.17850912,96662551.14080565,3025627917.6786904,2060305384.8640716
S3,2039,bladder_cancer,direct_medical,avoided_incident_case_first_year,450.4311298407378,17917.502226658013,6349.271058827539,40450.2353820222,INTERNATIONAL_PROXY_BLADDER,Event-specific first-year cost; no annual patient-year cost added for the same outcome,8070600.771877504,5335617.873941708,2859909.336692786,1890736.9855145165,18220045.225448046,12045596.321364217
S3,2039,breast_cancer,direct_medical,avoided_incident_case_first_year,1060.8048206478015,53995.542586727424,26175.98574835096,99226.21468667472,CHINA_BREAST_NEW_DIAGNOSIS_COURSE,Event-specific first-year cost; no annual patient-year cost added for the same outcome,57278731.86949412,37867989.53363296,27767611.867058847,18357662.63037299,105259646.87425824,69589026.78275226
S3,2039,colon_cancer,direct_medical,avoided_incident_case_first_year,3230.555892782671,72296.25822013385,35047.815693114135,132856.9673630357,CHINA_CRC_NEW_DIAGNOSIS_COURSE,Event-specific first-year cost; no annual patient-year cost added for the same outcome,233557103.01919103,154408759.48140073,113223927.51655084,74854354.52590844,429201858.81189,283752991.1509894
S3,2039,coronary_heart_disease,direct_medical,avoided_incident_case_first_year,17377.91515941238,21846.326995845397,8586.27962692537,46223.917226713966,CHINA_INCIDENT_MI_IMMEDIATE_PROXY,Event-specific first-year cost; no annual patient-year cost added for the same outcome,379643617.07858163,250989155.11603585,149211638.89170006,98646471.30668086,803275311.9015356,531059611.67261
S3,2039,endometrial_cancer,direct_medical,avoided_incident_case_first_year,157.66204065118527,22329.17043600619,7912.595953582618,50409.93932055516,INTERNATIONAL_PROXY_ENDOMETRIAL,Event-specific first-year cost; no annual patient-year cost added for the same outcome,3520462.576988852,2327440.494365431,1247516.0248901467,824755.0570989394,7947733.90238115,5254388.398772476
S3,2039,gastric_cancer,direct_medical,avoided_incident_case_first_year,4420.923608875486,64762.28390756019,31395.4919125426,119011.97726255516,CHINA_GASTRIC_NEW_DIAGNOSIS_COURSE,Event-specific first-year cost; no annual patient-year cost added for the same outcome,286309109.8916298,189284050.51743615,138797071.40841895,91761215.30358411,526142860.01898265,347842413.16288257
S3,2039,oesophageal_cancer,direct_medical,avoided_incident_case_first_year,2172.0310912425057,68356.63525540795,29827.5487154762,135047.26753332303,CHINA_OESOPHAGEAL_NEW_DIAGNOSIS_DERIVED,Event-specific first-year cost; no annual patient-year cost added for the same outcome,148472737.06746966,98157970.15393028,64786363.18556477,42831418.276208736,293326863.86972225,193923612.62920752
S3,2039,renal_cancer,direct_medical,avoided_incident_case_first_year,599.8663871947834,13135.225379367826,4654.616770652017,29653.851952691733,INTERNATIONAL_PROXY_RENAL,Event-specific first-year cost; no annual patient-year cost added for the same outcome,7879380.193310607,5209198.544612194,2792148.1459872755,1845938.8557956326,17788349.037270166,11760194.284655795
S3,2039,stroke,direct_medical,avoided_incident_case_first_year,30865.760746229043,29612.850356671155,4730.172689851648,100820.84684525008,CHINA_FIRST_ISCHAEMIC_STROKE_ONE_YEAR,Event-specific first-year cost; no annual patient-year cost added for the same outcome,914023154.1228952,604276982.1211419,146000378.53330764,96523449.90462814,3111912136.9576902,2057340523.8857977
S3,2040,bladder_cancer,direct_medical,avoided_incident_case_first_year,462.7443017421556,17917.502226658013,6349.271058827539,40450.2353820222,INTERNATIONAL_PROXY_BLADDER,Event-specific first-year cost; no annual patient-year cost added for the same outcome,8291222.05683838,5321819.9357009,2938089.002688826,1885847.5288907292,18718115.927159697,12014446.340604236
S3,2040,breast_cancer,direct_medical,avoided_incident_case_first_year,1064.9394803927364,53995.542586727424,26175.98574835096,99226.21468667472,CHINA_BREAST_NEW_DIAGNOSIS_COURSE,Event-specific first-year cost; no annual patient-year cost added for the same outcome,57501985.065833375,36908336.113532774,27875840.661616545,17892441.372385796,105669913.50976549,67825496.46662077
S3,2040,colon_cancer,direct_medical,avoided_incident_case_first_year,3303.1635303178964,72296.25822013385,35047.815693114135,132856.9673630357,CHINA_CRC_NEW_DIAGNOSIS_COURSE,Event-specific first-year cost; no annual patient-year cost added for the same outcome,238806363.53119156,153280717.54685906,115768666.61479786,74307501.8008955,438848289.3422146,281680017.60891193
S3,2040,coronary_heart_disease,direct_medical,avoided_incident_case_first_year,17979.66205095482,21846.326995845397,8586.27962692537,46223.917226713966,CHINA_INCIDENT_MI_IMMEDIATE_PROXY,Event-specific first-year cost; no annual patient-year cost added for the same outcome,392789576.4399513,252116682.45087892,154378405.9671166,99089624.29005447,831090410.4076258,533445309.2869758
S3,2040,endometrial_cancer,direct_medical,avoided_incident_case_first_year,158.83069218061883,22329.17043600619,7912.595953582618,50409.93932055516,INTERNATIONAL_PROXY_ENDOMETRIAL,Event-specific first-year cost; no annual patient-year cost added for the same outcome,3546557.596169873,2276400.3652322157,1256763.0922530908,806668.4058098893,8006645.55506677,5139161.108090429
S3,2040,gastric_cancer,direct_medical,avoided_incident_case_first_year,4525.409626459224,64762.28390756019,31395.4919125426,119011.97726255516,CHINA_GASTRIC_NEW_DIAGNOSIS_COURSE,Event-specific first-year cost; no annual patient-year cost added for the same outcome,293075863.02675813,188114244.1773286,142077461.32844296,91194116.0094562,538577947.5679133,345692690.25086796
S3,2040,oesophageal_cancer,direct_medical,avoided_incident_case_first_year,2229.322436890469,68356.63525540795,29827.5487154762,135047.26753332303,CHINA_OESOPHAGEAL_NEW_DIAGNOSIS_DERIVED,Event-specific first-year cost; no annual patient-year cost added for the same outcome,152388980.685219,97812687.90441541,66495223.58885458,42680753.70532234,301063903.5527868,193241463.42524925
S3,2040,renal_cancer,direct_medical,avoided_incident_case_first_year,608.9824585987479,13135.225379367826,4654.616770652017,29653.851952691733,INTERNATIONAL_PROXY_RENAL,Event-specific first-year cost; no annual patient-year cost added for the same outcome,7999121.84577609,5134331.925393466,2834579.96482663,1819409.0162753395,18058675.669073496,11591176.732357232
S3,2040,stroke,direct_medical,avoided_incident_case_first_year,31700.02299191858,29612.850356671155,4730.172689851648,100820.84684525008,CHINA_FIRST_ISCHAEMIC_STROKE_ONE_YEAR,Event-specific first-year cost; no annual patient-year cost added for the same outcome,938728037.16272,602533806.0091616,149946583.0240426,96245005.78529556,3196023163.059129,2051405651.3661492
S3,2041,bladder_cancer,direct_medical,avoided_incident_case_first_year,474.5266365679788,17917.502226658013,6349.271058827539,40450.2353820222,INTERNATIONAL_PROXY_BLADDER,Event-specific first-year cost; no annual patient-year cost added for the same outcome,8502332.067315297,5298372.250621897,3012898.2402038416,1877538.5745294956,19194714.144214045,11961511.262454895
S3,2041,breast_cancer,direct_medical,avoided_incident_case_first_year,1069.8874911123899,53995.542586727424,26175.98574835096,99226.21468667472,CHINA_BREAST_NEW_DIAGNOSIS_COURSE,Event-specific first-year cost; no annual patient-year cost added for the same outcome,57769155.589366004,35999827.86995575,28005359.71969688,17452014.298281774,106160885.8837058,66155954.32104474
S3,2041,colon_cancer,direct_medical,avoided_incident_case_first_year,3373.225601522287,72296.25822013385,35047.815693114135,132856.9673630357,CHINA_CRC_NEW_DIAGNOSIS_COURSE,Event-specific first-year cost; no annual patient-year cost added for the same outcome,243871589.1224216,151972711.7561647,118224189.17344718,73673406.10899681,448156523.649603,279276329.1342497
S3,2041,coronary_heart_disease,direct_medical,avoided_incident_case_first_year,18548.043273496176,21846.326995845397,8586.27962692537,46223.917226713966,CHINA_INCIDENT_MI_IMMEDIATE_PROXY,Event-specific first-year cost; no annual patient-year cost added for the same outcome,405206618.4858881,252511368.19358334,159258686.07855037,99244747.9477872,857363216.991596,534280411.73256326
S3,2041,endometrial_cancer,direct_medical,avoided_incident_case_first_year,160.02194250840242,22329.17043600619,7912.595953582618,50409.93932055516,INTERNATIONAL_PROXY_ENDOMETRIAL,Event-specific first-year cost; no annual patient-year cost added for the same outcome,3573157.2277709013,2226673.45298222,1266188.9747764152,789047.1078856727,8066696.411805932,5026898.512562979
S3,2041,gastric_cancer,direct_medical,avoided_incident_case_first_year,4625.985588277039,64762.28390756019,31395.4919125426,119011.97726255516,CHINA_GASTRIC_NEW_DIAGNOSIS_COURSE,Event-specific first-year cost; no annual patient-year cost added for the same outcome,299589392.0202794,186694204.44809234,145235093.12429038,90505708.44961224,550547691.6489348,343083119.8995658
S3,2041,oesophageal_cancer,direct_medical,avoided_incident_case_first_year,2284.2193943975885,68356.63525540795,29827.5487154762,135047.26753332303,CHINA_OESOPHAGEAL_NEW_DIAGNOSIS_DERIVED,Event-specific first-year cost; no annual patient-year cost added for the same outcome,156141551.9861648,97302253.03629662,68132665.26322962,42458024.472995386,308477587.66001624,192233034.1200967
S3,2041,renal_cancer,direct_medical,avoided_incident_case_first_year,617.7388867772288,13135.225379367826,4654.616770652017,29653.851952691733,INTERNATIONAL_PROXY_RENAL,Event-specific first-year cost; no annual patient-year cost added for the same outcome,8114139.503418684,5056463.478750437,2875337.7822771966,1791815.445005631,18318337.493912544,11415382.307682533
S3,2041,stroke,direct_medical,avoided_incident_case_first_year,32491.406062305265,29612.850356671155,4730.172689851648,100820.84684525008,CHINA_FIRST_ISCHAEMIC_STROKE_ONE_YEAR,Event-specific first-year cost; no annual patient-year cost added for the same outcome,962163145.6008838,599588262.4744996,153689961.61079663,95774502.96585695,3275811074.3945093,2041377160.6937792
S3,2042,bladder_cancer,direct_medical,avoided_incident_case_first_year,485.2946804670711,17917.502226658013,6349.271058827539,40450.2353820222,INTERNATIONAL_PROXY_BLADDER,Event-specific first-year cost; no annual patient-year cost added for the same outcome,8695268.517854035,5260780.454337976,3081267.4696925324,1864217.4932104861,19630284.054536276,11876644.689598816
S3,2042,breast_cancer,direct_medical,avoided_incident_case_first_year,1075.5719581985127,53995.542586727424,26175.98574835096,99226.21468667472,CHINA_BREAST_NEW_DIAGNOSIS_COURSE,Event-specific first-year cost; no annual patient-year cost added for the same outcome,58076091.4739976,35136990.452153824,28154156.2491302,17033727.549607098,106724934.03517275,64570340.27297783
S3,2042,colon_cancer,direct_medical,avoided_incident_case_first_year,3438.326407159599,72296.25822013385,35047.815693114135,132856.9673630357,CHINA_CRC_NEW_DIAGNOSIS_COURSE,Event-specific first-year cost; no annual patient-year cost added for the same outcome,248578133.77711546,150393859.01255637,120505830.21089694,72908009.09777027,456805619.2594667,276374912.20628214
S3,2042,coronary_heart_disease,direct_medical,avoided_incident_case_first_year,19051.27205286879,21846.326995845397,8586.27962692537,46223.917226713966,CHINA_INCIDENT_MI_IMMEDIATE_PROXY,Event-specific first-year cost; no annual patient-year cost added for the same outcome,416200318.9537824,251808037.73287743,163579549.09455997,98968317.40608087,880624422.435416,532792258.1859794
S3,2042,endometrial_cancer,direct_medical,avoided_incident_case_first_year,161.11892096043377,22329.17043600619,7912.595953582618,50409.93932055516,INTERNATIONAL_PROXY_ENDOMETRIAL,Event-specific first-year cost; no annual patient-year cost added for the same outcome,3597651.8465909357,2176638.5336113246,1274868.9220371258,771316.664128856,8121995.029008789,4913940.565619794
S3,2042,gastric_cancer,direct_medical,avoided_incident_case_first_year,4718.895235420716,64762.28390756019,31395.4919125426,119011.97726255516,CHINA_GASTRIC_NEW_DIAGNOSIS_COURSE,Event-specific first-year cost; no annual patient-year cost added for the same outcome,305606432.9663495,184896917.90059897,148152037.19978687,89634418.99127732,561605052.4622701,339780292.8091887
S3,2042,oesophageal_cancer,direct_medical,avoided_incident_case_first_year,2334.4592323184147,68356.63525540795,29827.5487154762,135047.26753332303,CHINA_OESOPHAGEAL_NEW_DIAGNOSIS_DERIVED,Event-specific first-year cost; no annual patient-year cost added for the same outcome,159575778.26220953,96545970.20711525,69631196.47627069,42128019.01199222,315262340.49254084,190738900.75350103
S3,2042,renal_cancer,direct_medical,avoided_incident_case_first_year,626.0109098457691,13135.225379367826,4654.616770652017,29653.851952691733,INTERNATIONAL_PROXY_RENAL,Event-specific first-year cost; no annual patient-year cost added for the same outcome,8222794.39076729,4974925.837214343,2913840.879579245,1762921.6527202358,18563634.841336288,11231304.373665437
S3,2042,stroke,direct_medical,avoided_incident_case_first_year,33205.29254298756,29612.850356671155,4730.172689851648,100820.84684525008,CHINA_FIRST_ISCHAEMIC_STROKE_ONE_YEAR,Event-specific first-year cost; no annual patient-year cost added for the same outcome,983303359.1249793,594914703.5250193,157066767.94537434,95027977.70263577,3347785713.9282737,2025465414.0907829
S3,2043,bladder_cancer,direct_medical,avoided_incident_case_first_year,495.0239036751758,17917.502226658013,6349.271058827539,40450.2353820222,INTERNATIONAL_PROXY_BLADDER,Event-specific first-year cost; no annual patient-year cost added for the same outcome,8869591.896348905,5209950.451672422,3143040.945032625,1846205.302629348,20023833.423388343,11761891.776704995
S3,2043,breast_cancer,direct_medical,avoided_incident_case_first_year,1080.9595876352103,53995.542586727424,26175.98574835096,99226.21468667472,CHINA_BREAST_NEW_DIAGNOSIS_COURSE,Event-specific first-year cost; no annual patient-year cost added for the same outcome,58366999.44868831,34284460.73890203,28295182.760482594,16620437.77502467,107259528.11031075,63003668.42746358
S3,2043,colon_cancer,direct_medical,avoided_incident_case_first_year,3497.3079565908893,72296.25822013385,35047.815693114135,132856.9673630357,CHINA_CRC_NEW_DIAGNOSIS_COURSE,Event-specific first-year cost; no annual patient-year cost added for the same outcome,252842279.1050236,148518191.32370186,122573004.6846591,71998721.99109405,464641729.0472809,272928046.1158785
S3,2043,coronary_heart_disease,direct_medical,avoided_incident_case_first_year,19501.96604634873,21846.326995845397,8586.27962692537,46223.917226713966,CHINA_INCIDENT_MI_IMMEDIATE_PROXY,Event-specific first-year cost; no annual patient-year cost added for the same outcome,426046327.3104086,250257315.25685564,167449333.7487544,98358835.69295749,901457264.2846099,529511136.0373057
S3,2043,endometrial_cancer,direct_medical,avoided_incident_case_first_year,162.136655887451,22329.17043600619,7912.595953582618,50409.93932055516,INTERNATIONAL_PROXY_ENDOMETRIAL,Event-specific first-year cost; no annual patient-year cost added for the same outcome,3620377.0232349797,2126589.940986115,1282921.8473024622,753581.3750985858,8173298.9849241385,4800951.750180072
S3,2043,gastric_cancer,direct_medical,avoided_incident_case_first_year,4803.008568461095,64762.28390756019,31395.4919125426,119011.97726255516,CHINA_GASTRIC_NEW_DIAGNOSIS_COURSE,Event-specific first-year cost; no annual patient-year cost added for the same outcome,311053804.5211217,182711327.45423603,150792816.6669931,88574887.3774624,571615546.5415494,335763889.6681402
S3,2043,oesophageal_cancer,direct_medical,avoided_incident_case_first_year,2379.892195983563,68356.63525540795,29827.5487154762,135047.26753332303,CHINA_OESOPHAGEAL_NEW_DIAGNOSIS_DERIVED,Event-specific first-year cost; no annual patient-year cost added for the same outcome,162681422.78804025,95558190.50503942,70986350.41328137,41696999.44712132,321397938.0914599,188787415.73391524
S3,2043,renal_cancer,direct_medical,avoided_incident_case_first_year,633.4646229413131,13135.225379367826,4654.616770652017,29653.851952691733,INTERNATIONAL_PROXY_RENAL,Event-specific first-year cost; no annual patient-year cost added for the same outcome,8320700.592190406,4887534.659442252,2948535.0575573924,1731953.5931767768,18784666.14596939,11034011.600014552
S3,2043,stroke,direct_medical,avoided_incident_case_first_year,33845.59015204448,29612.850356671155,4730.172689851648,100820.84684525008,CHINA_FIRST_ISCHAEMIC_STROKE_ONE_YEAR,Event-specific first-year cost; no annual patient-year cost added for the same outcome,1002264396.4057162,588724701.8545057,160095486.2091127,94039225.30293968,3412341061.1063814,2004390738.6415112
S3,2044,bladder_cancer,direct_medical,avoided_incident_case_first_year,503.3546056636717,17917.502226658013,6349.271058827539,40450.2353820222,INTERNATIONAL_PROXY_BLADDER,Event-specific first-year cost; no annual patient-year cost added for the same outcome,9018857.267777404,5143328.277624626,3195934.830067899,1822596.9761892655,20360812.279720485,11611486.73766524
S3,2044,breast_cancer,direct_medical,avoided_incident_case_first_year,1085.2387778173627,53995.542586727424,26175.98574835096,99226.21468667472,CHINA_BREAST_NEW_DIAGNOSIS_COURSE,Event-specific first-year cost; no annual patient-year cost added for the same outcome,58598056.644405425,33417652.902638067,28407194.781705096,16200226.244931037,107684135.95401011,61410758.04388754
S3,2044,colon_cancer,direct_medical,avoided_incident_case_first_year,3548.118910956238,72296.25822013385,35047.815693114135,132856.9673630357,CHINA_CRC_NEW_DIAGNOSIS_COURSE,Event-specific first-year cost; no annual patient-year cost added for the same outcome,256515720.98223227,146287331.33375347,124353817.64844707,70917244.58562747,471392318.3530827,268828452.30324143
S3,2044,coronary_heart_disease,direct_medical,avoided_incident_case_first_year,19879.77581252341,21846.326995845397,8586.27962692537,46223.917226713966,CHINA_INCIDENT_MI_IMMEDIATE_PROXY,Event-specific first-year cost; no annual patient-year cost added for the same outcome,434300083.00448453,247675268.78071654,170693314.0469135,97344011.87117438,918921111.6437125,524047869.7128898
S3,2044,endometrial_cancer,direct_medical,avoided_incident_case_first_year,162.97593487472474,22329.17043600619,7912.595953582618,50409.93932055516,INTERNATIONAL_PROXY_ENDOMETRIAL,Event-specific first-year cost; no annual patient-year cost added for the same outcome,3639117.426785174,2075337.8184233515,1289562.7228210913,735419.6015224074,8215606.987745624,4685245.866889736
S3,2044,gastric_cancer,direct_medical,avoided_incident_case_first_year,4875.279410295325,64762.28390756019,31395.4919125426,119011.97726255516,CHINA_GASTRIC_NEW_DIAGNOSIS_COURSE,Event-specific first-year cost; no annual patient-year cost added for the same outcome,315734229.29822844,180058819.15501183,153061795.29731232,87289003.09680437,580216642.3266705,330889443.6426325
S3,2044,oesophageal_cancer,direct_medical,avoided_incident_case_first_year,2418.923336567057,68356.63525540795,29827.5487154762,135047.26753332303,CHINA_OESOPHAGEAL_NEW_DIAGNOSIS_DERIVED,Event-specific first-year cost; no annual patient-year cost added for the same outcome,165349460.2285087,94296486.70921257,72150553.66045614,41146452.57930209,326668986.97596973,186294758.6652021
S3,2044,renal_cancer,direct_medical,avoided_incident_case_first_year,639.8426234853813,13135.225379367826,4654.616770652017,29653.851952691733,INTERNATIONAL_PROXY_RENAL,Event-specific first-year cost; no annual patient-year cost added for the same outcome,8404477.066806473,4792955.833861002,2978222.20585304,1698438.5087389757,18973798.429857377,10820492.120093696
S3,2044,stroke,direct_medical,avoided_incident_case_first_year,34388.543063881036,29612.850356671155,4730.172689851648,100820.84684525008,CHINA_FIRST_ISCHAEMIC_STROKE_ONE_YEAR,Event-specific first-year cost; no annual patient-year cost added for the same outcome,1018342779.7346509,580746657.7874849,162663747.24455738,92764862.12243778,3467082033.474837,1977228437.5013728
S3,2045,bladder_cancer,direct_medical,avoided_incident_case_first_year,510.0982062020448,17917.502226658013,6349.271058827539,40450.2353820222,INTERNATIONAL_PROXY_BLADDER,Event-specific first-year cost; no annual patient-year cost added for the same outcome,9139685.745439395,5060422.398132248,3238751.777798485,1793218.3331949078,20633592.50882001,11424319.89389442
S3,2045,breast_cancer,direct_medical,avoided_incident_case_first_year,1088.796908780909,53995.542586727424,26175.98574835096,99226.21468667472,CHINA_BREAST_NEW_DIAGNOSIS_COURSE,Event-specific first-year cost; no annual patient-year cost added for the same outcome,58790179.856376745,32550697.170729645,28500332.367097653,15779943.017913993,108037195.82088228,59817575.876303695
S3,2045,colon_cancer,direct_medical,avoided_incident_case_first_year,3590.965843480748,72296.25822013385,35047.815693114135,132856.9673630357,CHINA_CRC_NEW_DIAGNOSIS_COURSE,Event-specific first-year cost; no annual patient-year cost added for the same outcome,259613393.87996492,143741641.6533635,125855509.0425814,69683143.88765629,477084831.86909777,264150304.0959833
S3,2045,coronary_heart_disease,direct_medical,avoided_incident_case_first_year,20156.757825943387,21846.326995845397,8586.27962692537,46223.917226713966,CHINA_INCIDENT_MI_IMMEDIATE_PROXY,Event-specific first-year cost; no annual patient-year cost added for the same outcome,440351122.641625,243811739.93540078,173071559.06576622,95825525.99394284,931724305.3053261,515873157.433665
S3,2045,endometrial_cancer,direct_medical,avoided_incident_case_first_year,163.62917087312985,22329.17043600619,7912.595953582618,50409.93932055516,INTERNATIONAL_PROXY_ENDOMETRIAL,Event-specific first-year cost; no annual patient-year cost added for the same outcome,3653703.644728496,2022967.1210684092,1294731.515338806,716861.448224029,8248536.574787227,4567014.708978882
S3,2045,gastric_cancer,direct_medical,avoided_incident_case_first_year,4935.4598921669185,64762.28390756019,31395.4919125426,119011.97726255516,CHINA_GASTRIC_NEW_DIAGNOSIS_COURSE,Event-specific first-year cost; no annual patient-year cost added for the same outcome,319631654.7508904,176972297.5060253,154951191.12920487,85792717.61053337,587378840.4668223,325217422.48856246
S3,2045,oesophageal_cancer,direct_medical,avoided_incident_case_first_year,2450.975358002334,68356.63525540795,29827.5487154762,135047.26753332303,CHINA_OESOPHAGEAL_NEW_DIAGNOSIS_DERIVED,Event-specific first-year cost; no annual patient-year cost added for the same outcome,167540428.56695846,92763073.14351243,73106586.89124633,40477344.63299961,330997524.88972336,183265304.2271276
S3,2045,renal_cancer,direct_medical,avoided_incident_case_first_year,645.3802191022904,13135.225379367826,4654.616770652017,29653.851952691733,INTERNATIONAL_PROXY_RENAL,Event-specific first-year cost; no annual patient-year cost added for the same outcome,8477214.633294374,4693628.205488693,3003997.5912805945,1663240.6319262153,19138009.470455073,10596251.827179424
S3,2045,stroke,direct_medical,avoided_incident_case_first_year,34815.85015400203,29612.850356671155,4730.172689851648,100820.84684525008,CHINA_FIRST_ISCHAEMIC_STROKE_ONE_YEAR,Event-specific first-year cost; no annual patient-year cost added for the same outcome,1030996560.6507485,570837798.2818202,164684983.5724277,91182082.482628,3510163496.163815,1943492421.055841
S3,2046,bladder_cancer,direct_medical,avoided_incident_case_first_year,515.3260368352313,17917.502226658013,6349.271058827539,40450.2353820222,INTERNATIONAL_PROXY_BLADDER,Event-specific first-year cost; no annual patient-year cost added for the same outcome,9233355.412450107,4963383.516173579,3271944.691538228,1758831.4997508759,20845059.48846975,11205246.634308249
S3,2046,breast_cancer,direct_medical,avoided_incident_case_first_year,1090.4744784815734,53995.542586727424,26175.98574835096,99226.21468667472,CHINA_BREAST_NEW_DIAGNOSIS_COURSE,Event-specific first-year cost; no annual patient-year cost added for the same outcome,58880761.14259118,31651310.51717436,28544244.40767411,15343937.912716528,108203654.71215226,58164796.24123168
S3,2046,colon_cancer,direct_medical,avoided_incident_case_first_year,3624.459256034014,72296.25822013385,35047.815693114135,132856.9673630357,CHINA_CRC_NEW_DIAGNOSIS_COURSE,Event-specific first-year cost; no annual patient-year cost added for the same outcome,262034842.2825893,140856639.7319513,127029379.9926817,68284551.23424321,481534665.0875637,258848610.54293284
S3,2046,coronary_heart_disease,direct_medical,avoided_incident_case_first_year,20348.90876563064,21846.326995845397,8586.27962692537,46223.917226713966,CHINA_INCIDENT_MI_IMMEDIATE_PROXY,Event-specific first-year cost; no annual patient-year cost added for the same outcome,444548914.9025917,238966947.31204766,174721420.76449746,93921373.21775827,940606274.4364649,505622221.7388428
S3,2046,endometrial_cancer,direct_medical,avoided_incident_case_first_year,163.78274406113377,22329.17043600619,7912.595953582618,50409.93932055516,INTERNATIONAL_PROXY_ENDOMETRIAL,Event-specific first-year cost; no annual patient-year cost added for the same outcome,3657132.8066178365,1965889.092100696,1295946.6779247846,696635.1983352231,8256278.189875769,4438156.362671507
S3,2046,gastric_cancer,direct_medical,avoided_incident_case_first_year,4982.523991650954,64762.28390756019,31395.4919125426,119011.97726255516,CHINA_GASTRIC_NEW_DIAGNOSIS_COURSE,Event-specific first-year cost; no annual patient-year cost added for the same outcome,322679633.3235291,173456203.24366492,156428791.68392697,84088183.70102455,592980032.0044988,318755986.8325511
S3,2046,oesophageal_cancer,direct_medical,avoided_incident_case_first_year,2475.7037093414415,68356.63525540795,29827.5487154762,135047.26753332303,CHINA_OESOPHAGEAL_NEW_DIAGNOSIS_DERIVED,Event-specific first-year cost; no annual patient-year cost added for the same outcome,169230775.4599134,90969880.81000562,73844172.99546698,39694881.72381683,334337021.1686739,179722623.63881359
S3,2046,renal_cancer,direct_medical,avoided_incident_case_first_year,649.8465889811531,13135.225379367826,4654.616770652017,29653.851952691733,INTERNATIONAL_PROXY_RENAL,Event-specific first-year cost; no annual patient-year cost added for the same outcome,8535881.408280855,4588456.870267004,3024786.831422684,1625971.9710105315,19270454.54160883,10358818.885280333
S3,2046,stroke,direct_medical,avoided_incident_case_first_year,35134.5641945498,29612.850356671155,4730.172689851648,100820.84684525008,CHINA_FIRST_ISCHAEMIC_STROKE_ONE_YEAR,Event-specific first-year cost; no annual patient-year cost added for the same outcome,1040434591.8400596,559284861.4743652,166192556.02289903,89336688.1515857,3542296515.6333127,1904158927.0338829
S3,2047,bladder_cancer,direct_medical,avoided_incident_case_first_year,519.2982448018113,17917.502226658013,6349.271058827539,40450.2353820222,INTERNATIONAL_PROXY_BLADDER,Event-specific first-year cost; no annual patient-year cost added for the same outcome,9304527.457536051,4855963.104344171,3297165.3166200784,1720765.8529141732,21005736.23570425,10962736.21693163
S3,2047,breast_cancer,direct_medical,avoided_incident_case_first_year,1089.8945267867161,53995.542586727424,26175.98574835096,99226.21468667472,CHINA_BREAST_NEW_DIAGNOSIS_COURSE,Event-specific first-year cost; no annual patient-year cost added for the same outcome,58849446.33615326,30713084.723930508,28529063.600374795,14889104.350237928,108146108.30077045,56440642.921807975
S3,2047,colon_cancer,direct_medical,avoided_incident_case_first_year,3649.3106446339707,72296.25822013385,35047.815693114135,132856.9673630357,CHINA_CRC_NEW_DIAGNOSIS_COURSE,Event-specific first-year cost; no annual patient-year cost added for the same outcome,263831504.68994066,137691683.7942486,127900366.88005094,66750242.334829934,484836345.21171427,253032452.7213139
S3,2047,coronary_heart_disease,direct_medical,avoided_incident_case_first_year,20472.893315499477,21846.326995845397,8586.27962692537,46223.917226713966,CHINA_INCIDENT_MI_IMMEDIATE_PROXY,Event-specific first-year cost; no annual patient-year cost added for the same outcome,447257521.921459,233420346.65413785,175785986.77908975,91741388.26025218,946337326.0069935,493886353.74832803
S3,2047,endometrial_cancer,direct_medical,avoided_incident_case_first_year,163.30011674684584,22329.17043600619,7912.595953582618,50409.93932055516,INTERNATIONAL_PROXY_ENDOMETRIAL,Event-specific first-year cost; no annual patient-year cost added for the same outcome,3646356.1390600293,1903005.9245226057,1292127.8429906615,674351.8314384165,8231948.976248072,4296192.438351942
S3,2047,gastric_cancer,direct_medical,avoided_incident_case_first_year,5017.873412734762,64762.28390756019,31395.4919125426,119011.97726255516,CHINA_GASTRIC_NEW_DIAGNOSIS_COURSE,Event-specific first-year cost; no annual patient-year cost added for the same outcome,324968942.56772655,169598854.14583996,157538604.14767674,82218216.1041826,597187036.5027695,311667435.97508997
S3,2047,oesophageal_cancer,direct_medical,avoided_incident_case_first_year,2493.929859126868,68356.63525540795,29827.5487154762,135047.26753332303,CHINA_OESOPHAGEAL_NEW_DIAGNOSIS_DERIVED,Event-specific first-year cost; no annual patient-year cost added for the same outcome,170476653.73290625,88970487.15876092,74387814.36608736,38822442.47470682,336798412.89484876,175772565.9989781
S3,2047,renal_cancer,direct_medical,avoided_incident_case_first_year,653.4186187261785,13135.225379367826,4654.616770652017,29653.851952691733,INTERNATIONAL_PROXY_RENAL,Event-specific first-year cost; no annual patient-year cost added for the same outcome,8582800.824043568,4479299.38663721,3041413.2609791467,1587290.7729898652,19376378.982838422,10112386.885402303
S3,2047,stroke,direct_medical,avoided_incident_case_first_year,35363.30805674391,29612.850356671155,4730.172689851648,100820.84684525008,CHINA_FIRST_ISCHAEMIC_STROKE_ONE_YEAR,Event-specific first-year cost; no annual patient-year cost added for the same outcome,1047208349.6012208,546530184.5185056,167274553.9928208,87299335.31733225,3565358665.530376,1860733950.4970438
S3,2048,bladder_cancer,direct_medical,avoided_incident_case_first_year,522.2926756730717,17917.502226658013,6349.271058827539,40450.2353820222,INTERNATIONAL_PROXY_BLADDER,Event-specific first-year cost; no annual patient-year cost added for the same outcome,9358180.179339433,4741712.677189606,3316177.769888632,1680279.912328555,21126861.66928193,10704806.47804075
S3,2048,breast_cancer,direct_medical,avoided_incident_case_first_year,1088.468388383636,53995.542586727424,26175.98574835096,99226.21468667472,CHINA_BREAST_NEW_DIAGNOSIS_COURSE,Event-specific first-year cost; no annual patient-year cost added for the same outcome,58772441.219275184,29779511.000875972,28491733.021860592,14436526.020638598,108004597.9854135,54725038.5916754
S3,2048,colon_cancer,direct_medical,avoided_incident_case_first_year,3667.953551348466,72296.25822013385,35047.815693114135,132856.9673630357,CHINA_CRC_NEW_DIAGNOSIS_COURSE,Event-specific first-year cost; no annual patient-year cost added for the same outcome,265179317.0877457,134364171.82258216,128553760.03856449,65137129.44115159,487313185.2606341,246917569.87255418
S3,2048,coronary_heart_disease,direct_medical,avoided_incident_case_first_year,20548.736740241107,21846.326995845397,8586.27962692537,46223.917226713966,CHINA_INCIDENT_MI_IMMEDIATE_PROXY,Event-specific first-year cost; no annual patient-year cost added for the same outcome,448914422.17884946,227461233.46910712,176437199.63178506,89399273.16946818,949843106.1944411,481277664.21155304
S3,2048,endometrial_cancer,direct_medical,avoided_incident_case_first_year,162.6061102517189,22329.17043600619,7912.595953582618,50409.93932055516,INTERNATIONAL_PROXY_ENDOMETRIAL,Event-specific first-year cost; no annual patient-year cost added for the same outcome,3630859.549746644,1839726.5735637795,1286636.45000556,651928.072446692,8196964.150940652,4153334.0974556427
S3,2048,gastric_cancer,direct_medical,avoided_incident_case_first_year,5044.622216229236,64762.28390756019,31395.4919125426,119011.97726255516,CHINA_GASTRIC_NEW_DIAGNOSIS_COURSE,Event-specific first-year cost; no annual patient-year cost added for the same outcome,326701256.17382324,165536830.70489192,158378395.9914577,80249026.37840217,600370464.4960544,304202760.36105347
S3,2048,oesophageal_cancer,direct_medical,avoided_incident_case_first_year,2507.4537313860014,68356.63525540795,29827.5487154762,135047.26753332303,CHINA_OESOPHAGEAL_NEW_DIAGNOSIS_DERIVED,Event-specific first-year cost; no annual patient-year cost added for the same outcome,171401100.13616455,86847523.1107663,74791198.32471853,37896083.04630365,338624774.88991445,171578379.25058237
S3,2048,renal_cancer,direct_medical,avoided_incident_case_first_year,656.1497932340149,13135.225379367826,4654.616770652017,29653.851952691733,INTERNATIONAL_PROXY_RENAL,Event-specific first-year cost; no annual patient-year cost added for the same outcome,8618675.416754384,4367011.716063302,3054125.831646899,1547500.3575614612,19457368.82735077,9858888.23097179
S3,2048,stroke,direct_medical,avoided_incident_case_first_year,35523.10855168092,29612.850356671155,4730.172689851648,100820.84684525008,CHINA_FIRST_ISCHAEMIC_STROKE_ONE_YEAR,Event-specific first-year cost; no annual patient-year cost added for the same outcome,1051940497.7447125,533009570.04627115,168030437.9297966,85139636.38405585,3581469886.756215,1814701238.8688054
S3,2049,bladder_cancer,direct_medical,avoided_incident_case_first_year,525.3060667042172,17917.502226658013,6349.271058827539,40450.2353820222,INTERNATIONAL_PROXY_BLADDER,Event-specific first-year cost; no annual patient-year cost added for the same outcome,9412172.619849773,4630165.243955123,3335310.6063516145,1640751.8084353427,21248754.045789838,10452978.970304651
S3,2049,breast_cancer,direct_medical,avoided_incident_case_first_year,1086.6957187276744,53995.542586727424,26175.98574835096,99226.21468667472,CHINA_BREAST_NEW_DIAGNOSIS_COURSE,Event-specific first-year cost; no annual patient-year cost added for the same outcome,58676724.95937451,28865060.54543082,28445331.646209605,13993218.278136365,107828702.6855625,53044576.5967508
S3,2049,colon_cancer,direct_medical,avoided_incident_case_first_year,3685.8078605078745,72296.25822013385,35047.815693114135,132856.9673630357,CHINA_CRC_NEW_DIAGNOSIS_COURSE,Event-specific first-year cost; no annual patient-year cost added for the same outcome,266470116.8330764,131085640.19652073,129179514.57531132,63547761.26355694,489685254.6299152,240892696.94045797
S3,2049,coronary_heart_disease,direct_medical,avoided_incident_case_first_year,20633.014330523663,21846.326995845397,8586.27962692537,46223.917226713966,CHINA_INCIDENT_MI_IMMEDIATE_PROXY,Event-specific first-year cost; no annual patient-year cost added for the same outcome,450755577.97458404,221741875.64891198,177160830.58823454,87151389.32428098,953738746.5517288,469176265.0829519
S3,2049,endometrial_cancer,direct_medical,avoided_incident_case_first_year,161.83426607793655,22329.17043600619,7912.595953582618,50409.93932055516,INTERNATIONAL_PROXY_ENDOMETRIAL,Event-specific first-year cost; no annual patient-year cost added for the same outcome,3613624.90964022,1777664.0035288336,1280529.1589192934,629935.4936388568,8158055.53297536,4013222.7396017723
S3,2049,gastric_cancer,direct_medical,avoided_incident_case_first_year,5070.779023508986,64762.28390756019,31395.4919125426,119011.97726255516,CHINA_GASTRIC_NEW_DIAGNOSIS_COURSE,Event-specific first-year cost; no annual patient-year cost added for the same outcome,328395230.75298977,161548692.86039346,159199601.82286704,78315654.94848508,603483437.8492931,296873862.40021455
S3,2049,oesophageal_cancer,direct_medical,avoided_incident_case_first_year,2520.814063545864,68356.63525540795,29827.5487154762,135047.26753332303,CHINA_OESOPHAGEAL_NEW_DIAGNOSIS_DERIVED,Event-specific first-year cost; no annual patient-year cost added for the same outcome,172314367.4885074,84767250.62360065,75189704.28307177,36988352.16223427,340429051.2414414,167468535.1357164
S3,2049,renal_cancer,direct_medical,avoided_incident_case_first_year,658.5575032437165,13135.225379367826,4654.616770652017,29653.851952691733,INTERNATIONAL_PROXY_RENAL,Event-specific first-year cost; no annual patient-year cost added for the same outcome,8650301.230379974,4255375.004723072,3065332.799036923,1507940.6169542784,19528766.703523476,9606859.170566898
S3,2049,stroke,direct_medical,avoided_incident_case_first_year,35682.62178767623,29612.850356671155,4730.172689851648,100820.84684525008,CHINA_FIRST_ISCHAEMIC_STROKE_ONE_YEAR,Event-specific first-year cost; no annual patient-year cost added for the same outcome,1056664139.33215,519808738.11763597,168784963.0823715,83031017.52703708,3597552146.292289,1769757269.0017853
S3,2050,bladder_cancer,direct_medical,avoided_incident_case_first_year,528.8947393285548,17917.502226658013,6349.271058827539,40450.2353820222,INTERNATIONAL_PROXY_BLADDER,Event-specific first-year cost; no annual patient-year cost added for the same outcome,9476472.66958709,4526016.1239506975,3358096.061584928,1603845.3811286052,21393916.698153313,10217853.763358029
S3,2050,breast_cancer,direct_medical,avoided_incident_case_first_year,1083.9718421909208,53995.542586727424,26175.98574835096,99226.21468667472,CHINA_BREAST_NEW_DIAGNOSIS_COURSE,Event-specific first-year cost; no annual patient-year cost added for the same outcome,58529647.76783325,27954085.740840398,28374031.49280328,13551595.463368556,107558422.7275466,51370501.71567608
S3,2050,colon_cancer,direct_medical,avoided_incident_case_first_year,3706.253291626769,72296.25822013385,35047.815693114135,132856.9673630357,CHINA_CRC_NEW_DIAGNOSIS_COURSE,Event-specific first-year cost; no annual patient-year cost added for the same outcome,267948245.00066996,127973574.0862075,129896082.2769326,62039092.32073371,492401572.60480136,235173733.38925233
S3,2050,coronary_heart_disease,direct_medical,avoided_incident_case_first_year,20743.72479486707,21846.326995845397,8586.27962692537,46223.917226713966,CHINA_INCIDENT_MI_IMMEDIATE_PROXY,Event-specific first-year cost; no annual patient-year cost added for the same outcome,453174194.980492,216438519.368352,178111421.59271377,85067006.90179144,958856217.8916696,457955069.78623235
S3,2050,endometrial_cancer,direct_medical,avoided_incident_case_first_year,160.8662669845462,22329.17043600619,7912.595953582618,50409.93932055516,INTERNATIONAL_PROXY_ENDOMETRIAL,Event-specific first-year cost; no annual patient-year cost added for the same outcome,3592010.2929020072,1715564.1207352022,1272869.7732098612,607929.6926298548,8109258.7574152,3873027.145125381
S3,2050,gastric_cancer,direct_medical,avoided_incident_case_first_year,5101.068378124623,64762.28390756019,31395.4919125426,119011.97726255516,CHINA_GASTRIC_NEW_DIAGNOSIS_COURSE,Event-specific first-year cost; no annual patient-year cost added for the same outcome,330356838.53598446,157780265.92846087,160150551.0107384,76488795.0830521,607088233.8321068,289948721.5114386
S3,2050,oesophageal_cancer,direct_medical,avoided_incident_case_first_year,2536.5548751765455,68356.63525540795,29827.5487154762,135047.26753332303,CHINA_OESOPHAGEAL_NEW_DIAGNOSIS_DERIVED,Event-specific first-year cost; no annual patient-year cost added for the same outcome,173390356.40776995,82812199.87661494,75659214.10880707,36135262.024326555,342554804.84092176,163606082.569365
S3,2050,renal_cancer,direct_medical,avoided_incident_case_first_year,661.1612870383198,13135.225379367826,4654.616770652017,29653.851952691733,INTERNATIONAL_PROXY_RENAL,Event-specific first-year cost; no annual patient-year cost added for the same outcome,8684502.517361235,4147766.7685586247,3077452.4147544354,1469808.4124244598,19605978.92268546,9363924.72430128
S3,2050,stroke,direct_medical,avoided_incident_case_first_year,35876.97372038457,29612.850356671155,4730.172689851648,100820.84684525008,CHINA_FIRST_ISCHAEMIC_STROKE_ONE_YEAR,Event-specific first-year cost; no annual patient-year cost added for the same outcome,1062419454.0319719,507417448.1376011,169704281.2866884,81051709.87006953,3617146872.733955,1727569491.2551308
S4,2025,bladder_cancer,direct_medical,avoided_incident_case_first_year,0.0,17917.502226658013,6349.271058827539,40450.2353820222,INTERNATIONAL_PROXY_BLADDER,Event-specific first-year cost; no annual patient-year cost added for the same outcome,0.0,0.0,0.0,0.0,0.0,0.0
S4,2025,breast_cancer,direct_medical,avoided_incident_case_first_year,0.0,53995.542586727424,26175.98574835096,99226.21468667472,CHINA_BREAST_NEW_DIAGNOSIS_COURSE,Event-specific first-year cost; no annual patient-year cost added for the same outcome,0.0,0.0,0.0,0.0,0.0,0.0
S4,2025,colon_cancer,direct_medical,avoided_incident_case_first_year,0.0,72296.25822013385,35047.815693114135,132856.9673630357,CHINA_CRC_NEW_DIAGNOSIS_COURSE,Event-specific first-year cost; no annual patient-year cost added for the same outcome,0.0,0.0,0.0,0.0,0.0,0.0
S4,2025,coronary_heart_disease,direct_medical,avoided_incident_case_first_year,0.0,21846.326995845397,8586.27962692537,46223.917226713966,CHINA_INCIDENT_MI_IMMEDIATE_PROXY,Event-specific first-year cost; no annual patient-year cost added for the same outcome,0.0,0.0,0.0,0.0,0.0,0.0
S4,2025,endometrial_cancer,direct_medical,avoided_incident_case_first_year,0.0,22329.17043600619,7912.595953582618,50409.93932055516,INTERNATIONAL_PROXY_ENDOMETRIAL,Event-specific first-year cost; no annual patient-year cost added for the same outcome,0.0,0.0,0.0,0.0,0.0,0.0
S4,2025,gastric_cancer,direct_medical,avoided_incident_case_first_year,0.0,64762.28390756019,31395.4919125426,119011.97726255516,CHINA_GASTRIC_NEW_DIAGNOSIS_COURSE,Event-specific first-year cost; no annual patient-year cost added for the same outcome,0.0,0.0,0.0,0.0,0.0,0.0
S4,2025,oesophageal_cancer,direct_medical,avoided_incident_case_first_year,0.0,68356.63525540795,29827.5487154762,135047.26753332303,CHINA_OESOPHAGEAL_NEW_DIAGNOSIS_DERIVED,Event-specific first-year cost; no annual patient-year cost added for the same outcome,0.0,0.0,0.0,0.0,0.0,0.0
S4,2025,renal_cancer,direct_medical,avoided_incident_case_first_year,0.0,13135.225379367826,4654.616770652017,29653.851952691733,INTERNATIONAL_PROXY_RENAL,Event-specific first-year cost; no annual patient-year cost added for the same outcome,0.0,0.0,0.0,0.0,0.0,0.0
S4,2025,stroke,direct_medical,avoided_incident_case_first_year,0.0,29612.850356671155,4730.172689851648,100820.84684525008,CHINA_FIRST_ISCHAEMIC_STROKE_ONE_YEAR,Event-specific first-year cost; no annual patient-year cost added for the same outcome,0.0,0.0,0.0,0.0,0.0,0.0
S4,2026,bladder_cancer,direct_medical,avoided_incident_case_first_year,0.0,17917.502226658013,6349.271058827539,40450.2353820222,INTERNATIONAL_PROXY_BLADDER,Event-specific first-year cost; no annual patient-year cost added for the same outcome,0.0,0.0,0.0,0.0,0.0,0.0
S4,2026,breast_cancer,direct_medical,avoided_incident_case_first_year,0.0,53995.542586727424,26175.98574835096,99226.21468667472,CHINA_BREAST_NEW_DIAGNOSIS_COURSE,Event-specific first-year cost; no annual patient-year cost added for the same outcome,0.0,0.0,0.0,0.0,0.0,0.0
S4,2026,colon_cancer,direct_medical,avoided_incident_case_first_year,0.0,72296.25822013385,35047.815693114135,132856.9673630357,CHINA_CRC_NEW_DIAGNOSIS_COURSE,Event-specific first-year cost; no annual patient-year cost added for the same outcome,0.0,0.0,0.0,0.0,0.0,0.0
S4,2026,coronary_heart_disease,direct_medical,avoided_incident_case_first_year,869.7883283117371,21846.326995845397,8586.27962692537,46223.917226713966,CHINA_INCIDENT_MI_IMMEDIATE_PROXY,Event-specific first-year cost; no annual patient-year cost added for the same outcome,19001680.23746794,18448233.240260135,7468245.803120544,7250724.080699557,40205023.69264365,39034003.58509092
S4,2026,endometrial_cancer,direct_medical,avoided_incident_case_first_year,0.0,22329.17043600619,7912.595953582618,50409.93932055516,INTERNATIONAL_PROXY_ENDOMETRIAL,Event-specific first-year cost; no annual patient-year cost added for the same outcome,0.0,0.0,0.0,0.0,0.0,0.0
S4,2026,gastric_cancer,direct_medical,avoided_incident_case_first_year,0.0,64762.28390756019,31395.4919125426,119011.97726255516,CHINA_GASTRIC_NEW_DIAGNOSIS_COURSE,Event-specific first-year cost; no annual patient-year cost added for the same outcome,0.0,0.0,0.0,0.0,0.0,0.0
S4,2026,oesophageal_cancer,direct_medical,avoided_incident_case_first_year,0.0,68356.63525540795,29827.5487154762,135047.26753332303,CHINA_OESOPHAGEAL_NEW_DIAGNOSIS_DERIVED,Event-specific first-year cost; no annual patient-year cost added for the same outcome,0.0,0.0,0.0,0.0,0.0,0.0
S4,2026,renal_cancer,direct_medical,avoided_incident_case_first_year,0.0,13135.225379367826,4654.616770652017,29653.851952691733,INTERNATIONAL_PROXY_RENAL,Event-specific first-year cost; no annual patient-year cost added for the same outcome,0.0,0.0,0.0,0.0,0.0,0.0
S4,2026,stroke,direct_medical,avoided_incident_case_first_year,1702.0657595409873,29612.850356671155,4730.172689851648,100820.84684525008,CHINA_FIRST_ISCHAEMIC_STROKE_ONE_YEAR,Event-specific first-year cost; no annual patient-year cost added for the same outcome,50403018.634501085,48934969.54805931,8051064.97211238,7816567.9340896895,171603711.26322612,166605544.9157535
S4,2027,bladder_cancer,direct_medical,avoided_incident_case_first_year,0.0,17917.502226658013,6349.271058827539,40450.2353820222,INTERNATIONAL_PROXY_BLADDER,Event-specific first-year cost; no annual patient-year cost added for the same outcome,0.0,0.0,0.0,0.0,0.0,0.0
S4,2027,breast_cancer,direct_medical,avoided_incident_case_first_year,0.0,53995.542586727424,26175.98574835096,99226.21468667472,CHINA_BREAST_NEW_DIAGNOSIS_COURSE,Event-specific first-year cost; no annual patient-year cost added for the same outcome,0.0,0.0,0.0,0.0,0.0,0.0
S4,2027,colon_cancer,direct_medical,avoided_incident_case_first_year,0.0,72296.25822013385,35047.815693114135,132856.9673630357,CHINA_CRC_NEW_DIAGNOSIS_COURSE,Event-specific first-year cost; no annual patient-year cost added for the same outcome,0.0,0.0,0.0,0.0,0.0,0.0
S4,2027,coronary_heart_disease,direct_medical,avoided_incident_case_first_year,3028.5003933811113,21846.326995845397,8586.27962692537,46223.917226713966,CHINA_INCIDENT_MI_IMMEDIATE_PROXY,Event-specific first-year cost; no annual patient-year cost added for the same outcome,66161609.90085018,62363662.834244676,26003551.227823704,24510841.01029664,139989151.50471917,131953201.53145365
S4,2027,endometrial_cancer,direct_medical,avoided_incident_case_first_year,0.0,22329.17043600619,7912.595953582618,50409.93932055516,INTERNATIONAL_PROXY_ENDOMETRIAL,Event-specific first-year cost; no annual patient-year cost added for the same outcome,0.0,0.0,0.0,0.0,0.0,0.0
S4,2027,gastric_cancer,direct_medical,avoided_incident_case_first_year,0.0,64762.28390756019,31395.4919125426,119011.97726255516,CHINA_GASTRIC_NEW_DIAGNOSIS_COURSE,Event-specific first-year cost; no annual patient-year cost added for the same outcome,0.0,0.0,0.0,0.0,0.0,0.0
S4,2027,oesophageal_cancer,direct_medical,avoided_incident_case_first_year,0.0,68356.63525540795,29827.5487154762,135047.26753332303,CHINA_OESOPHAGEAL_NEW_DIAGNOSIS_DERIVED,Event-specific first-year cost; no annual patient-year cost added for the same outcome,0.0,0.0,0.0,0.0,0.0,0.0
S4,2027,renal_cancer,direct_medical,avoided_incident_case_first_year,0.0,13135.225379367826,4654.616770652017,29653.851952691733,INTERNATIONAL_PROXY_RENAL,Event-specific first-year cost; no annual patient-year cost added for the same outcome,0.0,0.0,0.0,0.0,0.0,0.0
S4,2027,stroke,direct_medical,avoided_incident_case_first_year,5873.7742103249175,29612.850356671155,4730.172689851648,100820.84684525008,CHINA_FIRST_ISCHAEMIC_STROKE_ONE_YEAR,Event-specific first-year cost; no annual patient-year cost added for the same outcome,173939196.71922606,163954375.26555383,27783966.356033854,26189053.026707377,592198890.0627482,558204251.1666964
S4,2028,bladder_cancer,direct_medical,avoided_incident_case_first_year,29.152107413230695,17917.502226658013,6349.271058827539,40450.2353820222,INTERNATIONAL_PROXY_BLADDER,Event-specific first-year cost; no annual patient-year cost added for the same outcome,522332.94948833453,478008.64212958456,185094.6319026574,169387.80857676014,1179209.6067471758,1079143.8362437973
S4,2028,breast_cancer,direct_medical,avoided_incident_case_first_year,90.96095771606264,53995.542586727424,26175.98574835096,99226.21468667472,CHINA_BREAST_NEW_DIAGNOSIS_COURSE,Event-specific first-year cost; no annual patient-year cost added for the same outcome,4911486.266087173,4494705.691437269,2380992.73283201,2178945.6404317,9025711.518439572,8259804.615827716
S4,2028,colon_cancer,direct_medical,avoided_incident_case_first_year,220.52068401761704,72296.25822013385,35047.815693114135,132856.9673630357,CHINA_CRC_NEW_DIAGNOSIS_COURSE,Event-specific first-year cost; no annual patient-year cost added for the same outcome,15942820.314618185,14589939.037488947,7728768.289968902,7072917.837638223,29297709.31940286,26811554.32180486
S4,2028,coronary_heart_disease,direct_medical,avoided_incident_case_first_year,6624.18938461068,21846.326995845397,8586.27962692537,46223.917226713966,CHINA_INCIDENT_MI_IMMEDIATE_PROXY,Event-specific first-year cost; no annual patient-year cost added for the same outcome,144714207.3786128,132433999.87244095,56877142.35797799,52050642.43674585,306195981.80832136,280212698.8793371
S4,2028,endometrial_cancer,direct_medical,avoided_incident_case_first_year,17.156739509084183,22329.17043600619,7912.595953582618,50409.93932055516,INTERNATIONAL_PROXY_ENDOMETRIAL,Event-specific first-year cost; no annual patient-year cost added for the same outcome,383095.76062450185,350586.8900690674,135754.34761625054,124234.45894194116,864870.197591505,791478.7477489848
S4,2028,gastric_cancer,direct_medical,avoided_incident_case_first_year,398.2337125297309,64762.28390756019,31395.4919125426,119011.97726255516,CHINA_GASTRIC_NEW_DIAGNOSIS_COURSE,Event-specific first-year cost; no annual patient-year cost added for the same outcome,25790524.75241214,23601983.61751118,12502743.30102898,11441781.250970261,47394581.54077126,43372755.99557004
S4,2028,oesophageal_cancer,direct_medical,avoided_incident_case_first_year,192.32468794164453,68356.63525540795,29827.5487154762,135047.26753332303,CHINA_OESOPHAGEAL_NEW_DIAGNOSIS_DERIVED,Event-specific first-year cost; no annual patient-year cost added for the same outcome,13146668.54423715,12031064.066539172,5736573.99876816,5249777.848234884,25972923.585718133,23768904.388486907
S4,2028,renal_cancer,direct_medical,avoided_incident_case_first_year,44.913607340268875,13135.225379367826,4654.616770652017,29653.851952691733,INTERNATIONAL_PROXY_RENAL,Event-specific first-year cost; no annual patient-year cost added for the same outcome,589950.3550148609,539888.1468242854,209055.62995649505,191315.51609550696,1331861.462729662,1218841.9090309492
S4,2028,stroke,direct_medical,avoided_incident_case_first_year,12759.620103675416,29612.850356671155,4730.172689851648,100820.84684525008,CHINA_FIRST_ISCHAEMIC_STROKE_ONE_YEAR,Event-specific first-year cost; no annual patient-year cost added for the same outcome,377848720.738113,345785105.2807453,60355206.54728751,55233563.87028737,1286435704.276233,1177270905.0625024
S4,2029,bladder_cancer,direct_medical,avoided_incident_case_first_year,78.77054422557521,17917.502226658013,6349.271058827539,40450.2353820222,INTERNATIONAL_PROXY_BLADDER,Event-specific first-year cost; no annual patient-year cost added for the same outcome,1411371.4015568073,1253985.210081836,500135.53673953936,444363.94659544184,3186287.0550945066,2830974.779392892
S4,2029,breast_cancer,direct_medical,avoided_incident_case_first_year,240.7252345461887,53995.542586727424,26175.98574835096,99226.21468667472,CHINA_BREAST_NEW_DIAGNOSIS_COURSE,Event-specific first-year cost; no annual patient-year cost added for the same outcome,12998089.65363868,11548634.304904887,6301220.308749477,5598552.630387208,23886253.803580243,21222627.127707902
S4,2029,colon_cancer,direct_medical,avoided_incident_case_first_year,594.5395607900284,72296.25822013385,35047.815693114135,132856.9673630357,CHINA_CRC_NEW_DIAGNOSIS_COURSE,Event-specific first-year cost; no annual patient-year cost added for the same outcome,42982985.60896086,38189825.994308166,20837312.948833942,18513682.668404825,78988723.0239144,70180457.3381477
S4,2029,coronary_heart_disease,direct_medical,avoided_incident_case_first_year,11685.05326626587,21846.326995845397,8586.27962692537,46223.917226713966,CHINA_INCIDENT_MI_IMMEDIATE_PROXY,Event-specific first-year cost; no annual patient-year cost added for the same outcome,255275494.6187155,226808970.61899984,100331134.79967639,89142913.7721955,540128934.9696172,479897562.92500025
S4,2029,endometrial_cancer,direct_medical,avoided_incident_case_first_year,44.049964301896594,22329.17043600619,7912.595953582618,50409.93932055516,INTERNATIONAL_PROXY_ENDOMETRIAL,Event-specific first-year cost; no annual patient-year cost added for the same outcome,983599.1605970374,873915.1145312112,348549.56929064577,309681.7778713307,2220556.0275312285,1972935.2696326103
S4,2029,gastric_cancer,direct_medical,avoided_incident_case_first_year,1038.20823056353,64762.28390756019,31395.4919125426,119011.97726255516,CHINA_GASTRIC_NEW_DIAGNOSIS_COURSE,Event-specific first-year cost; no annual patient-year cost added for the same outcome,67236736.18292104,59738969.24264949,32595058.106192466,28960286.953411285,123559214.32962444,109780761.58250989
S4,2029,oesophageal_cancer,direct_medical,avoided_incident_case_first_year,501.3455669073295,68356.63525540795,29827.5487154762,135047.26753332303,CHINA_OESOPHAGEAL_NEW_DIAGNOSIS_DERIVED,Event-specific first-year cost; no annual patient-year cost added for the same outcome,34270296.05400004,30448714.172215175,14953909.320216404,13286354.746717978,67705348.90077963,60155325.57295542
S4,2029,renal_cancer,direct_medical,avoided_incident_case_first_year,120.12749511651717,13135.225379367826,4654.616770652017,29653.851952691733,INTERNATIONAL_PROXY_RENAL,Event-specific first-year cost; no annual patient-year cost added for the same outcome,1577901.722614361,1401945.2434267136,559147.4533857591,496795.27020828833,3562242.9556328994,3165006.727608733
S4,2029,stroke,direct_medical,avoided_incident_case_first_year,22449.56950578911,29612.850356671155,4730.172689851648,100820.84684525008,CHINA_FIRST_ISCHAEMIC_STROKE_ONE_YEAR,Event-specific first-year cost; no annual patient-year cost added for the same outcome,664795742.3466209,590662406.5844681,106190340.57521,94348742.21482992,2263384608.8849607,2010987909.4460046
S4,2030,bladder_cancer,direct_medical,avoided_incident_case_first_year,137.1496128197088,17917.502226658013,6349.271058827539,40450.2353820222,INTERNATIONAL_PROXY_BLADDER,Event-specific first-year cost; no annual patient-year cost added for the same outcome,2457378.4930824167,2119756.274689612,870800.0674055795,751159.7875863749,5547734.12111043,4785524.186297616
S4,2030,breast_cancer,direct_medical,avoided_incident_case_first_year,412.73488935829084,53995.542586727424,26175.98574835096,99226.21468667472,CHINA_BREAST_NEW_DIAGNOSIS_COURSE,Event-specific first-year cost; no annual patient-year cost added for the same outcome,22285844.295373823,19223965.05660717,10803742.58168983,9319403.255190894,40954120.740146704,35327384.307180226
S4,2030,colon_cancer,direct_medical,avoided_incident_case_first_year,1033.9473483102772,72296.25822013385,35047.815693114135,132856.9673630357,CHINA_CRC_NEW_DIAGNOSIS_COURSE,Event-specific first-year cost; no annual patient-year cost added for the same outcome,74750524.47946247,64480459.05330782,36237596.09996268,31258868.720793128,137367109.1095558,118494075.00336075
S4,2030,coronary_heart_disease,direct_medical,avoided_incident_case_first_year,13254.119800163873,21846.326995845397,8586.27962692537,46223.917226713966,CHINA_INCIDENT_MI_IMMEDIATE_PROXY,Event-specific first-year cost; no annual patient-year cost added for the same outcome,289553835.19648904,249771681.79261595,113803578.81297523,98167966.77842796,612657336.5557256,528483600.33037406
S4,2030,endometrial_cancer,direct_medical,avoided_incident_case_first_year,73.25739547330463,22329.17043600619,7912.595953582618,50409.93932055516,INTERNATIONAL_PROXY_ENDOMETRIAL,Event-specific first-year cost; no annual patient-year cost added for the same outcome,1635776.8692213274,1411035.4966827426,579656.1709920717,500016.5050202501,3692900.8605911983,3185528.7222058065
S4,2030,gastric_cancer,direct_medical,avoided_incident_case_first_year,1745.7828255984832,64762.28390756019,31395.4919125426,119011.97726255516,CHINA_GASTRIC_NEW_DIAGNOSIS_COURSE,Event-specific first-year cost; no annual patient-year cost added for the same outcome,113060882.9923516,97527310.83943261,54809710.58213294,47279337.81770154,207769065.94548598,179223421.40786886
S4,2030,oesophageal_cancer,direct_medical,avoided_incident_case_first_year,842.5172869712821,68356.63525540795,29827.5487154762,135047.26753332303,CHINA_OESOPHAGEAL_NEW_DIAGNOSIS_DERIVED,Event-specific first-year cost; no annual patient-year cost added for the same outcome,57591646.881871805,49679060.507453464,25130225.42076676,21677553.201507628,113779657.45506023,98147332.00495608
S4,2030,renal_cancer,direct_medical,avoided_incident_case_first_year,207.6494531047104,13135.225379367826,4654.616770652017,29653.851952691733,INTERNATIONAL_PROXY_RENAL,Event-specific first-year cost; no annual patient-year cost added for the same outcome,2727522.3664328414,2352784.7528892513,966528.6268379047,833736.0838691401,6157606.140424487,5311605.147508031
S4,2030,stroke,direct_medical,avoided_incident_case_first_year,25448.16295909465,29612.850356671155,4730.172689851648,100820.84684525008,CHINA_FIRST_ISCHAEMIC_STROKE_ONE_YEAR,Event-specific first-year cost; no annual patient-year cost added for the same outcome,753592641.5598516,650055632.4567946,120374205.43600382,103835847.02236088,2565705340.191848,2213199964.5908475
S4,2031,bladder_cancer,direct_medical,avoided_incident_case_first_year,190.48003791054037,17917.502226658013,6349.271058827539,40450.2353820222,INTERNATIONAL_PROXY_BLADDER,Event-specific first-year cost; no annual patient-year cost added for the same outcome,3412926.50339601,2858272.215812551,1209409.3919897664,1012861.3256767797,7704962.36905787,6452784.682425958
S4,2031,breast_cancer,direct_medical,avoided_incident_case_first_year,565.3177632350556,53995.542586727424,26175.98574835096,99226.21468667472,CHINA_BREAST_NEW_DIAGNOSIS_COURSE,Event-specific first-year cost; no annual patient-year cost added for the same outcome,30524639.35979194,25563904.90477197,14797749.713730458,12392882.41959431,56094341.74095238,46978128.09708039
S4,2031,colon_cancer,direct_medical,avoided_incident_case_first_year,1434.5675742353633,72296.25822013385,35047.815693114135,132856.9673630357,CHINA_CRC_NEW_DIAGNOSIS_COURSE,Event-specific first-year cost; no annual patient-year cost added for the same outcome,103713867.78115086,86858731.46648394,50278459.941118844,42107418.650986806,190592297.39025697,159618048.50950933
S4,2031,coronary_heart_disease,direct_medical,avoided_incident_case_first_year,13486.211554943084,21846.326995845397,8586.27962692537,46223.917226713966,CHINA_INCIDENT_MI_IMMEDIATE_PROXY,Event-specific first-year cost; no annual patient-year cost added for the same outcome,294624187.5644352,246743118.72342652,115796383.51861332,96977648.17774123,623385526.6176425,522075564.3867247
S4,2031,endometrial_cancer,direct_medical,avoided_incident_case_first_year,97.33794950744144,22329.17043600619,7912.595953582618,50409.93932055516,INTERNATIONAL_PROXY_ENDOMETRIAL,Event-specific first-year cost; no annual patient-year cost added for the same outcome,2173475.6644430244,1820251.651256078,770195.8654026103,645026.9118375289,4906800.1282573845,4109367.858108895
S4,2031,gastric_cancer,direct_medical,avoided_incident_case_first_year,2341.896443431263,64762.28390756019,31395.4919125426,119011.97726255516,CHINA_GASTRIC_NEW_DIAGNOSIS_COURSE,Event-specific first-year cost; no annual patient-year cost added for the same outcome,151666562.35160092,127018358.2347956,73524990.84975849,61576022.30948247,278713726.27690023,233418357.87854126
S4,2031,oesophageal_cancer,direct_medical,avoided_incident_case_first_year,1129.3986300260726,68356.63525540795,29827.5487154762,135047.26753332303,CHINA_OESOPHAGEAL_NEW_DIAGNOSIS_DERIVED,Event-specific first-year cost; no annual patient-year cost added for the same outcome,77201890.21064967,64655367.63763902,33687192.65629476,28212493.501516078,152522198.94089955,127734940.4077757
S4,2031,renal_cancer,direct_medical,avoided_incident_case_first_year,286.65569384785675,13135.225379367826,4654.616770652017,29653.851952691733,INTERNATIONAL_PROXY_RENAL,Event-specific first-year cost; no annual patient-year cost added for the same outcome,3765287.144970662,3153368.7058062735,1334272.3999871244,1117432.1291167322,8500445.50676047,7118989.2867092015
S4,2031,stroke,direct_medical,avoided_incident_case_first_year,25889.65009704304,29612.850356671155,4730.172689851648,100820.84684525008,CHINA_FIRST_ISCHAEMIC_STROKE_ONE_YEAR,Event-specific first-year cost; no annual patient-year cost added for the same outcome,766666334.1103123,642070984.9467571,122462515.83884805,102560429.0489079,2610216447.31109,2186015181.159777
S4,2032,bladder_cancer,direct_medical,avoided_incident_case_first_year,249.55776460538831,17917.502226658013,6349.271058827539,40450.2353820222,INTERNATIONAL_PROXY_BLADDER,Event-specific first-year cost; no annual patient-year cost added for the same outcome,4471451.802996841,3635699.504397665,1584509.8923146876,1288351.5430806438,10094670.319699245,8207890.746757153
S4,2032,breast_cancer,direct_medical,avoided_incident_case_first_year,725.3125531122341,53995.542586727424,26175.98574835096,99226.21468667472,CHINA_BREAST_NEW_DIAGNOSIS_COURSE,Event-specific first-year cost; no annual patient-year cost added for the same outcome,39163644.85025963,31843627.181011952,18985771.05336589,15437169.279800165,71970019.1100547,58518211.60960442
S4,2032,colon_cancer,direct_medical,avoided_incident_case_first_year,1873.0568100028277,72296.25822013385,35047.815693114135,132856.9673630357,CHINA_CRC_NEW_DIAGNOSIS_COURSE,Event-specific first-year cost; no annual patient-year cost added for the same outcome,135414998.79694462,110104786.03036611,65646549.8597114,53376652.43990956,248848647.47565746,202336722.87173173
S4,2032,coronary_heart_disease,direct_medical,avoided_incident_case_first_year,13888.204264425054,21846.326995845397,8586.27962692537,46223.917226713966,CHINA_INCIDENT_MI_IMMEDIATE_PROXY,Event-specific first-year cost; no annual patient-year cost added for the same outcome,303406251.7457242,246697047.7829529,119248005.3302109,96959540.87862146,641967204.3464797,521978084.4149467
S4,2032,endometrial_cancer,direct_medical,avoided_incident_case_first_year,121.25040629632247,22329.17043600619,7912.595953582618,50409.93932055516,INTERNATIONAL_PROXY_ENDOMETRIAL,Event-specific first-year cost; no annual patient-year cost added for the same outcome,2707420.987625582,2201381.0226712,959405.4742305295,780084.4470331881,6112225.623990275,4969798.770281825
S4,2032,gastric_cancer,direct_medical,avoided_incident_case_first_year,2957.2484821452044,64762.28390756019,31395.4919125426,119011.97726255516,CHINA_GASTRIC_NEW_DIAGNOSIS_COURSE,Event-specific first-year cost; no annual patient-year cost added for the same outcome,191518165.78588918,155721794.86855558,92844270.80456865,75490888.46805832,351947989.11679083,286165922.38522565
S4,2032,oesophageal_cancer,direct_medical,avoided_incident_case_first_year,1426.6294789953347,68356.63525540795,29827.5487154762,135047.26753332303,CHINA_OESOPHAGEAL_NEW_DIAGNOSIS_DERIVED,Event-specific first-year cost; no annual patient-year cost added for the same outcome,97519590.94029677,79292351.58323151,42552860.28366778,34599369.48003,192662412.92080823,156652172.5008372
S4,2032,renal_cancer,direct_medical,avoided_incident_case_first_year,371.6693104280973,13135.225379367826,4654.616770652017,29653.851952691733,INTERNATIONAL_PROXY_RENAL,Event-specific first-year cost; no annual patient-year cost added for the same outcome,4881960.159067282,3969480.364054056,1729978.2054552922,1406630.5936647062,11021426.706793822,8961428.498186989
S4,2032,stroke,direct_medical,avoided_incident_case_first_year,26522.02650162766,29612.850356671155,4730.172689851648,100820.84684525008,CHINA_FIRST_ISCHAEMIC_STROKE_ONE_YEAR,Event-specific first-year cost; no annual patient-year cost added for the same outcome,785392801.9483665,638596220.3343885,125453765.4375208,102005391.74330837,2673973171.946266,2174184887.6693707
S4,2033,bladder_cancer,direct_medical,avoided_incident_case_first_year,318.0402535428649,17917.502226658013,6349.271058827539,40450.2353820222,INTERNATIONAL_PROXY_BLADDER,Event-specific first-year cost; no annual patient-year cost added for the same outcome,5698486.951021161,4498438.220753567,2019323.7773618845,1594072.8369191692,12864803.116766904,10155594.378006492
S4,2033,breast_cancer,direct_medical,avoided_incident_case_first_year,892.9316166089072,53995.542586727424,26175.98574835096,99226.21468667472,CHINA_BREAST_NEW_DIAGNOSIS_COURSE,Event-specific first-year cost; no annual patient-year cost added for the same outcome,48214327.13164162,38060835.063950814,23373365.270606738,18451150.381609596,88602224.29015495,69943414.03540279
S4,2033,colon_cancer,direct_medical,avoided_incident_case_first_year,2368.6727058006936,72296.25822013385,35047.815693114135,132856.9673630357,CHINA_CRC_NEW_DIAGNOSIS_COURSE,Event-specific first-year cost; no annual patient-year cost added for the same outcome,171246173.57755008,135183310.7630451,83016804.43021268,65534232.02044392,314694672.36827624,248422880.35691574
S4,2033,coronary_heart_disease,direct_medical,avoided_incident_case_first_year,14615.867801027056,21846.326995845397,8586.27962692537,46223.917226713966,CHINA_INCIDENT_MI_IMMEDIATE_PROXY,Event-specific first-year cost; no annual patient-year cost added for the same outcome,319303027.30928487,252060758.3023442,125495927.92979312,99067644.37657481,675602663.4312685,533326981.2397331
S4,2033,endometrial_cancer,direct_medical,avoided_incident_case_first_year,144.91908863312264,22329.17043600619,7912.595953582618,50409.93932055516,INTERNATIONAL_PROXY_ENDOMETRIAL,Event-specific first-year cost; no annual patient-year cost added for the same outcome,3235923.0295196828,2554467.521031963,1146686.1943153269,905204.6706528228,7305362.464385867,5766920.589396613
S4,2033,gastric_cancer,direct_medical,avoided_incident_case_first_year,3619.6987933020164,64762.28390756019,31395.4919125426,119011.97726255516,CHINA_GASTRIC_NEW_DIAGNOSIS_COURSE,Event-specific first-year cost; no annual patient-year cost added for the same outcome,234419960.9116782,185053281.85119057,113642224.19095366,89710221.18431333,430787510.4857579,340067638.8045686
S4,2033,oesophageal_cancer,direct_medical,avoided_incident_case_first_year,1750.0152416922942,68356.63525540795,29827.5487154762,135047.26753332303,CHINA_OESOPHAGEAL_NEW_DIAGNOSIS_DERIVED,Event-specific first-year cost; no annual patient-year cost added for the same outcome,119625153.56776474,94433200.88261612,52198664.87440276,41206108.07071201,236334776.53221223,186564854.9840487
S4,2033,renal_cancer,direct_medical,avoided_incident_case_first_year,464.7472681257388,13135.225379367826,4654.616770652017,29653.851952691733,INTERNATIONAL_PROXY_RENAL,Event-specific first-year cost; no annual patient-year cost added for the same outcome,6104560.111277068,4818996.123266623,2163220.4283327735,1707666.1819824383,13781546.684418589,10879280.215808636
S4,2033,stroke,direct_medical,avoided_incident_case_first_year,27545.292546530392,29612.850356671155,4730.172689851648,100820.84684525008,CHINA_FIRST_ISCHAEMIC_STROKE_ONE_YEAR,Event-specific first-year cost; no annual patient-year cost added for the same outcome,815694626.2111338,643916870.3113229,130293990.53757222,102855279.30597204,2777139721.1413493,2192299740.849009
S4,2034,bladder_cancer,direct_medical,avoided_incident_case_first_year,394.47913276180725,17917.502226658013,6349.271058827539,40450.2353820222,INTERNATIONAL_PROXY_BLADDER,Event-specific first-year cost; no annual patient-year cost added for the same outcome,7068080.739629803,5417095.344407998,2504654.940955929,1919609.4554957624,15956773.773511088,12229538.414240848
S4,2034,breast_cancer,direct_medical,avoided_incident_case_first_year,1067.5380542309908,53995.542586727424,26175.98574835096,99226.21468667472,CHINA_BREAST_NEW_DIAGNOSIS_COURSE,Event-specific first-year cost; no annual patient-year cost added for the same outcome,57642296.4701816,44178020.505459145,27943860.89337273,21416642.554963585,105927760.1553193,81184807.80271924
S4,2034,colon_cancer,direct_medical,avoided_incident_case_first_year,2913.4512937715094,72296.25822013385,35047.815693114135,132856.9673630357,CHINA_CRC_NEW_DIAGNOSIS_COURSE,Event-specific first-year cost; no annual patient-year cost added for the same outcome,210631627.0462881,161431603.32903758,102110103.97496879,78258892.22776355,387072303.4503956,296658689.99117285
S4,2034,coronary_heart_disease,direct_medical,avoided_incident_case_first_year,15403.474094894198,21846.326995845397,8586.27962692537,46223.917226713966,CHINA_INCIDENT_MI_IMMEDIATE_PROXY,Event-specific first-year cost; no annual patient-year cost added for the same outcome,336509331.9490923,257906382.5955601,132258535.80486277,101365154.83611548,712008911.5662222,545695543.4021263
S4,2034,endometrial_cancer,direct_medical,avoided_incident_case_first_year,168.24609955665147,22329.17043600619,7912.595953582618,50409.93932055516,INTERNATIONAL_PROXY_ENDOMETRIAL,Event-specific first-year cost; no annual patient-year cost added for the same outcome,3756795.832193736,2879271.1857920787,1331263.4065580186,1020302.5499428416,8481275.669570884,6500191.584778021
S4,2034,gastric_cancer,direct_medical,avoided_incident_case_first_year,4310.599204635008,64762.28390756019,31395.4919125426,119011.97726255516,CHINA_GASTRIC_NEW_DIAGNOSIS_COURSE,Event-specific first-year cost; no annual patient-year cost added for the same outcome,279164249.5022755,213956151.89069492,135333382.46733096,103721768.76762205,513012934.53001,393181696.93250513
S4,2034,oesophageal_cancer,direct_medical,avoided_incident_case_first_year,2089.638091401821,68356.63525540795,29827.5487154762,135047.26753332303,CHINA_OESOPHAGEAL_NEW_DIAGNOSIS_DERIVED,Event-specific first-year cost; no annual patient-year cost added for the same outcome,142840628.8297611,109475447.99361433,62328781.96900252,47769821.40764127,282199914.3773642,216282736.2447507
S4,2034,renal_cancer,direct_medical,avoided_incident_case_first_year,564.906248967274,13135.225379367826,4654.616770652017,29653.851952691733,INTERNATIONAL_PROXY_RENAL,Event-specific first-year cost; no annual patient-year cost added for the same outcome,7420170.898398417,5686943.133381788,2629422.100289197,2015233.0940557623,16751646.27402596,12838741.998715265
S4,2034,stroke,direct_medical,avoided_incident_case_first_year,28632.695738015278,29612.850356671155,4730.172689851648,100820.84684525008,CHINA_FIRST_ISCHAEMIC_STROKE_ONE_YEAR,Event-specific first-year cost; no annual patient-year cost added for the same outcome,847895734.1979424,649841477.9720873,135437595.41679156,103801639.31581554,2886772631.769083,2212470847.459472
S4,2035,bladder_cancer,direct_medical,avoided_incident_case_first_year,415.7779980640207,17917.502226658013,6349.271058827539,40450.2353820222,INTERNATIONAL_PROXY_BLADDER,Event-specific first-year cost; no annual patient-year cost added for the same outcome,7449703.206107502,5543278.8234512145,2639887.210005139,1964324.0089785166,16818317.88835561,12514407.999524144
S4,2035,breast_cancer,direct_medical,avoided_incident_case_first_year,1089.9152982588466,53995.542586727424,26175.98574835096,99226.21468667472,CHINA_BREAST_NEW_DIAGNOSIS_COURSE,Event-specific first-year cost; no annual patient-year cost added for the same outcome,58850567.90306128,43790349.46488441,28529607.314133253,21228707.19683965,108148169.37532343,80472394.73939851
S4,2035,colon_cancer,direct_medical,avoided_incident_case_first_year,3049.4085167692106,72296.25822013385,35047.815693114135,132856.9673630357,CHINA_CRC_NEW_DIAGNOSIS_COURSE,Event-specific first-year cost; no annual patient-year cost added for the same outcome,220460825.54702222,164043558.7626477,106875107.66873984,79525117.27024162,405135167.7889702,301458613.06243634
S4,2035,coronary_heart_disease,direct_medical,avoided_incident_case_first_year,16108.431143854492,21846.326995845397,8586.27962692537,46223.917226713966,CHINA_INCIDENT_MI_IMMEDIATE_PROXY,Event-specific first-year cost; no annual patient-year cost added for the same outcome,351910054.1587051,261854129.8904694,138311494.15220797,102916741.15893191,744594787.8457514,554048450.6998415
S4,2035,endometrial_cancer,direct_medical,avoided_incident_case_first_year,167.81884989252822,22329.17043600619,7912.595953582618,50409.93932055516,INTERNATIONAL_PROXY_ENDOMETRIAL,Event-specific first-year cost; no annual patient-year cost added for the same outcome,3747255.7016248014,2788310.165141072,1327882.7525945075,988069.4759018864,8459738.039927702,6294839.59713055
S4,2035,gastric_cancer,direct_medical,avoided_incident_case_first_year,4392.456400055205,64762.28390756019,31395.4919125426,119011.97726255516,CHINA_GASTRIC_NEW_DIAGNOSIS_COURSE,Event-specific first-year cost; no annual patient-year cost added for the same outcome,284465508.431955,211669053.8222207,137903329.38412917,102613028.23872924,522754921.210135,388978755.85477835
S4,2035,oesophageal_cancer,direct_medical,avoided_incident_case_first_year,2134.793425864912,68356.63525540795,29827.5487154762,135047.26753332303,CHINA_OESOPHAGEAL_NEW_DIAGNOSIS_DERIVED,Event-specific first-year cost; no annual patient-year cost added for the same outcome,145927295.55749056,108583612.64166461,63675654.907464,47380667.34370774,288298018.91115797,214520801.54857358
S4,2035,renal_cancer,direct_medical,avoided_incident_case_first_year,585.2144698201157,13135.225379367826,4654.616770652017,29653.851952691733,INTERNATIONAL_PROXY_RENAL,Event-specific first-year cost; no annual patient-year cost added for the same outcome,7686923.956354471,5719793.3401972195,2723949.0856529395,2026873.93912285,17353863.248618696,12912904.043247083
S4,2035,stroke,direct_medical,avoided_incident_case_first_year,29611.68426646231,29612.850356671155,4730.172689851648,100820.84684525008,CHINA_FIRST_ISCHAEMIC_STROKE_ONE_YEAR,Event-specific first-year cost; no annual patient-year cost added for the same outcome,876886374.9917421,652485815.687203,140068380.21772975,104224029.38945352,2985475084.2588983,2221473843.2728333
S4,2036,bladder_cancer,direct_medical,avoided_incident_case_first_year,435.4009657524842,17917.502226658013,6349.271058827539,40450.2353820222,INTERNATIONAL_PROXY_BLADDER,Event-specific first-year cost; no annual patient-year cost added for the same outcome,7801297.773359184,5635823.496557222,2764478.750837808,1997118.2683104004,17612071.55024777,12723335.212878732
S4,2036,breast_cancer,direct_medical,avoided_incident_case_first_year,1108.1724125859994,53995.542586727424,26175.98574835096,99226.21468667472,CHINA_BREAST_NEW_DIAGNOSIS_COURSE,Event-specific first-year cost; no annual patient-year cost added for the same outcome,59836370.697223805,43227067.30612518,29007505.27856682,20955638.99428757,109959753.72110865,79437265.65768878
S4,2036,colon_cancer,direct_medical,avoided_incident_case_first_year,3173.290705961572,72296.25822013385,35047.815693114135,132856.9673630357,CHINA_CRC_NEW_DIAGNOSIS_COURSE,Event-specific first-year cost; no annual patient-year cost added for the same outcome,229417044.28574863,165735754.00642526,111216907.80321321,80345460.51456411,421593779.7553611,304568316.5769653
S4,2036,coronary_heart_disease,direct_medical,avoided_incident_case_first_year,16776.950696915876,21846.326995845397,8586.27962692537,46223.917226713966,CHINA_INCIDENT_MI_IMMEDIATE_PROXY,Event-specific first-year cost; no annual patient-year cost added for the same outcome,366514750.9180005,264778054.25045922,144051589.97086018,104065933.52283025,775496380.3309007,560235085.0763683
S4,2036,endometrial_cancer,direct_medical,avoided_incident_case_first_year,167.72841534355143,22329.17043600619,7912.595953582618,50409.93932055516,INTERNATIONAL_PROXY_ENDOMETRIAL,Event-specific first-year cost; no annual patient-year cost added for the same outcome,3745236.3731673956,2705638.4418677078,1327167.1805482097,958773.8088316174,8455179.2398013,6108201.3802886065
S4,2036,gastric_cancer,direct_medical,avoided_incident_case_first_year,4475.058099580331,64762.28390756019,31395.4919125426,119011.97726255516,CHINA_GASTRIC_NEW_DIAGNOSIS_COURSE,Event-specific first-year cost; no annual patient-year cost added for the same outcome,289814983.1478481,209368510.10311717,140496650.37353253,101497769.52069731,532585512.7958677,384751106.05199707
S4,2036,oesophageal_cancer,direct_medical,avoided_incident_case_first_year,2180.7347075670477,68356.63525540795,29827.5487154762,135047.26753332303,CHINA_OESOPHAGEAL_NEW_DIAGNOSIS_DERIVED,Event-specific first-year cost; no annual patient-year cost added for the same outcome,149067686.9939694,107689668.73780806,65045970.72548586,46990593.2091112,294502263.4720101,212754701.1386745
S4,2036,renal_cancer,direct_medical,avoided_incident_case_first_year,603.3269598873759,13135.225379367826,4654.616770652017,29653.851952691733,INTERNATIONAL_PROXY_RENAL,Event-specific first-year cost; no annual patient-year cost added for the same outcome,7924835.595569494,5725069.847786625,2808255.785678277,2028743.7297055603,17890968.34756783,12924816.193237996
S4,2036,stroke,direct_medical,avoided_incident_case_first_year,30539.40011738697,29612.850356671155,4730.172689851648,100820.84684525008,CHINA_FIRST_ISCHAEMIC_STROKE_ONE_YEAR,Event-specific first-year cost; no annual patient-year cost added for the same outcome,904358685.6586858,653327956.1967263,144456636.39971605,104358547.68104607,3079008181.980884,2224341021.484664
S4,2037,bladder_cancer,direct_medical,avoided_incident_case_first_year,452.4714868682133,17917.502226658013,6349.271058827539,40450.2353820222,INTERNATIONAL_PROXY_BLADDER,Event-specific first-year cost; no annual patient-year cost added for the same outcome,8107158.8734604735,5686198.119373104,2872864.116517011,2014969.0898533922,18302578.14747279,12837060.06829699
S4,2037,breast_cancer,direct_medical,avoided_incident_case_first_year,1122.170227653895,53995.542586727424,26175.98574835096,99226.21468667472,CHINA_BREAST_NEW_DIAGNOSIS_COURSE,Event-specific first-year cost; no annual patient-year cost added for the same outcome,60592190.316843495,42498143.1850575,29373911.886292104,20602270.7996065,111348703.92418003,78097740.6179842
S4,2037,colon_cancer,direct_medical,avoided_incident_case_first_year,3280.662313575004,72296.25822013385,35047.815693114135,132856.9673630357,CHINA_CRC_NEW_DIAGNOSIS_COURSE,Event-specific first-year cost; no annual patient-year cost added for the same outcome,237179609.75528023,166353006.2743745,114980048.11752215,80644692.37324995,435858845.92377555,305702625.13506514
S4,2037,coronary_heart_disease,direct_medical,avoided_incident_case_first_year,17371.041392104977,21846.326995845397,8586.27962692537,46223.917226713966,CHINA_INCIDENT_MI_IMMEDIATE_PROXY,Event-specific first-year cost; no annual patient-year cost added for the same outcome,379493450.51029074,266169070.8529256,149152618.80350828,104612645.9068728,802957579.4504826,563178290.875019
S4,2037,endometrial_cancer,direct_medical,avoided_incident_case_first_year,168.01101425169367,22329.17043600619,7912.595953582618,50409.93932055516,INTERNATIONAL_PROXY_ENDOMETRIAL,Event-specific first-year cost; no annual patient-year cost added for the same outcome,3751546.5723523325,2631259.285454837,1329403.2715252629,932416.707310535,8469425.033612806,5940284.315378715
S4,2037,gastric_cancer,direct_medical,avoided_incident_case_first_year,4554.24101246842,64762.28390756019,31395.4919125426,119011.97726255516,CHINA_GASTRIC_NEW_DIAGNOSIS_COURSE,Event-specific first-year cost; no annual patient-year cost added for the same outcome,294943049.43293417,206867120.67502144,142982636.8747221,100285144.72086793,542009227.8240877,380154367.2747444
S4,2037,oesophageal_cancer,direct_medical,avoided_incident_case_first_year,2224.9370970217687,68356.63525540795,29827.5487154762,135047.26753332303,CHINA_OESOPHAGEAL_NEW_DIAGNOSIS_DERIVED,Event-specific first-year cost; no annual patient-year cost added for the same outcome,152089213.60734326,106672314.41856188,66364419.65028701,46546668.70339448,300471675.3863139,210744787.6838347
S4,2037,renal_cancer,direct_medical,avoided_incident_case_first_year,618.8148463584992,13135.225379367826,4654.616770652017,29653.851952691733,INTERNATIONAL_PROXY_RENAL,Event-specific first-year cost; no annual patient-year cost added for the same outcome,8128272.47501776,5701006.774703796,2880345.9617887214,2020216.7055936866,18350243.840042613,12870491.826040927
S4,2037,stroke,direct_medical,avoided_incident_case_first_year,31372.717456590937,29612.850356671155,4730.172689851648,100820.84684525008,CHINA_FIRST_ISCHAEMIC_STROKE_ONE_YEAR,Event-specific first-year cost; no annual patient-year cost added for the same outcome,929035587.3241524,651606868.9324222,148398371.3195985,104083631.8969723,3163023941.8102584,2218481353.354384
S4,2038,bladder_cancer,direct_medical,avoided_incident_case_first_year,468.5130954138566,17917.502226658013,6349.271058827539,40450.2353820222,INTERNATIONAL_PROXY_BLADDER,Event-specific first-year cost; no annual patient-year cost added for the same outcome,8394584.430296214,5716303.516496072,2974716.637392905,2025637.2803326978,18951464.989050325,12905025.479127608
S4,2038,breast_cancer,direct_medical,avoided_incident_case_first_year,1132.4347598307986,53995.542586727424,26175.98574835096,99226.21468667472,CHINA_BREAST_NEW_DIAGNOSIS_COURSE,Event-specific first-year cost; no annual patient-year cost added for the same outcome,61146429.301134326,41637742.96840551,29642596.134268224,20185165.55850653,112367214.59762375,76516605.35155283
S4,2038,colon_cancer,direct_medical,avoided_incident_case_first_year,3379.0018342171707,72296.25822013385,35047.815693114135,132856.9673630357,CHINA_CRC_NEW_DIAGNOSIS_COURSE,Event-specific first-year cost; no annual patient-year cost added for the same outcome,244289189.1328705,166349050.68587494,118426633.512338,80642774.7811075,448923936.40822846,305695356.0521952
S4,2038,coronary_heart_disease,direct_medical,avoided_incident_case_first_year,17993.807604368747,21846.326995845397,8586.27962692537,46223.917226713966,CHINA_INCIDENT_MI_IMMEDIATE_PROXY,Event-specific first-year cost; no annual patient-year cost added for the same outcome,393098604.8253691,267681021.70528364,154499863.64420617,105206889.1772854,831744273.2977573,566377377.4337595
S4,2038,endometrial_cancer,direct_medical,avoided_incident_case_first_year,168.56232748699585,22329.17043600619,7912.595953582618,50409.93932055516,INTERNATIONAL_PROXY_ENDOMETRIAL,Event-specific first-year cost; no annual patient-year cost added for the same outcome,3763856.939547021,2563003.426527164,1333765.5904000716,908229.4660197203,8497216.70035101,5786191.098316425
S4,2038,gastric_cancer,direct_medical,avoided_incident_case_first_year,4643.955709733689,64762.28390756019,31395.4919125426,119011.97726255516,CHINA_GASTRIC_NEW_DIAGNOSIS_COURSE,Event-specific first-year cost; no annual patient-year cost added for the same outcome,300753178.12790835,204798279.653406,145799273.92715007,99282210.95072518,552686351.335139,376352511.537603
S4,2038,oesophageal_cancer,direct_medical,avoided_incident_case_first_year,2274.9923184219033,68356.63525540795,29827.5487154762,135047.26753332303,CHINA_OESOPHAGEAL_NEW_DIAGNOSIS_DERIVED,Event-specific first-year cost; no annual patient-year cost added for the same outcome,155510820.11922094,105895301.34362149,67857444.20506346,46207617.55995024,307231496.2621776,209209699.06783873
S4,2038,renal_cancer,direct_medical,avoided_incident_case_first_year,632.3900178387585,13135.225379367826,4654.616770652017,29653.851952691733,INTERNATIONAL_PROXY_RENAL,Event-specific first-year cost; no annual patient-year cost added for the same outcome,8306585.4119745325,5656380.4670518385,2943533.1826252136,2004402.8650230216,18752799.965350628,12769744.265029522
S4,2038,stroke,direct_medical,avoided_incident_case_first_year,32234.096135646694,29612.850356671155,4730.172689851648,100820.84684525008,CHINA_FIRST_ISCHAEMIC_STROKE_ONE_YEAR,Event-specific first-year cost; no annual patient-year cost added for the same outcome,954543465.2474575,649997651.7419872,152472841.22288853,103826585.54329294,3249868869.687103,2213002561.6155457
S4,2039,bladder_cancer,direct_medical,avoided_incident_case_first_year,483.8143177666431,17917.502226658013,6349.271058827539,40450.2353820222,INTERNATIONAL_PROXY_BLADDER,Event-specific first-year cost; no annual patient-year cost added for the same outcome,8668744.115872854,5731061.089088925,3071868.2456421372,2030866.7943228201,19570403.034853198,12938341.913388187
S4,2039,breast_cancer,direct_medical,avoided_incident_case_first_year,1139.425156442347,53995.542586727424,26175.98574835096,99226.21468667472,CHINA_BREAST_NEW_DIAGNOSIS_COURSE,Event-specific first-year cost; no annual patient-year cost added for the same outcome,61523879.55907131,40674532.259542204,29825576.65634744,19718219.79631944,113060845.19254626,74746537.89769474
S4,2039,colon_cancer,direct_medical,avoided_incident_case_first_year,3469.984847242404,72296.25822013385,35047.815693114135,132856.9673630357,CHINA_CRC_NEW_DIAGNOSIS_COURSE,Event-specific first-year cost; no annual patient-year cost added for the same outcome,250866920.53618857,165852588.05735883,121615389.3840506,80402099.38336049,461011663.60031253,304783019.4962299
S4,2039,coronary_heart_disease,direct_medical,avoided_incident_case_first_year,18665.85946231151,21846.326995845397,8586.27962692537,46223.917226713966,CHINA_INCIDENT_MI_IMMEDIATE_PROXY,Event-specific first-year cost; no annual patient-year cost added for the same outcome,407780469.4721522,269590929.23311555,160270288.82029745,105957541.68279138,862809142.7513629,570418487.2960247
S4,2039,endometrial_cancer,direct_medical,avoided_incident_case_first_year,169.34698243951527,22329.17043600619,7912.595953582618,50409.93932055516,INTERNATIONAL_PROXY_ENDOMETRIAL,Event-specific first-year cost; no annual patient-year cost added for the same outcome,3781377.6337152836,2499936.08417345,1339974.2480023352,885880.8346927578,8536771.108895086,5643811.384288498
S4,2039,gastric_cancer,direct_medical,avoided_incident_case_first_year,4748.575304914444,64762.28390756019,31395.4919125426,119011.97726255516,CHINA_GASTRIC_NEW_DIAGNOSIS_COURSE,Event-specific first-year cost; no annual patient-year cost added for the same outcome,307528582.0532984,203312621.39358777,149083857.58154094,98561992.80728383,565137336.2180088,373622355.7066291
S4,2039,oesophageal_cancer,direct_medical,avoided_incident_case_first_year,2333.0086909156635,68356.63525540795,29827.5487154762,135047.26753332303,CHINA_OESOPHAGEAL_NEW_DIAGNOSIS_DERIVED,Event-specific first-year cost; no annual patient-year cost added for the same outcome,159476624.13261878,105432835.82591754,69587930.38191631,46005819.84555133,315066448.83965534,208296039.3439371
S4,2039,renal_cancer,direct_medical,avoided_incident_case_first_year,644.3247982758104,13135.225379367826,4654.616770652017,29653.851952691733,INTERNATIONAL_PROXY_RENAL,Event-specific first-year cost; no annual patient-year cost added for the same outcome,8463351.44286848,5595272.335781053,2999085.011801565,1982748.5024657575,19106712.17751885,12631787.631209148
S4,2039,stroke,direct_medical,avoided_incident_case_first_year,33153.341295626924,29612.850356671155,4730.172689851648,100820.84684525008,CHINA_FIRST_ISCHAEMIC_STROKE_ONE_YEAR,Event-specific first-year cost; no annual patient-year cost added for the same outcome,981764934.6110463,649062279.3997148,156821029.57390532,103677174.97811703,3342547945.174707,2209817963.3574357
S4,2040,bladder_cancer,direct_medical,avoided_incident_case_first_year,497.0400663181124,17917.502226658013,6349.271058827539,40450.2353820222,INTERNATIONAL_PROXY_BLADDER,Event-specific first-year cost; no annual patient-year cost added for the same outcome,8905716.494993025,5716240.5324392915,3155842.1081513115,2025614.9612145629,20105387.67686357,12904883.287437616
S4,2040,breast_cancer,direct_medical,avoided_incident_case_first_year,1143.8662517645123,53995.542586727424,26175.98574835096,99226.21468667472,CHINA_BREAST_NEW_DIAGNOSIS_COURSE,Event-specific first-year cost; no annual patient-year cost added for the same outcome,61763678.910670996,39643755.22398885,29941826.704207502,19218519.196977664,113501518.27042742,72852305.54954064
S4,2040,colon_cancer,direct_medical,avoided_incident_case_first_year,3547.973716775407,72296.25822013385,35047.815693114135,132856.9673630357,CHINA_CRC_NEW_DIAGNOSIS_COURSE,Event-specific first-year cost; no annual patient-year cost added for the same outcome,256505223.98624286,164640942.58524102,124348728.9095576,79814717.29419513,471373028.29453874,302556409.8914206
S4,2040,coronary_heart_disease,direct_medical,avoided_incident_case_first_year,19312.204136363525,21846.326995845397,8586.27962692537,46223.917226713966,CHINA_INCIDENT_MI_IMMEDIATE_PROXY,Event-specific first-year cost; no annual patient-year cost added for the same outcome,421900726.5735156,270802021.96656674,165819984.927082,106433538.44259118,892685725.4646707,572980998.160005
S4,2040,endometrial_cancer,direct_medical,avoided_incident_case_first_year,170.60224724019594,22329.17043600619,7912.595953582618,50409.93932055516,INTERNATIONAL_PROXY_ENDOMETRIAL,Event-specific first-year cost; no annual patient-year cost added for the same outcome,3809406.6553920014,2445113.174255926,1349906.6511848758,866453.7119333057,8600048.931328626,5520044.154769651
S4,2040,gastric_cancer,direct_medical,avoided_incident_case_first_year,4860.805184166573,64762.28390756019,31395.4919125426,119011.97726255516,CHINA_GASTRIC_NEW_DIAGNOSIS_COURSE,Event-specific first-year cost; no annual patient-year cost added for the same outcome,314796845.356336,202056116.19476113,152607369.84794676,97952863.5976942,578494036.0557424,371313308.54012567
S4,2040,oesophageal_cancer,direct_medical,avoided_incident_case_first_year,2394.5461191089635,68356.63525540795,29827.5487154762,135047.26753332303,CHINA_OESOPHAGEAL_NEW_DIAGNOSIS_DERIVED,Event-specific first-year cost; no annual patient-year cost added for the same outcome,163683115.66618407,105061963.37745905,71423441.01917708,45843988.942343585,323376910.36818856,207563333.43205926
S4,2040,renal_cancer,direct_medical,avoided_incident_case_first_year,654.1164968837206,13135.225379367826,4654.616770652017,29653.851952691733,INTERNATIONAL_PROXY_RENAL,Event-specific first-year cost; no annual patient-year cost added for the same outcome,8591967.610930223,5514857.062721195,3044661.616355114,1954252.434237731,19397073.758403197,12450243.53636644
S4,2040,stroke,direct_medical,avoided_incident_case_first_year,34049.43393331707,29612.850356671155,4730.172689851648,100820.84684525008,CHINA_FIRST_ISCHAEMIC_STROKE_ONE_YEAR,Event-specific first-year cost; no annual patient-year cost added for the same outcome,1008300791.7966794,647189909.7842687,161059702.4962844,103378094.29140104,3432892763.7584214,2203443234.55008
S4,2041,bladder_cancer,direct_medical,avoided_incident_case_first_year,509.69563541137086,17917.502226658013,6349.271058827539,40450.2353820222,INTERNATIONAL_PROXY_BLADDER,Event-specific first-year cost; no annual patient-year cost added for the same outcome,9132472.682401108,5691055.049003202,3236195.7467281297,2016690.1982057197,20617308.42557932,12848024.98652533
S4,2041,breast_cancer,direct_medical,avoided_incident_case_first_year,1149.1809786384697,53995.542586727424,26175.98574835096,99226.21468667472,CHINA_BREAST_NEW_DIAGNOSIS_COURSE,Event-specific first-year cost; no annual patient-year cost added for the same outcome,62050650.471930586,38667913.9312101,30080944.91911659,18745450.374094725,114028878.50022376,71059027.19768669
S4,2041,colon_cancer,direct_medical,avoided_incident_case_first_year,3623.2283582409177,72296.25822013385,35047.815693114135,132856.9673630357,CHINA_CRC_NEW_DIAGNOSIS_COURSE,Event-specific first-year cost; no annual patient-year cost added for the same outcome,261945852.97789702,163235995.44163805,126986239.7136922,79133626.32545325,481371131.7396391,299974574.79511315
S4,2041,coronary_heart_disease,direct_medical,avoided_incident_case_first_year,19922.710283024477,21846.326995845397,8586.27962692537,46223.917226713966,CHINA_INCIDENT_MI_IMMEDIATE_PROXY,Event-specific first-year cost; no annual patient-year cost added for the same outcome,435238043.4864443,271225959.39159834,171061961.41626963,106600158.91276596,920905711.0543265,573877993.2680473
S4,2041,endometrial_cancer,direct_medical,avoided_incident_case_first_year,171.88178572331486,22329.17043600619,7912.595953582618,50409.93932055516,INTERNATIONAL_PROXY_ENDOMETRIAL,Event-specific first-year cost; no annual patient-year cost added for the same outcome,3837977.688260993,2391700.8087886916,1360031.1222088558,847526.4316709894,8664550.388620967,5399461.345395377
S4,2041,gastric_cancer,direct_medical,avoided_incident_case_first_year,4968.835218342525,64762.28390756019,31395.4919125426,119011.97726255516,CHINA_GASTRIC_NEW_DIAGNOSIS_COURSE,Event-specific first-year cost; no annual patient-year cost added for the same outcome,321793117.1001824,200530831.8454204,155999025.91222957,97213435.49904335,591350904.0267639,368510332.86740583
S4,2041,oesophageal_cancer,direct_medical,avoided_incident_case_first_year,2453.5117018233764,68356.63525540795,29827.5487154762,135047.26753332303,CHINA_OESOPHAGEAL_NEW_DIAGNOSIS_DERIVED,Event-specific first-year cost; no annual patient-year cost added for the same outcome,167713804.49641576,104513698.212992,73182239.81012768,45604752.387749635,331340051.1922802,206480165.5425291
S4,2041,renal_cancer,direct_medical,avoided_incident_case_first_year,663.5218977198974,13135.225379367826,4654.616770652017,29653.851952691733,INTERNATIONAL_PROXY_RENAL,Event-specific first-year cost; no annual patient-year cost added for the same outcome,8715509.6706967,5431217.485231366,3088440.1528218873,1924613.7969985164,19675980.122354906,12261420.309003709
S4,2041,stroke,direct_medical,avoided_incident_case_first_year,34899.469454677615,29612.850356671155,4730.172689851648,100820.84684525008,CHINA_FIRST_ISCHAEMIC_STROKE_ONE_YEAR,Event-specific first-year cost; no annual patient-year cost added for the same outcome,1033472766.4885842,644026060.6600345,165080517.30482784,102872720.69372262,3518594064.8705354,2192671493.7634306
S4,2042,bladder_cancer,direct_medical,avoided_incident_case_first_year,521.2617405661426,17917.502226658013,6349.271058827539,40450.2353820222,INTERNATIONAL_PROXY_BLADDER,Event-specific first-year cost; no annual patient-year cost added for the same outcome,9339708.397265492,5650677.179740129,3309632.0834506783,2002381.8401831533,21085160.101543058,12756868.624703547
S4,2042,breast_cancer,direct_medical,avoided_incident_case_first_year,1155.2867435000421,53995.542586727424,26175.98574835096,99226.21468667472,CHINA_BREAST_NEW_DIAGNOSIS_COURSE,Event-specific first-year cost; no annual patient-year cost added for the same outcome,62380334.55853817,37741128.305214494,30240769.33311589,18296162.781533316,114634730.43520449,69355897.1782808
S4,2042,colon_cancer,direct_medical,avoided_incident_case_first_year,3693.1540356171918,72296.25822013385,35047.815693114135,132856.9673630357,CHINA_CRC_NEW_DIAGNOSIS_COURSE,Event-specific first-year cost; no annual patient-year cost added for the same outcome,267001217.8057099,161540127.83303615,129436981.96659201,78311502.79030119,490661245.1766569,296858122.67055064
S4,2042,coronary_heart_disease,direct_medical,avoided_incident_case_first_year,20463.23528772115,21846.326995845397,8586.27962692537,46223.917226713966,CHINA_INCIDENT_MI_IMMEDIATE_PROXY,Event-specific first-year cost; no annual patient-year cost added for the same outcome,447046529.48847866,270470502.3983589,175703060.25194043,106303241.03767861,945890894.1303947,572279546.9237038
S4,2042,endometrial_cancer,direct_medical,avoided_incident_case_first_year,173.06006547845067,22329.17043600619,7912.595953582618,50409.93932055516,INTERNATIONAL_PROXY_ENDOMETRIAL,Event-specific first-year cost; no annual patient-year cost added for the same outcome,3864287.697734716,2337957.6086051296,1369354.3738315317,828481.916357545,8723947.399580002,5278131.649430623
S4,2042,gastric_cancer,direct_medical,avoided_incident_case_first_year,5068.630757702,64762.28390756019,31395.4919125426,119011.97726255516,CHINA_GASTRIC_NEW_DIAGNOSIS_COURSE,Event-specific first-year cost; no annual patient-year cost added for the same outcome,328256104.15288883,198600341.4614317,159132155.9610978,96277571.41919915,603227768.4879181,364962720.52543247
S4,2042,oesophageal_cancer,direct_medical,avoided_incident_case_first_year,2507.475007860783,68356.63525540795,29827.5487154762,135047.26753332303,CHINA_OESOPHAGEAL_NEW_DIAGNOSIS_DERIVED,Event-specific first-year cost; no annual patient-year cost added for the same outcome,171402554.52439073,103701364.34706143,74791832.94980657,45250288.949507795,338627648.21969646,204875296.1906541
S4,2042,renal_cancer,direct_medical,avoided_incident_case_first_year,672.4069923155369,13135.225379367826,4654.616770652017,29653.851952691733,INTERNATIONAL_PROXY_RENAL,Event-specific first-year cost; no annual patient-year cost added for the same outcome,8832217.390727427,5343636.774666283,3129796.86313558,1893578.5743504013,19939457.402079657,12063699.649479441
S4,2042,stroke,direct_medical,avoided_incident_case_first_year,35666.2648152386,29612.850356671155,4730.172689851648,100820.84684525008,CHINA_FIRST_ISCHAEMIC_STROKE_ONE_YEAR,Event-specific first-year cost; no annual patient-year cost added for the same outcome,1056179762.7550663,639006126.2352434,168707591.77805838,102070867.56459136,3595903022.479303,2175580466.262897
S4,2043,bladder_cancer,direct_medical,avoided_incident_case_first_year,531.7120340227538,17917.502226658013,6349.271058827539,40450.2353820222,INTERNATIONAL_PROXY_BLADDER,Event-specific first-year cost; no annual patient-year cost added for the same outcome,9526951.55354355,5596079.969573045,3375983.829250994,1983034.6967018018,21507876.931674186,12633610.930940047
S4,2043,breast_cancer,direct_medical,avoided_incident_case_first_year,1161.0736709293635,53995.542586727424,26175.98574835096,99226.21468667472,CHINA_BREAST_NEW_DIAGNOSIS_COURSE,Event-specific first-year cost; no annual patient-year cost added for the same outcome,62692802.84499439,36825414.327500425,30392247.86303255,17852242.5080828,115208945.33868255,67673113.24110115
S4,2043,colon_cancer,direct_medical,avoided_incident_case_first_year,3756.506935113744,72296.25822013385,35047.815693114135,132856.9673630357,CHINA_CRC_NEW_DIAGNOSIS_COURSE,Event-specific first-year cost; no annual patient-year cost added for the same outcome,271581395.3867068,159525447.17905706,131657362.71177156,77334824.90987562,499078119.277424,293155796.0428346
S4,2043,coronary_heart_disease,direct_medical,avoided_incident_case_first_year,20947.331950964894,21846.326995845397,8586.27962692537,46223.917226713966,CHINA_INCIDENT_MI_IMMEDIATE_PROXY,Event-specific first-year cost; no annual patient-year cost added for the same outcome,457622263.49129915,268804849.89994663,179859649.56901273,105648588.28459227,968267738.221902,568755248.1603593
S4,2043,endometrial_cancer,direct_medical,avoided_incident_case_first_year,174.15322866536513,22329.17043600619,7912.595953582618,50409.93932055516,INTERNATIONAL_PROXY_ENDOMETRIAL,Event-specific first-year cost; no annual patient-year cost added for the same outcome,3888697.1248496966,2284199.7217896525,1378004.1324409165,809432.1966687476,8779053.689499823,5156768.797186024
S4,2043,gastric_cancer,direct_medical,avoided_incident_case_first_year,5158.978054200794,64762.28390756019,31395.4919125426,119011.97726255516,CHINA_GASTRIC_NEW_DIAGNOSIS_COURSE,Event-specific first-year cost; no annual patient-year cost added for the same outcome,334107201.4190242,196252768.47930193,161968653.77764577,95139513.83185771,613980178.884566,360648646.26007444
S4,2043,oesophageal_cancer,direct_medical,avoided_incident_case_first_year,2556.2751836557854,68356.63525540795,29827.5487154762,135047.26753332303,CHINA_OESOPHAGEAL_NEW_DIAGNOSIS_DERIVED,Event-specific first-year cost; no annual patient-year cost added for the same outcome,174738370.3416095,102640376.48231833,76247422.57065581,44787324.862643234,345217978.6159573,202779179.09120637
S4,2043,renal_cancer,direct_medical,avoided_incident_case_first_year,680.4131288306214,13135.225379367826,4654.616770652017,29653.851952691733,INTERNATIONAL_PROXY_RENAL,Event-specific first-year cost; no annual patient-year cost added for the same outcome,8937379.798271049,5249768.6997231105,3167062.360426822,1860315.35249921,20176870.189011015,11851784.747598788
S4,2043,stroke,direct_medical,avoided_incident_case_first_year,36354.01734913432,29612.850356671155,4730.172689851648,100820.84684525008,CHINA_FIRST_ISCHAEMIC_STROKE_ONE_YEAR,Event-specific first-year cost; no annual patient-year cost added for the same outcome,1076546075.6237416,632357359.6718563,171960780.03126818,101008834.9118566,3665242815.366636,2152943865.3506827
S4,2044,bladder_cancer,direct_medical,avoided_incident_case_first_year,540.6601564593769,17917.502226658013,6349.271058827539,40450.2353820222,INTERNATIONAL_PROXY_BLADDER,Event-specific first-year cost; no annual patient-year cost added for the same outcome,9687279.557226155,5524520.169306884,3432797.8840686907,1957676.6661539152,21869830.590462748,12472058.794484887
S4,2044,breast_cancer,direct_medical,avoided_incident_case_first_year,1165.6700083967673,53995.542586727424,26175.98574835096,99226.21468667472,CHINA_BREAST_NEW_DIAGNOSIS_COURSE,Event-specific first-year cost; no annual patient-year cost added for the same outcome,62940984.58045857,35894364.02002033,30512561.527073923,17400887.481129378,115665022.50699556,65962146.12662633
S4,2044,colon_cancer,direct_medical,avoided_incident_case_first_year,3811.0836852376406,72296.25822013385,35047.815693114135,132856.9673630357,CHINA_CRC_NEW_DIAGNOSIS_COURSE,Event-specific first-year cost; no annual patient-year cost added for the same outcome,275527090.2064798,157129249.5529041,133570158.59124303,76173195.04363863,506329020.7874151,288752365.5244273
S4,2044,coronary_heart_disease,direct_medical,avoided_incident_case_first_year,21353.1426557712,21846.326995845397,8586.27962692537,46223.917226713966,CHINA_INCIDENT_MI_IMMEDIATE_PROXY,Event-specific first-year cost; no annual patient-year cost added for the same outcome,466487736.84691226,266031438.00291222,183344053.75607935,104558551.9561464,987025898.6505831,562887078.1019104
S4,2044,endometrial_cancer,direct_medical,avoided_incident_case_first_year,175.05470985470328,22329.17043600619,7912.595953582618,50409.93932055516,INTERNATIONAL_PROXY_ENDOMETRIAL,Event-specific first-year cost; no annual patient-year cost added for the same outcome,3908826.451971282,2229149.1067920546,1385137.1888519044,789924.3840197909,8824497.301552981,5032487.5047152
S4,2044,gastric_cancer,direct_medical,avoided_incident_case_first_year,5236.6051668046875,64762.28390756019,31395.4919125426,119011.97726255516,CHINA_GASTRIC_NEW_DIAGNOSIS_COURSE,Event-specific first-year cost; no annual patient-year cost added for the same outcome,339134510.5244017,193403672.56176788,164405795.16359535,93758327.70870191,623218735.0447383,355412936.2434173
S4,2044,oesophageal_cancer,direct_medical,avoided_incident_case_first_year,2598.1990725746828,68356.63525540795,29827.5487154762,135047.26753332303,CHINA_OESOPHAGEAL_NEW_DIAGNOSIS_DERIVED,Event-specific first-year cost; no annual patient-year cost added for the same outcome,177604146.3249268,101285162.95296618,77497909.40972644,44195974.843503356,350879685.25882494,200101781.59527388
S4,2044,renal_cancer,direct_medical,avoided_incident_case_first_year,687.263827589019,13135.225379367826,4654.616770652017,29653.851952691733,INTERNATIONAL_PROXY_RENAL,Event-specific first-year cost; no annual patient-year cost added for the same outcome,9027365.270468757,5148180.272675582,3198949.7377583445,1824316.3359172544,20380019.795765027,11622440.515675208
S4,2044,stroke,direct_medical,avoided_incident_case_first_year,36937.210594930824,29612.850356671155,4730.172689851648,100820.84684525008,CHINA_FIRST_ISCHAEMIC_STROKE_ONE_YEAR,Event-specific first-year cost; no annual patient-year cost added for the same outcome,1093816089.9405348,623788031.9951423,174719384.79544073,99640023.76201569,3724040852.2822695,2123768461.3333488
S4,2045,bladder_cancer,direct_medical,avoided_incident_case_first_year,547.9035512374364,17917.502226658013,6349.271058827539,40450.2353820222,INTERNATIONAL_PROXY_BLADDER,Event-specific first-year cost; no annual patient-year cost added for the same outcome,9817063.0992906,5435469.815394557,3478788.1609006864,1926120.658641179,22162827.614200164,12271020.294193996
S4,2045,breast_cancer,direct_medical,avoided_incident_case_first_year,1169.4918461664201,53995.542586727424,26175.98574835096,99226.21468667472,CHINA_BREAST_NEW_DIAGNOSIS_COURSE,Event-specific first-year cost; no annual patient-year cost added for the same outcome,63147346.78450942,34963154.85577926,30612601.898064867,16949455.44351708,116044249.00202477,64250887.08518286
S4,2045,colon_cancer,direct_medical,avoided_incident_case_first_year,3857.1061691522586,72296.25822013385,35047.815693114135,132856.9673630357,CHINA_CRC_NEW_DIAGNOSIS_COURSE,Event-specific first-year cost; no annual patient-year cost added for the same outcome,278854343.58750296,154394888.99394596,135183146.12522188,74847630.38416368,512443428.43082535,283727501.71426815
S4,2045,coronary_heart_disease,direct_medical,avoided_incident_case_first_year,21650.65287426741,21846.326995845397,8586.27962692537,46223.917226713966,CHINA_INCIDENT_MI_IMMEDIATE_PROXY,Event-specific first-year cost; no annual patient-year cost added for the same outcome,472987242.36478585,261881568.1368374,185898559.68395546,102927525.23516735,1000777986.3644536,554106506.37342
S4,2045,endometrial_cancer,direct_medical,avoided_incident_case_first_year,175.75635969187314,22329.17043600619,7912.595953582618,50409.93932055516,INTERNATIONAL_PROXY_ENDOMETRIAL,Event-specific first-year cost; no annual patient-year cost added for the same outcome,3924493.7107718433,2172897.015111127,1390689.0605143264,769990.8144189547,8859867.427268991,4905493.779784097
S4,2045,gastric_cancer,direct_medical,avoided_incident_case_first_year,5301.245856247859,64762.28390756019,31395.4919125426,119011.97726255516,CHINA_GASTRIC_NEW_DIAGNOSIS_COURSE,Event-specific first-year cost; no annual patient-year cost added for the same outcome,343320789.2061008,190088396.89153543,166435221.40622962,92151146.73526375,630911751.3069849,349320539.729916
S4,2045,oesophageal_cancer,direct_medical,avoided_incident_case_first_year,2632.626592913326,68356.63525540795,29827.5487154762,135047.26753332303,CHINA_OESOPHAGEAL_NEW_DIAGNOSIS_DERIVED,Event-specific first-year cost; no annual patient-year cost added for the same outcome,179957495.77546358,99638102.1949639,78524797.94978036,43477276.72717417,355529027.8085066,196847802.60700917
S4,2045,renal_cancer,direct_medical,avoided_incident_case_first_year,693.2118357704463,13135.225379367826,4654.616770652017,29653.851952691733,INTERNATIONAL_PROXY_RENAL,Event-specific first-year cost; no annual patient-year cost added for the same outcome,9105493.698490128,5041491.090750438,3226635.4363915916,1786509.808728467,20556401.14979047,11381580.909967072
S4,2045,stroke,direct_medical,avoided_incident_case_first_year,37396.18706122619,29612.850356671155,4730.172689851648,100820.84684525008,CHINA_FIRST_ISCHAEMIC_STROKE_ONE_YEAR,Event-specific first-year cost; no annual patient-year cost added for the same outcome,1107407691.3541732,613144788.7022693,176890422.7415957,97939938.21979253,3770315248.296209,2087532138.6206405
S4,2046,bladder_cancer,direct_medical,avoided_incident_case_first_year,553.5188365577228,17917.502226658013,6349.271058827539,40450.2353820222,INTERNATIONAL_PROXY_BLADDER,Event-specific first-year cost; no annual patient-year cost added for the same outcome,9917674.98652015,5331239.00770533,3514441.12947184,1889185.2843726159,22389967.22714296,12035710.67057834
S4,2046,breast_cancer,direct_medical,avoided_incident_case_first_year,1171.2937470264255,53995.542586727424,26175.98574835096,99226.21468667472,CHINA_BREAST_NEW_DIAGNOSIS_COURSE,Event-specific first-year cost; no annual patient-year cost added for the same outcome,63244641.3991329,33997111.189232215,30659768.429296307,16481136.318707768,116223044.80360377,62475613.57812375
S4,2046,colon_cancer,direct_medical,avoided_incident_case_first_year,3893.0819076627486,72296.25822013385,35047.815693114135,132856.9673630357,CHINA_CRC_NEW_DIAGNOSIS_COURSE,Event-specific first-year cost; no annual patient-year cost added for the same outcome,281455254.86851734,151296068.45537218,136444017.1779612,73345382.63613674,517223055.9479746,278032879.2083064
S4,2046,coronary_heart_disease,direct_medical,avoided_incident_case_first_year,21857.044861042115,21846.326995845397,8586.27962692537,46223.917226713966,CHINA_INCIDENT_MI_IMMEDIATE_PROXY,Event-specific first-year cost; no annual patient-year cost added for the same outcome,477496149.19718826,256677709.2503143,187670698.99515978,100882248.35419579,1010318232.4773846,543095834.305942
S4,2046,endometrial_cancer,direct_medical,avoided_incident_case_first_year,175.92131478102885,22329.17043600619,7912.595953582618,50409.93932055516,INTERNATIONAL_PROXY_ENDOMETRIAL,Event-specific first-year cost; no annual patient-year cost added for the same outcome,3928177.021071888,2111588.713319812,1391994.283485303,748265.519157079,8868182.803303948,4767085.244545238
S4,2046,gastric_cancer,direct_medical,avoided_incident_case_first_year,5351.798057627057,64762.28390756019,31395.4919125426,119011.97726255516,CHINA_GASTRIC_NEW_DIAGNOSIS_COURSE,Event-specific first-year cost; no annual patient-year cost added for the same outcome,346594665.2239726,186311711.32509044,168022332.63579145,90320283.24492136,636928068.7480981,342380222.1616978
S4,2046,oesophageal_cancer,direct_medical,avoided_incident_case_first_year,2659.1876577243966,68356.63525540795,29827.5487154762,135047.26753332303,CHINA_OESOPHAGEAL_NEW_DIAGNOSIS_DERIVED,Event-specific first-year cost; no annual patient-year cost added for the same outcome,181773120.79474917,97712009.462948,79317049.40436749,42636822.474561095,359116027.0340172,193042560.2994753
S4,2046,renal_cancer,direct_medical,avoided_incident_case_first_year,698.0092255436609,13135.225379367826,4654.616770652017,29653.851952691733,INTERNATIONAL_PROXY_RENAL,Event-specific first-year cost; no annual patient-year cost added for the same outcome,9168508.494393976,4928525.102327572,3248965.4472853504,1746479.023641804,20698662.235884733,11126550.897186099
S4,2046,stroke,direct_medical,avoided_incident_case_first_year,37738.5222283022,29612.850356671155,4730.172689851648,100820.84684525008,CHINA_FIRST_ISCHAEMIC_STROKE_ONE_YEAR,Event-specific first-year cost; no annual patient-year cost added for the same outcome,1117545211.428621,600735619.1990956,178509727.19967443,95957774.59890929,3804829769.7457223,2045283487.6840584
S4,2047,bladder_cancer,direct_medical,avoided_incident_case_first_year,557.7854401738133,17917.502226658013,6349.271058827539,40450.2353820222,INTERNATIONAL_PROXY_BLADDER,Event-specific first-year cost; no annual patient-year cost added for the same outcome,9994121.86631172,5215857.254934751,3541530.952330972,1848298.445665094,22562552.347695608,11775226.8710331
S4,2047,breast_cancer,direct_medical,avoided_incident_case_first_year,1170.6708128751295,53995.542586727424,26175.98574835096,99226.21468667472,CHINA_BREAST_NEW_DIAGNOSIS_COURSE,Event-specific first-year cost; no annual patient-year cost added for the same outcome,63211005.731637865,32989349.864587903,30643462.513829824,15992593.287044393,116161233.40577161,60623676.60774383
S4,2047,colon_cancer,direct_medical,avoided_incident_case_first_year,3919.775128500513,72296.25822013385,35047.815693114135,132856.9673630357,CHINA_CRC_NEW_DIAGNOSIS_COURSE,Event-specific first-year cost; no annual patient-year cost added for the same outcome,283385074.8549314,147896545.42883873,137379556.26213875,71697360.1877874,520769436.3176318,271785663.50302297
S4,2047,coronary_heart_disease,direct_medical,avoided_incident_case_first_year,21990.21838399468,21846.326995845397,8586.27962692537,46223.917226713966,CHINA_INCIDENT_MI_IMMEDIATE_PROXY,Event-specific first-year cost; no annual patient-year cost added for the same outcome,480405501.5267987,250720028.62957352,188814164.10213327,98540696.30531715,1016474034.3791339,530490175.88433695
S4,2047,endometrial_cancer,direct_medical,avoided_incident_case_first_year,175.4029180954351,22329.17043600619,7912.595953582618,50409.93932055516,INTERNATIONAL_PROXY_ENDOMETRIAL,Event-specific first-year cost; no annual patient-year cost added for the same outcome,3916601.6531258044,2044045.031710693,1387892.419968523,724330.6460133556,8842050.45783919,4614599.8263717005
S4,2047,gastric_cancer,direct_medical,avoided_incident_case_first_year,5389.767360617182,64762.28390756019,31395.4919125426,119011.97726255516,CHINA_GASTRIC_NEW_DIAGNOSIS_COURSE,Event-specific first-year cost; no annual patient-year cost added for the same outcome,349053644.00399125,182168479.21142253,169214397.5807428,88311725.1387539,641446870.572234,334766311.4662511
S4,2047,oesophageal_cancer,direct_medical,avoided_incident_case_first_year,2678.7646177517076,68356.63525540795,29827.5487154762,135047.26753332303,CHINA_OESOPHAGEAL_NEW_DIAGNOSIS_DERIVED,Event-specific first-year cost; no annual patient-year cost added for the same outcome,183111335.91074577,95564433.03841022,79900982.13328305,41699723.38851383,361759841.99231464,188799748.6562579
S4,2047,renal_cancer,direct_medical,avoided_incident_case_first_year,701.8459921870822,13135.225379367826,4654.616770652017,29653.851952691733,INTERNATIONAL_PROXY_RENAL,Event-specific first-year cost; no annual patient-year cost added for the same outcome,9218905.288983354,4811277.536667213,3266824.1256488976,1704931.0128784673,20812437.145905774,10861854.871538375
S4,2047,stroke,direct_medical,avoided_incident_case_first_year,37984.219180175576,29612.850356671155,4730.172689851648,100820.84684525008,CHINA_FIRST_ISCHAEMIC_STROKE_ONE_YEAR,Event-specific first-year cost; no annual patient-year cost added for the same outcome,1124820998.4975376,587035643.9511263,179671916.21140566,93769425.68993677,3829601144.500892,1998640118.6863806
S4,2048,bladder_cancer,direct_medical,avoided_incident_case_first_year,561.0017998636743,17917.502226658013,6349.271058827539,40450.2353820222,INTERNATIONAL_PROXY_BLADDER,Event-specific first-year cost; no annual patient-year cost added for the same outcome,10051750.998216536,5093139.2880662605,3561952.491824586,1804811.9359061054,22692654.854223732,11498180.96459821
S4,2048,breast_cancer,direct_medical,avoided_incident_case_first_year,1169.1389778557102,53995.542586727424,26175.98574835096,99226.21468667472,CHINA_BREAST_NEW_DIAGNOSIS_COURSE,Event-specific first-year cost; no annual patient-year cost added for the same outcome,63128293.46861097,31986585.39299334,30603365.22219268,15506472.632265305,116009235.21527015,58780922.22521688
S4,2048,colon_cancer,direct_medical,avoided_incident_case_first_year,3939.7997329199507,72296.25822013385,35047.815693114135,132856.9673630357,CHINA_CRC_NEW_DIAGNOSIS_COURSE,Event-specific first-year cost; no annual patient-year cost added for the same outcome,284832778.82679516,144322418.71383724,138081374.90715873,69964693.27728437,523429844.53344274,265217583.10693312
S4,2048,coronary_heart_disease,direct_medical,avoided_incident_case_first_year,22071.682857401363,21846.326995845397,8586.27962692537,46223.917226713966,CHINA_INCIDENT_MI_IMMEDIATE_PROXY,Event-specific first-year cost; no annual patient-year cost added for the same outcome,482185201.05138546,244319262.58765012,189513640.85046327,96024998.03379835,1020239641.4548022,516947007.746018
S4,2048,endometrial_cancer,direct_medical,avoided_incident_case_first_year,174.6574761028177,22329.17043600619,7912.595953582618,50409.93932055516,INTERNATIONAL_PROXY_ENDOMETRIAL,Event-specific first-year cost; no annual patient-year cost added for the same outcome,3899956.5518224942,1976075.804042781,1381994.038674108,700244.9757751982,8804472.772224354,4461153.702959995
S4,2048,gastric_cancer,direct_medical,avoided_incident_case_first_year,5418.498621083857,64762.28390756019,31395.4919125426,119011.97726255516,CHINA_GASTRIC_NEW_DIAGNOSIS_COURSE,Event-specific first-year cost; no annual patient-year cost added for the same outcome,350914346.05135614,177805403.5498244,170116429.63636145,86196591.16906503,644866234.6896185,326748399.9581563
S4,2048,oesophageal_cancer,direct_medical,avoided_incident_case_first_year,2693.2907963329462,68356.63525540795,29827.5487154762,135047.26753332303,CHINA_OESOPHAGEAL_NEW_DIAGNOSIS_DERIVED,Event-specific first-year cost; no annual patient-year cost added for the same outcome,184104296.60167843,93284127.93852346,80334262.43256465,40704707.89076608,363721562.717412,184294714.55486616
S4,2048,renal_cancer,direct_medical,avoided_incident_case_first_year,704.779584569291,13135.225379367826,4654.616770652017,29653.851952691733,INTERNATIONAL_PROXY_RENAL,Event-specific first-year cost; no annual patient-year cost added for the same outcome,9257438.686094865,4690667.793838099,3280478.873949384,1662191.5763280876,20899429.46009734,10589568.45431978
S4,2048,stroke,direct_medical,avoided_incident_case_first_year,38155.86310599405,29612.850356671155,4730.172689851648,100820.84684525008,CHINA_FIRST_ISCHAEMIC_STROKE_ONE_YEAR,Event-specific first-year cost; no annual patient-year cost added for the same outcome,1129903864.3874319,572512964.603936,180483821.62169114,91449663.14076772,3846906430.4577546,1949195745.2940736
S4,2049,bladder_cancer,direct_medical,avoided_incident_case_first_year,564.238524923981,17917.502226658013,6349.271058827539,40450.2353820222,INTERNATIONAL_PROXY_BLADDER,Event-specific first-year cost; no annual patient-year cost added for the same outcome,10109745.026691662,4973324.644420197,3582503.3365753735,1762354.2518102808,22823581.14478003,11227689.549199605
S4,2049,breast_cancer,direct_medical,avoided_incident_case_first_year,1167.23492881601,53995.542586727424,26175.98574835096,99226.21468667472,CHINA_BREAST_NEW_DIAGNOSIS_COURSE,Event-specific first-year cost; no annual patient-year cost added for the same outcome,63025483.307600625,31004361.488111325,30553524.861665327,15030309.643541101,115820303.63648291,56975914.711871445
S4,2049,colon_cancer,direct_medical,avoided_incident_case_first_year,3958.977293778608,72296.25822013385,35047.815693114135,132856.9673630357,CHINA_CRC_NEW_DIAGNOSIS_COURSE,Event-specific first-year cost; no annual patient-year cost added for the same outcome,286219244.71866494,140800902.4667251,138753506.5255764,68257530.89533524,525977717.11054397,258746183.60951513
S4,2049,coronary_heart_disease,direct_medical,avoided_incident_case_first_year,22162.20658487994,21846.326995845397,8586.27962692537,46223.917226713966,CHINA_INCIDENT_MI_IMMEDIATE_PROXY,Event-specific first-year cost; no annual patient-year cost added for the same outcome,484162812.00276524,238176021.10516354,190290902.88746592,93610514.84884976,1024424002.7408255,503948727.26416963
S4,2049,endometrial_cancer,direct_medical,avoided_incident_case_first_year,173.82842758103232,22329.17043600619,7912.595953582618,50409.93932055516,INTERNATIONAL_PROXY_ENDOMETRIAL,Event-specific first-year cost; no annual patient-year cost added for the same outcome,3881444.5860798294,1909413.537625009,1375434.1126953054,676622.4421470187,8762680.486547356,4310658.152096547
S4,2049,gastric_cancer,direct_medical,avoided_incident_case_first_year,5446.5940102135555,64762.28390756019,31395.4919125426,119011.97726255516,CHINA_GASTRIC_NEW_DIAGNOSIS_COURSE,Event-specific first-year cost; no annual patient-year cost added for the same outcome,352733867.61866707,173521689.4311366,170998498.19856265,84119930.12726371,648209922.5019047,318876329.1087055
S4,2049,oesophageal_cancer,direct_medical,avoided_incident_case_first_year,2707.6413142275355,68356.63525540795,29827.5487154762,135047.26753332303,CHINA_OESOPHAGEAL_NEW_DIAGNOSIS_DERIVED,Event-specific first-year cost; no annual patient-year cost added for the same outcome,185085249.71912506,91049678.43566023,80762303.20415781,39729701.57060564,365659560.94676435,179880274.04480615
S4,2049,renal_cancer,direct_medical,avoided_incident_case_first_year,707.3657392521072,13135.225379367826,4654.616770652017,29653.851952691733,INTERNATIONAL_PROXY_RENAL,Event-specific first-year cost; no annual patient-year cost added for the same outcome,9291408.410719562,4570757.255341613,3292516.4329075203,1619699.9107994286,20976118.908188332,10318860.548406906
S4,2049,stroke,direct_medical,avoided_incident_case_first_year,38327.19848300299,29612.850356671155,4730.172689851648,100820.84684525008,CHINA_FIRST_ISCHAEMIC_STROKE_ONE_YEAR,Event-specific first-year cost; no annual patient-year cost added for the same outcome,1134977593.2676013,558333768.1177546,181294267.54282427,89184766.4092761,3864180608.262346,1900920804.513172
S4,2050,bladder_cancer,direct_medical,avoided_incident_case_first_year,568.0931679146768,17917.502226658013,6349.271058827539,40450.2353820222,INTERNATIONAL_PROXY_BLADDER,Event-specific first-year cost; no annual patient-year cost added for the same outcome,10178810.601060426,4861456.631526075,3606977.5097583104,1722712.5468621196,22979502.361067336,10975138.306507206
S4,2050,breast_cancer,direct_medical,avoided_incident_case_first_year,1164.3091752856635,53995.542586727424,26175.98574835096,99226.21468667472,CHINA_BREAST_NEW_DIAGNOSIS_COURSE,Event-specific first-year cost; no annual patient-year cost added for the same outcome,62867505.65825453,30025870.82797123,30476940.378951788,14555956.459042914,115529992.18856044,55177767.68601245
S4,2050,colon_cancer,direct_medical,avoided_incident_case_first_year,3980.9380146367143,72296.25822013385,35047.815693114135,132856.9673630357,CHINA_CRC_NEW_DIAGNOSIS_COURSE,Event-specific first-year cost; no annual patient-year cost added for the same outcome,287806922.6645229,137458189.13663578,139523181.82269928,66637048.67962827,528895351.88485813,252603365.6168132
S4,2050,coronary_heart_disease,direct_medical,avoided_incident_case_first_year,22281.12222864299,21846.326995845397,8586.27962692537,46223.917226713966,CHINA_INCIDENT_MI_IMMEDIATE_PROXY,Event-specific first-year cost; no annual patient-year cost added for the same outcome,486760682.04133433,232479612.64054495,191311945.8568313,91371650.80750763,1029920749.6150903,491895885.9143099
S4,2050,endometrial_cancer,direct_medical,avoided_incident_case_first_year,172.7886863421599,22329.17043600619,7912.595953582618,50409.93932055516,INTERNATIONAL_PROXY_ENDOMETRIAL,Event-specific first-year cost; no annual patient-year cost added for the same outcome,3858228.026747703,1842711.1930561247,1367207.0603758306,652985.7063693582,8710267.19378672,4160072.121509661
S4,2050,gastric_cancer,direct_medical,avoided_incident_case_first_year,5479.12822569759,64762.28390756019,31395.4919125426,119011.97726255516,CHINA_GASTRIC_NEW_DIAGNOSIS_COURSE,Event-specific first-year cost; no annual patient-year cost added for the same outcome,354840857.71855384,169473969.8479653,172019925.89767256,82157674.63270633,652081883.8153458,311437939.3248433
S4,2050,oesophageal_cancer,direct_medical,avoided_incident_case_first_year,2724.5487381058183,68356.63525540795,29827.5487154762,135047.26753332303,CHINA_OESOPHAGEAL_NEW_DIAGNOSIS_DERIVED,Event-specific first-year cost; no annual patient-year cost added for the same outcome,186240984.32628143,88949731.33900538,81266610.21354051,38813385.63300338,367942862.3425541,175731560.22487983
S4,2050,renal_cancer,direct_medical,avoided_incident_case_first_year,710.1624995040979,13135.225379367826,4654.616770652017,29653.851952691733,INTERNATIONAL_PROXY_RENAL,Event-specific first-year cost; no annual patient-year cost added for the same outcome,9328144.48696152,4455173.757850264,3305534.280079929,1578741.5815515032,21059053.622648038,10057921.293556621
S4,2050,stroke,direct_medical,avoided_incident_case_first_year,38535.95458687875,29612.850356671155,4730.172689851648,100820.84684525008,CHINA_FIRST_ISCHAEMIC_STROKE_ONE_YEAR,Event-specific first-year cost; no annual patient-year cost added for the same outcome,1141159456.532716,545024111.8556334,182281719.96421722,87058764.62950431,3885227575.439215,1855606327.8787422
S5,2025,bladder_cancer,direct_medical,avoided_incident_case_first_year,0.0,17917.502226658013,6349.271058827539,40450.2353820222,INTERNATIONAL_PROXY_BLADDER,Event-specific first-year cost; no annual patient-year cost added for the same outcome,0.0,0.0,0.0,0.0,0.0,0.0
S5,2025,breast_cancer,direct_medical,avoided_incident_case_first_year,0.0,53995.542586727424,26175.98574835096,99226.21468667472,CHINA_BREAST_NEW_DIAGNOSIS_COURSE,Event-specific first-year cost; no annual patient-year cost added for the same outcome,0.0,0.0,0.0,0.0,0.0,0.0
S5,2025,colon_cancer,direct_medical,avoided_incident_case_first_year,0.0,72296.25822013385,35047.815693114135,132856.9673630357,CHINA_CRC_NEW_DIAGNOSIS_COURSE,Event-specific first-year cost; no annual patient-year cost added for the same outcome,0.0,0.0,0.0,0.0,0.0,0.0
S5,2025,coronary_heart_disease,direct_medical,avoided_incident_case_first_year,0.0,21846.326995845397,8586.27962692537,46223.917226713966,CHINA_INCIDENT_MI_IMMEDIATE_PROXY,Event-specific first-year cost; no annual patient-year cost added for the same outcome,0.0,0.0,0.0,0.0,0.0,0.0
S5,2025,endometrial_cancer,direct_medical,avoided_incident_case_first_year,0.0,22329.17043600619,7912.595953582618,50409.93932055516,INTERNATIONAL_PROXY_ENDOMETRIAL,Event-specific first-year cost; no annual patient-year cost added for the same outcome,0.0,0.0,0.0,0.0,0.0,0.0
S5,2025,gastric_cancer,direct_medical,avoided_incident_case_first_year,0.0,64762.28390756019,31395.4919125426,119011.97726255516,CHINA_GASTRIC_NEW_DIAGNOSIS_COURSE,Event-specific first-year cost; no annual patient-year cost added for the same outcome,0.0,0.0,0.0,0.0,0.0,0.0
S5,2025,oesophageal_cancer,direct_medical,avoided_incident_case_first_year,0.0,68356.63525540795,29827.5487154762,135047.26753332303,CHINA_OESOPHAGEAL_NEW_DIAGNOSIS_DERIVED,Event-specific first-year cost; no annual patient-year cost added for the same outcome,0.0,0.0,0.0,0.0,0.0,0.0
S5,2025,renal_cancer,direct_medical,avoided_incident_case_first_year,0.0,13135.225379367826,4654.616770652017,29653.851952691733,INTERNATIONAL_PROXY_RENAL,Event-specific first-year cost; no annual patient-year cost added for the same outcome,0.0,0.0,0.0,0.0,0.0,0.0
S5,2025,stroke,direct_medical,avoided_incident_case_first_year,0.0,29612.850356671155,4730.172689851648,100820.84684525008,CHINA_FIRST_ISCHAEMIC_STROKE_ONE_YEAR,Event-specific first-year cost; no annual patient-year cost added for the same outcome,0.0,0.0,0.0,0.0,0.0,0.0
S5,2026,bladder_cancer,direct_medical,avoided_incident_case_first_year,0.0,17917.502226658013,6349.271058827539,40450.2353820222,INTERNATIONAL_PROXY_BLADDER,Event-specific first-year cost; no annual patient-year cost added for the same outcome,0.0,0.0,0.0,0.0,0.0,0.0
S5,2026,breast_cancer,direct_medical,avoided_incident_case_first_year,0.0,53995.542586727424,26175.98574835096,99226.21468667472,CHINA_BREAST_NEW_DIAGNOSIS_COURSE,Event-specific first-year cost; no annual patient-year cost added for the same outcome,0.0,0.0,0.0,0.0,0.0,0.0
S5,2026,colon_cancer,direct_medical,avoided_incident_case_first_year,0.0,72296.25822013385,35047.815693114135,132856.9673630357,CHINA_CRC_NEW_DIAGNOSIS_COURSE,Event-specific first-year cost; no annual patient-year cost added for the same outcome,0.0,0.0,0.0,0.0,0.0,0.0
S5,2026,coronary_heart_disease,direct_medical,avoided_incident_case_first_year,417.49839758964913,21846.326995845397,8586.27962692537,46223.917226713966,CHINA_INCIDENT_MI_IMMEDIATE_PROXY,Event-specific first-year cost; no annual patient-year cost added for the same outcome,9120806.513984947,8855151.95532519,3584757.9854979925,3480347.558735915,19298411.37246966,18736321.72084433
S5,2026,endometrial_cancer,direct_medical,avoided_incident_case_first_year,0.0,22329.17043600619,7912.595953582618,50409.93932055516,INTERNATIONAL_PROXY_ENDOMETRIAL,Event-specific first-year cost; no annual patient-year cost added for the same outcome,0.0,0.0,0.0,0.0,0.0,0.0
S5,2026,gastric_cancer,direct_medical,avoided_incident_case_first_year,0.0,64762.28390756019,31395.4919125426,119011.97726255516,CHINA_GASTRIC_NEW_DIAGNOSIS_COURSE,Event-specific first-year cost; no annual patient-year cost added for the same outcome,0.0,0.0,0.0,0.0,0.0,0.0
S5,2026,oesophageal_cancer,direct_medical,avoided_incident_case_first_year,0.0,68356.63525540795,29827.5487154762,135047.26753332303,CHINA_OESOPHAGEAL_NEW_DIAGNOSIS_DERIVED,Event-specific first-year cost; no annual patient-year cost added for the same outcome,0.0,0.0,0.0,0.0,0.0,0.0
S5,2026,renal_cancer,direct_medical,avoided_incident_case_first_year,0.0,13135.225379367826,4654.616770652017,29653.851952691733,INTERNATIONAL_PROXY_RENAL,Event-specific first-year cost; no annual patient-year cost added for the same outcome,0.0,0.0,0.0,0.0,0.0,0.0
S5,2026,stroke,direct_medical,avoided_incident_case_first_year,816.9915645797093,29612.850356671155,4730.172689851648,100820.84684525008,CHINA_FIRST_ISCHAEMIC_STROKE_ONE_YEAR,Event-specific first-year cost; no annual patient-year cost added for the same outcome,24193448.94456157,23488785.383069485,3864511.18661411,3751952.6083632135,82369781.40635212,79970661.55956516
S5,2027,bladder_cancer,direct_medical,avoided_incident_case_first_year,0.0,17917.502226658013,6349.271058827539,40450.2353820222,INTERNATIONAL_PROXY_BLADDER,Event-specific first-year cost; no annual patient-year cost added for the same outcome,0.0,0.0,0.0,0.0,0.0,0.0
S5,2027,breast_cancer,direct_medical,avoided_incident_case_first_year,0.0,53995.542586727424,26175.98574835096,99226.21468667472,CHINA_BREAST_NEW_DIAGNOSIS_COURSE,Event-specific first-year cost; no annual patient-year cost added for the same outcome,0.0,0.0,0.0,0.0,0.0,0.0
S5,2027,colon_cancer,direct_medical,avoided_incident_case_first_year,0.0,72296.25822013385,35047.815693114135,132856.9673630357,CHINA_CRC_NEW_DIAGNOSIS_COURSE,Event-specific first-year cost; no annual patient-year cost added for the same outcome,0.0,0.0,0.0,0.0,0.0,0.0
S5,2027,coronary_heart_disease,direct_medical,avoided_incident_case_first_year,1453.6801888229584,21846.326995845397,8586.27962692537,46223.917226713966,CHINA_INCIDENT_MI_IMMEDIATE_PROXY,Event-specific first-year cost; no annual patient-year cost added for the same outcome,31757572.752408627,29934558.160437956,12481704.589355594,11765203.68494259,67194792.72226636,63337536.735098846
S5,2027,endometrial_cancer,direct_medical,avoided_incident_case_first_year,0.0,22329.17043600619,7912.595953582618,50409.93932055516,INTERNATIONAL_PROXY_ENDOMETRIAL,Event-specific first-year cost; no annual patient-year cost added for the same outcome,0.0,0.0,0.0,0.0,0.0,0.0
S5,2027,gastric_cancer,direct_medical,avoided_incident_case_first_year,0.0,64762.28390756019,31395.4919125426,119011.97726255516,CHINA_GASTRIC_NEW_DIAGNOSIS_COURSE,Event-specific first-year cost; no annual patient-year cost added for the same outcome,0.0,0.0,0.0,0.0,0.0,0.0
S5,2027,oesophageal_cancer,direct_medical,avoided_incident_case_first_year,0.0,68356.63525540795,29827.5487154762,135047.26753332303,CHINA_OESOPHAGEAL_NEW_DIAGNOSIS_DERIVED,Event-specific first-year cost; no annual patient-year cost added for the same outcome,0.0,0.0,0.0,0.0,0.0,0.0
S5,2027,renal_cancer,direct_medical,avoided_incident_case_first_year,0.0,13135.225379367826,4654.616770652017,29653.851952691733,INTERNATIONAL_PROXY_RENAL,Event-specific first-year cost; no annual patient-year cost added for the same outcome,0.0,0.0,0.0,0.0,0.0,0.0
S5,2027,stroke,direct_medical,avoided_incident_case_first_year,2819.411620955997,29612.850356671155,4730.172689851648,100820.84684525008,CHINA_FIRST_ISCHAEMIC_STROKE_ONE_YEAR,Event-specific first-year cost; no annual patient-year cost added for the same outcome,83490814.4252296,78698100.12746687,13336303.850896424,12570745.452819705,284255467.23012286,267938040.5600178
S5,2028,bladder_cancer,direct_medical,avoided_incident_case_first_year,13.99301155835131,17917.502226658013,6349.271058827539,40450.2353820222,INTERNATIONAL_PROXY_BLADDER,Event-specific first-year cost; no annual patient-year cost added for the same outcome,250719.8157544109,229444.14822221003,88845.4233132792,81306.14811684821,566020.6112386677,517989.041397044
S5,2028,breast_cancer,direct_medical,avoided_incident_case_first_year,43.661259703711146,53995.542586727424,26175.98574835096,99226.21468667472,CHINA_BREAST_NEW_DIAGNOSIS_COURSE,Event-specific first-year cost; no annual patient-year cost added for the same outcome,2357513.4077219013,2157458.7318899427,1142876.511759393,1045893.9074072416,4332341.528851102,3964706.215597402
S5,2028,colon_cancer,direct_medical,avoided_incident_case_first_year,105.84992832845735,72296.25822013385,35047.815693114135,132856.9673630357,CHINA_CRC_NEW_DIAGNOSIS_COURSE,Event-specific first-year cost; no annual patient-year cost added for the same outcome,7652553.751016814,7003170.737994773,3709808.779185114,3395000.562066384,14062900.473313527,12869546.074466474
S5,2028,coronary_heart_disease,direct_medical,avoided_incident_case_first_year,3179.61090461312,21846.326995845397,8586.27962692537,46223.917226713966,CHINA_INCIDENT_MI_IMMEDIATE_PROXY,Event-specific first-year cost; no annual patient-year cost added for the same outcome,69462819.54173401,63568319.93877154,27301028.33182938,24984308.369637962,146974071.267994,134502095.46208155
S5,2028,endometrial_cancer,direct_medical,avoided_incident_case_first_year,8.23523496436054,22329.17043600619,7912.595953582618,50409.93932055516,INTERNATIONAL_PROXY_ENDOMETRIAL,Event-specific first-year cost; no annual patient-year cost added for the same outcome,183885.96509976385,168281.7072331551,65162.0868558013,59632.54029213271,415137.6948439291,379909.7989195189
S5,2028,gastric_cancer,direct_medical,avoided_incident_case_first_year,191.1521820142751,64762.28390756019,31395.4919125426,119011.97726255516,CHINA_GASTRIC_NEW_DIAGNOSIS_COURSE,Event-specific first-year cost; no annual patient-year cost added for the same outcome,12379451.881158104,11328952.13640562,6001316.784494044,5492055.000465848,22749399.139570713,20818922.877874084
S5,2028,oesophageal_cancer,direct_medical,avoided_incident_case_first_year,92.31585021199022,68356.63525540795,29827.5487154762,135047.26753332303,CHINA_OESOPHAGEAL_NEW_DIAGNOSIS_DERIVED,Event-specific first-year cost; no annual patient-year cost added for the same outcome,6310400.90123389,5774910.751938856,2753555.5194087424,2519893.3671527677,12467003.32114482,11409074.10647382
S5,2028,renal_cancer,direct_medical,avoided_incident_case_first_year,21.558531523329187,13135.225379367826,4654.616770652017,29653.851952691733,INTERNATIONAL_PROXY_RENAL,Event-specific first-year cost; no annual patient-year cost added for the same outcome,283176.17040713486,259146.31047565848,100346.70237911821,91831.44772584389,639293.5021102414,585044.1163348589
S5,2028,stroke,direct_medical,avoided_incident_case_first_year,6124.617649764146,29612.850356671155,4730.172689851648,100820.84684525008,CHINA_FIRST_ISCHAEMIC_STROKE_ONE_YEAR,Event-specific first-year cost; no annual patient-year cost added for the same outcome,181367385.95429265,165976850.5347563,28970499.14269775,26512110.657737706,617489138.0525866,565090034.4299963
S5,2029,bladder_cancer,direct_medical,avoided_incident_case_first_year,37.80986122827461,17917.502226658013,6349.271058827539,40450.2353820222,INTERNATIONAL_PROXY_BLADDER,Event-specific first-year cost; no annual patient-year cost added for the same outcome,677458.2727472408,601912.9008392575,240065.05763496945,213294.69436580368,1529417.7864453031,1358867.8941085348
S5,2029,breast_cancer,direct_medical,avoided_incident_case_first_year,115.54811258216779,53995.542586727424,26175.98574835096,99226.21468667472,CHINA_BREAST_NEW_DIAGNOSIS_COURSE,Event-specific first-year cost; no annual patient-year cost added for the same outcome,6239083.033746416,5543344.466354213,3024585.748199676,2687305.262585795,11465401.82571824,10186861.021299548
S5,2029,colon_cancer,direct_medical,avoided_incident_case_first_year,285.37898917921746,72296.25822013385,35047.815693114135,132856.9673630357,CHINA_CRC_NEW_DIAGNOSIS_COURSE,Event-specific first-year cost; no annual patient-year cost added for the same outcome,20631833.092301488,18331116.477268167,10001910.215440426,8886567.680834435,37914587.051479414,33686619.522311345
S5,2029,coronary_heart_disease,direct_medical,avoided_incident_case_first_year,5608.82556780768,21846.326995845397,8586.27962692537,46223.917226713966,CHINA_INCIDENT_MI_IMMEDIATE_PROXY,Event-specific first-year cost; no annual patient-year cost added for the same outcome,122532237.41698481,108868305.89712115,48158944.70384521,42788598.610654324,259261888.78541917,230350830.2040027
S5,2029,endometrial_cancer,direct_medical,avoided_incident_case_first_year,21.143982864910008,22329.17043600619,7912.595953582618,50409.93932055516,INTERNATIONAL_PROXY_ENDOMETRIAL,Event-specific first-year cost; no annual patient-year cost added for the same outcome,472127.59708657,419479.2549749743,167303.79325950713,148647.2533782362,1065866.8932149715,947008.9294236368
S5,2029,gastric_cancer,direct_medical,avoided_incident_case_first_year,498.3399506704968,64762.28390756019,31395.4919125426,119011.97726255516,CHINA_GASTRIC_NEW_DIAGNOSIS_COURSE,Event-specific first-year cost; no annual patient-year cost added for the same outcome,32273633.367802255,28674705.236471895,15645627.89097246,13900937.737637484,59308422.87822002,52694765.559605
S5,2029,oesophageal_cancer,direct_medical,avoided_incident_case_first_year,240.64587211551583,68356.63525540795,29827.5487154762,135047.26753332303,CHINA_OESOPHAGEAL_NEW_DIAGNOSIS_DERIVED,Event-specific first-year cost; no annual patient-year cost added for the same outcome,16449742.105919862,14615382.802663144,7177876.473703804,6377450.278424568,32498567.472373907,28874556.27501832
S5,2029,renal_cancer,direct_medical,avoided_incident_case_first_year,57.66119765592775,13135.225379367826,4654.616770652017,29653.851952691733,INTERNATIONAL_PROXY_RENAL,Event-specific first-year cost; no annual patient-year cost added for the same outcome,757392.8268548868,672933.7168448168,268390.7776251621,238461.72969997636,1709876.6187037772,1519203.229252179
S5,2029,stroke,direct_medical,avoided_incident_case_first_year,10775.793362778792,29612.850356671155,4730.172689851648,100820.84684525008,CHINA_FIRST_ISCHAEMIC_STROKE_ONE_YEAR,Event-specific first-year cost; no annual patient-year cost added for the same outcome,319101956.3263786,283517955.1605452,50971363.47610089,45287396.263118446,1086424612.264783,965274196.5340838
S5,2030,bladder_cancer,direct_medical,avoided_incident_case_first_year,65.83181415346318,17917.502226658013,6349.271058827539,40450.2353820222,INTERNATIONAL_PROXY_BLADDER,Event-specific first-year cost; no annual patient-year cost added for the same outcome,1179541.676679613,1017483.0118510595,417984.03235469694,360556.6980414762,2662912.378133126,2297051.609422959
S5,2030,breast_cancer,direct_medical,avoided_incident_case_first_year,198.11274689197563,53995.542586727424,26175.98574835096,99226.21468667472,CHINA_BREAST_NEW_DIAGNOSIS_COURSE,Event-specific first-year cost; no annual patient-year cost added for the same outcome,10697205.26177922,9227503.227171255,5185796.439211015,4473313.562491539,19657977.955270026,16957144.46744617
S5,2030,colon_cancer,direct_medical,avoided_incident_case_first_year,496.2947271889144,72296.25822013385,35047.815693114135,132856.9673630357,CHINA_CRC_NEW_DIAGNOSIS_COURSE,Event-specific first-year cost; no annual patient-year cost added for the same outcome,35880251.75014064,30950620.345586587,17394046.12798143,15004256.985980136,65936212.37258431,56877156.001611024
S5,2030,coronary_heart_disease,direct_medical,avoided_incident_case_first_year,6361.9775040785935,21846.326995845397,8586.27962692537,46223.917226713966,CHINA_INCIDENT_MI_IMMEDIATE_PROXY,Event-specific first-year cost; no annual patient-year cost added for the same outcome,138985840.8943133,119890407.26045442,54625717.83022755,47120624.05364493,294075521.54674524,253672128.15857694
S5,2030,endometrial_cancer,direct_medical,avoided_incident_case_first_year,35.16354982718515,22329.17043600619,7912.595953582618,50409.93932055516,INTERNATIONAL_PROXY_ENDOMETRIAL,Event-specific first-year cost; no annual patient-year cost added for the same outcome,785172.8972262131,677297.0384076958,278234.96207618597,240007.92240971274,1772592.4130837214,1529053.7866587406
S5,2030,gastric_cancer,direct_medical,avoided_incident_case_first_year,837.975756287264,64762.28390756019,31395.4919125426,119011.97726255516,CHINA_GASTRIC_NEW_DIAGNOSIS_COURSE,Event-specific first-year cost; no annual patient-year cost added for the same outcome,54269223.83632825,46813109.20292721,26308661.07942356,22694082.152496524,99729151.65383232,86027242.27577622
S5,2030,oesophageal_cancer,direct_medical,avoided_incident_case_first_year,404.408297746219,68356.63525540795,29827.5487154762,135047.26753332303,CHINA_OESOPHAGEAL_NEW_DIAGNOSIS_DERIVED,Event-specific first-year cost; no annual patient-year cost added for the same outcome,27643990.503298707,23845949.04357787,12062508.20196815,10405225.536723753,54614235.57842939,47110719.362379335
S5,2030,renal_cancer,direct_medical,avoided_incident_case_first_year,99.67173749026173,13135.225379367826,4654.616770652017,29653.851952691733,INTERNATIONAL_PROXY_RENAL,Event-specific first-year cost; no annual patient-year cost added for the same outcome,1309210.7358877736,1129336.6813868491,463933.7408821977,400193.32025719027,2955650.947403776,2549570.4708038736
S5,2030,stroke,direct_medical,avoided_incident_case_first_year,12215.118220365392,29612.850356671155,4730.172689851648,100820.84684525008,CHINA_FIRST_ISCHAEMIC_STROKE_ONE_YEAR,Event-specific first-year cost; no annual patient-year cost added for the same outcome,361724467.9487276,312026703.5792604,57779618.609281644,49841206.570733055,1231538563.2920828,1062335983.0036032
S5,2031,bladder_cancer,direct_medical,avoided_incident_case_first_year,91.43041819705317,17917.502226658013,6349.271058827539,40450.2353820222,INTERNATIONAL_PROXY_BLADDER,Event-specific first-year cost; no annual patient-year cost added for the same outcome,1638204.7216299735,1371970.663589931,580516.5081550485,486173.43632482126,3698381.9371475265,3097336.6475642496
S5,2031,breast_cancer,direct_medical,avoided_incident_case_first_year,271.35252635282745,53995.542586727424,26175.98574835096,99226.21468667472,CHINA_BREAST_NEW_DIAGNOSIS_COURSE,Event-specific first-year cost; no annual patient-year cost added for the same outcome,14651826.892700171,12270674.354290579,7102919.862590639,5948583.561405285,26925284.035657216,22549501.486598644
S5,2031,colon_cancer,direct_medical,avoided_incident_case_first_year,688.5924356329666,72296.25822013385,35047.815693114135,132856.9673630357,CHINA_CRC_NEW_DIAGNOSIS_COURSE,Event-specific first-year cost; no annual patient-year cost added for the same outcome,49782656.53495185,41692191.10391182,24133660.77173677,20211560.952473436,91484302.74732232,76616663.28456362
S5,2031,coronary_heart_disease,direct_medical,avoided_incident_case_first_year,6473.3815463726205,21846.326995845397,8586.27962692537,46223.917226713966,CHINA_INCIDENT_MI_IMMEDIATE_PROXY,Event-specific first-year cost; no annual patient-year cost added for the same outcome,141419610.0309276,118436696.98724365,55582264.08893388,46549271.12531536,299225052.77646565,250596270.90562555
S5,2031,endometrial_cancer,direct_medical,avoided_incident_case_first_year,46.722215763572166,22329.17043600619,7912.595953582618,50409.93932055516,INTERNATIONAL_PROXY_ENDOMETRIAL,Event-specific first-year cost; no annual patient-year cost added for the same outcome,1043268.318932658,873720.7926029225,369694.0153932551,309612.9176820157,2355264.061563559,1972496.5718922815
S5,2031,gastric_cancer,direct_medical,avoided_incident_case_first_year,1124.11029284701,64762.28390756019,31395.4919125426,119011.97726255516,CHINA_GASTRIC_NEW_DIAGNOSIS_COURSE,Event-specific first-year cost; no annual patient-year cost added for the same outcome,72799949.92876868,60968811.95270209,35291995.60788419,29556490.708551683,133782588.61291257,112040811.7817002
S5,2031,oesophageal_cancer,direct_medical,avoided_incident_case_first_year,542.111342412511,68356.63525540795,29827.5487154762,135047.26753332303,CHINA_OESOPHAGEAL_NEW_DIAGNOSIS_DERIVED,Event-specific first-year cost; no annual patient-year cost added for the same outcome,37056907.30111158,31034576.46606651,16169852.475021372,13541996.88072762,73210655.49163127,61312771.3957319
S5,2031,renal_cancer,direct_medical,avoided_incident_case_first_year,137.59473304697028,13135.225379367826,4654.616770652017,29653.851952691733,INTERNATIONAL_PROXY_RENAL,Event-specific first-year cost; no annual patient-year cost added for the same outcome,1807337.829585905,1513616.9787870005,640450.7519938152,536367.4219760277,4080213.8432449973,3417114.857620393
S5,2031,stroke,direct_medical,avoided_incident_case_first_year,12427.03204658077,29612.850356671155,4730.172689851648,100820.84684525008,CHINA_FIRST_ISCHAEMIC_STROKE_ONE_YEAR,Event-specific first-year cost; no annual patient-year cost added for the same outcome,367999840.37295324,308194072.7744462,58782007.602647595,49229005.94347624,1252903894.7093346,1049287286.9567025
S5,2032,bladder_cancer,direct_medical,avoided_incident_case_first_year,119.78772701059592,17917.502226658013,6349.271058827539,40450.2353820222,INTERNATIONAL_PROXY_BLADDER,Event-specific first-year cost; no annual patient-year cost added for the same outcome,2146296.8654386546,1745135.7621110182,760564.7483111104,618408.7406787581,4845441.753456023,3939787.558443747
S5,2032,breast_cancer,direct_medical,avoided_incident_case_first_year,348.15002549387657,53995.542586727424,26175.98574835096,99226.21468667472,CHINA_BREAST_NEW_DIAGNOSIS_COURSE,Event-specific first-year cost; no annual patient-year cost added for the same outcome,18798549.52812485,15284941.04688592,9113170.105615735,7409841.254304168,34545609.17282667,28088741.572610456
S5,2032,colon_cancer,direct_medical,avoided_incident_case_first_year,899.0672688013623,72296.25822013385,35047.815693114135,132856.9673630357,CHINA_CRC_NEW_DIAGNOSIS_COURSE,Event-specific first-year cost; no annual patient-year cost added for the same outcome,64999199.42253378,52850297.29457603,31510343.93266165,25620793.171156734,119447350.78831625,97121626.97843178
S5,2032,coronary_heart_disease,direct_medical,avoided_incident_case_first_year,6666.338046924016,21846.326995845397,8586.27962692537,46223.917226713966,CHINA_INCIDENT_MI_IMMEDIATE_PROXY,Event-specific first-year cost; no annual patient-year cost added for the same outcome,145635000.83794743,118414582.93581724,57239042.55850115,46540579.62173823,308144258.0863098,250549480.51917404
S5,2032,endometrial_cancer,direct_medical,avoided_incident_case_first_year,58.20019502223535,22329.17043600619,7912.595953582618,50409.93932055516,INTERNATIONAL_PROXY_ENDOMETRIAL,Event-specific first-year cost; no annual patient-year cost added for the same outcome,1299562.074060292,1056662.8908821861,460514.6276306586,374440.53457593394,2933868.2995153605,2385503.409735299
S5,2032,gastric_cancer,direct_medical,avoided_incident_case_first_year,1419.4792714297105,64762.28390756019,31395.4919125426,119011.97726255516,CHINA_GASTRIC_NEW_DIAGNOSIS_COURSE,Event-specific first-year cost; no annual patient-year cost added for the same outcome,91928719.57722759,74746461.53690732,44565249.98619334,36235626.46466831,168935034.77606106,137359642.7449095
S5,2032,oesophageal_cancer,direct_medical,avoided_incident_case_first_year,684.7821499177586,68356.63525540795,29827.5487154762,135047.26753332303,CHINA_OESOPHAGEAL_NEW_DIAGNOSIS_DERIVED,Event-specific first-year cost; no annual patient-year cost added for the same outcome,46809403.65134231,38060328.75995101,20425372.93616047,16607697.350414349,92477958.20198767,75193042.80040164
S5,2032,renal_cancer,direct_medical,avoided_incident_case_first_year,178.40126900548583,13135.225379367826,4654.616770652017,29653.851952691733,INTERNATIONAL_PROXY_RENAL,Event-specific first-year cost; no annual patient-year cost added for the same outcome,2343340.876352284,1905350.5747459375,830389.5386185363,675182.6849590557,5290284.819261009,4301485.679129734
S5,2032,stroke,direct_medical,avoided_incident_case_first_year,12730.572720781473,29612.850356671155,4730.172689851648,100820.84684525008,CHINA_FIRST_ISCHAEMIC_STROKE_ONE_YEAR,Event-specific first-year cost; no annual patient-year cost added for the same outcome,376988544.93522173,306526185.7605112,60217807.41001091,48962588.03678877,1283507122.5342274,1043608746.0813138
S5,2033,bladder_cancer,direct_medical,avoided_incident_case_first_year,152.65932170057707,17917.502226658013,6349.271058827539,40450.2353820222,INTERNATIONAL_PROXY_BLADDER,Event-specific first-year cost; no annual patient-year cost added for the same outcome,2735273.7364901914,2159250.3459617393,969275.4131337168,765154.9617212109,6175105.496048192,4874685.301443178
S5,2033,breast_cancer,direct_medical,avoided_incident_case_first_year,428.6071759722839,53995.542586727424,26175.98574835096,99226.21468667472,CHINA_BREAST_NEW_DIAGNOSIS_COURSE,Event-specific first-year cost; no annual patient-year cost added for the same outcome,23142877.02318843,18269200.83069675,11219215.329891456,8856552.183172781,42529067.65927522,33572838.736994006
S5,2033,colon_cancer,direct_medical,avoided_incident_case_first_year,1136.9628987843048,72296.25822013385,35047.815693114135,132856.9673630357,CHINA_CRC_NEW_DIAGNOSIS_COURSE,Event-specific first-year cost; no annual patient-year cost added for the same outcome,82198163.31722201,64887989.16626005,39848066.1265011,31456431.369812302,151053442.73676887,119242982.57131661
S5,2033,coronary_heart_disease,direct_medical,avoided_incident_case_first_year,7015.616544493287,21846.326995845397,8586.27962692537,46223.917226713966,CHINA_INCIDENT_MI_IMMEDIATE_PROXY,Event-specific first-year cost; no annual patient-year cost added for the same outcome,153265453.1084633,120989163.98513038,60238045.40630327,47552469.300757945,324289278.44702274,255996950.99508286
S5,2033,endometrial_cancer,direct_medical,avoided_incident_case_first_year,69.56116254390099,22329.17043600619,7912.595953582618,50409.93932055516,INTERNATIONAL_PROXY_ENDOMETRIAL,Event-specific first-year cost; no annual patient-year cost added for the same outcome,1553243.0541694951,1226144.4100953797,550409.3732713737,434498.2419133682,3506573.9829053236,2768121.882910459
S5,2033,gastric_cancer,direct_medical,avoided_incident_case_first_year,1737.4554207849474,64762.28390756019,31395.4919125426,119011.97726255516,CHINA_GASTRIC_NEW_DIAGNOSIS_COURSE,Event-specific first-year cost; no annual patient-year cost added for the same outcome,112521581.23760422,88825575.28857043,54548267.61165711,43060906.16846989,206778005.03316134,163232466.626191
S5,2033,oesophageal_cancer,direct_medical,avoided_incident_case_first_year,840.0073160122815,68356.63525540795,29827.5487154762,135047.26753332303,CHINA_OESOPHAGEAL_NEW_DIAGNOSIS_DERIVED,Event-specific first-year cost; no annual patient-year cost added for the same outcome,57420073.71252573,45327936.423654675,25055359.13971274,19778931.8739413,113440692.73545921,89551130.39234129
S5,2033,renal_cancer,direct_medical,avoided_incident_case_first_year,223.07868870035173,13135.225379367826,4654.616770652017,29653.851952691733,INTERNATIONAL_PROXY_RENAL,Event-specific first-year cost; no annual patient-year cost added for the same outcome,2930188.853412955,2313118.1391679496,1038345.8055997179,819679.7673515598,6615142.408520836,5222054.503588077
S5,2033,stroke,direct_medical,avoided_incident_case_first_year,13221.740422334648,29612.850356671155,4730.172689851648,100820.84684525008,CHINA_FIRST_ISCHAEMIC_STROKE_ONE_YEAR,Event-specific first-year cost; no annual patient-year cost added for the same outcome,391533420.581346,309080097.7494364,62541115.45803495,49370534.0668668,1333027066.1478536,1052303875.6075289
S5,2034,bladder_cancer,direct_medical,avoided_incident_case_first_year,189.3499837256831,17917.502226658013,6349.271058827539,40450.2353820222,INTERNATIONAL_PROXY_BLADDER,Event-specific first-year cost; no annual patient-year cost added for the same outcome,3392678.7550225854,2600205.7653160533,1202234.3716589452,921412.538638042,7659251.411285954,5870178.438836091
S5,2034,breast_cancer,direct_medical,avoided_incident_case_first_year,512.4182660308809,53995.542586727424,26175.98574835096,99226.21468667472,CHINA_BREAST_NEW_DIAGNOSIS_COURSE,Event-specific first-year cost; no annual patient-year cost added for the same outcome,27668302.30568745,21205449.842620607,13413053.228819048,10279988.426382625,50845324.874553785,38968707.745305635
S5,2034,colon_cancer,direct_medical,avoided_incident_case_first_year,1398.4566210103126,72296.25822013385,35047.815693114135,132856.9673630357,CHINA_CRC_NEW_DIAGNOSIS_COURSE,Event-specific first-year cost; no annual patient-year cost added for the same outcome,101103180.98221742,77487169.59793738,49012849.9079846,37564268.26932618,185794705.6561883,142396171.19576177
S5,2034,coronary_heart_disease,direct_medical,avoided_incident_case_first_year,7393.667565549293,21846.326995845397,8586.27962692537,46223.917226713966,CHINA_INCIDENT_MI_IMMEDIATE_PROXY,Event-specific first-year cost; no annual patient-year cost added for the same outcome,161524479.335566,123795063.64587016,63484097.18633479,48655274.321335934,341764277.55179024,261933860.83302337
S5,2034,endometrial_cancer,direct_medical,avoided_incident_case_first_year,80.75812778719394,22329.17043600619,7912.595953582618,50409.93932055516,INTERNATIONAL_PROXY_ENDOMETRIAL,Event-specific first-year cost; no annual patient-year cost added for the same outcome,1803261.9994530207,1382050.1691802188,639006.4351478588,489745.22397257155,4071012.3213940863,3120091.9606934977
S5,2034,gastric_cancer,direct_medical,avoided_incident_case_first_year,2069.0876182248485,64762.28390756019,31395.4919125426,119011.97726255516,CHINA_GASTRIC_NEW_DIAGNOSIS_COURSE,Event-specific first-year cost; no annual patient-year cost added for the same outcome,133998839.76109514,102698952.90753578,64960023.58432026,49786449.00845966,246246208.57441008,188727214.52760652
S5,2034,oesophageal_cancer,direct_medical,avoided_incident_case_first_year,1003.0262838729011,68356.63525540795,29827.5487154762,135047.26753332303,CHINA_OESOPHAGEAL_NEW_DIAGNOSIS_DERIVED,Event-specific first-year cost; no annual patient-year cost added for the same outcome,68563501.83828717,52548215.0369363,29917815.34512202,22929514.27566843,135455958.90113848,103815713.39748316
S5,2034,renal_cancer,direct_medical,avoided_incident_case_first_year,271.15499950429563,13135.225379367826,4654.616770652017,29653.851952691733,INTERNATIONAL_PROXY_RENAL,Event-specific first-year cost; no annual patient-year cost added for the same outcome,3561682.0312312944,2729732.7040232997,1262122.608138834,967311.8851467806,8040790.211532583,6162596.159383422
S5,2034,stroke,direct_medical,avoided_incident_case_first_year,13743.693954247572,29612.850356671155,4730.172689851648,100820.84684525008,CHINA_FIRST_ISCHAEMIC_STROKE_ONE_YEAR,Event-specific first-year cost; no annual patient-year cost added for the same outcome,406989952.4150194,311923909.42660725,65010045.80006107,49824786.87159231,1385650863.249184,1061986006.780565
S5,2035,bladder_cancer,direct_medical,avoided_incident_case_first_year,199.5734390707335,17917.502226658013,6349.271058827539,40450.2353820222,INTERNATIONAL_PROXY_BLADDER,Event-specific first-year cost; no annual patient-year cost added for the same outcome,3575857.538931665,2660773.8352566306,1267145.8608024893,942875.5243097048,8072792.586410836,6006915.839771697
S5,2035,breast_cancer,direct_medical,avoided_incident_case_first_year,523.1593431642481,53995.542586727424,26175.98574835096,99226.21468667472,CHINA_BREAST_NEW_DIAGNOSIS_COURSE,Event-specific first-year cost; no annual patient-year cost added for the same outcome,28248272.593469504,21019367.743144587,13694211.510784006,10189779.454483066,51911121.30015541,38626749.47491141
S5,2035,colon_cancer,direct_medical,avoided_incident_case_first_year,1463.716088049233,72296.25822013385,35047.815693114135,132856.9673630357,CHINA_CRC_NEW_DIAGNOSIS_COURSE,Event-specific first-year cost; no annual patient-year cost added for the same outcome,105821196.26257151,78740908.20607151,51300051.68099554,38172056.28971629,194464880.53870726,144700134.26997063
S5,2035,coronary_heart_disease,direct_medical,avoided_incident_case_first_year,7732.046949050035,21846.326995845397,8586.27962692537,46223.917226713966,CHINA_INCIDENT_MI_IMMEDIATE_PROXY,Event-specific first-year cost; no annual patient-year cost added for the same outcome,168916825.99617583,125689982.34742334,66389517.19305879,49400035.75628655,357405498.16595507,265943256.33591974
S5,2035,endometrial_cancer,direct_medical,avoided_incident_case_first_year,80.55304794841415,22329.17043600619,7912.595953582618,50409.93932055516,INTERNATIONAL_PROXY_ENDOMETRIAL,Event-specific first-year cost; no annual patient-year cost added for the same outcome,1798682.7367799182,1338388.8792677247,637383.7212453684,474273.348432909,4060674.2591653275,3021523.006622687
S5,2035,gastric_cancer,direct_medical,avoided_incident_case_first_year,2108.3790720264865,64762.28390756019,31395.4919125426,119011.97726255516,CHINA_GASTRIC_NEW_DIAGNOSIS_COURSE,Event-specific first-year cost; no annual patient-year cost added for the same outcome,136543444.04733762,101601145.83466536,66193598.10438163,49254253.554589756,250922362.18086335,186709802.81029254
S5,2035,oesophageal_cancer,direct_medical,avoided_incident_case_first_year,1024.7008444151709,68356.63525540795,29827.5487154762,135047.26753332303,CHINA_OESOPHAGEAL_NEW_DIAGNOSIS_DERIVED,Event-specific first-year cost; no annual patient-year cost added for the same outcome,70045101.86759637,52120134.06799968,30564314.35558311,22742720.324980006,138383049.0773576,102969984.74331664
S5,2035,renal_cancer,direct_medical,avoided_incident_case_first_year,280.90294551365844,13135.225379367826,4654.616770652017,29653.851952691733,INTERNATIONAL_PROXY_RENAL,Event-specific first-year cost; no annual patient-year cost added for the same outcome,3689723.499050184,2745500.803294694,1307495.5611134244,972899.490778978,8329854.35933706,6198193.940758663
S5,2035,stroke,direct_medical,avoided_incident_case_first_year,14213.608447901865,29612.850356671155,4730.172689851648,100820.84684525008,CHINA_FIRST_ISCHAEMIC_STROKE_ONE_YEAR,Event-specific first-year cost; no annual patient-year cost added for the same outcome,420905459.99603486,313193191.52985644,67232822.50451007,50027534.106937535,1433028040.4442666,1066307444.7709566
S5,2036,bladder_cancer,direct_medical,avoided_incident_case_first_year,208.99246356118152,17917.502226658013,6349.271058827539,40450.2353820222,INTERNATIONAL_PROXY_BLADDER,Event-specific first-year cost; no annual patient-year cost added for the same outcome,3744622.9312122134,2705195.2783473255,1326949.8004020788,958616.7687889423,8453794.344118489,6107200.902181474
S5,2036,breast_cancer,direct_medical,avoided_incident_case_first_year,531.9227580412761,53995.542586727424,26175.98574835096,99226.21468667472,CHINA_BREAST_NEW_DIAGNOSIS_COURSE,Event-specific first-year cost; no annual patient-year cost added for the same outcome,28721457.93466723,20748992.306939945,13923602.53371198,10058706.717257965,52780681.78613179,38129887.51569036
S5,2036,colon_cancer,direct_medical,avoided_incident_case_first_year,1523.1795388615649,72296.25822013385,35047.815693114135,132856.9673630357,CHINA_CRC_NEW_DIAGNOSIS_COURSE,Event-specific first-year cost; no annual patient-year cost added for the same outcome,110120181.2571601,79553161.92308466,53384115.745542705,38565821.046991035,202365014.2825747,146192791.95694435
S5,2036,coronary_heart_disease,direct_medical,avoided_incident_case_first_year,8052.936334519622,21846.326995845397,8586.27962692537,46223.917226713966,CHINA_INCIDENT_MI_IMMEDIATE_PROXY,Event-specific first-year cost; no annual patient-year cost added for the same outcome,175927080.44064027,127093466.04022045,69144763.1860129,49951648.09095852,372238262.55883235,268912840.83665687
S5,2036,endometrial_cancer,direct_medical,avoided_incident_case_first_year,80.50963936490473,22329.17043600619,7912.595953582618,50409.93932055516,INTERNATIONAL_PROXY_ENDOMETRIAL,Event-specific first-year cost; no annual patient-year cost added for the same outcome,1797713.4591203507,1298706.4520965002,637040.246663141,460211.4282391766,4058486.0351046263,2931936.6625385326
S5,2036,gastric_cancer,direct_medical,avoided_incident_case_first_year,2148.0278877985393,64762.28390756019,31395.4919125426,119011.97726255516,CHINA_GASTRIC_NEW_DIAGNOSIS_COURSE,Event-specific first-year cost; no annual patient-year cost added for the same outcome,139111191.91096583,100496884.84949532,67438392.179295,48718929.36993427,255641046.14201415,184680530.9049569
S5,2036,oesophageal_cancer,direct_medical,avoided_incident_case_first_year,1046.7526596321657,68356.63525540795,29827.5487154762,135047.26753332303,CHINA_OESOPHAGEAL_NEW_DIAGNOSIS_DERIVED,Event-specific first-year cost; no annual patient-year cost added for the same outcome,71552489.75710413,51691040.99414701,31222065.9482327,22555484.740373004,141361086.4665625,102122256.54656208
S5,2036,renal_cancer,direct_medical,avoided_incident_case_first_year,289.59694074593597,13135.225379367826,4654.616770652017,29653.851952691733,INTERNATIONAL_PROXY_RENAL,Event-specific first-year cost; no annual patient-year cost added for the same outcome,3803921.085873299,2748033.526937538,1347962.777125552,973796.9902586539,8587664.806832425,6203911.772754142
S5,2036,stroke,direct_medical,avoided_incident_case_first_year,14658.912056345613,29612.850356671155,4730.172689851648,100820.84684525008,CHINA_FIRST_ISCHAEMIC_STROKE_ONE_YEAR,Event-specific first-year cost; no annual patient-year cost added for the same outcome,434092169.1161653,313597418.97442585,69339185.47186308,50092102.88690166,1477923927.350811,1067683690.312629
S5,2037,bladder_cancer,direct_medical,avoided_incident_case_first_year,217.18631369675052,17917.502226658013,6349.271058827539,40450.2353820222,INTERNATIONAL_PROXY_BLADDER,Event-specific first-year cost; no annual patient-year cost added for the same outcome,3891436.259261173,2729375.097299192,1378974.775928217,967185.1631296645,8785237.510787271,6161788.832782787
S5,2037,breast_cancer,direct_medical,avoided_incident_case_first_year,538.6417092738557,53995.542586727424,26175.98574835096,99226.21468667472,CHINA_BREAST_NEW_DIAGNOSIS_COURSE,Event-specific first-year cost; no annual patient-year cost added for the same outcome,29084251.352084126,20399108.728827074,14099477.705419846,9889089.983810864,53447377.88360503,37486915.49663144
S5,2037,colon_cancer,direct_medical,avoided_incident_case_first_year,1574.7179105160567,72296.25822013385,35047.815693114135,132856.9673630357,CHINA_CRC_NEW_DIAGNOSIS_COURSE,Event-specific first-year cost; no annual patient-year cost added for the same outcome,113846212.68253846,79849443.01170254,55190423.096412554,38709452.33916132,209212246.04341954,146737260.06483635
S5,2037,coronary_heart_disease,direct_medical,avoided_incident_case_first_year,8338.099868210624,21846.326995845397,8586.27962692537,46223.917226713966,CHINA_INCIDENT_MI_IMMEDIATE_PROXY,Event-specific first-year cost; no annual patient-year cost added for the same outcome,182156856.2449447,127761154.0094079,71593257.025686,50214070.03530036,385419638.1362425,270325579.62001675
S5,2037,endometrial_cancer,direct_medical,avoided_incident_case_first_year,80.6452868408118,22329.17043600619,7912.595953582618,50409.93932055516,INTERNATIONAL_PROXY_ENDOMETRIAL,Event-specific first-year cost; no annual patient-year cost added for the same outcome,1800742.3547290938,1263004.4570183037,638113.570332117,447560.0195090504,4065324.016134089,2851336.4713817425
S5,2037,gastric_cancer,direct_medical,avoided_incident_case_first_year,2186.0356859848243,64762.28390756019,31395.4919125426,119011.97726255516,CHINA_GASTRIC_NEW_DIAGNOSIS_COURSE,Event-specific first-year cost; no annual patient-year cost added for the same outcome,141572663.72780728,99296217.92400952,68631665.69986607,48136869.46601623,260164429.35556006,182474096.29187587
S5,2037,oesophageal_cancer,direct_medical,avoided_incident_case_first_year,1067.969806570452,68356.63525540795,29827.5487154762,135047.26753332303,CHINA_OESOPHAGEAL_NEW_DIAGNOSIS_DERIVED,Event-specific first-year cost; no annual patient-year cost added for the same outcome,73002822.53152497,51202710.920909844,31854921.43213785,22342400.97762941,144226404.18543106,101157498.08824092
S5,2037,renal_cancer,direct_medical,avoided_incident_case_first_year,297.0311262520802,13135.225379367826,4654.616770652017,29653.851952691733,INTERNATIONAL_PROXY_RENAL,Event-specific first-year cost; no annual patient-year cost added for the same outcome,3901570.7880085325,2736483.2518578274,1382566.0616585892,969704.0186849716,8808117.043220473,6177836.076499659
S5,2037,stroke,direct_medical,avoided_incident_case_first_year,15058.904379164125,29612.850356671155,4730.172689851648,100820.84684525008,CHINA_FIRST_ISCHAEMIC_STROKE_ONE_YEAR,Event-specific first-year cost; no annual patient-year cost added for the same outcome,445937081.9156072,312771297.0875725,71231218.23340954,49960143.31054829,1518251492.068972,1064871049.6101379
S5,2038,bladder_cancer,direct_medical,avoided_incident_case_first_year,224.88628579863965,17917.502226658013,6349.271058827539,40450.2353820222,INTERNATIONAL_PROXY_BLADDER,Event-specific first-year cost; no annual patient-year cost added for the same outcome,4029400.5265419763,2743825.687917974,1427863.9859485212,972305.8945596451,9096703.19474369,6194412.2299809335
S5,2038,breast_cancer,direct_medical,avoided_incident_case_first_year,543.568684718762,53995.542586727424,26175.98574835096,99226.21468667472,CHINA_BREAST_NEW_DIAGNOSIS_COURSE,Event-specific first-year cost; no annual patient-year cost added for the same outcome,29350286.06454333,19986116.624833863,14228446.14444819,9688879.468082756,53936263.00685728,36727970.568743914
S5,2038,colon_cancer,direct_medical,avoided_incident_case_first_year,1621.920880424157,72296.25822013385,35047.815693114135,132856.9673630357,CHINA_CRC_NEW_DIAGNOSIS_COURSE,Event-specific first-year cost; no annual patient-year cost added for the same outcome,117258810.7837717,79847544.32921578,56844784.08591927,38708531.89492958,215483489.47593838,146733770.905046
S5,2038,coronary_heart_disease,direct_medical,avoided_incident_case_first_year,8637.027650097227,21846.326995845397,8586.27962692537,46223.917226713966,CHINA_INCIDENT_MI_IMMEDIATE_PROXY,Event-specific first-year cost; no annual patient-year cost added for the same outcome,188687330.31618217,128486890.41853955,74159934.54922092,50499306.805098325,399237251.18293405,271861141.1682117
S5,2038,endometrial_cancer,direct_medical,avoided_incident_case_first_year,80.90991719375495,22329.17043600619,7912.595953582618,50409.93932055516,INTERNATIONAL_PROXY_ENDOMETRIAL,Event-specific first-year cost; no annual patient-year cost added for the same outcome,1806651.3309825019,1230241.6447329922,640207.4833920101,435950.1436894492,4078664.01616833,2777371.7271917793
S5,2038,gastric_cancer,direct_medical,avoided_incident_case_first_year,2229.0987406721665,64762.28390756019,31395.4919125426,119011.97726255516,CHINA_GASTRIC_NEW_DIAGNOSIS_COURSE,Event-specific first-year cost; no annual patient-year cost added for the same outcome,144361525.50139573,98303174.2336347,69983651.48503189,47655461.25634799,265289448.64086622,180649205.5380491
S5,2038,oesophageal_cancer,direct_medical,avoided_incident_case_first_year,1091.9963128425056,68356.63525540795,29827.5487154762,135047.26753332303,CHINA_OESOPHAGEAL_NEW_DIAGNOSIS_DERIVED,Event-specific first-year cost; no annual patient-year cost added for the same outcome,74645193.6572255,50829744.64493794,32571573.21843023,22179656.42877596,147471118.20584416,100420655.55256186
S5,2038,renal_cancer,direct_medical,avoided_incident_case_first_year,303.54720856260076,13135.225379367826,4654.616770652017,29653.851952691733,INTERNATIONAL_PROXY_RENAL,Event-specific first-year cost; no annual patient-year cost added for the same outcome,3987160.9977477323,2715062.624184853,1412895.9276600871,962113.3752110399,9001343.983368203,6129477.247214104
S5,2038,stroke,direct_medical,avoided_incident_case_first_year,15472.36614510999,29612.850356671155,4730.172689851648,100820.84684525008,CHINA_FIRST_ISCHAEMIC_STROKE_ONE_YEAR,Event-specific first-year cost; no annual patient-year cost added for the same outcome,458180863.3187671,311998872.83614534,73186963.7869845,49836761.06077925,1559937057.4497669,1062241229.575433
S5,2039,bladder_cancer,direct_medical,avoided_incident_case_first_year,232.23087252799812,17917.502226658013,6349.271058827539,40450.2353820222,INTERNATIONAL_PROXY_BLADDER,Event-specific first-year cost; no annual patient-year cost added for the same outcome,4160997.1756191393,2750909.322762796,1474496.7579082858,974816.0612749933,9393793.456729917,6210404.118426583
S5,2039,breast_cancer,direct_medical,avoided_incident_case_first_year,546.9240750923325,53995.542586727424,26175.98574835096,99226.21468667472,CHINA_BREAST_NEW_DIAGNOSIS_COURSE,Event-specific first-year cost; no annual patient-year cost added for the same outcome,29531462.188354548,19523775.484580472,14316276.795046926,9464745.502233434,54269205.69242279,35878338.19089386
S5,2039,colon_cancer,direct_medical,avoided_incident_case_first_year,1665.5927266763506,72296.25822013385,35047.815693114135,132856.9673630357,CHINA_CRC_NEW_DIAGNOSIS_COURSE,Event-specific first-year cost; no annual patient-year cost added for the same outcome,120416121.85737027,79609242.26753208,58375386.904344164,38593007.70401296,221285598.52814957,146295849.35819006
S5,2039,coronary_heart_disease,direct_medical,avoided_incident_case_first_year,8959.612541909604,21846.326995845397,8586.27962692537,46223.917226713966,CHINA_INCIDENT_MI_IMMEDIATE_PROXY,Event-specific first-year cost; no annual patient-year cost added for the same outcome,195734625.34663478,129403646.03189662,76929738.63374346,50859620.00774032,414148388.52065784,273800873.90209424
S5,2039,endometrial_cancer,direct_medical,avoided_incident_case_first_year,81.28655157096829,22329.17043600619,7912.595953582618,50409.93932055516,INTERNATIONAL_PROXY_ENDOMETRIAL,Event-specific first-year cost; no annual patient-year cost added for the same outcome,1815061.2641833574,1199969.32040327,643187.6390411285,425222.80065252876,4097650.132269689,2709029.4644585103
S5,2039,gastric_cancer,direct_medical,avoided_incident_case_first_year,2279.316146358966,64762.28390756019,31395.4919125426,119011.97726255516,CHINA_GASTRIC_NEW_DIAGNOSIS_COURSE,Event-specific first-year cost; no annual patient-year cost added for the same outcome,147613719.38558537,97590058.26892354,71560251.63914068,47309756.547496915,271265921.3846481,179338730.73918453
S5,2039,oesophageal_cancer,direct_medical,avoided_incident_case_first_year,1119.8441716395484,68356.63525540795,29827.5487154762,135047.26753332303,CHINA_OESOPHAGEAL_NEW_DIAGNOSIS_DERIVED,Event-specific first-year cost; no annual patient-year cost added for the same outcome,76548779.58365907,50607761.19644178,33402206.583320726,22082793.525865227,151231895.4430386,99982098.88509248
S5,2039,renal_cancer,direct_medical,avoided_incident_case_first_year,309.2759031723939,13135.225379367826,4654.616770652017,29653.851952691733,INTERNATIONAL_PROXY_RENAL,Event-specific first-year cost; no annual patient-year cost added for the same outcome,4062408.6925769346,2685730.7211749475,1439560.805664774,951719.2811835788,9171221.845209192,6063258.062980487
S5,2039,stroke,direct_medical,avoided_incident_case_first_year,15913.603821900791,29612.850356671155,4730.172689851648,100820.84684525008,CHINA_FIRST_ISCHAEMIC_STROKE_ONE_YEAR,Event-specific first-year cost; no annual patient-year cost added for the same outcome,471247168.6132983,311549894.1118605,75274094.19547394,49765043.98949577,1604423013.683846,1060712622.4115603
S5,2040,bladder_cancer,direct_medical,avoided_incident_case_first_year,238.57923183270378,17917.502226658013,6349.271058827539,40450.2353820222,INTERNATIONAL_PROXY_BLADDER,Event-specific first-year cost; no annual patient-year cost added for the same outcome,4274743.917596828,2743795.455570973,1514804.211912692,972295.1813830304,9650586.08489491,6194343.97797031
S5,2040,breast_cancer,direct_medical,avoided_incident_case_first_year,549.0558008469714,53995.542586727424,26175.98574835096,99226.21468667472,CHINA_BREAST_NEW_DIAGNOSIS_COURSE,Event-specific first-year cost; no annual patient-year cost added for the same outcome,29646565.877122372,19029002.507514838,14372076.818019744,9224889.21454937,54480728.7698057,34969106.663779855
S5,2040,colon_cancer,direct_medical,avoided_incident_case_first_year,1703.0273840521922,72296.25822013385,35047.815693114135,132856.9673630357,CHINA_CRC_NEW_DIAGNOSIS_COURSE,Event-specific first-year cost; no annual patient-year cost added for the same outcome,123122507.51339635,79027652.44091555,59687389.87658753,38311064.30121359,226259053.5813782,145227076.74788162
S5,2040,coronary_heart_disease,direct_medical,avoided_incident_case_first_year,9269.857985454575,21846.326995845397,8586.27962692537,46223.917226713966,CHINA_INCIDENT_MI_IMMEDIATE_PROXY,Event-specific first-year cost; no annual patient-year cost added for the same outcome,202512348.75528932,129984970.5439532,79593592.76500008,51088098.452444226,428489148.22304577,275030879.11680484
S5,2040,endometrial_cancer,direct_medical,avoided_incident_case_first_year,81.88907867529494,22329.17043600619,7912.595953582618,50409.93932055516,INTERNATIONAL_PROXY_ENDOMETRIAL,Event-specific first-year cost; no annual patient-year cost added for the same outcome,1828515.1945881806,1173654.3236428574,647955.1925687473,415897.7817279912,4128023.4870377854,2649621.194289461
S5,2040,gastric_cancer,direct_medical,avoided_incident_case_first_year,2333.1864883999897,64762.28390756019,31395.4919125426,119011.97726255516,CHINA_GASTRIC_NEW_DIAGNOSIS_COURSE,Event-specific first-year cost; no annual patient-year cost added for the same outcome,151102485.7710435,96986935.77348676,73251537.52701554,47017374.52689392,277677137.3067605,178230388.09926298
S5,2040,oesophageal_cancer,direct_medical,avoided_incident_case_first_year,1149.382137172334,68356.63525540795,29827.5487154762,135047.26753332303,CHINA_OESOPHAGEAL_NEW_DIAGNOSIS_DERIVED,Event-specific first-year cost; no annual patient-year cost added for the same outcome,78567895.5197705,50429742.42118172,34283251.689205945,22005114.69232553,155220916.9767348,99630400.04739119
S5,2040,renal_cancer,direct_medical,avoided_incident_case_first_year,313.9759185041911,13135.225379367826,4654.616770652017,29653.851952691733,INTERNATIONAL_PROXY_RENAL,Event-specific first-year cost; no annual patient-year cost added for the same outcome,4124144.4532465753,2647131.390106217,1461437.5758504788,938041.1684341263,9310595.404033687,5976116.897455989
S5,2040,stroke,direct_medical,avoided_incident_case_first_year,16343.728287992055,29612.850356671155,4730.172689851648,100820.84684525008,CHINA_FIRST_ISCHAEMIC_STROKE_ONE_YEAR,Event-specific first-year cost; no annual patient-year cost added for the same outcome,483984380.06240195,310651156.6964463,77308657.19821586,49621485.25987209,1647788526.6040282,1057652752.5840292
S5,2041,bladder_cancer,direct_medical,avoided_incident_case_first_year,244.65390499746815,17917.502226658013,6349.271058827539,40450.2353820222,INTERNATIONAL_PROXY_BLADDER,Event-specific first-year cost; no annual patient-year cost added for the same outcome,4383586.887552713,2731706.42352165,1553373.9584295666,968011.2951387855,9896308.044278484,6167051.993532415
S5,2041,breast_cancer,direct_medical,avoided_incident_case_first_year,551.6068697464705,53995.542586727424,26175.98574835096,99226.21468667472,CHINA_BREAST_NEW_DIAGNOSIS_COURSE,Event-specific first-year cost; no annual patient-year cost added for the same outcome,29784312.226526953,18560598.68698102,14438853.561176095,8997816.179565549,54733861.6801079,34108333.054889925
S5,2041,colon_cancer,direct_medical,avoided_incident_case_first_year,1739.1496119556373,72296.25822013385,35047.815693114135,132856.9673630357,CHINA_CRC_NEW_DIAGNOSIS_COURSE,Event-specific first-year cost; no annual patient-year cost added for the same outcome,125734009.42939034,78353277.81198612,60953395.062572144,37984140.63621749,231058143.23502633,143987795.90165403
S5,2041,coronary_heart_disease,direct_medical,avoided_incident_case_first_year,9562.900935851834,21846.326995845397,8586.27962692537,46223.917226713966,CHINA_INCIDENT_MI_IMMEDIATE_PROXY,Event-specific first-year cost; no annual patient-year cost added for the same outcome,208914260.87349513,130188460.50796837,82109741.47981016,51168076.278128125,442034741.3060807,275461436.7686652
S5,2041,endometrial_cancer,direct_medical,avoided_incident_case_first_year,82.50325714719195,22329.17043600619,7912.595953582618,50409.93932055516,INTERNATIONAL_PROXY_ENDOMETRIAL,Event-specific first-year cost; no annual patient-year cost added for the same outcome,1842229.2903652946,1148016.388218583,652814.9386602571,406812.6872020789,4158984.186538105,2591741.445789806
S5,2041,gastric_cancer,direct_medical,avoided_incident_case_first_year,2385.0409048044485,64762.28390756019,31395.4919125426,119011.97726255516,CHINA_GASTRIC_NEW_DIAGNOSIS_COURSE,Event-specific first-year cost; no annual patient-year cost added for the same outcome,154460696.20808992,96254799.28580326,74879532.43787134,46662449.03954152,283848433.932851,176884959.7763575
S5,2041,oesophageal_cancer,direct_medical,avoided_incident_case_first_year,1177.6856168752538,68356.63525540795,29827.5487154762,135047.26753332303,CHINA_OESOPHAGEAL_NEW_DIAGNOSIS_DERIVED,Event-specific first-year cost; no annual patient-year cost added for the same outcome,80502626.15828183,50166575.14223757,35127475.10886227,21890281.14612044,159043224.57229897,99110479.46041676
S5,2041,renal_cancer,direct_medical,avoided_incident_case_first_year,318.49051090555633,13135.225379367826,4654.616770652017,29653.851952691733,INTERNATIONAL_PROXY_RENAL,Event-specific first-year cost; no annual patient-year cost added for the same outcome,4183444.641934489,2606984.3929111008,1482451.2733545317,923814.622559304,9444470.458730519,5885481.748321882
S5,2041,stroke,direct_medical,avoided_incident_case_first_year,16751.745338245117,29612.850356671155,4730.172689851648,100820.84684525008,CHINA_FIRST_ISCHAEMIC_STROKE_ONE_YEAR,Event-specific first-year cost; no annual patient-year cost added for the same outcome,496066927.91451627,309132509.116814,79238648.3063167,49378905.932986446,1688925151.137843,1052482317.0064379
S5,2042,bladder_cancer,direct_medical,avoided_incident_case_first_year,250.20563547175897,17917.502226658013,6349.271058827539,40450.2353820222,INTERNATIONAL_PROXY_BLADDER,Event-specific first-year cost; no annual patient-year cost added for the same outcome,4483060.030687625,2712325.046275376,1588623.4000563922,961143.2832879539,10120876.848741094,6123296.939857961
S5,2042,breast_cancer,direct_medical,avoided_incident_case_first_year,554.5376368800246,53995.542586727424,26175.98574835096,99226.21468667472,CHINA_BREAST_NEW_DIAGNOSIS_COURSE,Event-specific first-year cost; no annual patient-year cost added for the same outcome,29942560.588098556,18115741.5865031,14515569.279895743,8782158.135136062,55024670.60889859,33290830.645575047
S5,2042,colon_cancer,direct_medical,avoided_incident_case_first_year,1772.7139370962493,72296.25822013385,35047.815693114135,132856.9673630357,CHINA_CRC_NEW_DIAGNOSIS_COURSE,Event-specific first-year cost; no annual patient-year cost added for the same outcome,128160584.54674056,77539261.35985723,62129751.34396407,37589521.33934452,235517397.68479493,142491898.8818641
S5,2042,coronary_heart_disease,direct_medical,avoided_incident_case_first_year,9822.352938106238,21846.326995845397,8586.27962692537,46223.917226713966,CHINA_INCIDENT_MI_IMMEDIATE_PROXY,Event-specific first-year cost; no annual patient-year cost added for the same outcome,214582334.15447167,129825841.15121342,84337468.92093214,51025555.69808619,454027629.18259346,274694182.5233802
S5,2042,endometrial_cancer,direct_medical,avoided_incident_case_first_year,83.06883142965705,22329.17043600619,7912.595953582618,50409.93932055516,INTERNATIONAL_PROXY_ENDOMETRIAL,Event-specific first-year cost; no annual patient-year cost added for the same outcome,1854858.0949126799,1122219.6521304722,657290.099439141,397671.31985162507,4187494.7517984374,2533503.1917267214
S5,2042,gastric_cancer,direct_medical,avoided_incident_case_first_year,2432.942763696998,64762.28390756019,31395.4919125426,119011.97726255516,CHINA_GASTRIC_NEW_DIAGNOSIS_COURSE,Event-specific first-year cost; no annual patient-year cost added for the same outcome,157562929.9933891,95328163.9014887,76383434.86132814,46213234.281216316,289549328.87420523,175182105.8522103
S5,2042,oesophageal_cancer,direct_medical,avoided_incident_case_first_year,1203.5880037732102,68356.63525540795,29827.5487154762,135047.26753332303,CHINA_OESOPHAGEAL_NEW_DIAGNOSIS_DERIVED,Event-specific first-year cost; no annual patient-year cost added for the same outcome,82273226.1717099,49776654.8865909,35900079.81590818,21720138.69576436,162541271.14545894,98340142.17151676
S5,2042,renal_cancer,direct_medical,avoided_incident_case_first_year,322.7553563114635,13135.225379367826,4654.616770652017,29653.851952691733,INTERNATIONAL_PROXY_RENAL,Event-specific first-year cost; no annual patient-year cost added for the same outcome,4239464.347549241,2564945.651839862,1502302.4943051054,908917.7156882089,9570939.552998409,5790575.831750236
S5,2042,stroke,direct_medical,avoided_incident_case_first_year,17119.80711131439,29612.850356671155,4730.172689851648,100820.84684525008,CHINA_FIRST_ISCHAEMIC_STROKE_ONE_YEAR,Event-specific first-year cost; no annual patient-year cost added for the same outcome,506966286.1224277,306722940.59291434,80979644.05346736,48994016.43100345,1726033450.7900512,1044278623.8061819
S5,2043,bladder_cancer,direct_medical,avoided_incident_case_first_year,255.22177633093258,17917.502226658013,6349.271058827539,40450.2353820222,INTERNATIONAL_PROXY_BLADDER,Event-specific first-year cost; no annual patient-year cost added for the same outcome,4572936.745701098,2686118.3853951753,1620472.2380405455,951856.654416905,10323780.927204045,6064133.246851479
S5,2043,breast_cancer,direct_medical,avoided_incident_case_first_year,557.3153620460985,53995.542586727424,26175.98574835096,99226.21468667472,CHINA_BREAST_NEW_DIAGNOSIS_COURSE,Event-specific first-year cost; no annual patient-year cost added for the same outcome,30092545.365597524,17676198.87720033,14588278.974255728,8569076.403879805,55300293.76256801,32483094.35572878
S5,2043,colon_cancer,direct_medical,avoided_incident_case_first_year,1803.1233288545943,72296.25822013385,35047.815693114135,132856.9673630357,CHINA_CRC_NEW_DIAGNOSIS_COURSE,Event-specific first-year cost; no annual patient-year cost added for the same outcome,130359069.78561908,76572214.64594728,63195534.10165025,37120715.95674024,239557497.25316316,140714782.1005604
S5,2043,coronary_heart_disease,direct_medical,avoided_incident_case_first_year,10054.719336463239,21846.326995845397,8586.27962692537,46223.917226713966,CHINA_INCIDENT_MI_IMMEDIATE_PROXY,Event-specific first-year cost; no annual patient-year cost added for the same outcome,219658686.47582555,129026327.95197552,86332631.79312688,50711322.37660474,464768514.3465171,273002519.1169749
S5,2043,endometrial_cancer,direct_medical,avoided_incident_case_first_year,83.59354975937592,22329.17043600619,7912.595953582618,50409.93932055516,INTERNATIONAL_PROXY_ENDOMETRIAL,Event-specific first-year cost; no annual patient-year cost added for the same outcome,1866574.619927869,1096415.8664590418,661441.9835716451,388527.4544010019,4213945.770959948,2475249.022649311
S5,2043,gastric_cancer,direct_medical,avoided_incident_case_first_year,2476.30946601642,64762.28390756019,31395.4919125426,119011.97726255516,CHINA_GASTRIC_NEW_DIAGNOSIS_COURSE,Event-specific first-year cost; no annual patient-year cost added for the same outcome,160371456.68113416,94201328.87006642,77744953.8132712,45666966.63929242,294710485.8645963,173111350.20483845
S5,2043,oesophageal_cancer,direct_medical,avoided_incident_case_first_year,1227.012088154813,68356.63525540795,29827.5487154762,135047.26753332303,CHINA_OESOPHAGEAL_NEW_DIAGNOSIS_DERIVED,Event-specific first-year cost; no annual patient-year cost added for the same outcome,83874417.76397502,49267380.71151424,36598762.83391587,21497915.934069388,165704629.73566437,97334005.96378191
S5,2043,renal_cancer,direct_medical,avoided_incident_case_first_year,326.5983018387044,13135.225379367826,4654.616770652017,29653.851952691733,INTERNATIONAL_PROXY_RENAL,Event-specific first-year cost; no annual patient-year cost added for the same outcome,4289942.303170184,2519888.97586714,1520189.9330049031,892951.3691996376,9684897.690725468,5688856.678847524
S5,2043,stroke,direct_medical,avoided_incident_case_first_year,17449.92832758433,29612.850356671155,4730.172689851648,100820.84684525008,CHINA_FIRST_ISCHAEMIC_STROKE_ONE_YEAR,Event-specific first-year cost; no annual patient-year cost added for the same outcome,516742116.29939175,303531532.64248854,82541174.41500804,48484240.757690765,1759316551.3759706,1033413055.3683192
S5,2044,bladder_cancer,direct_medical,avoided_incident_case_first_year,259.5168751005119,17917.502226658013,6349.271058827539,40450.2353820222,INTERNATIONAL_PROXY_BLADDER,Event-specific first-year cost; no annual patient-year cost added for the same outcome,4649894.187468751,2651769.6812674166,1647742.9843530415,939684.7997539192,10497518.683422564,5986588.221352999
S5,2044,breast_cancer,direct_medical,avoided_incident_case_first_year,559.5216040304517,53995.542586727424,26175.98574835096,99226.21468667472,CHINA_BREAST_NEW_DIAGNOSIS_COURSE,Event-specific first-year cost; no annual patient-year cost added for the same outcome,30211672.598620296,17229294.729609862,14646029.532995572,8352425.990942152,55519210.803358205,31661830.14078083
S5,2044,colon_cancer,direct_medical,avoided_incident_case_first_year,1829.3201689140649,72296.25822013385,35047.815693114135,132856.9673630357,CHINA_CRC_NEW_DIAGNOSIS_COURSE,Event-specific first-year cost; no annual patient-year cost added for the same outcome,132253003.29911011,75422039.78539386,64113676.12379656,36563133.6209465,243037929.9779589,138601135.45172492
S5,2044,coronary_heart_disease,direct_medical,avoided_incident_case_first_year,10249.508474770266,21846.326995845397,8586.27962692537,46223.917226713966,CHINA_INCIDENT_MI_IMMEDIATE_PROXY,Event-specific first-year cost; no annual patient-year cost added for the same outcome,223914113.68651983,127695090.24139898,88005145.80291887,50188104.93895072,473772431.3522841,270185797.4889194
S5,2044,endometrial_cancer,direct_medical,avoided_incident_case_first_year,84.02626073025813,22329.17043600619,7912.595953582618,50409.93932055516,INTERNATIONAL_PROXY_ENDOMETRIAL,Event-specific first-year cost; no annual patient-year cost added for the same outcome,1876236.6969462277,1069991.5712601931,664865.8506489185,379163.7043295022,4235758.704745459,2415594.0022633118
S5,2044,gastric_cancer,direct_medical,avoided_incident_case_first_year,2513.57048006629,64762.28390756019,31395.4919125426,119011.97726255516,CHINA_GASTRIC_NEW_DIAGNOSIS_COURSE,Event-specific first-year cost; no annual patient-year cost added for the same outcome,162784565.05171543,92833762.82965007,78914781.67852703,45003997.30017764,299144992.8214792,170598209.39684308
S5,2044,oesophageal_cancer,direct_medical,avoided_incident_case_first_year,1247.135554835885,68356.63525540795,29827.5487154762,135047.26753332303,CHINA_OESOPHAGEAL_NEW_DIAGNOSIS_DERIVED,Event-specific first-year cost; no annual patient-year cost added for the same outcome,85249990.23596741,48616878.21742522,37198996.5166698,21214067.924882244,168422248.924241,96048855.16573434
S5,2044,renal_cancer,direct_medical,avoided_incident_case_first_year,329.8866372427355,13135.225379367826,4654.616770652017,29653.851952691733,INTERNATIONAL_PROXY_RENAL,Event-specific first-year cost; no annual patient-year cost added for the same outcome,4333135.329825087,2471126.5308843274,1535495.874124035,875671.8412402989,9782409.501967402,5578771.447524208
S5,2044,stroke,direct_medical,avoided_incident_case_first_year,17729.86108556665,29612.850356671155,4730.172689851648,100820.84684525008,CHINA_FIRST_ISCHAEMIC_STROKE_ONE_YEAR,Event-specific first-year cost; no annual patient-year cost added for the same outcome,525031723.17145234,299418255.35766584,83865304.70181085,47827211.40576713,1787539609.0954745,1019408861.439999
S5,2045,bladder_cancer,direct_medical,avoided_incident_case_first_year,262.99370459398057,17917.502226658013,6349.271058827539,40450.2353820222,INTERNATIONAL_PROXY_BLADDER,Event-specific first-year cost; no annual patient-year cost added for the same outcome,4712190.287659686,2609025.511389497,1669818.3172324,924537.9161478049,10638157.254816527,5890089.741213366
S5,2045,breast_cancer,direct_medical,avoided_incident_case_first_year,561.3560861598849,53995.542586727424,26175.98574835096,99226.21468667472,CHINA_BREAST_NEW_DIAGNOSIS_COURSE,Event-specific first-year cost; no annual patient-year cost added for the same outcome,30310726.45656469,16782314.330774136,14694048.911071219,8135738.612888244,55701239.52097221,30840425.800887946
S5,2045,colon_cancer,direct_medical,avoided_incident_case_first_year,1851.4109611930814,72296.25822013385,35047.815693114135,132856.9673630357,CHINA_CRC_NEW_DIAGNOSIS_COURSE,Event-specific first-year cost; no annual patient-year cost added for the same outcome,133850084.92200123,74109546.71709394,64887910.1401064,35926862.584398516,245972845.6467958,136189200.8228485
S5,2045,coronary_heart_disease,direct_medical,avoided_incident_case_first_year,10392.31337964845,21846.326995845397,8586.27962692537,46223.917226713966,CHINA_INCIDENT_MI_IMMEDIATE_PROXY,Event-specific first-year cost; no annual patient-year cost added for the same outcome,227033876.33509925,125703152.70568308,89231308.64829944,49405212.11288078,480373433.45494205,265971123.059244
S5,2045,endometrial_cancer,direct_medical,avoided_incident_case_first_year,84.36305265209961,22329.17043600619,7912.595953582618,50409.93932055516,INTERNATIONAL_PROXY_ENDOMETRIAL,Event-specific first-year cost; no annual patient-year cost added for the same outcome,1883756.9811704962,1042990.5672533471,667530.7490468808,369595.59092110046,4252736.365089142,2354637.0142963813
S5,2045,gastric_cancer,direct_medical,avoided_incident_case_first_year,2544.5980109990132,64762.28390756019,31395.4919125426,119011.97726255516,CHINA_GASTRIC_NEW_DIAGNOSIS_COURSE,Event-specific first-year cost; no annual patient-year cost added for the same outcome,164793978.81893104,91242430.50793847,79888906.2749915,44232550.43292731,302837640.62735766,167673859.0703624
S5,2045,oesophageal_cancer,direct_medical,avoided_incident_case_first_year,1263.6607645984345,68356.63525540795,29827.5487154762,135047.26753332303,CHINA_OESOPHAGEAL_NEW_DIAGNOSIS_DERIVED,Event-specific first-year cost; no annual patient-year cost added for the same outcome,86379597.97222511,47826289.053584106,37691903.01589571,20869092.829044234,170653933.34808832,94486945.25136726
S5,2045,renal_cancer,direct_medical,avoided_incident_case_first_year,332.74168116982094,13135.225379367826,4654.616770652017,29653.851952691733,INTERNATIONAL_PROXY_RENAL,Event-specific first-year cost; no annual patient-year cost added for the same outcome,4370636.97527535,2419915.723560259,1548785.009467995,857524.7081896814,9867072.551899625,5463158.836784305
S5,2045,stroke,direct_medical,avoided_incident_case_first_year,17950.169789388423,29612.850356671155,4730.172689851648,100820.84684525008,CHINA_FIRST_ISCHAEMIC_STROKE_ONE_YEAR,Event-specific first-year cost; no annual patient-year cost added for the same outcome,531555691.8499988,294309498.57708687,84907402.91596523,47011170.34550002,1809751319.1821651,1002015426.537899
S5,2046,bladder_cancer,direct_medical,avoided_incident_case_first_year,265.68904154771826,17917.502226658013,6349.271058827539,40450.2353820222,INTERNATIONAL_PROXY_BLADDER,Event-specific first-year cost; no annual patient-year cost added for the same outcome,4760483.993529875,2558994.723698667,1686931.742146555,906808.9364988942,10747184.269029079,5777141.12187785
S5,2046,breast_cancer,direct_medical,avoided_incident_case_first_year,562.2209985726873,53995.542586727424,26175.98574835096,99226.21468667472,CHINA_BREAST_NEW_DIAGNOSIS_COURSE,Event-specific first-year cost; no annual patient-year cost added for the same outcome,30357427.871583957,16318613.370831553,14716688.846062308,7910945.432979772,55787061.505730115,29988294.517499566
S5,2046,colon_cancer,direct_medical,avoided_incident_case_first_year,1868.6793156781164,72296.25822013385,35047.815693114135,132856.9673630357,CHINA_CRC_NEW_DIAGNOSIS_COURSE,Event-specific first-year cost; no annual patient-year cost added for the same outcome,135098522.33688813,72622112.85857853,65493128.24542127,35205783.66534558,248267066.8550274,133455782.01998682
S5,2046,coronary_heart_disease,direct_medical,avoided_incident_case_first_year,10491.381533300308,21846.326995845397,8586.27962692537,46223.917226713966,CHINA_INCIDENT_MI_IMMEDIATE_PROXY,Event-specific first-year cost; no annual patient-year cost added for the same outcome,229198151.6146524,123205300.44015194,90081935.51767749,48423479.2100144,484952751.5891489,260686000.4668545
S5,2046,endometrial_cancer,direct_medical,avoided_incident_case_first_year,84.44223109489434,22329.17043600619,7912.595953582618,50409.93932055516,INTERNATIONAL_PROXY_ENDOMETRIAL,Event-specific first-year cost; no annual patient-year cost added for the same outcome,1885524.9701145173,1013562.5823935157,668157.2560729493,359167.4491954,4256727.745585919,2288200.9173817276
S5,2046,gastric_cancer,direct_medical,avoided_incident_case_first_year,2568.8630676610283,64762.28390756019,31395.4919125426,119011.97726255516,CHINA_GASTRIC_NEW_DIAGNOSIS_COURSE,Event-specific first-year cost; no annual patient-year cost added for the same outcome,166365439.3075095,89429621.43604484,80650719.66518119,43353735.957562946,305725472.999092,164342506.6376176
S5,2046,oesophageal_cancer,direct_medical,avoided_incident_case_first_year,1276.4100757077488,68356.63525540795,29827.5487154762,135047.26753332303,CHINA_OESOPHAGEAL_NEW_DIAGNOSIS_DERIVED,Event-specific first-year cost; no annual patient-year cost added for the same outcome,87251097.98148222,46901764.54221644,38072183.714097545,20465674.78778994,172375692.97633344,92660428.94375093
S5,2046,renal_cancer,direct_medical,avoided_incident_case_first_year,335.044428260964,13135.225379367826,4654.616770652017,29653.851952691733,INTERNATIONAL_PROXY_RENAL,Event-specific first-year cost; no annual patient-year cost added for the same outcome,4400884.077309198,2365692.0491172825,1559503.4146969998,838309.9313480828,9935357.873224873,5340744.430649435
S5,2046,stroke,direct_medical,avoided_incident_case_first_year,18114.49066958491,29612.850356671155,4730.172689851648,100820.84684525008,CHINA_FIRST_ISCHAEMIC_STROKE_ONE_YEAR,Event-specific first-year cost; no annual patient-year cost added for the same outcome,536421701.4857338,288353097.21556354,85684669.05584304,46059731.80747609,1826318289.4779317,981736074.08834
S5,2047,bladder_cancer,direct_medical,avoided_incident_case_first_year,267.7370112834418,17917.502226658013,6349.271058827539,40450.2353820222,INTERNATIONAL_PROXY_BLADDER,Event-specific first-year cost; no annual patient-year cost added for the same outcome,4797178.49582983,2503611.4823687873,1699934.8571189393,887183.253919283,10830025.126894355,5652108.89809613
S5,2047,breast_cancer,direct_medical,avoided_incident_case_first_year,561.9219901800653,53995.542586727424,26175.98574835096,99226.21468667472,CHINA_BREAST_NEW_DIAGNOSIS_COURSE,Event-specific first-year cost; no annual patient-year cost added for the same outcome,30341282.75118635,15834887.935002284,14708862.006638398,7676444.777781352,55757392.03477069,29099364.771717202
S5,2047,colon_cancer,direct_medical,avoided_incident_case_first_year,1881.492061680243,72296.25822013385,35047.815693114135,132856.9673630357,CHINA_CRC_NEW_DIAGNOSIS_COURSE,Event-specific first-year cost; no annual patient-year cost added for the same outcome,136024835.93036687,70990341.80584247,65942187.00582649,34414732.89013789,249969329.43246284,130457118.48145081
S5,2047,coronary_heart_disease,direct_medical,avoided_incident_case_first_year,10555.30482431754,21846.326995845397,8586.27962692537,46223.917226713966,CHINA_INCIDENT_MI_IMMEDIATE_PROXY,Event-specific first-year cost; no annual patient-year cost added for the same outcome,230594640.73286542,120345613.74219635,90630798.76902477,47299534.22655265,487907536.5019886,254635284.42448398
S5,2047,endometrial_cancer,direct_medical,avoided_incident_case_first_year,84.19340068580937,22329.17043600619,7912.595953582618,50409.93932055516,INTERNATIONAL_PROXY_ENDOMETRIAL,Event-specific first-year cost; no annual patient-year cost added for the same outcome,1879968.7935003976,981141.6152211386,666188.3615848952,347678.7100864128,4244184.2197628375,2215007.9166584304
S5,2047,gastric_cancer,direct_medical,avoided_incident_case_first_year,2587.0883330962884,64762.28390756019,31395.4919125426,119011.97726255516,CHINA_GASTRIC_NEW_DIAGNOSIS_COURSE,Event-specific first-year cost; no annual patient-year cost added for the same outcome,167545749.12191847,87440870.02148421,81222910.83875783,42389628.06660254,307894497.8746772,160687829.50380304
S5,2047,oesophageal_cancer,direct_medical,avoided_incident_case_first_year,1285.8070165208585,68356.63525540795,29827.5487154762,135047.26753332303,CHINA_OESOPHAGEAL_NEW_DIAGNOSIS_DERIVED,Event-specific first-year cost; no annual patient-year cost added for the same outcome,87893441.23716062,45870927.85843829,38352471.42397702,20015867.22648724,173644724.15631628,90623879.35500653
S5,2047,renal_cancer,direct_medical,avoided_incident_case_first_year,336.8860762498063,13135.225379367826,4654.616770652017,29653.851952691733,INTERNATIONAL_PROXY_RENAL,Event-specific first-year cost; no annual patient-year cost added for the same outcome,4425074.5387121,2309413.2176003093,1568075.5803115028,818366.8861816811,9989969.830034975,5213690.338338526
S5,2047,stroke,direct_medical,avoided_incident_case_first_year,18232.425206484124,29612.850356671155,4730.172689851648,100820.84684525008,CHINA_FIRST_ISCHAEMIC_STROKE_ONE_YEAR,Event-specific first-year cost; no annual patient-year cost added for the same outcome,539914079.2788136,281777109.0965383,86242519.781474,45009324.33116928,1838208549.360413,959347256.9694548
S5,2048,bladder_cancer,direct_medical,avoided_incident_case_first_year,269.2808639345752,17917.502226658013,6349.271058827539,40450.2353820222,INTERNATIONAL_PROXY_BLADDER,Event-specific first-year cost; no annual patient-year cost added for the same outcome,4824840.479144145,2444706.8582719103,1709737.1960758748,866309.729234968,10892474.33002786,5519126.863007378
S5,2048,breast_cancer,direct_medical,avoided_incident_case_first_year,561.1867093707444,53995.542586727424,26175.98574835096,99226.21468667472,CHINA_BREAST_NEW_DIAGNOSIS_COURSE,Event-specific first-year cost; no annual patient-year cost added for the same outcome,30301580.864933457,15353560.9886369,14689615.306652578,7443106.863487393,55684432.90333002,28214842.66810428
S5,2048,colon_cancer,direct_medical,avoided_incident_case_first_year,1891.103871801573,72296.25822013385,35047.815693114135,132856.9673630357,CHINA_CRC_NEW_DIAGNOSIS_COURSE,Event-specific first-year cost; no annual patient-year cost added for the same outcome,136719733.83686143,69274760.98264174,66279059.955436066,33583052.77309643,251246325.37605205,127304439.89132766
S5,2048,coronary_heart_disease,direct_medical,avoided_incident_case_first_year,10594.407771552753,21846.326995845397,8586.27962692537,46223.917226713966,CHINA_INCIDENT_MI_IMMEDIATE_PROXY,Event-specific first-year cost; no annual patient-year cost added for the same outcome,231448896.50466716,117273246.04207315,90966547.60822321,46091999.05622364,489715027.8983096,248134563.71809095
S5,2048,endometrial_cancer,direct_medical,avoided_incident_case_first_year,83.83558852935306,22329.17043600619,7912.595953582618,50409.93932055516,INTERNATIONAL_PROXY_ENDOMETRIAL,Event-specific first-year cost; no annual patient-year cost added for the same outcome,1871979.14487481,948516.3859405413,663357.1385635764,336117.58837209747,4226146.930667718,2141353.777420812
S5,2048,gastric_cancer,direct_medical,avoided_incident_case_first_year,2600.8793381202927,64762.28390756019,31395.4919125426,119011.97726255516,CHINA_GASTRIC_NEW_DIAGNOSIS_COURSE,Event-specific first-year cost; no annual patient-year cost added for the same outcome,168438886.10465363,85346593.70391707,81655886.22545479,41374363.76115187,309535792.6510218,156839231.97991753
S5,2048,oesophageal_cancer,direct_medical,avoided_incident_case_first_year,1292.7795822398532,68356.63525540795,29827.5487154762,135047.26753332303,CHINA_OESOPHAGEAL_NEW_DIAGNOSIS_DERIVED,Event-specific first-year cost; no annual patient-year cost added for the same outcome,88370062.36880831,44776381.41049261,38560445.9676322,19538259.78756831,174586350.10436302,88461462.98633842
S5,2048,renal_cancer,direct_medical,avoided_incident_case_first_year,338.2942005932665,13135.225379367826,4654.616770652017,29653.851952691733,INTERNATIONAL_PROXY_RENAL,Event-specific first-year cost; no annual patient-year cost added for the same outcome,4443570.569325625,2251520.5410423325,1574629.859495736,797851.9566374982,10031726.140846925,5082992.858073597
S5,2048,stroke,direct_medical,avoided_incident_case_first_year,18314.814290876995,29612.850356671155,4730.172689851648,100820.84684525008,CHINA_FIRST_ISCHAEMIC_STROKE_ONE_YEAR,Event-specific first-year cost; no annual patient-year cost added for the same outcome,542353854.9059628,274806223.009887,86632234.37841104,43895838.307568155,1846515086.619707,935613957.7411476
S5,2049,bladder_cancer,direct_medical,avoided_incident_case_first_year,270.8344919635226,17917.502226658013,6349.271058827539,40450.2353820222,INTERNATIONAL_PROXY_BLADDER,Event-specific first-year cost; no annual patient-year cost added for the same outcome,4852677.612812208,2387195.8293217984,1719601.6015562539,845930.0408689714,10955318.949494889,5389290.983616045
S5,2049,breast_cancer,direct_medical,avoided_incident_case_first_year,560.2727658316885,53995.542586727424,26175.98574835096,99226.21468667472,CHINA_BREAST_NEW_DIAGNOSIS_COURSE,Event-specific first-year cost; no annual patient-year cost added for the same outcome,30252231.9876485,14882093.514293535,14665691.933599452,7214548.628899775,55593745.74551216,27348439.061698474
S5,2049,colon_cancer,direct_medical,avoided_incident_case_first_year,1900.309101013728,72296.25822013385,35047.815693114135,132856.9673630357,CHINA_CRC_NEW_DIAGNOSIS_COURSE,Event-specific first-year cost; no annual patient-year cost added for the same outcome,137385237.4649589,67584433.18402791,66601683.13227655,32763614.82976085,252469304.2130606,124198168.13256702
S5,2049,coronary_heart_disease,direct_medical,avoided_incident_case_first_year,10637.85916074247,21846.326995845397,8586.27962692537,46223.917226713966,CHINA_INCIDENT_MI_IMMEDIATE_PROXY,Event-specific first-year cost; no annual patient-year cost added for the same outcome,232398149.76132947,114324490.13047956,91339633.38598448,44933047.1274483,491723521.3156008,241895389.08680364
S5,2049,endometrial_cancer,direct_medical,avoided_incident_case_first_year,83.43764523889608,22329.17043600619,7912.595953582618,50409.93932055516,INTERNATIONAL_PROXY_ENDOMETRIAL,Event-specific first-year cost; no annual patient-year cost added for the same outcome,1863093.4013183308,916518.4980600106,660208.3740937511,324778.7722305712,4206086.633542759,2069115.9130063565
S5,2049,gastric_cancer,direct_medical,avoided_incident_case_first_year,2614.365124902548,64762.28390756019,31395.4919125426,119011.97726255516,CHINA_GASTRIC_NEW_DIAGNOSIS_COURSE,Event-specific first-year cost; no annual patient-year cost added for the same outcome,169312256.45696285,83290410.92694688,82079279.13531137,40377566.46108722,311140762.8009192,153060637.97218105
S5,2049,oesophageal_cancer,direct_medical,avoided_incident_case_first_year,1299.6678308292562,68356.63525540795,29827.5487154762,135047.26753332303,CHINA_OESOPHAGEAL_NEW_DIAGNOSIS_DERIVED,Event-specific first-year cost; no annual patient-year cost added for the same outcome,88840919.86518271,43703845.64911823,38765905.537996925,19070256.75389129,175516589.25445217,86342531.54150955
S5,2049,renal_cancer,direct_medical,avoided_incident_case_first_year,339.5355548410183,13135.225379367826,4654.616770652017,29653.851952691733,INTERNATIONAL_PROXY_RENAL,Event-specific first-year cost; no annual patient-year cost added for the same outcome,4459876.0371454805,2193963.4825640186,1580407.8877956416,777455.9571837413,10068537.075930603,4953053.063235415
S5,2049,stroke,direct_medical,avoided_incident_case_first_year,18397.05527184128,29612.850356671155,4730.172689851648,100820.84684525008,CHINA_FIRST_ISCHAEMIC_STROKE_ONE_YEAR,Event-specific first-year cost; no annual patient-year cost added for the same outcome,544789244.7684441,268000208.69651994,87021248.4205549,42808687.87645216,1854806691.9659102,912441986.1663147
S5,2050,bladder_cancer,direct_medical,avoided_incident_case_first_year,272.68472059905685,17917.502226658013,6349.271058827539,40450.2353820222,INTERNATIONAL_PROXY_BLADDER,Event-specific first-year cost; no annual patient-year cost added for the same outcome,4885829.088509219,2333499.1831326187,1731349.2046840652,826902.0224938538,11030161.133312806,5268066.387123691
S5,2050,breast_cancer,direct_medical,avoided_incident_case_first_year,558.8684041371223,53995.542586727424,26175.98574835096,99226.21468667472,CHINA_BREAST_NEW_DIAGNOSIS_COURSE,Event-specific first-year cost; no annual patient-year cost added for the same outcome,30176402.71596238,14412417.99742629,14628931.381896958,6986859.100340647,55454396.25050939,26485328.489286155
S5,2050,colon_cancer,direct_medical,avoided_incident_case_first_year,1910.8502470256187,72296.25822013385,35047.815693114135,132856.9673630357,CHINA_CRC_NEW_DIAGNOSIS_COURSE,Event-specific first-year cost; no annual patient-year cost added for the same outcome,138147322.87897068,65979930.78558502,66971127.274895504,31985783.366221495,253869768.90473136,121249615.49607007
S5,2050,coronary_heart_disease,direct_medical,avoided_incident_case_first_year,10694.938669748735,21846.326995845397,8586.27962692537,46223.917226713966,CHINA_INCIDENT_MI_IMMEDIATE_PROXY,Event-specific first-year cost; no annual patient-year cost added for the same outcome,233645127.37984264,111590214.06746261,91829734.01127988,43858392.38760407,494361959.8152479,236110025.23887095
S5,2050,endometrial_cancer,direct_medical,avoided_incident_case_first_year,82.93856944423737,22329.17043600619,7912.595953582618,50409.93932055516,INTERNATIONAL_PROXY_ENDOMETRIAL,Event-specific first-year cost; no annual patient-year cost added for the same outcome,1851949.4528389114,884501.3726669465,656259.3889804035,313433.13905729423,4180928.2530176565,1996834.618324652
S5,2050,gastric_cancer,direct_medical,avoided_incident_case_first_year,2629.9815483348852,64762.28390756019,31395.4919125426,119011.97726255516,CHINA_GASTRIC_NEW_DIAGNOSIS_COURSE,Event-specific first-year cost; no annual patient-year cost added for the same outcome,170323611.70490858,81347505.52702466,82569564.43088415,39435683.82369967,312999304.231371,149490210.87592718
S5,2050,oesophageal_cancer,direct_medical,avoided_incident_case_first_year,1307.7833942908321,68356.63525540795,29827.5487154762,135047.26753332303,CHINA_OESOPHAGEAL_NEW_DIAGNOSIS_DERIVED,Event-specific first-year cost; no annual patient-year cost added for the same outcome,89395672.47661777,42695871.042723864,39007972.902500615,18630425.10384218,176612573.9244313,84351148.90794487
S5,2050,renal_cancer,direct_medical,avoided_incident_case_first_year,340.8779997619738,13135.225379367826,4654.616770652017,29653.851952691733,INTERNATIONAL_PROXY_RENAL,Event-specific first-year cost; no annual patient-year cost added for the same outcome,4477509.353741618,2138483.403768169,1586656.4544383977,757795.9591447366,10108345.73887126,4827802.220907275
S5,2050,stroke,direct_medical,avoided_incident_case_first_year,18497.258201701643,29612.850356671155,4730.172689851648,100820.84684525008,CHINA_FIRST_ISCHAEMIC_STROKE_ONE_YEAR,Event-specific first-year cost; no annual patient-year cost added for the same outcome,547756539.1356989,261611573.69070175,87495225.58282351,41788207.02216171,1864909236.2108073,890691037.3817886
S6,2025,bladder_cancer,direct_medical,avoided_incident_case_first_year,0.0,17917.502226658013,6349.271058827539,40450.2353820222,INTERNATIONAL_PROXY_BLADDER,Event-specific first-year cost; no annual patient-year cost added for the same outcome,0.0,0.0,0.0,0.0,0.0,0.0
S6,2025,breast_cancer,direct_medical,avoided_incident_case_first_year,0.0,53995.542586727424,26175.98574835096,99226.21468667472,CHINA_BREAST_NEW_DIAGNOSIS_COURSE,Event-specific first-year cost; no annual patient-year cost added for the same outcome,0.0,0.0,0.0,0.0,0.0,0.0
S6,2025,colon_cancer,direct_medical,avoided_incident_case_first_year,0.0,72296.25822013385,35047.815693114135,132856.9673630357,CHINA_CRC_NEW_DIAGNOSIS_COURSE,Event-specific first-year cost; no annual patient-year cost added for the same outcome,0.0,0.0,0.0,0.0,0.0,0.0
S6,2025,coronary_heart_disease,direct_medical,avoided_incident_case_first_year,0.0,21846.326995845397,8586.27962692537,46223.917226713966,CHINA_INCIDENT_MI_IMMEDIATE_PROXY,Event-specific first-year cost; no annual patient-year cost added for the same outcome,0.0,0.0,0.0,0.0,0.0,0.0
S6,2025,endometrial_cancer,direct_medical,avoided_incident_case_first_year,0.0,22329.17043600619,7912.595953582618,50409.93932055516,INTERNATIONAL_PROXY_ENDOMETRIAL,Event-specific first-year cost; no annual patient-year cost added for the same outcome,0.0,0.0,0.0,0.0,0.0,0.0
S6,2025,gastric_cancer,direct_medical,avoided_incident_case_first_year,0.0,64762.28390756019,31395.4919125426,119011.97726255516,CHINA_GASTRIC_NEW_DIAGNOSIS_COURSE,Event-specific first-year cost; no annual patient-year cost added for the same outcome,0.0,0.0,0.0,0.0,0.0,0.0
S6,2025,oesophageal_cancer,direct_medical,avoided_incident_case_first_year,0.0,68356.63525540795,29827.5487154762,135047.26753332303,CHINA_OESOPHAGEAL_NEW_DIAGNOSIS_DERIVED,Event-specific first-year cost; no annual patient-year cost added for the same outcome,0.0,0.0,0.0,0.0,0.0,0.0
S6,2025,renal_cancer,direct_medical,avoided_incident_case_first_year,0.0,13135.225379367826,4654.616770652017,29653.851952691733,INTERNATIONAL_PROXY_RENAL,Event-specific first-year cost; no annual patient-year cost added for the same outcome,0.0,0.0,0.0,0.0,0.0,0.0
S6,2025,stroke,direct_medical,avoided_incident_case_first_year,0.0,29612.850356671155,4730.172689851648,100820.84684525008,CHINA_FIRST_ISCHAEMIC_STROKE_ONE_YEAR,Event-specific first-year cost; no annual patient-year cost added for the same outcome,0.0,0.0,0.0,0.0,0.0,0.0
S6,2026,bladder_cancer,direct_medical,avoided_incident_case_first_year,0.0,17917.502226658013,6349.271058827539,40450.2353820222,INTERNATIONAL_PROXY_BLADDER,Event-specific first-year cost; no annual patient-year cost added for the same outcome,0.0,0.0,0.0,0.0,0.0,0.0
S6,2026,breast_cancer,direct_medical,avoided_incident_case_first_year,0.0,53995.542586727424,26175.98574835096,99226.21468667472,CHINA_BREAST_NEW_DIAGNOSIS_COURSE,Event-specific first-year cost; no annual patient-year cost added for the same outcome,0.0,0.0,0.0,0.0,0.0,0.0
S6,2026,colon_cancer,direct_medical,avoided_incident_case_first_year,0.0,72296.25822013385,35047.815693114135,132856.9673630357,CHINA_CRC_NEW_DIAGNOSIS_COURSE,Event-specific first-year cost; no annual patient-year cost added for the same outcome,0.0,0.0,0.0,0.0,0.0,0.0
S6,2026,coronary_heart_disease,direct_medical,avoided_incident_case_first_year,974.1629277091674,21846.326995845397,8586.27962692537,46223.917226713966,CHINA_INCIDENT_MI_IMMEDIATE_PROXY,Event-specific first-year cost; no annual patient-year cost added for the same outcome,21281881.865964573,20662021.22909182,8364435.299495197,8120810.970383686,45029626.53576189,43718084.01530281
S6,2026,endometrial_cancer,direct_medical,avoided_incident_case_first_year,0.0,22329.17043600619,7912.595953582618,50409.93932055516,INTERNATIONAL_PROXY_ENDOMETRIAL,Event-specific first-year cost; no annual patient-year cost added for the same outcome,0.0,0.0,0.0,0.0,0.0,0.0
S6,2026,gastric_cancer,direct_medical,avoided_incident_case_first_year,0.0,64762.28390756019,31395.4919125426,119011.97726255516,CHINA_GASTRIC_NEW_DIAGNOSIS_COURSE,Event-specific first-year cost; no annual patient-year cost added for the same outcome,0.0,0.0,0.0,0.0,0.0,0.0
S6,2026,oesophageal_cancer,direct_medical,avoided_incident_case_first_year,0.0,68356.63525540795,29827.5487154762,135047.26753332303,CHINA_OESOPHAGEAL_NEW_DIAGNOSIS_DERIVED,Event-specific first-year cost; no annual patient-year cost added for the same outcome,0.0,0.0,0.0,0.0,0.0,0.0
S6,2026,renal_cancer,direct_medical,avoided_incident_case_first_year,0.0,13135.225379367826,4654.616770652017,29653.851952691733,INTERNATIONAL_PROXY_RENAL,Event-specific first-year cost; no annual patient-year cost added for the same outcome,0.0,0.0,0.0,0.0,0.0,0.0
S6,2026,stroke,direct_medical,avoided_incident_case_first_year,1906.3136506858664,29612.850356671155,4730.172689851648,100820.84684525008,CHINA_FIRST_ISCHAEMIC_STROKE_ONE_YEAR,Event-specific first-year cost; no annual patient-year cost added for the same outcome,56451380.87064005,54807165.893825285,9017192.76876568,8754556.086180272,192196156.6148093,186598210.3056401
S6,2027,bladder_cancer,direct_medical,avoided_incident_case_first_year,0.0,17917.502226658013,6349.271058827539,40450.2353820222,INTERNATIONAL_PROXY_BLADDER,Event-specific first-year cost; no annual patient-year cost added for the same outcome,0.0,0.0,0.0,0.0,0.0,0.0
S6,2027,breast_cancer,direct_medical,avoided_incident_case_first_year,0.0,53995.542586727424,26175.98574835096,99226.21468667472,CHINA_BREAST_NEW_DIAGNOSIS_COURSE,Event-specific first-year cost; no annual patient-year cost added for the same outcome,0.0,0.0,0.0,0.0,0.0,0.0
S6,2027,colon_cancer,direct_medical,avoided_incident_case_first_year,0.0,72296.25822013385,35047.815693114135,132856.9673630357,CHINA_CRC_NEW_DIAGNOSIS_COURSE,Event-specific first-year cost; no annual patient-year cost added for the same outcome,0.0,0.0,0.0,0.0,0.0,0.0
S6,2027,coronary_heart_disease,direct_medical,avoided_incident_case_first_year,3391.920440586765,21846.326995845397,8586.27962692537,46223.917226713966,CHINA_INCIDENT_MI_IMMEDIATE_PROXY,Event-specific first-year cost; no annual patient-year cost added for the same outcome,74101003.08895046,69847302.3743524,29123977.375161868,27452141.931531593,156787849.68528178,147787585.71522462
S6,2027,endometrial_cancer,direct_medical,avoided_incident_case_first_year,0.0,22329.17043600619,7912.595953582618,50409.93932055516,INTERNATIONAL_PROXY_ENDOMETRIAL,Event-specific first-year cost; no annual patient-year cost added for the same outcome,0.0,0.0,0.0,0.0,0.0,0.0
S6,2027,gastric_cancer,direct_medical,avoided_incident_case_first_year,0.0,64762.28390756019,31395.4919125426,119011.97726255516,CHINA_GASTRIC_NEW_DIAGNOSIS_COURSE,Event-specific first-year cost; no annual patient-year cost added for the same outcome,0.0,0.0,0.0,0.0,0.0,0.0
S6,2027,oesophageal_cancer,direct_medical,avoided_incident_case_first_year,0.0,68356.63525540795,29827.5487154762,135047.26753332303,CHINA_OESOPHAGEAL_NEW_DIAGNOSIS_DERIVED,Event-specific first-year cost; no annual patient-year cost added for the same outcome,0.0,0.0,0.0,0.0,0.0,0.0
S6,2027,renal_cancer,direct_medical,avoided_incident_case_first_year,0.0,13135.225379367826,4654.616770652017,29653.851952691733,INTERNATIONAL_PROXY_RENAL,Event-specific first-year cost; no annual patient-year cost added for the same outcome,0.0,0.0,0.0,0.0,0.0,0.0
S6,2027,stroke,direct_medical,avoided_incident_case_first_year,6578.627115563833,29612.850356671155,4730.172689851648,100820.84684525008,CHINA_FIRST_ISCHAEMIC_STROKE_ONE_YEAR,Event-specific first-year cost; no annual patient-year cost added for the same outcome,194811900.325531,183628900.29741824,31118042.318757568,29331739.38991193,663262756.8702705,625188761.306693
S6,2028,bladder_cancer,direct_medical,avoided_incident_case_first_year,32.650360302817866,17917.502226658013,6349.271058827539,40450.2353820222,INTERNATIONAL_PROXY_BLADDER,Event-specific first-year cost; no annual patient-year cost added for the same outcome,585012.9034269255,535369.6791851263,207305.98773097302,189714.34560596838,1320714.7595568162,1208641.096593034
S6,2028,breast_cancer,direct_medical,avoided_incident_case_first_year,101.8762726419903,53995.542586727424,26175.98574835096,99226.21468667472,CHINA_BREAST_NEW_DIAGNOSIS_COURSE,Event-specific first-year cost; no annual patient-year cost added for the same outcome,5500864.618017641,5034070.374409748,2666711.860771855,2440419.1172835073,10108796.900652336,9250981.169727055
S6,2028,colon_cancer,direct_medical,avoided_incident_case_first_year,246.98316609973193,72296.25822013385,35047.815693114135,132856.9673630357,CHINA_CRC_NEW_DIAGNOSIS_COURSE,Event-specific first-year cost; no annual patient-year cost added for the same outcome,17855958.75237243,16340731.721987678,8656220.4847652,7921667.978154836,32813434.437731314,30028940.840421546
S6,2028,coronary_heart_disease,direct_medical,avoided_incident_case_first_year,7419.092110763887,21846.326995845397,8586.27962692537,46223.917226713966,CHINA_INCIDENT_MI_IMMEDIATE_PROXY,Event-specific first-year cost; no annual patient-year cost added for the same outcome,162079912.2640447,148326079.85713238,63702399.4409347,58296719.52915477,342939499.6253165,313838222.7448544
S6,2028,endometrial_cancer,direct_medical,avoided_incident_case_first_year,19.21554825017413,22329.17043600619,7912.595953582618,50409.93932055516,INTERNATIONAL_PROXY_ENDOMETRIAL,Event-specific first-year cost; no annual patient-year cost added for the same outcome,429067.2518994386,392657.31687735236,152044.86933019938,139142.59401497297,968654.6213024778,886456.197478856
S6,2028,gastric_cancer,direct_medical,avoided_incident_case_first_year,446.02175803330215,64762.28390756019,31395.4919125426,119011.97726255516,CHINA_GASTRIC_NEW_DIAGNOSIS_COURSE,Event-specific first-year cost; no annual patient-year cost added for the same outcome,28885387.72270183,26434221.651612736,14003072.497152569,12814795.001086794,53081931.32566423,48577486.71503882
S6,2028,oesophageal_cancer,direct_medical,avoided_incident_case_first_year,215.40365049464293,68356.63525540795,29827.5487154762,135047.26753332303,CHINA_OESOPHAGEAL_NEW_DIAGNOSIS_DERIVED,Event-specific first-year cost; no annual patient-year cost added for the same outcome,14724268.769545682,13474791.75452394,6424962.878620371,5879751.190023099,29089674.416004453,26621172.91510547
S6,2028,renal_cancer,direct_medical,avoided_incident_case_first_year,50.30324022110126,13135.225379367826,4654.616770652017,29653.851952691733,INTERNATIONAL_PROXY_RENAL,Event-specific first-year cost; no annual patient-year cost added for the same outcome,660744.3976166458,604674.7244432011,234142.30555127503,214273.37802696833,1491684.838257225,1365102.9381146664
S6,2028,stroke,direct_medical,avoided_incident_case_first_year,14290.774516116664,29612.850356671155,4730.172689851648,100820.84684525008,CHINA_FIRST_ISCHAEMIC_STROKE_ONE_YEAR,Event-specific first-year cost; no annual patient-year cost added for the same outcome,423190567.22669244,387279317.91444016,67597831.33296295,61861591.534722716,1440807988.789401,1318543413.670021
S6,2029,bladder_cancer,direct_medical,avoided_incident_case_first_year,88.22300953264211,17917.502226658013,6349.271058827539,40450.2353820222,INTERNATIONAL_PROXY_BLADDER,Event-specific first-year cost; no annual patient-year cost added for the same outcome,1580735.9697435861,1404463.4352916225,560151.8011482706,497687.6201868829,3568641.5017057615,3170691.7529199626
S6,2029,breast_cancer,direct_medical,avoided_incident_case_first_year,269.6122626917315,53995.542586727424,26175.98574835096,99226.21468667472,CHINA_BREAST_NEW_DIAGNOSIS_COURSE,Event-specific first-year cost; no annual patient-year cost added for the same outcome,14557860.412075328,12934470.42149348,7057366.745799418,6270378.946033676,26752604.26000989,23769342.383032866
S6,2029,colon_cancer,direct_medical,avoided_incident_case_first_year,665.8843080848409,72296.25822013385,35047.815693114135,132856.9673630357,CHINA_CRC_NEW_DIAGNOSIS_COURSE,Event-specific first-year cost; no annual patient-year cost added for the same outcome,48140943.88203682,42772605.113625735,23337790.502694335,20735324.58861369,88467369.78678532,78602112.21872649
S6,2029,coronary_heart_disease,direct_medical,avoided_incident_case_first_year,13087.259658217754,21846.326995845397,8586.27962692537,46223.917226713966,CHINA_INCIDENT_MI_IMMEDIATE_PROXY,Event-specific first-year cost; no annual patient-year cost added for the same outcome,285908553.9729609,254026047.0932794,112370870.97563739,99840063.42485882,604944407.1659703,537485270.4759995
S6,2029,endometrial_cancer,direct_medical,avoided_incident_case_first_year,49.335960018124105,22329.17043600619,7912.595953582618,50409.93932055516,INTERNATIONAL_PROXY_ENDOMETRIAL,Event-specific first-year cost; no annual patient-year cost added for the same outcome,1101631.05986868,978784.928274955,390375.5176055226,346843.5912158898,2487022.7508349717,2209687.5019885194
S6,2029,gastric_cancer,direct_medical,avoided_incident_case_first_year,1162.7932182311447,64762.28390756019,31395.4919125426,119011.97726255516,CHINA_GASTRIC_NEW_DIAGNOSIS_COURSE,Event-specific first-year cost; no annual patient-year cost added for the same outcome,75305144.52487098,66907645.55176691,36506465.07893528,32435521.38782039,138386320.04917833,122954452.97241016
S6,2029,oesophageal_cancer,direct_medical,avoided_incident_case_first_year,561.5070349362007,68356.63525540795,29827.5487154762,135047.26753332303,CHINA_OESOPHAGEAL_NEW_DIAGNOSIS_DERIVED,Event-specific first-year cost; no annual patient-year cost added for the same outcome,38382731.58047948,34102559.872880496,16748378.438642126,14880717.316323915,75829990.76887207,67373964.64170907
S6,2029,renal_cancer,direct_medical,avoided_incident_case_first_year,134.5427945304977,13135.225379367826,4654.616770652017,29653.851952691733,INTERNATIONAL_PROXY_RENAL,Event-specific first-year cost; no annual patient-year cost added for the same outcome,1767249.9293280642,1570178.6726379015,626245.1477920432,556410.7026332767,3989712.1103088018,3544807.53492174
S6,2029,stroke,direct_medical,avoided_incident_case_first_year,25143.517846483715,29612.850356671155,4730.172689851648,100820.84684525008,CHINA_FIRST_ISCHAEMIC_STROKE_ONE_YEAR,Event-specific first-year cost; no annual patient-year cost added for the same outcome,744571231.4282129,661541895.374602,118933181.44423479,105670591.28060915,2534990761.9511466,2252306458.579517
S6,2030,bladder_cancer,direct_medical,avoided_incident_case_first_year,168.96832299388308,17917.502226658013,6349.271058827539,40450.2353820222,INTERNATIONAL_PROXY_BLADDER,Event-specific first-year cost; no annual patient-year cost added for the same outcome,3027490.3034775704,2611539.7304176306,1072825.6830436855,925428.8583064239,6834808.437208124,5895765.797518727
S6,2030,breast_cancer,direct_medical,avoided_incident_case_first_year,508.4893836894081,53995.542586727424,26175.98574835096,99226.21468667472,CHINA_BREAST_NEW_DIAGNOSIS_COURSE,Event-specific first-year cost; no annual patient-year cost added for the same outcome,27456160.171900216,23683924.949739743,13310210.860641709,11481504.810395041,50455476.75186013,43523337.466445506
S6,2030,colon_cancer,direct_medical,avoided_incident_case_first_year,1273.823133118232,72296.25822013385,35047.815693114135,132856.9673630357,CHINA_CRC_NEW_DIAGNOSIS_COURSE,Event-specific first-year cost; no annual patient-year cost added for the same outcome,92092646.15869564,79439925.55367339,44644718.395152986,38510926.26401624,169236278.42296883,145984700.40413705
S6,2030,coronary_heart_disease,direct_medical,avoided_incident_case_first_year,16329.075593801761,21846.326995845397,8586.27962692537,46223.917226713966,CHINA_INCIDENT_MI_IMMEDIATE_PROXY,Event-specific first-year cost; no annual patient-year cost added for the same outcome,356730324.9620716,307718711.9685004,140206009.09758437,120942935.07102229,754793838.6366478,651091795.6070156
S6,2030,endometrial_cancer,direct_medical,avoided_incident_case_first_year,90.25311122310968,22329.17043600619,7912.595953582618,50409.93932055516,INTERNATIONAL_PROXY_ENDOMETRIAL,Event-specific first-year cost; no annual patient-year cost added for the same outcome,2015277.102880639,1738395.7319131077,714136.4026622196,616020.3341849371,4549653.860248275,3924571.3857574835
S6,2030,gastric_cancer,direct_medical,avoided_incident_case_first_year,2150.8044411373303,64762.28390756019,31395.4919125426,119011.97726255516,CHINA_GASTRIC_NEW_DIAGNOSIS_COURSE,Event-specific first-year cost; no annual patient-year cost added for the same outcome,139291007.8465771,120153646.95418093,67525563.43718776,58248144.191408284,255971489.2448386,220803255.17449433
S6,2030,oesophageal_cancer,direct_medical,avoided_incident_case_first_year,1037.9812975486177,68356.63525540795,29827.5487154762,135047.26753332303,CHINA_OESOPHAGEAL_NEW_DIAGNOSIS_DERIVED,Event-specific first-year cost; no annual patient-year cost added for the same outcome,70952908.95846593,61204602.545182556,30960437.718384594,26706745.544257354,140176537.98463395,120917513.03010568
S6,2030,renal_cancer,direct_medical,avoided_incident_case_first_year,255.82412622500334,13135.225379367826,4654.616770652017,29653.851952691733,INTERNATIONAL_PROXY_RENAL,Event-specific first-year cost; no annual patient-year cost added for the same outcome,3360307.555445262,2898630.815559559,1190763.268264299,1027162.855326781,7586170.7650029715,6543897.541729896
S6,2030,stroke,direct_medical,avoided_incident_case_first_year,31352.13676560415,29612.850356671155,4730.172689851648,100820.84684525008,CHINA_FIRST_ISCHAEMIC_STROKE_ONE_YEAR,Event-specific first-year cost; no annual patient-year cost added for the same outcome,928426134.4017237,800868539.1867594,148301021.09715453,127925763.53154671,3160948979.1163106,2726662356.3758845
S6,2031,bladder_cancer,direct_medical,avoided_incident_case_first_year,277.33893519774335,17917.502226658013,6349.271058827539,40450.2353820222,INTERNATIONAL_PROXY_BLADDER,Event-specific first-year cost; no annual patient-year cost added for the same outcome,4969220.988944529,4161644.346223022,1760900.074737078,1474726.090185373,11218425.20934812,9395254.497612078
S6,2031,breast_cancer,direct_medical,avoided_incident_case_first_year,823.1026632702581,53995.542586727424,26175.98574835096,99226.21468667472,CHINA_BREAST_NEW_DIAGNOSIS_COURSE,Event-specific first-year cost; no annual patient-year cost added for the same outcome,44443874.907857984,37221045.541348755,21545523.583191995,18044036.802929692,81673361.57482836,68400154.50935045
S6,2031,colon_cancer,direct_medical,avoided_incident_case_first_year,2088.7303880867375,72296.25822013385,35047.815693114135,132856.9673630357,CHINA_CRC_NEW_DIAGNOSIS_COURSE,Event-specific first-year cost; no annual patient-year cost added for the same outcome,151007391.48935917,126466313.01520355,73205437.67427073,61308401.555838205,277502385.0002206,232403878.62985098
S6,2031,coronary_heart_disease,direct_medical,avoided_incident_case_first_year,19635.92402399713,21846.326995845397,8586.27962692537,46223.917226713966,CHINA_INCIDENT_MI_IMMEDIATE_PROXY,Event-specific first-year cost; no annual patient-year cost added for the same outcome,428972817.09381765,359257980.86130905,168599534.403101,141199455.74679124,907649326.7552875,760142021.7470711
S6,2031,endometrial_cancer,direct_medical,avoided_incident_case_first_year,141.7240544828377,22329.17043600619,7912.595953582618,50409.93932055516,INTERNATIONAL_PROXY_ENDOMETRIAL,Event-specific first-year cost; no annual patient-year cost added for the same outcome,3164580.5674291095,2650286.4042289048,1121405.1800262239,939159.1836354616,7144300.986742902,5983239.601406677
S6,2031,gastric_cancer,direct_medical,avoided_incident_case_first_year,3409.801221635942,64762.28390756019,31395.4919125426,119011.97726255516,CHINA_GASTRIC_NEW_DIAGNOSIS_COURSE,Event-specific first-year cost; no annual patient-year cost added for the same outcome,220826514.78393245,184938729.58986366,107052386.67724909,89654688.48260708,405807185.4591695,339857129.0711584
S6,2031,oesophageal_cancer,direct_medical,avoided_incident_case_first_year,1644.4044053179598,68356.63525540795,29827.5487154762,135047.26753332303,CHINA_OESOPHAGEAL_NEW_DIAGNOSIS_DERIVED,Event-specific first-year cost; no annual patient-year cost added for the same outcome,112405952.14670579,94138215.28040232,49048552.50756512,41077390.53820736,222072321.65794948,185982073.2337212
S6,2031,renal_cancer,direct_medical,avoided_incident_case_first_year,417.3706902424779,13135.225379367826,4654.616770652017,29653.851952691733,INTERNATIONAL_PROXY_RENAL,Event-specific first-year cost; no annual patient-year cost added for the same outcome,5482258.083077263,4591304.835653917,1942700.614381246,1626981.1799939563,12376648.6578432,10365248.401448559
S6,2031,stroke,direct_medical,avoided_incident_case_first_year,37695.33054129516,29612.850356671155,4730.172689851648,100820.84684525008,CHINA_FIRST_ISCHAEMIC_STROKE_ONE_YEAR,Event-specific first-year cost; no annual patient-year cost added for the same outcome,1116266182.4646294,934855354.0824906,178305423.0613651,149327984.69521186,3800475147.284997,3182838103.768677
S6,2032,bladder_cancer,direct_medical,avoided_incident_case_first_year,419.2570445370467,17917.502226658013,6349.271058827539,40450.2353820222,INTERNATIONAL_PROXY_BLADDER,Event-specific first-year cost; no annual patient-year cost added for the same outcome,7512039.029034591,6107975.167387994,2661976.619088639,2164430.592375452,16959046.1370945,13789256.45455183
S6,2032,breast_cancer,direct_medical,avoided_incident_case_first_year,1218.5250892285428,53995.542586727424,26175.98574835096,99226.21468667472,CHINA_BREAST_NEW_DIAGNOSIS_COURSE,Event-specific first-year cost; no annual patient-year cost added for the same outcome,65794923.34843562,53497293.66409962,31896095.369654417,25934444.390064053,120909632.10489085,98310595.50413457
S6,2032,colon_cancer,direct_medical,avoided_incident_case_first_year,3146.735440804756,72296.25822013385,35047.815693114135,132856.9673630357,CHINA_CRC_NEW_DIAGNOSIS_COURSE,Event-specific first-year cost; no annual patient-year cost added for the same outcome,227497197.97886735,184976040.5310154,110286203.76431535,89672776.09904823,418065727.75910527,339925694.42450994
S6,2032,coronary_heart_disease,direct_medical,avoided_incident_case_first_year,23332.18316423383,21846.326995845397,8586.27962692537,46223.917226713966,CHINA_INCIDENT_MI_IMMEDIATE_PROXY,Event-specific first-year cost; no annual patient-year cost added for the same outcome,509722502.93281096,414451040.27535623,200336648.95475206,162892028.67608222,1078504903.3020737,876923181.8171005
S6,2032,endometrial_cancer,direct_medical,avoided_incident_case_first_year,203.70068257781912,22329.17043600619,7912.595953582618,50409.93932055516,INTERNATIONAL_PROXY_ENDOMETRIAL,Event-specific first-year cost; no annual patient-year cost added for the same outcome,4548467.25921092,3698320.1180875683,1611801.196707269,1310541.8710157394,10268539.04830353,8349261.934073359
S6,2032,gastric_cancer,direct_medical,avoided_incident_case_first_year,4968.177450003952,64762.28390756019,31395.4919125426,119011.97726255516,CHINA_GASTRIC_NEW_DIAGNOSIS_COURSE,Event-specific first-year cost; no annual patient-year cost added for the same outcome,321750518.52029437,261612615.37917385,155978374.9516756,126824692.6263382,591272621.7162095,480758749.6071798
S6,2032,oesophageal_cancer,direct_medical,avoided_incident_case_first_year,2396.7375247121527,68356.63525540795,29827.5487154762,135047.26753332303,CHINA_OESOPHAGEAL_NEW_DIAGNOSIS_DERIVED,Event-specific first-year cost; no annual patient-year cost added for the same outcome,163832912.77969792,133211150.65982842,71488805.27656157,58126940.72645016,323672853.7069565,263175649.80140546
S6,2032,renal_cancer,direct_medical,avoided_incident_case_first_year,624.4044415192011,13135.225379367826,4654.616770652017,29653.851952691733,INTERNATIONAL_PROXY_RENAL,Event-specific first-year cost; no annual patient-year cost added for the same outcome,8201693.067233004,6668727.011610788,2906363.38516488,2363139.397356698,18515996.867413554,15055199.876954088
S6,2032,stroke,direct_medical,avoided_incident_case_first_year,44557.004522734496,29612.850356671155,4730.172689851648,100820.84684525008,CHINA_FIRST_ISCHAEMIC_STROKE_ONE_YEAR,Event-specific first-year cost; no annual patient-year cost added for the same outcome,1319459907.2732565,1072841650.1617733,210762325.93503508,171369058.12875816,4492274928.86973,3652630611.284545
S6,2033,bladder_cancer,direct_medical,avoided_incident_case_first_year,605.548642745624,17917.502226658013,6349.271058827539,40450.2353820222,INTERNATIONAL_PROXY_BLADDER,Event-specific first-year cost; no annual patient-year cost added for the same outcome,10849919.154744456,8565026.372314923,3844792.4720970867,3035114.6814941443,24494585.134324558,19336251.695724655
S6,2033,breast_cancer,direct_medical,avoided_incident_case_first_year,1700.1417980233964,53995.542586727424,26175.98574835096,99226.21468667472,CHINA_BREAST_NEW_DIAGNOSIS_COURSE,Event-specific first-year cost; no annual patient-year cost added for the same outcome,91800078.85864763,72467829.96176392,44502887.4752362,35130990.32658544,168698635.0484587,133172260.32340983
S6,2033,colon_cancer,direct_medical,avoided_incident_case_first_year,4509.952831844523,72296.25822013385,35047.815693114135,132856.9673630357,CHINA_CRC_NEW_DIAGNOSIS_COURSE,Event-specific first-year cost; no annual patient-year cost added for the same outcome,326052714.4916555,257389023.692838,158063995.635125,124777177.76692528,599178656.1891983,472997164.1995678
S6,2033,coronary_heart_disease,direct_medical,avoided_incident_case_first_year,27828.612293155435,21846.326995845397,8586.27962692537,46223.917226713966,CHINA_INCIDENT_MI_IMMEDIATE_PROXY,Event-specific first-year cost; no annual patient-year cost added for the same outcome,607952963.9968766,479923683.80766195,238944246.7783254,188624794.89299792,1286347471.1731315,1015454572.2804489
S6,2033,endometrial_cancer,direct_medical,avoided_incident_case_first_year,275.9259447574717,22329.17043600619,7912.595953582618,50409.93932055516,INTERNATIONAL_PROXY_ENDOMETRIAL,Event-specific first-year cost; no annual patient-year cost added for the same outcome,6161197.448205614,4863706.160044967,2183290.5139764315,1723509.6929230134,13909410.132191004,10980216.802211396
S6,2033,gastric_cancer,direct_medical,avoided_incident_case_first_year,6891.906502447115,64762.28390756019,31395.4919125426,119011.97726255516,CHINA_GASTRIC_NEW_DIAGNOSIS_COURSE,Event-specific first-year cost; no annual patient-year cost added for the same outcome,446335605.5758402,352341448.6446707,216374794.85957813,170808261.13493446,820219419.964892,647488784.2839057
S6,2033,oesophageal_cancer,direct_medical,avoided_incident_case_first_year,3332.0290201821335,68356.63525540795,29827.5487154762,135047.26753332303,CHINA_OESOPHAGEAL_NEW_DIAGNOSIS_DERIVED,Event-specific first-year cost; no annual patient-year cost added for the same outcome,227766292.39302444,179800814.48050138,99386257.92086302,78456429.76663578,449981414.5173328,355219483.8896293
S6,2033,renal_cancer,direct_medical,avoided_incident_case_first_year,884.8787985114084,13135.225379367826,4654.616770652017,29653.851952691733,INTERNATIONAL_PROXY_RENAL,Event-specific first-year cost; no annual patient-year cost added for the same outcome,11623082.45187156,9175368.61869967,4118771.6955456086,3251396.4104945688,26240064.887133043,20714149.53089968
S6,2033,stroke,direct_medical,avoided_incident_case_first_year,52446.23700859398,29612.850356671155,4730.172689851648,100820.84684525008,CHINA_FIRST_ISCHAEMIC_STROKE_ONE_YEAR,Event-specific first-year cost; no annual patient-year cost added for the same outcome,1553082568.3060021,1226017721.0727615,248079757.98353803,195836451.7985712,5287674029.05314,4174138706.5765214
S6,2034,bladder_cancer,direct_medical,avoided_incident_case_first_year,839.4515945171311,17917.502226658013,6349.271058827539,40450.2353820222,INTERNATIONAL_PROXY_BLADDER,Event-specific first-year cost; no annual patient-year cost added for the same outcome,15040875.813932315,11527578.89290029,5329905.714354251,4084928.921295008,33956014.59003181,26024457.745504692
S6,2034,breast_cancer,direct_medical,avoided_incident_case_first_year,2271.7209794035753,53995.542586727424,26175.98574835096,99226.21468667472,CHINA_BREAST_NEW_DIAGNOSIS_COURSE,Event-specific first-year cost; no annual patient-year cost added for the same outcome,122662806.88854788,94010827.63561817,59464535.98109787,45574615.356963046,225414273.61052212,172761271.00418857
S6,2034,colon_cancer,direct_medical,avoided_incident_case_first_year,6199.824353145661,72296.25822013385,35047.815693114135,132856.9673630357,CHINA_CRC_NEW_DIAGNOSIS_COURSE,Event-specific first-year cost; no annual patient-year cost added for the same outcome,448224102.354493,343526451.8841858,217290301.2587297,166534922.66067785,823689861.7424271,631289692.3012047
S6,2034,coronary_heart_disease,direct_medical,avoided_incident_case_first_year,32778.592873935275,21846.326995845397,8586.27962692537,46223.917226713966,CHINA_INCIDENT_MI_IMMEDIATE_PROXY,Event-specific first-year cost; no annual patient-year cost added for the same outcome,716091858.3876778,548824782.163359,281446164.1927516,215705049.4912565,1515154963.8129404,1161240116.3597398
S6,2034,endometrial_cancer,direct_medical,avoided_incident_case_first_year,358.02769985655834,22329.17043600619,7912.595953582618,50409.93932055516,INTERNATIONAL_PROXY_ENDOMETRIAL,Event-specific first-year cost; no annual patient-year cost added for the same outcome,7994461.530908359,6127089.083365612,2832928.5291554956,2171203.8262783913,18048154.624847043,13832407.692407785
S6,2034,gastric_cancer,direct_medical,avoided_incident_case_first_year,9172.955107463338,64762.28390756019,31395.4919125426,119011.97726255516,CHINA_GASTRIC_NEW_DIAGNOSIS_COURSE,Event-specific first-year cost; no annual patient-year cost added for the same outcome,594061522.940845,455298691.22340083,287989437.89048153,220719923.9375007,1091691524.679866,836690651.0723746
S6,2034,oesophageal_cancer,direct_medical,avoided_incident_case_first_year,4446.749858503117,68356.63525540795,29827.5487154762,135047.26753332303,CHINA_OESOPHAGEAL_NEW_DIAGNOSIS_DERIVED,Event-specific first-year cost; no annual patient-year cost added for the same outcome,303964858.1497345,232963753.33041352,132635648.03003863,101654179.95546159,600521417.7950368,460249662.7288339
S6,2034,renal_cancer,direct_medical,avoided_incident_case_first_year,1202.1204978023666,13135.225379367826,4654.616770652017,29653.851952691733,INTERNATIONAL_PROXY_RENAL,Event-specific first-year cost; no annual patient-year cost added for the same outcome,15790123.671791932,12101814.987836521,5595410.2294154465,4288416.024150689,35647503.27112747,27320842.97326626
S6,2034,stroke,direct_medical,avoided_incident_case_first_year,60930.37653049662,29612.850356671155,4730.172689851648,100820.84684525008,CHINA_FIRST_ISCHAEMIC_STROKE_ONE_YEAR,Event-specific first-year cost; no annual patient-year cost added for the same outcome,1804322122.3732247,1382862665.1246042,288211203.04693294,220889888.46405584,6143052160.40462,4708137963.393765
S6,2035,bladder_cancer,direct_medical,avoided_incident_case_first_year,884.7755798802634,17917.502226658013,6349.271058827539,40450.2353820222,INTERNATIONAL_PROXY_BLADDER,Event-specific first-year cost; no annual patient-year cost added for the same outcome,15852968.422597254,11796097.33630455,5617679.98289111,4180081.491106413,35789380.46642184,26630660.222988203
S6,2035,breast_cancer,direct_medical,avoided_incident_case_first_year,2319.3397546948295,53995.542586727424,26175.98574835096,99226.21468667472,CHINA_BREAST_NEW_DIAGNOSIS_COURSE,Event-specific first-year cost; no annual patient-year cost added for the same outcome,125234008.49771461,93185863.66127418,60711004.36447567,45174688.91487485,230139304.43068862,171245256.0054403
S6,2035,colon_cancer,direct_medical,avoided_incident_case_first_year,6489.141323685035,72296.25822013385,35047.815693114135,132856.9673630357,CHINA_CRC_NEW_DIAGNOSIS_COURSE,Event-specific first-year cost; no annual patient-year cost added for the same outcome,469140636.76407444,349084693.04692256,227430229.1190838,169229449.5510782,862127637.054949,641503928.5968798
S6,2035,coronary_heart_disease,direct_medical,avoided_incident_case_first_year,34278.74147412249,21846.326995845397,8586.27962692537,46223.917226713966,CHINA_INCIDENT_MI_IMMEDIATE_PROXY,Event-specific first-year cost; no annual patient-year cost added for the same outcome,748864595.2497275,557225588.4069211,294326859.5558997,219006825.18620792,1584497708.5357652,1179015103.0892673
S6,2035,endometrial_cancer,direct_medical,avoided_incident_case_first_year,357.1185125712995,22329.17043600619,7912.595953582618,50409.93932055516,INTERNATIONAL_PROXY_ENDOMETRIAL,Event-specific first-year cost; no annual patient-year cost added for the same outcome,7974160.133057565,5933524.031420193,2825734.4975211076,2102611.8447192106,18002322.548966125,13395418.662693793
S6,2035,gastric_cancer,direct_medical,avoided_incident_case_first_year,9347.14721931755,64762.28390756019,31395.4919125426,119011.97726255516,CHINA_GASTRIC_NEW_DIAGNOSIS_COURSE,Event-specific first-year cost; no annual patient-year cost added for the same outcome,605342601.943205,450431746.5336892,293458284.9294292,218360524.09201753,1112422472.335176,827746792.4589748
S6,2035,oesophageal_cancer,direct_medical,avoided_incident_case_first_year,4542.840410240595,68356.63525540795,29827.5487154762,135047.26753332303,CHINA_OESOPHAGEAL_NEW_DIAGNOSIS_DERIVED,Event-specific first-year cost; no annual patient-year cost added for the same outcome,310533284.94634414,231065927.70146543,135501793.64308524,100826060.10741146,613498184.2429526,456500265.69537085
S6,2035,renal_cancer,direct_medical,avoided_incident_case_first_year,1245.3363917772149,13135.225379367826,4654.616770652017,29653.851952691733,INTERNATIONAL_PROXY_RENAL,Event-specific first-year cost; no annual patient-year cost added for the same outcome,16357774.179122427,12171720.227939768,5796563.654269495,4313187.742453455,36929020.99306084,27478659.804029983
S6,2035,stroke,direct_medical,avoided_incident_case_first_year,63013.664119031564,29612.850356671155,4730.172689851648,100820.84684525008,CHINA_FIRST_ISCHAEMIC_STROKE_ONE_YEAR,Event-specific first-year cost; no annual patient-year cost added for the same outcome,1866014205.9824202,1388489815.7823627,298065513.1033278,221788734.54075626,6353090979.302912,4727296338.484571
S6,2036,bladder_cancer,direct_medical,avoided_incident_case_first_year,926.5332551212762,17917.502226658013,6349.271058827539,40450.2353820222,INTERNATIONAL_PROXY_BLADDER,Event-specific first-year cost; no annual patient-year cost added for the same outcome,16601161.661708163,11993032.400673637,5882810.781782791,4249867.674964486,37478488.258926846,27075257.333005648
S6,2036,breast_cancer,direct_medical,avoided_incident_case_first_year,2358.1908939829787,53995.542586727424,26175.98574835096,99226.21468667472,CHINA_BREAST_NEW_DIAGNOSIS_COURSE,Event-specific first-year cost; no annual patient-year cost added for the same outcome,127331796.84369074,91987199.22743328,61727971.23278946,44593599.77984342,233994355.91851643,169042501.31955972
S6,2036,colon_cancer,direct_medical,avoided_incident_case_first_year,6752.762622286278,72296.25822013385,35047.815693114135,132856.9673630357,CHINA_CRC_NEW_DIAGNOSIS_COURSE,Event-specific first-year cost; no annual patient-year cost added for the same outcome,488199470.24007696,352685684.5256758,236669579.8052396,170975139.9749938,897151563.3194156,648121377.6757873
S6,2036,coronary_heart_disease,direct_medical,avoided_incident_case_first_year,35701.35108303686,21846.326995845397,8586.27962692537,46223.917226713966,CHINA_INCIDENT_MI_IMMEDIATE_PROXY,Event-specific first-year cost; no annual patient-year cost added for the same outcome,779943389.9535024,563447699.4449753,306541783.4579894,221452306.536582,1650256297.3441508,1192180261.0425076
S6,2036,endometrial_cancer,direct_medical,avoided_incident_case_first_year,356.9260678510739,22329.17043600619,7912.595953582618,50409.93932055516,INTERNATIONAL_PROXY_ENDOMETRIAL,Event-specific first-year cost; no annual patient-year cost added for the same outcome,7969863.002100139,5757598.604294425,2824211.7602065625,2040270.6651936618,17992621.42229699,12998252.537254026
S6,2036,gastric_cancer,direct_medical,avoided_incident_case_first_year,9522.923635906893,64762.28390756019,31395.4919125426,119011.97726255516,CHINA_GASTRIC_NEW_DIAGNOSIS_COURSE,Event-specific first-year cost; no annual patient-year cost added for the same outcome,616726284.1386175,445536189.49943095,298976871.9948756,215987253.5400427,1133341971.2296002,818750353.6786453
S6,2036,oesophageal_cancer,direct_medical,avoided_incident_case_first_year,4640.603457702684,68356.63525540795,29827.5487154762,135047.26753332303,CHINA_OESOPHAGEAL_NEW_DIAGNOSIS_DERIVED,Event-specific first-year cost; no annual patient-year cost added for the same outcome,317216037.92316735,229163615.07405588,138417825.70383412,99995982.34898879,626700816.6684383,452742004.02309996
S6,2036,renal_cancer,direct_medical,avoided_incident_case_first_year,1283.879770640337,13135.225379367826,4654.616770652017,29653.851952691733,INTERNATIONAL_PROXY_RENAL,Event-specific first-year cost; no annual patient-year cost added for the same outcome,16864050.1473719,12182948.636089949,5975968.311923378,4317166.656813436,38071980.64362437,27504008.85921048
S6,2036,stroke,direct_medical,avoided_incident_case_first_year,64987.84344979904,29612.850356671155,4730.172689851648,100820.84684525008,CHINA_FIRST_ISCHAEMIC_STROKE_ONE_YEAR,Event-specific first-year cost; no annual patient-year cost added for the same outcome,1924475283.0816708,1390281890.7866247,307403722.25859374,222074989.4652646,6552129411.255278,4733397693.719333
S6,2037,bladder_cancer,direct_medical,avoided_incident_case_first_year,962.8593240555615,17917.502226658013,6349.271058827539,40450.2353820222,INTERNATIONAL_PROXY_BLADDER,Event-specific first-year cost; no annual patient-year cost added for the same outcome,17252034.082723953,12100229.598026011,6113454.839948223,4287854.223208034,38947886.29782225,27317263.825336102
S6,2037,breast_cancer,direct_medical,avoided_incident_case_first_year,2387.9782444474613,53995.542586727424,26175.98574835096,99226.21468667472,CHINA_BREAST_NEW_DIAGNOSIS_COURSE,Event-specific first-year cost; no annual patient-year cost added for the same outcome,128940180.99424149,90436048.69780134,62507684.49402889,43841632.26156213,236950041.9506524,166191992.03506848
S6,2037,colon_cancer,direct_medical,avoided_incident_case_first_year,6981.249403287595,72296.25822013385,35047.815693114135,132856.9673630357,CHINA_CRC_NEW_DIAGNOSIS_COURSE,Event-specific first-year cost; no annual patient-year cost added for the same outcome,504718209.55923533,353999197.3518683,244677542.39408666,171611905.37027556,927507624.1257925,650535186.2874173
S6,2037,coronary_heart_disease,direct_medical,avoided_incident_case_first_year,36965.57608239898,21846.326995845397,8586.27962692537,46223.917226713966,CHINA_INCIDENT_MI_IMMEDIATE_PROXY,Event-specific first-year cost; no annual patient-year cost added for the same outcome,807562062.6858897,566407782.7750194,317396772.8138621,222615710.48982283,1708693729.070608,1198443402.982027
S6,2037,endometrial_cancer,direct_medical,avoided_incident_case_first_year,357.5274383275991,22329.17043600619,7912.595953582618,50409.93932055516,INTERNATIONAL_PROXY_ENDOMETRIAL,Event-specific first-year cost; no annual patient-year cost added for the same outcome,7983291.105965652,5599319.759447815,2828970.1618057196,1984182.7531567907,18022936.471527796,12640925.023125727
S6,2037,gastric_cancer,direct_medical,avoided_incident_case_first_year,9691.42487453282,64762.28390756019,31395.4919125426,119011.97726255516,CHINA_GASTRIC_NEW_DIAGNOSIS_COURSE,Event-specific first-year cost; no annual patient-year cost added for the same outcome,627638809.1932853,440213232.7964466,304267051.26940936,213406787.96600747,1153395636.8096614,808968493.560658
S6,2037,oesophageal_cancer,direct_medical,avoided_incident_case_first_year,4734.666142462279,68356.63525540795,29827.5487154762,135047.26753332303,CHINA_OESOPHAGEAL_NEW_DIAGNOSIS_DERIVED,Event-specific first-year cost; no annual patient-year cost added for the same outcome,323645846.55642337,226998685.0826975,141223485.01580942,99051311.00082251,639403725.2220699,448464908.1911959
S6,2037,renal_cancer,direct_medical,avoided_incident_case_first_year,1316.837993050877,13135.225379367826,4654.616770652017,29653.851952691733,INTERNATIONAL_PROXY_RENAL,Event-specific first-year cost; no annual patient-year cost added for the same outcome,17296963.826837674,12131742.416569592,6129376.206686357,4299021.149503335,39049318.891610414,27388406.605814904
S6,2037,stroke,direct_medical,avoided_incident_case_first_year,66761.14274762575,29612.850356671155,4730.172689851648,100820.84684525008,CHINA_FIRST_ISCHAEMIC_STROKE_ONE_YEAR,Event-specific first-year cost; no annual patient-year cost added for the same outcome,1976987729.8258033,1386619417.0881994,315791734.16810673,221489968.67675784,6730914948.172255,4720928319.938147
S6,2038,bladder_cancer,direct_medical,avoided_incident_case_first_year,996.9958670406911,17917.502226658013,6349.271058827539,40450.2353820222,INTERNATIONAL_PROXY_BLADDER,Event-specific first-year cost; no annual patient-year cost added for the same outcome,17863675.667670418,12164293.883103691,6330197.004372128,4310556.132547999,40328717.49669926,27461894.219583664
S6,2038,breast_cancer,direct_medical,avoided_incident_case_first_year,2409.82116891987,53995.542586727424,26175.98574835096,99226.21468667472,CHINA_BREAST_NEW_DIAGNOSIS_COURSE,Event-specific first-year cost; no annual patient-year cost added for the same outcome,130119601.55281012,88605117.03676438,63079444.57372097,42954032.30850066,239117432.66373646,162827336.18809974
S6,2038,colon_cancer,direct_medical,avoided_incident_case_first_year,7190.515903214098,72296.25822013385,35047.815693114135,132856.9673630357,CHINA_CRC_NEW_DIAGNOSIS_COURSE,Event-specific first-year cost; no annual patient-year cost added for the same outcome,519847394.47474545,353990779.85953987,252011876.11425382,171607824.73419577,955310136.6767048,650519717.6790676
S6,2038,coronary_heart_disease,direct_medical,avoided_incident_case_first_year,38290.822582095796,21846.326995845397,8586.27962692537,46223.917226713966,CHINA_INCIDENT_MI_IMMEDIATE_PROXY,Event-specific first-year cost; no annual patient-year cost added for the same outcome,836513831.0683659,569625214.1888303,328775709.83486307,223880260.16925812,1769951813.577586,1205251059.1790118
S6,2038,endometrial_cancer,direct_medical,avoided_incident_case_first_year,358.7006328923172,22329.17043600619,7912.595953582618,50409.93932055516,INTERNATIONAL_PROXY_ENDOMETRIAL,Event-specific first-year cost; no annual patient-year cost added for the same outcome,8009487.567355838,5454071.291649654,2838253.176371273,1932712.3036899108,18082077.13834644,12313014.657217009
S6,2038,gastric_cancer,direct_medical,avoided_incident_case_first_year,9882.337750313269,64762.28390756019,31395.4919125426,119011.97726255516,CHINA_GASTRIC_NEW_DIAGNOSIS_COURSE,Event-specific first-year cost; no annual patient-year cost added for the same outcome,640002763.0561875,435810739.102447,310260854.91697466,211272544.90314272,1176116555.6411731,800878144.5520173
S6,2038,oesophageal_cancer,direct_medical,avoided_incident_case_first_year,4841.183653601731,68356.63525540795,29827.5487154762,135047.26753332303,CHINA_OESOPHAGEAL_NEW_DIAGNOSIS_DERIVED,Event-specific first-year cost; no annual patient-year cost added for the same outcome,330927025.2136967,225345201.2592228,144400641.26837268,98329810.1675725,653788624.0459032,445198239.6163535
S6,2038,renal_cancer,direct_medical,avoided_incident_case_first_year,1345.7259579608608,13135.225379367826,4654.616770652017,29653.851952691733,INTERNATIONAL_PROXY_RENAL,Event-specific first-year cost; no annual patient-year cost added for the same outcome,17676413.75668158,12036777.633886158,6263838.612626375,4265369.296768935,39905958.326265626,27174015.795982476
S6,2038,stroke,direct_medical,avoided_incident_case_first_year,68594.1565766556,29612.850356671155,4730.172689851648,100820.84684525008,CHINA_FIRST_ISCHAEMIC_STROKE_ONE_YEAR,Event-specific first-year cost; no annual patient-year cost added for the same outcome,2031268494.046573,1383195002.9069376,324462206.12230414,220942974.03612557,6915720954.694098,4709269451.117843
S6,2039,bladder_cancer,direct_medical,avoided_incident_case_first_year,1029.5568682073845,17917.502226658013,6349.271058827539,40450.2353820222,INTERNATIONAL_PROXY_BLADDER,Event-specific first-year cost; no annual patient-year cost added for the same outcome,18447087.47857686,12195697.997580854,6536935.626726264,4321684.538318827,41645817.65816631,27532791.591689207
S6,2039,breast_cancer,direct_medical,avoided_incident_case_first_year,2424.6967329092877,53995.542586727424,26175.98574835096,99226.21468667472,CHINA_BREAST_NEW_DIAGNOSIS_COURSE,Event-specific first-year cost; no annual patient-year cost added for the same outcome,130922815.7017023,86555404.64830485,63468827.12470665,41960371.726567306,240593478.56973577,159060632.64629263
S6,2039,colon_cancer,direct_medical,avoided_incident_case_first_year,7384.127754931804,72296.25822013385,35047.815693114135,132856.9673630357,CHINA_CRC_NEW_DIAGNOSIS_COURSE,Event-specific first-year cost; no annual patient-year cost added for the same outcome,533844806.90100694,352934307.38605803,258797548.6092585,171095667.48779038,981032820.1414608,648578265.4879744
S6,2039,coronary_heart_disease,direct_medical,avoided_incident_case_first_year,39720.94893579906,21846.326995845397,8586.27962692537,46223.917226713966,CHINA_INCIDENT_MI_IMMEDIATE_PROXY,Event-specific first-year cost; no annual patient-year cost added for the same outcome,867756839.0367435,573689497.4080724,341055174.60959446,225477648.70098105,1836057855.774908,1213850540.9659455
S6,2039,endometrial_cancer,direct_medical,avoided_incident_case_first_year,360.37037863128364,22329.17043600619,7912.595953582618,50409.93932055516,INTERNATIONAL_PROXY_ENDOMETRIAL,Event-specific first-year cost; no annual patient-year cost added for the same outcome,8046771.604546015,5319863.98712103,2851465.199748931,1885154.4162261633,18166248.919728495,12010030.62576576
S6,2039,gastric_cancer,direct_medical,avoided_incident_case_first_year,10104.968248858097,64762.28390756019,31395.4919125426,119011.97726255516,CHINA_GASTRIC_NEW_DIAGNOSIS_COURSE,Event-specific first-year cost; no annual patient-year cost added for the same outcome,654420822.6094294,432649258.3255616,317250448.93352413,209739920.6939033,1202612251.4719415,795068372.9437191
S6,2039,oesophageal_cancer,direct_medical,avoided_incident_case_first_year,4964.642494268562,68356.63525540795,29827.5487154762,135047.26753332303,CHINA_OESOPHAGEAL_NEW_DIAGNOSIS_DERIVED,Event-specific first-year cost; no annual patient-year cost added for the same outcome,339366256.1542148,224361074.63755387,148083115.8527188,97900384.6313338,670461403.1307906,443253971.7239008
S6,2039,renal_cancer,direct_medical,avoided_incident_case_first_year,1371.123170730933,13135.225379367826,4654.616770652017,29653.851952691733,INTERNATIONAL_PROXY_RENAL,Event-specific first-year cost; no annual patient-year cost added for the same outcome,18010011.870424237,11906739.530542154,6382052.90511377,4219288.813247158,40659083.51376036,26880444.07921323
S6,2039,stroke,direct_medical,avoided_incident_case_first_year,70550.31027709489,29612.850356671155,4730.172689851648,100820.84684525008,CHINA_FIRST_ISCHAEMIC_STROKE_ONE_YEAR,Event-specific first-year cost; no annual patient-year cost added for the same outcome,2089195780.85233,1381204530.5626087,333715150.9332743,220625028.35343558,7112942027.331857,4702492626.024676
S6,2040,bladder_cancer,direct_medical,avoided_incident_case_first_year,1057.7012611249102,17917.502226658013,6349.271058827539,40450.2353820222,INTERNATIONAL_PROXY_BLADDER,Event-specific first-year cost; no annual patient-year cost added for the same outcome,18951364.701344565,12164159.853030432,6715632.006145781,4310508.637464455,42784264.976364344,27461591.63566639
S6,2040,breast_cancer,direct_medical,avoided_incident_case_first_year,2434.1473837548524,53995.542586727424,26175.98574835096,99226.21468667472,CHINA_BREAST_NEW_DIAGNOSIS_COURSE,Event-specific first-year cost; no annual patient-year cost added for the same outcome,131433108.72190627,84361911.11664724,63716207.226552784,40897008.85116797,241531230.8794666,155029706.2094206
S6,2040,colon_cancer,direct_medical,avoided_incident_case_first_year,7550.088069298032,72296.25822013385,35047.815693114135,132856.9673630357,CHINA_CRC_NEW_DIAGNOSIS_COURSE,Event-specific first-year cost; no annual patient-year cost added for the same outcome,545843116.6427224,350355925.82139134,264614095.11953735,169845718.40204647,1003081804.210774,643840040.2489402
S6,2040,coronary_heart_disease,direct_medical,avoided_incident_case_first_year,41096.37040218176,21846.326995845397,8586.27962692537,46223.917226713966,CHINA_INCIDENT_MI_IMMEDIATE_PROXY,Event-specific first-year cost; no annual patient-year cost added for the same outcome,897804746.1484451,576266702.7448565,352864927.92483205,226490569.80583504,1899635223.7888274,1219303564.0844958
S6,2040,endometrial_cancer,direct_medical,avoided_incident_case_first_year,363.0415821271317,22329.17043600619,7912.595953582618,50409.93932055516,INTERNATIONAL_PROXY_ENDOMETRIAL,Event-specific first-year cost; no annual patient-year cost added for the same outcome,8106417.362674061,5203200.834816535,2872601.3537213737,1843813.4989940475,18300904.12586705,11746653.961349646
S6,2040,gastric_cancer,direct_medical,avoided_incident_case_first_year,10343.793431906633,64762.28390756019,31395.4919125426,119011.97726255516,CHINA_GASTRIC_NEW_DIAGNOSIS_COURSE,Event-specific first-year cost; no annual patient-year cost added for the same outcome,669887686.9182937,429975415.26245856,324748483.03643596,208443693.73589665,1231035308.7266395,790154720.5734
S6,2040,oesophageal_cancer,direct_medical,avoided_incident_case_first_year,5095.5941414639055,68356.63525540795,29827.5487154762,135047.26753332303,CHINA_OESOPHAGEAL_NEW_DIAGNOSIS_DERIVED,Event-specific first-year cost; no annual patient-year cost added for the same outcome,348317670.1376418,223571858.0672342,151989082.48880976,97556008.46930775,688146065.2635095,441694773.5434248
S6,2040,renal_cancer,direct_medical,avoided_incident_case_first_year,1391.9599053685658,13135.225379367826,4654.616770652017,29653.851952691733,INTERNATIONAL_PROXY_RENAL,Event-specific first-year cost; no annual patient-year cost added for the same outcome,18283707.076059625,11735615.829470772,6479039.919603721,4158649.180057916,41276972.95788225,26494118.24538794
S6,2040,stroke,direct_medical,avoided_incident_case_first_year,72457.19541009954,29612.850356671155,4730.172689851648,100820.84684525008,CHINA_FIRST_ISCHAEMIC_STROKE_ONE_YEAR,Event-specific first-year cost; no annual patient-year cost added for the same outcome,2145664084.9433577,1377220128.0209394,342735046.91209704,219988584.6521039,7305195801.278003,4688927203.1226225
S6,2041,bladder_cancer,direct_medical,avoided_incident_case_first_year,1084.6323121553626,17917.502226658013,6349.271058827539,40450.2353820222,INTERNATIONAL_PROXY_BLADDER,Event-specific first-year cost; no annual patient-year cost added for the same outcome,19433901.868148938,12110565.144278428,6886624.54903724,4291516.741781634,43873632.329631396,27340597.171325035
S6,2041,breast_cancer,direct_medical,avoided_incident_case_first_year,2445.457122542631,53995.542586727424,26175.98574835096,99226.21468667472,CHINA_BREAST_NEW_DIAGNOSIS_COURSE,Event-specific first-year cost; no annual patient-year cost added for the same outcome,132043784.20426655,82285320.84561402,64012250.78787926,39890318.39607304,242653453.44847292,151213609.87667528
S6,2041,colon_cancer,direct_medical,avoided_incident_case_first_year,7710.229946336638,72296.25822013385,35047.815693114135,132856.9673630357,CHINA_CRC_NEW_DIAGNOSIS_COURSE,Event-specific first-year cost; no annual patient-year cost added for the same outcome,557420775.1369623,347366198.29980415,270226718.1107358,168396356.82056373,1024357768.3419473,638345895.1639979
S6,2041,coronary_heart_disease,direct_medical,avoided_incident_case_first_year,42395.52748227626,21846.326995845397,8586.27962692537,46223.917226713966,CHINA_INCIDENT_MI_IMMEDIATE_PROXY,Event-specific first-year cost; no annual patient-year cost added for the same outcome,926186556.5391573,577168841.5853237,364019853.89382327,226845138.1663669,1959687353.1236148,1221212369.6744096
S6,2041,endometrial_cancer,direct_medical,avoided_incident_case_first_year,365.7644400192084,22329.17043600619,7912.595953582618,50409.93932055516,INTERNATIONAL_PROXY_ENDOMETRIAL,Event-specific first-year cost; no annual patient-year cost added for the same outcome,8167216.520619267,5089539.321102257,2894146.2280604006,1803536.2465958376,18438163.226985134,11490053.743001185
S6,2041,gastric_cancer,direct_medical,avoided_incident_case_first_year,10573.681344633065,64762.28390756019,31395.4919125426,119011.97726255516,CHINA_GASTRIC_NEW_DIAGNOSIS_COURSE,Event-specific first-year cost; no annual patient-year cost added for the same outcome,684775753.1891993,426729610.1670615,331965927.1412299,206870190.7419676,1258394723.768974,784189988.3418523
S6,2041,oesophageal_cancer,direct_medical,avoided_incident_case_first_year,5221.072901480177,68356.63525540795,29827.5487154762,135047.26753332303,CHINA_OESOPHAGEAL_NEW_DIAGNOSIS_DERIVED,Event-specific first-year cost; no annual patient-year cost added for the same outcome,356894975.96837497,222405149.79724833,155731806.31595266,97046913.08113183,705091628.9371766,439389792.27450466
S6,2041,renal_cancer,direct_medical,avoided_incident_case_first_year,1411.9745983479504,13135.225379367826,4654.616770652017,29653.851952691733,INTERNATIONAL_PROXY_RENAL,Event-specific first-year cost; no annual patient-year cost added for the same outcome,18546604.57924269,11557630.808572417,6572200.645205016,4095578.160012868,41870485.7003715,26092302.417560052
S6,2041,stroke,direct_medical,avoided_incident_case_first_year,74266.07099955481,29612.850356671155,4730.172689851648,100820.84684525008,CHINA_FIRST_ISCHAEMIC_STROKE_ONE_YEAR,Event-specific first-year cost; no annual patient-year cost added for the same outcome,2199230047.087732,1370487457.084569,351291340.82467765,218913149.63624424,7487568170.044584,4666004938.728633
S6,2042,bladder_cancer,direct_medical,avoided_incident_case_first_year,1109.2449839247156,17917.502226658013,6349.271058827539,40450.2353820222,INTERNATIONAL_PROXY_BLADDER,Event-specific first-year cost; no annual patient-year cost added for the same outcome,19874899.469380323,12024641.038486604,7042897.073582815,4261068.555909612,44869220.696082175,27146616.433368273
S6,2042,breast_cancer,direct_medical,avoided_incident_case_first_year,2458.450190168055,53995.542586727424,26175.98574835096,99226.21468667472,CHINA_BREAST_NEW_DIAGNOSIS_COURSE,Event-specific first-year cost; no annual patient-year cost added for the same outcome,132745351.94056736,80313121.03349532,64352357.140869714,38934234.39910235,243942706.36611173,147589349.19537947
S6,2042,colon_cancer,direct_medical,avoided_incident_case_first_year,7859.031787793351,72296.25822013385,35047.815693114135,132856.9673630357,CHINA_CRC_NEW_DIAGNOSIS_COURSE,Event-specific first-year cost; no annual patient-year cost added for the same outcome,568178591.4905483,343757392.02869946,275441897.62490666,166646877.93776023,1044127129.7359215,631714085.0429292
S6,2042,coronary_heart_disease,direct_medical,avoided_incident_case_first_year,43545.764692270786,21846.326995845397,8586.27962692537,46223.917226713966,CHINA_INCIDENT_MI_IMMEDIATE_PROXY,Event-specific first-year cost; no annual patient-year cost added for the same outcome,951315014.7514865,575561229.10371,373896112.2161308,226213296.92818105,2012855822.7094884,1217810875.8536468
S6,2042,endometrial_cancer,direct_medical,avoided_incident_case_first_year,368.2718193381371,22329.17043600619,7912.595953582618,50409.93932055516,INTERNATIONAL_PROXY_ENDOMETRIAL,Event-specific first-year cost; no annual patient-year cost added for the same outcome,8223204.2207793435,4975173.791111637,2913986.1075134524,1763009.5180088272,18564560.066305943,11231864.149988184
S6,2042,gastric_cancer,direct_medical,avoided_incident_case_first_year,10786.046252390037,64762.28390756019,31395.4919125426,119011.97726255516,CHINA_GASTRIC_NEW_DIAGNOSIS_COURSE,Event-specific first-year cost; no annual patient-year cost added for the same outcome,698528989.6373591,422621526.6299338,338633227.8852218,204878671.9800592,1283668691.3423114,776640669.2781334
S6,2042,oesophageal_cancer,direct_medical,avoided_incident_case_first_year,5335.906816727779,68356.63525540795,29827.5487154762,135047.26753332303,CHINA_OESOPHAGEAL_NEW_DIAGNOSIS_DERIVED,Event-specific first-year cost; no annual patient-year cost added for the same outcome,364744636.0279057,220676503.33054805,159157020.51718938,96292614.8845532,720599635.4115185,435974630.2937146
S6,2042,renal_cancer,direct_medical,avoided_incident_case_first_year,1430.8820796474708,13135.225379367826,4654.616770652017,29653.851952691733,INTERNATIONAL_PROXY_RENAL,Event-specific first-year cost; no annual patient-year cost added for the same outcome,18794958.607468076,11371259.056489918,6660207.724752554,4029535.206217678,42431165.35162576,25671552.854092404
S6,2042,stroke,direct_medical,avoided_incident_case_first_year,75897.81152682862,29612.850356671155,4730.172689851648,100820.84684525008,CHINA_FIRST_ISCHAEMIC_STROKE_ONE_YEAR,Event-specific first-year cost; no annual patient-year cost added for the same outcome,2247550535.142807,1359805036.6286137,359009755.30371237,217206806.17745292,7652081631.836044,4629635232.207498
S6,2043,bladder_cancer,direct_medical,avoided_incident_case_first_year,1131.483208400383,17917.502226658013,6349.271058827539,40450.2353820222,INTERNATIONAL_PROXY_BLADDER,Event-specific first-year cost; no annual patient-year cost added for the same outcome,20273352.905940015,11908458.175251052,7184093.588645881,4219897.834581297,45768762.11060117,26884324.061039545
S6,2043,breast_cancer,direct_medical,avoided_incident_case_first_year,2470.764771737649,53995.542586727424,26175.98574835096,99226.21468667472,CHINA_BREAST_NEW_DIAGNOSIS_COURSE,Event-specific first-year cost; no annual patient-year cost added for the same outcome,133410284.45414609,78364481.68891974,64674703.45253231,37989572.05719963,245164635.68071282,144008384.9770611
S6,2043,colon_cancer,direct_medical,avoided_incident_case_first_year,7993.846757922014,72296.25822013385,35047.815693114135,132856.9673630357,CHINA_CRC_NEW_DIAGNOSIS_COURSE,Event-specific first-year cost; no annual patient-year cost added for the same outcome,577925209.3829098,339470151.59703207,280166867.8506487,164568507.4082146,1062038237.8223538,623835533.9791495
S6,2043,coronary_heart_disease,direct_medical,avoided_incident_case_first_year,44575.92239165348,21846.326995845397,8586.27962692537,46223.917226713966,CHINA_INCIDENT_MI_IMMEDIATE_PROXY,Event-specific first-year cost; no annual patient-year cost added for the same outcome,973820176.7094887,572016720.5870888,382741334.28286076,224820195.86961332,2060473746.936216,1210311168.0852497
S6,2043,endometrial_cancer,direct_medical,avoided_incident_case_first_year,370.5980705998909,22329.17043600619,7912.595953582618,50409.93932055516,INTERNATIONAL_PROXY_ENDOMETRIAL,Event-specific first-year cost; no annual patient-year cost added for the same outcome,8275147.481680018,4860777.007968301,2932392.793834222,1722471.7145110667,18681826.25125532,10973604.00041168
S6,2043,gastric_cancer,direct_medical,avoided_incident_case_first_year,10978.305299339474,64762.28390756019,31395.4919125426,119011.97726255516,CHINA_GASTRIC_NEW_DIAGNOSIS_COURSE,Event-specific first-year cost; no annual patient-year cost added for the same outcome,710980124.6196955,417625891.32396156,344669295.238836,202456885.43419662,1306549820.6663783,767460319.2414513
S6,2043,oesophageal_cancer,direct_medical,avoided_incident_case_first_year,5439.753590819546,68356.63525540795,29827.5487154762,135047.26753332303,CHINA_OESOPHAGEAL_NEW_DIAGNOSIS_DERIVED,Event-specific first-year cost; no annual patient-year cost added for the same outcome,371843252.0869474,218418721.1543748,162254515.2303566,95307427.30770542,734623858.4947618,431514093.1060899
S6,2043,renal_cancer,direct_medical,avoided_incident_case_first_year,1447.9191381515711,13135.225379367826,4654.616770652017,29653.851952691733,INTERNATIONAL_PROXY_RENAL,Event-specific first-year cost; no annual patient-year cost added for the same outcome,19018744.210720908,11171507.793010848,6739508.702988318,3958751.0701183425,42936379.7622157,25220597.942890372
S6,2043,stroke,direct_medical,avoided_incident_case_first_year,77361.34891895873,29612.850356671155,4730.172689851648,100820.84684525008,CHINA_FIRST_ISCHAEMIC_STROKE_ONE_YEAR,Event-specific first-year cost; no annual patient-year cost added for the same outcome,2290890048.9273486,1345656461.3817255,365932539.9065429,214946800.69243333,7799636711.100291,4581464545.466306
S6,2044,bladder_cancer,direct_medical,avoided_incident_case_first_year,1150.5248129455163,17917.502226658013,6349.271058827539,40450.2353820222,INTERNATIONAL_PROXY_BLADDER,Event-specific first-year cost; no annual patient-year cost added for the same outcome,20614530.89777658,11756178.920284662,7304993.897297934,4165935.9455753947,46538999.49650319,26540541.11466296
S6,2044,breast_cancer,direct_medical,avoided_incident_case_first_year,2480.545777868283,53995.542586727424,26175.98574835096,99226.21468667472,CHINA_BREAST_NEW_DIAGNOSIS_COURSE,Event-specific first-year cost; no annual patient-year cost added for the same outcome,133938415.18721378,76383206.63460208,64930730.929612316,37029088.55984275,246135167.8948828,140367446.95745867
S6,2044,colon_cancer,direct_medical,avoided_incident_case_first_year,8109.986082185667,72296.25822013385,35047.815693114135,132856.9673630357,CHINA_CRC_NEW_DIAGNOSIS_COURSE,Event-specific first-year cost; no annual patient-year cost added for the same outcome,586321647.9593867,334371043.0485786,284237297.482164,162096559.05286238,1077468156.235615,614465033.8359789
S6,2044,coronary_heart_disease,direct_medical,avoided_incident_case_first_year,45439.487571481295,21846.326995845397,8586.27962692537,46223.917226713966,CHINA_INCIDENT_MI_IMMEDIATE_PROXY,Event-specific first-year cost; no annual patient-year cost added for the same outcome,992685904.0102332,566114900.0701994,390156146.39293844,222500598.56268045,2100391112.3284495,1197823702.2008703
S6,2044,endometrial_cancer,direct_medical,avoided_incident_case_first_year,372.5164225708022,22329.17043600619,7912.595953582618,50409.93932055516,INTERNATIONAL_PROXY_ENDOMETRIAL,Event-specific first-year cost; no annual patient-year cost added for the same outcome,8317982.689794745,4743629.299253411,2947571.937876802,1680959.0891940864,18778530.257704426,10709133.410033762
S6,2044,gastric_cancer,direct_medical,avoided_incident_case_first_year,11143.495794960567,64762.28390756019,31395.4919125426,119011.97726255516,CHINA_GASTRIC_NEW_DIAGNOSIS_COURSE,Event-specific first-year cost; no annual patient-year cost added for the same outcome,721678238.3959394,411563015.21144915,349855532.10813695,199517721.36412114,1326209468.175226,756318728.3260051
S6,2044,oesophageal_cancer,direct_medical,avoided_incident_case_first_year,5528.96762643896,68356.63525540795,29827.5487154762,135047.26753332303,CHINA_OESOPHAGEAL_NEW_DIAGNOSIS_DERIVED,Event-specific first-year cost; no annual patient-year cost added for the same outcome,377941623.3794466,215534826.7639134,164915551.22389892,94049034.46697573,746671970.2307843,425816591.2347456
S6,2044,renal_cancer,direct_medical,avoided_incident_case_first_year,1462.4974251094413,13135.225379367826,4654.616770652017,29653.851952691733,INTERNATIONAL_PROXY_RENAL,Event-specific first-year cost; no annual patient-year cost added for the same outcome,19210233.29555763,10955327.620253704,6807365.041949798,3882145.1628319407,43368682.12538824,24732553.417356994
S6,2044,stroke,direct_medical,avoided_incident_case_first_year,78602.3841460137,29612.850356671155,4730.172689851648,100820.84684525008,CHINA_FIRST_ISCHAEMIC_STROKE_ONE_YEAR,Event-specific first-year cost; no annual patient-year cost added for the same outcome,2327640639.393485,1327420932.0856783,371802850.8447022,212033970.5655718,7924758933.656761,4519379285.717419
S6,2045,bladder_cancer,direct_medical,avoided_incident_case_first_year,1165.938757033226,17917.502226658013,6349.271058827539,40450.2353820222,INTERNATIONAL_PROXY_BLADDER,Event-specific first-year cost; no annual patient-year cost added for the same outcome,20890710.275289703,11566679.767159233,7402861.206396415,4098784.761588293,47162497.16301638,26112731.186043955
S6,2045,breast_cancer,direct_medical,avoided_incident_case_first_year,2488.678648642104,53995.542586727424,26175.98574835096,99226.21468667472,CHINA_BREAST_NEW_DIAGNOSIS_COURSE,Event-specific first-year cost; no annual patient-year cost added for the same outcome,134377553.95743397,74401593.5330971,65143616.839081034,36068441.18380379,246942161.87630492,136725887.71726704
S6,2045,colon_cancer,direct_medical,avoided_incident_case_first_year,8207.921927955977,72296.25822013385,35047.815693114135,132856.9673630357,CHINA_CRC_NEW_DIAGNOSIS_COURSE,Event-specific first-year cost; no annual patient-year cost added for the same outcome,593402043.1542041,328552323.7791158,287669734.9544711,159275757.45749974,1090479615.7007923,603772123.6479604
S6,2045,coronary_heart_disease,direct_medical,avoided_incident_case_first_year,46072.58931644123,21846.326995845397,8586.27962692537,46223.917226713966,CHINA_INCIDENT_MI_IMMEDIATE_PROXY,Event-specific first-year cost; no annual patient-year cost added for the same outcome,1006516851.7522682,557283976.9951922,395592135.0074588,219029773.700437,2129655554.9835653,1179138645.5626423
S6,2045,endometrial_cancer,direct_medical,avoided_incident_case_first_year,374.00953342429966,22329.17043600619,7912.595953582618,50409.93932055516,INTERNATIONAL_PROXY_ENDOMETRIAL,Event-specific first-year cost; no annual patient-year cost added for the same outcome,8351322.61652234,4623924.848156399,2959386.3207744365,1638540.4530835077,18853797.885228094,10438890.763380382
S6,2045,gastric_cancer,direct_medical,avoided_incident_case_first_year,11281.051182095638,64762.28390756019,31395.4919125426,119011.97726255516,CHINA_GASTRIC_NEW_DIAGNOSIS_COURSE,Event-specific first-year cost; no annual patient-year cost added for the same outcome,730586639.4305952,404508108.5851944,354174151.1524627,196097640.25264463,1342580206.781287,743354108.545274
S6,2045,oesophageal_cancer,direct_medical,avoided_incident_case_first_year,5602.229389719592,68356.63525540795,29827.5487154762,135047.26753332303,CHINA_OESOPHAGEAL_NEW_DIAGNOSIS_DERIVED,Event-specific first-year cost; no annual patient-year cost added for the same outcome,382949551.0101888,212029881.47088447,167100770.03713363,92519644.87542722,756565771.1765068,418892123.94771814
S6,2045,renal_cancer,direct_medical,avoided_incident_case_first_year,1475.1547865195191,13135.225379367826,4654.616770652017,29653.851952691733,INTERNATIONAL_PROXY_RENAL,Event-specific first-year cost; no annual patient-year cost added for the same outcome,19376490.590387117,10728293.041117001,6866280.20864135,3801692.8729742016,43744021.6467544,24220004.176410083
S6,2045,stroke,direct_medical,avoided_incident_case_first_year,79579.08606629026,29612.850356671155,4730.172689851648,100820.84684525008,CHINA_FIRST_ISCHAEMIC_STROKE_ONE_YEAR,Event-specific first-year cost; no annual patient-year cost added for the same outcome,2356563567.201708,1304772110.3584442,376422819.59411997,208416188.5317209,8023230848.374425,4442268390.984774
S6,2046,bladder_cancer,direct_medical,avoided_incident_case_first_year,1177.888084194795,17917.502226658013,6349.271058827539,40450.2353820222,INTERNATIONAL_PROXY_BLADDER,Event-specific first-year cost; no annual patient-year cost added for the same outcome,21104812.371314183,11344876.608396566,7478730.723515827,4020186.285144793,47645850.25935864,25611992.30698986
S6,2046,breast_cancer,direct_medical,avoided_incident_case_first_year,2492.513093672195,53995.542586727424,26175.98574835096,99226.21468667472,CHINA_BREAST_NEW_DIAGNOSIS_COURSE,Event-specific first-year cost; no annual patient-year cost added for the same outcome,134584596.89735273,72345852.61068504,65243987.21754153,35071858.08620959,247322639.34206498,132948105.69424528
S6,2046,colon_cancer,direct_medical,avoided_incident_case_first_year,8284.4782995063,72296.25822013385,35047.815693114135,132856.9673630357,CHINA_CRC_NEW_DIAGNOSIS_COURSE,Event-specific first-year cost; no annual patient-year cost added for the same outcome,598936782.3602028,321958033.67303085,290352868.5547004,156078974.24969843,1100650663.057286,591653966.9552737
S6,2046,coronary_heart_disease,direct_medical,avoided_incident_case_first_year,46511.7914642978,21846.326995845397,8586.27962692537,46223.917226713966,CHINA_INCIDENT_MI_IMMEDIATE_PROXY,Event-specific first-year cost; no annual patient-year cost added for the same outcome,1016111805.4916205,546210165.284671,399363247.4617015,214677424.49772945,2149957198.7118826,1155707935.4030492
S6,2046,endometrial_cancer,direct_medical,avoided_incident_case_first_year,374.360557854023,22329.17043600619,7912.595953582618,50409.93932055516,INTERNATIONAL_PROXY_ENDOMETRIAL,Event-specific first-year cost; no annual patient-year cost added for the same outcome,8359160.7008408345,4493460.7819444835,2962163.835256674,1592309.024766237,18871493.00543048,10144357.400392095
S6,2046,gastric_cancer,direct_medical,avoided_incident_case_first_year,11388.626266630574,64762.28390756019,31395.4919125426,119011.97726255516,CHINA_GASTRIC_NEW_DIAGNOSIS_COURSE,Event-specific first-year cost; no annual patient-year cost added for the same outcome,737553447.5966265,396471321.69979936,357551523.8489704,192201562.74519598,1355382930.2959762,728585112.7601055
S6,2046,oesophageal_cancer,direct_medical,avoided_incident_case_first_year,5658.751335637551,68356.63525540795,29827.5487154762,135047.26753332303,CHINA_OESOPHAGEAL_NEW_DIAGNOSIS_DERIVED,Event-specific first-year cost; no annual patient-year cost added for the same outcome,386813201.05122864,207931156.1371546,168786681.13249508,90731158.22586657,764198905.5283934,410794568.317286
S6,2046,renal_cancer,direct_medical,avoided_incident_case_first_year,1485.3636319569198,13135.225379367826,4654.616770652017,29653.851952691733,INTERNATIONAL_PROXY_RENAL,Event-specific first-year cost; no annual patient-year cost added for the same outcome,19510586.076070506,10487901.41775314,6913798.4718232695,3716507.3623097823,44046753.23796299,23677300.309212167
S6,2046,stroke,direct_medical,avoided_incident_case_first_year,80307.57530182802,29612.850356671155,4730.172689851648,100820.84684525008,CHINA_FIRST_ISCHAEMIC_STROKE_ONE_YEAR,Event-specific first-year cost; no annual patient-year cost added for the same outcome,2378136209.9201336,1278365397.6556904,379868699.4809116,204198144.34648135,8096677750.018991,4352363261.791727
S6,2047,bladder_cancer,direct_medical,avoided_incident_case_first_year,1186.9674166898349,17917.502226658013,6349.271058827539,40450.2353820222,INTERNATIONAL_PROXY_BLADDER,Event-specific first-year cost; no annual patient-year cost added for the same outcome,21267491.331510626,11099344.23850078,7536377.866560056,3933179.092375188,48013111.39589465,25057682.7815576
S6,2047,breast_cancer,direct_medical,avoided_incident_case_first_year,2491.187489798236,53995.542586727424,26175.98574835096,99226.21468667472,CHINA_BREAST_NEW_DIAGNOSIS_COURSE,Event-specific first-year cost; no annual patient-year cost added for the same outcome,134513020.19692326,70201336.51184195,65209288.22942883,34032238.514829926,247191104.68747807,129007183.82127681
S6,2047,colon_cancer,direct_medical,avoided_incident_case_first_year,8341.28147344906,72296.25822013385,35047.815693114135,132856.9673630357,CHINA_CRC_NEW_DIAGNOSIS_COURSE,Event-specific first-year cost; no annual patient-year cost added for the same outcome,603043439.2912918,314723848.67256767,292343695.7258302,152571982.479611,1108197360.4839163,578359891.9344307
S6,2047,coronary_heart_disease,direct_medical,avoided_incident_case_first_year,46795.18472114086,21846.326995845397,8586.27962692537,46223.917226713966,CHINA_INCIDENT_MI_IMMEDIATE_PROXY,Event-specific first-year cost; no annual patient-year cost added for the same outcome,1022302907.2490317,533532220.9237345,401796541.20934117,209694601.7377157,2163056745.1588054,1128883094.2818735
S6,2047,endometrial_cancer,direct_medical,avoided_incident_case_first_year,373.2574097070793,22329.17043600619,7912.595953582618,50409.93932055516,INTERNATIONAL_PROXY_ENDOMETRIAL,Event-specific first-year cost; no annual patient-year cost added for the same outcome,8334528.317851565,4349727.827480278,2953435.069692965,1541375.6147163934,18815883.374281466,9819868.430518808
S6,2047,gastric_cancer,direct_medical,avoided_incident_case_first_year,11469.424943393562,64762.28390756019,31395.4919125426,119011.97726255516,CHINA_GASTRIC_NEW_DIAGNOSIS_COURSE,Event-specific first-year cost; no annual patient-year cost added for the same outcome,742786154.4405063,387654523.7619139,360088238.05182695,187927351.0952716,1364998940.5777376,712382710.8001945
S6,2047,oesophageal_cancer,direct_medical,avoided_incident_case_first_year,5700.41110657567,68356.63525540795,29827.5487154762,135047.26753332303,CHINA_OESOPHAGEAL_NEW_DIAGNOSIS_DERIVED,Event-specific first-year cost; no annual patient-year cost added for the same outcome,389660922.81806946,203361113.50573823,170029289.9796274,88737011.370758,769824943.7596505,401765865.1405194
S6,2047,renal_cancer,direct_medical,avoided_incident_case_first_year,1493.5282713741203,13135.225379367826,4654.616770652017,29653.851952691733,INTERNATIONAL_PROXY_RENAL,Event-specific first-year cost; no annual patient-year cost added for the same outcome,19617830.454956703,10238398.598027894,6951801.739380898,3628093.1954054013,44288866.24648777,23114027.166633807
S6,2047,stroke,direct_medical,avoided_incident_case_first_year,80830.41841541456,29612.850356671155,4730.172689851648,100820.84684525008,CHINA_FIRST_ISCHAEMIC_STROKE_ONE_YEAR,Event-specific first-year cost; no annual patient-year cost added for the same outcome,2393619084.802788,1249211850.3280113,382341837.6978757,199541337.86818776,8149391235.497993,4253106172.564667
S6,2048,bladder_cancer,direct_medical,avoided_incident_case_first_year,1193.8118301098589,17917.502226658013,6349.271058827539,40450.2353820222,INTERNATIONAL_PROXY_BLADDER,Event-specific first-year cost; no annual patient-year cost added for the same outcome,21390126.124204073,10838200.40500464,7579834.902602465,3840639.799608064,48289969.52978649,24468129.092664175
S6,2048,breast_cancer,direct_medical,avoided_incident_case_first_year,2487.9277448769117,53995.542586727424,26175.98574835096,99226.21468667472,CHINA_BREAST_NEW_DIAGNOSIS_COURSE,Event-specific first-year cost; no annual patient-year cost added for the same outcome,134337008.50120202,68067453.71628875,65123961.19282498,32997773.761460043,246867652.53809094,125085802.49525954
S6,2048,colon_cancer,direct_medical,avoided_incident_case_first_year,8383.893831653622,72296.25822013385,35047.815693114135,132856.9673630357,CHINA_CRC_NEW_DIAGNOSIS_COURSE,Event-specific first-year cost; no annual patient-year cost added for the same outcome,606124153.3434176,307118107.02304435,293837165.8024326,148884867.29406053,1113858709.1671617,564383016.8515514
S6,2048,coronary_heart_disease,direct_medical,avoided_incident_case_first_year,46968.5411205503,21846.326995845397,8586.27962692537,46223.917226713966,CHINA_INCIDENT_MI_IMMEDIATE_PROXY,Event-specific first-year cost; no annual patient-year cost added for the same outcome,1026090107.8373525,519911390.7865216,403285027.7297875,204341195.81592375,2171069957.015828,1100063232.483531
S6,2048,endometrial_cancer,direct_medical,avoided_incident_case_first_year,371.6711091467895,22329.17043600619,7912.595953582618,50409.93932055516,INTERNATIONAL_PROXY_ENDOMETRIAL,Event-specific first-year cost; no annual patient-year cost added for the same outcome,8299107.542278121,4205089.311002963,2940883.31429845,1490121.3084495955,18735918.05929309,9493335.0798987
S6,2048,gastric_cancer,direct_medical,avoided_incident_case_first_year,11530.565065666646,64762.28390756019,31395.4919125426,119011.97726255516,CHINA_GASTRIC_NEW_DIAGNOSIS_COURSE,Event-specific first-year cost; no annual patient-year cost added for the same outcome,746745728.3972987,378369898.75403285,362007762.2661834,183426346.00777352,1372275347.4195316,695320595.1109685
S6,2048,oesophageal_cancer,direct_medical,avoided_incident_case_first_year,5731.322814596546,68356.63525540795,29827.5487154762,135047.26753332303,CHINA_OESOPHAGEAL_NEW_DIAGNOSIS_DERIVED,Event-specific first-year cost; no annual patient-year cost added for the same outcome,391773943.1683742,198508624.25317916,170951310.45649865,86619618.39155076,773999485.4626577,392179152.5727577
S6,2048,renal_cancer,direct_medical,avoided_incident_case_first_year,1499.770955963461,13135.225379367826,4654.616770652017,29653.851952691733,INTERNATIONAL_PROXY_RENAL,Event-specific first-year cost; no annual patient-year cost added for the same outcome,19699829.52401,9981741.065287536,6980859.043764333,3537143.6744261933,44473985.89108742,22534601.670792636
S6,2048,stroke,direct_medical,avoided_incident_case_first_year,81195.67668955629,29612.850356671155,4730.172689851648,100820.84684525008,CHINA_FIRST_ISCHAEMIC_STROKE_ONE_YEAR,Event-specific first-year cost; no annual patient-year cost added for the same outcome,2404435423.416483,1218307588.6771898,384069572.41096324,194604883.163556,8186216884.014197,4147888545.985837
S6,2049,bladder_cancer,direct_medical,avoided_incident_case_first_year,1200.6995810381914,17917.502226658013,6349.271058827539,40450.2353820222,INTERNATIONAL_PROXY_BLADDER,Event-specific first-year cost; no annual patient-year cost added for the same outcome,21513537.416799136,10583234.843325825,7623567.100232139,3750289.847852152,48568580.67609028,23892523.360695962
S6,2049,breast_cancer,direct_medical,avoided_incident_case_first_year,2483.875928520429,53995.542586727424,26175.98574835096,99226.21468667472,CHINA_BREAST_NEW_DIAGNOSIS_COURSE,Event-specific first-year cost; no annual patient-year cost added for the same outcome,134118228.47857195,65977281.24669983,65017900.90562276,31984498.921454944,246465606.1384316,121244746.50686046
S6,2049,colon_cancer,direct_medical,avoided_incident_case_first_year,8424.703681160843,72296.25822013385,35047.815693114135,132856.9673630357,CHINA_CRC_NEW_DIAGNOSIS_COURSE,Event-specific first-year cost; no annual patient-year cost added for the same outcome,609074552.7613165,299624320.4491898,295267461.88642544,145252025.74527282,1119280582.011233,550611878.721046
S6,2049,coronary_heart_disease,direct_medical,avoided_incident_case_first_year,47161.17561262472,21846.326995845397,8586.27962692537,46223.917226713966,CHINA_INCIDENT_MI_IMMEDIATE_PROXY,Event-specific first-year cost; no annual patient-year cost added for the same outcome,1030298463.9418889,506838572.9117902,404939041.3445293,199203175.59835315,2179974277.832486,1072402891.6181576
S6,2049,endometrial_cancer,direct_medical,avoided_incident_case_first_year,369.90689389243005,22329.17043600619,7912.595953582618,50409.93932055516,INTERNATIONAL_PROXY_ENDOMETRIAL,Event-specific first-year cost; no annual patient-year cost added for the same outcome,8259714.079177727,4063232.0080659455,2926923.7918155566,1439852.5568888297,18646984.075372435,9173080.547661284
S6,2049,gastric_cancer,direct_medical,avoided_incident_case_first_year,11590.352053734645,64762.28390756019,31395.4919125426,119011.97726255516,CHINA_GASTRIC_NEW_DIAGNOSIS_COURSE,Event-specific first-year cost; no annual patient-year cost added for the same outcome,750617670.2925364,369254155.109465,363884804.16654754,179007211.31082022,1379390715.0840771,678568828.343337
S6,2049,oesophageal_cancer,direct_medical,avoided_incident_case_first_year,5761.860716676232,68356.63525540795,29827.5487154762,135047.26753332303,CHINA_OESOPHAGEAL_NEW_DIAGNOSIS_DERIVED,Event-specific first-year cost; no annual patient-year cost added for the same outcome,393861411.40230066,193753715.7110862,171862181.21844894,84544804.94224936,778123545.6947194,382785223.16734993
S6,2049,renal_cancer,direct_medical,avoided_incident_case_first_year,1505.2742931284938,13135.225379367826,4654.616770652017,29653.851952691733,INTERNATIONAL_PROXY_RENAL,Event-specific first-year cost; no annual patient-year cost added for the same outcome,19772117.098011356,9726571.439367015,7006474.969227248,3446721.4101812057,44637181.03662506,21958535.247010037
S6,2049,stroke,direct_medical,avoided_incident_case_first_year,81560.2783718313,29612.850356671155,4730.172689851648,100820.84684525008,CHINA_FIRST_ISCHAEMIC_STROKE_ONE_YEAR,Event-specific first-year cost; no annual patient-year cost added for the same outcome,2415232318.473483,1188134258.5545952,385794201.33113444,189785182.9189417,8222976334.382366,4045159472.0040765
S6,2050,bladder_cancer,direct_medical,avoided_incident_case_first_year,1208.9022613223915,17917.502226658013,6349.271058827539,40450.2353820222,INTERNATIONAL_PROXY_BLADDER,Event-specific first-year cost; no annual patient-year cost added for the same outcome,21660508.959055856,10345179.71188714,7675648.140765427,3665932.2997224675,48900381.024349645,23355094.316246547
S6,2050,breast_cancer,direct_medical,avoided_incident_case_first_year,2477.649925007851,53995.542586727424,26175.98574835096,99226.21468667472,CHINA_BREAST_NEW_DIAGNOSIS_COURSE,Event-specific first-year cost; no annual patient-year cost added for the same outcome,133782052.04076342,63895053.121921726,64854929.12640832,30975075.344842806,245847823.37725255,117418289.63583253
S6,2050,colon_cancer,direct_medical,avoided_incident_case_first_year,8471.436095146892,72296.25822013385,35047.815693114135,132856.9673630357,CHINA_CRC_NEW_DIAGNOSIS_COURSE,Event-specific first-year cost; no annual patient-year cost added for the same outcome,612453131.4301021,292511026.48275965,296905330.9187028,141803639.59024835,1125489308.8109734,537539962.0325762
S6,2050,coronary_heart_disease,direct_medical,avoided_incident_case_first_year,47414.228102552486,21846.326995845397,8586.27962692537,46223.917226713966,CHINA_INCIDENT_MI_IMMEDIATE_PROXY,Event-specific first-year cost; no annual patient-year cost added for the same outcome,1035826731.3839638,494716615.6990818,407111820.7833388,194438872.91837707,2191671355.180921,1046754445.2256558
S6,2050,endometrial_cancer,direct_medical,avoided_incident_case_first_year,367.69432453610955,22329.17043600619,7912.595953582618,50409.93932055516,INTERNATIONAL_PROXY_ENDOMETRIAL,Event-specific first-year cost; no annual patient-year cost added for the same outcome,8210309.240918962,3921289.418823362,2909416.6244797143,1389553.5831539687,18535448.5883778,8852633.474572396
S6,2050,gastric_cancer,direct_medical,avoided_incident_case_first_year,11659.584864284672,64762.28390756019,31395.4919125426,119011.97726255516,CHINA_GASTRIC_NEW_DIAGNOSIS_COURSE,Event-specific first-year cost; no annual patient-year cost added for the same outcome,755101345.2250955,360640607.8364764,366058402.3102535,174831531.61840206,1387630248.7590797,662739934.883278
S6,2050,oesophageal_cancer,direct_medical,avoided_incident_case_first_year,5797.8397146892175,68356.63525540795,29827.5487154762,135047.26753332303,CHINA_OESOPHAGEAL_NEW_DIAGNOSIS_DERIVED,Event-specific first-year cost; no annual patient-year cost added for the same outcome,396320814.64632934,189285028.28940463,172935346.53441527,82594884.6270317,782982411.06496,373956760.1585466
S6,2050,renal_cancer,direct_medical,avoided_incident_case_first_year,1511.2257989447298,13135.225379367826,4654.616770652017,29653.851952691733,INTERNATIONAL_PROXY_RENAL,Event-specific first-year cost; no annual patient-year cost added for the same outcome,19850291.468254235,9480609.75670542,7034176.948010134,3359562.08554162,44813666.1089953,21403256.512688626
S6,2050,stroke,direct_medical,avoided_incident_case_first_year,82004.51136087893,29612.850356671155,4730.172689851648,100820.84684525008,CHINA_FIRST_ISCHAEMIC_STROKE_ONE_YEAR,Event-specific first-year cost; no annual patient-year cost added for the same outcome,2428387323.5016475,1159811310.0288012,387895500.0838587,185261051.1315873,8267764280.534744,3948730265.7260084
S7,2025,bladder_cancer,direct_medical,avoided_incident_case_first_year,0.0,17917.502226658013,6349.271058827539,40450.2353820222,INTERNATIONAL_PROXY_BLADDER,Event-specific first-year cost; no annual patient-year cost added for the same outcome,0.0,0.0,0.0,0.0,0.0,0.0
S7,2025,breast_cancer,direct_medical,avoided_incident_case_first_year,0.0,53995.542586727424,26175.98574835096,99226.21468667472,CHINA_BREAST_NEW_DIAGNOSIS_COURSE,Event-specific first-year cost; no annual patient-year cost added for the same outcome,0.0,0.0,0.0,0.0,0.0,0.0
S7,2025,colon_cancer,direct_medical,avoided_incident_case_first_year,0.0,72296.25822013385,35047.815693114135,132856.9673630357,CHINA_CRC_NEW_DIAGNOSIS_COURSE,Event-specific first-year cost; no annual patient-year cost added for the same outcome,0.0,0.0,0.0,0.0,0.0,0.0
S7,2025,coronary_heart_disease,direct_medical,avoided_incident_case_first_year,0.0,21846.326995845397,8586.27962692537,46223.917226713966,CHINA_INCIDENT_MI_IMMEDIATE_PROXY,Event-specific first-year cost; no annual patient-year cost added for the same outcome,0.0,0.0,0.0,0.0,0.0,0.0
S7,2025,endometrial_cancer,direct_medical,avoided_incident_case_first_year,0.0,22329.17043600619,7912.595953582618,50409.93932055516,INTERNATIONAL_PROXY_ENDOMETRIAL,Event-specific first-year cost; no annual patient-year cost added for the same outcome,0.0,0.0,0.0,0.0,0.0,0.0
S7,2025,gastric_cancer,direct_medical,avoided_incident_case_first_year,0.0,64762.28390756019,31395.4919125426,119011.97726255516,CHINA_GASTRIC_NEW_DIAGNOSIS_COURSE,Event-specific first-year cost; no annual patient-year cost added for the same outcome,0.0,0.0,0.0,0.0,0.0,0.0
S7,2025,oesophageal_cancer,direct_medical,avoided_incident_case_first_year,0.0,68356.63525540795,29827.5487154762,135047.26753332303,CHINA_OESOPHAGEAL_NEW_DIAGNOSIS_DERIVED,Event-specific first-year cost; no annual patient-year cost added for the same outcome,0.0,0.0,0.0,0.0,0.0,0.0
S7,2025,renal_cancer,direct_medical,avoided_incident_case_first_year,0.0,13135.225379367826,4654.616770652017,29653.851952691733,INTERNATIONAL_PROXY_RENAL,Event-specific first-year cost; no annual patient-year cost added for the same outcome,0.0,0.0,0.0,0.0,0.0,0.0
S7,2025,stroke,direct_medical,avoided_incident_case_first_year,0.0,29612.850356671155,4730.172689851648,100820.84684525008,CHINA_FIRST_ISCHAEMIC_STROKE_ONE_YEAR,Event-specific first-year cost; no annual patient-year cost added for the same outcome,0.0,0.0,0.0,0.0,0.0,0.0
S7,2026,bladder_cancer,direct_medical,avoided_incident_case_first_year,0.0,17917.502226658013,6349.271058827539,40450.2353820222,INTERNATIONAL_PROXY_BLADDER,Event-specific first-year cost; no annual patient-year cost added for the same outcome,0.0,0.0,0.0,0.0,0.0,0.0
S7,2026,breast_cancer,direct_medical,avoided_incident_case_first_year,0.0,53995.542586727424,26175.98574835096,99226.21468667472,CHINA_BREAST_NEW_DIAGNOSIS_COURSE,Event-specific first-year cost; no annual patient-year cost added for the same outcome,0.0,0.0,0.0,0.0,0.0,0.0
S7,2026,colon_cancer,direct_medical,avoided_incident_case_first_year,0.0,72296.25822013385,35047.815693114135,132856.9673630357,CHINA_CRC_NEW_DIAGNOSIS_COURSE,Event-specific first-year cost; no annual patient-year cost added for the same outcome,0.0,0.0,0.0,0.0,0.0,0.0
S7,2026,coronary_heart_disease,direct_medical,avoided_incident_case_first_year,2609.3649849351787,21846.326995845397,8586.27962692537,46223.917226713966,CHINA_INCIDENT_MI_IMMEDIATE_PROXY,Event-specific first-year cost; no annual patient-year cost added for the same outcome,57005040.71240311,55344699.72077972,22404737.40936135,21752172.2420984,120615071.07792944,117102010.7552713
S7,2026,endometrial_cancer,direct_medical,avoided_incident_case_first_year,0.0,22329.17043600619,7912.595953582618,50409.93932055516,INTERNATIONAL_PROXY_ENDOMETRIAL,Event-specific first-year cost; no annual patient-year cost added for the same outcome,0.0,0.0,0.0,0.0,0.0,0.0
S7,2026,gastric_cancer,direct_medical,avoided_incident_case_first_year,0.0,64762.28390756019,31395.4919125426,119011.97726255516,CHINA_GASTRIC_NEW_DIAGNOSIS_COURSE,Event-specific first-year cost; no annual patient-year cost added for the same outcome,0.0,0.0,0.0,0.0,0.0,0.0
S7,2026,oesophageal_cancer,direct_medical,avoided_incident_case_first_year,0.0,68356.63525540795,29827.5487154762,135047.26753332303,CHINA_OESOPHAGEAL_NEW_DIAGNOSIS_DERIVED,Event-specific first-year cost; no annual patient-year cost added for the same outcome,0.0,0.0,0.0,0.0,0.0,0.0
S7,2026,renal_cancer,direct_medical,avoided_incident_case_first_year,0.0,13135.225379367826,4654.616770652017,29653.851952691733,INTERNATIONAL_PROXY_RENAL,Event-specific first-year cost; no annual patient-year cost added for the same outcome,0.0,0.0,0.0,0.0,0.0,0.0
S7,2026,stroke,direct_medical,avoided_incident_case_first_year,5106.197278622796,29612.850356671155,4730.172689851648,100820.84684525008,CHINA_FIRST_ISCHAEMIC_STROKE_ONE_YEAR,Event-specific first-year cost; no annual patient-year cost added for the same outcome,151209055.90349835,146804908.64417315,24153194.916336358,23449703.802268308,514811133.7896617,499816634.74724436
S7,2027,bladder_cancer,direct_medical,avoided_incident_case_first_year,0.0,17917.502226658013,6349.271058827539,40450.2353820222,INTERNATIONAL_PROXY_BLADDER,Event-specific first-year cost; no annual patient-year cost added for the same outcome,0.0,0.0,0.0,0.0,0.0,0.0
S7,2027,breast_cancer,direct_medical,avoided_incident_case_first_year,0.0,53995.542586727424,26175.98574835096,99226.21468667472,CHINA_BREAST_NEW_DIAGNOSIS_COURSE,Event-specific first-year cost; no annual patient-year cost added for the same outcome,0.0,0.0,0.0,0.0,0.0,0.0
S7,2027,colon_cancer,direct_medical,avoided_incident_case_first_year,0.0,72296.25822013385,35047.815693114135,132856.9673630357,CHINA_CRC_NEW_DIAGNOSIS_COURSE,Event-specific first-year cost; no annual patient-year cost added for the same outcome,0.0,0.0,0.0,0.0,0.0,0.0
S7,2027,coronary_heart_disease,direct_medical,avoided_incident_case_first_year,9085.501180143257,21846.326995845397,8586.27962692537,46223.917226713966,CHINA_INCIDENT_MI_IMMEDIATE_PROXY,Event-specific first-year cost; no annual patient-year cost added for the same outcome,198484829.70254886,187090988.50273246,78010653.68347046,73532523.0308893,419967454.51415396,395859604.5943576
S7,2027,endometrial_cancer,direct_medical,avoided_incident_case_first_year,0.0,22329.17043600619,7912.595953582618,50409.93932055516,INTERNATIONAL_PROXY_ENDOMETRIAL,Event-specific first-year cost; no annual patient-year cost added for the same outcome,0.0,0.0,0.0,0.0,0.0,0.0
S7,2027,gastric_cancer,direct_medical,avoided_incident_case_first_year,0.0,64762.28390756019,31395.4919125426,119011.97726255516,CHINA_GASTRIC_NEW_DIAGNOSIS_COURSE,Event-specific first-year cost; no annual patient-year cost added for the same outcome,0.0,0.0,0.0,0.0,0.0,0.0
S7,2027,oesophageal_cancer,direct_medical,avoided_incident_case_first_year,0.0,68356.63525540795,29827.5487154762,135047.26753332303,CHINA_OESOPHAGEAL_NEW_DIAGNOSIS_DERIVED,Event-specific first-year cost; no annual patient-year cost added for the same outcome,0.0,0.0,0.0,0.0,0.0,0.0
S7,2027,renal_cancer,direct_medical,avoided_incident_case_first_year,0.0,13135.225379367826,4654.616770652017,29653.851952691733,INTERNATIONAL_PROXY_RENAL,Event-specific first-year cost; no annual patient-year cost added for the same outcome,0.0,0.0,0.0,0.0,0.0,0.0
S7,2027,stroke,direct_medical,avoided_incident_case_first_year,17621.32263097439,29612.850356671155,4730.172689851648,100820.84684525008,CHINA_FIRST_ISCHAEMIC_STROKE_ONE_YEAR,Event-specific first-year cost; no annual patient-year cost added for the same outcome,521817590.1576675,491863125.7966515,83351899.06809986,78567159.08012052,1776596670.1882083,1674612753.500055
S7,2028,bladder_cancer,direct_medical,avoided_incident_case_first_year,87.45632223969197,17917.502226658013,6349.271058827539,40450.2353820222,INTERNATIONAL_PROXY_BLADDER,Event-specific first-year cost; no annual patient-year cost added for the same outcome,1566998.8484650017,1434025.926388752,555283.8957079714,508163.42573027976,3537628.820241523,3237431.5087313876
S7,2028,breast_cancer,direct_medical,avoided_incident_case_first_year,272.88287314819036,53995.542586727424,26175.98574835096,99226.21468667472,CHINA_BREAST_NEW_DIAGNOSIS_COURSE,Event-specific first-year cost; no annual patient-year cost added for the same outcome,14734458.79826165,13484117.074311927,7142978.198496093,6536836.921295157,27077134.55531896,24779413.84748337
S7,2028,colon_cancer,direct_medical,avoided_incident_case_first_year,661.5620520528555,72296.25822013385,35047.815693114135,132856.9673630357,CHINA_CRC_NEW_DIAGNOSIS_COURSE,Event-specific first-year cost; no annual patient-year cost added for the same outcome,47828460.943854876,43769817.11246713,23186304.869906858,21218753.512914807,87893127.95820916,80434662.9654151
S7,2028,coronary_heart_disease,direct_medical,avoided_incident_case_first_year,19872.56815383188,21846.326995845397,8586.27962692537,46223.917226713966,CHINA_INCIDENT_MI_IMMEDIATE_PROXY,Event-specific first-year cost; no annual patient-year cost added for the same outcome,434142622.1358349,397301999.61731964,170631427.0739326,156151927.3102363,918587945.4249567,840638096.6380044
S7,2028,endometrial_cancer,direct_medical,avoided_incident_case_first_year,51.4702185272526,22329.17043600619,7912.595953582618,50409.93932055516,INTERNATIONAL_PROXY_ENDOMETRIAL,Event-specific first-year cost; no annual patient-year cost added for the same outcome,1149287.2818735067,1051760.6702072034,407263.042848752,372703.37682582386,2594610.5927745174,2374436.2432469567
S7,2028,gastric_cancer,direct_medical,avoided_incident_case_first_year,1194.7011375892153,64762.28390756019,31395.4919125426,119011.97726255516,CHINA_GASTRIC_NEW_DIAGNOSIS_COURSE,Event-specific first-year cost; no annual patient-year cost added for the same outcome,77371574.25723788,70805950.85253488,37508229.90308765,34325343.75291143,142183744.62231645,130118267.98671256
S7,2028,oesophageal_cancer,direct_medical,avoided_incident_case_first_year,576.9740638249391,68356.63525540795,29827.5487154762,135047.26753332303,CHINA_OESOPHAGEAL_NEW_DIAGNOSIS_DERIVED,Event-specific first-year cost; no annual patient-year cost added for the same outcome,39440005.63271183,36093192.19961786,17209721.996304646,15749333.544704804,77918770.75715515,71306713.1654614
S7,2028,renal_cancer,direct_medical,avoided_incident_case_first_year,134.7408220208074,13135.225379367826,4654.616770652017,29653.851952691733,INTERNATIONAL_PROXY_RENAL,Event-specific first-year cost; no annual patient-year cost added for the same outcome,1769851.0650445926,1619664.4404728652,627166.8898694888,573946.5482865243,3995584.388189009,3656525.7270928686
S7,2028,stroke,direct_medical,avoided_incident_case_first_year,38278.86031102698,29612.850356671155,4730.172689851648,100820.84684525008,CHINA_FIRST_ISCHAEMIC_STROKE_ONE_YEAR,Event-specific first-year cost; no annual patient-year cost added for the same outcome,1133546162.2143607,1037355315.8422558,181065619.641866,165700691.6108653,3859307112.8287735,3531812715.1875753
S7,2029,bladder_cancer,direct_medical,avoided_incident_case_first_year,236.31163267671823,17917.502226658013,6349.271058827539,40450.2353820222,INTERNATIONAL_PROXY_BLADDER,Event-specific first-year cost; no annual patient-year cost added for the same outcome,4234114.2046702895,3761955.63024539,1500406.610218571,1333091.8397862837,9558861.165283222,8492924.338178411
S7,2029,breast_cancer,direct_medical,avoided_incident_case_first_year,722.1757036385878,53995.542586727424,26175.98574835096,99226.21468667472,CHINA_BREAST_NEW_DIAGNOSIS_COURSE,Event-specific first-year cost; no annual patient-year cost added for the same outcome,38994268.96091721,34645902.91471571,18903660.926249,16795657.89116213,71658761.4107429,63667881.38312563
S7,2029,colon_cancer,direct_medical,avoided_incident_case_first_year,1783.6186823701175,72296.25822013385,35047.815693114135,132856.9673630357,CHINA_CRC_NEW_DIAGNOSIS_COURSE,Event-specific first-year cost; no annual patient-year cost added for the same outcome,128948956.82688493,114569477.98292659,62511938.84650296,55541048.00521548,236966169.07174748,210541372.0144469
S7,2029,coronary_heart_disease,direct_medical,avoided_incident_case_first_year,35055.15979879784,21846.326995845397,8586.27962692537,46223.917226713966,CHINA_INCIDENT_MI_IMMEDIATE_PROXY,Event-specific first-year cost; no annual patient-year cost added for the same outcome,765826483.8561515,680426911.8570039,300993404.39903116,267428741.31658828,1620386804.9088624,1439692688.7750103
S7,2029,endometrial_cancer,direct_medical,avoided_incident_case_first_year,132.14989290569352,22329.17043600619,7912.595953582618,50409.93932055516,INTERNATIONAL_PROXY_ENDOMETRIAL,Event-specific first-year cost; no annual patient-year cost added for the same outcome,2950797.4817911955,2621745.343593708,1045648.7078719669,929045.3336140183,6661668.082593873,5918805.808897997
S7,2029,gastric_cancer,direct_medical,avoided_incident_case_first_year,3114.6246916905757,64762.28390756019,31395.4919125426,119011.97726255516,CHINA_GASTRIC_NEW_DIAGNOSIS_COURSE,Event-specific first-year cost; no annual patient-year cost added for the same outcome,201710208.54876217,179216907.72794762,97785174.31857695,86880860.86023346,370677642.98887163,329342284.7475282
S7,2029,oesophageal_cancer,direct_medical,avoided_incident_case_first_year,1504.036700721964,68356.63525540795,29827.5487154762,135047.26753332303,CHINA_OESOPHAGEAL_NEW_DIAGNOSIS_DERIVED,Event-specific first-year cost; no annual patient-year cost added for the same outcome,102810888.16199847,91346142.51664405,44861727.960648485,39859064.24015328,203116046.7023356,180465976.71886334
S7,2029,renal_cancer,direct_medical,avoided_incident_case_first_year,360.38248534954744,13135.225379367826,4654.616770652017,29653.851952691733,INTERNATIONAL_PROXY_RENAL,Event-specific first-year cost; no annual patient-year cost added for the same outcome,4733705.16784303,4205835.730280094,1677442.3601572583,1490385.8106248481,10686728.866898578,9495020.18282609
S7,2029,stroke,direct_medical,avoided_incident_case_first_year,67348.70851736741,29612.850356671155,4730.172689851648,100820.84684525008,CHINA_FIRST_ISCHAEMIC_STROKE_ONE_YEAR,Event-specific first-year cost; no annual patient-year cost added for the same outcome,1994387227.0398653,1771987219.7534065,318571021.7256304,283046226.6444901,6790153826.65489,6032963728.338021
S7,2030,bladder_cancer,direct_medical,avoided_incident_case_first_year,411.448838459133,17917.502226658013,6349.271058827539,40450.2353820222,INTERNATIONAL_PROXY_BLADDER,Event-specific first-year cost; no annual patient-year cost added for the same outcome,7372135.479247369,6359268.824068938,2612400.2022167803,2253479.362759161,16643202.363331558,14356572.558893079
S7,2030,breast_cancer,direct_medical,avoided_incident_case_first_year,1238.2046680748606,53995.542586727424,26175.98574835096,99226.21468667472,CHINA_BREAST_NEW_DIAGNOSIS_COURSE,Event-specific first-year cost; no annual patient-year cost added for the same outcome,66857532.88612083,57671895.16982096,32411227.74506918,27958209.76557241,122862362.22043893,105982152.92153965
S7,2030,colon_cancer,direct_medical,avoided_incident_case_first_year,3101.842044930826,72296.25822013385,35047.815693114135,132856.9673630357,CHINA_CRC_NEW_DIAGNOSIS_COURSE,Event-specific first-year cost; no annual patient-year cost added for the same outcome,224251573.43838704,193441377.1599231,108712788.29988784,93776606.1623792,412101327.3286667,355482225.0100816
S7,2030,coronary_heart_disease,direct_medical,avoided_incident_case_first_year,39762.35940049177,21846.326995845397,8586.27962692537,46223.917226713966,CHINA_INCIDENT_MI_IMMEDIATE_PROXY,Event-specific first-year cost; no annual patient-year cost added for the same outcome,868661505.5894703,749315045.3778505,341410736.43892694,294503900.33528495,1837972009.6671834,1585450800.991128
S7,2030,endometrial_cancer,direct_medical,avoided_incident_case_first_year,219.77218641991107,22329.17043600619,7912.595953582618,50409.93932055516,INTERNATIONAL_PROXY_ENDOMETRIAL,Event-specific first-year cost; no annual patient-year cost added for the same outcome,4907330.607663919,4233106.490048174,1738968.512976193,1500049.5150607312,11078702.581773454,9556586.166617298
S7,2030,gastric_cancer,direct_medical,avoided_incident_case_first_year,5237.348476795452,64762.28390756019,31395.4919125426,119011.97726255516,CHINA_GASTRIC_NEW_DIAGNOSIS_COURSE,Event-specific first-year cost; no annual patient-year cost added for the same outcome,339182648.977055,292581932.51829803,164429131.74639893,141838013.4531047,623307197.8364582,537670264.2236068
S7,2030,oesophageal_cancer,direct_medical,avoided_incident_case_first_year,2527.551860913838,68356.63525540795,29827.5487154762,135047.26753332303,CHINA_OESOPHAGEAL_NEW_DIAGNOSIS_DERIVED,Event-specific first-year cost; no annual patient-year cost added for the same outcome,172774940.64561483,149037181.52235988,75390676.26230003,65032659.604522675,341338972.36517954,294441996.01486725
S7,2030,renal_cancer,direct_medical,avoided_incident_case_first_year,622.9483593141313,13135.225379367826,4654.616770652017,29653.851952691733,INTERNATIONAL_PROXY_RENAL,Event-specific first-year cost; no annual patient-year cost added for the same outcome,8182567.099298525,7058354.258667755,2899585.880513714,2501208.2516074204,18472818.421273462,15934815.442524092
S7,2030,stroke,direct_medical,avoided_incident_case_first_year,76344.48887728332,29612.850356671155,4730.172689851648,100820.84684525008,CHINA_FIRST_ISCHAEMIC_STROKE_ONE_YEAR,Event-specific first-year cost; no annual patient-year cost added for the same outcome,2260777924.6795363,1950166897.3703678,361122616.3080085,311507541.0670801,7697116020.57548,6639599893.772489
S7,2031,bladder_cancer,direct_medical,avoided_incident_case_first_year,571.4401137316124,17917.502226658013,6349.271058827539,40450.2353820222,INTERNATIONAL_PROXY_BLADDER,Event-specific first-year cost; no annual patient-year cost added for the same outcome,10238779.510187874,8574816.64743752,3628228.175969244,3038583.977030293,23114887.107173257,19358354.047277577
S7,2031,breast_cancer,direct_medical,avoided_incident_case_first_year,1695.9532897051831,53995.542586727424,26175.98574835096,99226.21468667472,CHINA_BREAST_NEW_DIAGNOSIS_COURSE,Event-specific first-year cost; no annual patient-year cost added for the same outcome,91573918.07937668,76691714.71431664,44393249.141191795,37178647.25878328,168283025.22285876,140934384.2912425
S7,2031,colon_cancer,direct_medical,avoided_incident_case_first_year,4303.702722706221,72296.25822013385,35047.815693114135,132856.9673630357,CHINA_CRC_NEW_DIAGNOSIS_COURSE,Event-specific first-year cost; no annual patient-year cost added for the same outcome,311141603.34346205,260576194.39945972,150835379.82336113,126322255.95296426,571776892.1707883,478854145.5285426
S7,2031,coronary_heart_disease,direct_medical,avoided_incident_case_first_year,40458.634664828984,21846.326995845397,8586.27962692537,46223.917226713966,CHINA_INCIDENT_MI_IMMEDIATE_PROXY,Event-specific first-year cost; no annual patient-year cost added for the same outcome,883872562.6932998,740229356.1702747,347389150.5558377,290932944.5332218,1870156579.8529153,1566226693.1601639
S7,2031,endometrial_cancer,direct_medical,avoided_incident_case_first_year,292.013848522327,22329.17043600619,7912.595953582618,50409.93932055516,INTERNATIONAL_PROXY_ENDOMETRIAL,Event-specific first-year cost; no annual patient-year cost added for the same outcome,6520426.993329134,5460754.953768284,2310587.596207852,1935080.7355126045,14720400.384772291,12328103.5743268
S7,2031,gastric_cancer,direct_medical,avoided_incident_case_first_year,7025.689330293829,64762.28390756019,31395.4919125426,119011.97726255516,CHINA_GASTRIC_NEW_DIAGNOSIS_COURSE,Event-specific first-year cost; no annual patient-year cost added for the same outcome,454999687.05480534,381055074.704389,220574972.54927674,184728066.92844847,836141178.8307055,700255073.6356279
S7,2031,oesophageal_cancer,direct_medical,avoided_incident_case_first_year,3388.1958900782183,68356.63525540795,29827.5487154762,135047.26753332303,CHINA_OESOPHAGEAL_NEW_DIAGNOSIS_DERIVED,Event-specific first-year cost; no annual patient-year cost added for the same outcome,231605670.63194907,193966102.9129171,101061577.9688843,84637480.50454824,457566596.8226987,383204821.22332716
S7,2031,renal_cancer,direct_medical,avoided_incident_case_first_year,859.9670815435668,13135.225379367826,4654.616770652017,29653.851952691733,INTERNATIONAL_PROXY_RENAL,Event-specific first-year cost; no annual patient-year cost added for the same outcome,11295861.43491194,9460106.117418783,4002817.199961357,3352296.387350183,25501336.52028131,21356967.86012752
S7,2031,stroke,direct_medical,avoided_incident_case_first_year,77668.95029112988,29612.850356671155,4730.172689851648,100820.84684525008,CHINA_FIRST_ISCHAEMIC_STROKE_ONE_YEAR,Event-specific first-year cost; no annual patient-year cost added for the same outcome,2299999002.33096,1926212954.8402903,367387547.51654774,307681287.14672667,7830649341.933347,6558045543.479395
S7,2032,bladder_cancer,direct_medical,avoided_incident_case_first_year,748.6732938161588,17917.502226658013,6349.271058827539,40450.2353820222,INTERNATIONAL_PROXY_BLADDER,Event-specific first-year cost; no annual patient-year cost added for the same outcome,13414355.408990413,10907098.513192905,4753529.676944023,3865054.629241899,30284010.959097486,24623672.24027126
S7,2032,breast_cancer,direct_medical,avoided_incident_case_first_year,2175.93765933671,53995.542586727424,26175.98574835096,99226.21468667472,CHINA_BREAST_NEW_DIAGNOSIS_COURSE,Event-specific first-year cost; no annual patient-year cost added for the same outcome,117490934.55077933,95530881.54303621,56957313.16009787,46311507.83940066,215910057.33016488,175554634.82881388
S7,2032,colon_cancer,direct_medical,avoided_incident_case_first_year,5619.170430008535,72296.25822013385,35047.815693114135,132856.9673630357,CHINA_CRC_NEW_DIAGNOSIS_COURSE,Event-specific first-year cost; no annual patient-year cost added for the same outcome,406244996.3908376,330314358.0911014,196939649.579136,160129957.31973016,746545942.4269793,607010168.6152009
S7,2032,coronary_heart_disease,direct_medical,avoided_incident_case_first_year,41664.61279327521,21846.326995845397,8586.27962692537,46223.917226713966,CHINA_INCIDENT_MI_IMMEDIATE_PROXY,Event-specific first-year cost; no annual patient-year cost added for the same outcome,910218755.2371738,740091143.3488597,357744015.99063313,290878622.63586473,1925901613.039441,1565934253.2448418
S7,2032,endometrial_cancer,direct_medical,avoided_incident_case_first_year,363.751218888968,22329.17043600619,7912.595953582618,50409.93932055516,INTERNATIONAL_PROXY_ENDOMETRIAL,Event-specific first-year cost; no annual patient-year cost added for the same outcome,8122262.96287676,6604143.06801361,2878216.4226915934,2340253.341099568,18336676.871970855,14909396.3108455
S7,2032,gastric_cancer,direct_medical,avoided_incident_case_first_year,8871.745446435662,64762.28390756019,31395.4919125426,119011.97726255516,CHINA_GASTRIC_NEW_DIAGNOSIS_COURSE,Event-specific first-year cost; no annual patient-year cost added for the same outcome,574554497.3576707,467165384.6056693,278532812.41370744,226472665.40417618,1055843967.3503782,858497767.1556815
S7,2032,oesophageal_cancer,direct_medical,avoided_incident_case_first_year,4279.88843698601,68356.63525540795,29827.5487154762,135047.26753332303,CHINA_OESOPHAGEAL_NEW_DIAGNOSIS_DERIVED,Event-specific first-year cost; no annual patient-year cost added for the same outcome,292558772.8208907,237877054.74969488,127658580.8510035,103798108.44009013,577987238.7624254,469956517.5025123
S7,2032,renal_cancer,direct_medical,avoided_incident_case_first_year,1115.0079312842913,13135.225379367826,4654.616770652017,29653.851952691733,INTERNATIONAL_PROXY_RENAL,Event-specific first-year cost; no annual patient-year cost added for the same outcome,14645880.47720184,11908441.09216216,5189934.616365874,4219891.780994116,33064280.120381452,26884285.494560957
S7,2032,stroke,direct_medical,avoided_incident_case_first_year,79566.07950488322,29612.850356671155,4730.172689851648,100820.84684525008,CHINA_FIRST_ISCHAEMIC_STROKE_ONE_YEAR,Event-specific first-year cost; no annual patient-year cost added for the same outcome,2356178405.8451066,1915788661.0031712,376361296.31256354,306016175.22992605,8021919515.838822,6522554663.008132
S7,2033,bladder_cancer,direct_medical,avoided_incident_case_first_year,954.1207606286141,17917.502226658013,6349.271058827539,40450.2353820222,INTERNATIONAL_PROXY_BLADDER,Event-specific first-year cost; no annual patient-year cost added for the same outcome,17095460.85306383,13495314.662260976,6057971.332085777,4782218.510757606,38594409.3503015,30466783.134020098
S7,2033,breast_cancer,direct_medical,avoided_incident_case_first_year,2678.7948498268015,53995.542586727424,26175.98574835096,99226.21468667472,CHINA_BREAST_NEW_DIAGNOSIS_COURSE,Event-specific first-year cost; no annual patient-year cost added for the same outcome,144642981.39492917,114182505.19185585,70120095.81182231,55353451.14483044,265806672.8704728,209830242.10621464
S7,2033,colon_cancer,direct_medical,avoided_incident_case_first_year,7106.01811740209,72296.25822013385,35047.815693114135,132856.9673630357,CHINA_CRC_NEW_DIAGNOSIS_COURSE,Event-specific first-year cost; no annual patient-year cost added for the same outcome,513738520.73265094,405549932.2891359,249050413.29063833,196602696.061332,944084017.1048299,745268641.0707482
S7,2033,coronary_heart_disease,direct_medical,avoided_incident_case_first_year,43847.60340308098,21846.326995845397,8586.27962692537,46223.917226713966,CHINA_INCIDENT_MI_IMMEDIATE_PROXY,Event-specific first-year cost; no annual patient-year cost added for the same outcome,957909081.9278506,756182274.9070295,376487783.78937775,297202933.1297232,2026807990.293797,1599980943.7191927
S7,2033,endometrial_cancer,direct_medical,avoided_incident_case_first_year,434.7572658993812,22329.17043600619,7912.595953582618,50409.93932055516,INTERNATIONAL_PROXY_ENDOMETRIAL,Event-specific first-year cost; no annual patient-year cost added for the same outcome,9707769.088559344,7663402.563096124,3440058.582946086,2715614.0119585516,21916087.393158272,17300761.768190365
S7,2033,gastric_cancer,direct_medical,avoided_incident_case_first_year,10859.096379906176,64762.28390756019,31395.4919125426,119011.97726255516,CHINA_GASTRIC_NEW_DIAGNOSIS_COURSE,Event-specific first-year cost; no annual patient-year cost added for the same outcome,703259882.7350428,555159845.5535783,340926672.57286495,269130663.5529431,1292362531.4572887,1020202916.4137177
S7,2033,oesophageal_cancer,direct_medical,avoided_incident_case_first_year,5250.045725076901,68356.63525540795,29827.5487154762,135047.26753332303,CHINA_OESOPHAGEAL_NEW_DIAGNOSIS_DERIVED,Event-specific first-year cost; no annual patient-year cost added for the same outcome,358875460.7032955,283299602.6478494,156595994.62320885,123618324.21213646,709004329.5966392,559694564.9521481
S7,2033,renal_cancer,direct_medical,avoided_incident_case_first_year,1394.2418043772216,13135.225379367826,4654.616770652017,29653.851952691733,INTERNATIONAL_PROXY_RENAL,Event-specific first-year cost; no annual patient-year cost added for the same outcome,18313680.333831273,14456988.369799923,6489661.284998344,5122998.545947334,41344640.053255916,32637840.64742602
S7,2033,stroke,direct_medical,avoided_incident_case_first_year,82635.87763959162,29612.850356671155,4730.172689851648,100820.84684525008,CHINA_FIRST_ISCHAEMIC_STROKE_ONE_YEAR,Event-specific first-year cost; no annual patient-year cost added for the same outcome,2447083878.6334147,1931750610.9339795,390881971.61271876,308565837.9179178,8331419163.424092,6576899222.547062
S7,2034,bladder_cancer,direct_medical,avoided_incident_case_first_year,1183.437398285419,17917.502226658013,6349.271058827539,40450.2353820222,INTERNATIONAL_PROXY_BLADDER,Event-specific first-year cost; no annual patient-year cost added for the same outcome,21204242.21888936,16251286.033223955,7513964.82286777,5758828.366487274,47870321.32053315,36688615.24272246
S7,2034,breast_cancer,direct_medical,avoided_incident_case_first_year,3202.614162693033,53995.542586727424,26175.98574835096,99226.21468667472,CHINA_BREAST_NEW_DIAGNOSIS_COURSE,Event-specific first-year cost; no annual patient-year cost added for the same outcome,172926889.41054806,132534061.51637994,83831582.68011977,64249927.664891966,317783280.4659639,243554423.4081623
S7,2034,colon_cancer,direct_medical,avoided_incident_case_first_year,8740.353881314353,72296.25822013385,35047.815693114135,132856.9673630357,CHINA_CRC_NEW_DIAGNOSIS_COURSE,Event-specific first-year cost; no annual patient-year cost added for the same outcome,631894881.1388516,484294809.98710304,306330311.92490023,234776676.68328592,1161216910.3511636,889976069.973501
S7,2034,coronary_heart_disease,direct_medical,avoided_incident_case_first_year,46210.42228468315,21846.326995845397,8586.27962692537,46223.917226713966,CHINA_INCIDENT_MI_IMMEDIATE_PROXY,Event-specific first-year cost; no annual patient-year cost added for the same outcome,1009527995.8472892,773719147.7866898,396775607.41459304,304095464.5083501,2136026734.6986923,1637086630.2063985
S7,2034,endometrial_cancer,direct_medical,avoided_incident_case_first_year,504.73829866996283,22329.17043600619,7912.595953582618,50409.93932055516,INTERNATIONAL_PROXY_ENDOMETRIAL,Event-specific first-year cost; no annual patient-year cost added for the same outcome,11270387.496581396,8637813.557376381,3993790.2196741225,3060907.649828576,25443827.008713074,19500574.754334386
S7,2034,gastric_cancer,direct_medical,avoided_incident_case_first_year,12931.797613905052,64762.28390756019,31395.4919125426,119011.97726255516,CHINA_GASTRIC_NEW_DIAGNOSIS_COURSE,Event-specific first-year cost; no annual patient-year cost added for the same outcome,837492748.5068283,641868455.6720861,406000147.4019937,311165306.30286676,1539038803.590033,1179545090.7975178
S7,2034,oesophageal_cancer,direct_medical,avoided_incident_case_first_year,6268.914274205533,68356.63525540795,29827.5487154762,135047.26753332303,CHINA_OESOPHAGEAL_NEW_DIAGNOSIS_DERIVED,Event-specific first-year cost; no annual patient-year cost added for the same outcome,428521886.4892881,328426343.9808467,186986345.90700966,143309464.22292542,846599743.1321021,648848208.7342594
S7,2034,renal_cancer,direct_medical,avoided_incident_case_first_year,1694.7187469018359,13135.225379367826,4654.616770652017,29653.851952691733,INTERNATIONAL_PROXY_RENAL,Event-specific first-year cost; no annual patient-year cost added for the same outcome,22260512.695195433,17060829.4001455,7888266.300867656,6045699.282167337,50254938.822078295,38516225.99614611
S7,2034,stroke,direct_medical,avoided_incident_case_first_year,85898.08721404584,29612.850356671155,4730.172689851648,100820.84684525008,CHINA_FIRST_ISCHAEMIC_STROKE_ONE_YEAR,Event-specific first-year cost; no annual patient-year cost added for the same outcome,2543687202.5938272,1949524433.916262,406312786.2503747,311404917.9474466,8660317895.30725,6637412542.378416
S7,2035,bladder_cancer,direct_medical,avoided_incident_case_first_year,1247.3339941921072,17917.502226658013,6349.271058827539,40450.2353820222,INTERNATIONAL_PROXY_BLADDER,Event-specific first-year cost; no annual patient-year cost added for the same outcome,22349109.618323315,16629836.470354246,7919661.630015703,5892972.026935763,50454953.66506864,37543223.99857379
S7,2035,breast_cancer,direct_medical,avoided_incident_case_first_year,3269.7458947765726,53995.542586727424,26175.98574835096,99226.21468667472,CHINA_BREAST_NEW_DIAGNOSIS_COURSE,Event-specific first-year cost; no annual patient-year cost added for the same outcome,176551703.7091856,131371048.39465454,85588821.94240062,63686121.59051959,324444508.1259735,241417184.21819794
S7,2035,colon_cancer,direct_medical,avoided_incident_case_first_year,9148.225550307892,72296.25822013385,35047.815693114135,132856.9673630357,CHINA_CRC_NEW_DIAGNOSIS_COURSE,Event-specific first-year cost; no annual patient-year cost added for the same outcome,661382476.6410855,492130676.2879571,320625323.0062286,238575351.81073162,1215405503.366945,904375839.1873348
S7,2035,coronary_heart_disease,direct_medical,avoided_incident_case_first_year,48325.29343156385,21846.326995845397,8586.27962692537,46223.917226713966,CHINA_INCIDENT_MI_IMMEDIATE_PROXY,Event-specific first-year cost; no annual patient-year cost added for the same outcome,1055730162.4761236,785562389.6714143,414934482.4566271,308750223.47679806,2233784363.5372715,1662145352.0995374
S7,2035,endometrial_cancer,direct_medical,avoided_incident_case_first_year,503.45654967758736,22329.17043600619,7912.595953582618,50409.93932055516,INTERNATIONAL_PROXY_ENDOMETRIAL,Event-specific first-year cost; no annual patient-year cost added for the same outcome,11241767.104874466,8364930.495423263,3983648.257783544,2964208.427705675,25379214.119783245,18884518.791391753
S7,2035,gastric_cancer,direct_medical,avoided_incident_case_first_year,13177.369200165675,64762.28390756019,31395.4919125426,119011.97726255516,CHINA_GASTRIC_NEW_DIAGNOSIS_COURSE,Event-specific first-year cost; no annual patient-year cost added for the same outcome,853396525.2958688,635007161.4666649,413709988.15238935,307839084.7161891,1568264763.6304119,1166936267.56434
S7,2035,oesophageal_cancer,direct_medical,avoided_incident_case_first_year,6404.380277594783,68356.63525540795,29827.5487154762,135047.26753332303,CHINA_OESOPHAGEAL_NEW_DIAGNOSIS_DERIVED,Event-specific first-year cost; no annual patient-year cost added for the same outcome,437781886.6724749,325750837.92499626,191026964.7223934,142142002.03112426,864894056.7334803,643562404.6457255
S7,2035,renal_cancer,direct_medical,avoided_incident_case_first_year,1755.6434094603514,13135.225379367826,4654.616770652017,29653.851952691733,INTERNATIONAL_PROXY_RENAL,Event-specific first-year cost; no annual patient-year cost added for the same outcome,23060771.86906347,17159380.020591702,8171847.256958839,6080621.817368565,52061589.74585622,38738712.12974135
S7,2035,stroke,direct_medical,avoided_incident_case_first_year,88835.05279938683,29612.850356671155,4730.172689851648,100820.84684525008,CHINA_FIRST_ISCHAEMIC_STROKE_ONE_YEAR,Event-specific first-year cost; no annual patient-year cost added for the same outcome,2630659124.975223,1957457447.0616066,420205140.65318877,312672088.1683602,8956425252.776684,6664421529.818492
S7,2036,bladder_cancer,direct_medical,avoided_incident_case_first_year,1306.2028972574494,17917.502226658013,6349.271058827539,40450.2353820222,INTERNATIONAL_PROXY_BLADDER,Event-specific first-year cost; no annual patient-year cost added for the same outcome,23403893.320077498,16907470.489671625,8293436.252513405,5991354.804931187,52836214.65074319,38170005.638636105
S7,2036,breast_cancer,direct_medical,avoided_incident_case_first_year,3324.5172377579474,53995.542586727424,26175.98574835096,99226.21468667472,CHINA_BREAST_NEW_DIAGNOSIS_COURSE,Event-specific first-year cost; no annual patient-year cost added for the same outcome,179509112.09166867,129681201.91837355,87022515.83569913,62866916.98286175,329879261.1633209,238311796.97306272
S7,2036,colon_cancer,direct_medical,avoided_incident_case_first_year,9519.872117884819,72296.25822013385,35047.815693114135,132856.9673630357,CHINA_CRC_NEW_DIAGNOSIS_COURSE,Event-specific first-year cost; no annual patient-year cost added for the same outcome,688251132.8572534,497207262.0192812,333650723.40964323,241036381.54369494,1264781339.266097,913704949.7309059
S7,2036,coronary_heart_disease,direct_medical,avoided_incident_case_first_year,50330.8520907479,21846.326995845397,8586.27962692537,46223.917226713966,CHINA_INCIDENT_MI_IMMEDIATE_PROXY,Event-specific first-year cost; no annual patient-year cost added for the same outcome,1099544252.7540076,794334162.7513821,432154769.91258293,312197800.5684925,2326489140.9927144,1680705255.229114
S7,2036,endometrial_cancer,direct_medical,avoided_incident_case_first_year,503.18524603064833,22329.17043600619,7912.595953582618,50409.93932055516,INTERNATIONAL_PROXY_ENDOMETRIAL,Event-specific first-year cost; no annual patient-year cost added for the same outcome,11235709.119502053,8116915.325603026,3981501.541644582,2876321.426494818,25365537.719403602,18324604.1408656
S7,2036,gastric_cancer,direct_medical,avoided_incident_case_first_year,13425.17429874097,64762.28390756019,31395.4919125426,119011.97726255516,CHINA_GASTRIC_NEW_DIAGNOSIS_COURSE,Event-specific first-year cost; no annual patient-year cost added for the same outcome,869444949.443543,628105530.3093505,421489951.1205969,304493308.5620914,1597756538.3876002,1154253318.1559892
S7,2036,oesophageal_cancer,direct_medical,avoided_incident_case_first_year,6542.2041227012,68356.63525540795,29827.5487154762,135047.26753332303,CHINA_OESOPHAGEAL_NEW_DIAGNOSIS_DERIVED,Event-specific first-year cost; no annual patient-year cost added for the same outcome,447203060.9819121,323069006.21342695,195137912.17645928,140971779.62733483,883506790.4160378,638264103.416029
S7,2036,renal_cancer,direct_medical,avoided_incident_case_first_year,1809.9808796621369,13135.225379367826,4654.616770652017,29653.851952691733,INTERNATIONAL_PROXY_RENAL,Event-specific first-year cost; no annual patient-year cost added for the same outcome,23774506.786708605,17175209.54335996,8424767.357034873,6086231.189116712,53672905.04270376,38774448.57971419
S7,2036,stroke,direct_medical,avoided_incident_case_first_year,91618.20035216045,29612.850356671155,4730.172689851648,100820.84684525008,CHINA_FIRST_ISCHAEMIC_STROKE_ONE_YEAR,Event-specific first-year cost; no annual patient-year cost added for the same outcome,2713076056.9760437,1959983868.5901692,433369909.19914603,313075643.04313666,9237024545.942606,6673023064.453958
S7,2037,bladder_cancer,direct_medical,avoided_incident_case_first_year,1357.414460604644,17917.502226658013,6349.271058827539,40450.2353820222,INTERNATIONAL_PROXY_BLADDER,Event-specific first-year cost; no annual patient-year cost added for the same outcome,24321476.620381497,17058594.358119365,8618592.349551061,6044907.2695601955,54907734.44241855,38511180.20489109
S7,2037,breast_cancer,direct_medical,avoided_incident_case_first_year,3366.5106829616666,53995.542586727424,26175.98574835096,99226.21468667472,CHINA_BREAST_NEW_DIAGNOSIS_COURSE,Event-specific first-year cost; no annual patient-year cost added for the same outcome,181776570.9505295,127494429.5551718,88121735.65887584,61806812.39881916,334046111.77253824,234293221.8539513
S7,2037,colon_cancer,direct_medical,avoided_incident_case_first_year,9841.98694072505,72296.25822013385,35047.815693114135,132856.9673630357,CHINA_CRC_NEW_DIAGNOSIS_COURSE,Event-specific first-year cost; no annual patient-year cost added for the same outcome,711538829.2658434,499059018.8231254,344940144.3525678,241934077.11975077,1307576537.7713315,917107875.4051988
S7,2037,coronary_heart_disease,direct_medical,avoided_incident_case_first_year,52113.12417631467,21846.326995845397,8586.27962692537,46223.917226713966,CHINA_INCIDENT_MI_IMMEDIATE_PROXY,Event-specific first-year cost; no annual patient-year cost added for the same outcome,1138480351.5308666,798507212.5587729,447457856.4105226,313837937.7206168,2408872738.3514357,1689534872.6250484
S7,2037,endometrial_cancer,direct_medical,avoided_incident_case_first_year,504.0330427550771,22329.17043600619,7912.595953582618,50409.93932055516,INTERNATIONAL_PROXY_ENDOMETRIAL,Event-specific first-year cost; no annual patient-year cost added for the same outcome,11254639.71705691,7893777.8563644495,3988209.8145757574,2797250.121931583,25408275.10083822,17820852.94613601
S7,2037,gastric_cancer,direct_medical,avoided_incident_case_first_year,13662.723037405272,64762.28390756019,31395.4919125426,119011.97726255516,CHINA_GASTRIC_NEW_DIAGNOSIS_COURSE,Event-specific first-year cost; no annual patient-year cost added for the same outcome,884829148.2988033,620601362.025065,428947910.62416667,300855434.16260403,1626027683.4722648,1140463101.8242342
S7,2037,oesophageal_cancer,direct_medical,avoided_incident_case_first_year,6674.811291065235,68356.63525540795,29827.5487154762,135047.26753332303,CHINA_OESOPHAGEAL_NEW_DIAGNOSIS_DERIVED,Event-specific first-year cost; no annual patient-year cost added for the same outcome,456267640.82202494,320016943.25568223,199093258.9508589,139640006.11018193,901415026.1589321,632234363.0514973
S7,2037,renal_cancer,direct_medical,avoided_incident_case_first_year,1856.4445390754845,13135.225379367826,4654.616770652017,29653.851952691733,INTERNATIONAL_PROXY_RENAL,Event-specific first-year cost; no annual patient-year cost added for the same outcome,24384817.425053112,17103020.324111268,8641037.885366105,6060650.116781018,55050731.52012746,38611475.47812252
S7,2037,stroke,direct_medical,avoided_incident_case_first_year,94118.15236977284,29612.850356671155,4730.172689851648,100820.84684525008,CHINA_FIRST_ISCHAEMIC_STROKE_ONE_YEAR,Event-specific first-year cost; no annual patient-year cost added for the same outcome,2787106761.972458,1954820606.7972672,445195113.95879567,312250895.690917,9489071825.430779,6655444060.063154
S7,2038,bladder_cancer,direct_medical,avoided_incident_case_first_year,1405.539286241586,17917.502226658013,6349.271058827539,40450.2353820222,INTERNATIONAL_PROXY_BLADDER,Event-specific first-year cost; no annual patient-year cost added for the same outcome,25183753.29088893,17148910.54948841,8924149.912178818,6076911.840998163,56854394.96715163,38715076.437383264
S7,2038,breast_cancer,direct_medical,avoided_incident_case_first_year,3397.3042794922994,53995.542586727424,26175.98574835096,99226.21468667472,CHINA_BREAST_NEW_DIAGNOSIS_COURSE,Event-specific first-year cost; no annual patient-year cost added for the same outcome,183439287.90339777,124913228.90521298,88927788.40280215,60555496.67551788,337101643.7928617,229549816.05465198
S7,2038,colon_cancer,direct_medical,avoided_incident_case_first_year,10137.005502651527,72296.25822013385,35047.815693114135,132856.9673630357,CHINA_CRC_NEW_DIAGNOSIS_COURSE,Event-specific first-year cost; no annual patient-year cost added for the same outcome,732867567.3986126,499047152.0576256,355279900.53701454,241928324.34332287,1346771809.2246873,917086068.1565869
S7,2038,coronary_heart_disease,direct_medical,avoided_incident_case_first_year,53981.42281310478,21846.326995845397,8586.27962692537,46223.917226713966,CHINA_INCIDENT_MI_IMMEDIATE_PROXY,Event-specific first-year cost; no annual patient-year cost added for the same outcome,1179295814.4760754,803043065.1158292,463499590.932606,315620667.53184766,2495232819.893204,1699132132.3012323
S7,2038,endometrial_cancer,direct_medical,avoided_incident_case_first_year,505.6869824609726,22329.17043600619,7912.595953582618,50409.93932055516,INTERNATIONAL_PROXY_ENDOMETRIAL,Event-specific first-year cost; no annual patient-year cost added for the same outcome,11291570.81864073,7689010.279581265,4001296.7712000962,2724688.39805908,25491650.101052273,17358573.294948764
S7,2038,gastric_cancer,direct_medical,avoided_incident_case_first_year,13931.867129201024,64762.28390756019,31395.4919125426,119011.97726255516,CHINA_GASTRIC_NEW_DIAGNOSIS_COURSE,Event-specific first-year cost; no annual patient-year cost added for the same outcome,902259534.3837222,614394838.960216,437397821.78144884,297846632.85217464,1658059054.0054119,1129057534.6128054
S7,2038,oesophageal_cancer,direct_medical,avoided_incident_case_first_year,6824.976955265594,68356.63525540795,29827.5487154762,135047.26753332303,CHINA_OESOPHAGEAL_NEW_DIAGNOSIS_DERIVED,Event-specific first-year cost; no annual patient-year cost added for the same outcome,466532460.3576549,317685904.0308591,203572332.61518696,138622852.6798484,921694488.7865171,627629097.2035055
S7,2038,renal_cancer,direct_medical,avoided_incident_case_first_year,1897.1700535162524,13135.225379367826,4654.616770652017,29653.851952691733,INTERNATIONAL_PROXY_RENAL,Event-specific first-year cost; no annual patient-year cost added for the same outcome,24919756.235923298,16969141.40115531,8830599.547875533,6013208.595068991,56258399.896051206,38309232.795088105
S7,2038,stroke,direct_medical,avoided_incident_case_first_year,96702.2884069391,29612.850356671155,4730.172689851648,100820.84684525008,CHINA_FIRST_ISCHAEMIC_STROKE_ONE_YEAR,Event-specific first-year cost; no annual patient-year cost added for the same outcome,2863630395.7423434,1949992955.225942,457418523.668661,311479756.62987566,9749606609.061209,6639007684.846569
S7,2039,bladder_cancer,direct_medical,avoided_incident_case_first_year,1451.442953299896,17917.502226658013,6349.271058827539,40450.2353820222,INTERNATIONAL_PROXY_BLADDER,Event-specific first-year cost; no annual patient-year cost added for the same outcome,26006232.34761797,17193183.267266385,9215604.736926202,6092600.382968321,58711209.10455825,38815025.74016368
S7,2039,breast_cancer,direct_medical,avoided_incident_case_first_year,3418.275469327007,53995.542586727424,26175.98574835096,99226.21468667472,CHINA_BREAST_NEW_DIAGNOSIS_COURSE,Event-specific first-year cost; no annual patient-year cost added for the same outcome,184571638.6772121,122023596.7786254,89476729.96904142,59154659.38895773,339182535.5776354,224239613.69308197
S7,2039,colon_cancer,direct_medical,avoided_incident_case_first_year,10409.954541727127,72296.25822013385,35047.815693114135,132856.9673630357,CHINA_CRC_NEW_DIAGNOSIS_COURSE,Event-specific first-year cost; no annual patient-year cost added for the same outcome,752600761.6085596,497557764.17207247,364846168.1521488,241206298.1500795,1383034990.8009264,914349058.4886824
S7,2039,coronary_heart_disease,direct_medical,avoided_incident_case_first_year,55997.578386934365,21846.326995845397,8586.27962692537,46223.917226713966,CHINA_INCIDENT_MI_IMMEDIATE_PROXY,Event-specific first-year cost; no annual patient-year cost added for the same outcome,1223341408.416453,808772787.6993443,480810866.460891,317872625.0483733,2588427428.2540812,1711255461.888069
S7,2039,endometrial_cancer,direct_medical,avoided_incident_case_first_year,508.0409473185395,22329.17043600619,7912.595953582618,50409.93932055516,INTERNATIONAL_PROXY_ENDOMETRIAL,Event-specific first-year cost; no annual patient-year cost added for the same outcome,11344132.90114571,7499808.252520256,4019922.7440069555,2657642.50407824,25610313.326684937,16931434.152865283
S7,2039,gastric_cancer,direct_medical,avoided_incident_case_first_year,14245.725914743507,64762.28390756019,31395.4919125426,119011.97726255516,CHINA_GASTRIC_NEW_DIAGNOSIS_COURSE,Event-specific first-year cost; no annual patient-year cost added for the same outcome,922585746.1599065,609937864.1807708,447251572.7446283,295685978.4218551,1695412008.654047,1120867067.119901
S7,2039,oesophageal_cancer,direct_medical,avoided_incident_case_first_year,6999.026072747039,68356.63525540795,29827.5487154762,135047.26753332303,CHINA_OESOPHAGEAL_NEW_DIAGNOSIS_DERIVED,Event-specific first-year cost; no annual patient-year cost added for the same outcome,478429872.39785963,316298507.47775483,208763791.14575037,138017459.53665492,945199346.5189725,624888118.0318156
S7,2039,renal_cancer,direct_medical,avoided_incident_case_first_year,1932.9743948274436,13135.225379367826,4654.616770652017,29653.851952691733,INTERNATIONAL_PROXY_RENAL,Event-specific first-year cost; no annual patient-year cost added for the same outcome,25390054.328605603,16785817.007343266,8997255.035404753,5948245.507397311,57320136.53255691,37895362.89362768
S7,2039,stroke,direct_medical,avoided_incident_case_first_year,99460.02388688156,29612.850356671155,4730.172689851648,100820.84684525008,CHINA_FIRST_ISCHAEMIC_STROKE_ONE_YEAR,Event-specific first-year cost; no annual patient-year cost added for the same outcome,2945294803.8331623,1947186838.19916,470463088.72171974,311031524.9343536,10027643835.5242,6629453890.07236
S7,2040,bladder_cancer,direct_medical,avoided_incident_case_first_year,1491.1201989543029,17917.502226658013,6349.271058827539,40450.2353820222,INTERNATIONAL_PROXY_BLADDER,Event-specific first-year cost; no annual patient-year cost added for the same outcome,26717149.48497846,17148721.59731748,9467526.324453717,6076844.883643549,60316163.03058932,38714649.86231195
S7,2040,breast_cancer,direct_medical,avoided_incident_case_first_year,3431.5987552934985,53995.542586727424,26175.98574835096,99226.21468667472,CHINA_BREAST_NEW_DIAGNOSIS_COURSE,Event-specific first-year cost; no annual patient-year cost added for the same outcome,185291036.73201093,118931265.67196523,89825480.1126215,57655557.59093235,340504554.8112784,218556916.64861944
S7,2040,colon_cancer,direct_medical,avoided_incident_case_first_year,10643.921150326132,72296.25822013385,35047.815693114135,132856.9673630357,CHINA_CRC_NEW_DIAGNOSIS_COURSE,Event-specific first-year cost; no annual patient-year cost added for the same outcome,769515671.9587222,493922827.755719,373046186.72866964,239444151.88258338,1414119084.8836045,907669229.6742543
S7,2040,coronary_heart_disease,direct_medical,avoided_incident_case_first_year,57936.6124090904,21846.326995845397,8586.27962692537,46223.917226713966,CHINA_INCIDENT_MI_IMMEDIATE_PROXY,Event-specific first-year cost; no annual patient-year cost added for the same outcome,1265702179.720543,812406065.8996977,497459954.78124446,319300615.32777256,2678057176.394004,1718942994.4800096
S7,2040,endometrial_cancer,direct_medical,avoided_incident_case_first_year,511.8067417205809,22329.17043600619,7912.595953582618,50409.93932055516,INTERNATIONAL_PROXY_ENDOMETRIAL,Event-specific first-year cost; no annual patient-year cost added for the same outcome,11428219.96617585,7335339.52276768,4049719.953554572,2599361.1357998815,25800146.79398553,16560132.464308728
S7,2040,gastric_cancer,direct_medical,avoided_incident_case_first_year,14582.415552499904,64762.28390756019,31395.4919125426,119011.97726255516,CHINA_GASTRIC_NEW_DIAGNOSIS_COURSE,Event-specific first-year cost; no annual patient-year cost added for the same outcome,944390536.0690199,606168348.584291,457822109.54384613,293858590.79308635,1735482108.1672492,1113939925.6203911
S7,2040,oesophageal_cancer,direct_medical,avoided_incident_case_first_year,7183.6383573269395,68356.63525540795,29827.5487154762,135047.26753332303,CHINA_OESOPHAGEAL_NEW_DIAGNOSIS_DERIVED,Event-specific first-year cost; no annual patient-year cost added for the same outcome,491049346.99855554,315185890.1323793,214270323.05753273,137531966.8270317,970130731.1045724,622690000.296182
S7,2040,renal_cancer,direct_medical,avoided_incident_case_first_year,1962.3494906511742,13135.225379367826,4654.616770652017,29653.851952691733,INTERNATIONAL_PROXY_RENAL,Event-specific first-year cost; no annual patient-year cost added for the same outcome,25775902.83279083,16544571.188163687,9133984.849065399,5862757.302713228,58191221.27520995,37350730.60909955
S7,2040,stroke,direct_medical,avoided_incident_case_first_year,102148.30179995202,29612.850356671155,4730.172689851648,100820.84684525008,CHINA_FIRST_ISCHAEMIC_STROKE_ONE_YEAR,Event-specific first-year cost; no annual patient-year cost added for the same outcome,3024902375.390062,1941569729.3528214,483179107.48885703,310134282.8742056,10298678291.275347,6610329703.650292
S7,2041,bladder_cancer,direct_medical,avoided_incident_case_first_year,1529.0869062340767,17917.502226658013,6349.271058827539,40450.2353820222,INTERNATIONAL_PROXY_BLADDER,Event-specific first-year cost; no annual patient-year cost added for the same outcome,27397418.04720268,17073165.147009205,9708587.240184162,6050070.594617018,61851925.276736505,38544074.95957509
S7,2041,breast_cancer,direct_medical,avoided_incident_case_first_year,3447.542935915367,53995.542586727424,26175.98574835096,99226.21468667472,CHINA_BREAST_NEW_DIAGNOSIS_COURSE,Event-specific first-year cost; no annual patient-year cost added for the same outcome,186151951.41578948,116003741.79362889,90242834.75734866,56236351.12228347,342086635.50066704,213177081.59305745
S7,2041,colon_cancer,direct_medical,avoided_incident_case_first_year,10869.685074722664,72296.25822013385,35047.815693114135,132856.9673630357,CHINA_CRC_NEW_DIAGNOSIS_COURSE,Event-specific first-year cost; no annual patient-year cost added for the same outcome,785837558.9336846,489707986.3249101,380958719.14107347,237400878.9763578,1444113395.2189052,899923724.3853319
S7,2041,coronary_heart_disease,direct_medical,avoided_incident_case_first_year,59768.13084907324,21846.326995845397,8586.27962692537,46223.917226713966,CHINA_INCIDENT_MI_IMMEDIATE_PROXY,Event-specific first-year cost; no annual patient-year cost added for the same outcome,1305714130.459329,813677878.1747925,513185884.2488073,319800476.7382969,2762717133.162971,1721633979.8041365
S7,2041,endometrial_cancer,direct_medical,avoided_incident_case_first_year,515.6453571699371,22329.17043600619,7912.595953582618,50409.93932055516,INTERNATIONAL_PROXY_ENDOMETRIAL,Event-specific first-year cost; no annual patient-year cost added for the same outcome,11513933.064782811,7175102.426365971,4080093.3666265085,2542579.2950129313,25993651.165862523,16198384.036185894
S7,2041,gastric_cancer,direct_medical,avoided_incident_case_first_year,14906.505655027764,64762.28390756019,31395.4919125426,119011.97726255516,CHINA_GASTRIC_NEW_DIAGNOSIS_COURSE,Event-specific first-year cost; no annual patient-year cost added for the same outcome,965379351.3005595,601592495.5362688,467997077.7366947,291640306.49713373,1774052712.0803142,1105530998.6022315
S7,2041,oesophageal_cancer,direct_medical,avoided_incident_case_first_year,7360.5351054701805,68356.63525540795,29827.5487154762,135047.26753332303,CHINA_OESOPHAGEAL_NEW_DIAGNOSIS_DERIVED,Event-specific first-year cost; no annual patient-year cost added for the same outcome,503141413.48925084,313541094.6389782,219546719.43038458,136814257.16324988,994020153.5768476,619440496.6275917
S7,2041,renal_cancer,direct_medical,avoided_incident_case_first_year,1990.565693159705,13135.225379367826,4654.616770652017,29653.851952691733,INTERNATIONAL_PROXY_RENAL,Event-specific first-year cost; no annual patient-year cost added for the same outcome,26146529.012090266,16293652.4556942,9265320.45846572,5773841.390995585,59027940.367065094,36784260.92701136
S7,2041,stroke,direct_medical,avoided_incident_case_first_year,104698.4083640337,29612.850356671155,4730.172689851648,100820.84684525008,CHINA_FIRST_ISCHAEMIC_STROKE_ONE_YEAR,Event-specific first-year cost; no annual patient-year cost added for the same outcome,3100418299.465778,1932078181.9801195,495241551.9144876,308618162.0811704,10555782194.611692,6578014481.290345
S7,2042,bladder_cancer,direct_medical,avoided_incident_case_first_year,1563.7852216983906,17917.502226658013,6349.271058827539,40450.2353820222,INTERNATIONAL_PROXY_BLADDER,Event-specific first-year cost; no annual patient-year cost added for the same outcome,28019125.191795807,16952031.539219983,9928896.250351798,6007145.520549317,63255480.304627664,38270605.87410973
S7,2042,breast_cancer,direct_medical,avoided_incident_case_first_year,3465.8602305000813,53995.542586727424,26175.98574835096,99226.21468667472,CHINA_BREAST_NEW_DIAGNOSIS_COURSE,Event-specific first-year cost; no annual patient-year cost added for the same outcome,187141003.67561206,113223384.91564201,90722307.9993465,54888488.34459924,343904191.305609,208067691.5348397
S7,2042,colon_cancer,direct_medical,avoided_incident_case_first_year,11079.462106851486,72296.25822013385,35047.815693114135,132856.9673630357,CHINA_CRC_NEW_DIAGNOSIS_COURSE,Event-specific first-year cost; no annual patient-year cost added for the same outcome,801003653.4171233,484620383.49910456,388310945.8997729,234934508.37090167,1471983735.5299587,890574368.0116447
S7,2042,coronary_heart_disease,direct_medical,avoided_incident_case_first_year,61389.705863163246,21846.326995845397,8586.27962692537,46223.917226713966,CHINA_INCIDENT_MI_IMMEDIATE_PROXY,Event-specific first-year cost; no annual patient-year cost added for the same outcome,1341139588.4654317,811411507.1950741,527109180.75581956,318909723.11303484,2837672682.391175,1716838640.7711058
S7,2042,endometrial_cancer,direct_medical,avoided_incident_case_first_year,519.1801964353442,22329.17043600619,7912.595953582618,50409.93932055516,INTERNATIONAL_PROXY_ENDOMETRIAL,Event-specific first-year cost; no annual patient-year cost added for the same outcome,11592863.093203973,7013872.825815284,4108063.1214945335,2485445.749072598,26171842.19873961,15834394.948291631
S7,2042,gastric_cancer,direct_medical,avoided_incident_case_first_year,15205.892273106201,64762.28390756019,31395.4919125426,119011.97726255516,CHINA_GASTRIC_NEW_DIAGNOSIS_COURSE,Event-specific first-year cost; no annual patient-year cost added for the same outcome,984768312.4586796,595801024.3843031,477396467.8832997,288832714.25760126,1809683305.4637783,1094888161.5763118
S7,2042,oesophageal_cancer,direct_medical,avoided_incident_case_first_year,7522.425023582401,68356.63525540795,29827.5487154762,135047.26753332303,CHINA_OESOPHAGEAL_NEW_DIAGNOSIS_DERIVED,Event-specific first-year cost; no annual patient-year cost added for the same outcome,514207663.5731757,311104093.0411864,224375498.8494213,135750866.84852433,1015882944.6590964,614625888.5719665
S7,2042,renal_cancer,direct_medical,avoided_incident_case_first_year,2017.220976946623,13135.225379367826,4654.616770652017,29653.851952691733,INTERNATIONAL_PROXY_RENAL,Event-specific first-year cost; no annual patient-year cost added for the same outcome,26496652.172182444,16030910.323998949,9389390.589406798,5680735.723051239,59818372.20623934,36191098.94843855
S7,2042,stroke,direct_medical,avoided_incident_case_first_year,106998.79444571669,29612.850356671155,4730.172689851648,100820.84684525008,CHINA_FIRST_ISCHAEMIC_STROKE_ONE_YEAR,Event-specific first-year cost; no annual patient-year cost added for the same outcome,3168539288.265225,1917018378.7057462,506122775.3341793,306212602.6937766,10787709067.437998,6526741398.788745
S7,2043,bladder_cancer,direct_medical,avoided_incident_case_first_year,1595.1361020682227,17917.502226658013,6349.271058827539,40450.2353820222,INTERNATIONAL_PROXY_BLADDER,Event-specific first-year cost; no annual patient-year cost added for the same outcome,28580854.660629965,16788239.90871873,10127951.487752737,5949104.090105262,64523630.795021,37900832.792819224
S7,2043,breast_cancer,direct_medical,avoided_incident_case_first_year,3483.2210127880435,53995.542586727424,26175.98574835096,99226.21468667472,CHINA_BREAST_NEW_DIAGNOSIS_COURSE,Event-specific first-year cost; no annual patient-year cost added for the same outcome,188078408.53498062,110476242.98249978,91176743.58909641,53556727.52424767,345626836.01604295,203019339.7233007
S7,2043,colon_cancer,direct_medical,avoided_incident_case_first_year,11269.520805341142,72296.25822013385,35047.815693114135,132856.9673630357,CHINA_CRC_NEW_DIAGNOSIS_COURSE,Event-specific first-year cost; no annual patient-year cost added for the same outcome,814744186.160114,478576341.53716743,394972088.13531154,232004474.729625,1497234357.8322601,879467388.1284968
S7,2043,coronary_heart_disease,direct_medical,avoided_incident_case_first_year,62841.995852894484,21846.326995845397,8586.27962692537,46223.917226713966,CHINA_INCIDENT_MI_IMMEDIATE_PROXY,Event-specific first-year cost; no annual patient-year cost added for the same outcome,1372866790.4738932,806414549.6998373,539578948.7070365,316945764.8537758,2904803214.665697,1706265744.4810724
S7,2043,endometrial_cancer,direct_medical,avoided_incident_case_first_year,522.4596859960873,22329.17043600619,7912.595953582618,50409.93932055516,INTERNATIONAL_PROXY_ENDOMETRIAL,Event-specific first-year cost; no annual patient-year cost added for the same outcome,11666091.374548908,6852599.165368851,4134012.3973226855,2428296.5900062053,26337161.068499062,15470306.391557833
S7,2043,gastric_cancer,direct_medical,avoided_incident_case_first_year,15476.934162602587,64762.28390756019,31395.4919125426,119011.97726255516,CHINA_GASTRIC_NEW_DIAGNOSIS_COURSE,Event-specific first-year cost; no annual patient-year cost added for the same outcome,1002321604.257086,588758305.4379137,485905961.3329438,285418541.495577,1841940536.6537223,1081945938.7802377
S7,2043,oesophageal_cancer,direct_medical,avoided_incident_case_first_year,7668.825550967409,68356.63525540795,29827.5487154762,135047.26753332303,CHINA_OESOPHAGEAL_NEW_DIAGNOSIS_DERIVED,Event-specific first-year cost; no annual patient-year cost added for the same outcome,524215111.02483207,307921129.4469571,228742267.71196902,134361974.58793065,1035653935.847879,608337537.2736233
S7,2043,renal_cancer,direct_medical,avoided_incident_case_first_year,2041.2393864918774,13135.225379367826,4654.616770652017,29653.851952691733,INTERNATIONAL_PROXY_RENAL,Event-specific first-year cost; no annual patient-year cost added for the same outcome,26812139.39481332,15749306.099169435,9501187.081280528,5580946.057497666,60530610.56703343,35555354.24279659
S7,2043,stroke,direct_medical,avoided_incident_case_first_year,109062.05204740386,29612.850356671155,4730.172689851648,100820.84684525008,CHINA_FIRST_ISCHAEMIC_STROKE_ONE_YEAR,Event-specific first-year cost; no annual patient-year cost added for the same outcome,3229638226.8712516,1897072079.0155845,515882340.09380877,303026504.7355723,10995728446.099998,6458831596.052102
S7,2044,bladder_cancer,direct_medical,avoided_incident_case_first_year,1621.9804693780916,17917.502226658013,6349.271058827539,40450.2353820222,INTERNATIONAL_PROXY_BLADDER,Event-specific first-year cost; no annual patient-year cost added for the same outcome,29061838.671677765,16573560.507920252,10298393.652205823,5873029.998461604,65609491.77138665,37416176.38345376
S7,2044,breast_cancer,direct_medical,avoided_incident_case_first_year,3497.010025190253,53995.542586727424,26175.98574835096,99226.21468667472,CHINA_BREAST_NEW_DIAGNOSIS_COURSE,Event-specific first-year cost; no annual patient-year cost added for the same outcome,188822953.74137306,107683092.06005947,91537684.5812205,52202662.443387404,346995067.52098185,197886438.37987623
S7,2044,colon_cancer,direct_medical,avoided_incident_case_first_year,11433.251055712833,72296.25822013385,35047.815693114135,132856.9673630357,CHINA_CRC_NEW_DIAGNOSIS_COURSE,Event-specific first-year cost; no annual patient-year cost added for the same outcome,826581270.6194329,471387748.65870863,400710475.773726,228519585.13091415,1518987062.3622336,866257096.5732753
S7,2044,coronary_heart_disease,direct_medical,avoided_incident_case_first_year,64059.42796731339,21846.326995845397,8586.27962692537,46223.917226713966,CHINA_INCIDENT_MI_IMMEDIATE_PROXY,Event-specific first-year cost; no annual patient-year cost added for the same outcome,1399463210.5407321,798094314.008734,550032161.2682363,313675655.86843824,2961077695.95174,1688661234.3057258
S7,2044,endometrial_cancer,direct_medical,avoided_incident_case_first_year,525.1641295641014,22329.17043600619,7912.595953582618,50409.93932055516,INTERNATIONAL_PROXY_ENDOMETRIAL,Event-specific first-year cost; no annual patient-year cost added for the same outcome,11726479.355913656,6687447.320376055,4155411.5665556462,2369773.152059335,26473491.90465852,15097462.514145356
S7,2044,gastric_cancer,direct_medical,avoided_incident_case_first_year,15709.815500414275,64762.28390756019,31395.4919125426,119011.97726255516,CHINA_GASTRIC_NEW_DIAGNOSIS_COURSE,Event-specific first-year cost; no annual patient-year cost added for the same outcome,1017403531.5732191,580211017.6853116,493217385.49079275,281274983.1261096,1869656205.1342404,1066238808.7302666
S7,2044,oesophageal_cancer,direct_medical,avoided_incident_case_first_year,7794.597217724103,68356.63525540795,29827.5487154762,135047.26753332303,CHINA_OESOPHAGEAL_NEW_DIAGNOSIS_DERIVED,Event-specific first-year cost; no annual patient-year cost added for the same outcome,532812438.97478414,303855488.85890067,232493728.22918093,132587924.53051098,1052639055.7764822,600305344.7858258
S7,2044,renal_cancer,direct_medical,avoided_incident_case_first_year,2061.79148276707,13135.225379367826,4654.616770652017,29653.851952691733,INTERNATIONAL_PROXY_RENAL,Event-specific first-year cost; no annual patient-year cost added for the same outcome,27082095.811406445,15444540.818026846,9596849.213275095,5472949.007751798,61140059.38729547,34867321.547025844
S7,2044,stroke,direct_medical,avoided_incident_case_first_year,110811.63178479338,29612.850356671155,4730.172689851648,100820.84684525008,CHINA_FIRST_ISCHAEMIC_STROKE_ONE_YEAR,Event-specific first-year cost; no annual patient-year cost added for the same outcome,3281448269.8216314,1871364095.9854424,524158154.3863265,298920071.2860495,11172122556.846899,6371305384.000098
S7,2045,bladder_cancer,direct_medical,avoided_incident_case_first_year,1643.7106537122686,17917.502226658013,6349.271058827539,40450.2353820222,INTERNATIONAL_PROXY_BLADDER,Event-specific first-year cost; no annual patient-year cost added for the same outcome,29451189.29787107,16306409.446183268,10436364.4827018,5778361.975923394,66488482.84259884,36813060.88258108
S7,2045,breast_cancer,direct_medical,avoided_incident_case_first_year,3508.4755384992113,53995.542586727424,26175.98574835096,99226.21468667472,CHINA_BREAST_NEW_DIAGNOSIS_COURSE,Event-specific first-year cost; no annual patient-year cost added for the same outcome,189442040.3535256,104889464.5673363,91837805.6941933,50848366.33055052,348132747.0060694,192752661.25554585
S7,2045,colon_cancer,direct_medical,avoided_incident_case_first_year,11571.31850745669,72296.25822013385,35047.815693114135,132856.9673630357,CHINA_CRC_NEW_DIAGNOSIS_COURSE,Event-specific first-year cost; no annual patient-year cost added for the same outcome,836563030.7625027,463184666.9818344,405549438.3756626,224542891.1524894,1537330285.2924645,851182505.1427981
S7,2045,coronary_heart_disease,direct_medical,avoided_incident_case_first_year,64951.95862280201,21846.326995845397,8586.27962692537,46223.917226713966,CHINA_INCIDENT_MI_IMMEDIATE_PROXY,Event-specific first-year cost; no annual patient-year cost added for the same outcome,1418961727.0943527,785644704.4105095,557695679.0518645,308782575.705501,3002333959.093351,1662319519.1202545
S7,2045,endometrial_cancer,direct_medical,avoided_incident_case_first_year,527.2690790756111,22329.17043600619,7912.595953582618,50409.93932055516,INTERNATIONAL_PROXY_ENDOMETRIAL,Event-specific first-year cost; no annual patient-year cost added for the same outcome,11773481.132315345,6518691.045333278,4172067.181542914,2309972.4432568275,26579602.281806555,14716481.339352062
S7,2045,gastric_cancer,direct_medical,avoided_incident_case_first_year,15903.737568743794,64762.28390756019,31395.4919125426,119011.97726255516,CHINA_GASTRIC_NEW_DIAGNOSIS_COURSE,Event-specific first-year cost; no annual patient-year cost added for the same outcome,1029962367.6183167,570265190.6746142,499305664.2186957,276453440.20579505,1892735253.9209807,1047961619.1897624
S7,2045,oesophageal_cancer,direct_medical,avoided_incident_case_first_year,7897.879778740033,68356.63525540795,29827.5487154762,135047.26753332303,CHINA_OESOPHAGEAL_NEW_DIAGNOSIS_DERIVED,Event-specific first-year cost; no annual patient-year cost added for the same outcome,539872487.3263944,298914306.58489376,235574393.84934273,130431830.18152343,1066587083.4255273,590543407.8210317
S7,2045,renal_cancer,direct_medical,avoided_incident_case_first_year,2079.6355073113527,13135.225379367826,4654.616770652017,29653.851952691733,INTERNATIONAL_PROXY_RENAL,Event-specific first-year cost; no annual patient-year cost added for the same outcome,27316481.095470566,15124473.272251414,9679906.309174838,5359529.426185436,61669203.44937182,34144742.72990144
S7,2045,stroke,direct_medical,avoided_incident_case_first_year,112188.5611836795,29612.850356671155,4730.172689851648,100820.84684525008,CHINA_FIRST_ISCHAEMIC_STROKE_ONE_YEAR,Event-specific first-year cost; no annual patient-year cost added for the same outcome,3322223074.062547,1839434366.1068234,530671268.22479147,293819814.65938,11310945744.88872,6262596415.861973
S7,2046,bladder_cancer,direct_medical,avoided_incident_case_first_year,1660.5565096731277,17917.502226658013,6349.271058827539,40450.2353820222,INTERNATIONAL_PROXY_BLADDER,Event-specific first-year cost; no annual patient-year cost added for the same outcome,29753024.959559724,15993717.023115598,10543323.388415262,5667555.853117709,67169901.68142724,36107132.01173414
S7,2046,breast_cancer,direct_medical,avoided_incident_case_first_year,3513.881241079227,53995.542586727424,26175.98574835096,99226.21468667472,CHINA_BREAST_NEW_DIAGNOSIS_COURSE,Event-specific first-year cost; no annual patient-year cost added for the same outcome,189733924.197396,101991333.5676952,91979305.28788763,49443408.956122614,348669134.4108064,187426840.73436862
S7,2046,colon_cancer,direct_medical,avoided_incident_case_first_year,11679.24572298816,72296.25822013385,35047.815693114135,132856.9673630357,CHINA_CRC_NEW_DIAGNOSIS_COURSE,Event-specific first-year cost; no annual patient-year cost added for the same outcome,844365764.6055459,453888205.3661132,409332051.5338806,220036147.9084086,1551669167.8439124,834098637.6249129
S7,2046,coronary_heart_disease,direct_medical,avoided_incident_case_first_year,65571.13458312613,21846.326995845397,8586.27962692537,46223.917226713966,CHINA_INCIDENT_MI_IMMEDIATE_PROXY,Event-specific first-year cost; no annual patient-year cost added for the same outcome,1432488447.5915601,770033127.7509403,563012096.9854774,302646745.06258637,3030954697.4321437,1629287502.917821
S7,2046,endometrial_cancer,direct_medical,avoided_incident_case_first_year,527.7639443430782,22329.17043600619,7912.595953582618,50409.93932055516,INTERNATIONAL_PROXY_ENDOMETRIAL,Event-specific first-year cost; no annual patient-year cost added for the same outcome,11784531.063215476,6334766.139959334,4175982.850455842,2244796.5574712013,26604548.40991142,14301255.733635487
S7,2046,gastric_cancer,direct_medical,avoided_incident_case_first_year,16055.394172881388,64762.28390756019,31395.4919125426,119011.97726255516,CHINA_GASTRIC_NEW_DIAGNOSIS_COURSE,Event-specific first-year cost; no annual patient-year cost added for the same outcome,1039783995.6719319,558935133.9752789,504066997.9073812,270960849.73476774,1910784206.2443204,1027140666.4851074
S7,2046,oesophageal_cancer,direct_medical,avoided_incident_case_first_year,7977.562973173245,68356.63525540795,29827.5487154762,135047.26753332303,CHINA_OESOPHAGEAL_NEW_DIAGNOSIS_DERIVED,Event-specific first-year cost; no annual patient-year cost added for the same outcome,545319362.3842514,293136028.38884604,237951148.21310413,127910467.42368416,1077348081.1020591,579127680.89843
S7,2046,renal_cancer,direct_medical,avoided_incident_case_first_year,2094.027676630996,13135.225379367826,4654.616770652017,29653.851952691733,INTERNATIONAL_PROXY_RENAL,Event-specific first-year cost; no annual patient-year cost added for the same outcome,27505525.483182106,14785575.306982812,9746896.341856115,5239437.070925445,62095986.7076546,33379652.69155851
S7,2046,stroke,direct_medical,avoided_incident_case_first_year,113215.56668490756,29612.850356671155,4730.172689851648,100820.84684525008,CHINA_FIRST_ISCHAEMIC_STROKE_ONE_YEAR,Event-specific first-year cost; no annual patient-year cost added for the same outcome,3352635634.285892,1802206857.5973022,535529181.5990279,287873323.79673034,11414489309.237263,6135850463.052227
S7,2047,bladder_cancer,direct_medical,avoided_incident_case_first_year,1673.3563205213984,17917.502226658013,6349.271058827539,40450.2353820222,INTERNATIONAL_PROXY_BLADDER,Event-specific first-year cost; no annual patient-year cost added for the same outcome,29982365.598934416,15647571.764803868,10624592.856992653,5544895.336995144,67687657.04308514,35325680.61309843
S7,2047,breast_cancer,direct_medical,avoided_incident_case_first_year,3512.0124386253383,53995.542586727424,26175.98574835096,99226.21468667472,CHINA_BREAST_NEW_DIAGNOSIS_COURSE,Event-specific first-year cost; no annual patient-year cost added for the same outcome,189633017.19491088,98968049.5937623,91930387.54148816,47977779.861132495,348483700.21730983,181871029.82322887
S7,2047,colon_cancer,direct_medical,avoided_incident_case_first_year,11759.325385501452,72296.25822013385,35047.815693114135,132856.9673630357,CHINA_CRC_NEW_DIAGNOSIS_COURSE,Event-specific first-year cost; no annual patient-year cost added for the same outcome,850155224.564788,443689636.2865129,412138668.7864132,215092080.56336057,1562308308.9528837,815356990.5090628
S7,2047,coronary_heart_disease,direct_medical,avoided_incident_case_first_year,65970.65515198381,21846.326995845397,8586.27962692537,46223.917226713966,CHINA_INCIDENT_MI_IMMEDIATE_PROXY,Event-specific first-year cost; no annual patient-year cost added for the same outcome,1441216504.5803912,752160085.8887179,566442492.3063978,295622088.91595036,3049422103.137391,1591470527.6530051
S7,2047,endometrial_cancer,direct_medical,avoided_incident_case_first_year,526.2087542862969,22329.17043600619,7912.595953582618,50409.93932055516,INTERNATIONAL_PROXY_ENDOMETRIAL,Event-specific first-year cost; no annual patient-year cost added for the same outcome,11749804.959377225,6132135.095131981,4163677.2599055027,2172991.938040032,26526151.373517144,13843799.47911488
S7,2047,gastric_cancer,direct_medical,avoided_incident_case_first_year,16169.302081851767,64762.28390756019,31395.4919125426,119011.97726255516,CHINA_GASTRIC_NEW_DIAGNOSIS_COURSE,Event-specific first-year cost; no annual patient-year cost added for the same outcome,1047160932.0119882,546505437.6342751,507643192.74223536,264935175.41626537,1924340611.7167282,1004298934.3987669
S7,2047,oesophageal_cancer,direct_medical,avoided_incident_case_first_year,8036.293853255179,68356.63525540795,29827.5487154762,135047.26753332303,CHINA_OESOPHAGEAL_NEW_DIAGNOSIS_DERIVED,Event-specific first-year cost; no annual patient-year cost added for the same outcome,549334007.7322412,286693299.11523265,239702946.39985082,125099170.16554238,1085279525.9769516,566399245.9687777
S7,2047,renal_cancer,direct_medical,avoided_incident_case_first_year,2105.5379765612606,13135.225379367826,4654.616770652017,29653.851952691733,INTERNATIONAL_PROXY_RENAL,Event-specific first-year cost; no annual patient-year cost added for the same outcome,27656715.86695025,14433832.610001737,9800472.376946758,5114793.038635436,62437311.43771774,32585564.614615344
S7,2047,stroke,direct_medical,avoided_incident_case_first_year,113952.65754052767,29612.850356671155,4730.172689851648,100820.84684525008,CHINA_FIRST_ISCHAEMIC_STROKE_ONE_YEAR,Event-specific first-year cost; no annual patient-year cost added for the same outcome,3374462995.4926405,1761106931.8533936,539015748.6342214,281308277.06981266,11488803433.502771,5995920356.059191
S7,2048,bladder_cancer,direct_medical,avoided_incident_case_first_year,1683.0053995909811,17917.502226658013,6349.271058827539,40450.2353820222,INTERNATIONAL_PROXY_BLADDER,Event-specific first-year cost; no annual patient-year cost added for the same outcome,30155252.994648863,15279417.864198403,10685857.475473493,5414435.807718182,68077964.56266952,34494542.89379378
S7,2048,breast_cancer,direct_medical,avoided_incident_case_first_year,3507.4169335670813,53995.542586727424,26175.98574835096,99226.21468667472,CHINA_BREAST_NEW_DIAGNOSIS_COURSE,Event-specific first-year cost; no annual patient-year cost added for the same outcome,189384880.40583026,95959756.17897867,91810095.66657674,46519417.89679526,348027705.64580554,176342766.67564815
S7,2048,colon_cancer,direct_medical,avoided_incident_case_first_year,11819.399198759762,72296.25822013385,35047.815693114135,132856.9673630357,CHINA_CRC_NEW_DIAGNOSIS_COURSE,Event-specific first-year cost; no annual patient-year cost added for the same outcome,854498336.4803789,432967256.14150834,414244124.72147304,209894079.83185148,1570289533.600316,795652749.3207932
S7,2048,coronary_heart_disease,direct_medical,avoided_incident_case_first_year,66215.04857220387,21846.326995845397,8586.27962692537,46223.917226713966,CHINA_INCIDENT_MI_IMMEDIATE_PROXY,Event-specific first-year cost; no annual patient-year cost added for the same outcome,1446555603.1541517,732957787.762948,568540922.5513879,288074994.1013941,3060718924.3643966,1550841023.238049
S7,2048,endometrial_cancer,direct_medical,avoided_incident_case_first_year,523.9724283084447,22329.17043600619,7912.595953582618,50409.93932055516,INTERNATIONAL_PROXY_ENDOMETRIAL,Event-specific first-year cost; no annual patient-year cost added for the same outcome,11699869.655467296,5928227.412128248,4145982.116022258,2100734.927325561,26413418.316672638,13383461.10887977
S7,2048,gastric_cancer,direct_medical,avoided_incident_case_first_year,16255.495863251792,64762.28390756019,31395.4919125426,119011.97726255516,CHINA_GASTRIC_NEW_DIAGNOSIS_COURSE,Event-specific first-year cost; no annual patient-year cost added for the same outcome,1052743038.1540828,533416210.64948046,510349288.9090913,258589773.5071986,1934598704.0688818,980245199.8744823
S7,2048,oesophageal_cancer,direct_medical,avoided_incident_case_first_year,8079.872388998896,68356.63525540795,29827.5487154762,135047.26753332303,CHINA_OESOPHAGEAL_NEW_DIAGNOSIS_DERIVED,Event-specific first-year cost; no annual patient-year cost added for the same outcome,552312889.8050392,279852383.8155723,241002787.29769564,122114123.6722991,1091164688.1522439,552884143.6646025
S7,2048,renal_cancer,direct_medical,avoided_incident_case_first_year,2114.338753707887,13135.225379367826,4654.616770652017,29653.851952691733,INTERNATIONAL_PROXY_RENAL,Event-specific first-year cost; no annual patient-year cost added for the same outcome,27772316.05828478,14072003.381514387,9841436.621848216,4986574.728984296,62698288.38029243,31768705.362959553
S7,2048,stroke,direct_medical,avoided_incident_case_first_year,114467.5893179831,29612.850356671155,4730.172689851648,100820.84684525008,CHINA_FIRST_ISCHAEMIC_STROKE_ONE_YEAR,Event-specific first-year cost; no annual patient-year cost added for the same outcome,3389711593.1623235,1717538893.811822,541451464.865078,274348989.4223055,11540719291.37336,5847587235.882269
S7,2049,bladder_cancer,direct_medical,avoided_incident_case_first_year,1692.7155747719012,17917.502226658013,6349.271058827539,40450.2353820222,INTERNATIONAL_PROXY_BLADDER,Event-specific first-year cost; no annual patient-year cost added for the same outcome,30329235.080074236,14919973.933260223,10747510.009725854,5287062.755430711,68470743.43433839,33683068.64759798
S7,2049,breast_cancer,direct_medical,avoided_incident_case_first_year,3501.7047864479805,53995.542586727424,26175.98574835096,99226.21468667472,CHINA_BREAST_NEW_DIAGNOSIS_COURSE,Event-specific first-year cost; no annual patient-year cost added for the same outcome,189076449.9227992,93013084.46433266,91660574.58499467,45090928.93062266,347460910.9094438,170927744.13561192
S7,2049,colon_cancer,direct_medical,avoided_incident_case_first_year,11876.931881335731,72296.25822013385,35047.815693114135,132856.9673630357,CHINA_CRC_NEW_DIAGNOSIS_COURSE,Event-specific first-year cost; no annual patient-year cost added for the same outcome,858657734.1559882,422402707.40017205,416260519.576726,204772592.68600413,1577933151.3316195,776238550.8285394
S7,2049,coronary_heart_disease,direct_medical,avoided_incident_case_first_year,66486.61975463961,21846.326995845397,8586.27962692537,46223.917226713966,CHINA_INCIDENT_MI_IMMEDIATE_PROXY,Event-specific first-year cost; no annual patient-year cost added for the same outcome,1452488436.0082912,714528063.3154885,570872708.662396,280831544.54654837,3073272008.222467,1511846181.792504
S7,2049,endometrial_cancer,direct_medical,avoided_incident_case_first_year,521.4852827430884,22329.17043600619,7912.595953582618,50409.93932055516,INTERNATIONAL_PROXY_ENDOMETRIAL,Event-specific first-year cost; no annual patient-year cost added for the same outcome,11644333.758239299,5728240.612874934,4126302.338085849,2029867.326441023,26288041.45964164,12931974.45628943
S7,2049,gastric_cancer,direct_medical,avoided_incident_case_first_year,16339.782030640887,64762.28390756019,31395.4919125426,119011.97726255516,CHINA_GASTRIC_NEW_DIAGNOSIS_COURSE,Event-specific first-year cost; no annual patient-year cost added for the same outcome,1058201602.8560154,520565068.2934168,512995494.59569484,252359790.3817945,1944629767.5057404,956628987.3261294
S7,2049,oesophageal_cancer,direct_medical,avoided_incident_case_first_year,8122.923942682664,68356.63525540795,29827.5487154762,135047.26753332303,CHINA_OESOPHAGEAL_NEW_DIAGNOSIS_DERIVED,Event-specific first-year cost; no annual patient-year cost added for the same outcome,555255749.1573792,273149035.30698264,242286909.6124752,119189104.7118178,1096978682.8403008,539640822.1344223
S7,2049,renal_cancer,direct_medical,avoided_incident_case_first_year,2122.097217756336,13135.225379367826,4654.616770652017,29653.851952691733,INTERNATIONAL_PROXY_RENAL,Event-specific first-year cost; no annual patient-year cost added for the same outcome,27874225.232158873,13712271.76602493,9877549.298722627,4859099.732398318,62928356.72456542,30956581.645220924
S7,2049,stroke,direct_medical,avoided_incident_case_first_year,114981.59544900991,29612.850356671155,4730.172689851648,100820.84684525008,CHINA_FIRST_ISCHAEMIC_STROKE_ONE_YEAR,Event-specific first-year cost; no annual patient-year cost added for the same outcome,3404932779.8028316,1675001304.3532772,543882802.6284772,267554299.22783047,11592541824.787132,5702762413.539562
S7,2050,bladder_cancer,direct_medical,avoided_incident_case_first_year,1704.279503743988,17917.502226658013,6349.271058827539,40450.2353820222,INTERNATIONAL_PROXY_BLADDER,Event-specific first-year cost; no annual patient-year cost added for the same outcome,30536431.80318052,14584369.894577865,10820932.529274663,5168137.640586231,68938507.08320029,32925414.919520795
S7,2050,breast_cancer,direct_medical,avoided_incident_case_first_year,3492.9275258569405,53995.542586727424,26175.98574835096,99226.21468667472,CHINA_BREAST_NEW_DIAGNOSIS_COURSE,Event-specific first-year cost; no annual patient-year cost added for the same outcome,188602516.9747609,90077612.48391241,91430821.13685405,43667869.37712812,346589976.56567633,165533303.05803496
S7,2050,colon_cancer,direct_medical,avoided_incident_case_first_year,11942.814043910046,72296.25822013385,35047.815693114135,132856.9673630357,CHINA_CRC_NEW_DIAGNOSIS_COURSE,Event-specific first-year cost; no annual patient-year cost added for the same outcome,863420767.9935616,412374567.40990394,418569545.4680944,199911146.03888315,1586686055.6545615,757810096.8504335
S7,2050,coronary_heart_disease,direct_medical,avoided_incident_case_first_year,66843.36668592876,21846.326995845397,8586.27962692537,46223.917226713966,CHINA_INCIDENT_MI_IMMEDIATE_PROXY,Event-specific first-year cost; no annual patient-year cost added for the same outcome,1460282046.1239984,697438837.9216326,573935837.5704921,274114952.42252207,3089762248.845261,1475687657.7429252
S7,2050,endometrial_cancer,direct_medical,avoided_incident_case_first_year,518.3660590264714,22329.17043600619,7912.595953582618,50409.93932055516,INTERNATIONAL_PROXY_ENDOMETRIAL,Event-specific first-year cost; no annual patient-year cost added for the same outcome,11574684.080242923,5528133.579168284,4101621.1811274257,1958957.119108043,26130801.581359737,12480216.36452878
S7,2050,gastric_cancer,direct_medical,avoided_incident_case_first_year,16437.384677092992,64762.28390756019,31395.4919125426,119011.97726255516,CHINA_GASTRIC_NEW_DIAGNOSIS_COURSE,Event-specific first-year cost; no annual patient-year cost added for the same outcome,1064522573.1556759,508421909.5439028,516059777.6930247,246473023.89812234,1956245651.4460638,934313817.9745425
S7,2050,oesophageal_cancer,direct_medical,avoided_incident_case_first_year,8173.646214317512,68356.63525540795,29827.5487154762,135047.26753332303,CHINA_OESOPHAGEAL_NEW_DIAGNOSIS_DERIVED,Event-specific first-year cost; no annual patient-year cost added for the same outcome,558722952.9788482,266849194.01701802,243799830.64062324,116440156.89901096,1103828587.0276701,527194680.6746433
S7,2050,renal_cancer,direct_medical,avoided_incident_case_first_year,2130.487498512308,13135.225379367826,4654.616770652017,29653.851952691733,INTERNATIONAL_PROXY_RENAL,Event-specific first-year cost; no annual patient-year cost added for the same outcome,27984433.460884742,13365521.27355088,9916602.840239853,4736224.744654541,63177160.86794452,30173763.88067006
S7,2050,stroke,direct_medical,avoided_incident_case_first_year,115607.8637606372,29612.850356671155,4730.172689851648,100820.84684525008,CHINA_FIRST_ISCHAEMIC_STROKE_ONE_YEAR,Event-specific first-year cost; no annual patient-year cost added for the same outcome,3423478369.598176,1635072335.5669136,546845159.8926562,261176293.88851508,11655682726.317741,5566818983.636272
S0,2025,type2_diabetes,direct_medical,avoided_prevalence_patient_year,0.0,5150.5243,3605.36701,7725.78645,T2D_ROUTINE_NOCOMP,Excludes explicit macrovascular complication costs to avoid overlap with IHD and stroke,0.0,0.0,0.0,0.0,0.0,0.0
S0,2026,type2_diabetes,direct_medical,avoided_prevalence_patient_year,0.0,5150.5243,3605.36701,7725.78645,T2D_ROUTINE_NOCOMP,Excludes explicit macrovascular complication costs to avoid overlap with IHD and stroke,0.0,0.0,0.0,0.0,0.0,0.0
S0,2027,type2_diabetes,direct_medical,avoided_prevalence_patient_year,0.0,5150.5243,3605.36701,7725.78645,T2D_ROUTINE_NOCOMP,Excludes explicit macrovascular complication costs to avoid overlap with IHD and stroke,0.0,0.0,0.0,0.0,0.0,0.0
S0,2028,type2_diabetes,direct_medical,avoided_prevalence_patient_year,0.0,5150.5243,3605.36701,7725.78645,T2D_ROUTINE_NOCOMP,Excludes explicit macrovascular complication costs to avoid overlap with IHD and stroke,0.0,0.0,0.0,0.0,0.0,0.0
S0,2029,type2_diabetes,direct_medical,avoided_prevalence_patient_year,0.0,5150.5243,3605.36701,7725.78645,T2D_ROUTINE_NOCOMP,Excludes explicit macrovascular complication costs to avoid overlap with IHD and stroke,0.0,0.0,0.0,0.0,0.0,0.0
S0,2030,type2_diabetes,direct_medical,avoided_prevalence_patient_year,0.0,5150.5243,3605.36701,7725.78645,T2D_ROUTINE_NOCOMP,Excludes explicit macrovascular complication costs to avoid overlap with IHD and stroke,0.0,0.0,0.0,0.0,0.0,0.0
S0,2031,type2_diabetes,direct_medical,avoided_prevalence_patient_year,0.0,5150.5243,3605.36701,7725.78645,T2D_ROUTINE_NOCOMP,Excludes explicit macrovascular complication costs to avoid overlap with IHD and stroke,0.0,0.0,0.0,0.0,0.0,0.0
S0,2032,type2_diabetes,direct_medical,avoided_prevalence_patient_year,0.0,5150.5243,3605.36701,7725.78645,T2D_ROUTINE_NOCOMP,Excludes explicit macrovascular complication costs to avoid overlap with IHD and stroke,0.0,0.0,0.0,0.0,0.0,0.0
S0,2033,type2_diabetes,direct_medical,avoided_prevalence_patient_year,0.0,5150.5243,3605.36701,7725.78645,T2D_ROUTINE_NOCOMP,Excludes explicit macrovascular complication costs to avoid overlap with IHD and stroke,0.0,0.0,0.0,0.0,0.0,0.0
S0,2034,type2_diabetes,direct_medical,avoided_prevalence_patient_year,0.0,5150.5243,3605.36701,7725.78645,T2D_ROUTINE_NOCOMP,Excludes explicit macrovascular complication costs to avoid overlap with IHD and stroke,0.0,0.0,0.0,0.0,0.0,0.0
S0,2035,type2_diabetes,direct_medical,avoided_prevalence_patient_year,0.0,5150.5243,3605.36701,7725.78645,T2D_ROUTINE_NOCOMP,Excludes explicit macrovascular complication costs to avoid overlap with IHD and stroke,0.0,0.0,0.0,0.0,0.0,0.0
S0,2036,type2_diabetes,direct_medical,avoided_prevalence_patient_year,0.0,5150.5243,3605.36701,7725.78645,T2D_ROUTINE_NOCOMP,Excludes explicit macrovascular complication costs to avoid overlap with IHD and stroke,0.0,0.0,0.0,0.0,0.0,0.0
S0,2037,type2_diabetes,direct_medical,avoided_prevalence_patient_year,0.0,5150.5243,3605.36701,7725.78645,T2D_ROUTINE_NOCOMP,Excludes explicit macrovascular complication costs to avoid overlap with IHD and stroke,0.0,0.0,0.0,0.0,0.0,0.0
S0,2038,type2_diabetes,direct_medical,avoided_prevalence_patient_year,0.0,5150.5243,3605.36701,7725.78645,T2D_ROUTINE_NOCOMP,Excludes explicit macrovascular complication costs to avoid overlap with IHD and stroke,0.0,0.0,0.0,0.0,0.0,0.0
S0,2039,type2_diabetes,direct_medical,avoided_prevalence_patient_year,0.0,5150.5243,3605.36701,7725.78645,T2D_ROUTINE_NOCOMP,Excludes explicit macrovascular complication costs to avoid overlap with IHD and stroke,0.0,0.0,0.0,0.0,0.0,0.0
S0,2040,type2_diabetes,direct_medical,avoided_prevalence_patient_year,0.0,5150.5243,3605.36701,7725.78645,T2D_ROUTINE_NOCOMP,Excludes explicit macrovascular complication costs to avoid overlap with IHD and stroke,0.0,0.0,0.0,0.0,0.0,0.0
S0,2041,type2_diabetes,direct_medical,avoided_prevalence_patient_year,0.0,5150.5243,3605.36701,7725.78645,T2D_ROUTINE_NOCOMP,Excludes explicit macrovascular complication costs to avoid overlap with IHD and stroke,0.0,0.0,0.0,0.0,0.0,0.0
S0,2042,type2_diabetes,direct_medical,avoided_prevalence_patient_year,0.0,5150.5243,3605.36701,7725.78645,T2D_ROUTINE_NOCOMP,Excludes explicit macrovascular complication costs to avoid overlap with IHD and stroke,0.0,0.0,0.0,0.0,0.0,0.0
S0,2043,type2_diabetes,direct_medical,avoided_prevalence_patient_year,0.0,5150.5243,3605.36701,7725.78645,T2D_ROUTINE_NOCOMP,Excludes explicit macrovascular complication costs to avoid overlap with IHD and stroke,0.0,0.0,0.0,0.0,0.0,0.0
S0,2044,type2_diabetes,direct_medical,avoided_prevalence_patient_year,0.0,5150.5243,3605.36701,7725.78645,T2D_ROUTINE_NOCOMP,Excludes explicit macrovascular complication costs to avoid overlap with IHD and stroke,0.0,0.0,0.0,0.0,0.0,0.0
S0,2045,type2_diabetes,direct_medical,avoided_prevalence_patient_year,0.0,5150.5243,3605.36701,7725.78645,T2D_ROUTINE_NOCOMP,Excludes explicit macrovascular complication costs to avoid overlap with IHD and stroke,0.0,0.0,0.0,0.0,0.0,0.0
S0,2046,type2_diabetes,direct_medical,avoided_prevalence_patient_year,0.0,5150.5243,3605.36701,7725.78645,T2D_ROUTINE_NOCOMP,Excludes explicit macrovascular complication costs to avoid overlap with IHD and stroke,0.0,0.0,0.0,0.0,0.0,0.0
S0,2047,type2_diabetes,direct_medical,avoided_prevalence_patient_year,0.0,5150.5243,3605.36701,7725.78645,T2D_ROUTINE_NOCOMP,Excludes explicit macrovascular complication costs to avoid overlap with IHD and stroke,0.0,0.0,0.0,0.0,0.0,0.0
S0,2048,type2_diabetes,direct_medical,avoided_prevalence_patient_year,0.0,5150.5243,3605.36701,7725.78645,T2D_ROUTINE_NOCOMP,Excludes explicit macrovascular complication costs to avoid overlap with IHD and stroke,0.0,0.0,0.0,0.0,0.0,0.0
S0,2049,type2_diabetes,direct_medical,avoided_prevalence_patient_year,0.0,5150.5243,3605.36701,7725.78645,T2D_ROUTINE_NOCOMP,Excludes explicit macrovascular complication costs to avoid overlap with IHD and stroke,0.0,0.0,0.0,0.0,0.0,0.0
S0,2050,type2_diabetes,direct_medical,avoided_prevalence_patient_year,0.0,5150.5243,3605.36701,7725.78645,T2D_ROUTINE_NOCOMP,Excludes explicit macrovascular complication costs to avoid overlap with IHD and stroke,0.0,0.0,0.0,0.0,0.0,0.0
S1,2025,type2_diabetes,direct_medical,avoided_prevalence_patient_year,0.0,5150.5243,3605.36701,7725.78645,T2D_ROUTINE_NOCOMP,Excludes explicit macrovascular complication costs to avoid overlap with IHD and stroke,0.0,0.0,0.0,0.0,0.0,0.0
S1,2026,type2_diabetes,direct_medical,avoided_prevalence_patient_year,6985.606778235969,5150.5243,3605.36701,7725.78645,T2D_ROUTINE_NOCOMP,Excludes explicit macrovascular complication costs to avoid overlap with IHD and stroke,35979537.461549066,34931589.76849424,25185676.223084345,24452112.837945964,53969306.1923236,52397384.65274136
S1,2027,type2_diabetes,direct_medical,avoided_prevalence_patient_year,23851.32377317695,5150.5243,3605.36701,7725.78645,T2D_ROUTINE_NOCOMP,Excludes explicit macrovascular complication costs to avoid overlap with IHD and stroke,122846822.68091558,115794912.50911073,85992775.8766409,81056438.75637752,184270234.02137336,173692368.7636661
S1,2028,type2_diabetes,direct_medical,avoided_prevalence_patient_year,51232.61054959805,5150.5243,3605.36701,7725.78645,T2D_ROUTINE_NOCOMP,Excludes explicit macrovascular complication costs to avoid overlap with IHD and stroke,263874805.5881411,241482827.44742385,184712363.9116988,169037979.2131967,395812208.3822117,362224241.1711358
S1,2029,type2_diabetes,direct_medical,avoided_prevalence_patient_year,89697.4701502001,5150.5243,3605.36701,7725.78645,T2D_ROUTINE_NOCOMP,Excludes explicit macrovascular complication costs to avoid overlap with IHD and stroke,461988999.65713024,410471242.4748858,323392299.75999117,287329869.7324201,692983499.4856954,615706863.7123287
S1,2030,type2_diabetes,direct_medical,avoided_prevalence_patient_year,101653.1738674388,5150.5243,3605.36701,7725.78645,T2D_ROUTINE_NOCOMP,Excludes explicit macrovascular complication costs to avoid overlap with IHD and stroke,523567142.17636853,451633616.056248,366496999.52345794,316143531.23937356,785350713.2645527,677450424.0843719
S1,2031,type2_diabetes,direct_medical,avoided_prevalence_patient_year,103569.5013265128,5150.5243,3605.36701,7725.78645,T2D_ROUTINE_NOCOMP,Excludes explicit macrovascular complication costs to avoid overlap with IHD and stroke,533437233.3210864,446745284.8352951,373406063.32476044,312721699.38470656,800155849.9816295,670117927.2529426
S1,2032,type2_diabetes,direct_medical,avoided_prevalence_patient_year,105573.62486267583,5150.5243,3605.36701,7725.78645,T2D_ROUTINE_NOCOMP,Excludes explicit macrovascular complication costs to avoid overlap with IHD and stroke,543759520.294296,442126250.1634261,380631664.20600724,309488375.1143983,815639280.441444,663189375.2451391
S1,2033,type2_diabetes,direct_medical,avoided_prevalence_patient_year,107752.46955749935,5150.5243,3605.36701,7725.78645,T2D_ROUTINE_NOCOMP,Excludes explicit macrovascular complication costs to avoid overlap with IHD and stroke,554981712.8409107,438107688.9919797,388487198.98863745,306675382.2943858,832472569.261366,657161533.4879696
S1,2034,type2_diabetes,direct_medical,avoided_prevalence_patient_year,109940.4420258932,5150.5243,3605.36701,7725.78645,T2D_ROUTINE_NOCOMP,Excludes explicit macrovascular complication costs to avoid overlap with IHD and stroke,566250918.2071041,433984178.41886693,396375642.7449729,303788924.8932069,849376377.3106562,650976267.6283004
S1,2035,type2_diabetes,direct_medical,avoided_prevalence_patient_year,111896.29620712067,5150.5243,3605.36701,7725.78645,T2D_ROUTINE_NOCOMP,Excludes explicit macrovascular complication costs to avoid overlap with IHD and stroke,576324592.6947728,428839622.429514,403427214.886341,300187735.70065975,864486889.0421592,643259433.6442709
S1,2036,type2_diabetes,direct_medical,avoided_prevalence_patient_year,113627.76370457374,5150.5243,3605.36701,7725.78645,T2D_ROUTINE_NOCOMP,Excludes explicit macrovascular complication costs to avoid overlap with IHD and stroke,585242558.1150651,422791675.9534105,409669790.6805455,295954173.1673873,877863837.1725975,634187513.9301157
S1,2037,type2_diabetes,direct_medical,avoided_prevalence_patient_year,115145.89409889352,5150.5243,3605.36701,7725.78645,T2D_ROUTINE_NOCOMP,Excludes explicit macrovascular complication costs to avoid overlap with IHD and stroke,593061725.6015776,415961562.0494723,415143207.9211044,291173093.43463063,889592588.4023665,623942343.0742085
S1,2038,type2_diabetes,direct_medical,avoided_prevalence_patient_year,116441.15314105566,5150.5243,3605.36701,7725.78645,T2D_ROUTINE_NOCOMP,Excludes explicit macrovascular complication costs to avoid overlap with IHD and stroke,599732988.7730285,408388982.34310704,419813092.14111996,285872287.6401749,899599483.1595427,612583473.5146605
S1,2039,type2_diabetes,direct_medical,avoided_prevalence_patient_year,117535.40544414602,5150.5243,3605.36701,7725.78645,T2D_ROUTINE_NOCOMP,Excludes explicit macrovascular complication costs to avoid overlap with IHD and stroke,605368961.8504263,400220199.7692491,423758273.29529846,280154139.8384744,908053442.7756395,600330299.6538737
S1,2040,type2_diabetes,direct_medical,avoided_prevalence_patient_year,118454.08483566748,5150.5243,3605.36701,7725.78645,T2D_ROUTINE_NOCOMP,Excludes explicit macrovascular complication costs to avoid overlap with IHD and stroke,610100642.3803669,391600386.4262506,427070449.6662568,274120270.49837536,915150963.5705503,587400579.6393758
S1,2041,type2_diabetes,direct_medical,avoided_prevalence_patient_year,119356.61061266411,5150.5243,3605.36701,7725.78645,T2D_ROUTINE_NOCOMP,Excludes explicit macrovascular complication costs to avoid overlap with IHD and stroke,614749123.3261644,383091329.5714142,430324386.3283151,268163930.69998994,922123684.9892465,574636994.3571212
S1,2042,type2_diabetes,direct_medical,avoided_prevalence_patient_year,120260.9463711866,5150.5243,3605.36701,7725.78645,T2D_ROUTINE_NOCOMP,Excludes explicit macrovascular complication costs to avoid overlap with IHD and stroke,619406926.6257933,374751377.2787702,433584848.6380554,262325964.09513918,929110389.9386901,562127065.9181554
S1,2043,type2_diabetes,direct_medical,avoided_prevalence_patient_year,121067.31438217667,5150.5243,3605.36701,7725.78645,T2D_ROUTINE_NOCOMP,Excludes explicit macrovascular complication costs to avoid overlap with IHD and stroke,623560144.6611404,366275866.4983828,436492101.2627983,256393106.54886797,935340216.9917107,549413799.7475742
S1,2044,type2_diabetes,direct_medical,avoided_prevalence_patient_year,121717.81886360637,5150.5243,3605.36701,7725.78645,T2D_ROUTINE_NOCOMP,Excludes explicit macrovascular complication costs to avoid overlap with IHD and stroke,626910583.800003,357518346.00164783,438837408.6600021,250262842.20115346,940365875.7000045,536277519.0024717
S1,2045,type2_diabetes,direct_medical,avoided_prevalence_patient_year,122264.56556203,5150.5243,3605.36701,7725.78645,T2D_ROUTINE_NOCOMP,Excludes explicit macrovascular complication costs to avoid overlap with IHD and stroke,629726615.9561787,348664359.02074546,440808631.16932505,244065051.3145218,944589923.9342679,522996538.5311181
S1,2046,type2_diabetes,direct_medical,avoided_prevalence_patient_year,122601.24926154708,5150.5243,3605.36701,7725.78645,T2D_ROUTINE_NOCOMP,Excludes explicit macrovascular complication costs to avoid overlap with IHD and stroke,631460713.5319554,339441249.3241226,442022499.4723687,237608874.5268858,947191070.2979329,509161873.9861838
S1,2047,type2_diabetes,direct_medical,avoided_prevalence_patient_year,122720.10948184875,5150.5243,3605.36701,7725.78645,T2D_ROUTINE_NOCOMP,Excludes explicit macrovascular complication costs to avoid overlap with IHD and stroke,632072905.9849224,329874109.6445942,442451034.1894457,230911876.75121593,948109358.9773835,494811164.4668912
S1,2048,type2_diabetes,direct_medical,avoided_prevalence_patient_year,122701.23069334084,5150.5243,3605.36701,7725.78645,T2D_ROUTINE_NOCOMP,Excludes explicit macrovascular complication costs to avoid overlap with IHD and stroke,631975670.3259579,320216857.3624876,442382969.22817045,224151800.1537413,947963505.4889367,480325286.04373133
S1,2049,type2_diabetes,direct_medical,avoided_prevalence_patient_year,122605.0824864656,5150.5243,3605.36701,7725.78645,T2D_ROUTINE_NOCOMP,Excludes explicit macrovascular complication costs to avoid overlap with IHD and stroke,631480456.6500455,310646540.4652362,442036319.65503186,217452578.32566532,947220684.9750682,465969810.6978542
S1,2050,type2_diabetes,direct_medical,avoided_prevalence_patient_year,122451.31905135563,5150.5243,3605.36701,7725.78645,T2D_ROUTINE_NOCOMP,Excludes explicit macrovascular complication costs to avoid overlap with IHD and stroke,630688494.3410602,301220337.36654073,441481946.03874207,210854236.15657848,946032741.5115901,451830506.04981107
S2,2025,type2_diabetes,direct_medical,avoided_prevalence_patient_year,0.0,5150.5243,3605.36701,7725.78645,T2D_ROUTINE_NOCOMP,Excludes explicit macrovascular complication costs to avoid overlap with IHD and stroke,0.0,0.0,0.0,0.0,0.0,0.0
S2,2026,type2_diabetes,direct_medical,avoided_prevalence_patient_year,20956.82033470671,5150.5243,3605.36701,7725.78645,T2D_ROUTINE_NOCOMP,Excludes explicit macrovascular complication costs to avoid overlap with IHD and stroke,107938612.38464105,104794769.30547674,75557028.66924873,73356338.51383372,161907918.57696155,157192153.9582151
S2,2027,type2_diabetes,direct_medical,avoided_prevalence_patient_year,71553.97131953115,5150.5243,3605.36701,7725.78645,T2D_ROUTINE_NOCOMP,Excludes explicit macrovascular complication costs to avoid overlap with IHD and stroke,368540468.0427483,347384737.5273337,257978327.62992376,243169316.26913354,552810702.0641223,521077106.2910004
S2,2028,type2_diabetes,direct_medical,avoided_prevalence_patient_year,153697.83164878853,5150.5243,3605.36701,7725.78645,T2D_ROUTINE_NOCOMP,Excludes explicit macrovascular complication costs to avoid overlap with IHD and stroke,791624416.7643944,724448482.3422451,554137091.7350761,507113937.63957155,1187436625.1465914,1086672723.5133674
S2,2029,type2_diabetes,direct_medical,avoided_prevalence_patient_year,269092.4104505921,5150.5243,3605.36701,7725.78645,T2D_ROUTINE_NOCOMP,Excludes explicit macrovascular complication costs to avoid overlap with IHD and stroke,1385966998.9713485,1231413727.42462,970176899.2799441,861989609.197234,2078950498.457023,1847120591.13693
S2,2030,type2_diabetes,direct_medical,avoided_prevalence_patient_year,304959.5216023223,5150.5243,3605.36701,7725.78645,T2D_ROUTINE_NOCOMP,Excludes explicit macrovascular complication costs to avoid overlap with IHD and stroke,1570701426.529136,1354900848.16877,1099490998.570395,948430593.7181389,2356052139.7937036,2032351272.253155
S2,2031,type2_diabetes,direct_medical,avoided_prevalence_patient_year,310708.50397953787,5150.5243,3605.36701,7725.78645,T2D_ROUTINE_NOCOMP,Excludes explicit macrovascular complication costs to avoid overlap with IHD and stroke,1600311699.9632566,1340235854.505883,1120218189.9742796,938165098.1541182,2400467549.944885,2010353781.7588246
S2,2032,type2_diabetes,direct_medical,avoided_prevalence_patient_year,316720.8745880311,5150.5243,3605.36701,7725.78645,T2D_ROUTINE_NOCOMP,Excludes explicit macrovascular complication costs to avoid overlap with IHD and stroke,1631278560.8829067,1326378750.4902935,1141894992.6180346,928465125.3432053,2446917841.32436,1989568125.73544
S2,2033,type2_diabetes,direct_medical,avoided_prevalence_patient_year,323257.4086724777,5150.5243,3605.36701,7725.78645,T2D_ROUTINE_NOCOMP,Excludes explicit macrovascular complication costs to avoid overlap with IHD and stroke,1664945138.522627,1314323066.9758563,1165461596.965839,920026146.8830994,2497417707.783941,1971484600.4637847
S2,2034,type2_diabetes,direct_medical,avoided_prevalence_patient_year,329821.32607768034,5150.5243,3605.36701,7725.78645,T2D_ROUTINE_NOCOMP,Excludes explicit macrovascular complication costs to avoid overlap with IHD and stroke,1698752754.6213162,1301952535.2566037,1189126928.2349215,911366774.6796228,2548129131.9319744,1952928802.8849058
S2,2035,type2_diabetes,direct_medical,avoided_prevalence_patient_year,335688.88862136507,5150.5243,3605.36701,7725.78645,T2D_ROUTINE_NOCOMP,Excludes explicit macrovascular complication costs to avoid overlap with IHD and stroke,1728973778.0843344,1286518867.2885537,1210281644.659034,900563207.1019876,2593460667.126501,1929778300.93283
S2,2036,type2_diabetes,direct_medical,avoided_prevalence_patient_year,340883.2911137203,5150.5243,3605.36701,7725.78645,T2D_ROUTINE_NOCOMP,Excludes explicit macrovascular complication costs to avoid overlap with IHD and stroke,1755727674.3451903,1268375027.860228,1229009372.0416331,887862519.5021595,2633591511.5177855,1902562541.790342
S2,2037,type2_diabetes,direct_medical,avoided_prevalence_patient_year,345437.68229667365,5150.5243,3605.36701,7725.78645,T2D_ROUTINE_NOCOMP,Excludes explicit macrovascular complication costs to avoid overlap with IHD and stroke,1779185176.8046975,1247884686.148392,1245429623.7632883,873519280.3038744,2668777765.207046,1871827029.2225878
S2,2038,type2_diabetes,direct_medical,avoided_prevalence_patient_year,349323.4594231784,5150.5243,3605.36701,7725.78645,T2D_ROUTINE_NOCOMP,Excludes explicit macrovascular complication costs to avoid overlap with IHD and stroke,1799198966.3191442,1225166947.029361,1259439276.423401,857616862.9205528,2698798449.4787164,1837750420.5440416
S2,2039,type2_diabetes,direct_medical,avoided_prevalence_patient_year,352606.2163324497,5150.5243,3605.36701,7725.78645,T2D_ROUTINE_NOCOMP,Excludes explicit macrovascular complication costs to avoid overlap with IHD and stroke,1816106885.5513391,1200660599.3077872,1271274819.8859372,840462419.5154508,2724160328.3270082,1800990898.9616804
S2,2040,type2_diabetes,direct_medical,avoided_prevalence_patient_year,355362.25450701505,5150.5243,3605.36701,7725.78645,T2D_ROUTINE_NOCOMP,Excludes explicit macrovascular complication costs to avoid overlap with IHD and stroke,1830301927.1411655,1174801159.2787933,1281211348.9988158,822360811.4951552,2745452890.711748,1762201738.9181898
S2,2041,type2_diabetes,direct_medical,avoided_prevalence_patient_year,358069.8318380059,5150.5243,3605.36701,7725.78645,T2D_ROUTINE_NOCOMP,Excludes explicit macrovascular complication costs to avoid overlap with IHD and stroke,1844247369.978563,1149273988.714286,1290973158.9849942,804491792.1000004,2766371054.9678445,1723910983.0714293
S2,2042,type2_diabetes,direct_medical,avoided_prevalence_patient_year,360782.83911357407,5150.5243,3605.36701,7725.78645,T2D_ROUTINE_NOCOMP,Excludes explicit macrovascular complication costs to avoid overlap with IHD and stroke,1858220779.8774538,1124254131.8363554,1300754545.9142175,786977892.2854487,2787331169.81618,1686381197.7545328
S2,2043,type2_diabetes,direct_medical,avoided_prevalence_patient_year,363201.94314654503,5150.5243,3605.36701,7725.78645,T2D_ROUTINE_NOCOMP,Excludes explicit macrovascular complication costs to avoid overlap with IHD and stroke,1870680433.9834986,1098827599.4951937,1309476303.788449,769179319.6466357,2806020650.975248,1648241399.2427907
S2,2044,type2_diabetes,direct_medical,avoided_prevalence_patient_year,365153.45659083466,5150.5243,3605.36701,7725.78645,T2D_ROUTINE_NOCOMP,Excludes explicit macrovascular complication costs to avoid overlap with IHD and stroke,1880731751.400089,1072555038.004989,1316512225.9800622,750788526.6034923,2821097627.1001334,1608832557.0074835
S2,2045,type2_diabetes,direct_medical,avoided_prevalence_patient_year,366793.69668610586,5150.5243,3605.36701,7725.78645,T2D_ROUTINE_NOCOMP,Excludes explicit macrovascular complication costs to avoid overlap with IHD and stroke,1889179847.8686178,1045993077.0622816,1322425893.5080323,732195153.9435971,2833769771.8029265,1568989615.5934224
S2,2046,type2_diabetes,direct_medical,avoided_prevalence_patient_year,367803.7477846573,5150.5243,3605.36701,7725.78645,T2D_ROUTINE_NOCOMP,Excludes explicit macrovascular complication costs to avoid overlap with IHD and stroke,1894382140.5959485,1018323747.9724122,1326067498.4171638,712826623.5806885,2841573210.893923,1527485621.9586184
S2,2047,type2_diabetes,direct_medical,avoided_prevalence_patient_year,368160.32844556216,5150.5243,3605.36701,7725.78645,T2D_ROUTINE_NOCOMP,Excludes explicit macrovascular complication costs to avoid overlap with IHD and stroke,1896218717.9548492,989622328.9338255,1327353102.5683944,692735630.2536777,2844328076.9322734,1484433493.400738
S2,2048,type2_diabetes,direct_medical,avoided_prevalence_patient_year,368103.69208003825,5150.5243,3605.36701,7725.78645,T2D_ROUTINE_NOCOMP,Excludes explicit macrovascular complication costs to avoid overlap with IHD and stroke,1895927010.9779546,960650572.0875039,1327148907.6845682,672455400.4612527,2843890516.466932,1440975858.1312556
S2,2049,type2_diabetes,direct_medical,avoided_prevalence_patient_year,367815.24745941244,5150.5243,3605.36701,7725.78645,T2D_ROUTINE_NOCOMP,Excludes explicit macrovascular complication costs to avoid overlap with IHD and stroke,1894441369.950217,931939621.3957481,1326108958.9651518,652357734.9770236,2841662054.9253254,1397909432.0936222
S2,2050,type2_diabetes,direct_medical,avoided_prevalence_patient_year,367353.9571540823,5150.5243,3605.36701,7725.78645,T2D_ROUTINE_NOCOMP,Excludes explicit macrovascular complication costs to avoid overlap with IHD and stroke,1892065483.0232599,903661012.0996602,1324445838.1162817,632562708.469762,2838098224.5348897,1355491518.14949
S3,2025,type2_diabetes,direct_medical,avoided_prevalence_patient_year,0.0,5150.5243,3605.36701,7725.78645,T2D_ROUTINE_NOCOMP,Excludes explicit macrovascular complication costs to avoid overlap with IHD and stroke,0.0,0.0,0.0,0.0,0.0,0.0
S3,2026,type2_diabetes,direct_medical,avoided_prevalence_patient_year,17114.73660667743,5150.5243,3605.36701,7725.78645,T2D_ROUTINE_NOCOMP,Excludes explicit macrovascular complication costs to avoid overlap with IHD and stroke,88149866.78079164,85582394.93280742,61704906.74655415,59907676.45296519,132224800.17118746,128373592.39921112
S3,2027,type2_diabetes,direct_medical,avoided_prevalence_patient_year,58435.7432442854,5150.5243,3605.36701,7725.78645,T2D_ROUTINE_NOCOMP,Excludes explicit macrovascular complication costs to avoid overlap with IHD and stroke,300974715.5682528,283697535.6473304,210682300.89777693,198588274.95313126,451462073.35237914,425546303.47099555
S3,2028,type2_diabetes,direct_medical,avoided_prevalence_patient_year,125519.89584650901,5150.5243,3605.36701,7725.78645,T2D_ROUTINE_NOCOMP,Excludes explicit macrovascular complication costs to avoid overlap with IHD and stroke,646493273.6909137,591632927.2461591,452545291.5836396,414143049.0723114,969739910.5363705,887449390.8692386
S3,2029,type2_diabetes,direct_medical,avoided_prevalence_patient_year,219758.8018679861,5150.5243,3605.36701,7725.78645,T2D_ROUTINE_NOCOMP,Excludes explicit macrovascular complication costs to avoid overlap with IHD and stroke,1131873049.1599479,1005654544.0634514,792311134.4119635,703958180.8444159,1697809573.7399216,1508481816.095177
S3,2030,type2_diabetes,direct_medical,avoided_prevalence_patient_year,273955.30357275315,5150.5243,3605.36701,7725.78645,T2D_ROUTINE_NOCOMP,Excludes explicit macrovascular complication costs to avoid overlap with IHD and stroke,1411013448.1653419,1217152595.2716131,987709413.7157394,852006816.6901292,2116520172.2480128,1825728892.9074197
S3,2031,type2_diabetes,direct_medical,avoided_prevalence_patient_year,329868.86172494333,5150.5243,3605.36701,7725.78645,T2D_ROUTINE_NOCOMP,Excludes explicit macrovascular complication costs to avoid overlap with IHD and stroke,1698997588.1276605,1422883732.2004151,1189298311.6893623,996018612.5402906,2548496382.1914907,2134325598.3006227
S3,2032,type2_diabetes,direct_medical,avoided_prevalence_patient_year,387983.07137034624,5150.5243,3605.36701,7725.78645,T2D_ROUTINE_NOCOMP,Excludes explicit macrovascular complication costs to avoid overlap with IHD and stroke,1998316237.0816026,1624813969.3506436,1398821365.9571218,1137369778.5454504,2997474355.6224036,2437220954.025965
S3,2033,type2_diabetes,direct_medical,avoided_prevalence_patient_year,448789.0357069594,5150.5243,3605.36701,7725.78645,T2D_ROUTINE_NOCOMP,Excludes explicit macrovascular complication costs to avoid overlap with IHD and stroke,2311498833.982262,1824718524.6514924,1618049183.7875834,1277302967.2560444,3467248250.9733925,2737077786.9772377
S3,2034,type2_diabetes,direct_medical,avoided_prevalence_patient_year,511772.75763053255,5150.5243,3605.36701,7725.78645,T2D_ROUTINE_NOCOMP,Excludes explicit macrovascular complication costs to avoid overlap with IHD and stroke,2635898024.2540684,2020196350.5398247,1845128616.9778478,1414137445.3778772,3953847036.381102,3030294525.8097367
S3,2035,type2_diabetes,direct_medical,avoided_prevalence_patient_year,520877.2588441605,5150.5243,3605.36701,7725.78645,T2D_ROUTINE_NOCOMP,Excludes explicit macrovascular complication costs to avoid overlap with IHD and stroke,2682790978.9942384,1996248442.4094403,1877953685.2959669,1397373909.686608,4024186468.4913573,2994372663.61416
S3,2036,type2_diabetes,direct_medical,avoided_prevalence_patient_year,528937.240044784,5150.5243,3605.36701,7725.78645,T2D_ROUTINE_NOCOMP,Excludes explicit macrovascular complication costs to avoid overlap with IHD and stroke,2724304108.0255933,1968095251.5631008,1907012875.6179152,1377666676.0941706,4086456162.0383897,2952142877.344651
S3,2037,type2_diabetes,direct_medical,avoided_prevalence_patient_year,536004.1370303346,5150.5243,3605.36701,7725.78645,T2D_ROUTINE_NOCOMP,Excludes explicit macrovascular complication costs to avoid overlap with IHD and stroke,2760702332.675268,1936301071.3402402,1932491632.8726876,1355410749.938168,4141053499.012902,2904451607.0103602
S3,2038,type2_diabetes,direct_medical,avoided_prevalence_patient_year,542033.5678716248,5150.5243,3605.36701,7725.78645,T2D_ROUTINE_NOCOMP,Excludes explicit macrovascular complication costs to avoid overlap with IHD and stroke,2791757062.738503,1901050712.807201,1954229943.9169521,1330735498.9650407,4187635594.107754,2851576069.210801
S3,2039,type2_diabetes,direct_medical,avoided_prevalence_patient_year,547127.3123425202,5150.5243,3605.36701,7725.78645,T2D_ROUTINE_NOCOMP,Excludes explicit macrovascular complication costs to avoid overlap with IHD and stroke,2817992517.4138403,1863025029.9259245,1972594762.1896882,1304117520.948147,4226988776.1207604,2794537544.888887
S3,2040,type2_diabetes,direct_medical,avoided_prevalence_patient_year,551403.7649100542,5150.5243,3605.36701,7725.78645,T2D_ROUTINE_NOCOMP,Excludes explicit macrovascular complication costs to avoid overlap with IHD and stroke,2840018490.280721,1822899798.814269,1988012943.1965048,1276029859.1699884,4260027735.4210815,2734349698.2214036
S3,2041,type2_diabetes,direct_medical,avoided_prevalence_patient_year,555605.0224019748,5150.5243,3605.36701,7725.78645,T2D_ROUTINE_NOCOMP,Excludes explicit macrovascular complication costs to avoid overlap with IHD and stroke,2861657169.0834155,1783290139.155008,2003160018.3583908,1248303097.4085057,4292485753.625123,2674935208.732512
S3,2042,type2_diabetes,direct_medical,avoided_prevalence_patient_year,559814.705357898,5150.5243,3605.36701,7725.78645,T2D_ROUTINE_NOCOMP,Excludes explicit macrovascular complication costs to avoid overlap with IHD and stroke,2883339243.443194,1744467661.2327516,2018337470.4102356,1221127362.862926,4325008865.164791,2616701491.849128
S3,2043,type2_diabetes,direct_medical,avoided_prevalence_patient_year,563568.3484490579,5150.5243,3605.36701,7725.78645,T2D_ROUTINE_NOCOMP,Excludes explicit macrovascular complication costs to avoid overlap with IHD and stroke,2902672473.39774,1705014158.550049,2031870731.378418,1193509910.9850342,4354008710.09661,2557521237.8250737
S3,2044,type2_diabetes,direct_medical,avoided_prevalence_patient_year,566596.446810114,5150.5243,3605.36701,7725.78645,T2D_ROUTINE_NOCOMP,Excludes explicit macrovascular complication costs to avoid overlap with IHD and stroke,2918268767.5891495,1664247900.6377478,2042788137.3124046,1164973530.4464235,4377403151.383724,2496371850.9566216
S3,2045,type2_diabetes,direct_medical,avoided_prevalence_patient_year,569141.5526912764,5150.5243,3605.36701,7725.78645,T2D_ROUTINE_NOCOMP,Excludes explicit macrovascular complication costs to avoid overlap with IHD and stroke,2931377397.2761497,1623032591.2416465,2051964178.0933046,1136122813.8691523,4397066095.914225,2434548886.8624697
S3,2046,type2_diabetes,direct_medical,avoided_prevalence_patient_year,570708.8153125285,5150.5243,3605.36701,7725.78645,T2D_ROUTINE_NOCOMP,Excludes explicit macrovascular complication costs to avoid overlap with IHD and stroke,2939449621.49139,1580099015.6038651,2057614735.0439732,1106069310.9227057,4409174432.237085,2370148523.4057975
S3,2047,type2_diabetes,direct_medical,avoided_prevalence_patient_year,571262.1096380324,5150.5243,3605.36701,7725.78645,T2D_ROUTINE_NOCOMP,Excludes explicit macrovascular complication costs to avoid overlap with IHD and stroke,2942299377.35995,1535563980.395657,2059609564.151965,1074894786.27696,4413449066.039925,2303345970.5934854
S3,2048,type2_diabetes,direct_medical,avoided_prevalence_patient_year,571174.2288775275,5150.5243,3605.36701,7725.78645,T2D_ROUTINE_NOCOMP,Excludes explicit macrovascular complication costs to avoid overlap with IHD and stroke,2941846745.3674674,1490609471.0224473,2059292721.757227,1043426629.7157131,4412770118.051201,2235914206.533671
S3,2049,type2_diabetes,direct_medical,avoided_prevalence_patient_year,570726.6589745227,5150.5243,3605.36701,7725.78645,T2D_ROUTINE_NOCOMP,Excludes explicit macrovascular complication costs to avoid overlap with IHD and stroke,2939541525.7060924,1446059645.8657386,2057679067.9942646,1012241752.106017,4409312288.559138,2169089468.798608
S3,2050,type2_diabetes,direct_medical,avoided_prevalence_patient_year,570010.8901840852,5150.5243,3605.36701,7725.78645,T2D_ROUTINE_NOCOMP,Excludes explicit macrovascular complication costs to avoid overlap with IHD and stroke,2935854941.1577625,1402180670.441308,2055098458.8104336,981526469.3089155,4403782411.736644,2103271005.661962
S4,2025,type2_diabetes,direct_medical,avoided_prevalence_patient_year,0.0,5150.5243,3605.36701,7725.78645,T2D_ROUTINE_NOCOMP,Excludes explicit macrovascular complication costs to avoid overlap with IHD and stroke,0.0,0.0,0.0,0.0,0.0,0.0
S4,2026,type2_diabetes,direct_medical,avoided_prevalence_patient_year,34928.033891178784,5150.5243,3605.36701,7725.78645,T2D_ROUTINE_NOCOMP,Excludes explicit macrovascular complication costs to avoid overlap with IHD and stroke,179897687.30773988,174657948.8424659,125928381.11541791,122260564.18972613,269846530.9616098,261986923.26369882
S4,2027,type2_diabetes,direct_medical,avoided_prevalence_patient_year,119256.618865888,5150.5243,3605.36701,7725.78645,T2D_ROUTINE_NOCOMP,Excludes explicit macrovascular complication costs to avoid overlap with IHD and stroke,614234113.4045945,578974562.5455694,429963879.3832162,405282193.7818986,921351170.1068919,868461843.8183541
S4,2028,type2_diabetes,direct_medical,avoided_prevalence_patient_year,256163.05274797717,5150.5243,3605.36701,7725.78645,T2D_ROUTINE_NOCOMP,Excludes explicit macrovascular complication costs to avoid overlap with IHD and stroke,1319374027.9406383,1207414137.2370577,923561819.5584468,845189896.0659403,1979061041.910957,1811121205.855586
S4,2029,type2_diabetes,direct_medical,avoided_prevalence_patient_year,448487.350750995,5150.5243,3605.36701,7725.78645,T2D_ROUTINE_NOCOMP,Excludes explicit macrovascular complication costs to avoid overlap with IHD and stroke,2309944998.285623,2052356212.374404,1616961498.799936,1436649348.6620827,3464917497.4284344,3078534318.561606
S4,2030,type2_diabetes,direct_medical,avoided_prevalence_patient_year,508265.8693372112,5150.5243,3605.36701,7725.78645,T2D_ROUTINE_NOCOMP,Excludes explicit macrovascular complication costs to avoid overlap with IHD and stroke,2617835710.8819313,2258168080.2813163,1832484997.6173518,1580717656.1969213,3926753566.3228965,3387252120.421974
S4,2031,type2_diabetes,direct_medical,avoided_prevalence_patient_year,517847.5066325671,5150.5243,3605.36701,7725.78645,T2D_ROUTINE_NOCOMP,Excludes explicit macrovascular complication costs to avoid overlap with IHD and stroke,2667186166.605448,2233726424.176489,1867030316.6238136,1563608496.9235423,4000779249.9081717,3350589636.264733
S4,2032,type2_diabetes,direct_medical,avoided_prevalence_patient_year,527868.1243133943,5150.5243,3605.36701,7725.78645,T2D_ROUTINE_NOCOMP,Excludes explicit macrovascular complication costs to avoid overlap with IHD and stroke,2718797601.471558,2210631250.817194,1903158321.0300908,1547441875.5720358,4078196402.207337,3315946876.225791
S4,2033,type2_diabetes,direct_medical,avoided_prevalence_patient_year,538762.3477874657,5150.5243,3605.36701,7725.78645,T2D_ROUTINE_NOCOMP,Excludes explicit macrovascular complication costs to avoid overlap with IHD and stroke,2774908564.2043934,2190538444.959772,1942435994.9430752,1533376911.4718404,4162362846.3065896,3285807667.439658
S4,2034,type2_diabetes,direct_medical,avoided_prevalence_patient_year,549702.2101294649,5150.5243,3605.36701,7725.78645,T2D_ROUTINE_NOCOMP,Excludes explicit macrovascular complication costs to avoid overlap with IHD and stroke,2831254591.035515,2169920892.0943303,1981878213.7248604,1518944624.4660313,4246881886.5532722,3254881338.1414957
S4,2035,type2_diabetes,direct_medical,avoided_prevalence_patient_year,559481.4810356118,5150.5243,3605.36701,7725.78645,T2D_ROUTINE_NOCOMP,Excludes explicit macrovascular complication costs to avoid overlap with IHD and stroke,2881622963.473908,2144198112.1476023,2017136074.4317355,1500938678.5033216,4322434445.210861,3216297168.221403
S4,2036,type2_diabetes,direct_medical,avoided_prevalence_patient_year,568138.8185228637,5150.5243,3605.36701,7725.78645,T2D_ROUTINE_NOCOMP,Excludes explicit macrovascular complication costs to avoid overlap with IHD and stroke,2926212790.5752993,2113958379.7670336,2048348953.4027095,1479770865.8369236,4389319185.862949,3170937569.650551
S4,2037,type2_diabetes,direct_medical,avoided_prevalence_patient_year,575729.470494448,5150.5243,3605.36701,7725.78645,T2D_ROUTINE_NOCOMP,Excludes explicit macrovascular complication costs to avoid overlap with IHD and stroke,2965308628.007787,2079807810.2472906,2075716039.605451,1455865467.1731033,4447962942.011681,3119711715.370936
S4,2038,type2_diabetes,direct_medical,avoided_prevalence_patient_year,582205.7657052953,5150.5243,3605.36701,7725.78645,T2D_ROUTINE_NOCOMP,Excludes explicit macrovascular complication costs to avoid overlap with IHD and stroke,2998664943.86523,2041944911.7155948,2099065460.7056608,1429361438.2009163,4497997415.797845,3062917367.573392
S4,2039,type2_diabetes,direct_medical,avoided_prevalence_patient_year,587677.0272207533,5150.5243,3605.36701,7725.78645,T2D_ROUTINE_NOCOMP,Excludes explicit macrovascular complication costs to avoid overlap with IHD and stroke,3026844809.252251,2001100998.8463244,2118791366.4765759,1400770699.1924272,4540267213.878376,3001651498.2694864
S4,2040,type2_diabetes,direct_medical,avoided_prevalence_patient_year,592270.4241783621,5150.5243,3605.36701,7725.78645,T2D_ROUTINE_NOCOMP,Excludes explicit macrovascular complication costs to avoid overlap with IHD and stroke,3050503211.901962,1958001932.1313345,2135352248.3313732,1370601352.491934,4575754817.852942,2937002898.1970015
S4,2041,type2_diabetes,direct_medical,avoided_prevalence_patient_year,596783.0530633468,5150.5243,3605.36701,7725.78645,T2D_ROUTINE_NOCOMP,Excludes explicit macrovascular complication costs to avoid overlap with IHD and stroke,3073745616.630957,1915456647.8571553,2151621931.6416698,1340819653.5000086,4610618424.946435,2873184971.7857323
S4,2042,type2_diabetes,direct_medical,avoided_prevalence_patient_year,601304.7318559603,5150.5243,3605.36701,7725.78645,T2D_ROUTINE_NOCOMP,Excludes explicit macrovascular complication costs to avoid overlap with IHD and stroke,3097034633.129108,1873756886.3939366,2167924243.1903753,1311629820.4757555,4645551949.693662,2810635329.5909047
S4,2043,type2_diabetes,direct_medical,avoided_prevalence_patient_year,605336.5719109119,5150.5243,3605.36701,7725.78645,T2D_ROUTINE_NOCOMP,Excludes explicit macrovascular complication costs to avoid overlap with IHD and stroke,3117800723.3058496,1831379332.4920006,2182460506.3140945,1281965532.7444003,4676701084.958774,2747068998.7380004
S4,2044,type2_diabetes,direct_medical,avoided_prevalence_patient_year,608589.0943180614,5150.5243,3605.36701,7725.78645,T2D_ROUTINE_NOCOMP,Excludes explicit macrovascular complication costs to avoid overlap with IHD and stroke,3134552919.000167,1787591730.0083256,2194187043.300117,1251314211.0058281,4701829378.50025,2681387595.0124884
S4,2045,type2_diabetes,direct_medical,avoided_prevalence_patient_year,611322.8278101801,5150.5243,3605.36701,7725.78645,T2D_ROUTINE_NOCOMP,Excludes explicit macrovascular complication costs to avoid overlap with IHD and stroke,3148633079.781049,1743321795.1038132,2204043155.846734,1220325256.5726693,4722949619.671573,2614982692.6557198
S4,2046,type2_diabetes,direct_medical,avoided_prevalence_patient_year,613006.2463077658,5150.5243,3605.36701,7725.78645,T2D_ROUTINE_NOCOMP,Excludes explicit macrovascular complication costs to avoid overlap with IHD and stroke,3157303567.659933,1697206246.6206973,2210112497.3619533,1188044372.634488,4735955351.4899,2545809369.9310455
S4,2047,type2_diabetes,direct_medical,avoided_prevalence_patient_year,613600.5474092738,5150.5243,3605.36701,7725.78645,T2D_ROUTINE_NOCOMP,Excludes explicit macrovascular complication costs to avoid overlap with IHD and stroke,3160364529.9247665,1649370548.2230518,2212255170.9473367,1154559383.7561362,4740546794.88715,2474055822.3345776
S4,2048,type2_diabetes,direct_medical,avoided_prevalence_patient_year,613506.1534667339,5150.5243,3605.36701,7725.78645,T2D_ROUTINE_NOCOMP,Excludes explicit macrovascular complication costs to avoid overlap with IHD and stroke,3159878351.629942,1601084286.8125153,2211914846.1409593,1120759000.7687607,4739817527.444913,2401626430.218773
S4,2049,type2_diabetes,direct_medical,avoided_prevalence_patient_year,613025.4124323572,5150.5243,3605.36701,7725.78645,T2D_ROUTINE_NOCOMP,Excludes explicit macrovascular complication costs to avoid overlap with IHD and stroke,3157402283.250378,1553232702.3262548,2210181598.2752643,1087262891.6283782,4736103424.8755665,2329849053.4893823
S4,2050,type2_diabetes,direct_medical,avoided_prevalence_patient_year,612256.5952568068,5150.5243,3605.36701,7725.78645,T2D_ROUTINE_NOCOMP,Excludes explicit macrovascular complication costs to avoid overlap with IHD and stroke,3153442471.705448,1506101686.8327742,2207409730.193814,1054271180.7829419,4730163707.558172,2259152530.2491612
S5,2025,type2_diabetes,direct_medical,avoided_prevalence_patient_year,0.0,5150.5243,3605.36701,7725.78645,T2D_ROUTINE_NOCOMP,Excludes explicit macrovascular complication costs to avoid overlap with IHD and stroke,0.0,0.0,0.0,0.0,0.0,0.0
S5,2026,type2_diabetes,direct_medical,avoided_prevalence_patient_year,16765.456267767466,5150.5243,3605.36701,7725.78645,T2D_ROUTINE_NOCOMP,Excludes explicit macrovascular complication costs to avoid overlap with IHD and stroke,86350889.90772364,83835815.44439188,60445622.93540654,58685070.81107431,129526334.86158545,125753723.16658781
S5,2027,type2_diabetes,direct_medical,avoided_prevalence_patient_year,57243.17705562641,5150.5243,3605.36701,7725.78645,T2D_ROUTINE_NOCOMP,Excludes explicit macrovascular complication costs to avoid overlap with IHD and stroke,294832374.43420625,277907790.0218741,206382662.1039444,194535453.0153119,442248561.6513094,416861685.03281116
S5,2028,type2_diabetes,direct_medical,avoided_prevalence_patient_year,122958.26531902775,5150.5243,3605.36701,7725.78645,T2D_ROUTINE_NOCOMP,Excludes explicit macrovascular complication costs to avoid overlap with IHD and stroke,633299533.4114996,579558785.8737814,443309673.3880498,405691150.11164707,949949300.1172495,869338178.8106723
S5,2029,type2_diabetes,direct_medical,avoided_prevalence_patient_year,215273.9283604743,5150.5243,3605.36701,7725.78645,T2D_ROUTINE_NOCOMP,Excludes explicit macrovascular complication costs to avoid overlap with IHD and stroke,1108773599.177082,985130981.9396988,776141519.4239573,689591687.357789,1663160398.7656229,1477696472.909548
S5,2030,type2_diabetes,direct_medical,avoided_prevalence_patient_year,243967.61728186253,5150.5243,3605.36701,7725.78645,T2D_ROUTINE_NOCOMP,Excludes explicit macrovascular complication costs to avoid overlap with IHD and stroke,1256561141.223333,1083920678.535037,879592798.856333,758744474.9745258,1884841711.8349993,1625881017.8025553
S5,2031,type2_diabetes,direct_medical,avoided_prevalence_patient_year,248566.80318362982,5150.5243,3605.36701,7725.78645,T2D_ROUTINE_NOCOMP,Excludes explicit macrovascular complication costs to avoid overlap with IHD and stroke,1280249359.9706028,1072188683.6047044,896174551.9794219,750532078.523293,1920374039.955904,1608283025.4070563
S5,2032,type2_diabetes,direct_medical,avoided_prevalence_patient_year,253376.69967042777,5150.5243,3605.36701,7725.78645,T2D_ROUTINE_NOCOMP,Excludes explicit macrovascular complication costs to avoid overlap with IHD and stroke,1305022848.7063403,1061103000.392247,913515994.0944382,742772100.2745728,1957534273.0595102,1591654500.5883703
S5,2033,type2_diabetes,direct_medical,avoided_prevalence_patient_year,258605.92693798646,5150.5243,3605.36701,7725.78645,T2D_ROUTINE_NOCOMP,Excludes explicit macrovascular complication costs to avoid overlap with IHD and stroke,1331956110.8181238,1051458453.5807025,932369277.5726867,736020917.5064918,1997934166.2271857,1577187680.371054
S5,2034,type2_diabetes,direct_medical,avoided_prevalence_patient_year,263857.0608621431,5150.5243,3605.36701,7725.78645,T2D_ROUTINE_NOCOMP,Excludes explicit macrovascular complication costs to avoid overlap with IHD and stroke,1359002203.697047,1041562028.2052785,951301542.587933,729093419.743695,2038503305.5455706,1562343042.3079178
S5,2035,type2_diabetes,direct_medical,avoided_prevalence_patient_year,268551.11089709646,5150.5243,3605.36701,7725.78645,T2D_ROUTINE_NOCOMP,Excludes explicit macrovascular complication costs to avoid overlap with IHD and stroke,1383179022.4674902,1029215093.8308599,968225315.7272431,720450565.6816019,2074768533.701235,1543822640.7462895
S5,2036,type2_diabetes,direct_medical,avoided_prevalence_patient_year,272706.63289097225,5150.5243,3605.36701,7725.78645,T2D_ROUTINE_NOCOMP,Excludes explicit macrovascular complication costs to avoid overlap with IHD and stroke,1404582139.476132,1014700022.2881677,983207497.6332923,710290015.6017174,2106873209.2141976,1522050033.4322515
S5,2037,type2_diabetes,direct_medical,avoided_prevalence_patient_year,276350.1458373377,5150.5243,3605.36701,7725.78645,T2D_ROUTINE_NOCOMP,Excludes explicit macrovascular complication costs to avoid overlap with IHD and stroke,1423348141.4437518,998307748.9187093,996343699.0106262,698815424.2430965,2135022212.1656275,1497461623.3780637
S5,2038,type2_diabetes,direct_medical,avoided_prevalence_patient_year,279458.7675385389,5150.5243,3605.36701,7725.78645,T2D_ROUTINE_NOCOMP,Excludes explicit macrovascular complication costs to avoid overlap with IHD and stroke,1439359173.0552957,980133557.6234754,1007551421.138707,686093490.3364328,2159038759.5829434,1470200336.435213
S5,2039,type2_diabetes,direct_medical,avoided_prevalence_patient_year,282084.97306596016,5150.5243,3605.36701,7725.78645,T2D_ROUTINE_NOCOMP,Excludes explicit macrovascular complication costs to avoid overlap with IHD and stroke,1452885508.4410734,960528479.446231,1017019855.9087512,672369935.6123617,2179328262.6616096,1440792719.1693463
S5,2040,type2_diabetes,direct_medical,avoided_prevalence_patient_year,284289.8036056126,5150.5243,3605.36701,7725.78645,T2D_ROUTINE_NOCOMP,Excludes explicit macrovascular complication costs to avoid overlap with IHD and stroke,1464241541.7129352,939840927.4230365,1024969079.1990547,657888649.1961255,2196362312.5694027,1409761391.1345546
S5,2041,type2_diabetes,direct_medical,avoided_prevalence_patient_year,286455.8654704054,5150.5243,3605.36701,7725.78645,T2D_ROUTINE_NOCOMP,Excludes explicit macrovascular complication costs to avoid overlap with IHD and stroke,1475397895.982854,919419190.9714311,1032778527.1879977,643593433.6800017,2213096843.974281,1379128786.4571466
S5,2042,type2_diabetes,direct_medical,avoided_prevalence_patient_year,288626.27129085996,5150.5243,3605.36701,7725.78645,T2D_ROUTINE_NOCOMP,Excludes explicit macrovascular complication costs to avoid overlap with IHD and stroke,1486576623.9019666,899403305.4690864,1040603636.7313766,629582313.8283606,2229864935.8529496,1349104958.2036295
S5,2043,type2_diabetes,direct_medical,avoided_prevalence_patient_year,290561.55451723683,5150.5243,3605.36701,7725.78645,T2D_ROUTINE_NOCOMP,Excludes explicit macrovascular complication costs to avoid overlap with IHD and stroke,1496544347.186803,879062079.5961576,1047581043.0307621,615343455.7173102,2244816520.7802043,1318593119.394236
S5,2044,type2_diabetes,direct_medical,avoided_prevalence_patient_year,292122.76527266856,5150.5243,3605.36701,7725.78645,T2D_ROUTINE_NOCOMP,Excludes explicit macrovascular complication costs to avoid overlap with IHD and stroke,1504585401.1200755,858044030.4039936,1053209780.7840528,600630821.2827955,2256878101.6801133,1287066045.6059906
S5,2045,type2_diabetes,direct_medical,avoided_prevalence_patient_year,293434.9573488856,5150.5243,3605.36701,7725.78645,T2D_ROUTINE_NOCOMP,Excludes explicit macrovascular complication costs to avoid overlap with IHD and stroke,1511343878.2948987,836794461.6498278,1057940714.8064291,585756123.1548795,2267015817.442348,1255191692.4747417
S5,2046,type2_diabetes,direct_medical,avoided_prevalence_patient_year,294242.99822772667,5150.5243,3605.36701,7725.78645,T2D_ROUTINE_NOCOMP,Excludes explicit macrovascular complication costs to avoid overlap with IHD and stroke,1515505712.4767632,814658998.3779322,1060853998.7337341,570261298.8645524,2273258568.7151446,1221988497.566898
S5,2047,type2_diabetes,direct_medical,avoided_prevalence_patient_year,294528.26275645057,5150.5243,3605.36701,7725.78645,T2D_ROUTINE_NOCOMP,Excludes explicit macrovascular complication costs to avoid overlap with IHD and stroke,1516974974.3638837,791697863.1470627,1061882482.0547185,554188504.2029438,2275462461.5458255,1187546794.720594
S5,2048,type2_diabetes,direct_medical,avoided_prevalence_patient_year,294482.95366403135,5150.5243,3605.36701,7725.78645,T2D_ROUTINE_NOCOMP,Excludes explicit macrovascular complication costs to avoid overlap with IHD and stroke,1516741608.7823675,768520457.670005,1061719126.1476573,537964320.3690035,2275112413.173551,1152780686.5050075
S5,2049,type2_diabetes,direct_medical,avoided_prevalence_patient_year,294252.1979675306,5150.5243,3605.36701,7725.78645,T2D_ROUTINE_NOCOMP,Excludes explicit macrovascular complication costs to avoid overlap with IHD and stroke,1515553095.960177,745551697.1166002,1060887167.1721238,521886187.9816201,2273329643.940265,1118327545.6749
S5,2050,type2_diabetes,direct_medical,avoided_prevalence_patient_year,293883.1657232664,5150.5243,3605.36701,7725.78645,T2D_ROUTINE_NOCOMP,Excludes explicit macrovascular complication costs to avoid overlap with IHD and stroke,1513652386.4186106,722928809.6797293,1059556670.4930273,506050166.77581054,2270478579.627916,1084393214.5195942
S6,2025,type2_diabetes,direct_medical,avoided_prevalence_patient_year,0.0,5150.5243,3605.36701,7725.78645,T2D_ROUTINE_NOCOMP,Excludes explicit macrovascular complication costs to avoid overlap with IHD and stroke,0.0,0.0,0.0,0.0,0.0,0.0
S6,2026,type2_diabetes,direct_medical,avoided_prevalence_patient_year,39119.397958121066,5150.5243,3605.36701,7725.78645,T2D_ROUTINE_NOCOMP,Excludes explicit macrovascular complication costs to avoid overlap with IHD and stroke,201485409.78467295,195616902.70356596,141039786.84927106,136931831.89249617,302228114.6770094,293425354.05534893
S6,2027,type2_diabetes,direct_medical,avoided_prevalence_patient_year,133567.41312979313,5150.5243,3605.36701,7725.78645,T2D_ROUTINE_NOCOMP,Excludes explicit macrovascular complication costs to avoid overlap with IHD and stroke,687942207.0131385,648451510.0510308,481559544.909197,453916057.03572154,1031913310.5197078,972677265.0765462
S6,2028,type2_diabetes,direct_medical,avoided_prevalence_patient_year,286902.61907773983,5150.5243,3605.36701,7725.78645,T2D_ROUTINE_NOCOMP,Excludes explicit macrovascular complication costs to avoid overlap with IHD and stroke,1477698911.2935426,1352303833.70553,1034389237.9054798,946612683.5938709,2216548366.940314,2028455750.5582948
S6,2029,type2_diabetes,direct_medical,avoided_prevalence_patient_year,502305.8328411115,5150.5243,3605.36701,7725.78645,T2D_ROUTINE_NOCOMP,Excludes explicit macrovascular complication costs to avoid overlap with IHD and stroke,2587138398.079883,2298638957.8593197,1810996878.6559181,1609047270.5015235,3880707597.1198244,3447958436.788979
S6,2030,type2_diabetes,direct_medical,avoided_prevalence_patient_year,626183.551023438,5150.5243,3605.36701,7725.78645,T2D_ROUTINE_NOCOMP,Excludes explicit macrovascular complication costs to avoid overlap with IHD and stroke,3225173595.806507,2782063074.9065537,2257621517.064555,1947444152.434588,4837760393.709761,4173094612.359831
S6,2031,type2_diabetes,direct_medical,avoided_prevalence_patient_year,753985.9696570127,5150.5243,3605.36701,7725.78645,T2D_ROUTINE_NOCOMP,Excludes explicit macrovascular complication costs to avoid overlap with IHD and stroke,3883423058.5775065,3252305673.6009464,2718396141.004255,2276613971.5206623,5825134587.86626,4878458510.401419
S6,2032,type2_diabetes,direct_medical,avoided_prevalence_patient_year,886818.4488465011,5150.5243,3605.36701,7725.78645,T2D_ROUTINE_NOCOMP,Excludes explicit macrovascular complication costs to avoid overlap with IHD and stroke,4567579970.472211,3713860501.3728805,3197305979.3305473,2599702350.961016,6851369955.708316,5570790752.05932
S6,2033,type2_diabetes,direct_medical,avoided_prevalence_patient_year,1025803.510187343,5150.5243,3605.36701,7725.78645,T2D_ROUTINE_NOCOMP,Excludes explicit macrovascular complication costs to avoid overlap with IHD and stroke,5283425906.245208,4170785199.20344,3698398134.3716455,2919549639.442408,7925138859.367811,6256177798.80516
S6,2034,type2_diabetes,direct_medical,avoided_prevalence_patient_year,1169766.3031555053,5150.5243,3605.36701,7725.78645,T2D_ROUTINE_NOCOMP,Excludes explicit macrovascular complication costs to avoid overlap with IHD and stroke,6024909769.723597,4617591658.376751,4217436838.8065176,3232314160.8637257,9037364654.585396,6926387487.565127
S6,2035,type2_diabetes,direct_medical,avoided_prevalence_patient_year,1190576.5916437916,5150.5243,3605.36701,7725.78645,T2D_ROUTINE_NOCOMP,Excludes explicit macrovascular complication costs to avoid overlap with IHD and stroke,6132093666.272526,4562853582.650135,4292465566.390768,3193997507.8550944,9198140499.408789,6844280373.975203
S6,2036,type2_diabetes,direct_medical,avoided_prevalence_patient_year,1208999.4058166584,5150.5243,3605.36701,7725.78645,T2D_ROUTINE_NOCOMP,Excludes explicit macrovascular complication costs to avoid overlap with IHD and stroke,6226980818.34426,4498503432.144264,4358886572.840982,3148952402.5009856,9340471227.51639,6747755148.216396
S6,2037,type2_diabetes,direct_medical,avoided_prevalence_patient_year,1225152.3132121926,5150.5243,3605.36701,7725.78645,T2D_ROUTINE_NOCOMP,Excludes explicit macrovascular complication costs to avoid overlap with IHD and stroke,6310176760.400609,4425831020.206261,4417123732.280426,3098081714.1443825,9465265140.600914,6638746530.309392
S6,2038,type2_diabetes,direct_medical,avoided_prevalence_patient_year,1238933.8694208488,5150.5243,3605.36701,7725.78645,T2D_ROUTINE_NOCOMP,Excludes explicit macrovascular complication costs to avoid overlap with IHD and stroke,6381159000.545109,4345258772.130717,4466811300.381576,3041681140.4915013,9571738500.817663,6517888158.196075
S6,2039,type2_diabetes,direct_medical,avoided_prevalence_patient_year,1250576.713925761,5150.5243,3605.36701,7725.78645,T2D_ROUTINE_NOCOMP,Excludes explicit macrovascular complication costs to avoid overlap with IHD and stroke,6441125754.08878,4258342925.544972,4508788027.862146,2980840047.88148,9661688631.13317,6387514388.317457
S6,2040,type2_diabetes,direct_medical,avoided_prevalence_patient_year,1260351.4626515529,5150.5243,3605.36701,7725.78645,T2D_ROUTINE_NOCOMP,Excludes explicit macrovascular complication costs to avoid overlap with IHD and stroke,6491470834.927365,4166628111.575474,4544029584.449156,2916639678.102832,9737206252.391048,6249942167.363211
S6,2041,type2_diabetes,direct_medical,avoided_prevalence_patient_year,1269954.3369188004,5150.5243,3605.36701,7725.78645,T2D_ROUTINE_NOCOMP,Excludes explicit macrovascular complication costs to avoid overlap with IHD and stroke,6540930672.190668,4076091746.640021,4578651470.533468,2853264222.648015,9811396008.286001,6114137619.960031
S6,2042,type2_diabetes,direct_medical,avoided_prevalence_patient_year,1279576.4693894822,5150.5243,3605.36701,7725.78645,T2D_ROUTINE_NOCOMP,Excludes explicit macrovascular complication costs to avoid overlap with IHD and stroke,6590489699.298734,3987354654.246292,4613342789.509113,2791148257.9724045,9885734548.948101,5981031981.369439
S6,2043,type2_diabetes,direct_medical,avoided_prevalence_patient_year,1288156.2250264192,5150.5243,3605.36701,7725.78645,T2D_ROUTINE_NOCOMP,Excludes explicit macrovascular complication costs to avoid overlap with IHD and stroke,6634679939.19484,3897175219.542973,4644275957.436388,2728022653.680081,9952019908.79226,5845762829.314459
S6,2044,type2_diabetes,direct_medical,avoided_prevalence_patient_year,1295077.592708833,5150.5243,3605.36701,7725.78645,T2D_ROUTINE_NOCOMP,Excludes explicit macrovascular complication costs to avoid overlap with IHD and stroke,6670328611.632347,3803995201.457712,4669230028.142643,2662796641.0203986,10005492917.44852,5705992802.186568
S6,2045,type2_diabetes,direct_medical,avoided_prevalence_patient_year,1300894.9775800616,5150.5243,3605.36701,7725.78645,T2D_ROUTINE_NOCOMP,Excludes explicit macrovascular complication costs to avoid overlap with IHD and stroke,6700291193.774063,3709788779.98091,4690203835.641844,2596852145.9866366,10050436790.661093,5564683169.971364
S6,2046,type2_diabetes,direct_medical,avoided_prevalence_patient_year,1304477.292142924,5150.5243,3605.36701,7725.78645,T2D_ROUTINE_NOCOMP,Excludes explicit macrovascular complication costs to avoid overlap with IHD and stroke,6718741991.980329,3611654892.808839,4703119394.38623,2528158424.9661875,10078112987.970493,5417482339.213259
S6,2047,type2_diabetes,direct_medical,avoided_prevalence_patient_year,1305741.9648869326,5150.5243,3605.36701,7725.78645,T2D_ROUTINE_NOCOMP,Excludes explicit macrovascular complication costs to avoid overlap with IHD and stroke,6725255719.6798935,3509860526.618649,4707679003.775926,2456902368.6330543,10087883579.51984,5264790789.927974
S6,2048,type2_diabetes,direct_medical,avoided_prevalence_patient_year,1305541.0945772075,5150.5243,3605.36701,7725.78645,T2D_ROUTINE_NOCOMP,Excludes explicit macrovascular complication costs to avoid overlap with IHD and stroke,6724221132.268505,3407107362.337027,4706954792.587954,2384975153.6359186,10086331698.402758,5110661043.50554
S6,2049,type2_diabetes,direct_medical,avoided_prevalence_patient_year,1304518.0776560537,5150.5243,3605.36701,7725.78645,T2D_ROUTINE_NOCOMP,Excludes explicit macrovascular complication costs to avoid overlap with IHD and stroke,6718952058.756792,3305279190.5502644,4703266441.129754,2313695433.385185,10078428088.135187,4957918785.825396
S6,2050,type2_diabetes,direct_medical,avoided_prevalence_patient_year,1302882.034706482,5150.5243,3605.36701,7725.78645,T2D_ROUTINE_NOCOMP,Excludes explicit macrovascular complication costs to avoid overlap with IHD and stroke,6710525579.789179,3204984389.5801363,4697367905.852425,2243489072.706095,10065788369.683767,4807476584.370204
S7,2025,type2_diabetes,direct_medical,avoided_prevalence_patient_year,0.0,5150.5243,3605.36701,7725.78645,T2D_ROUTINE_NOCOMP,Excludes explicit macrovascular complication costs to avoid overlap with IHD and stroke,0.0,0.0,0.0,0.0,0.0,0.0
S7,2026,type2_diabetes,direct_medical,avoided_prevalence_patient_year,104784.1016735385,5150.5243,3605.36701,7725.78645,T2D_ROUTINE_NOCOMP,Excludes explicit macrovascular complication costs to avoid overlap with IHD and stroke,539693061.9232308,523973846.5274085,377785143.3462615,366781692.5691859,809539592.8848461,785960769.7911127
S7,2027,type2_diabetes,direct_medical,avoided_prevalence_patient_year,357769.85659765877,5150.5243,3605.36701,7725.78645,T2D_ROUTINE_NOCOMP,Excludes explicit macrovascular complication costs to avoid overlap with IHD and stroke,1842702340.2137568,1736923687.636683,1289891638.1496298,1215846581.345678,2764053510.3206353,2605385531.4550242
S7,2028,type2_diabetes,direct_medical,avoided_prevalence_patient_year,768489.1582439432,5150.5243,3605.36701,7725.78645,T2D_ROUTINE_NOCOMP,Excludes explicit macrovascular complication costs to avoid overlap with IHD and stroke,3958122083.821975,3622242411.7112284,2770685458.6753826,2535569688.19786,5937183125.732963,5433363617.566842
S7,2029,type2_diabetes,direct_medical,avoided_prevalence_patient_year,1345462.0522529879,5150.5243,3605.36701,7725.78645,T2D_ROUTINE_NOCOMP,Excludes explicit macrovascular complication costs to avoid overlap with IHD and stroke,6929834994.856884,6157068637.123225,4850884496.399818,4309948045.986258,10394752492.285326,9235602955.684837
S7,2030,type2_diabetes,direct_medical,avoided_prevalence_patient_year,1524797.6080116334,5150.5243,3605.36701,7725.78645,T2D_ROUTINE_NOCOMP,Excludes explicit macrovascular complication costs to avoid overlap with IHD and stroke,7853507132.645793,6774504240.843948,5497454992.852055,4742152968.590763,11780260698.968689,10161756361.265923
S7,2031,type2_diabetes,direct_medical,avoided_prevalence_patient_year,1553542.5198976942,5150.5243,3605.36701,7725.78645,T2D_ROUTINE_NOCOMP,Excludes explicit macrovascular complication costs to avoid overlap with IHD and stroke,8001558499.816308,6701179272.529436,5601090949.871415,4690825490.770605,12002337749.72446,10051768908.794153
S7,2032,type2_diabetes,direct_medical,avoided_prevalence_patient_year,1583604.3729401839,5150.5243,3605.36701,7725.78645,T2D_ROUTINE_NOCOMP,Excludes explicit macrovascular complication costs to avoid overlap with IHD and stroke,8156392804.41468,6631893752.451586,5709474963.090276,4642325626.71611,12234589206.622019,9947840628.67738
S7,2033,type2_diabetes,direct_medical,avoided_prevalence_patient_year,1616287.0433624086,5150.5243,3605.36701,7725.78645,T2D_ROUTINE_NOCOMP,Excludes explicit macrovascular complication costs to avoid overlap with IHD and stroke,8324725692.613239,6571615334.879364,5827307984.8292675,4600130734.415555,12487088538.919859,9857423002.319046
S7,2034,type2_diabetes,direct_medical,avoided_prevalence_patient_year,1649106.630388398,5150.5243,3605.36701,7725.78645,T2D_ROUTINE_NOCOMP,Excludes explicit macrovascular complication costs to avoid overlap with IHD and stroke,8493763773.106563,6509762676.283005,5945634641.174593,4556833873.398103,12740645659.659843,9764644014.424507
S7,2035,type2_diabetes,direct_medical,avoided_prevalence_patient_year,1678444.4431068546,5150.5243,3605.36701,7725.78645,T2D_ROUTINE_NOCOMP,Excludes explicit macrovascular complication costs to avoid overlap with IHD and stroke,8644868890.421822,6432594336.44288,6051408223.295276,4502816035.510016,12967303335.632732,9648891504.66432
S7,2036,type2_diabetes,direct_medical,avoided_prevalence_patient_year,1704416.4555685956,5150.5243,3605.36701,7725.78645,T2D_ROUTINE_NOCOMP,Excludes explicit macrovascular complication costs to avoid overlap with IHD and stroke,8778638371.725922,6341875139.301118,6145046860.208145,4439312597.510783,13167957557.588882,9512812708.951677
S7,2037,type2_diabetes,direct_medical,avoided_prevalence_patient_year,1727188.411483355,5150.5243,3605.36701,7725.78645,T2D_ROUTINE_NOCOMP,Excludes explicit macrovascular complication costs to avoid overlap with IHD and stroke,8895925884.02342,6239423430.741913,6227148118.816394,4367596401.519339,13343888826.035128,9359135146.112867
S7,2038,type2_diabetes,direct_medical,avoided_prevalence_patient_year,1746617.2971158593,5150.5243,3605.36701,7725.78645,T2D_ROUTINE_NOCOMP,Excludes explicit macrovascular complication costs to avoid overlap with IHD and stroke,8995994831.595554,6125834735.146692,6297196382.116887,4288084314.6026835,13493992247.39333,9188752102.720036
S7,2039,type2_diabetes,direct_medical,avoided_prevalence_patient_year,1763031.0816622574,5150.5243,3605.36701,7725.78645,T2D_ROUTINE_NOCOMP,Excludes explicit macrovascular complication costs to avoid overlap with IHD and stroke,9080534427.75674,6003302996.538965,6356374099.429719,4202312097.5772758,13620801641.63511,9004954494.808447
S7,2040,type2_diabetes,direct_medical,avoided_prevalence_patient_year,1776811.2725350845,5150.5243,3605.36701,7725.78645,T2D_ROUTINE_NOCOMP,Excludes explicit macrovascular complication costs to avoid overlap with IHD and stroke,9151509635.705875,5874005796.393997,6406056744.994113,4111804057.475798,13727264453.558813,8811008694.590996
S7,2041,type2_diabetes,direct_medical,avoided_prevalence_patient_year,1790349.1591900387,5150.5243,3605.36701,7725.78645,T2D_ROUTINE_NOCOMP,Excludes explicit macrovascular complication costs to avoid overlap with IHD and stroke,9221236849.892862,5746369943.57146,6454865794.925004,4022458960.5000224,13831855274.839293,8619554915.35719
S7,2042,type2_diabetes,direct_medical,avoided_prevalence_patient_year,1803914.1955678796,5150.5243,3605.36701,7725.78645,T2D_ROUTINE_NOCOMP,Excludes explicit macrovascular complication costs to avoid overlap with IHD and stroke,9291103899.387316,5621270659.181805,6503772729.571121,3934889461.4272637,13936655849.080973,8431905988.772707
S7,2043,type2_diabetes,direct_medical,avoided_prevalence_patient_year,1816009.7157327342,5150.5243,3605.36701,7725.78645,T2D_ROUTINE_NOCOMP,Excludes explicit macrovascular complication costs to avoid overlap with IHD and stroke,9353402169.91754,5494137997.475996,6547381518.942278,3845896598.2331977,14030103254.876308,8241206996.213994
S7,2044,type2_diabetes,direct_medical,avoided_prevalence_patient_year,1825767.2829541827,5150.5243,3605.36701,7725.78645,T2D_ROUTINE_NOCOMP,Excludes explicit macrovascular complication costs to avoid overlap with IHD and stroke,9403658757.000494,5362775190.024973,6582561129.900346,3753942633.0174813,14105488135.50074,8044162785.037459
S7,2045,type2_diabetes,direct_medical,avoided_prevalence_patient_year,1833968.4834305388,5150.5243,3605.36701,7725.78645,T2D_ROUTINE_NOCOMP,Excludes explicit macrovascular complication costs to avoid overlap with IHD and stroke,9445899239.343138,5229965385.311435,6612129467.540196,3660975769.7180047,14168848859.014706,7844948077.967152
S7,2046,type2_diabetes,direct_medical,avoided_prevalence_patient_year,1839018.7389232959,5150.5243,3605.36701,7725.78645,T2D_ROUTINE_NOCOMP,Excludes explicit macrovascular complication costs to avoid overlap with IHD and stroke,9471910702.979792,5091618739.862087,6630337492.085854,3564133117.903461,14207866054.469687,7637428109.793131
S7,2047,type2_diabetes,direct_medical,avoided_prevalence_patient_year,1840801.6422278194,5150.5243,3605.36701,7725.78645,T2D_ROUTINE_NOCOMP,Excludes explicit macrovascular complication costs to avoid overlap with IHD and stroke,9481093589.77429,4948111644.66915,6636765512.842003,3463678151.268405,14221640384.661434,7422167467.003725
S7,2048,type2_diabetes,direct_medical,avoided_prevalence_patient_year,1840518.460400199,5150.5243,3605.36701,7725.78645,T2D_ROUTINE_NOCOMP,Excludes explicit macrovascular complication costs to avoid overlap with IHD and stroke,9479635054.889812,4803252860.437539,6635744538.422869,3362277002.3062773,14219452582.334719,7204879290.656309
S7,2049,type2_diabetes,direct_medical,avoided_prevalence_patient_year,1839076.237297069,5150.5243,3605.36701,7725.78645,T2D_ROUTINE_NOCOMP,Excludes explicit macrovascular complication costs to avoid overlap with IHD and stroke,9472206849.75112,4659698106.978758,6630544794.825784,3261788674.8851304,14208310274.62668,6989547160.468137
S7,2050,type2_diabetes,direct_medical,avoided_prevalence_patient_year,1836769.7857704172,5150.5243,3605.36701,7725.78645,T2D_ROUTINE_NOCOMP,Excludes explicit macrovascular complication costs to avoid overlap with IHD and stroke,9460327415.116327,4518305060.498314,6622229190.5814295,3162813542.34882,14190491122.674492,6777457590.747472
S0,2025,depression,direct_medical,avoided_prevalence_patient_year,0.0,3121.483646,2185.038552,4057.928739,DEP_INDEX_DIRECT,Mental-health-specific stream; no death or YLL stream,0.0,0.0,0.0,0.0,0.0,0.0
S0,2026,depression,direct_medical,avoided_prevalence_patient_year,0.0,3121.483646,2185.038552,4057.928739,DEP_INDEX_DIRECT,Mental-health-specific stream; no death or YLL stream,0.0,0.0,0.0,0.0,0.0,0.0
S0,2027,depression,direct_medical,avoided_prevalence_patient_year,0.0,3121.483646,2185.038552,4057.928739,DEP_INDEX_DIRECT,Mental-health-specific stream; no death or YLL stream,0.0,0.0,0.0,0.0,0.0,0.0
S0,2028,depression,direct_medical,avoided_prevalence_patient_year,0.0,3121.483646,2185.038552,4057.928739,DEP_INDEX_DIRECT,Mental-health-specific stream; no death or YLL stream,0.0,0.0,0.0,0.0,0.0,0.0
S0,2029,depression,direct_medical,avoided_prevalence_patient_year,0.0,3121.483646,2185.038552,4057.928739,DEP_INDEX_DIRECT,Mental-health-specific stream; no death or YLL stream,0.0,0.0,0.0,0.0,0.0,0.0
S0,2030,depression,direct_medical,avoided_prevalence_patient_year,0.0,3121.483646,2185.038552,4057.928739,DEP_INDEX_DIRECT,Mental-health-specific stream; no death or YLL stream,0.0,0.0,0.0,0.0,0.0,0.0
S0,2031,depression,direct_medical,avoided_prevalence_patient_year,0.0,3121.483646,2185.038552,4057.928739,DEP_INDEX_DIRECT,Mental-health-specific stream; no death or YLL stream,0.0,0.0,0.0,0.0,0.0,0.0
S0,2032,depression,direct_medical,avoided_prevalence_patient_year,0.0,3121.483646,2185.038552,4057.928739,DEP_INDEX_DIRECT,Mental-health-specific stream; no death or YLL stream,0.0,0.0,0.0,0.0,0.0,0.0
S0,2033,depression,direct_medical,avoided_prevalence_patient_year,0.0,3121.483646,2185.038552,4057.928739,DEP_INDEX_DIRECT,Mental-health-specific stream; no death or YLL stream,0.0,0.0,0.0,0.0,0.0,0.0
S0,2034,depression,direct_medical,avoided_prevalence_patient_year,0.0,3121.483646,2185.038552,4057.928739,DEP_INDEX_DIRECT,Mental-health-specific stream; no death or YLL stream,0.0,0.0,0.0,0.0,0.0,0.0
S0,2035,depression,direct_medical,avoided_prevalence_patient_year,0.0,3121.483646,2185.038552,4057.928739,DEP_INDEX_DIRECT,Mental-health-specific stream; no death or YLL stream,0.0,0.0,0.0,0.0,0.0,0.0
S0,2036,depression,direct_medical,avoided_prevalence_patient_year,0.0,3121.483646,2185.038552,4057.928739,DEP_INDEX_DIRECT,Mental-health-specific stream; no death or YLL stream,0.0,0.0,0.0,0.0,0.0,0.0
S0,2037,depression,direct_medical,avoided_prevalence_patient_year,0.0,3121.483646,2185.038552,4057.928739,DEP_INDEX_DIRECT,Mental-health-specific stream; no death or YLL stream,0.0,0.0,0.0,0.0,0.0,0.0
S0,2038,depression,direct_medical,avoided_prevalence_patient_year,0.0,3121.483646,2185.038552,4057.928739,DEP_INDEX_DIRECT,Mental-health-specific stream; no death or YLL stream,0.0,0.0,0.0,0.0,0.0,0.0
S0,2039,depression,direct_medical,avoided_prevalence_patient_year,0.0,3121.483646,2185.038552,4057.928739,DEP_INDEX_DIRECT,Mental-health-specific stream; no death or YLL stream,0.0,0.0,0.0,0.0,0.0,0.0
S0,2040,depression,direct_medical,avoided_prevalence_patient_year,0.0,3121.483646,2185.038552,4057.928739,DEP_INDEX_DIRECT,Mental-health-specific stream; no death or YLL stream,0.0,0.0,0.0,0.0,0.0,0.0
S0,2041,depression,direct_medical,avoided_prevalence_patient_year,0.0,3121.483646,2185.038552,4057.928739,DEP_INDEX_DIRECT,Mental-health-specific stream; no death or YLL stream,0.0,0.0,0.0,0.0,0.0,0.0
S0,2042,depression,direct_medical,avoided_prevalence_patient_year,0.0,3121.483646,2185.038552,4057.928739,DEP_INDEX_DIRECT,Mental-health-specific stream; no death or YLL stream,0.0,0.0,0.0,0.0,0.0,0.0
S0,2043,depression,direct_medical,avoided_prevalence_patient_year,0.0,3121.483646,2185.038552,4057.928739,DEP_INDEX_DIRECT,Mental-health-specific stream; no death or YLL stream,0.0,0.0,0.0,0.0,0.0,0.0
S0,2044,depression,direct_medical,avoided_prevalence_patient_year,0.0,3121.483646,2185.038552,4057.928739,DEP_INDEX_DIRECT,Mental-health-specific stream; no death or YLL stream,0.0,0.0,0.0,0.0,0.0,0.0
S0,2045,depression,direct_medical,avoided_prevalence_patient_year,0.0,3121.483646,2185.038552,4057.928739,DEP_INDEX_DIRECT,Mental-health-specific stream; no death or YLL stream,0.0,0.0,0.0,0.0,0.0,0.0
S0,2046,depression,direct_medical,avoided_prevalence_patient_year,0.0,3121.483646,2185.038552,4057.928739,DEP_INDEX_DIRECT,Mental-health-specific stream; no death or YLL stream,0.0,0.0,0.0,0.0,0.0,0.0
S0,2047,depression,direct_medical,avoided_prevalence_patient_year,0.0,3121.483646,2185.038552,4057.928739,DEP_INDEX_DIRECT,Mental-health-specific stream; no death or YLL stream,0.0,0.0,0.0,0.0,0.0,0.0
S0,2048,depression,direct_medical,avoided_prevalence_patient_year,0.0,3121.483646,2185.038552,4057.928739,DEP_INDEX_DIRECT,Mental-health-specific stream; no death or YLL stream,0.0,0.0,0.0,0.0,0.0,0.0
S0,2049,depression,direct_medical,avoided_prevalence_patient_year,0.0,3121.483646,2185.038552,4057.928739,DEP_INDEX_DIRECT,Mental-health-specific stream; no death or YLL stream,0.0,0.0,0.0,0.0,0.0,0.0
S0,2050,depression,direct_medical,avoided_prevalence_patient_year,0.0,3121.483646,2185.038552,4057.928739,DEP_INDEX_DIRECT,Mental-health-specific stream; no death or YLL stream,0.0,0.0,0.0,0.0,0.0,0.0
S1,2025,depression,direct_medical,avoided_prevalence_patient_year,3714.5918390880997,3121.483646,2185.038552,4057.928739,DEP_INDEX_DIRECT,Mental-health-specific stream; no death or YLL stream,11595037.677278567,11595037.677278567,8116526.373352079,8116526.373352079,15073548.977490462,15073548.977490462
S1,2026,depression,direct_medical,avoided_prevalence_patient_year,22819.806706557174,3121.483646,2185.038552,4057.928739,DEP_INDEX_DIRECT,Mental-health-specific stream; no death or YLL stream,71231653.43939935,69156945.08679548,49862157.40301558,48409861.5563258,92601149.4529633,89904028.59510998
S1,2027,depression,direct_medical,avoided_prevalence_patient_year,38886.91176868658,3121.483646,2185.038552,4057.928739,DEP_INDEX_DIRECT,Mental-health-specific stream; no death or YLL stream,121384859.1294001,114416871.6461496,84969401.38280268,80091810.14497378,157800316.83711058,148741933.11067075
S1,2028,depression,direct_medical,avoided_prevalence_patient_year,55581.18464514383,3121.483646,2185.038552,4057.928739,DEP_INDEX_DIRECT,Mental-health-specific stream; no death or YLL stream,173495758.8951228,158773196.68601838,121447031.21546972,111141237.67003992,225544486.51919466,206405155.65113214
S1,2029,depression,direct_medical,avoided_prevalence_patient_year,72850.26945506108,3121.483646,2185.038552,4057.928739,DEP_INDEX_DIRECT,Mental-health-specific stream; no death or YLL stream,227400924.71066648,202042776.28947785,159180647.2828965,141429943.3896892,295621202.0655862,262655609.12454
S1,2030,depression,direct_medical,avoided_prevalence_patient_year,82416.07183964373,3121.483646,2185.038552,4057.928739,DEP_INDEX_DIRECT,Mental-health-specific stream; no death or YLL stream,257260420.41500905,221915098.5243499,180082294.27402312,155340568.95282635,334438546.4735789,288489628.0247806
S1,2031,depression,direct_medical,avoided_prevalence_patient_year,83840.85720316473,3121.483646,2185.038552,4057.928739,DEP_INDEX_DIRECT,Mental-health-specific stream; no death or YLL stream,261707864.62630004,219176216.4748233,183195505.22164184,153423351.51833323,340220223.9471173,284929081.36109793
S1,2032,depression,direct_medical,avoided_prevalence_patient_year,85362.48363943334,3121.483646,2185.038552,4057.928739,DEP_INDEX_DIRECT,Mental-health-specific stream; no death or YLL stream,266457596.66243374,216654409.97917598,186520317.64663112,151658086.97154167,346394875.5928739,281650732.91740274
S1,2033,depression,direct_medical,avoided_prevalence_patient_year,87026.68102211811,3121.483646,2185.038552,4057.928739,DEP_INDEX_DIRECT,Mental-health-specific stream; no death or YLL stream,271652361.57620025,214444882.75144058,190156653.08593482,150111417.91226846,353148069.97943896,278778347.521913
S1,2034,depression,direct_medical,avoided_prevalence_patient_year,88700.26664452217,3121.483646,2185.038552,4057.928739,DEP_INDEX_DIRECT,Mental-health-specific stream; no death or YLL stream,276876431.72671527,212202730.06695235,193813502.19096062,148541911.03327036,359939361.1737696,275863549.0326529
S1,2035,depression,direct_medical,avoided_prevalence_patient_year,90136.3993804451,3121.483646,2185.038552,4057.928739,DEP_INDEX_DIRECT,Mental-health-specific stream; no death or YLL stream,281359296.5753839,209357740.4813661,196951507.58474147,146550418.3235423,365767085.47589,272165062.57212
S1,2036,depression,direct_medical,avoided_prevalence_patient_year,91358.25529063158,3121.483646,2185.038552,4057.928739,DEP_INDEX_DIRECT,Mental-health-specific stream; no death or YLL stream,285173299.81679946,206015259.3055338,199621309.85348797,144210681.50067383,370725289.6887527,267819837.0443946
S1,2037,depression,direct_medical,avoided_prevalence_patient_year,92390.10420184897,3121.483646,2185.038552,4057.928739,DEP_INDEX_DIRECT,Mental-health-specific stream; no death or YLL stream,288394199.31830746,202273888.96622282,201875939.5043372,141591722.26339585,374912459.0398876,262956055.6042492
S1,2038,depression,direct_medical,avoided_prevalence_patient_year,93188.43558072977,3121.483646,2185.038552,4057.928739,DEP_INDEX_DIRECT,Mental-health-specific stream; no death or YLL stream,290886177.6615725,198079332.4641413,203620324.34446305,138655532.71220753,378152030.88549346,257503132.1526182
S1,2039,depression,direct_medical,avoided_prevalence_patient_year,93751.89248613926,3121.483646,2185.038552,4057.928739,DEP_INDEX_DIRECT,Mental-health-specific stream; no death or YLL stream,292644999.177034,193472819.73971227,204851499.4051734,135430973.80540237,380438498.85514265,251514665.6120411
S1,2040,depression,direct_medical,avoided_prevalence_patient_year,94067.55418188371,3121.483646,2185.038552,4057.928739,DEP_INDEX_DIRECT,Mental-health-specific stream; no death or YLL stream,293630331.9979689,188470136.71096098,205541232.3797647,131929095.685597,381719431.5221055,245011177.67594656
S1,2041,depression,direct_medical,avoided_prevalence_patient_year,94328.22267912528,3121.483646,2185.038552,4057.928739,DEP_INDEX_DIRECT,Mental-health-specific stream; no death or YLL stream,294444004.44913584,183487769.0242816,206110803.09552947,128441438.30524068,382777205.708414,238534099.6845403
S1,2042,depression,direct_medical,avoided_prevalence_patient_year,94582.8852275833,3121.483646,2185.038552,4057.928739,DEP_INDEX_DIRECT,Mental-health-specific stream; no death or YLL stream,295238929.4293963,178624407.75838843,206667250.5816608,125037085.41942707,383810608.1825488,232211730.0401256
S1,2043,depression,direct_medical,avoided_prevalence_patient_year,94776.41064398352,3121.483646,2185.038552,4057.928739,DEP_INDEX_DIRECT,Mental-health-specific stream; no death or YLL stream,295843015.8517749,173776592.2122709,207090111.07728714,121643614.5374554,384595920.5314862,225909569.83141524
S1,2044,depression,direct_medical,avoided_prevalence_patient_year,94872.9055601068,3121.483646,2185.038552,4057.928739,DEP_INDEX_DIRECT,Mental-health-specific stream; no death or YLL stream,296144223.15437585,168886912.38601297,207300956.1890885,118220838.65938812,384987490.0247902,219552986.05853307
S1,2045,depression,direct_medical,avoided_prevalence_patient_year,94876.27922747987,3121.483646,2185.038552,4057.928739,DEP_INDEX_DIRECT,Mental-health-specific stream; no death or YLL stream,296154754.00190794,163973706.77787474,207308327.7823603,114781594.73400617,385001180.1265793,213165818.7692126
S1,2046,depression,direct_medical,avoided_prevalence_patient_year,94737.2528972715,3121.483646,2185.038552,4057.928739,DEP_INDEX_DIRECT,Mental-health-specific stream; no death or YLL stream,295720785.5857991,158964494.16290548,207004549.8911119,111275145.90384863,384437021.185749,206653842.37103635
S1,2047,depression,direct_medical,avoided_prevalence_patient_year,94464.64107184942,3121.483646,2185.038552,4057.928739,DEP_INDEX_DIRECT,Mental-health-specific stream; no death or YLL stream,294869832.23103786,153890354.17788464,206408882.54283357,107723247.91465916,383330781.8247775,200057460.3918097
S1,2048,depression,direct_medical,avoided_prevalence_patient_year,94095.32273781873,3121.483646,2185.038552,4057.928739,DEP_INDEX_DIRECT,Mental-health-specific stream; no death or YLL stream,293717011.09119314,148823985.89334053,205601907.7450161,104176790.1158029,381832114.3432748,193471181.6232008
S1,2049,depression,direct_medical,avoided_prevalence_patient_year,93665.05338177556,3121.483646,2185.038552,4057.928739,DEP_INDEX_DIRECT,Mental-health-specific stream; no death or YLL stream,292373932.33292943,143828600.94081274,204661752.61431757,100680020.64935349,380086111.9578762,186977181.18619493
S1,2050,depression,direct_medical,avoided_prevalence_patient_year,93167.59469663193,3121.483646,2185.038552,4057.928739,DEP_INDEX_DIRECT,Mental-health-specific stream; no death or YLL stream,290821123.18269295,138897788.09098518,203574786.20925152,97228451.65479013,378067460.0629667,180567124.4826828
S2,2025,depression,direct_medical,avoided_prevalence_patient_year,11143.77551726277,3121.483646,2185.038552,4057.928739,DEP_INDEX_DIRECT,Mental-health-specific stream; no death or YLL stream,34785113.03183093,34785113.03183093,24349579.120052893,24349579.120052893,45220646.93246518,45220646.93246518
S2,2026,depression,direct_medical,avoided_prevalence_patient_year,68459.42011967103,3121.483646,2185.038552,4057.928739,DEP_INDEX_DIRECT,Mental-health-specific stream; no death or YLL stream,213694960.3181965,207470835.26038495,149586472.20904565,145229584.66897637,277803448.3588879,269712085.7853281
S2,2027,depression,direct_medical,avoided_prevalence_patient_year,116660.73530606634,3121.483646,2185.038552,4057.928739,DEP_INDEX_DIRECT,Mental-health-specific stream; no death or YLL stream,364154577.3882209,343250614.9384682,254908204.14842248,240275430.43493494,473400950.51135856,446225799.3320375
S2,2028,depression,direct_medical,avoided_prevalence_patient_year,166743.55393542995,3121.483646,2185.038552,4057.928739,DEP_INDEX_DIRECT,Mental-health-specific stream; no death or YLL stream,520487276.6853636,476319590.0580507,364341093.64640576,333423713.0101167,676633459.5575777,619215466.9533907
S2,2029,depression,direct_medical,avoided_prevalence_patient_year,218550.80836518074,3121.483646,2185.038552,4057.928739,DEP_INDEX_DIRECT,Mental-health-specific stream; no death or YLL stream,682202774.1319917,606128328.8684268,477541941.848684,424289830.1690628,886863606.1967485,787966827.3736111
S2,2030,depression,direct_medical,avoided_prevalence_patient_year,247248.21551893032,3121.483646,2185.038552,4057.928739,DEP_INDEX_DIRECT,Mental-health-specific stream; no death or YLL stream,771781261.2450244,665745295.5730474,540246882.8220674,466021706.8584774,1003315639.4207331,865468884.0743387
S2,2031,depression,direct_medical,avoided_prevalence_patient_year,251522.57160949244,3121.483646,2185.038552,4057.928739,DEP_INDEX_DIRECT,Mental-health-specific stream; no death or YLL stream,785123593.8788946,657528649.4244653,549586515.6649216,460270054.55499643,1020660671.8413448,854787244.0832878
S2,2032,depression,direct_medical,avoided_prevalence_patient_year,256087.45091830002,3121.483646,2185.038552,4057.928739,DEP_INDEX_DIRECT,Mental-health-specific stream; no death or YLL stream,799372789.9873012,649963229.937528,559560952.9398934,454974260.91462505,1039184626.7786216,844952198.7522082
S2,2033,depression,direct_medical,avoided_prevalence_patient_year,261080.04306635464,3121.483646,2185.038552,4057.928739,DEP_INDEX_DIRECT,Mental-health-specific stream; no death or YLL stream,814957084.7286017,643334648.2543225,570469959.2578052,450334253.73680604,1059444209.9383181,836335042.5657401
S2,2034,depression,direct_medical,avoided_prevalence_patient_year,266100.79993356235,3121.483646,2185.038552,4057.928739,DEP_INDEX_DIRECT,Mental-health-specific stream; no death or YLL stream,830629295.1801327,636608190.200847,581440506.5728728,445625733.0998041,1079818083.521292,827590647.0979459
S2,2035,depression,direct_medical,avoided_prevalence_patient_year,270409.19814132707,3121.483646,2185.038552,4057.928739,DEP_INDEX_DIRECT,Mental-health-specific stream; no death or YLL stream,844077889.7261261,628073221.4440793,590854522.7542064,439651254.9706135,1097301256.4276364,816495187.716335
S2,2036,depression,direct_medical,avoided_prevalence_patient_year,274074.76587189065,3121.483646,2185.038552,4057.928739,DEP_INDEX_DIRECT,Mental-health-specific stream; no death or YLL stream,855519899.4503856,618045777.9165921,598863929.560455,432632044.502015,1112175869.0662415,803459511.1331718
S2,2037,depression,direct_medical,avoided_prevalence_patient_year,277170.3126055459,3121.483646,2185.038552,4057.928739,DEP_INDEX_DIRECT,Mental-health-specific stream; no death or YLL stream,865182597.9549192,606821666.8986663,605627818.5130094,424775166.79018605,1124737377.1196587,788868166.8127447
S2,2038,depression,direct_medical,avoided_prevalence_patient_year,279565.30674219516,3121.483646,2185.038552,4057.928739,DEP_INDEX_DIRECT,Mental-health-specific stream; no death or YLL stream,872658532.9847357,594237997.3924363,610860973.033402,415966598.1366313,1134456092.6565042,772509396.4578708
S2,2039,depression,direct_medical,avoided_prevalence_patient_year,281255.6774584098,3121.483646,2185.038552,4057.928739,DEP_INDEX_DIRECT,Mental-health-specific stream; no death or YLL stream,877934997.531077,580418459.2191203,614554498.2155027,406292921.4161956,1141315496.5653956,754543996.8361019
S2,2040,depression,direct_medical,avoided_prevalence_patient_year,282202.66254564293,3121.483646,2185.038552,4057.928739,DEP_INDEX_DIRECT,Mental-health-specific stream; no death or YLL stream,880890995.9938812,565410410.1328666,616623697.1392763,395787287.05677956,1145158294.5662832,735033533.0278183
S2,2041,depression,direct_medical,avoided_prevalence_patient_year,282984.6680373674,3121.483646,2185.038552,4057.928739,DEP_INDEX_DIRECT,Mental-health-specific stream; no death or YLL stream,883332013.3473814,550463307.0728284,618332409.28657,385324314.91571057,1148331617.125208,715602299.0535996
S2,2042,depression,direct_medical,avoided_prevalence_patient_year,283748.65568274126,3121.483646,2185.038552,4057.928739,DEP_INDEX_DIRECT,Mental-health-specific stream; no death or YLL stream,885716788.2881619,535873223.27514905,620001751.7449635,375111256.2582698,1151431824.5476115,696635190.1203556
S2,2043,depression,direct_medical,avoided_prevalence_patient_year,284329.2319319417,3121.483646,2185.038552,4057.928739,DEP_INDEX_DIRECT,Mental-health-specific stream; no death or YLL stream,887529047.555297,521329776.6367964,621270333.231842,364930843.6123548,1153787761.5944228,677728709.4942247
S2,2044,depression,direct_medical,avoided_prevalence_patient_year,284618.71668031137,3121.483646,2185.038552,4057.928739,DEP_INDEX_DIRECT,Mental-health-specific stream; no death or YLL stream,888432669.4630994,506660737.1580228,621902868.5672458,354662515.97815317,1154962470.0743341,658658958.1755784
S2,2045,depression,direct_medical,avoided_prevalence_patient_year,284628.83768243046,3121.483646,2185.038552,4057.928739,DEP_INDEX_DIRECT,Mental-health-specific stream; no death or YLL stream,888464262.0056952,491921120.3336084,621924983.3470609,344344784.2020075,1155003540.3797007,639497456.3076172
S2,2046,depression,direct_medical,avoided_prevalence_patient_year,284211.7586918052,3121.483646,2185.038552,4057.928739,DEP_INDEX_DIRECT,Mental-health-specific stream; no death or YLL stream,887162356.7573683,476893482.48870087,621013649.6733154,333825437.711535,1153311063.5572093,619961527.1130887
S2,2047,depression,direct_medical,avoided_prevalence_patient_year,283393.92321553896,3121.483646,2185.038552,4057.928739,DEP_INDEX_DIRECT,Mental-health-specific stream; no death or YLL stream,884609496.6930846,461671062.5336388,619226647.6284804,323169743.7439669,1149992345.474295,600172381.1754094
S2,2048,depression,direct_medical,avoided_prevalence_patient_year,282285.9682134469,3121.483646,2185.038552,4057.928739,DEP_INDEX_DIRECT,Mental-health-specific stream; no death or YLL stream,881151033.2735504,446471957.6800069,616805723.235028,312530370.3473984,1145496343.0297866,580413544.8695834
S2,2049,depression,direct_medical,avoided_prevalence_patient_year,280995.16014531744,3121.483646,2185.038552,4057.928739,DEP_INDEX_DIRECT,Mental-health-specific stream; no death or YLL stream,877121796.9987594,431485802.82242393,613985257.8429325,302040061.94805056,1140258335.873591,560931543.5585663
S2,2050,depression,direct_medical,avoided_prevalence_patient_year,279502.7840898866,3121.483646,2185.038552,4057.928739,DEP_INDEX_DIRECT,Mental-health-specific stream; no death or YLL stream,872463369.54805,416693364.27294177,610724358.6277344,291685354.9643608,1134202380.1888628,541701373.4480306
S3,2025,depression,direct_medical,avoided_prevalence_patient_year,9100.750005764094,3121.483646,2185.038552,4057.928739,DEP_INDEX_DIRECT,Mental-health-specific stream; no death or YLL stream,28407842.309327025,28407842.309327025,19885489.614708766,19885489.614708766,36930194.99484453,36930194.99484453
S3,2026,depression,direct_medical,avoided_prevalence_patient_year,55908.52643106374,3121.483646,2185.038552,4057.928739,DEP_INDEX_DIRECT,Mental-health-specific stream; no death or YLL stream,174517550.92652422,169434515.46264488,122162285.63738525,118604160.81299539,226872816.15975466,220264870.05801424
S3,2027,depression,direct_medical,avoided_prevalence_patient_year,95272.93383328812,3121.483646,2185.038552,4057.928739,DEP_INDEX_DIRECT,Mental-health-specific stream; no death or YLL stream,297392904.867049,280321335.53308415,208175033.38787967,196224934.85519812,386610776.25094527,364417736.1211663
S3,2028,depression,direct_medical,avoided_prevalence_patient_year,136173.90238060022,3121.483646,2185.038552,4057.928739,DEP_INDEX_DIRECT,Mental-health-specific stream; no death or YLL stream,425064609.2930441,388994331.8807388,297545226.47789603,272296032.29159343,552583991.9720181,505692631.3452657
S3,2029,depression,direct_medical,avoided_prevalence_patient_year,178483.16016489486,3121.483646,2185.038552,4057.928739,DEP_INDEX_DIRECT,Mental-health-specific stream; no death or YLL stream,557132265.541118,495004801.9092076,389992585.84308594,346503361.3047293,724271945.0606668,643506242.3551058
S3,2030,depression,direct_medical,avoided_prevalence_patient_year,222111.31360783934,3121.483646,2185.038552,4057.928739,DEP_INDEX_DIRECT,Mental-health-specific stream; no death or YLL stream,693316833.0184478,598061190.5231216,485321783.06849116,418642833.3278661,901311882.7462931,777479547.5267819
S3,2031,depression,direct_medical,avoided_prevalence_patient_year,267033.130192077,3121.483646,2185.038552,4057.928739,DEP_INDEX_DIRECT,Mental-health-specific stream; no death or YLL stream,833539548.8347573,698076249.4723053,583477684.1309234,488653374.58588636,1083601413.2715578,907499124.1350878
S3,2032,depression,direct_medical,avoided_prevalence_patient_year,313707.1273749205,3121.483646,2185.038552,4057.928739,DEP_INDEX_DIRECT,Mental-health-specific stream; no death or YLL stream,979231667.7344534,796204956.6734794,685462167.3513759,557343469.620421,1273001167.8038237,1035066443.4714651
S3,2033,depression,direct_medical,avoided_prevalence_patient_year,362466.12645712576,3121.483646,2185.038552,4057.928739,DEP_INDEX_DIRECT,Mental-health-specific stream; no death or YLL stream,1131432085.964886,893162936.6597595,792002460.102927,625214055.6046048,1470861711.4643788,1161111817.42878
S3,2034,depression,direct_medical,avoided_prevalence_patient_year,412899.74123024347,3121.483646,2185.038552,4057.928739,DEP_INDEX_DIRECT,Mental-health-specific stream; no death or YLL stream,1288859789.687837,987803708.4616458,902201852.6989058,691462595.8598614,1675517726.263868,1284144820.7469769
S3,2035,depression,direct_medical,avoided_prevalence_patient_year,419584.93911596184,3121.483646,2185.038552,4057.928739,DEP_INDEX_DIRECT,Mental-health-specific stream; no death or YLL stream,1309727525.5583806,974560281.9407358,916809267.8069494,682192197.2960728,1702645782.8902268,1266928366.273188
S3,2036,depression,direct_medical,avoided_prevalence_patient_year,425272.6783778873,3121.483646,2185.038552,4057.928739,DEP_INDEX_DIRECT,Mental-health-specific stream; no death or YLL stream,1327481710.647193,959001032.0672536,929237197.3679806,671300722.3856324,1725726223.5011327,1246701341.441649
S3,2037,depression,direct_medical,avoided_prevalence_patient_year,430075.9350596021,3121.483646,2185.038552,4057.928739,DEP_INDEX_DIRECT,Mental-health-specific stream; no death or YLL stream,1342474997.826706,941584953.1377566,939732498.392679,659109467.1361003,1745217496.830657,1224060438.8377662
S3,2038,depression,direct_medical,avoided_prevalence_patient_year,433792.16762831016,3121.483646,2185.038552,4057.928739,DEP_INDEX_DIRECT,Mental-health-specific stream; no death or YLL stream,1354075157.0146608,922059292.6206055,947852609.8235041,645441504.7753456,1760297703.772025,1198677080.1704738
S3,2039,depression,direct_medical,avoided_prevalence_patient_year,436415.0595229663,3121.483646,2185.038552,4057.928739,DEP_INDEX_DIRECT,Mental-health-specific stream; no death or YLL stream,1362262471.169056,900615975.888336,953583729.731056,630431183.0641307,1770941212.1706405,1170800768.424019
S3,2040,depression,direct_medical,avoided_prevalence_patient_year,437884.4647166564,3121.483646,2185.038552,4057.928739,DEP_INDEX_DIRECT,Mental-health-specific stream; no death or YLL stream,1366849195.4505072,877328486.389499,956794436.7277781,614129940.4164369,1776903953.7353516,1140527032.0814993
S3,2041,depression,direct_medical,avoided_prevalence_patient_year,439097.87657131563,3121.483646,2185.038552,4057.928739,DEP_INDEX_DIRECT,Mental-health-specific stream; no death or YLL stream,1370636840.7106884,854135564.8080065,959445788.4096622,597894895.3108783,1781827892.5726166,1110376234.0315034
S3,2042,depression,direct_medical,avoided_prevalence_patient_year,440283.3307343874,3121.483646,2185.038552,4057.928739,DEP_INDEX_DIRECT,Mental-health-specific stream; no death or YLL stream,1374337216.4937994,831496618.1152738,962036051.4576029,582047632.6274159,1786638381.0897126,1080945603.3367531
S3,2043,depression,direct_medical,avoided_prevalence_patient_year,441184.19154773006,3121.483646,2185.038552,4057.928739,DEP_INDEX_DIRECT,Mental-health-specific stream; no death or YLL stream,1377149238.7899709,808930036.7480968,964004467.0647427,566251025.6718378,1790294010.0740147,1051609047.5652064
S3,2044,depression,direct_medical,avoided_prevalence_patient_year,441633.37538228364,3121.483646,2185.038552,4057.928739,DEP_INDEX_DIRECT,Mental-health-specific stream; no death or YLL stream,1378551358.7835774,786168577.1568663,964985951.0601774,550318003.9594349,1792116766.0653439,1022019150.1024402
S3,2045,depression,direct_medical,avoided_prevalence_patient_year,441649.0798039051,3121.483646,2185.038552,4057.928739,DEP_INDEX_DIRECT,Mental-health-specific stream; no death or YLL stream,1378600379.8788388,763297605.0509833,965020265.8268572,534308323.48678213,1792180493.489171,992286886.3706539
S3,2046,depression,direct_medical,avoided_prevalence_patient_year,441001.9122367848,3121.483646,2185.038552,4057.928739,DEP_INDEX_DIRECT,Mental-health-specific stream; no death or YLL stream,1376580256.9018512,739979720.3283015,963606179.7430954,517985804.182399,1789554333.6196048,961973636.2371436
S3,2047,depression,direct_medical,avoided_prevalence_patient_year,439732.90418944496,3121.483646,2185.038552,4057.928739,DEP_INDEX_DIRECT,Mental-health-specific stream; no death or YLL stream,1372619069.0354373,716359598.69803,960833348.2368596,501451719.04272234,1784404789.394282,931267478.1238444
S3,2048,depression,direct_medical,avoided_prevalence_patient_year,438013.7273445321,3121.483646,2185.038552,4057.928739,DEP_INDEX_DIRECT,Mental-health-specific stream; no death or YLL stream,1367252686.62946,692775654.3334779,957076880.5530192,484942957.9890469,1777428492.2678869,900608350.4559708
S3,2049,depression,direct_medical,avoided_prevalence_patient_year,436010.8234921511,3121.483646,2185.038552,4057.928739,DEP_INDEX_DIRECT,Mental-health-specific stream; no death or YLL stream,1361000655.0097423,669522137.3794615,952700458.4196174,468665496.12272537,1769300851.1638563,870378778.4217092
S3,2050,depression,direct_medical,avoided_prevalence_patient_year,433695.15331280755,3121.483646,2185.038552,4057.928739,DEP_INDEX_DIRECT,Mental-health-specific stream; no death or YLL stream,1353772328.4153914,646569203.5635148,947640629.8040351,452598442.4530334,1759904026.5930529,840539964.4668611
S4,2025,depression,direct_medical,avoided_prevalence_patient_year,18572.959195436175,3121.483646,2185.038552,4057.928739,DEP_INDEX_DIRECT,Mental-health-specific stream; no death or YLL stream,57975188.38637934,57975188.38637934,40582631.86675094,40582631.86675094,75367744.88743477,75367744.88743477
S4,2026,depression,direct_medical,avoided_prevalence_patient_year,114099.03353278474,3121.483646,2185.038552,4057.928739,DEP_INDEX_DIRECT,Mental-health-specific stream; no death or YLL stream,356158267.1969932,345784725.43397397,249310787.01507542,242049307.7816266,463005747.2648119,449520142.9755455
S4,2027,depression,direct_medical,avoided_prevalence_patient_year,194434.55884344695,3121.483646,2185.038552,4057.928739,DEP_INDEX_DIRECT,Mental-health-specific stream; no death or YLL stream,606924295.6470444,572084358.2307894,424847006.91404414,400459050.72489786,789001584.1856099,743709665.5534074
S4,2028,depression,direct_medical,avoided_prevalence_patient_year,277905.9232257156,3121.483646,2185.038552,4057.928739,DEP_INDEX_DIRECT,Mental-health-specific stream; no death or YLL stream,867478794.4756027,793865983.4300816,607235156.0773407,555706188.3501924,1127722432.595959,1032025778.2556475
S4,2029,depression,direct_medical,avoided_prevalence_patient_year,364251.34727529646,3121.483646,2185.038552,4057.928739,DEP_INDEX_DIRECT,Mental-health-specific stream; no death or YLL stream,1137004623.5533047,1010213881.4473647,795903236.4144629,707149716.9484288,1478106010.327895,1313278045.622668
S4,2030,depression,direct_medical,avoided_prevalence_patient_year,412080.35919821827,3121.483646,2185.038552,4057.928739,DEP_INDEX_DIRECT,Mental-health-specific stream; no death or YLL stream,1286302102.0750442,1109575492.6217487,900411471.3701147,776702844.7641311,1672192732.367893,1442448140.1239018
S4,2031,depression,direct_medical,avoided_prevalence_patient_year,419204.28601582005,3121.483646,2185.038552,4057.928739,DEP_INDEX_DIRECT,Mental-health-specific stream; no death or YLL stream,1308539323.1314888,1095881082.374107,915977526.1082013,767116757.5916594,1701101119.7355719,1424645406.8054774
S4,2032,depression,direct_medical,avoided_prevalence_patient_year,426812.41819717106,3121.483646,2185.038552,4057.928739,DEP_INDEX_DIRECT,Mental-health-specific stream; no death or YLL stream,1332287983.3121824,1083272049.8958912,932601588.2331651,758290434.8577162,1731974377.964387,1408253664.587028
S4,2033,depression,direct_medical,avoided_prevalence_patient_year,435133.4051105946,3121.483646,2185.038552,4057.928739,DEP_INDEX_DIRECT,Mental-health-specific stream; no death or YLL stream,1358261807.8810139,1072224413.7572129,950783265.429683,750557089.5613494,1765740349.8972113,1393891737.6095781
S4,2034,depression,direct_medical,avoided_prevalence_patient_year,443501.3332226002,3121.483646,2185.038552,4057.928739,DEP_INDEX_DIRECT,Mental-health-specific stream; no death or YLL stream,1384382158.6335433,1061013650.3347365,969067510.9547799,742709555.166334,1799696805.868805,1379317745.1632318
S4,2035,depression,direct_medical,avoided_prevalence_patient_year,450681.99690221454,3121.483646,2185.038552,4057.928739,DEP_INDEX_DIRECT,Mental-health-specific stream; no death or YLL stream,1406796482.8768854,1046788702.4068052,984757537.9236833,732752091.6176935,1828835427.3794053,1360825312.8605669
S4,2036,depression,direct_medical,avoided_prevalence_patient_year,456791.276453153,3121.483646,2185.038552,4057.928739,DEP_INDEX_DIRECT,Mental-health-specific stream; no death or YLL stream,1425866499.083982,1030076296.5276579,998106549.2674291,721053407.5033613,1853626448.4437435,1339099185.2219586
S4,2037,depression,direct_medical,avoided_prevalence_patient_year,461950.52100923844,3121.483646,2185.038552,4057.928739,DEP_INDEX_DIRECT,Mental-health-specific stream; no death or YLL stream,1441970996.5915172,1011369444.8311,1009379697.5216719,707958611.3169694,1874562295.1994119,1314780278.0212278
S4,2038,depression,direct_medical,avoided_prevalence_patient_year,465942.17790366424,3121.483646,2185.038552,4057.928739,DEP_INDEX_DIRECT,Mental-health-specific stream; no death or YLL stream,1454430888.3079104,990396662.320739,1018101621.7223489,693277663.5610607,1890760154.4275298,1287515660.7631335
S4,2039,depression,direct_medical,avoided_prevalence_patient_year,468759.4624306822,3121.483646,2185.038552,4057.928739,DEP_INDEX_DIRECT,Mental-health-specific stream; no death or YLL stream,1463224995.8851259,967364098.6985322,1024257497.0258362,677154869.0269915,1902192494.275656,1257573328.0601676
S4,2040,depression,direct_medical,avoided_prevalence_patient_year,470337.77090940415,3121.483646,2185.038552,4057.928739,DEP_INDEX_DIRECT,Mental-health-specific stream; no death or YLL stream,1468151659.9897997,942350683.5547762,1027706161.8987921,659645478.4279649,1908597157.6104693,1225055888.3796954
S4,2041,depression,direct_medical,avoided_prevalence_patient_year,471641.1133956116,3121.483646,2185.038552,4057.928739,DEP_INDEX_DIRECT,Mental-health-specific stream; no death or YLL stream,1472220022.2456331,917438845.1213793,1030554015.4776149,642207191.5261831,1913886028.54201,1192670498.422664
S4,2042,depression,direct_medical,avoided_prevalence_patient_year,472914.4261379012,3121.483646,2185.038552,4057.928739,DEP_INDEX_DIRECT,Mental-health-specific stream; no death or YLL stream,1476194647.1469336,893122038.7919133,1033336252.9082706,625185427.0971152,1919053040.912682,1161058650.2005904
S4,2043,depression,direct_medical,avoided_prevalence_patient_year,473882.05321990186,3121.483646,2185.038552,4057.928739,DEP_INDEX_DIRECT,Mental-health-specific stream; no death or YLL stream,1479215079.2588253,868882961.0613256,1035450555.3864013,608218072.6872567,1922979602.6573672,1129547849.1570387
S4,2044,depression,direct_medical,avoided_prevalence_patient_year,474364.52780051786,3121.483646,2185.038552,4057.928739,DEP_INDEX_DIRECT,Mental-health-specific stream; no death or YLL stream,1480721115.771829,844434561.9300361,1036504780.9454073,591104193.2969205,1924937450.1238859,1097764930.292628
S4,2045,depression,direct_medical,avoided_prevalence_patient_year,474381.3961373829,3121.483646,2185.038552,4057.928739,DEP_INDEX_DIRECT,Mental-health-specific stream; no death or YLL stream,1480773770.0094883,819868533.8893453,1036541638.9117655,573907973.6700109,1925005900.6328297,1065829093.8460261
S4,2046,depression,direct_medical,avoided_prevalence_patient_year,473686.26448634086,3121.483646,2185.038552,4057.928739,DEP_INDEX_DIRECT,Mental-health-specific stream; no death or YLL stream,1478603927.9289436,794822470.8144995,1035022749.4555233,556375729.5192237,1922185105.9286776,1033269211.8551455
S4,2047,depression,direct_medical,avoided_prevalence_patient_year,472323.20535923034,3121.483646,2185.038552,4057.928739,DEP_INDEX_DIRECT,Mental-health-specific stream; no death or YLL stream,1474349161.155137,769451770.8893958,1032044412.7141314,538616239.5732768,1916653909.1238196,1000287301.9590131
S4,2048,depression,direct_medical,avoided_prevalence_patient_year,470476.61368907697,3121.483646,2185.038552,4057.928739,DEP_INDEX_DIRECT,Mental-health-specific stream; no death or YLL stream,1468585055.4559135,744119929.4666762,1028009538.7250441,520883950.57899606,1909160571.7163062,967355908.1159698
S4,2049,depression,direct_medical,avoided_prevalence_patient_year,468325.26690886123,3121.483646,2185.038552,4057.928739,DEP_INDEX_DIRECT,Mental-health-specific stream; no death or YLL stream,1461869661.6645954,719143004.7040381,1023308763.0715517,503400103.2467497,1900430559.7893136,934885905.9309415
S4,2050,depression,direct_medical,avoided_prevalence_patient_year,465837.97348314326,3121.483646,2185.038552,4057.928739,DEP_INDEX_DIRECT,Mental-health-specific stream; no death or YLL stream,1454105615.9134133,694488940.4549012,1017873931.0462217,486142258.27393353,1890337300.314767,902835622.4133822
S5,2025,depression,direct_medical,avoided_prevalence_patient_year,8915.020413809902,3121.483646,2185.038552,4057.928739,DEP_INDEX_DIRECT,Mental-health-specific stream; no death or YLL stream,27828090.425463762,27828090.425463762,19479663.296041626,19479663.296041626,36176517.54597087,36176517.54597087
S5,2026,depression,direct_medical,avoided_prevalence_patient_year,54767.536095738884,3121.483646,2185.038552,4057.928739,DEP_INDEX_DIRECT,Mental-health-specific stream; no death or YLL stream,170955968.25456363,165976668.2083142,119669177.76724102,116183667.73518544,222242758.68711868,215769668.62827057
S5,2027,depression,direct_medical,avoided_prevalence_patient_year,93328.58824485459,3121.483646,2185.038552,4057.928739,DEP_INDEX_DIRECT,Mental-health-specific stream; no death or YLL stream,291323661.91058147,274600491.950779,203926563.3187413,192220344.34795108,378720760.409093,356980639.46563584
S5,2028,depression,direct_medical,avoided_prevalence_patient_year,133394.8431483438,3121.483646,2185.038552,4057.928739,DEP_INDEX_DIRECT,Mental-health-specific stream; no death or YLL stream,416389821.3482903,381055672.04644006,291472874.9171242,266738970.40809298,541306767.6460615,495372373.56271195
S5,2029,depression,direct_medical,avoided_prevalence_patient_year,174840.6466921416,3121.483646,2185.038552,4057.928739,DEP_INDEX_DIRECT,Mental-health-specific stream; no death or YLL stream,545762219.3055841,484902663.0947331,382033553.47894067,339431864.1352444,709490884.9573867,630373461.8988781
S5,2030,depression,direct_medical,avoided_prevalence_patient_year,197798.57241514485,3121.483646,2185.038552,4057.928739,DEP_INDEX_DIRECT,Mental-health-specific stream; no death or YLL stream,617425008.9960214,532596236.45843947,432197506.25765526,372817365.4867831,802652511.5365889,692375107.2594731
S5,2031,depression,direct_medical,avoided_prevalence_patient_year,201218.0572875926,3121.483646,2185.038552,4057.928739,DEP_INDEX_DIRECT,Mental-health-specific stream; no death or YLL stream,628098875.1031114,526022919.53956866,439669212.5319343,368216043.6439946,816528537.4730704,683829795.2666256
S5,2032,depression,direct_medical,avoided_prevalence_patient_year,204869.96073464036,3121.483646,2185.038552,4057.928739,DEP_INDEX_DIRECT,Mental-health-specific stream; no death or YLL stream,639498231.989842,519970583.95002323,447648762.3519154,363979408.73170066,831347701.4228987,675961759.0017678
S5,2033,depression,direct_medical,avoided_prevalence_patient_year,208864.0344530848,3121.483646,2185.038552,4057.928739,DEP_INDEX_DIRECT,Mental-health-specific stream; no death or YLL stream,651965667.7828848,514667718.6034608,456375967.40624654,360267402.98944664,847555367.950659,669068034.0525956
S5,2034,depression,direct_medical,avoided_prevalence_patient_year,212880.639946848,3121.483646,2185.038552,4057.928739,DEP_INDEX_DIRECT,Mental-health-specific stream; no death or YLL stream,664503436.1441004,509286552.16067326,465152405.2582941,356500586.47984016,863854466.8170259,662072517.6783509
S5,2035,depression,direct_medical,avoided_prevalence_patient_year,216327.35851306486,3121.483646,2185.038552,4057.928739,DEP_INDEX_DIRECT,Mental-health-specific stream; no death or YLL stream,675262311.7809108,502458577.1552708,472683618.2033721,351721003.976496,877841005.1421221,653196150.1730777
S5,2036,depression,direct_medical,avoided_prevalence_patient_year,219259.8126975107,3121.483646,2185.038552,4057.928739,DEP_INDEX_DIRECT,Mental-health-specific stream; no death or YLL stream,684415919.5603029,494436622.33326966,479091143.64836,346105635.6016091,889740695.2529857,642767608.906532
S5,2037,depression,direct_medical,avoided_prevalence_patient_year,221736.2500844356,3121.483646,2185.038552,4057.928739,DEP_INDEX_DIRECT,Mental-health-specific stream; no death or YLL stream,692146078.3639319,485457333.51893055,484502254.810405,339820133.4321471,899789901.6957223,631094533.4501926
S5,2038,depression,direct_medical,avoided_prevalence_patient_year,223652.2453937554,3121.483646,2185.038552,4057.928739,DEP_INDEX_DIRECT,Mental-health-specific stream; no death or YLL stream,698126826.3877864,475390397.9139475,488688778.42671996,332773278.509304,907564874.1252004,618007517.1662947
S5,2039,depression,direct_medical,avoided_prevalence_patient_year,225004.5419667285,3121.483646,2185.038552,4057.928739,DEP_INDEX_DIRECT,Mental-health-specific stream; no death or YLL stream,702347998.0248637,464334767.3752976,491643598.57240367,325034337.1329574,913052397.2523191,603635197.4688833
S5,2040,depression,direct_medical,avoided_prevalence_patient_year,225762.13003651515,3121.483646,2185.038552,4057.928739,DEP_INDEX_DIRECT,Mental-health-specific stream; no death or YLL stream,704712796.7951075,452328328.1062949,493298957.7114228,316629829.6454248,916126635.6530299,588026826.4222568
S5,2041,depression,direct_medical,avoided_prevalence_patient_year,226387.7344298949,3121.483646,2185.038552,4057.928739,DEP_INDEX_DIRECT,Mental-health-specific stream; no death or YLL stream,706665610.6779081,440370645.65826464,494665927.42925805,308259451.93256974,918665293.7001703,572481839.2428821
S5,2042,depression,direct_medical,avoided_prevalence_patient_year,226998.92454619406,3121.483646,2185.038552,4057.928739,DEP_INDEX_DIRECT,Mental-health-specific stream; no death or YLL stream,708573430.6305327,428698578.6201212,496001401.39597315,300089005.00661725,921145459.6380934,557308152.096287
S5,2043,depression,direct_medical,avoided_prevalence_patient_year,227463.3855455545,3121.483646,2185.038552,4057.928739,DEP_INDEX_DIRECT,Mental-health-specific stream; no death or YLL stream,710023238.0442412,417063821.30943924,497016266.58547616,291944674.8898853,923030209.2755429,542182967.5953825
S5,2044,depression,direct_medical,avoided_prevalence_patient_year,227694.97334425035,3121.483646,2185.038552,4057.928739,DEP_INDEX_DIRECT,Mental-health-specific stream; no death or YLL stream,710746135.5704834,405328589.7264205,497522294.8537994,283730012.7825241,923969976.0594724,526927166.5404656
S5,2045,depression,direct_medical,avoided_prevalence_patient_year,227703.07014594565,3121.483646,2185.038552,4057.928739,DEP_INDEX_DIRECT,Mental-health-specific stream; no death or YLL stream,710771409.6045603,393536896.266889,497539986.6776515,275475827.36160755,924002832.3037658,511597965.0460967
S5,2046,depression,direct_medical,avoided_prevalence_patient_year,227369.40695344546,3121.483646,2185.038552,4057.928739,DEP_INDEX_DIRECT,Mental-health-specific stream; no death or YLL stream,709729885.4058987,381514785.99096286,496810919.7386552,267060350.16922954,922648850.8457727,495969221.69047385
S5,2047,depression,direct_medical,avoided_prevalence_patient_year,226715.13857243245,3121.483646,2185.038552,4057.928739,DEP_INDEX_DIRECT,Mental-health-specific stream; no death or YLL stream,707687597.3544717,369336850.0269131,495381318.10278714,258535794.99517497,919993876.379441,480137904.94033027
S5,2048,depression,direct_medical,avoided_prevalence_patient_year,225828.7745707588,3121.483646,2185.038552,4057.928739,DEP_INDEX_DIRECT,Mental-health-specific stream; no death or YLL stream,704920826.6188443,357177566.1440075,493444578.5880252,250024296.27792013,916397074.4238346,464330835.89566934
S5,2049,depression,direct_medical,avoided_prevalence_patient_year,224796.12811625522,3121.483646,2185.038552,4057.928739,DEP_INDEX_DIRECT,Mental-health-specific stream; no death or YLL stream,701697437.5990115,345188642.2579411,491188206.2743488,241632049.55844182,912206668.6988779,448745234.8468556
S5,2050,depression,direct_medical,avoided_prevalence_patient_year,223602.22727191052,3121.483646,2185.038552,4057.928739,DEP_INDEX_DIRECT,Mental-health-specific stream; no death or YLL stream,697970695.638444,333354691.4183553,488579486.90219027,233348283.97148994,907361904.1510953,433361098.75842685
S6,2025,depression,direct_medical,avoided_prevalence_patient_year,20801.714298889936,3121.483646,2185.038552,4057.928739,DEP_INDEX_DIRECT,Mental-health-specific stream; no death or YLL stream,64932210.992749296,64932210.992749296,45452547.69076416,45452547.69076416,84411874.27393271,84411874.27393271
S6,2026,depression,direct_medical,avoided_prevalence_patient_year,127790.91755671613,3121.483646,2185.038552,4057.928739,DEP_INDEX_DIRECT,Mental-health-specific stream; no death or YLL stream,398897259.2606237,387278892.48604244,279228081.45687836,271095224.7154159,518566436.93657804,503462560.1326
S6,2027,depression,direct_medical,avoided_prevalence_patient_year,217766.70590465947,3121.483646,2185.038552,4057.928739,DEP_INDEX_DIRECT,Mental-health-specific stream; no death or YLL stream,679755211.1246862,640734481.2184808,475828647.74372697,448514136.8118833,883681774.2878786,832954825.4198121
S6,2028,depression,direct_medical,avoided_prevalence_patient_year,311254.63401280256,3121.483646,2185.038552,4057.928739,DEP_INDEX_DIRECT,Mental-health-specific stream; no death or YLL stream,971576249.8126786,889129901.4416946,680103374.806624,622390930.9522177,1263049124.5074785,1155868871.6463294
S6,2029,depression,direct_medical,avoided_prevalence_patient_year,407961.50894833,3121.483646,2185.038552,4057.928739,DEP_INDEX_DIRECT,Mental-health-specific stream; no death or YLL stream,1273445178.379695,1131439547.2210429,891411624.784194,792007682.9822361,1655478731.567234,1470871411.0973809
S6,2030,depression,direct_medical,avoided_prevalence_patient_year,507683.00253220566,3121.483646,2185.038552,4057.928739,DEP_INDEX_DIRECT,Mental-health-specific stream; no death or YLL stream,1584724189.7564566,1366997006.9099963,1109306932.727983,956897904.749411,2060141446.2772472,1777096108.6326497
S6,2031,depression,direct_medical,avoided_prevalence_patient_year,610361.4404390324,3121.483646,2185.038552,4057.928739,DEP_INDEX_DIRECT,Mental-health-specific stream; no death or YLL stream,1905233254.4794428,1595602855.9366956,1333663278.0135376,1116921999.0534532,2476803230.334986,2074283712.3087697
S6,2032,depression,direct_medical,avoided_prevalence_patient_year,717044.862571244,3121.483646,2185.038552,4057.928739,DEP_INDEX_DIRECT,Mental-health-specific stream; no death or YLL stream,2238243811.9644556,1819897043.8250883,1566770668.23171,1273927930.5609572,2909716954.9801564,2365866156.506196
S6,2033,depression,direct_medical,avoided_prevalence_patient_year,828494.0033305752,3121.483646,2185.038552,4057.928739,DEP_INDEX_DIRECT,Mental-health-specific stream; no death or YLL stream,2586130482.20546,2041515283.793741,1810291337.3781233,1429060698.5248146,3361969626.204303,2653969868.4086466
S6,2034,depression,direct_medical,avoided_prevalence_patient_year,943770.8370976953,3121.483646,2185.038552,4057.928739,DEP_INDEX_DIRECT,Mental-health-specific stream; no death or YLL stream,2945965233.572186,2257837047.912324,2062175663.3117762,1580485933.3939624,3829754802.8888254,2935188161.7073636
S6,2035,depression,direct_medical,avoided_prevalence_patient_year,959051.2894079121,3121.483646,2185.038552,4057.928739,DEP_INDEX_DIRECT,Mental-health-specific stream; no death or YLL stream,2993662915.562011,2227566358.72168,2095564040.701597,1559296450.9624512,3891761789.4633727,2895836265.767285
S6,2036,depression,direct_medical,avoided_prevalence_patient_year,972051.8362923089,3121.483646,2185.038552,4057.928739,DEP_INDEX_DIRECT,Mental-health-specific stream; no death or YLL stream,3034243910.0507116,2192002359.0108542,2123970736.8410876,1534401651.1671517,3944517082.2882833,2849603066.1523256
S6,2037,depression,direct_medical,avoided_prevalence_patient_year,983030.7087076548,3121.483646,2185.038552,4057.928739,DEP_INDEX_DIRECT,Mental-health-specific stream; no death or YLL stream,3068514280.7467346,2152194178.600571,2147959996.326108,1506535924.882504,3989068564.18433,2797852431.62916
S6,2038,depression,direct_medical,avoided_prevalence_patient_year,991524.95457899,3121.483646,2185.038552,4057.928739,DEP_INDEX_DIRECT,Mental-health-specific stream; no death or YLL stream,3095028930.31921,2107564097.4185169,2166520251.025142,1475294868.057926,4023537608.621753,2739833326.1039276
S6,2039,depression,direct_medical,avoided_prevalence_patient_year,997520.1360524965,3121.483646,2185.038552,4057.928739,DEP_INDEX_DIRECT,Mental-health-specific stream; no death or YLL stream,3113742791.243563,2058550802.0304866,2179619953.67099,1440985561.289445,4047865627.8186154,2676116042.1120496
S6,2040,depression,direct_medical,avoided_prevalence_patient_year,1000878.7764952166,3121.483646,2185.038552,4057.928739,DEP_INDEX_DIRECT,Mental-health-specific stream; no death or YLL stream,3124226732.458308,2005322254.604573,2186958712.52064,1403725578.0947158,4061494751.3950973,2606918930.472004
S6,2041,depression,direct_medical,avoided_prevalence_patient_year,1003652.2893058661,3121.483646,2185.038552,4057.928739,DEP_INDEX_DIRECT,Mental-health-specific stream; no death or YLL stream,3132884207.3387218,1952309862.418304,2193018944.9363747,1366616903.5677242,4072749468.7374163,2538002820.6434407
S6,2042,depression,direct_medical,avoided_prevalence_patient_year,1006361.8988214586,3121.483646,2185.038552,4057.928739,DEP_INDEX_DIRECT,Mental-health-specific stream; no death or YLL stream,3141342209.12869,1900563698.5492008,2198939546.1888103,1330394588.8626673,4083744871.0622067,2470732807.6268682
S6,2043,depression,direct_medical,avoided_prevalence_patient_year,1008421.009251956,3121.483646,2185.038552,4057.928739,DEP_INDEX_DIRECT,Mental-health-specific stream; no death or YLL stream,3147769688.6627955,1848982941.1385098,2203438781.8622727,1294288058.6784887,4092100594.454897,2403677823.00619
S6,2044,depression,direct_medical,avoided_prevalence_patient_year,1009447.715159507,3121.483646,2185.038552,4057.928739,DEP_INDEX_DIRECT,Mental-health-specific stream; no death or YLL stream,3150974534.3624673,1796956747.7871256,2205682173.8518376,1257869723.335853,4096266893.8636494,2336043771.662724
S6,2045,depression,direct_medical,avoided_prevalence_patient_year,1009483.6109803558,3121.483646,2185.038552,4057.928739,DEP_INDEX_DIRECT,Mental-health-specific stream; no death or YLL stream,3151086582.580207,1744680240.1165354,2205760607.604248,1221276167.9697895,4096412556.5466814,2268084311.7043543
S6,2046,depression,direct_medical,avoided_prevalence_patient_year,1008004.3708269383,3121.483646,2185.038552,4057.928739,DEP_INDEX_DIRECT,Mental-health-specific stream; no death or YLL stream,3146469158.6328077,1691382217.8932633,2202528410.8413644,1183967552.4169137,4090409905.416246,2198796882.82776
S6,2047,depression,direct_medical,avoided_prevalence_patient_year,1005103.7810044473,3121.483646,2185.038552,4057.928739,DEP_INDEX_DIRECT,Mental-health-specific stream; no death or YLL stream,3137415014.9381475,1637393368.4526427,2196190510.2556825,1146175357.8119388,4078639518.6155086,2128611378.5687904
S6,2048,depression,direct_medical,avoided_prevalence_patient_year,1001174.233930361,3121.483646,2185.038552,4057.928739,DEP_INDEX_DIRECT,Mental-health-specific stream; no death or YLL stream,3125148998.0102005,1583487209.9050953,2187604298.406905,1108441046.8321092,4062693696.612321,2058533372.4707944
S6,2049,depression,direct_medical,avoided_prevalence_patient_year,996596.1679820619,3121.483646,2185.038552,4057.928739,DEP_INDEX_DIRECT,Mental-health-specific stream; no death or YLL stream,3110858640.022275,1530336314.010201,2177601047.816273,1071235419.7090889,4044116231.2316804,1989437207.821054
S6,2050,depression,direct_medical,avoided_prevalence_patient_year,991303.207572134,3121.483646,2185.038552,4057.928739,DEP_INDEX_DIRECT,Mental-health-specific stream; no death or YLL stream,3094336750.6637597,1477872465.2880375,2166035725.2663713,1034510725.606936,4022637775.0698447,1921234204.4956872
S7,2025,depression,direct_medical,avoided_prevalence_patient_year,55718.8775863117,3121.483646,2185.038552,4057.928739,DEP_INDEX_DIRECT,Mental-health-specific stream; no death or YLL stream,173925565.15914792,173925565.15914792,121747895.60025977,121747895.60025977,226103234.6623172,226103234.6623172
S7,2026,depression,direct_medical,avoided_prevalence_patient_year,342297.10059834574,3121.483646,2185.038552,4057.928739,DEP_INDEX_DIRECT,Mental-health-specific stream; no death or YLL stream,1068474801.5909531,1037354176.3018962,747932361.0452077,726147923.3448619,1389017241.7944012,1348560428.926603
S7,2027,depression,direct_medical,avoided_prevalence_patient_year,583303.676530339,3121.483646,2185.038552,4057.928739,DEP_INDEX_DIRECT,Mental-health-specific stream; no death or YLL stream,1820772886.9411275,1716253074.6923628,1274541020.7421284,1201377152.1746898,2367004752.556823,2231128996.660216
S7,2028,depression,direct_medical,avoided_prevalence_patient_year,833717.7696771505,3121.483646,2185.038552,4057.928739,DEP_INDEX_DIRECT,Mental-health-specific stream; no death or YLL stream,2602436383.4268203,2381597950.2902555,1821705468.2320304,1667118565.0505848,3383167297.787892,3096077334.7669563
S7,2029,depression,direct_medical,avoided_prevalence_patient_year,1092754.0418258838,3121.483646,2185.038552,4057.928739,DEP_INDEX_DIRECT,Mental-health-specific stream; no death or YLL stream,3411013870.6598964,3030641644.3420787,2387709709.2433767,2121449150.8452754,4434318030.983662,3939834136.8679833
S7,2030,depression,direct_medical,avoided_prevalence_patient_year,1236241.077594659,3121.483646,2185.038552,4057.928739,DEP_INDEX_DIRECT,Mental-health-specific stream; no death or YLL stream,3858906306.2251453,3328726477.865257,2701234414.1103535,2330108534.2924013,5016578197.103696,4327344420.371719
S7,2031,depression,direct_medical,avoided_prevalence_patient_year,1257612.858047451,3121.483646,2185.038552,4057.928739,DEP_INDEX_DIRECT,Mental-health-specific stream; no death or YLL stream,3925617969.394438,3287643247.122297,2747932578.3245835,2301350272.7749615,5103303359.206678,4273936220.416401
S7,2032,depression,direct_medical,avoided_prevalence_patient_year,1280437.2545915088,3121.483646,2185.038552,4057.928739,DEP_INDEX_DIRECT,Mental-health-specific stream; no death or YLL stream,3996863949.936533,3249816149.6876616,2797804764.699486,2274871304.5731406,5195923133.893143,4224760993.76107
S7,2033,depression,direct_medical,avoided_prevalence_patient_year,1305400.21533179,3121.483646,2185.038552,4057.928739,DEP_INDEX_DIRECT,Mental-health-specific stream; no death or YLL stream,4074785423.643061,3216673241.271654,2852349796.2890625,2251671268.6840587,5297221049.691659,4181675212.8287544
S7,2034,depression,direct_medical,avoided_prevalence_patient_year,1330503.9996678063,3121.483646,2185.038552,4057.928739,DEP_INDEX_DIRECT,Mental-health-specific stream; no death or YLL stream,4153146475.900647,3183040951.004223,2907202532.8643517,2228128665.4990115,5399090417.606438,4137953235.4897127
S7,2035,depression,direct_medical,avoided_prevalence_patient_year,1352045.9907066405,3121.483646,2185.038552,4057.928739,DEP_INDEX_DIRECT,Mental-health-specific stream; no death or YLL stream,4220389448.6306467,3140366107.2204084,2954272613.7710433,2198256274.853076,5486506282.138204,4082475938.5816913
S7,2036,depression,direct_medical,avoided_prevalence_patient_year,1370373.8293594583,3121.483646,2185.038552,4057.928739,DEP_INDEX_DIRECT,Mental-health-specific stream; no death or YLL stream,4277599497.251944,3090228889.582972,2994319647.8022857,2163160222.5100827,5560879345.331227,4017297555.6658735
S7,2037,depression,direct_medical,avoided_prevalence_patient_year,1385851.5630277086,3121.483646,2185.038552,4057.928739,DEP_INDEX_DIRECT,Mental-health-specific stream; no death or YLL stream,4325912989.77453,3034108334.493285,3028139092.565001,2123875833.950898,5623686885.598208,3944340834.0636644
S7,2038,depression,direct_medical,avoided_prevalence_patient_year,1397826.5337109847,3121.483646,2185.038552,4057.928739,DEP_INDEX_DIRECT,Mental-health-specific stream; no death or YLL stream,4363292664.923707,2971189986.9622006,3054304865.1670294,2079832990.68317,5672280463.2825575,3862546982.289379
S7,2039,depression,direct_medical,avoided_prevalence_patient_year,1406278.3872920522,3121.483646,2185.038552,4057.928739,DEP_INDEX_DIRECT,Mental-health-specific stream; no death or YLL stream,4389674987.6553955,2902092296.095608,3072772491.077521,2031464607.0809824,5706577482.826991,3772719984.180518
S7,2040,depression,direct_medical,avoided_prevalence_patient_year,1411013.3127282178,3121.483646,2185.038552,4057.928739,DEP_INDEX_DIRECT,Mental-health-specific stream; no death or YLL stream,4404454979.969416,2827052050.664339,3083118485.6963882,1978936435.2839022,5725791472.8314295,3675167665.1391
S7,2041,depression,direct_medical,avoided_prevalence_patient_year,1414923.3401868404,3121.483646,2185.038552,4057.928739,DEP_INDEX_DIRECT,Mental-health-specific stream; no death or YLL stream,4416660066.7369175,2752316535.364149,3091662046.432857,1926621574.5785573,5741658085.626053,3578011495.2680063
S7,2042,depression,direct_medical,avoided_prevalence_patient_year,1418743.2784137093,3121.483646,2185.038552,4057.928739,DEP_INDEX_DIRECT,Mental-health-specific stream; no death or YLL stream,4428583941.440819,2679366116.375751,3100008758.724824,1875556281.2913527,5757159122.738069,3483175950.601785
S7,2043,depression,direct_medical,avoided_prevalence_patient_year,1421646.1596597114,3121.483646,2185.038552,4057.928739,DEP_INDEX_DIRECT,Mental-health-specific stream; no death or YLL stream,4437645237.776494,2606648883.183987,3106351666.1592164,1824654218.0617776,5768938807.972125,3388643547.4711294
S7,2044,depression,direct_medical,avoided_prevalence_patient_year,1423093.5834015599,3121.483646,2185.038552,4057.928739,DEP_INDEX_DIRECT,Mental-health-specific stream; no death or YLL stream,4442163347.315506,2533303685.790119,3109514342.8362355,1773312579.8907695,5774812350.371683,3293294790.8778987
S7,2045,depression,direct_medical,avoided_prevalence_patient_year,1423144.1884121548,3121.483646,2185.038552,4057.928739,DEP_INDEX_DIRECT,Mental-health-specific stream; no death or YLL stream,4442321310.028484,2459605601.6680465,3109624916.73531,1721723921.0100403,5775017701.898514,3197487281.5380917
S7,2046,depression,direct_medical,avoided_prevalence_patient_year,1421058.7934590287,3121.483646,2185.038552,4057.928739,DEP_INDEX_DIRECT,Mental-health-specific stream; no death or YLL stream,4435811783.78685,2384467412.4435086,3105068248.3665833,1669127188.5576782,5766555317.786057,3099807635.5654497
S7,2047,depression,direct_medical,avoided_prevalence_patient_year,1416969.6160776974,3121.483646,2185.038552,4057.928739,DEP_INDEX_DIRECT,Mental-health-specific stream; no death or YLL stream,4423047483.465431,2308355312.668198,3096133238.142408,1615848718.7198374,5749961727.371485,3000861905.877053
S7,2048,depression,direct_medical,avoided_prevalence_patient_year,1411429.8410672373,3121.483646,2185.038552,4057.928739,DEP_INDEX_DIRECT,Mental-health-specific stream; no death or YLL stream,4405755166.367761,2232359788.4000387,3084028616.175146,1562651851.736995,5727481715.148945,2902067724.347923
S7,2049,depression,direct_medical,avoided_prevalence_patient_year,1404975.8007265902,3121.483646,2185.038552,4057.928739,DEP_INDEX_DIRECT,Mental-health-specific stream; no death or YLL stream,4385608984.993807,2157429014.1121244,3069926289.214669,1510200309.740256,5701291679.367968,2804657717.7928376
S7,2050,depression,direct_medical,avoided_prevalence_patient_year,1397513.9204494362,3121.483646,2185.038552,4057.928739,DEP_INDEX_DIRECT,Mental-health-specific stream; no death or YLL stream,4362316847.74026,2083466821.3647134,3053621793.138679,1458426774.8218071,5671011900.944326,2708506867.240159
S0,2025,dementia,direct_medical,avoided_prevalence_patient_year,0.0,44709.673134,22354.836567,67064.5097,DEM_DIRECT_MEDICAL,AD-to-all-dementia transfer retained as structural uncertainty,0.0,0.0,0.0,0.0,0.0,0.0
S0,2026,dementia,direct_medical,avoided_prevalence_patient_year,0.0,44709.673134,22354.836567,67064.5097,DEM_DIRECT_MEDICAL,AD-to-all-dementia transfer retained as structural uncertainty,0.0,0.0,0.0,0.0,0.0,0.0
S0,2027,dementia,direct_medical,avoided_prevalence_patient_year,0.0,44709.673134,22354.836567,67064.5097,DEM_DIRECT_MEDICAL,AD-to-all-dementia transfer retained as structural uncertainty,0.0,0.0,0.0,0.0,0.0,0.0
S0,2028,dementia,direct_medical,avoided_prevalence_patient_year,0.0,44709.673134,22354.836567,67064.5097,DEM_DIRECT_MEDICAL,AD-to-all-dementia transfer retained as structural uncertainty,0.0,0.0,0.0,0.0,0.0,0.0
S0,2029,dementia,direct_medical,avoided_prevalence_patient_year,0.0,44709.673134,22354.836567,67064.5097,DEM_DIRECT_MEDICAL,AD-to-all-dementia transfer retained as structural uncertainty,0.0,0.0,0.0,0.0,0.0,0.0
S0,2030,dementia,direct_medical,avoided_prevalence_patient_year,0.0,44709.673134,22354.836567,67064.5097,DEM_DIRECT_MEDICAL,AD-to-all-dementia transfer retained as structural uncertainty,0.0,0.0,0.0,0.0,0.0,0.0
S0,2031,dementia,direct_medical,avoided_prevalence_patient_year,0.0,44709.673134,22354.836567,67064.5097,DEM_DIRECT_MEDICAL,AD-to-all-dementia transfer retained as structural uncertainty,0.0,0.0,0.0,0.0,0.0,0.0
S0,2032,dementia,direct_medical,avoided_prevalence_patient_year,0.0,44709.673134,22354.836567,67064.5097,DEM_DIRECT_MEDICAL,AD-to-all-dementia transfer retained as structural uncertainty,0.0,0.0,0.0,0.0,0.0,0.0
S0,2033,dementia,direct_medical,avoided_prevalence_patient_year,0.0,44709.673134,22354.836567,67064.5097,DEM_DIRECT_MEDICAL,AD-to-all-dementia transfer retained as structural uncertainty,0.0,0.0,0.0,0.0,0.0,0.0
S0,2034,dementia,direct_medical,avoided_prevalence_patient_year,0.0,44709.673134,22354.836567,67064.5097,DEM_DIRECT_MEDICAL,AD-to-all-dementia transfer retained as structural uncertainty,0.0,0.0,0.0,0.0,0.0,0.0
S0,2035,dementia,direct_medical,avoided_prevalence_patient_year,0.0,44709.673134,22354.836567,67064.5097,DEM_DIRECT_MEDICAL,AD-to-all-dementia transfer retained as structural uncertainty,0.0,0.0,0.0,0.0,0.0,0.0
S0,2036,dementia,direct_medical,avoided_prevalence_patient_year,0.0,44709.673134,22354.836567,67064.5097,DEM_DIRECT_MEDICAL,AD-to-all-dementia transfer retained as structural uncertainty,0.0,0.0,0.0,0.0,0.0,0.0
S0,2037,dementia,direct_medical,avoided_prevalence_patient_year,0.0,44709.673134,22354.836567,67064.5097,DEM_DIRECT_MEDICAL,AD-to-all-dementia transfer retained as structural uncertainty,0.0,0.0,0.0,0.0,0.0,0.0
S0,2038,dementia,direct_medical,avoided_prevalence_patient_year,0.0,44709.673134,22354.836567,67064.5097,DEM_DIRECT_MEDICAL,AD-to-all-dementia transfer retained as structural uncertainty,0.0,0.0,0.0,0.0,0.0,0.0
S0,2039,dementia,direct_medical,avoided_prevalence_patient_year,0.0,44709.673134,22354.836567,67064.5097,DEM_DIRECT_MEDICAL,AD-to-all-dementia transfer retained as structural uncertainty,0.0,0.0,0.0,0.0,0.0,0.0
S0,2040,dementia,direct_medical,avoided_prevalence_patient_year,0.0,44709.673134,22354.836567,67064.5097,DEM_DIRECT_MEDICAL,AD-to-all-dementia transfer retained as structural uncertainty,0.0,0.0,0.0,0.0,0.0,0.0
S0,2041,dementia,direct_medical,avoided_prevalence_patient_year,0.0,44709.673134,22354.836567,67064.5097,DEM_DIRECT_MEDICAL,AD-to-all-dementia transfer retained as structural uncertainty,0.0,0.0,0.0,0.0,0.0,0.0
S0,2042,dementia,direct_medical,avoided_prevalence_patient_year,0.0,44709.673134,22354.836567,67064.5097,DEM_DIRECT_MEDICAL,AD-to-all-dementia transfer retained as structural uncertainty,0.0,0.0,0.0,0.0,0.0,0.0
S0,2043,dementia,direct_medical,avoided_prevalence_patient_year,0.0,44709.673134,22354.836567,67064.5097,DEM_DIRECT_MEDICAL,AD-to-all-dementia transfer retained as structural uncertainty,0.0,0.0,0.0,0.0,0.0,0.0
S0,2044,dementia,direct_medical,avoided_prevalence_patient_year,0.0,44709.673134,22354.836567,67064.5097,DEM_DIRECT_MEDICAL,AD-to-all-dementia transfer retained as structural uncertainty,0.0,0.0,0.0,0.0,0.0,0.0
S0,2045,dementia,direct_medical,avoided_prevalence_patient_year,0.0,44709.673134,22354.836567,67064.5097,DEM_DIRECT_MEDICAL,AD-to-all-dementia transfer retained as structural uncertainty,0.0,0.0,0.0,0.0,0.0,0.0
S0,2046,dementia,direct_medical,avoided_prevalence_patient_year,0.0,44709.673134,22354.836567,67064.5097,DEM_DIRECT_MEDICAL,AD-to-all-dementia transfer retained as structural uncertainty,0.0,0.0,0.0,0.0,0.0,0.0
S0,2047,dementia,direct_medical,avoided_prevalence_patient_year,0.0,44709.673134,22354.836567,67064.5097,DEM_DIRECT_MEDICAL,AD-to-all-dementia transfer retained as structural uncertainty,0.0,0.0,0.0,0.0,0.0,0.0
S0,2048,dementia,direct_medical,avoided_prevalence_patient_year,0.0,44709.673134,22354.836567,67064.5097,DEM_DIRECT_MEDICAL,AD-to-all-dementia transfer retained as structural uncertainty,0.0,0.0,0.0,0.0,0.0,0.0
S0,2049,dementia,direct_medical,avoided_prevalence_patient_year,0.0,44709.673134,22354.836567,67064.5097,DEM_DIRECT_MEDICAL,AD-to-all-dementia transfer retained as structural uncertainty,0.0,0.0,0.0,0.0,0.0,0.0
S0,2050,dementia,direct_medical,avoided_prevalence_patient_year,0.0,44709.673134,22354.836567,67064.5097,DEM_DIRECT_MEDICAL,AD-to-all-dementia transfer retained as structural uncertainty,0.0,0.0,0.0,0.0,0.0,0.0
S1,2025,dementia,direct_medical,avoided_prevalence_patient_year,0.0,44709.673134,22354.836567,67064.5097,DEM_DIRECT_MEDICAL,AD-to-all-dementia transfer retained as structural uncertainty,0.0,0.0,0.0,0.0,0.0,0.0
S1,2026,dementia,direct_medical,avoided_prevalence_patient_year,0.0,44709.673134,22354.836567,67064.5097,DEM_DIRECT_MEDICAL,AD-to-all-dementia transfer retained as structural uncertainty,0.0,0.0,0.0,0.0,0.0,0.0
S1,2027,dementia,direct_medical,avoided_prevalence_patient_year,0.0,44709.673134,22354.836567,67064.5097,DEM_DIRECT_MEDICAL,AD-to-all-dementia transfer retained as structural uncertainty,0.0,0.0,0.0,0.0,0.0,0.0
S1,2028,dementia,direct_medical,avoided_prevalence_patient_year,0.0,44709.673134,22354.836567,67064.5097,DEM_DIRECT_MEDICAL,AD-to-all-dementia transfer retained as structural uncertainty,0.0,0.0,0.0,0.0,0.0,0.0
S1,2029,dementia,direct_medical,avoided_prevalence_patient_year,0.0,44709.673134,22354.836567,67064.5097,DEM_DIRECT_MEDICAL,AD-to-all-dementia transfer retained as structural uncertainty,0.0,0.0,0.0,0.0,0.0,0.0
S1,2030,dementia,direct_medical,avoided_prevalence_patient_year,5658.725613729346,44709.673134,22354.836567,67064.5097,DEM_DIRECT_MEDICAL,AD-to-all-dementia transfer retained as structural uncertainty,252999772.5448326,218239826.24436802,126499886.2724163,109119913.12218401,379499658.81159014,327359739.36167073
S1,2031,dementia,direct_medical,avoided_prevalence_patient_year,11790.494123003813,44709.673134,22354.836567,67064.5097,DEM_DIRECT_MEDICAL,AD-to-all-dementia transfer retained as structural uncertainty,527149138.32784843,441479104.273927,263574569.16392422,220739552.1369635,790723707.4799821,662218656.4010161
S1,2032,dementia,direct_medical,avoided_prevalence_patient_year,18624.896063527667,44709.673134,22354.836567,67064.5097,DEM_DIRECT_MEDICAL,AD-to-all-dementia transfer retained as structural uncertainty,832713015.1550453,677071884.0076966,416356507.57752264,338535942.0038483,1249069522.713943,1015607825.9964013
S1,2033,dementia,direct_medical,avoided_prevalence_patient_year,26683.087102628255,44709.673134,22354.836567,67064.5097,DEM_DIRECT_MEDICAL,AD-to-all-dementia transfer retained as structural uncertainty,1192992102.5645604,941758982.2280617,596496051.2822802,470879491.11403084,1789488153.8201573,1412638473.3210285
S1,2034,dementia,direct_medical,avoided_prevalence_patient_year,35884.192126771726,44709.673134,22354.836567,67064.5097,DEM_DIRECT_MEDICAL,AD-to-all-dementia transfer retained as structural uncertainty,1604370500.66562,1229616396.5886528,802185250.33281,614808198.2943264,2406555750.962546,1844424594.855477
S1,2035,dementia,direct_medical,avoided_prevalence_patient_year,45822.477368149644,44709.673134,22354.836567,67064.5097,DEM_DIRECT_MEDICAL,AD-to-all-dementia transfer retained as structural uncertainty,2048707985.3200831,1524431145.2770028,1024353992.6600416,762215572.6385014,3073061977.934302,2286646717.8814077
S1,2036,dementia,direct_medical,avoided_prevalence_patient_year,56456.54758271927,44709.673134,22354.836567,67064.5097,DEM_DIRECT_MEDICAL,AD-to-all-dementia transfer retained as structural uncertainty,2524153788.6974964,1823502402.3624473,1262076894.3487482,911751201.1812236,3786230682.989788,2735253603.5028853
S1,2037,dementia,direct_medical,avoided_prevalence_patient_year,67506.05895324735,44709.673134,22354.836567,67064.5097,DEM_DIRECT_MEDICAL,AD-to-all-dementia transfer retained as structural uncertainty,3018173830.364223,2116886399.5424247,1509086915.1821115,1058443199.7712123,4527260745.478828,3175329599.2662897
S1,2038,dementia,direct_medical,avoided_prevalence_patient_year,79186.7596666601,44709.673134,22354.836567,67064.5097,DEM_DIRECT_MEDICAL,AD-to-all-dementia transfer retained as structural uncertainty,3540414141.2369876,2410849753.6061215,1770207070.6184938,1205424876.8030608,5310621211.776295,3616274630.35526
S1,2039,dementia,direct_medical,avoided_prevalence_patient_year,91518.34827188718,44709.673134,22354.836567,67064.5097,DEM_DIRECT_MEDICAL,AD-to-all-dementia transfer retained as structural uncertainty,4091755436.9996495,2705132376.4556127,2045877718.4998248,1352566188.2278063,6137633155.407956,4057698564.622915
S1,2040,dementia,direct_medical,avoided_prevalence_patient_year,94598.89758724667,44709.673134,22354.836567,67064.5097,DEM_DIRECT_MEDICAL,AD-to-all-dementia transfer retained as structural uncertainty,4229485789.9625397,2714745985.6320996,2114742894.9812698,1357372992.8160498,6344228684.849211,4072118978.3874297
S1,2041,dementia,direct_medical,avoided_prevalence_patient_year,97489.44039475772,44709.673134,22354.836567,67064.5097,DEM_DIRECT_MEDICAL,AD-to-all-dementia transfer retained as structural uncertainty,4358721014.066194,2716210833.250021,2179360507.033097,1358105416.6250105,6538081521.001801,4074316249.814279
S1,2042,dementia,direct_medical,avoided_prevalence_patient_year,100038.12215920721,44709.673134,22354.836567,67064.5097,DEM_DIRECT_MEDICAL,AD-to-all-dementia transfer retained as structural uncertainty,4472671742.677317,2706039961.1849675,2236335871.3386583,1353019980.5924838,6709007613.915936,4059059941.716926
S1,2043,dementia,direct_medical,avoided_prevalence_patient_year,102307.35404726752,44709.673134,22354.836567,67064.5097,DEM_DIRECT_MEDICAL,AD-to-all-dementia transfer retained as structural uncertainty,4574128358.6577425,2686818332.420274,2287064179.3288713,1343409166.210137,6861192537.884307,4030227498.5703163
S1,2044,dementia,direct_medical,avoided_prevalence_patient_year,104210.77330317421,44709.673134,22354.836567,67064.5097,DEM_DIRECT_MEDICAL,AD-to-all-dementia transfer retained as structural uncertainty,4659229611.426292,2657093543.1047673,2329614805.713146,1328546771.5523837,6988844417.035228,3985640314.597721
S1,2045,dementia,direct_medical,avoided_prevalence_patient_year,105624.80540694695,44709.673134,22354.836567,67064.5097,DEM_DIRECT_MEDICAL,AD-to-all-dementia transfer retained as structural uncertainty,4722450524.586954,2614706355.808333,2361225262.293477,1307353177.9041665,7083675786.774806,3922059533.654017
S1,2046,dementia,direct_medical,avoided_prevalence_patient_year,106626.64285521436,44709.673134,22354.836567,67064.5097,DEM_DIRECT_MEDICAL,AD-to-all-dementia transfer retained as structural uncertainty,4767242349.43239,2562627673.0204,2383621174.716195,1281313836.5102,7150863524.041959,3843941509.473283
S1,2047,dementia,direct_medical,avoided_prevalence_patient_year,107302.16253967592,44709.673134,22354.836567,67064.5097,DEM_DIRECT_MEDICAL,AD-to-all-dementia transfer retained as structural uncertainty,4797444613.720249,2503750367.300148,2398722306.8601246,1251875183.650074,7196166920.473072,3755625550.8942223
S1,2048,dementia,direct_medical,avoided_prevalence_patient_year,107729.34502778416,44709.673134,22354.836567,67064.5097,DEM_DIRECT_MEDICAL,AD-to-all-dementia transfer retained as structural uncertainty,4816543803.132137,2440503000.9972315,2408271901.5660686,1220251500.4986157,7224815704.590477,3660754501.441262
S1,2049,dementia,direct_medical,avoided_prevalence_patient_year,108181.01903836257,44709.673134,22354.836567,67064.5097,DEM_DIRECT_MEDICAL,AD-to-all-dementia transfer retained as structural uncertainty,4836738000.508222,2379354596.285295,2418369000.254111,1189677298.1426475,7255107000.654151,3569031894.3747244
S1,2050,dementia,direct_medical,avoided_prevalence_patient_year,108771.44862667561,44709.673134,22354.836567,67064.5097,DEM_DIRECT_MEDICAL,AD-to-all-dementia transfer retained as structural uncertainty,4863135914.410339,2322660796.7987695,2431567957.2051697,1161330398.3993847,7294703871.506738,3483991195.1462045
S2,2025,dementia,direct_medical,avoided_prevalence_patient_year,0.0,44709.673134,22354.836567,67064.5097,DEM_DIRECT_MEDICAL,AD-to-all-dementia transfer retained as structural uncertainty,0.0,0.0,0.0,0.0,0.0,0.0
S2,2026,dementia,direct_medical,avoided_prevalence_patient_year,0.0,44709.673134,22354.836567,67064.5097,DEM_DIRECT_MEDICAL,AD-to-all-dementia transfer retained as structural uncertainty,0.0,0.0,0.0,0.0,0.0,0.0
S2,2027,dementia,direct_medical,avoided_prevalence_patient_year,0.0,44709.673134,22354.836567,67064.5097,DEM_DIRECT_MEDICAL,AD-to-all-dementia transfer retained as structural uncertainty,0.0,0.0,0.0,0.0,0.0,0.0
S2,2028,dementia,direct_medical,avoided_prevalence_patient_year,0.0,44709.673134,22354.836567,67064.5097,DEM_DIRECT_MEDICAL,AD-to-all-dementia transfer retained as structural uncertainty,0.0,0.0,0.0,0.0,0.0,0.0
S2,2029,dementia,direct_medical,avoided_prevalence_patient_year,0.0,44709.673134,22354.836567,67064.5097,DEM_DIRECT_MEDICAL,AD-to-all-dementia transfer retained as structural uncertainty,0.0,0.0,0.0,0.0,0.0,0.0
S2,2030,dementia,direct_medical,avoided_prevalence_patient_year,16976.176841188197,44709.673134,22354.836567,67064.5097,DEM_DIRECT_MEDICAL,AD-to-all-dementia transfer retained as structural uncertainty,758999317.6345048,654719478.7331101,379499658.8172524,327359739.36655504,1138498976.434781,982079218.0850214
S2,2031,dementia,direct_medical,avoided_prevalence_patient_year,35371.48236901093,44709.673134,22354.836567,67064.5097,DEM_DIRECT_MEDICAL,AD-to-all-dementia transfer retained as structural uncertainty,1581447414.9835227,1324437312.821762,790723707.4917613,662218656.410881,2372171122.4399123,1986655969.2030199
S2,2032,dementia,direct_medical,avoided_prevalence_patient_year,55874.68819058125,44709.673134,22354.836567,67064.5097,DEM_DIRECT_MEDICAL,AD-to-all-dementia transfer retained as structural uncertainty,2498139045.4650574,2031215652.0230262,1249069522.7325287,1015607826.0115131,3747208568.141711,3046823477.989108
S2,2033,dementia,direct_medical,avoided_prevalence_patient_year,80049.26130788276,44709.673134,22354.836567,67064.5097,DEM_DIRECT_MEDICAL,AD-to-all-dementia transfer retained as structural uncertainty,3578976307.693591,2825276946.684114,1789488153.8467956,1412638473.342057,5368464461.460338,4237915419.9629793
S2,2034,dementia,direct_medical,avoided_prevalence_patient_year,107652.5763803111,44709.673134,22354.836567,67064.5097,DEM_DIRECT_MEDICAL,AD-to-all-dementia transfer retained as structural uncertainty,4813111501.996678,3688849189.765819,2406555750.998339,1844424594.8829095,7219667252.887364,5533273784.566221
S2,2035,dementia,direct_medical,avoided_prevalence_patient_year,137467.43210445362,44709.673134,22354.836567,67064.5097,DEM_DIRECT_MEDICAL,AD-to-all-dementia transfer retained as structural uncertainty,6146123955.960459,4573293435.831164,3073061977.9802294,2286646717.915582,9219185933.80322,6859940153.644458
S2,2036,dementia,direct_medical,avoided_prevalence_patient_year,169369.64274815726,44709.673134,22354.836567,67064.5097,DEM_DIRECT_MEDICAL,AD-to-all-dementia transfer retained as structural uncertainty,7572461366.092464,5470507207.087324,3786230683.046232,2735253603.543662,11358692048.969326,8205760810.508629
S2,2037,dementia,direct_medical,avoided_prevalence_patient_year,202518.17685974514,44709.673134,22354.836567,67064.5097,DEM_DIRECT_MEDICAL,AD-to-all-dementia transfer retained as structural uncertainty,9054521491.092808,6350659198.627372,4527260745.546404,3175329599.313686,13581782236.436693,9525988797.799015
S2,2038,dementia,direct_medical,avoided_prevalence_patient_year,237560.27899998263,44709.673134,22354.836567,67064.5097,DEM_DIRECT_MEDICAL,AD-to-all-dementia transfer retained as structural uncertainty,10621242423.711067,7232549260.818436,5310621211.855534,3616274630.409218,15931863635.32904,10848823891.065886
S2,2039,dementia,direct_medical,avoided_prevalence_patient_year,274555.04481565417,44709.673134,22354.836567,67064.5097,DEM_DIRECT_MEDICAL,AD-to-all-dementia transfer retained as structural uncertainty,12275266310.99862,8115397129.36662,6137633155.49931,4057698564.68331,18412899466.223373,12173095693.868418
S2,2040,dementia,direct_medical,avoided_prevalence_patient_year,283796.6927617324,44709.673134,22354.836567,67064.5097,DEM_DIRECT_MEDICAL,AD-to-all-dementia transfer retained as structural uncertainty,12688457369.887278,8144237956.896079,6344228684.943639,4072118978.4480395,19032686054.54712,12216356935.16196
S2,2041,dementia,direct_medical,avoided_prevalence_patient_year,292468.3211842653,44709.673134,22354.836567,67064.5097,DEM_DIRECT_MEDICAL,AD-to-all-dementia transfer retained as structural uncertainty,13076163042.198229,8148632499.749844,6538081521.099114,4074316249.874922,19614244563.004875,12222948749.442509
S2,2042,dementia,direct_medical,avoided_prevalence_patient_year,300114.36647761357,44709.673134,22354.836567,67064.5097,DEM_DIRECT_MEDICAL,AD-to-all-dementia transfer retained as structural uncertainty,13418015228.03159,8118119883.554685,6709007614.015795,4059059941.7773423,20127022841.74727,12177179825.150452
S2,2043,dementia,direct_medical,avoided_prevalence_patient_year,306922.06214179425,44709.673134,22354.836567,67064.5097,DEM_DIRECT_MEDICAL,AD-to-all-dementia transfer retained as structural uncertainty,13722385075.972857,8060454997.260604,6861192537.986428,4030227498.630302,20583577613.652363,12090682495.71062
S2,2044,dementia,direct_medical,avoided_prevalence_patient_year,312632.31990951416,44709.673134,22354.836567,67064.5097,DEM_DIRECT_MEDICAL,AD-to-all-dementia transfer retained as structural uncertainty,13977688834.278498,7971280629.314086,6988844417.139249,3985640314.657043,20966533251.105114,11956920943.79284
S2,2045,dementia,direct_medical,avoided_prevalence_patient_year,316874.41622083227,44709.673134,22354.836567,67064.5097,DEM_DIRECT_MEDICAL,AD-to-all-dementia transfer retained as structural uncertainty,14167351573.760477,7844119067.424785,7083675786.880239,3922059533.7123923,21251027360.32384,11766178600.961731
S2,2046,dementia,direct_medical,avoided_prevalence_patient_year,319879.9285656344,44709.673134,22354.836567,67064.5097,DEM_DIRECT_MEDICAL,AD-to-all-dementia transfer retained as structural uncertainty,14301727048.296783,7687883019.060991,7150863524.148392,3843941509.5304956,21452590572.125294,11531824528.419535
S2,2047,dementia,direct_medical,avoided_prevalence_patient_year,321906.487619019,44709.673134,22354.836567,67064.5097,DEM_DIRECT_MEDICAL,AD-to-all-dementia transfer retained as structural uncertainty,14392333841.160357,7511251101.90024,7196166920.580178,3755625550.95012,21588500761.41863,11266876652.68236
S2,2048,dementia,direct_medical,avoided_prevalence_patient_year,323188.03508334374,44709.673134,22354.836567,67064.5097,DEM_DIRECT_MEDICAL,AD-to-all-dementia transfer retained as structural uncertainty,14449631409.396023,7321509002.991497,7224815704.698011,3660754501.4957485,21674447113.770844,10982263504.323488
S2,2049,dementia,direct_medical,avoided_prevalence_patient_year,324543.0571150789,44709.673134,22354.836567,67064.5097,DEM_DIRECT_MEDICAL,AD-to-all-dementia transfer retained as structural uncertainty,14510214001.52427,7138063788.85569,7255107000.762135,3569031894.427845,21765321001.96186,10707095683.123882
S2,2050,dementia,direct_medical,avoided_prevalence_patient_year,326314.3458800181,44709.673134,22354.836567,67064.5097,DEM_DIRECT_MEDICAL,AD-to-all-dementia transfer retained as structural uncertainty,14589407743.230627,6967982390.396122,7294703871.615314,3483991195.198061,21884111614.519627,10451973585.438334
S3,2025,dementia,direct_medical,avoided_prevalence_patient_year,0.0,44709.673134,22354.836567,67064.5097,DEM_DIRECT_MEDICAL,AD-to-all-dementia transfer retained as structural uncertainty,0.0,0.0,0.0,0.0,0.0,0.0
S3,2026,dementia,direct_medical,avoided_prevalence_patient_year,0.0,44709.673134,22354.836567,67064.5097,DEM_DIRECT_MEDICAL,AD-to-all-dementia transfer retained as structural uncertainty,0.0,0.0,0.0,0.0,0.0,0.0
S3,2027,dementia,direct_medical,avoided_prevalence_patient_year,0.0,44709.673134,22354.836567,67064.5097,DEM_DIRECT_MEDICAL,AD-to-all-dementia transfer retained as structural uncertainty,0.0,0.0,0.0,0.0,0.0,0.0
S3,2028,dementia,direct_medical,avoided_prevalence_patient_year,0.0,44709.673134,22354.836567,67064.5097,DEM_DIRECT_MEDICAL,AD-to-all-dementia transfer retained as structural uncertainty,0.0,0.0,0.0,0.0,0.0,0.0
S3,2029,dementia,direct_medical,avoided_prevalence_patient_year,0.0,44709.673134,22354.836567,67064.5097,DEM_DIRECT_MEDICAL,AD-to-all-dementia transfer retained as structural uncertainty,0.0,0.0,0.0,0.0,0.0,0.0
S3,2030,dementia,direct_medical,avoided_prevalence_patient_year,15250.26552900016,44709.673134,22354.836567,67064.5097,DEM_DIRECT_MEDICAL,AD-to-all-dementia transfer retained as structural uncertainty,681834387.0083047,588156331.7285553,340917193.50415236,294078165.86427766,1022751580.4972068,882234497.5796779
S3,2031,dementia,direct_medical,avoided_prevalence_patient_year,37552.72378176648,44709.673134,22354.836567,67064.5097,DEM_DIRECT_MEDICAL,AD-to-all-dementia transfer retained as structural uncertainty,1678970005.5741675,1406110947.1124325,839485002.7870837,703055473.5562162,2518455008.3236985,2109166420.637199
S3,2032,dementia,direct_medical,avoided_prevalence_patient_year,68446.49303346247,44709.673134,22354.836567,67064.5097,DEM_DIRECT_MEDICAL,AD-to-all-dementia transfer retained as structural uncertainty,3060220330.6947145,2488239173.728223,1530110165.3473573,1244119586.8641114,4590330495.973625,3732358760.5366807
S3,2033,dementia,direct_medical,avoided_prevalence_patient_year,111135.05778244551,44709.673134,22354.836567,67064.5097,DEM_DIRECT_MEDICAL,AD-to-all-dementia transfer retained as structural uncertainty,4968812107.181341,3922426160.979835,2484406053.5906706,1961213080.4899175,7453218160.660877,5883639241.382022
S3,2034,dementia,direct_medical,avoided_prevalence_patient_year,167040.91435011697,44709.673134,22354.836567,67064.5097,DEM_DIRECT_MEDICAL,AD-to-all-dementia transfer retained as structural uncertainty,7468344680.59822,5723864326.119994,3734172340.29911,2861932163.059997,11202517020.730288,8585796489.051967
S3,2035,dementia,direct_medical,avoided_prevalence_patient_year,213303.63214874233,44709.673134,22354.836567,67064.5097,DEM_DIRECT_MEDICAL,AD-to-all-dementia transfer retained as structural uncertainty,9536735671.665243,7096226981.264639,4768367835.832622,3548113490.6323195,14305103507.284561,10644340471.73824
S3,2036,dementia,direct_medical,avoided_prevalence_patient_year,262805.22899755626,44709.673134,22354.836567,67064.5097,DEM_DIRECT_MEDICAL,AD-to-all-dementia transfer retained as structural uncertainty,11749935886.386759,8488403682.997129,5874967943.193379,4244201841.4985647,17624903829.317333,12732605524.305838
S3,2037,dementia,direct_medical,avoided_prevalence_patient_year,314240.7044273692,44709.673134,22354.836567,67064.5097,DEM_DIRECT_MEDICAL,AD-to-all-dementia transfer retained as structural uncertainty,14049599180.345581,9854106189.870073,7024799590.172791,4927053094.935037,21074398770.204132,14781159284.58471
S3,2038,dementia,direct_medical,avoided_prevalence_patient_year,368614.36624830577,44709.673134,22354.836567,67064.5097,DEM_DIRECT_MEDICAL,AD-to-all-dementia transfer retained as structural uncertainty,16480627827.458311,11222505603.036587,8240313913.729156,5611252801.518293,24720941740.81885,16833758404.303871
S3,2039,dementia,direct_medical,avoided_prevalence_patient_year,426017.91120562895,44709.673134,22354.836567,67064.5097,DEM_DIRECT_MEDICAL,AD-to-all-dementia transfer retained as structural uncertainty,19047121559.233105,12592391212.400703,9523560779.616552,6296195606.200352,28570682338.423637,18888586818.319405
S3,2040,dementia,direct_medical,avoided_prevalence_patient_year,440357.8682686271,44709.673134,22354.836567,67064.5097,DEM_DIRECT_MEDICAL,AD-to-all-dementia transfer retained as structural uncertainty,19688256352.275345,12637142563.117245,9844128176.137672,6318571281.558622,29532384527.97266,18955713844.39322
S3,2041,dementia,direct_medical,avoided_prevalence_patient_year,453813.3450375908,44709.673134,22354.836567,67064.5097,DEM_DIRECT_MEDICAL,AD-to-all-dementia transfer retained as structural uncertainty,20289846320.477844,12643961428.77867,10144923160.238922,6321980714.389335,30434769480.262955,18965942142.885204
S3,2042,dementia,direct_medical,avoided_prevalence_patient_year,465677.4586511031,44709.673134,22354.836567,67064.5097,DEM_DIRECT_MEDICAL,AD-to-all-dementia transfer retained as structural uncertainty,20820286962.162617,12596616019.315847,10410143481.081308,6298308009.657924,31230430442.778248,18894924028.692028
S3,2043,dementia,direct_medical,avoided_prevalence_patient_year,476240.7330900235,44709.673134,22354.836567,67064.5097,DEM_DIRECT_MEDICAL,AD-to-all-dementia transfer retained as structural uncertainty,21292567509.551487,12507139337.416197,10646283754.775743,6253569668.708098,31938851263.85099,18760709005.844555
S3,2044,dementia,direct_medical,avoided_prevalence_patient_year,485101.14972626907,44709.673134,22354.836567,67064.5097,DEM_DIRECT_MEDICAL,AD-to-all-dementia transfer retained as structural uncertainty,21688713841.189083,12368770443.152517,10844356920.594542,6184385221.576259,32533070761.298523,18553155664.45213
S3,2045,dementia,direct_medical,avoided_prevalence_patient_year,491683.4691693311,44709.673134,22354.836567,67064.5097,DEM_DIRECT_MEDICAL,AD-to-all-dementia transfer retained as structural uncertainty,21983007191.951958,12171458086.287615,10991503595.975979,6085729043.143807,32974510787.436253,18257187129.15919
S3,2046,dementia,direct_medical,avoided_prevalence_patient_year,496347.0224910157,44709.673134,22354.836567,67064.5097,DEM_DIRECT_MEDICAL,AD-to-all-dementia transfer retained as structural uncertainty,22191513136.607456,11929031817.90979,11095756568.303728,5964515908.954895,33287269704.41484,17893547726.597874
S3,2047,dementia,direct_medical,avoided_prevalence_patient_year,499491.56662218424,44709.673134,22354.836567,67064.5097,DEM_DIRECT_MEDICAL,AD-to-all-dementia transfer retained as structural uncertainty,22332104676.86744,11654957959.782022,11166052338.43372,5827478979.891011,33498157014.80167,17482436939.412354
S3,2048,dementia,direct_medical,avoided_prevalence_patient_year,501480.1011043282,44709.673134,22354.836567,67064.5097,DEM_DIRECT_MEDICAL,AD-to-all-dementia transfer retained as structural uncertainty,22421011403.579784,11360541469.641953,11210505701.789892,5680270734.820976,33631517104.868195,17040812204.208832
S3,2049,dementia,direct_medical,avoided_prevalence_patient_year,503582.6436235706,44709.673134,22354.836567,67064.5097,DEM_DIRECT_MEDICAL,AD-to-all-dementia transfer retained as structural uncertainty,22515015392.36545,11075895645.707891,11257507696.182726,5537947822.853946,33772523088.044594,16613843468.314106
S3,2050,dementia,direct_medical,avoided_prevalence_patient_year,506331.0933571679,44709.673134,22354.836567,67064.5097,DEM_DIRECT_MEDICAL,AD-to-all-dementia transfer retained as structural uncertainty,22637897681.579815,10811986009.098122,11318948840.789907,5405993004.549061,33956846521.86339,16217979013.405355
S4,2025,dementia,direct_medical,avoided_prevalence_patient_year,0.0,44709.673134,22354.836567,67064.5097,DEM_DIRECT_MEDICAL,AD-to-all-dementia transfer retained as structural uncertainty,0.0,0.0,0.0,0.0,0.0,0.0
S4,2026,dementia,direct_medical,avoided_prevalence_patient_year,0.0,44709.673134,22354.836567,67064.5097,DEM_DIRECT_MEDICAL,AD-to-all-dementia transfer retained as structural uncertainty,0.0,0.0,0.0,0.0,0.0,0.0
S4,2027,dementia,direct_medical,avoided_prevalence_patient_year,0.0,44709.673134,22354.836567,67064.5097,DEM_DIRECT_MEDICAL,AD-to-all-dementia transfer retained as structural uncertainty,0.0,0.0,0.0,0.0,0.0,0.0
S4,2028,dementia,direct_medical,avoided_prevalence_patient_year,0.0,44709.673134,22354.836567,67064.5097,DEM_DIRECT_MEDICAL,AD-to-all-dementia transfer retained as structural uncertainty,0.0,0.0,0.0,0.0,0.0,0.0
S4,2029,dementia,direct_medical,avoided_prevalence_patient_year,0.0,44709.673134,22354.836567,67064.5097,DEM_DIRECT_MEDICAL,AD-to-all-dementia transfer retained as structural uncertainty,0.0,0.0,0.0,0.0,0.0,0.0
S4,2030,dementia,direct_medical,avoided_prevalence_patient_year,28293.62806864747,44709.673134,22354.836567,67064.5097,DEM_DIRECT_MEDICAL,AD-to-all-dementia transfer retained as structural uncertainty,1264998862.724196,1091199131.2218685,632499431.362098,545599565.6109343,1897498294.0580006,1636798696.8083968
S4,2031,dementia,direct_medical,avoided_prevalence_patient_year,58952.470615017504,44709.673134,22354.836567,67064.5097,DEM_DIRECT_MEDICAL,AD-to-all-dementia transfer retained as structural uncertainty,2635745691.6391726,2207395521.3695765,1317872845.8195863,1103697760.6847882,3953618537.399806,3311093282.004993
S4,2032,dementia,direct_medical,avoided_prevalence_patient_year,93124.48031763519,44709.673134,22354.836567,67064.5097,DEM_DIRECT_MEDICAL,AD-to-all-dementia transfer retained as structural uncertainty,4163565075.7750854,3385359420.0383687,2081782537.8875427,1692679710.0191844,6245347613.569504,5078039129.981834
S4,2033,dementia,direct_medical,avoided_prevalence_patient_year,133415.43551313988,44709.673134,22354.836567,67064.5097,DEM_DIRECT_MEDICAL,AD-to-all-dementia transfer retained as structural uncertainty,5964960512.822739,4708794911.140258,2982480256.4113693,2354397455.570129,8947440769.100693,7063192366.605068
S4,2034,dementia,direct_medical,avoided_prevalence_patient_year,179420.96063385298,44709.673134,22354.836567,67064.5097,DEM_DIRECT_MEDICAL,AD-to-all-dementia transfer retained as structural uncertainty,8021852503.3278475,6148081982.94307,4010926251.6639237,3074040991.471535,12032778754.812351,9222122974.277096
S4,2035,dementia,direct_medical,avoided_prevalence_patient_year,229112.3868407547,44709.673134,22354.836567,67064.5097,DEM_DIRECT_MEDICAL,AD-to-all-dementia transfer retained as structural uncertainty,10243539926.600706,7622155726.38523,5121769963.300353,3811077863.192615,15365309889.671946,11433233589.407362
S4,2036,dementia,direct_medical,avoided_prevalence_patient_year,282282.73791359836,44709.673134,22354.836567,67064.5097,DEM_DIRECT_MEDICAL,AD-to-all-dementia transfer retained as structural uncertainty,12620768943.487572,9117512011.812302,6310384471.743786,4558756005.906151,18931153414.949074,13676268017.514524
S4,2037,dementia,direct_medical,avoided_prevalence_patient_year,337530.2947662372,44709.673134,22354.836567,67064.5097,DEM_DIRECT_MEDICAL,AD-to-all-dementia transfer retained as structural uncertainty,15090869151.821135,10584431997.712137,7545434575.910567,5292215998.856069,22636303727.394173,15876647996.33147
S4,2038,dementia,direct_medical,avoided_prevalence_patient_year,395933.7983333098,44709.673134,22354.836567,67064.5097,DEM_DIRECT_MEDICAL,AD-to-all-dementia transfer retained as structural uncertainty,17702070706.185356,12054248768.030891,8851035353.092678,6027124384.015446,26553106058.8821,18081373151.776726
S4,2039,dementia,direct_medical,avoided_prevalence_patient_year,457591.7413594286,44709.673134,22354.836567,67064.5097,DEM_DIRECT_MEDICAL,AD-to-all-dementia transfer retained as structural uncertainty,20458777184.99792,13525661882.277847,10229388592.49896,6762830941.138924,30688165777.03929,20288492823.11425
S4,2040,dementia,direct_medical,avoided_prevalence_patient_year,472994.48793622584,44709.673134,22354.836567,67064.5097,DEM_DIRECT_MEDICAL,AD-to-all-dementia transfer retained as structural uncertainty,21147428949.812363,13573729928.160282,10573714474.906181,6786864964.080141,31721143424.24555,20360594891.936825
S4,2041,dementia,direct_medical,avoided_prevalence_patient_year,487447.2019737809,44709.673134,22354.836567,67064.5097,DEM_DIRECT_MEDICAL,AD-to-all-dementia transfer retained as structural uncertainty,21793605070.33062,13581054166.249887,10896802535.16531,6790527083.124944,32690407605.008484,20371581249.07107
S4,2042,dementia,direct_medical,avoided_prevalence_patient_year,500190.61079602817,44709.673134,22354.836567,67064.5097,DEM_DIRECT_MEDICAL,AD-to-all-dementia transfer retained as structural uncertainty,22363358713.38623,13530199805.924623,11181679356.693115,6765099902.962312,33545038069.579155,20295299708.584312
S4,2043,dementia,direct_medical,avoided_prevalence_patient_year,511536.7702363294,44709.673134,22354.836567,67064.5097,DEM_DIRECT_MEDICAL,AD-to-all-dementia transfer retained as structural uncertainty,22870641793.288345,13434091662.101154,11435320896.644173,6717045831.050577,34305962689.420982,20151137492.851257
S4,2044,dementia,direct_medical,avoided_prevalence_patient_year,521053.86651586276,44709.673134,22354.836567,67064.5097,DEM_DIRECT_MEDICAL,AD-to-all-dementia transfer retained as structural uncertainty,23296148057.13109,13285467715.523624,11648074028.565544,6642733857.761812,34944222085.17558,19928201572.98829
S4,2045,dementia,direct_medical,avoided_prevalence_patient_year,528124.0270347263,44709.673134,22354.836567,67064.5097,DEM_DIRECT_MEDICAL,AD-to-all-dementia transfer retained as structural uncertainty,23612252622.93439,13073531779.041454,11806126311.467196,6536765889.520727,35418378933.87347,19610297668.26977
S4,2046,dementia,direct_medical,avoided_prevalence_patient_year,533133.2142760633,44709.673134,22354.836567,67064.5097,DEM_DIRECT_MEDICAL,AD-to-all-dementia transfer retained as structural uncertainty,23836211747.161568,12813138365.101793,11918105873.580784,6406569182.550897,35754317620.20922,19219707547.366104
S4,2047,dementia,direct_medical,avoided_prevalence_patient_year,536510.812698371,44709.673134,22354.836567,67064.5097,DEM_DIRECT_MEDICAL,AD-to-all-dementia transfer retained as structural uncertainty,23987223068.600864,12518751836.500542,11993611534.300432,6259375918.250271,35980834602.364784,18778127754.47081
S4,2048,dementia,direct_medical,avoided_prevalence_patient_year,538646.7251389122,44709.673134,22354.836567,67064.5097,DEM_DIRECT_MEDICAL,AD-to-all-dementia transfer retained as structural uncertainty,24082719015.660305,12202515004.985964,12041359507.830153,6101257502.492982,36124078522.95181,18303772507.20602
S4,2049,dementia,direct_medical,avoided_prevalence_patient_year,540905.0951918042,44709.673134,22354.836567,67064.5097,DEM_DIRECT_MEDICAL,AD-to-all-dementia transfer retained as structural uncertainty,24183690002.54072,11896772981.426285,12091845001.27036,5948386490.713142,36275535003.27017,17845159471.873337
S4,2050,dementia,direct_medical,avoided_prevalence_patient_year,543857.2431333695,44709.673134,22354.836567,67064.5097,DEM_DIRECT_MEDICAL,AD-to-all-dementia transfer retained as structural uncertainty,24315679572.051315,11613303983.993666,12157839786.025658,5806651991.996833,36473519357.53311,17419955975.730747
S5,2025,dementia,direct_medical,avoided_prevalence_patient_year,0.0,44709.673134,22354.836567,67064.5097,DEM_DIRECT_MEDICAL,AD-to-all-dementia transfer retained as structural uncertainty,0.0,0.0,0.0,0.0,0.0,0.0
S5,2026,dementia,direct_medical,avoided_prevalence_patient_year,0.0,44709.673134,22354.836567,67064.5097,DEM_DIRECT_MEDICAL,AD-to-all-dementia transfer retained as structural uncertainty,0.0,0.0,0.0,0.0,0.0,0.0
S5,2027,dementia,direct_medical,avoided_prevalence_patient_year,0.0,44709.673134,22354.836567,67064.5097,DEM_DIRECT_MEDICAL,AD-to-all-dementia transfer retained as structural uncertainty,0.0,0.0,0.0,0.0,0.0,0.0
S5,2028,dementia,direct_medical,avoided_prevalence_patient_year,0.0,44709.673134,22354.836567,67064.5097,DEM_DIRECT_MEDICAL,AD-to-all-dementia transfer retained as structural uncertainty,0.0,0.0,0.0,0.0,0.0,0.0
S5,2029,dementia,direct_medical,avoided_prevalence_patient_year,0.0,44709.673134,22354.836567,67064.5097,DEM_DIRECT_MEDICAL,AD-to-all-dementia transfer retained as structural uncertainty,0.0,0.0,0.0,0.0,0.0,0.0
S5,2030,dementia,direct_medical,avoided_prevalence_patient_year,13580.941472950784,44709.673134,22354.836567,67064.5097,DEM_DIRECT_MEDICAL,AD-to-all-dementia transfer retained as structural uncertainty,607199454.107614,523775582.98649687,303599727.053807,261887791.49324843,910799181.1478401,785663374.4680303
S5,2031,dementia,direct_medical,avoided_prevalence_patient_year,28297.18589520868,44709.673134,22354.836567,67064.5097,DEM_DIRECT_MEDICAL,AD-to-all-dementia transfer retained as structural uncertainty,1265157931.9868152,1059549850.2574072,632578965.9934076,529774925.1287036,1897736897.9519255,1589324775.3624122
S5,2032,dementia,direct_medical,avoided_prevalence_patient_year,44699.75055246441,44709.673134,22354.836567,67064.5097,DEM_DIRECT_MEDICAL,AD-to-all-dementia transfer retained as structural uncertainty,1998511236.3720195,1624972521.6183996,999255618.1860098,812486260.8091998,2997766854.5133295,2437458782.3912544
S5,2033,dementia,direct_medical,avoided_prevalence_patient_year,64039.40904630808,44709.673134,22354.836567,67064.5097,DEM_DIRECT_MEDICAL,AD-to-all-dementia transfer retained as structural uncertainty,2863181046.154957,2260221557.3473573,1431590523.0774784,1130110778.6736786,4294771569.1683955,3390332335.9704823
S5,2034,dementia,direct_medical,avoided_prevalence_patient_year,86122.06110424947,44709.673134,22354.836567,67064.5097,DEM_DIRECT_MEDICAL,AD-to-all-dementia transfer retained as structural uncertainty,3850489201.5973687,2951079351.8126755,1925244600.7986844,1475539675.9063377,5775733802.309931,4426619027.6530075
S5,2035,dementia,direct_medical,avoided_prevalence_patient_year,109973.94568355996,44709.673134,22354.836567,67064.5097,DEM_DIRECT_MEDICAL,AD-to-all-dementia transfer retained as structural uncertainty,4916899164.768235,3658634748.664833,2458449582.3841176,1829317374.3324165,7375348747.042379,5487952122.91542
S5,2036,dementia,direct_medical,avoided_prevalence_patient_year,135495.71419852405,44709.673134,22354.836567,67064.5097,DEM_DIRECT_MEDICAL,AD-to-all-dementia transfer retained as structural uncertainty,6057969092.873893,4376405765.669803,3028984546.4369464,2188202882.8349013,9086953639.175343,6564608648.406817
S5,2037,dementia,direct_medical,avoided_prevalence_patient_year,162014.54148779393,44709.673134,22354.836567,67064.5097,DEM_DIRECT_MEDICAL,AD-to-all-dementia transfer retained as structural uncertainty,7243617192.874148,5080527358.901829,3621808596.437074,2540263679.4509144,10865425789.149208,7620791038.239109
S5,2038,dementia,direct_medical,avoided_prevalence_patient_year,190048.2231999863,44709.673134,22354.836567,67064.5097,DEM_DIRECT_MEDICAL,AD-to-all-dementia transfer retained as structural uncertainty,8496993938.968863,5786039408.654755,4248496969.4844313,2893019704.3273773,12745490908.263245,8679059112.852716
S5,2039,dementia,direct_medical,avoided_prevalence_patient_year,219644.03585252282,44709.673134,22354.836567,67064.5097,DEM_DIRECT_MEDICAL,AD-to-all-dementia transfer retained as structural uncertainty,9820213048.798872,6492317703.49328,4910106524.399436,3246158851.74664,14730319572.978664,9738476555.094711
S5,2040,dementia,direct_medical,avoided_prevalence_patient_year,227037.3542093854,44709.673134,22354.836567,67064.5097,DEM_DIRECT_MEDICAL,AD-to-all-dementia transfer retained as structural uncertainty,10150765895.9098,6515390365.516849,5075382947.9549,3257695182.7584243,15226148843.637663,9773085548.129547
S5,2041,dementia,direct_medical,avoided_prevalence_patient_year,233974.6569474117,44709.673134,22354.836567,67064.5097,DEM_DIRECT_MEDICAL,AD-to-all-dementia transfer retained as structural uncertainty,10460930433.758558,6518905999.79986,5230465216.879279,3259452999.89993,15691395650.403864,9778358999.553986
S5,2042,dementia,direct_medical,avoided_prevalence_patient_year,240091.49318209034,44709.673134,22354.836567,67064.5097,DEM_DIRECT_MEDICAL,AD-to-all-dementia transfer retained as structural uncertainty,10734412182.425247,6494495906.843733,5367206091.212624,3247247953.4218664,16101618273.397781,9741743860.12034
S5,2043,dementia,direct_medical,avoided_prevalence_patient_year,245537.64971343492,44709.673134,22354.836567,67064.5097,DEM_DIRECT_MEDICAL,AD-to-all-dementia transfer retained as structural uncertainty,10977908060.778263,6448363997.80847,5488954030.389132,3224181998.904235,16466862090.921858,9672545996.568478
S5,2044,dementia,direct_medical,avoided_prevalence_patient_year,250105.85592761083,44709.673134,22354.836567,67064.5097,DEM_DIRECT_MEDICAL,AD-to-all-dementia transfer retained as structural uncertainty,11182151067.422775,6377024503.451256,5591075533.711388,3188512251.725628,16773226600.884058,9565536755.034252
S5,2045,dementia,direct_medical,avoided_prevalence_patient_year,253499.53297666536,44709.673134,22354.836567,67064.5097,DEM_DIRECT_MEDICAL,AD-to-all-dementia transfer retained as structural uncertainty,11333881259.008362,6275295253.939817,5666940629.504181,3137647626.9699087,17000821888.259043,9412942880.76937
S5,2046,dementia,direct_medical,avoided_prevalence_patient_year,255903.94285250705,44709.673134,22354.836567,67064.5097,DEM_DIRECT_MEDICAL,AD-to-all-dementia transfer retained as structural uncertainty,11441381638.637405,6150306415.248782,5720690819.318703,3075153207.624391,17162072457.700203,9225459622.735611
S5,2047,dementia,direct_medical,avoided_prevalence_patient_year,257525.19009521473,44709.673134,22354.836567,67064.5097,DEM_DIRECT_MEDICAL,AD-to-all-dementia transfer retained as structural uncertainty,11513867072.928265,6009000881.520182,5756933536.464132,3004500440.760091,17270800609.134872,9013501322.145872
S5,2048,dementia,direct_medical,avoided_prevalence_patient_year,258550.4280666745,44709.673134,22354.836567,67064.5097,DEM_DIRECT_MEDICAL,AD-to-all-dementia transfer retained as structural uncertainty,11559705127.516796,5857207202.393187,5779852563.758398,2928603601.1965933,17339557691.016644,8785810803.458775
S5,2049,dementia,direct_medical,avoided_prevalence_patient_year,259634.44569206267,44709.673134,22354.836567,67064.5097,DEM_DIRECT_MEDICAL,AD-to-all-dementia transfer retained as structural uncertainty,11608171201.219395,5710451031.084542,5804085600.609697,2855225515.542271,17412256801.569458,8565676546.49909
S5,2050,dementia,direct_medical,avoided_prevalence_patient_year,261051.476704014,44709.673134,22354.836567,67064.5097,DEM_DIRECT_MEDICAL,AD-to-all-dementia transfer retained as structural uncertainty,11671526194.58448,5574385912.316887,5835763097.29224,2787192956.1584435,17507289291.61567,8361578868.350651
S6,2025,dementia,direct_medical,avoided_prevalence_patient_year,0.0,44709.673134,22354.836567,67064.5097,DEM_DIRECT_MEDICAL,AD-to-all-dementia transfer retained as structural uncertainty,0.0,0.0,0.0,0.0,0.0,0.0
S6,2026,dementia,direct_medical,avoided_prevalence_patient_year,0.0,44709.673134,22354.836567,67064.5097,DEM_DIRECT_MEDICAL,AD-to-all-dementia transfer retained as structural uncertainty,0.0,0.0,0.0,0.0,0.0,0.0
S6,2027,dementia,direct_medical,avoided_prevalence_patient_year,0.0,44709.673134,22354.836567,67064.5097,DEM_DIRECT_MEDICAL,AD-to-all-dementia transfer retained as structural uncertainty,0.0,0.0,0.0,0.0,0.0,0.0
S6,2028,dementia,direct_medical,avoided_prevalence_patient_year,0.0,44709.673134,22354.836567,67064.5097,DEM_DIRECT_MEDICAL,AD-to-all-dementia transfer retained as structural uncertainty,0.0,0.0,0.0,0.0,0.0,0.0
S6,2029,dementia,direct_medical,avoided_prevalence_patient_year,0.0,44709.673134,22354.836567,67064.5097,DEM_DIRECT_MEDICAL,AD-to-all-dementia transfer retained as structural uncertainty,0.0,0.0,0.0,0.0,0.0,0.0
S6,2030,dementia,direct_medical,avoided_prevalence_patient_year,34857.74978057302,44709.673134,22354.836567,67064.5097,DEM_DIRECT_MEDICAL,AD-to-all-dementia transfer retained as structural uncertainty,1558478598.87618,1344357329.6653166,779239299.43809,672178664.8326583,2337717898.2794123,2016535994.4679065
S6,2031,dementia,direct_medical,avoided_prevalence_patient_year,85834.79721546563,44709.673134,22354.836567,67064.5097,DEM_DIRECT_MEDICAL,AD-to-all-dementia transfer retained as structural uncertainty,3837645727.0266414,3213967879.1141086,1918822863.5133207,1606983939.5570543,5756468590.454127,4820951818.5992775
S6,2032,dementia,direct_medical,avoided_prevalence_patient_year,156449.12693362642,44709.673134,22354.836567,67064.5097,DEM_DIRECT_MEDICAL,AD-to-all-dementia transfer retained as structural uncertainty,6994789327.302113,5687403825.664434,3497394663.6510563,2843701912.832217,10492183990.79672,8531105738.369445
S6,2033,dementia,direct_medical,avoided_prevalence_patient_year,254022.98921701626,44709.673134,22354.836567,67064.5097,DEM_DIRECT_MEDICAL,AD-to-all-dementia transfer retained as structural uncertainty,11357284816.414404,8965545510.81098,5678642408.207202,4482772755.40549,17035927224.367582,13448318266.015942
S6,2034,dementia,direct_medical,avoided_prevalence_patient_year,381807.804228839,44709.673134,22354.836567,67064.5097,DEM_DIRECT_MEDICAL,AD-to-all-dementia transfer retained as structural uncertainty,17070502127.081654,13083118459.70285,8535251063.540827,6541559229.851425,25605753190.240673,19624677689.26165
S6,2035,dementia,direct_medical,avoided_prevalence_patient_year,487551.1591971251,44709.673134,22354.836567,67064.5097,DEM_DIRECT_MEDICAL,AD-to-all-dementia transfer retained as structural uncertainty,21798252963.80626,16219947385.747736,10899126481.90313,8109973692.873868,32697379445.22184,24329921078.258823
S6,2036,dementia,direct_medical,avoided_prevalence_patient_year,600697.6662801343,44709.673134,22354.836567,67064.5097,DEM_DIRECT_MEDICAL,AD-to-all-dementia transfer retained as structural uncertainty,26856996311.741417,19402065561.13648,13428498155.870708,9701032780.56824,40285494467.01143,29103098341.270763
S6,2037,dementia,direct_medical,avoided_prevalence_patient_year,718264.4672625528,44709.673134,22354.836567,67064.5097,DEM_DIRECT_MEDICAL,AD-to-all-dementia transfer retained as structural uncertainty,32113369555.07538,22523671291.13143,16056684777.53769,11261835645.565716,48170054331.894806,33785506936.193375
S6,2038,dementia,direct_medical,avoided_prevalence_patient_year,842547.1228532769,44709.673134,22354.836567,67064.5097,DEM_DIRECT_MEDICAL,AD-to-all-dementia transfer retained as structural uncertainty,37670006462.762146,25651441378.36954,18835003231.381073,12825720689.18477,56505009693.300674,38477162066.980576
S6,2039,dementia,direct_medical,avoided_prevalence_patient_year,973755.2256128693,44709.673134,22354.836567,67064.5097,DEM_DIRECT_MEDICAL,AD-to-all-dementia transfer retained as structural uncertainty,43536277849.675804,28782608485.48741,21768138924.837902,14391304242.743706,65304416773.539955,43173912727.58735
S6,2040,dementia,direct_medical,avoided_prevalence_patient_year,1006532.2703282937,44709.673134,22354.836567,67064.5097,DEM_DIRECT_MEDICAL,AD-to-all-dementia transfer retained as structural uncertainty,45001728805.200935,28884897287.125225,22500864402.600468,14442448643.562613,67502593206.79487,43327345930.04178
S6,2041,dementia,direct_medical,avoided_prevalence_patient_year,1037287.6458002108,44709.673134,22354.836567,67064.5097,DEM_DIRECT_MEDICAL,AD-to-all-dementia transfer retained as structural uncertainty,46376791589.66379,28900483265.779903,23188395794.831894,14450241632.889952,69565187383.45839,43350724898.02345
S6,2042,dementia,direct_medical,avoided_prevalence_patient_year,1064405.6197739532,44709.673134,22354.836567,67064.5097,DEM_DIRECT_MEDICAL,AD-to-all-dementia transfer retained as structural uncertainty,47589227342.086136,28792265187.007744,23794613671.043068,14396132593.503872,71383841012.06479,43188397779.86763
S6,2043,dementia,direct_medical,avoided_prevalence_patient_year,1088550.2470629145,44709.673134,22354.836567,67064.5097,DEM_DIRECT_MEDICAL,AD-to-all-dementia transfer retained as structural uncertainty,48668725736.11785,28587747056.951405,24334362868.058926,14293873528.475702,73003088603.08823,42881620584.7877
S6,2044,dementia,direct_medical,avoided_prevalence_patient_year,1108802.6279457612,44709.673134,22354.836567,67064.5097,DEM_DIRECT_MEDICAL,AD-to-all-dementia transfer retained as structural uncertainty,49574203065.575195,28271475298.63441,24787101532.787598,14135737649.317205,74361304597.25398,42407212947.319275
S6,2045,dementia,direct_medical,avoided_prevalence_patient_year,1123847.9295299032,44709.673134,22354.836567,67064.5097,DEM_DIRECT_MEDICAL,AD-to-all-dementia transfer retained as structural uncertainty,50246873581.60464,27820475625.800354,25123436790.80232,13910237812.900177,75370310371.28311,41730713438.078285
S6,2046,dementia,direct_medical,avoided_prevalence_patient_year,1134507.4799794683,44709.673134,22354.836567,67064.5097,DEM_DIRECT_MEDICAL,AD-to-all-dementia transfer retained as structural uncertainty,50723458597.960075,27266358440.936756,25361729298.980038,13633179220.468378,76085187895.8056,40899537660.79528
S6,2047,dementia,direct_medical,avoided_prevalence_patient_year,1141695.0094221393,44709.673134,22354.836567,67064.5097,DEM_DIRECT_MEDICAL,AD-to-all-dementia transfer retained as structural uncertainty,51044810689.982895,26639903908.073284,25522405344.991447,13319951954.036642,76567216033.83264,39959855861.514084
S6,2048,dementia,direct_medical,avoided_prevalence_patient_year,1146240.2310956111,44709.673134,22354.836567,67064.5097,DEM_DIRECT_MEDICAL,AD-to-all-dementia transfer retained as structural uncertainty,51248026065.32539,25966951930.610264,25624013032.662697,12983475965.305132,76872039096.84184,38950427895.3346
S6,2049,dementia,direct_medical,avoided_prevalence_patient_year,1151046.042568165,44709.673134,22354.836567,67064.5097,DEM_DIRECT_MEDICAL,AD-to-all-dementia transfer retained as structural uncertainty,51462892325.406906,25316332904.475258,25731446162.703453,12658166452.237629,77194338486.95932,37974499356.14665
S6,2050,dementia,direct_medical,avoided_prevalence_patient_year,1157328.213387816,44709.673134,22354.836567,67064.5097,DEM_DIRECT_MEDICAL,AD-to-all-dementia transfer retained as structural uncertainty,51743766129.325455,24713110877.93864,25871883064.662727,12356555438.96932,77615649192.83086,37069666316.35522
S7,2025,dementia,direct_medical,avoided_prevalence_patient_year,0.0,44709.673134,22354.836567,67064.5097,DEM_DIRECT_MEDICAL,AD-to-all-dementia transfer retained as structural uncertainty,0.0,0.0,0.0,0.0,0.0,0.0
S7,2026,dementia,direct_medical,avoided_prevalence_patient_year,0.0,44709.673134,22354.836567,67064.5097,DEM_DIRECT_MEDICAL,AD-to-all-dementia transfer retained as structural uncertainty,0.0,0.0,0.0,0.0,0.0,0.0
S7,2027,dementia,direct_medical,avoided_prevalence_patient_year,0.0,44709.673134,22354.836567,67064.5097,DEM_DIRECT_MEDICAL,AD-to-all-dementia transfer retained as structural uncertainty,0.0,0.0,0.0,0.0,0.0,0.0
S7,2028,dementia,direct_medical,avoided_prevalence_patient_year,0.0,44709.673134,22354.836567,67064.5097,DEM_DIRECT_MEDICAL,AD-to-all-dementia transfer retained as structural uncertainty,0.0,0.0,0.0,0.0,0.0,0.0
S7,2029,dementia,direct_medical,avoided_prevalence_patient_year,0.0,44709.673134,22354.836567,67064.5097,DEM_DIRECT_MEDICAL,AD-to-all-dementia transfer retained as structural uncertainty,0.0,0.0,0.0,0.0,0.0,0.0
S7,2030,dementia,direct_medical,avoided_prevalence_patient_year,84880.88420594149,44709.673134,22354.836567,67064.5097,DEM_DIRECT_MEDICAL,AD-to-all-dementia transfer retained as structural uncertainty,3794996588.172547,3273597393.6655703,1897498294.0862734,1636798696.8327851,5692494882.17394,4910396090.425137
S7,2031,dementia,direct_medical,avoided_prevalence_patient_year,176857.4118450543,44709.673134,22354.836567,67064.5097,DEM_DIRECT_MEDICAL,AD-to-all-dementia transfer retained as structural uncertainty,7907237074.917597,6622186564.108796,3953618537.4587984,3311093282.054398,11860855612.19954,9933279846.01508
S7,2032,dementia,direct_medical,avoided_prevalence_patient_year,279373.4409529035,44709.673134,22354.836567,67064.5097,DEM_DIRECT_MEDICAL,AD-to-all-dementia transfer retained as structural uncertainty,12490695227.325163,10156078260.11503,6245347613.662581,5078039130.057515,18736042840.70837,15234117389.945389
S7,2033,dementia,direct_medical,avoided_prevalence_patient_year,400246.3065394182,44709.673134,22354.836567,67064.5097,DEM_DIRECT_MEDICAL,AD-to-all-dementia transfer retained as structural uncertainty,17894881538.46815,14126384733.420723,8947440769.234076,7063192366.7103615,26842322307.301983,21189577099.81513
S7,2034,dementia,direct_medical,avoided_prevalence_patient_year,538262.881901559,44709.673134,22354.836567,67064.5097,DEM_DIRECT_MEDICAL,AD-to-all-dementia transfer retained as structural uncertainty,24065557509.983543,18444245948.829212,12032778754.991772,9222122974.414606,36098336264.43705,27666368922.831284
S7,2035,dementia,direct_medical,avoided_prevalence_patient_year,687337.1605222623,44709.673134,22354.836567,67064.5097,DEM_DIRECT_MEDICAL,AD-to-all-dementia transfer retained as structural uncertainty,30730619779.802036,22866467179.15563,15365309889.901018,11433233589.577814,46095929669.01572,34299700768.222
S7,2036,dementia,direct_medical,avoided_prevalence_patient_year,846848.2137407886,44709.673134,22354.836567,67064.5097,DEM_DIRECT_MEDICAL,AD-to-all-dementia transfer retained as structural uncertainty,37862306830.462425,27352536035.436695,18931153415.231213,13676268017.718348,56793460244.84679,41028804052.54326
S7,2037,dementia,direct_medical,avoided_prevalence_patient_year,1012590.884298719,44709.673134,22354.836567,67064.5097,DEM_DIRECT_MEDICAL,AD-to-all-dementia transfer retained as structural uncertainty,45272607455.46374,31753295993.136646,22636303727.73187,15876647996.568323,67908911182.183014,47629943988.99476
S7,2038,dementia,direct_medical,avoided_prevalence_patient_year,1187801.39499992,44709.673134,22354.836567,67064.5097,DEM_DIRECT_MEDICAL,AD-to-all-dementia transfer retained as structural uncertainty,53106212118.55564,36162746304.092384,26553106059.27782,18081373152.046192,79659318176.64566,54244119455.32974
S7,2039,dementia,direct_medical,avoided_prevalence_patient_year,1372775.2240782976,44709.673134,22354.836567,67064.5097,DEM_DIRECT_MEDICAL,AD-to-all-dementia transfer retained as structural uncertainty,61376331554.994286,40576985646.833885,30688165777.497143,20288492823.416943,92064497331.11865,60865478469.34326
S7,2040,dementia,direct_medical,avoided_prevalence_patient_year,1418983.4638086895,44709.673134,22354.836567,67064.5097,DEM_DIRECT_MEDICAL,AD-to-all-dementia transfer retained as structural uncertainty,63442286849.43762,40721189784.481186,31721143424.71881,20360594892.240593,95163430272.73744,61081784675.81098
S7,2041,dementia,direct_medical,avoided_prevalence_patient_year,1462341.605921355,44709.673134,22354.836567,67064.5097,DEM_DIRECT_MEDICAL,AD-to-all-dementia transfer retained as structural uncertainty,65380815210.99242,40743162498.750015,32690407605.49621,20371581249.375008,98071222815.02629,61114743747.21374
S7,2042,dementia,direct_medical,avoided_prevalence_patient_year,1500571.8323880974,44709.673134,22354.836567,67064.5097,DEM_DIRECT_MEDICAL,AD-to-all-dementia transfer retained as structural uncertainty,67090076140.15926,40590599417.774216,33545038070.07963,20295299708.887108,100635114208.73833,60885899125.753456
S7,2043,dementia,direct_medical,avoided_prevalence_patient_year,1534610.3107090015,44709.673134,22354.836567,67064.5097,DEM_DIRECT_MEDICAL,AD-to-all-dementia transfer retained as structural uncertainty,68611925379.86563,40302274986.30381,34305962689.932816,20151137493.151905,102917888068.26384,60453412478.5543
S7,2044,dementia,direct_medical,avoided_prevalence_patient_year,1563161.5995476015,44709.673134,22354.836567,67064.5097,DEM_DIRECT_MEDICAL,AD-to-all-dementia transfer retained as structural uncertainty,69888444171.39386,39856403146.57121,34944222085.69693,19928201573.285606,104832666255.52763,59784604718.96537
S7,2045,dementia,direct_medical,avoided_prevalence_patient_year,1584372.0811041924,44709.673134,22354.836567,67064.5097,DEM_DIRECT_MEDICAL,AD-to-all-dementia transfer retained as structural uncertainty,70836757868.80377,39220595337.124695,35418378934.401886,19610297668.562347,106255136801.62129,58830893004.809814
S7,2046,dementia,direct_medical,avoided_prevalence_patient_year,1599399.6428282035,44709.673134,22354.836567,67064.5097,DEM_DIRECT_MEDICAL,AD-to-all-dementia transfer retained as structural uncertainty,71508635241.48532,38439415095.30571,35754317620.74266,19219707547.652855,107262952860.62859,57659122642.098816
S7,2047,dementia,direct_medical,avoided_prevalence_patient_year,1609532.4380951268,44709.673134,22354.836567,67064.5097,DEM_DIRECT_MEDICAL,AD-to-all-dementia transfer retained as structural uncertainty,71961669205.8032,37556255509.501945,35980834602.9016,18778127754.750973,107942503807.09528,56334383263.41291
S7,2048,dementia,direct_medical,avoided_prevalence_patient_year,1615940.1754167506,44709.673134,22354.836567,67064.5097,DEM_DIRECT_MEDICAL,AD-to-all-dementia transfer retained as structural uncertainty,72248157046.98154,36607545014.958206,36124078523.49077,18303772507.479103,108372235568.85637,54911317521.61853
S7,2049,dementia,direct_medical,avoided_prevalence_patient_year,1622715.2855754264,44709.673134,22354.836567,67064.5097,DEM_DIRECT_MEDICAL,AD-to-all-dementia transfer retained as structural uncertainty,72551070007.62277,35690318944.27915,36275535003.811386,17845159472.139576,108826605009.81145,53535478415.62046
S7,2050,dementia,direct_medical,avoided_prevalence_patient_year,1631571.7294001223,44709.673134,22354.836567,67064.5097,DEM_DIRECT_MEDICAL,AD-to-all-dementia transfer retained as structural uncertainty,72947038716.15456,34839911951.981285,36473519358.07728,17419955975.990643,109420558072.60027,52259867927.19268
S0,2025,dementia,nonmedical_and_informal_care,avoided_prevalence_patient_year,0.0,92790.41971,46395.209855,139185.629565,DEM_NONMEDICAL_INFORMAL,Social perspective only; never deducted from public payer cost,0.0,0.0,0.0,0.0,0.0,0.0
S0,2026,dementia,nonmedical_and_informal_care,avoided_prevalence_patient_year,0.0,92790.41971,46395.209855,139185.629565,DEM_NONMEDICAL_INFORMAL,Social perspective only; never deducted from public payer cost,0.0,0.0,0.0,0.0,0.0,0.0
S0,2027,dementia,nonmedical_and_informal_care,avoided_prevalence_patient_year,0.0,92790.41971,46395.209855,139185.629565,DEM_NONMEDICAL_INFORMAL,Social perspective only; never deducted from public payer cost,0.0,0.0,0.0,0.0,0.0,0.0
S0,2028,dementia,nonmedical_and_informal_care,avoided_prevalence_patient_year,0.0,92790.41971,46395.209855,139185.629565,DEM_NONMEDICAL_INFORMAL,Social perspective only; never deducted from public payer cost,0.0,0.0,0.0,0.0,0.0,0.0
S0,2029,dementia,nonmedical_and_informal_care,avoided_prevalence_patient_year,0.0,92790.41971,46395.209855,139185.629565,DEM_NONMEDICAL_INFORMAL,Social perspective only; never deducted from public payer cost,0.0,0.0,0.0,0.0,0.0,0.0
S0,2030,dementia,nonmedical_and_informal_care,avoided_prevalence_patient_year,0.0,92790.41971,46395.209855,139185.629565,DEM_NONMEDICAL_INFORMAL,Social perspective only; never deducted from public payer cost,0.0,0.0,0.0,0.0,0.0,0.0
S0,2031,dementia,nonmedical_and_informal_care,avoided_prevalence_patient_year,0.0,92790.41971,46395.209855,139185.629565,DEM_NONMEDICAL_INFORMAL,Social perspective only; never deducted from public payer cost,0.0,0.0,0.0,0.0,0.0,0.0
S0,2032,dementia,nonmedical_and_informal_care,avoided_prevalence_patient_year,0.0,92790.41971,46395.209855,139185.629565,DEM_NONMEDICAL_INFORMAL,Social perspective only; never deducted from public payer cost,0.0,0.0,0.0,0.0,0.0,0.0
S0,2033,dementia,nonmedical_and_informal_care,avoided_prevalence_patient_year,0.0,92790.41971,46395.209855,139185.629565,DEM_NONMEDICAL_INFORMAL,Social perspective only; never deducted from public payer cost,0.0,0.0,0.0,0.0,0.0,0.0
S0,2034,dementia,nonmedical_and_informal_care,avoided_prevalence_patient_year,0.0,92790.41971,46395.209855,139185.629565,DEM_NONMEDICAL_INFORMAL,Social perspective only; never deducted from public payer cost,0.0,0.0,0.0,0.0,0.0,0.0
S0,2035,dementia,nonmedical_and_informal_care,avoided_prevalence_patient_year,0.0,92790.41971,46395.209855,139185.629565,DEM_NONMEDICAL_INFORMAL,Social perspective only; never deducted from public payer cost,0.0,0.0,0.0,0.0,0.0,0.0
S0,2036,dementia,nonmedical_and_informal_care,avoided_prevalence_patient_year,0.0,92790.41971,46395.209855,139185.629565,DEM_NONMEDICAL_INFORMAL,Social perspective only; never deducted from public payer cost,0.0,0.0,0.0,0.0,0.0,0.0
S0,2037,dementia,nonmedical_and_informal_care,avoided_prevalence_patient_year,0.0,92790.41971,46395.209855,139185.629565,DEM_NONMEDICAL_INFORMAL,Social perspective only; never deducted from public payer cost,0.0,0.0,0.0,0.0,0.0,0.0
S0,2038,dementia,nonmedical_and_informal_care,avoided_prevalence_patient_year,0.0,92790.41971,46395.209855,139185.629565,DEM_NONMEDICAL_INFORMAL,Social perspective only; never deducted from public payer cost,0.0,0.0,0.0,0.0,0.0,0.0
S0,2039,dementia,nonmedical_and_informal_care,avoided_prevalence_patient_year,0.0,92790.41971,46395.209855,139185.629565,DEM_NONMEDICAL_INFORMAL,Social perspective only; never deducted from public payer cost,0.0,0.0,0.0,0.0,0.0,0.0
S0,2040,dementia,nonmedical_and_informal_care,avoided_prevalence_patient_year,0.0,92790.41971,46395.209855,139185.629565,DEM_NONMEDICAL_INFORMAL,Social perspective only; never deducted from public payer cost,0.0,0.0,0.0,0.0,0.0,0.0
S0,2041,dementia,nonmedical_and_informal_care,avoided_prevalence_patient_year,0.0,92790.41971,46395.209855,139185.629565,DEM_NONMEDICAL_INFORMAL,Social perspective only; never deducted from public payer cost,0.0,0.0,0.0,0.0,0.0,0.0
S0,2042,dementia,nonmedical_and_informal_care,avoided_prevalence_patient_year,0.0,92790.41971,46395.209855,139185.629565,DEM_NONMEDICAL_INFORMAL,Social perspective only; never deducted from public payer cost,0.0,0.0,0.0,0.0,0.0,0.0
S0,2043,dementia,nonmedical_and_informal_care,avoided_prevalence_patient_year,0.0,92790.41971,46395.209855,139185.629565,DEM_NONMEDICAL_INFORMAL,Social perspective only; never deducted from public payer cost,0.0,0.0,0.0,0.0,0.0,0.0
S0,2044,dementia,nonmedical_and_informal_care,avoided_prevalence_patient_year,0.0,92790.41971,46395.209855,139185.629565,DEM_NONMEDICAL_INFORMAL,Social perspective only; never deducted from public payer cost,0.0,0.0,0.0,0.0,0.0,0.0
S0,2045,dementia,nonmedical_and_informal_care,avoided_prevalence_patient_year,0.0,92790.41971,46395.209855,139185.629565,DEM_NONMEDICAL_INFORMAL,Social perspective only; never deducted from public payer cost,0.0,0.0,0.0,0.0,0.0,0.0
S0,2046,dementia,nonmedical_and_informal_care,avoided_prevalence_patient_year,0.0,92790.41971,46395.209855,139185.629565,DEM_NONMEDICAL_INFORMAL,Social perspective only; never deducted from public payer cost,0.0,0.0,0.0,0.0,0.0,0.0
S0,2047,dementia,nonmedical_and_informal_care,avoided_prevalence_patient_year,0.0,92790.41971,46395.209855,139185.629565,DEM_NONMEDICAL_INFORMAL,Social perspective only; never deducted from public payer cost,0.0,0.0,0.0,0.0,0.0,0.0
S0,2048,dementia,nonmedical_and_informal_care,avoided_prevalence_patient_year,0.0,92790.41971,46395.209855,139185.629565,DEM_NONMEDICAL_INFORMAL,Social perspective only; never deducted from public payer cost,0.0,0.0,0.0,0.0,0.0,0.0
S0,2049,dementia,nonmedical_and_informal_care,avoided_prevalence_patient_year,0.0,92790.41971,46395.209855,139185.629565,DEM_NONMEDICAL_INFORMAL,Social perspective only; never deducted from public payer cost,0.0,0.0,0.0,0.0,0.0,0.0
S0,2050,dementia,nonmedical_and_informal_care,avoided_prevalence_patient_year,0.0,92790.41971,46395.209855,139185.629565,DEM_NONMEDICAL_INFORMAL,Social perspective only; never deducted from public payer cost,0.0,0.0,0.0,0.0,0.0,0.0
S1,2025,dementia,nonmedical_and_informal_care,avoided_prevalence_patient_year,0.0,92790.41971,46395.209855,139185.629565,DEM_NONMEDICAL_INFORMAL,Social perspective only; never deducted from public payer cost,0.0,0.0,0.0,0.0,0.0,0.0
S1,2026,dementia,nonmedical_and_informal_care,avoided_prevalence_patient_year,0.0,92790.41971,46395.209855,139185.629565,DEM_NONMEDICAL_INFORMAL,Social perspective only; never deducted from public payer cost,0.0,0.0,0.0,0.0,0.0,0.0
S1,2027,dementia,nonmedical_and_informal_care,avoided_prevalence_patient_year,0.0,92790.41971,46395.209855,139185.629565,DEM_NONMEDICAL_INFORMAL,Social perspective only; never deducted from public payer cost,0.0,0.0,0.0,0.0,0.0,0.0
S1,2028,dementia,nonmedical_and_informal_care,avoided_prevalence_patient_year,0.0,92790.41971,46395.209855,139185.629565,DEM_NONMEDICAL_INFORMAL,Social perspective only; never deducted from public payer cost,0.0,0.0,0.0,0.0,0.0,0.0
S1,2029,dementia,nonmedical_and_informal_care,avoided_prevalence_patient_year,0.0,92790.41971,46395.209855,139185.629565,DEM_NONMEDICAL_INFORMAL,Social perspective only; never deducted from public payer cost,0.0,0.0,0.0,0.0,0.0,0.0
S1,2030,dementia,nonmedical_and_informal_care,avoided_prevalence_patient_year,5658.725613729346,92790.41971,46395.209855,139185.629565,DEM_NONMEDICAL_INFORMAL,Social perspective only; never deducted from public payer cost,525075524.72167337,452934760.0900397,262537762.36083668,226467380.04501984,787613287.0825101,679402140.1350596
S1,2031,dementia,nonmedical_and_informal_care,avoided_prevalence_patient_year,11790.494123003813,92790.41971,46395.209855,139185.629565,DEM_NONMEDICAL_INFORMAL,Social perspective only; never deducted from public payer cost,1094044898.2618122,916245378.399338,547022449.1309061,458122689.199669,1641067347.3927183,1374368067.599007
S1,2032,dementia,nonmedical_and_informal_care,avoided_prevalence_patient_year,18624.896063527667,92790.41971,46395.209855,139185.629565,DEM_NONMEDICAL_INFORMAL,Social perspective only; never deducted from public payer cost,1728211922.789859,1405194444.2228096,864105961.3949295,702597222.1114048,2592317884.1847887,2107791666.3342144
S1,2033,dementia,nonmedical_and_informal_care,avoided_prevalence_patient_year,26683.087102628255,92790.41971,46395.209855,139185.629565,DEM_NONMEDICAL_INFORMAL,Social perspective only; never deducted from public payer cost,2475934851.4113636,1954525835.263832,1237967425.7056818,977262917.631916,3713902277.117046,2931788752.8957486
S1,2034,dementia,nonmedical_and_informal_care,avoided_prevalence_patient_year,35884.192126771726,92790.41971,46395.209855,139185.629565,DEM_NONMEDICAL_INFORMAL,Social perspective only; never deducted from public payer cost,3329709248.397426,2551944881.8111086,1664854624.198713,1275972440.9055543,4994563872.596139,3827917322.7166624
S1,2035,dementia,nonmedical_and_informal_care,avoided_prevalence_patient_year,45822.477368149644,92790.41971,46395.209855,139185.629565,DEM_NONMEDICAL_INFORMAL,Social perspective only; never deducted from public payer cost,4251886907.142582,3163803174.4338512,2125943453.571291,1581901587.2169256,6377830360.713873,4745704761.650777
S1,2036,dementia,nonmedical_and_informal_care,avoided_prevalence_patient_year,56456.54758271927,92790.41971,46395.209855,139185.629565,DEM_NONMEDICAL_INFORMAL,Social perspective only; never deducted from public payer cost,5238626745.578107,3784495421.164954,2619313372.7890534,1892247710.582477,7857940118.367161,5676743131.747432
S1,2037,dementia,nonmedical_and_informal_care,avoided_prevalence_patient_year,67506.05895324735,92790.41971,46395.209855,139185.629565,DEM_NONMEDICAL_INFORMAL,Social perspective only; never deducted from public payer cost,6263915543.239825,4393384333.25645,3131957771.6199126,2196692166.628225,9395873314.85974,6590076499.884675
S1,2038,dementia,nonmedical_and_informal_care,avoided_prevalence_patient_year,79186.7596666601,92790.41971,46395.209855,139185.629565,DEM_NONMEDICAL_INFORMAL,Social perspective only; never deducted from public payer cost,7347772664.944291,5003475642.159056,3673886332.4721456,2501737821.079528,11021658997.416437,7505213463.2385845
S1,2039,dementia,nonmedical_and_informal_care,avoided_prevalence_patient_year,91518.34827188718,92790.41971,46395.209855,139185.629565,DEM_NONMEDICAL_INFORMAL,Social perspective only; never deducted from public payer cost,8492025947.314365,5614229561.243253,4246012973.6571827,2807114780.6216264,12738038920.971548,8421344341.864879
S1,2040,dementia,nonmedical_and_informal_care,avoided_prevalence_patient_year,94598.89758724667,92790.41971,46395.209855,139185.629565,DEM_NONMEDICAL_INFORMAL,Social perspective only; never deducted from public payer cost,8777871411.223925,5634181638.006161,4388935705.611962,2817090819.0030804,13166807116.835888,8451272457.009241
S1,2041,dementia,nonmedical_and_informal_care,avoided_prevalence_patient_year,97489.44039475772,92790.41971,46395.209855,139185.629565,DEM_NONMEDICAL_INFORMAL,Social perspective only; never deducted from public payer cost,9046086091.522598,5637221781.575781,4523043045.761299,2818610890.7878904,13569129137.283897,8455832672.363671
S1,2042,dementia,nonmedical_and_informal_care,avoided_prevalence_patient_year,100038.12215920721,92790.41971,46395.209855,139185.629565,DEM_NONMEDICAL_INFORMAL,Social perspective only; never deducted from public payer cost,9282579342.15309,5616113161.861553,4641289671.076545,2808056580.9307766,13923869013.229633,8424169742.792329
S1,2043,dementia,nonmedical_and_informal_care,avoided_prevalence_patient_year,102307.35404726752,92790.41971,46395.209855,139185.629565,DEM_NONMEDICAL_INFORMAL,Social perspective only; never deducted from public payer cost,9493142321.46552,5576220608.962763,4746571160.73276,2788110304.4813814,14239713482.198282,8364330913.444144
S1,2044,dementia,nonmedical_and_informal_care,avoided_prevalence_patient_year,104210.77330317421,92790.41971,46395.209855,139185.629565,DEM_NONMEDICAL_INFORMAL,Social perspective only; never deducted from public payer cost,9669761393.105198,5514529805.093304,4834880696.552599,2757264902.546652,14504642089.657799,8271794707.639957
S1,2045,dementia,nonmedical_and_informal_care,avoided_prevalence_patient_year,105624.80540694695,92790.41971,46395.209855,139185.629565,DEM_NONMEDICAL_INFORMAL,Social perspective only; never deducted from public payer cost,9800970025.497684,5426559470.625089,4900485012.748842,2713279735.3125443,14701455038.246529,8139839205.9376335
S1,2046,dementia,nonmedical_and_informal_care,avoided_prevalence_patient_year,106626.64285521436,92790.41971,46395.209855,139185.629565,DEM_NONMEDICAL_INFORMAL,Social perspective only; never deducted from public payer cost,9893930942.803614,5318475414.198352,4946965471.401807,2659237707.099176,14840896414.205421,7977713121.297528
S1,2047,dementia,nonmedical_and_informal_care,avoided_prevalence_patient_year,107302.16253967592,92790.41971,46395.209855,139185.629565,DEM_NONMEDICAL_INFORMAL,Social perspective only; never deducted from public payer cost,9956612697.847168,5196281501.198761,4978306348.923584,2598140750.5993805,14934919046.770754,7794422251.7981415
S1,2048,dementia,nonmedical_and_informal_care,avoided_prevalence_patient_year,107729.34502778416,92790.41971,46395.209855,139185.629565,DEM_NONMEDICAL_INFORMAL,Social perspective only; never deducted from public payer cost,9996251140.211494,5065017967.976087,4998125570.105747,2532508983.9880433,14994376710.317242,7597526951.964129
S1,2049,dementia,nonmedical_and_informal_care,avoided_prevalence_patient_year,108181.01903836257,92790.41971,46395.209855,139185.629565,DEM_NONMEDICAL_INFORMAL,Social perspective only; never deducted from public payer cost,10038162161.225164,4938110617.953375,5019081080.612582,2469055308.9766874,15057243241.837748,7407165926.930063
S1,2050,dementia,nonmedical_and_informal_care,avoided_prevalence_patient_year,108771.44862667561,92790.41971,46395.209855,139185.629565,DEM_NONMEDICAL_INFORMAL,Social perspective only; never deducted from public payer cost,10092948370.533934,4820448352.037395,5046474185.266967,2410224176.0186973,15139422555.800901,7230672528.056092
S2,2025,dementia,nonmedical_and_informal_care,avoided_prevalence_patient_year,0.0,92790.41971,46395.209855,139185.629565,DEM_NONMEDICAL_INFORMAL,Social perspective only; never deducted from public payer cost,0.0,0.0,0.0,0.0,0.0,0.0
S2,2026,dementia,nonmedical_and_informal_care,avoided_prevalence_patient_year,0.0,92790.41971,46395.209855,139185.629565,DEM_NONMEDICAL_INFORMAL,Social perspective only; never deducted from public payer cost,0.0,0.0,0.0,0.0,0.0,0.0
S2,2027,dementia,nonmedical_and_informal_care,avoided_prevalence_patient_year,0.0,92790.41971,46395.209855,139185.629565,DEM_NONMEDICAL_INFORMAL,Social perspective only; never deducted from public payer cost,0.0,0.0,0.0,0.0,0.0,0.0
S2,2028,dementia,nonmedical_and_informal_care,avoided_prevalence_patient_year,0.0,92790.41971,46395.209855,139185.629565,DEM_NONMEDICAL_INFORMAL,Social perspective only; never deducted from public payer cost,0.0,0.0,0.0,0.0,0.0,0.0
S2,2029,dementia,nonmedical_and_informal_care,avoided_prevalence_patient_year,0.0,92790.41971,46395.209855,139185.629565,DEM_NONMEDICAL_INFORMAL,Social perspective only; never deducted from public payer cost,0.0,0.0,0.0,0.0,0.0,0.0
S2,2030,dementia,nonmedical_and_informal_care,avoided_prevalence_patient_year,16976.176841188197,92790.41971,46395.209855,139185.629565,DEM_NONMEDICAL_INFORMAL,Social perspective only; never deducted from public payer cost,1575226574.1650348,1358804280.2701316,787613287.0825174,679402140.1350658,2362839861.2475524,2038206420.4051979
S2,2031,dementia,nonmedical_and_informal_care,avoided_prevalence_patient_year,35371.48236901093,92790.41971,46395.209855,139185.629565,DEM_NONMEDICAL_INFORMAL,Social perspective only; never deducted from public payer cost,3282134694.78539,2748736135.1979747,1641067347.392695,1374368067.5989873,4923202042.178084,4123104202.796962
S2,2032,dementia,nonmedical_and_informal_care,avoided_prevalence_patient_year,55874.68819058125,92790.41971,46395.209855,139185.629565,DEM_NONMEDICAL_INFORMAL,Social perspective only; never deducted from public payer cost,5184635768.369414,4215583332.6682963,2592317884.184707,2107791666.3341482,7776953652.554122,6323374999.002445
S2,2033,dementia,nonmedical_and_informal_care,avoided_prevalence_patient_year,80049.26130788276,92790.41971,46395.209855,139185.629565,DEM_NONMEDICAL_INFORMAL,Social perspective only; never deducted from public payer cost,7427804554.233905,5863577505.791349,3713902277.1169524,2931788752.8956747,11141706831.350857,8795366258.687025
S2,2034,dementia,nonmedical_and_informal_care,avoided_prevalence_patient_year,107652.5763803111,92790.41971,46395.209855,139185.629565,DEM_NONMEDICAL_INFORMAL,Social perspective only; never deducted from public payer cost,9989127745.1919,7655834645.433036,4994563872.59595,3827917322.716518,14983691617.787851,11483751968.149555
S2,2035,dementia,nonmedical_and_informal_care,avoided_prevalence_patient_year,137467.43210445362,92790.41971,46395.209855,139185.629565,DEM_NONMEDICAL_INFORMAL,Social perspective only; never deducted from public payer cost,12755660721.42818,9491409523.301878,6377830360.71409,4745704761.650939,19133491082.142273,14237114284.952818
S2,2036,dementia,nonmedical_and_informal_care,avoided_prevalence_patient_year,169369.64274815726,92790.41971,46395.209855,139185.629565,DEM_NONMEDICAL_INFORMAL,Social perspective only; never deducted from public payer cost,15715880236.73427,11353486263.494827,7857940118.367135,5676743131.747414,23573820355.101406,17030229395.24224
S2,2037,dementia,nonmedical_and_informal_care,avoided_prevalence_patient_year,202518.17685974514,92790.41971,46395.209855,139185.629565,DEM_NONMEDICAL_INFORMAL,Social perspective only; never deducted from public payer cost,18791746629.71976,13180152999.769548,9395873314.85988,6590076499.884774,28187619944.579643,19770229499.654324
S2,2038,dementia,nonmedical_and_informal_care,avoided_prevalence_patient_year,237560.27899998263,92790.41971,46395.209855,139185.629565,DEM_NONMEDICAL_INFORMAL,Social perspective only; never deducted from public payer cost,22043317994.833088,15010426926.477314,11021658997.416544,7505213463.238657,33064976992.249634,22515640389.715973
S2,2039,dementia,nonmedical_and_informal_care,avoided_prevalence_patient_year,274555.04481565417,92790.41971,46395.209855,139185.629565,DEM_NONMEDICAL_INFORMAL,Social perspective only; never deducted from public payer cost,25476077841.94241,16842688683.729303,12738038920.971205,8421344341.864652,38214116762.91362,25264033025.59396
S2,2040,dementia,nonmedical_and_informal_care,avoided_prevalence_patient_year,283796.6927617324,92790.41971,46395.209855,139185.629565,DEM_NONMEDICAL_INFORMAL,Social perspective only; never deducted from public payer cost,26333614233.671066,16902544914.018026,13166807116.835533,8451272457.009013,39500421350.5066,25353817371.02704
S2,2041,dementia,nonmedical_and_informal_care,avoided_prevalence_patient_year,292468.3211842653,92790.41971,46395.209855,139185.629565,DEM_NONMEDICAL_INFORMAL,Social perspective only; never deducted from public payer cost,27138258274.567062,16911665344.726887,13569129137.283531,8455832672.363443,40707387411.85059,25367498017.09033
S2,2042,dementia,nonmedical_and_informal_care,avoided_prevalence_patient_year,300114.36647761357,92790.41971,46395.209855,139185.629565,DEM_NONMEDICAL_INFORMAL,Social perspective only; never deducted from public payer cost,27847738026.45852,16848339485.584206,13923869013.22926,8424169742.792103,41771607039.68778,25272509228.376312
S2,2043,dementia,nonmedical_and_informal_care,avoided_prevalence_patient_year,306922.06214179425,92790.41971,46395.209855,139185.629565,DEM_NONMEDICAL_INFORMAL,Social perspective only; never deducted from public payer cost,28479426964.39579,16728661826.887835,14239713482.197895,8364330913.443917,42719140446.59369,25092992740.331753
S2,2044,dementia,nonmedical_and_informal_care,avoided_prevalence_patient_year,312632.31990951416,92790.41971,46395.209855,139185.629565,DEM_NONMEDICAL_INFORMAL,Social perspective only; never deducted from public payer cost,29009284179.314808,16543589415.279465,14504642089.657404,8271794707.639732,43513926268.97221,24815384122.919197
S2,2045,dementia,nonmedical_and_informal_care,avoided_prevalence_patient_year,316874.41622083227,92790.41971,46395.209855,139185.629565,DEM_NONMEDICAL_INFORMAL,Social perspective only; never deducted from public payer cost,29402910076.49226,16279678411.874826,14701455038.24613,8139839205.937413,44104365114.73839,24419517617.812237
S2,2046,dementia,nonmedical_and_informal_care,avoided_prevalence_patient_year,319879.9285656344,92790.41971,46395.209855,139185.629565,DEM_NONMEDICAL_INFORMAL,Social perspective only; never deducted from public payer cost,29681792828.410038,15955426242.594624,14840896414.205019,7977713121.297312,44522689242.61506,23933139363.891937
S2,2047,dementia,nonmedical_and_informal_care,avoided_prevalence_patient_year,321906.487619019,92790.41971,46395.209855,139185.629565,DEM_NONMEDICAL_INFORMAL,Social perspective only; never deducted from public payer cost,29869838093.54069,15588844503.595858,14934919046.770346,7794422251.797929,44804757140.31104,23383266755.39379
S2,2048,dementia,nonmedical_and_informal_care,avoided_prevalence_patient_year,323188.03508334374,92790.41971,46395.209855,139185.629565,DEM_NONMEDICAL_INFORMAL,Social perspective only; never deducted from public payer cost,29988753420.63367,15195053903.927847,14994376710.316835,7597526951.963923,44983130130.95051,22792580855.891773
S2,2049,dementia,nonmedical_and_informal_care,avoided_prevalence_patient_year,324543.0571150789,92790.41971,46395.209855,139185.629565,DEM_NONMEDICAL_INFORMAL,Social perspective only; never deducted from public payer cost,30114486483.674675,14814331853.859722,15057243241.837337,7407165926.929861,45171729725.51202,22221497780.789585
S2,2050,dementia,nonmedical_and_informal_care,avoided_prevalence_patient_year,326314.3458800181,92790.41971,46395.209855,139185.629565,DEM_NONMEDICAL_INFORMAL,Social perspective only; never deducted from public payer cost,30278845111.600986,14461345056.111795,15139422555.800493,7230672528.055898,45418267667.40148,21692017584.167694
S3,2025,dementia,nonmedical_and_informal_care,avoided_prevalence_patient_year,0.0,92790.41971,46395.209855,139185.629565,DEM_NONMEDICAL_INFORMAL,Social perspective only; never deducted from public payer cost,0.0,0.0,0.0,0.0,0.0,0.0
S3,2026,dementia,nonmedical_and_informal_care,avoided_prevalence_patient_year,0.0,92790.41971,46395.209855,139185.629565,DEM_NONMEDICAL_INFORMAL,Social perspective only; never deducted from public payer cost,0.0,0.0,0.0,0.0,0.0,0.0
S3,2027,dementia,nonmedical_and_informal_care,avoided_prevalence_patient_year,0.0,92790.41971,46395.209855,139185.629565,DEM_NONMEDICAL_INFORMAL,Social perspective only; never deducted from public payer cost,0.0,0.0,0.0,0.0,0.0,0.0
S3,2028,dementia,nonmedical_and_informal_care,avoided_prevalence_patient_year,0.0,92790.41971,46395.209855,139185.629565,DEM_NONMEDICAL_INFORMAL,Social perspective only; never deducted from public payer cost,0.0,0.0,0.0,0.0,0.0,0.0
S3,2029,dementia,nonmedical_and_informal_care,avoided_prevalence_patient_year,0.0,92790.41971,46395.209855,139185.629565,DEM_NONMEDICAL_INFORMAL,Social perspective only; never deducted from public payer cost,0.0,0.0,0.0,0.0,0.0,0.0
S3,2030,dementia,nonmedical_and_informal_care,avoided_prevalence_patient_year,15250.26552900016,92790.41971,46395.209855,139185.629565,DEM_NONMEDICAL_INFORMAL,Social perspective only; never deducted from public payer cost,1415078539.12487,1220659178.4426227,707539269.562435,610329589.2213113,2122617808.6873052,1830988767.6639342
S3,2031,dementia,nonmedical_and_informal_care,avoided_prevalence_patient_year,37552.72378176648,92790.41971,46395.209855,139185.629565,DEM_NONMEDICAL_INFORMAL,Social perspective only; never deducted from public payer cost,3484533000.96381,2918241530.2018394,1742266500.481905,1459120765.1009197,5226799501.445716,4377362295.30276
S3,2032,dementia,nonmedical_and_informal_care,avoided_prevalence_patient_year,68446.49303346247,92790.41971,46395.209855,139185.629565,DEM_NONMEDICAL_INFORMAL,Social perspective only; never deducted from public payer cost,6351178816.252573,5164089582.518696,3175589408.1262865,2582044791.259348,9526768224.37886,7746134373.778045
S3,2033,dementia,nonmedical_and_informal_care,avoided_prevalence_patient_year,111135.05778244551,92790.41971,46395.209855,139185.629565,DEM_NONMEDICAL_INFORMAL,Social perspective only; never deducted from public payer cost,10312268656.128222,8140600103.873776,5156134328.064111,4070300051.936888,15468402984.192333,12210900155.810665
S3,2034,dementia,nonmedical_and_informal_care,avoided_prevalence_patient_year,167040.91435011697,92790.41971,46395.209855,139185.629565,DEM_NONMEDICAL_INFORMAL,Social perspective only; never deducted from public payer cost,15499796551.289516,11879303424.830326,7749898275.644758,5939651712.415163,23249694826.934277,17818955137.24549
S3,2035,dementia,nonmedical_and_informal_care,avoided_prevalence_patient_year,213303.63214874233,92790.41971,46395.209855,139185.629565,DEM_NONMEDICAL_INFORMAL,Social perspective only; never deducted from public payer cost,19792533552.74925,14727503776.989973,9896266776.374624,7363751888.494987,29688800329.12388,22091255665.484962
S3,2036,dementia,nonmedical_and_informal_care,avoided_prevalence_patient_year,262805.22899755626,92790.41971,46395.209855,139185.629565,DEM_NONMEDICAL_INFORMAL,Social perspective only; never deducted from public payer cost,24385807500.66591,17616826185.52273,12192903750.332954,8808413092.761366,36578711250.99886,26425239278.2841
S3,2037,dementia,nonmedical_and_informal_care,avoided_prevalence_patient_year,314240.7044273692,92790.41971,46395.209855,139185.629565,DEM_NONMEDICAL_INFORMAL,Social perspective only; never deducted from public payer cost,29158526853.781643,20451204071.308952,14579263426.890821,10225602035.654476,43737790280.67246,30676806106.963425
S3,2038,dementia,nonmedical_and_informal_care,avoided_prevalence_patient_year,368614.36624830577,92790.41971,46395.209855,139185.629565,DEM_NONMEDICAL_INFORMAL,Social perspective only; never deducted from public payer cost,34203881755.315952,23291179114.250595,17101940877.657976,11645589557.125298,51305822632.97393,34936768671.37589
S3,2039,dementia,nonmedical_and_informal_care,avoided_prevalence_patient_year,426017.91120562895,92790.41971,46395.209855,139185.629565,DEM_NONMEDICAL_INFORMAL,Social perspective only; never deducted from public payer cost,39530380784.747826,26134238607.58698,19765190392.373913,13067119303.79349,59295571177.121735,39201357911.38046
S3,2040,dementia,nonmedical_and_informal_care,avoided_prevalence_patient_year,440357.8682686271,92790.41971,46395.209855,139185.629565,DEM_NONMEDICAL_INFORMAL,Social perspective only; never deducted from public payer cost,40860991419.2468,26227115524.918312,20430495709.6234,13113557762.459156,61291487128.8702,39340673287.377464
S3,2041,dementia,nonmedical_and_informal_care,avoided_prevalence_patient_year,453813.3450375908,92790.41971,46395.209855,139185.629565,DEM_NONMEDICAL_INFORMAL,Social perspective only; never deducted from public payer cost,42109530756.0371,26241267393.23489,21054765378.01855,13120633696.617445,63164296134.05566,39361901089.85234
S3,2042,dementia,nonmedical_and_informal_care,avoided_prevalence_patient_year,465677.4586511031,92790.41971,46395.209855,139185.629565,DEM_NONMEDICAL_INFORMAL,Social perspective only; never deducted from public payer cost,43210406837.72202,26143006768.46516,21605203418.86101,13071503384.23258,64815610256.583046,39214510152.69775
S3,2043,dementia,nonmedical_and_informal_care,avoided_prevalence_patient_year,476240.7330900235,92790.41971,46395.209855,139185.629565,DEM_NONMEDICAL_INFORMAL,Social perspective only; never deducted from public payer cost,44190577506.42137,25957306934.72129,22095288753.210686,12978653467.360645,66285866259.63206,38935960402.08194
S3,2044,dementia,nonmedical_and_informal_care,avoided_prevalence_patient_year,485101.14972626907,92790.41971,46395.209855,139185.629565,DEM_NONMEDICAL_INFORMAL,Social perspective only; never deducted from public payer cost,45012739284.90406,25670136242.70897,22506369642.45203,12835068121.354485,67519108927.356094,38505204364.06345
S3,2045,dementia,nonmedical_and_informal_care,avoided_prevalence_patient_year,491683.4691693311,92790.41971,46395.209855,139185.629565,DEM_NONMEDICAL_INFORMAL,Social perspective only; never deducted from public payer cost,45623515468.69108,25260634335.75943,22811757734.34554,12630317167.879715,68435273203.03662,37890951503.639145
S3,2046,dementia,nonmedical_and_informal_care,avoided_prevalence_patient_year,496347.0224910157,92790.41971,46395.209855,139185.629565,DEM_NONMEDICAL_INFORMAL,Social perspective only; never deducted from public payer cost,46056248538.75016,24757503053.09297,23028124269.37508,12378751526.546486,69084372808.12524,37136254579.63946
S3,2047,dementia,nonmedical_and_informal_care,avoided_prevalence_patient_year,499491.56662218424,92790.41971,46395.209855,139185.629565,DEM_NONMEDICAL_INFORMAL,Social perspective only; never deducted from public payer cost,46348032108.477905,24188690388.079884,23174016054.238953,12094345194.039942,69522048162.71686,36283035582.11983
S3,2048,dementia,nonmedical_and_informal_care,avoided_prevalence_patient_year,501480.1011043282,92790.41971,46395.209855,139185.629565,DEM_NONMEDICAL_INFORMAL,Social perspective only; never deducted from public payer cost,46532549057.683846,23577658640.92835,23266274528.841923,11788829320.464174,69798823586.52577,35366487961.392525
S3,2049,dementia,nonmedical_and_informal_care,avoided_prevalence_patient_year,503582.6436235706,92790.41971,46395.209855,139185.629565,DEM_NONMEDICAL_INFORMAL,Social perspective only; never deducted from public payer cost,46727644860.50247,22986904926.57263,23363822430.251236,11493452463.286316,70091467290.75371,34480357389.85895
S3,2050,dementia,nonmedical_and_informal_care,avoided_prevalence_patient_year,506331.0933571679,92790.41971,46395.209855,139185.629565,DEM_NONMEDICAL_INFORMAL,Social perspective only; never deducted from public payer cost,46982674664.8348,22439187078.733757,23491337332.4174,11219593539.366879,70474011997.25221,33658780618.10064
S4,2025,dementia,nonmedical_and_informal_care,avoided_prevalence_patient_year,0.0,92790.41971,46395.209855,139185.629565,DEM_NONMEDICAL_INFORMAL,Social perspective only; never deducted from public payer cost,0.0,0.0,0.0,0.0,0.0,0.0
S4,2026,dementia,nonmedical_and_informal_care,avoided_prevalence_patient_year,0.0,92790.41971,46395.209855,139185.629565,DEM_NONMEDICAL_INFORMAL,Social perspective only; never deducted from public payer cost,0.0,0.0,0.0,0.0,0.0,0.0
S4,2027,dementia,nonmedical_and_informal_care,avoided_prevalence_patient_year,0.0,92790.41971,46395.209855,139185.629565,DEM_NONMEDICAL_INFORMAL,Social perspective only; never deducted from public payer cost,0.0,0.0,0.0,0.0,0.0,0.0
S4,2028,dementia,nonmedical_and_informal_care,avoided_prevalence_patient_year,0.0,92790.41971,46395.209855,139185.629565,DEM_NONMEDICAL_INFORMAL,Social perspective only; never deducted from public payer cost,0.0,0.0,0.0,0.0,0.0,0.0
S4,2029,dementia,nonmedical_and_informal_care,avoided_prevalence_patient_year,0.0,92790.41971,46395.209855,139185.629565,DEM_NONMEDICAL_INFORMAL,Social perspective only; never deducted from public payer cost,0.0,0.0,0.0,0.0,0.0,0.0
S4,2030,dementia,nonmedical_and_informal_care,avoided_prevalence_patient_year,28293.62806864747,92790.41971,46395.209855,139185.629565,DEM_NONMEDICAL_INFORMAL,Social perspective only; never deducted from public payer cost,2625377623.6084356,2264673800.450258,1312688811.8042178,1132336900.225129,3938066435.4126534,3397010700.6753864
S4,2031,dementia,nonmedical_and_informal_care,avoided_prevalence_patient_year,58952.470615017504,92790.41971,46395.209855,139185.629565,DEM_NONMEDICAL_INFORMAL,Social perspective only; never deducted from public payer cost,5470224491.308916,4581226891.996569,2735112245.654458,2290613445.9982843,8205336736.963375,6871840337.994853
S4,2032,dementia,nonmedical_and_informal_care,avoided_prevalence_patient_year,93124.48031763519,92790.41971,46395.209855,139185.629565,DEM_NONMEDICAL_INFORMAL,Social perspective only; never deducted from public payer cost,8641059613.949003,7025972221.113811,4320529806.974502,3512986110.5569053,12961589420.923506,10538958331.670717
S4,2033,dementia,nonmedical_and_informal_care,avoided_prevalence_patient_year,133415.43551313988,92790.41971,46395.209855,139185.629565,DEM_NONMEDICAL_INFORMAL,Social perspective only; never deducted from public payer cost,12379674257.056688,9772629176.31906,6189837128.528344,4886314588.15953,18569511385.585033,14658943764.478588
S4,2034,dementia,nonmedical_and_informal_care,avoided_prevalence_patient_year,179420.96063385298,92790.41971,46395.209855,139185.629565,DEM_NONMEDICAL_INFORMAL,Social perspective only; never deducted from public payer cost,16648546241.986607,12759724409.055141,8324273120.993303,6379862204.527571,24972819362.97991,19139586613.582714
S4,2035,dementia,nonmedical_and_informal_care,avoided_prevalence_patient_year,229112.3868407547,92790.41971,46395.209855,139185.629565,DEM_NONMEDICAL_INFORMAL,Social perspective only; never deducted from public payer cost,21259434535.713512,15819015872.169706,10629717267.856756,7909507936.084853,31889151803.570267,23728523808.25456
S4,2036,dementia,nonmedical_and_informal_care,avoided_prevalence_patient_year,282282.73791359836,92790.41971,46395.209855,139185.629565,DEM_NONMEDICAL_INFORMAL,Social perspective only; never deducted from public payer cost,26193133727.890724,18922477105.82491,13096566863.945362,9461238552.912455,39289700591.83608,28383715658.737362
S4,2037,dementia,nonmedical_and_informal_care,avoided_prevalence_patient_year,337530.2947662372,92790.41971,46395.209855,139185.629565,DEM_NONMEDICAL_INFORMAL,Social perspective only; never deducted from public payer cost,31319577716.199165,21966921666.282272,15659788858.099583,10983460833.141136,46979366574.29875,32950382499.423412
S4,2038,dementia,nonmedical_and_informal_care,avoided_prevalence_patient_year,395933.7983333098,92790.41971,46395.209855,139185.629565,DEM_NONMEDICAL_INFORMAL,Social perspective only; never deducted from public payer cost,36738863324.72232,25017378210.795868,18369431662.36116,12508689105.397934,55108294987.08348,37526067316.1938
S4,2039,dementia,nonmedical_and_informal_care,avoided_prevalence_patient_year,457591.7413594286,92790.41971,46395.209855,139185.629565,DEM_NONMEDICAL_INFORMAL,Social perspective only; never deducted from public payer cost,42460129736.57115,28071147806.215816,21230064868.285576,14035573903.107908,63690194604.85673,42106721709.32372
S4,2040,dementia,nonmedical_and_informal_care,avoided_prevalence_patient_year,472994.48793622584,92790.41971,46395.209855,139185.629565,DEM_NONMEDICAL_INFORMAL,Social perspective only; never deducted from public payer cost,43889357056.11893,28170908190.030354,21944678528.059464,14085454095.015177,65834035584.1784,42256362285.04554
S4,2041,dementia,nonmedical_and_informal_care,avoided_prevalence_patient_year,487447.2019737809,92790.41971,46395.209855,139185.629565,DEM_NONMEDICAL_INFORMAL,Social perspective only; never deducted from public payer cost,45230430457.61227,28186108907.878452,22615215228.806133,14093054453.939226,67845645686.4184,42279163361.81768
S4,2042,dementia,nonmedical_and_informal_care,avoided_prevalence_patient_year,500190.61079602817,92790.41971,46395.209855,139185.629565,DEM_NONMEDICAL_INFORMAL,Social perspective only; never deducted from public payer cost,46412896710.76471,28080565809.30732,23206448355.382355,14040282904.65366,69619345066.14706,42120848713.960976
S4,2043,dementia,nonmedical_and_informal_care,avoided_prevalence_patient_year,511536.7702363294,92790.41971,46395.209855,139185.629565,DEM_NONMEDICAL_INFORMAL,Social perspective only; never deducted from public payer cost,47465711607.32684,27881103044.813366,23732855803.66342,13940551522.406683,71198567410.99026,41821654567.22005
S4,2044,dementia,nonmedical_and_informal_care,avoided_prevalence_patient_year,521053.86651586276,92790.41971,46395.209855,139185.629565,DEM_NONMEDICAL_INFORMAL,Social perspective only; never deducted from public payer cost,48348806965.52522,27572649025.466084,24174403482.76261,13786324512.733042,72523210448.28784,41358973538.19913
S4,2045,dementia,nonmedical_and_informal_care,avoided_prevalence_patient_year,528124.0270347263,92790.41971,46395.209855,139185.629565,DEM_NONMEDICAL_INFORMAL,Social perspective only; never deducted from public payer cost,49004850127.48765,27132797353.12501,24502425063.743824,13566398676.562506,73507275191.23148,40699196029.68752
S4,2046,dementia,nonmedical_and_informal_care,avoided_prevalence_patient_year,533133.2142760633,92790.41971,46395.209855,139185.629565,DEM_NONMEDICAL_INFORMAL,Social perspective only; never deducted from public payer cost,49469654714.01727,26592377070.991333,24734827357.008636,13296188535.495667,74204482071.02591,39888565606.487
S4,2047,dementia,nonmedical_and_informal_care,avoided_prevalence_patient_year,536510.812698371,92790.41971,46395.209855,139185.629565,DEM_NONMEDICAL_INFORMAL,Social perspective only; never deducted from public payer cost,49783063489.23505,25981407505.99339,24891531744.617523,12990703752.996695,74674595233.85257,38972111258.99008
S4,2048,dementia,nonmedical_and_informal_care,avoided_prevalence_patient_year,538646.7251389122,92790.41971,46395.209855,139185.629565,DEM_NONMEDICAL_INFORMAL,Social perspective only; never deducted from public payer cost,49981255701.05667,25325089839.880024,24990627850.528336,12662544919.940012,74971883551.585,37987634759.82004
S4,2049,dementia,nonmedical_and_informal_care,avoided_prevalence_patient_year,540905.0951918042,92790.41971,46395.209855,139185.629565,DEM_NONMEDICAL_INFORMAL,Social perspective only; never deducted from public payer cost,50190810806.125015,24690553089.76648,25095405403.062508,12345276544.88324,75286216209.18753,37035829634.64972
S4,2050,dementia,nonmedical_and_informal_care,avoided_prevalence_patient_year,543857.2431333695,92790.41971,46395.209855,139185.629565,DEM_NONMEDICAL_INFORMAL,Social perspective only; never deducted from public payer cost,50464741852.66887,24102241760.186592,25232370926.334435,12051120880.093296,75697112779.00331,36153362640.27989
S5,2025,dementia,nonmedical_and_informal_care,avoided_prevalence_patient_year,0.0,92790.41971,46395.209855,139185.629565,DEM_NONMEDICAL_INFORMAL,Social perspective only; never deducted from public payer cost,0.0,0.0,0.0,0.0,0.0,0.0
S5,2026,dementia,nonmedical_and_informal_care,avoided_prevalence_patient_year,0.0,92790.41971,46395.209855,139185.629565,DEM_NONMEDICAL_INFORMAL,Social perspective only; never deducted from public payer cost,0.0,0.0,0.0,0.0,0.0,0.0
S5,2027,dementia,nonmedical_and_informal_care,avoided_prevalence_patient_year,0.0,92790.41971,46395.209855,139185.629565,DEM_NONMEDICAL_INFORMAL,Social perspective only; never deducted from public payer cost,0.0,0.0,0.0,0.0,0.0,0.0
S5,2028,dementia,nonmedical_and_informal_care,avoided_prevalence_patient_year,0.0,92790.41971,46395.209855,139185.629565,DEM_NONMEDICAL_INFORMAL,Social perspective only; never deducted from public payer cost,0.0,0.0,0.0,0.0,0.0,0.0
S5,2029,dementia,nonmedical_and_informal_care,avoided_prevalence_patient_year,0.0,92790.41971,46395.209855,139185.629565,DEM_NONMEDICAL_INFORMAL,Social perspective only; never deducted from public payer cost,0.0,0.0,0.0,0.0,0.0,0.0
S5,2030,dementia,nonmedical_and_informal_care,avoided_prevalence_patient_year,13580.941472950784,92790.41971,46395.209855,139185.629565,DEM_NONMEDICAL_INFORMAL,Social perspective only; never deducted from public payer cost,1260181259.332049,1087043424.2161236,630090629.6660244,543521712.1080618,1890271888.9980736,1630565136.3241856
S5,2031,dementia,nonmedical_and_informal_care,avoided_prevalence_patient_year,28297.18589520868,92790.41971,46395.209855,139185.629565,DEM_NONMEDICAL_INFORMAL,Social perspective only; never deducted from public payer cost,2625707755.8283057,2198988908.158375,1312853877.9141529,1099494454.0791874,3938561633.742459,3298483362.237562
S5,2032,dementia,nonmedical_and_informal_care,avoided_prevalence_patient_year,44699.75055246441,92790.41971,46395.209855,139185.629565,DEM_NONMEDICAL_INFORMAL,Social perspective only; never deducted from public payer cost,4147708614.695477,3372466666.134593,2073854307.3477385,1686233333.0672965,6221562922.043216,5058699999.20189
S5,2033,dementia,nonmedical_and_informal_care,avoided_prevalence_patient_year,64039.40904630808,92790.41971,46395.209855,139185.629565,DEM_NONMEDICAL_INFORMAL,Social perspective only; never deducted from public payer cost,5942243643.387298,4690862004.633217,2971121821.693649,2345431002.3166084,8913365465.080946,7036293006.949825
S5,2034,dementia,nonmedical_and_informal_care,avoided_prevalence_patient_year,86122.06110424947,92790.41971,46395.209855,139185.629565,DEM_NONMEDICAL_INFORMAL,Social perspective only; never deducted from public payer cost,7991302196.153575,6124667716.346471,3995651098.0767875,3062333858.1732354,11986953294.230362,9187001574.519705
S5,2035,dementia,nonmedical_and_informal_care,avoided_prevalence_patient_year,109973.94568355996,92790.41971,46395.209855,139185.629565,DEM_NONMEDICAL_INFORMAL,Social perspective only; never deducted from public payer cost,10204528577.142271,7593127618.641298,5102264288.5711355,3796563809.320649,15306792865.713408,11389691427.961948
S5,2036,dementia,nonmedical_and_informal_care,avoided_prevalence_patient_year,135495.71419852405,92790.41971,46395.209855,139185.629565,DEM_NONMEDICAL_INFORMAL,Social perspective only; never deducted from public payer cost,12572704189.387253,9082789010.795744,6286352094.693626,4541394505.397872,18859056284.08088,13624183516.193615
S5,2037,dementia,nonmedical_and_informal_care,avoided_prevalence_patient_year,162014.54148779393,92790.41971,46395.209855,139185.629565,DEM_NONMEDICAL_INFORMAL,Social perspective only; never deducted from public payer cost,15033397303.775608,10544122399.815498,7516698651.887804,5272061199.907749,22550095955.66341,15816183599.723246
S5,2038,dementia,nonmedical_and_informal_care,avoided_prevalence_patient_year,190048.2231999863,92790.41971,46395.209855,139185.629565,DEM_NONMEDICAL_INFORMAL,Social perspective only; never deducted from public payer cost,17634654395.86649,12008341541.181864,8817327197.933245,6004170770.590932,26451981593.799732,18012512311.772793
S5,2039,dementia,nonmedical_and_informal_care,avoided_prevalence_patient_year,219644.03585252282,92790.41971,46395.209855,139185.629565,DEM_NONMEDICAL_INFORMAL,Social perspective only; never deducted from public payer cost,20380862273.553883,13474150946.983412,10190431136.776941,6737075473.491706,30571293410.330822,20211226420.475117
S5,2040,dementia,nonmedical_and_informal_care,avoided_prevalence_patient_year,227037.3542093854,92790.41971,46395.209855,139185.629565,DEM_NONMEDICAL_INFORMAL,Social perspective only; never deducted from public payer cost,21066891386.936806,13522035931.214392,10533445693.468403,6761017965.607196,31600337080.405212,20283053896.82159
S5,2041,dementia,nonmedical_and_informal_care,avoided_prevalence_patient_year,233974.6569474117,92790.41971,46395.209855,139185.629565,DEM_NONMEDICAL_INFORMAL,Social perspective only; never deducted from public payer cost,21710606619.653603,13529332275.781479,10855303309.826801,6764666137.890739,32565909929.480404,20293998413.67222
S5,2042,dementia,nonmedical_and_informal_care,avoided_prevalence_patient_year,240091.49318209034,92790.41971,46395.209855,139185.629565,DEM_NONMEDICAL_INFORMAL,Social perspective only; never deducted from public payer cost,22278190421.166767,13478671588.467335,11139095210.583384,6739335794.233667,33417285631.750153,20218007382.701004
S5,2043,dementia,nonmedical_and_informal_care,avoided_prevalence_patient_year,245537.64971343492,92790.41971,46395.209855,139185.629565,DEM_NONMEDICAL_INFORMAL,Social perspective only; never deducted from public payer cost,22783541571.516586,13382929461.51024,11391770785.758293,6691464730.75512,34175312357.274883,20074394192.26536
S5,2044,dementia,nonmedical_and_informal_care,avoided_prevalence_patient_year,250105.85592761083,92790.41971,46395.209855,139185.629565,DEM_NONMEDICAL_INFORMAL,Social perspective only; never deducted from public payer cost,23207427343.4518,13234871532.223545,11603713671.7259,6617435766.111773,34811141015.177704,19852307298.33532
S5,2045,dementia,nonmedical_and_informal_care,avoided_prevalence_patient_year,253499.53297666536,92790.41971,46395.209855,139185.629565,DEM_NONMEDICAL_INFORMAL,Social perspective only; never deducted from public payer cost,23522328061.193764,13023742729.499836,11761164030.596882,6511871364.749918,35283492091.79065,19535614094.249756
S5,2046,dementia,nonmedical_and_informal_care,avoided_prevalence_patient_year,255903.94285250705,92790.41971,46395.209855,139185.629565,DEM_NONMEDICAL_INFORMAL,Social perspective only; never deducted from public payer cost,23745434262.727985,12764340994.075674,11872717131.363993,6382170497.037837,35618151394.09198,19146511491.113514
S5,2047,dementia,nonmedical_and_informal_care,avoided_prevalence_patient_year,257525.19009521473,92790.41971,46395.209855,139185.629565,DEM_NONMEDICAL_INFORMAL,Social perspective only; never deducted from public payer cost,23895870474.832508,12471075602.876663,11947935237.416254,6235537801.438332,35843805712.248764,18706613404.314995
S5,2048,dementia,nonmedical_and_informal_care,avoided_prevalence_patient_year,258550.4280666745,92790.41971,46395.209855,139185.629565,DEM_NONMEDICAL_INFORMAL,Social perspective only; never deducted from public payer cost,23991002736.506893,12156043123.142256,11995501368.253447,6078021561.571128,35986504104.76034,18234064684.713383
S5,2049,dementia,nonmedical_and_informal_care,avoided_prevalence_patient_year,259634.44569206267,92790.41971,46395.209855,139185.629565,DEM_NONMEDICAL_INFORMAL,Social perspective only; never deducted from public payer cost,24091589186.939697,11851465483.087757,12045794593.469849,5925732741.543879,36137383780.409546,17777198224.631634
S5,2050,dementia,nonmedical_and_informal_care,avoided_prevalence_patient_year,261051.476704014,92790.41971,46395.209855,139185.629565,DEM_NONMEDICAL_INFORMAL,Social perspective only; never deducted from public payer cost,24223076089.280746,11569076044.889416,12111538044.640373,5784538022.444708,36334614133.92112,17353614067.33412
S6,2025,dementia,nonmedical_and_informal_care,avoided_prevalence_patient_year,0.0,92790.41971,46395.209855,139185.629565,DEM_NONMEDICAL_INFORMAL,Social perspective only; never deducted from public payer cost,0.0,0.0,0.0,0.0,0.0,0.0
S6,2026,dementia,nonmedical_and_informal_care,avoided_prevalence_patient_year,0.0,92790.41971,46395.209855,139185.629565,DEM_NONMEDICAL_INFORMAL,Social perspective only; never deducted from public payer cost,0.0,0.0,0.0,0.0,0.0,0.0
S6,2027,dementia,nonmedical_and_informal_care,avoided_prevalence_patient_year,0.0,92790.41971,46395.209855,139185.629565,DEM_NONMEDICAL_INFORMAL,Social perspective only; never deducted from public payer cost,0.0,0.0,0.0,0.0,0.0,0.0
S6,2028,dementia,nonmedical_and_informal_care,avoided_prevalence_patient_year,0.0,92790.41971,46395.209855,139185.629565,DEM_NONMEDICAL_INFORMAL,Social perspective only; never deducted from public payer cost,0.0,0.0,0.0,0.0,0.0,0.0
S6,2029,dementia,nonmedical_and_informal_care,avoided_prevalence_patient_year,0.0,92790.41971,46395.209855,139185.629565,DEM_NONMEDICAL_INFORMAL,Social perspective only; never deducted from public payer cost,0.0,0.0,0.0,0.0,0.0,0.0
S6,2030,dementia,nonmedical_and_informal_care,avoided_prevalence_patient_year,34857.74978057302,92790.41971,46395.209855,139185.629565,DEM_NONMEDICAL_INFORMAL,Social perspective only; never deducted from public payer cost,3234465232.2855315,2790078122.154665,1617232616.1427658,1395039061.0773325,4851697848.428297,4185117183.231997
S6,2031,dementia,nonmedical_and_informal_care,avoided_prevalence_patient_year,85834.79721546563,92790.41971,46395.209855,139185.629565,DEM_NONMEDICAL_INFORMAL,Social perspective only; never deducted from public payer cost,7964646859.345796,6670266354.747015,3982323429.672898,3335133177.3735075,11946970289.018694,10005399532.120523
S6,2032,dementia,nonmedical_and_informal_care,avoided_prevalence_patient_year,156449.12693362642,92790.41971,46395.209855,139185.629565,DEM_NONMEDICAL_INFORMAL,Social perspective only; never deducted from public payer cost,14516980151.434261,11803633331.47115,7258490075.717131,5901816665.735575,21775470227.151394,17705449997.206726
S6,2033,dementia,nonmedical_and_informal_care,avoided_prevalence_patient_year,254022.98921701626,92790.41971,46395.209855,139185.629565,DEM_NONMEDICAL_INFORMAL,Social perspective only; never deducted from public payer cost,23570899785.435745,18607085951.711338,11785449892.717873,9303542975.855669,35356349678.15362,27910628927.56701
S6,2034,dementia,nonmedical_and_informal_care,avoided_prevalence_patient_year,381807.804228839,92790.41971,46395.209855,139185.629565,DEM_NONMEDICAL_INFORMAL,Social perspective only; never deducted from public payer cost,35428106402.94749,27152693542.46933,17714053201.473743,13576346771.234665,53142159604.42123,40729040313.703995
S6,2035,dementia,nonmedical_and_informal_care,avoided_prevalence_patient_year,487551.1591971251,92790.41971,46395.209855,139185.629565,DEM_NONMEDICAL_INFORMAL,Social perspective only; never deducted from public payer cost,45240076691.99827,33662865775.97707,22620038345.999134,16831432887.988535,67860115037.997406,50494298663.96561
S6,2036,dementia,nonmedical_and_informal_care,avoided_prevalence_patient_year,600697.6662801343,92790.41971,46395.209855,139185.629565,DEM_NONMEDICAL_INFORMAL,Social perspective only; never deducted from public payer cost,55738988572.95118,40267031281.195206,27869494286.47559,20133515640.597603,83608482859.42677,60400546921.79281
S6,2037,dementia,nonmedical_and_informal_care,avoided_prevalence_patient_year,718264.4672625528,92790.41971,46395.209855,139185.629565,DEM_NONMEDICAL_INFORMAL,Social perspective only; never deducted from public payer cost,66648061380.07183,46745609305.84869,33324030690.035915,23372804652.924343,99972092070.10776,70118413958.77304
S6,2038,dementia,nonmedical_and_informal_care,avoided_prevalence_patient_year,842547.1228532769,92790.41971,46395.209855,139185.629565,DEM_NONMEDICAL_INFORMAL,Social perspective only; never deducted from public payer cost,78180301155.0085,53236980832.5732,39090150577.50425,26618490416.2866,117270451732.51276,79855471248.8598
S6,2039,dementia,nonmedical_and_informal_care,avoided_prevalence_patient_year,973755.2256128693,92790.41971,46395.209855,139185.629565,DEM_NONMEDICAL_INFORMAL,Social perspective only; never deducted from public payer cost,90355156079.42389,59735402531.62757,45177578039.711945,29867701265.813786,135532734119.13583,89603103797.44136
S6,2040,dementia,nonmedical_and_informal_care,avoided_prevalence_patient_year,1006532.2703282937,92790.41971,46395.209855,139185.629565,DEM_NONMEDICAL_INFORMAL,Social perspective only; never deducted from public payer cost,93396551815.42155,59947692628.3849,46698275907.71078,29973846314.19245,140094827723.13232,89921538942.57735
S6,2041,dementia,nonmedical_and_informal_care,avoided_prevalence_patient_year,1037287.6458002108,92790.41971,46395.209855,139185.629565,DEM_NONMEDICAL_INFORMAL,Social perspective only; never deducted from public payer cost,96250356013.79938,59980039755.965645,48125178006.89969,29990019877.982822,144375534020.69907,89970059633.94847
S6,2042,dementia,nonmedical_and_informal_care,avoided_prevalence_patient_year,1064405.6197739532,92790.41971,46395.209855,139185.629565,DEM_NONMEDICAL_INFORMAL,Social perspective only; never deducted from public payer cost,98766644200.5078,59755444042.206276,49383322100.2539,29877722021.103138,148149966300.7617,89633166063.3094
S6,2043,dementia,nonmedical_and_informal_care,avoided_prevalence_patient_year,1088550.2470629145,92790.41971,46395.209855,139185.629565,DEM_NONMEDICAL_INFORMAL,Social perspective only; never deducted from public payer cost,101007034300.39204,59330987279.36315,50503517150.19602,29665493639.681576,151510551450.58807,88996480919.04472
S6,2044,dementia,nonmedical_and_informal_care,avoided_prevalence_patient_year,1108802.6279457612,92790.41971,46395.209855,139185.629565,DEM_NONMEDICAL_INFORMAL,Social perspective only; never deducted from public payer cost,102886261222.63815,58674597126.1921,51443130611.31908,29337298563.09605,154329391833.95724,88011895689.28815
S6,2045,dementia,nonmedical_and_informal_care,avoided_prevalence_patient_year,1123847.9295299032,92790.41971,46395.209855,139185.629565,DEM_NONMEDICAL_INFORMAL,Social perspective only; never deducted from public payer cost,104282321071.29422,57738592767.45031,52141160535.64711,28869296383.725155,156423481606.94135,86607889151.17548
S6,2046,dementia,nonmedical_and_informal_care,avoided_prevalence_patient_year,1134507.4799794683,92790.41971,46395.209855,139185.629565,DEM_NONMEDICAL_INFORMAL,Social perspective only; never deducted from public payer cost,105271425231.42929,56588578407.06984,52635712615.714645,28294289203.53492,157907137847.14395,84882867610.60477
S6,2047,dementia,nonmedical_and_informal_care,avoided_prevalence_patient_year,1141695.0094221393,92790.41971,46395.209855,139185.629565,DEM_NONMEDICAL_INFORMAL,Social perspective only; never deducted from public payer cost,105938359105.09271,55288435172.75421,52969179552.54636,27644217586.377106,158907538657.63907,82932652759.13132
S6,2048,dementia,nonmedical_and_informal_care,avoided_prevalence_patient_year,1146240.2310956111,92790.41971,46395.209855,139185.629565,DEM_NONMEDICAL_INFORMAL,Social perspective only; never deducted from public payer cost,106360112131.84915,53891791179.26498,53180056065.924576,26945895589.63249,159540168197.77374,80837686768.89748
S6,2049,dementia,nonmedical_and_informal_care,avoided_prevalence_patient_year,1151046.042568165,92790.41971,46395.209855,139185.629565,DEM_NONMEDICAL_INFORMAL,Social perspective only; never deducted from public payer cost,106806045395.43457,52541496975.02333,53403022697.717285,26270748487.511665,160209068093.15186,78812245462.53499
S6,2050,dementia,nonmedical_and_informal_care,avoided_prevalence_patient_year,1157328.213387816,92790.41971,46395.209855,139185.629565,DEM_NONMEDICAL_INFORMAL,Social perspective only; never deducted from public payer cost,107388970662.47989,51289570465.67732,53694485331.239944,25644785232.83866,161083455993.71985,76934355698.51599
S7,2025,dementia,nonmedical_and_informal_care,avoided_prevalence_patient_year,0.0,92790.41971,46395.209855,139185.629565,DEM_NONMEDICAL_INFORMAL,Social perspective only; never deducted from public payer cost,0.0,0.0,0.0,0.0,0.0,0.0
S7,2026,dementia,nonmedical_and_informal_care,avoided_prevalence_patient_year,0.0,92790.41971,46395.209855,139185.629565,DEM_NONMEDICAL_INFORMAL,Social perspective only; never deducted from public payer cost,0.0,0.0,0.0,0.0,0.0,0.0
S7,2027,dementia,nonmedical_and_informal_care,avoided_prevalence_patient_year,0.0,92790.41971,46395.209855,139185.629565,DEM_NONMEDICAL_INFORMAL,Social perspective only; never deducted from public payer cost,0.0,0.0,0.0,0.0,0.0,0.0
S7,2028,dementia,nonmedical_and_informal_care,avoided_prevalence_patient_year,0.0,92790.41971,46395.209855,139185.629565,DEM_NONMEDICAL_INFORMAL,Social perspective only; never deducted from public payer cost,0.0,0.0,0.0,0.0,0.0,0.0
S7,2029,dementia,nonmedical_and_informal_care,avoided_prevalence_patient_year,0.0,92790.41971,46395.209855,139185.629565,DEM_NONMEDICAL_INFORMAL,Social perspective only; never deducted from public payer cost,0.0,0.0,0.0,0.0,0.0,0.0
S7,2030,dementia,nonmedical_and_informal_care,avoided_prevalence_patient_year,84880.88420594149,92790.41971,46395.209855,139185.629565,DEM_NONMEDICAL_INFORMAL,Social perspective only; never deducted from public payer cost,7876132870.825221,6794021401.350699,3938066435.4126105,3397010700.6753497,11814199306.237833,10191032102.02605
S7,2031,dementia,nonmedical_and_informal_care,avoided_prevalence_patient_year,176857.4118450543,92790.41971,46395.209855,139185.629565,DEM_NONMEDICAL_INFORMAL,Social perspective only; never deducted from public payer cost,16410673473.926914,13743680675.989843,8205336736.963457,6871840337.994922,24616010210.890373,20615521013.984768
S7,2032,dementia,nonmedical_and_informal_care,avoided_prevalence_patient_year,279373.4409529035,92790.41971,46395.209855,139185.629565,DEM_NONMEDICAL_INFORMAL,Social perspective only; never deducted from public payer cost,25923178841.846817,21077916663.341274,12961589420.923409,10538958331.670637,38884768262.770226,31616874995.011913
S7,2033,dementia,nonmedical_and_informal_care,avoided_prevalence_patient_year,400246.3065394182,92790.41971,46395.209855,139185.629565,DEM_NONMEDICAL_INFORMAL,Social perspective only; never deducted from public payer cost,37139022771.16993,29317887528.95707,18569511385.584965,14658943764.478535,55708534156.7549,43976831293.43561
S7,2034,dementia,nonmedical_and_informal_care,avoided_prevalence_patient_year,538262.881901559,92790.41971,46395.209855,139185.629565,DEM_NONMEDICAL_INFORMAL,Social perspective only; never deducted from public payer cost,49945638725.959816,38279173227.16542,24972819362.979908,19139586613.58271,74918458088.93973,57418759840.74813
S7,2035,dementia,nonmedical_and_informal_care,avoided_prevalence_patient_year,687337.1605222623,92790.41971,46395.209855,139185.629565,DEM_NONMEDICAL_INFORMAL,Social perspective only; never deducted from public payer cost,63778303607.140366,47457047616.50899,31889151803.570183,23728523808.254494,95667455410.71056,71185571424.76349
S7,2036,dementia,nonmedical_and_informal_care,avoided_prevalence_patient_year,846848.2137407886,92790.41971,46395.209855,139185.629565,DEM_NONMEDICAL_INFORMAL,Social perspective only; never deducted from public payer cost,78579401183.67157,56767431317.47429,39289700591.835785,28383715658.737144,117869101775.50735,85151146976.21144
S7,2037,dementia,nonmedical_and_informal_care,avoided_prevalence_patient_year,1012590.884298719,92790.41971,46395.209855,139185.629565,DEM_NONMEDICAL_INFORMAL,Social perspective only; never deducted from public payer cost,93958733148.59819,65900764998.847305,46979366574.299095,32950382499.423653,140938099722.89728,98851147498.27095
S7,2038,dementia,nonmedical_and_informal_care,avoided_prevalence_patient_year,1187801.39499992,92790.41971,46395.209855,139185.629565,DEM_NONMEDICAL_INFORMAL,Social perspective only; never deducted from public payer cost,110216589974.16606,75052134632.387,55108294987.08303,37526067316.1935,165324884961.2491,112578201948.5805
S7,2039,dementia,nonmedical_and_informal_care,avoided_prevalence_patient_year,1372775.2240782976,92790.41971,46395.209855,139185.629565,DEM_NONMEDICAL_INFORMAL,Social perspective only; never deducted from public payer cost,127380389209.71454,84213443418.64816,63690194604.85727,42106721709.32408,191070583814.5718,126320165127.97224
S7,2040,dementia,nonmedical_and_informal_care,avoided_prevalence_patient_year,1418983.4638086895,92790.41971,46395.209855,139185.629565,DEM_NONMEDICAL_INFORMAL,Social perspective only; never deducted from public payer cost,131668071168.3579,84512724570.09178,65834035584.17895,42256362285.04589,197502106752.53687,126769086855.13768
S7,2041,dementia,nonmedical_and_informal_care,avoided_prevalence_patient_year,1462341.605921355,92790.41971,46395.209855,139185.629565,DEM_NONMEDICAL_INFORMAL,Social perspective only; never deducted from public payer cost,135691291372.83797,84558326723.6361,67845645686.41898,42279163361.81805,203536937059.25696,126837490085.45413
S7,2042,dementia,nonmedical_and_informal_care,avoided_prevalence_patient_year,1500571.8323880974,92790.41971,46395.209855,139185.629565,DEM_NONMEDICAL_INFORMAL,Social perspective only; never deducted from public payer cost,139238690132.29535,84241697427.9227,69619345066.14767,42120848713.96135,208858035198.44302,126362546141.88405
S7,2043,dementia,nonmedical_and_informal_care,avoided_prevalence_patient_year,1534610.3107090015,92790.41971,46395.209855,139185.629565,DEM_NONMEDICAL_INFORMAL,Social perspective only; never deducted from public payer cost,142397134821.98175,83643309134.44081,71198567410.99088,41821654567.220406,213595702232.97266,125464963701.66124
S7,2044,dementia,nonmedical_and_informal_care,avoided_prevalence_patient_year,1563161.5995476015,92790.41971,46395.209855,139185.629565,DEM_NONMEDICAL_INFORMAL,Social perspective only; never deducted from public payer cost,145046420896.5769,82717947076.39896,72523210448.28845,41358973538.19948,217569631344.86536,124076920614.59843
S7,2045,dementia,nonmedical_and_informal_care,avoided_prevalence_patient_year,1584372.0811041924,92790.41971,46395.209855,139185.629565,DEM_NONMEDICAL_INFORMAL,Social perspective only; never deducted from public payer cost,147014550382.46417,81398392059.37572,73507275191.23209,40699196029.68786,220521825573.6963,122097588089.0636
S7,2046,dementia,nonmedical_and_informal_care,avoided_prevalence_patient_year,1599399.6428282035,92790.41971,46395.209855,139185.629565,DEM_NONMEDICAL_INFORMAL,Social perspective only; never deducted from public payer cost,148408964142.0531,79777131212.97469,74204482071.02655,39888565606.48734,222613446213.07965,119665696819.46202
S7,2047,dementia,nonmedical_and_informal_care,avoided_prevalence_patient_year,1609532.4380951268,92790.41971,46395.209855,139185.629565,DEM_NONMEDICAL_INFORMAL,Social perspective only; never deducted from public payer cost,149349190467.70642,77944222517.98083,74674595233.85321,38972111258.99042,224023785701.55963,116916333776.97125
S7,2048,dementia,nonmedical_and_informal_care,avoided_prevalence_patient_year,1615940.1754167506,92790.41971,46395.209855,139185.629565,DEM_NONMEDICAL_INFORMAL,Social perspective only; never deducted from public payer cost,149943767103.17133,75975269519.64075,74971883551.58566,37987634759.82037,224915650654.757,113962904279.46112
S7,2049,dementia,nonmedical_and_informal_care,avoided_prevalence_patient_year,1622715.2855754264,92790.41971,46395.209855,139185.629565,DEM_NONMEDICAL_INFORMAL,Social perspective only; never deducted from public payer cost,150572432418.37634,74071659269.30006,75286216209.18817,37035829634.65003,225858648627.5645,111107488903.9501
S7,2050,dementia,nonmedical_and_informal_care,avoided_prevalence_patient_year,1631571.7294001223,92790.41971,46395.209855,139185.629565,DEM_NONMEDICAL_INFORMAL,Social perspective only; never deducted from public payer cost,151394225558.0079,72306725280.5604,75697112779.00395,36153362640.2802,227091338337.01187,108460087920.84059
S0,2025,hypertension,direct_medical,avoided_hypertension_patient_year,0.0,1237.191413,618.595706,1855.787119,HTN_SPECIFIC_PROXY,Excludes downstream IHD and stroke events,0.0,0.0,0.0,0.0,0.0,0.0
S0,2026,hypertension,direct_medical,avoided_hypertension_patient_year,0.0,1237.191413,618.595706,1855.787119,HTN_SPECIFIC_PROXY,Excludes downstream IHD and stroke events,0.0,0.0,0.0,0.0,0.0,0.0
S0,2027,hypertension,direct_medical,avoided_hypertension_patient_year,0.0,1237.191413,618.595706,1855.787119,HTN_SPECIFIC_PROXY,Excludes downstream IHD and stroke events,0.0,0.0,0.0,0.0,0.0,0.0
S0,2028,hypertension,direct_medical,avoided_hypertension_patient_year,0.0,1237.191413,618.595706,1855.787119,HTN_SPECIFIC_PROXY,Excludes downstream IHD and stroke events,0.0,0.0,0.0,0.0,0.0,0.0
S0,2029,hypertension,direct_medical,avoided_hypertension_patient_year,0.0,1237.191413,618.595706,1855.787119,HTN_SPECIFIC_PROXY,Excludes downstream IHD and stroke events,0.0,0.0,0.0,0.0,0.0,0.0
S0,2030,hypertension,direct_medical,avoided_hypertension_patient_year,0.0,1237.191413,618.595706,1855.787119,HTN_SPECIFIC_PROXY,Excludes downstream IHD and stroke events,0.0,0.0,0.0,0.0,0.0,0.0
S0,2031,hypertension,direct_medical,avoided_hypertension_patient_year,0.0,1237.191413,618.595706,1855.787119,HTN_SPECIFIC_PROXY,Excludes downstream IHD and stroke events,0.0,0.0,0.0,0.0,0.0,0.0
S0,2032,hypertension,direct_medical,avoided_hypertension_patient_year,0.0,1237.191413,618.595706,1855.787119,HTN_SPECIFIC_PROXY,Excludes downstream IHD and stroke events,0.0,0.0,0.0,0.0,0.0,0.0
S0,2033,hypertension,direct_medical,avoided_hypertension_patient_year,0.0,1237.191413,618.595706,1855.787119,HTN_SPECIFIC_PROXY,Excludes downstream IHD and stroke events,0.0,0.0,0.0,0.0,0.0,0.0
S0,2034,hypertension,direct_medical,avoided_hypertension_patient_year,0.0,1237.191413,618.595706,1855.787119,HTN_SPECIFIC_PROXY,Excludes downstream IHD and stroke events,0.0,0.0,0.0,0.0,0.0,0.0
S0,2035,hypertension,direct_medical,avoided_hypertension_patient_year,0.0,1237.191413,618.595706,1855.787119,HTN_SPECIFIC_PROXY,Excludes downstream IHD and stroke events,0.0,0.0,0.0,0.0,0.0,0.0
S0,2036,hypertension,direct_medical,avoided_hypertension_patient_year,0.0,1237.191413,618.595706,1855.787119,HTN_SPECIFIC_PROXY,Excludes downstream IHD and stroke events,0.0,0.0,0.0,0.0,0.0,0.0
S0,2037,hypertension,direct_medical,avoided_hypertension_patient_year,0.0,1237.191413,618.595706,1855.787119,HTN_SPECIFIC_PROXY,Excludes downstream IHD and stroke events,0.0,0.0,0.0,0.0,0.0,0.0
S0,2038,hypertension,direct_medical,avoided_hypertension_patient_year,0.0,1237.191413,618.595706,1855.787119,HTN_SPECIFIC_PROXY,Excludes downstream IHD and stroke events,0.0,0.0,0.0,0.0,0.0,0.0
S0,2039,hypertension,direct_medical,avoided_hypertension_patient_year,0.0,1237.191413,618.595706,1855.787119,HTN_SPECIFIC_PROXY,Excludes downstream IHD and stroke events,0.0,0.0,0.0,0.0,0.0,0.0
S0,2040,hypertension,direct_medical,avoided_hypertension_patient_year,0.0,1237.191413,618.595706,1855.787119,HTN_SPECIFIC_PROXY,Excludes downstream IHD and stroke events,0.0,0.0,0.0,0.0,0.0,0.0
S0,2041,hypertension,direct_medical,avoided_hypertension_patient_year,0.0,1237.191413,618.595706,1855.787119,HTN_SPECIFIC_PROXY,Excludes downstream IHD and stroke events,0.0,0.0,0.0,0.0,0.0,0.0
S0,2042,hypertension,direct_medical,avoided_hypertension_patient_year,0.0,1237.191413,618.595706,1855.787119,HTN_SPECIFIC_PROXY,Excludes downstream IHD and stroke events,0.0,0.0,0.0,0.0,0.0,0.0
S0,2043,hypertension,direct_medical,avoided_hypertension_patient_year,0.0,1237.191413,618.595706,1855.787119,HTN_SPECIFIC_PROXY,Excludes downstream IHD and stroke events,0.0,0.0,0.0,0.0,0.0,0.0
S0,2044,hypertension,direct_medical,avoided_hypertension_patient_year,0.0,1237.191413,618.595706,1855.787119,HTN_SPECIFIC_PROXY,Excludes downstream IHD and stroke events,0.0,0.0,0.0,0.0,0.0,0.0
S0,2045,hypertension,direct_medical,avoided_hypertension_patient_year,0.0,1237.191413,618.595706,1855.787119,HTN_SPECIFIC_PROXY,Excludes downstream IHD and stroke events,0.0,0.0,0.0,0.0,0.0,0.0
S0,2046,hypertension,direct_medical,avoided_hypertension_patient_year,0.0,1237.191413,618.595706,1855.787119,HTN_SPECIFIC_PROXY,Excludes downstream IHD and stroke events,0.0,0.0,0.0,0.0,0.0,0.0
S0,2047,hypertension,direct_medical,avoided_hypertension_patient_year,0.0,1237.191413,618.595706,1855.787119,HTN_SPECIFIC_PROXY,Excludes downstream IHD and stroke events,0.0,0.0,0.0,0.0,0.0,0.0
S0,2048,hypertension,direct_medical,avoided_hypertension_patient_year,0.0,1237.191413,618.595706,1855.787119,HTN_SPECIFIC_PROXY,Excludes downstream IHD and stroke events,0.0,0.0,0.0,0.0,0.0,0.0
S0,2049,hypertension,direct_medical,avoided_hypertension_patient_year,0.0,1237.191413,618.595706,1855.787119,HTN_SPECIFIC_PROXY,Excludes downstream IHD and stroke events,0.0,0.0,0.0,0.0,0.0,0.0
S0,2050,hypertension,direct_medical,avoided_hypertension_patient_year,0.0,1237.191413,618.595706,1855.787119,HTN_SPECIFIC_PROXY,Excludes downstream IHD and stroke events,0.0,0.0,0.0,0.0,0.0,0.0
S1,2025,hypertension,direct_medical,avoided_hypertension_patient_year,5610.866210097267,1237.191413,618.595706,1855.787119,HTN_SPECIFIC_PROXY,Excludes downstream IHD and stroke events,6941715.494624193,6941715.494624193,3470857.7445066627,3470857.7445066627,10412573.239130856,10412573.239130856
S1,2026,hypertension,direct_medical,avoided_hypertension_patient_year,34456.541976966786,1237.191413,618.595706,1855.787119,HTN_SPECIFIC_PROXY,Excludes downstream IHD and stroke events,42629337.85557735,41387706.65590034,21314668.910560403,20693853.311223693,63944006.76613776,62081559.96712404
S1,2027,hypertension,direct_medical,avoided_hypertension_patient_year,58745.78194308032,1237.191413,618.595706,1855.787119,HTN_SPECIFIC_PROXY,Excludes downstream IHD and stroke events,72679776.96994942,68507660.44862798,36339888.45560182,34253830.19662722,109019665.42555125,102761490.64525521
S1,2028,hypertension,direct_medical,avoided_hypertension_patient_year,84118.57810612573,1237.191413,618.595706,1855.787119,HTN_SPECIFIC_PROXY,Excludes downstream IHD and stroke events,104070782.50666855,95239508.59333444,52035391.21127498,47619754.258177005,156106173.71794355,142859262.85151145
S1,2029,hypertension,direct_medical,avoided_hypertension_patient_year,110491.37790346544,1237.191413,618.595706,1855.787119,HTN_SPECIFIC_PROXY,Excludes downstream IHD and stroke events,136698983.95270538,121455276.70521332,68349491.921107,60727638.30352157,205048475.8738124,182182915.0087349
S1,2030,hypertension,direct_medical,avoided_hypertension_patient_year,125271.29268846496,1237.191413,618.595706,1855.787119,HTN_SPECIFIC_PROXY,Excludes downstream IHD and stroke events,154984567.60957855,133691049.46400382,77492283.74215361,66845524.67797184,232476851.35173216,200536574.14197567
S1,2031,hypertension,direct_medical,avoided_hypertension_patient_year,127681.4967119544,1237.191413,618.595706,1855.787119,HTN_SPECIFIC_PROXY,Excludes downstream IHD and stroke events,157966451.33101773,132294416.07391204,78983225.6016681,66147207.983490385,236949676.93268585,198441624.05740243
S1,2032,hypertension,direct_medical,avoided_hypertension_patient_year,130129.77704705906,1237.191413,618.595706,1855.787119,HTN_SPECIFIC_PROXY,Excludes downstream IHD and stroke events,160995442.73822597,130904027.85541649,80497721.30404809,65452013.874804534,241493164.0422741,196356041.73022106
S1,2033,hypertension,direct_medical,avoided_hypertension_patient_year,132737.04784868655,1237.191413,618.595706,1855.787119,HTN_SPECIFIC_PROXY,Excludes downstream IHD and stroke events,164221135.78536513,129637681.05848992,82110567.82631403,64818840.47685303,246331703.61167917,194456521.53534296
S1,2034,hypertension,direct_medical,avoided_hypertension_patient_year,135343.6363553725,1237.191413,618.595706,1855.787119,HTN_SPECIFIC_PROXY,Excludes downstream IHD and stroke events,167445984.70306146,128333404.44018127,83722992.28385891,64166702.16822582,251168976.9869204,192500106.60840708
S1,2035,hypertension,direct_medical,avoided_hypertension_patient_year,137693.44966719474,1237.191413,618.595706,1855.787119,HTN_SPECIFIC_PROXY,Excludes downstream IHD and stroke events,170353153.55460104,126758744.94344603,85176576.70845379,63379372.42049458,255529730.26305485,190138117.36394063
S1,2036,hypertension,direct_medical,avoided_hypertension_patient_year,139782.3343913426,1237.191413,618.595706,1855.787119,HTN_SPECIFIC_PROXY,Excludes downstream IHD and stroke events,172937503.79806364,124933732.2656004,86468751.82914065,62466866.08230933,259406255.6272043,187400598.34790975
S1,2037,hypertension,direct_medical,avoided_hypertension_patient_year,141602.60489222745,1237.191413,618.595706,1855.787119,HTN_SPECIFIC_PROXY,Excludes downstream IHD and stroke events,175189526.8310956,122874409.33985744,87594763.34474649,61437204.6202701,262784290.1758421,184311613.96012756
S1,2038,hypertension,direct_medical,avoided_hypertension_patient_year,143131.8941871298,1237.191413,618.595706,1855.787119,HTN_SPECIFIC_PROXY,Excludes downstream IHD and stroke events,177081550.4147416,120583919.04298772,88540775.13580485,60291959.47276092,265622325.55054647,180875878.51574865
S1,2039,hypertension,direct_medical,avoided_hypertension_patient_year,144377.90385385824,1237.191413,618.595706,1855.787119,HTN_SPECIFIC_PROXY,Excludes downstream IHD and stroke events,178623102.87493303,118090913.84118918,89311551.36527754,59045456.87286917,267934654.2402106,177136370.71405837
S1,2040,hypertension,direct_medical,avoided_hypertension_patient_year,145354.41223319073,1237.191413,618.595706,1855.787119,HTN_SPECIFIC_PROXY,Excludes downstream IHD and stroke events,179831230.65656573,115426823.91197154,89915615.25560565,57713411.90933704,269746845.91217136,173140235.82130858
S1,2041,hypertension,direct_medical,avoided_hypertension_patient_year,146198.1472054748,1237.191413,618.595706,1855.787119,HTN_SPECIFIC_PROXY,Excludes downstream IHD and stroke events,180875092.31912336,112715377.66166364,90437546.0864626,56357688.785278894,271312638.40558594,169073066.44694254
S1,2042,hypertension,direct_medical,avoided_hypertension_patient_year,146930.5897509343,1237.191413,618.595706,1855.787119,HTN_SPECIFIC_PROXY,Excludes downstream IHD and stroke events,181781263.94688174,109980654.23431256,90890631.89997557,54990327.07270857,272671895.8468573,164970981.30702114
S1,2043,hypertension,direct_medical,avoided_hypertension_patient_year,147522.0384175581,1237.191413,618.595706,1855.787119,HTN_SPECIFIC_PROXY,Excludes downstream IHD and stroke events,182512999.15845898,107207151.52555387,91256499.50546847,53603575.71945011,273769498.6639275,160810727.245004
S1,2044,hypertension,direct_medical,avoided_hypertension_patient_year,147973.77361754875,1237.191413,618.595706,1855.787119,HTN_SPECIFIC_PROXY,Excludes downstream IHD and stroke events,183071882.06883726,104403336.24601841,91535940.96043174,52201668.08081552,274607823.02926904,156605004.32683396
S1,2045,hypertension,direct_medical,avoided_hypertension_patient_year,148341.6997744682,1237.191413,618.595706,1855.787119,HTN_SPECIFIC_PROXY,Excludes downstream IHD and stroke events,183527077.1507961,101614492.85508062,91763538.50122719,50807246.3864737,275290615.6520233,152421739.24155435
S1,2046,hypertension,direct_medical,avoided_hypertension_patient_year,148556.00569562428,1237.191413,618.595706,1855.787119,HTN_SPECIFIC_PROXY,Excludes downstream IHD and stroke events,183792214.59620544,98797371.87391329,91896107.22382471,49398685.89702855,275688321.82003015,148196057.77094185
S1,2047,hypertension,direct_medical,avoided_hypertension_patient_year,148637.84125658858,1237.191413,618.595706,1855.787119,HTN_SPECIFIC_PROXY,Excludes downstream IHD and stroke events,183893460.84950852,95972618.17870374,91946730.35043533,47986309.05056538,275840191.1999439,143958927.22926915
S1,2048,hypertension,direct_medical,avoided_hypertension_patient_year,148597.05701414478,1237.191413,618.595706,1855.787119,HTN_SPECIFIC_PROXY,Excludes downstream IHD and stroke events,183843002.93497133,93151732.59368603,91921501.39318714,46575866.25919656,275764504.3281585,139727598.8528826
S1,2049,hypertension,direct_medical,avoided_hypertension_patient_year,148470.6346194608,1237.191413,618.595706,1855.787119,HTN_SPECIFIC_PROXY,Excludes downstream IHD and stroke events,183686594.23385742,90361632.61694078,91843297.04269338,45180816.27195152,275529891.2765508,135542448.88889232
S1,2050,hypertension,direct_medical,avoided_hypertension_patient_year,148325.19841046227,1237.191413,618.595706,1855.787119,HTN_SPECIFIC_PROXY,Excludes downstream IHD and stroke events,183506661.80494517,87643803.6746576,91753330.82830998,43821901.80190833,275259992.6332552,131465705.47656594
S2,2025,hypertension,direct_medical,avoided_hypertension_patient_year,16832.59863028939,1237.191413,618.595706,1855.787119,HTN_SPECIFIC_PROXY,Excludes downstream IHD and stroke events,20825146.483869597,20825146.483869597,10412573.233518498,10412573.233518498,31237719.717388097,31237719.717388097
S2,2026,hypertension,direct_medical,avoided_hypertension_patient_year,103369.62593091113,1237.191413,618.595706,1855.787119,HTN_SPECIFIC_PROXY,Excludes downstream IHD and stroke events,127888013.56674539,124163119.96771397,63944006.73168787,62081559.93367755,191832020.29843327,186244679.90139154
S2,2027,hypertension,direct_medical,avoided_hypertension_patient_year,176237.34582925134,1237.191413,618.595706,1855.787119,HTN_SPECIFIC_PROXY,Excludes downstream IHD and stroke events,218039330.90986112,205522981.34589607,109019665.36681187,102761490.58988771,327058996.276673,308284471.9357838
S2,2028,hypertension,direct_medical,avoided_hypertension_patient_year,252355.7343184037,1237.191413,618.595706,1855.787119,HTN_SPECIFIC_PROXY,Excludes downstream IHD and stroke events,312212347.5200385,285718525.78003335,156106173.63384137,142859262.77454603,468318521.1538799,428577788.5545794
S2,2029,hypertension,direct_medical,avoided_hypertension_patient_year,331474.1337103816,1237.191413,618.595706,1855.787119,HTN_SPECIFIC_PROXY,Excludes downstream IHD and stroke events,410096951.8580979,364365830.1156238,205048475.76331186,182182914.9105566,615145427.6214098,546548745.0261804
S2,2030,hypertension,direct_medical,avoided_hypertension_patient_year,375813.87806540803,1237.191413,618.595706,1855.787119,HTN_SPECIFIC_PROXY,Excludes downstream IHD and stroke events,464953702.82875186,401073148.3920255,232476851.22646898,200536574.03392252,697430554.0552208,601609722.425948
S2,2031,hypertension,direct_medical,avoided_hypertension_patient_year,383044.49013587367,1237.191413,618.595706,1855.787119,HTN_SPECIFIC_PROXY,Excludes downstream IHD and stroke events,473899353.99306613,396883248.2217469,236949676.8050108,198441623.9504766,710849030.798077,595324872.1722236
S2,2032,hypertension,direct_medical,avoided_hypertension_patient_year,390389.3311411354,1237.191413,618.595706,1855.787119,HTN_SPECIFIC_PROXY,Excludes downstream IHD and stroke events,482986328.21462625,392712083.56620747,241493163.91211843,196356041.6243926,724479492.1267447,589068125.1906002
S2,2033,hypertension,direct_medical,avoided_hypertension_patient_year,398211.1435460241,1237.191413,618.595706,1855.787119,HTN_SPECIFIC_PROXY,Excludes downstream IHD and stroke events,492663407.3560514,388913043.175435,246331703.4789201,194456521.43054172,738995110.8349715,583369564.6059768
S2,2034,hypertension,direct_medical,avoided_hypertension_patient_year,406030.9090661185,1237.191413,618.595706,1855.787119,HTN_SPECIFIC_PROXY,Excludes downstream IHD and stroke events,502337954.10918564,385000213.3205448,251168976.85157734,192500106.50467792,753506930.960763,577500319.8252226
S2,2035,hypertension,direct_medical,avoided_hypertension_patient_year,413080.3490016511,1237.191413,618.595706,1855.787119,HTN_SPECIFIC_PROXY,Excludes downstream IHD and stroke events,511059460.6638859,380276234.83039963,255529730.12540275,190138117.2615145,766589190.7892886,570414352.0919142
S2,2036,hypertension,direct_medical,avoided_hypertension_patient_year,419347.0031740155,1237.191413,618.595706,1855.787119,HTN_SPECIFIC_PROXY,Excludes downstream IHD and stroke events,518812511.3941757,374801196.7967902,259406255.48741433,187400598.2469225,778218766.8815901,562201795.0437127
S2,2037,hypertension,direct_medical,avoided_hypertension_patient_year,424807.81467673444,1237.191413,618.595706,1855.787119,HTN_SPECIFIC_PROXY,Excludes downstream IHD and stroke events,525568580.4933512,368623228.0196175,262784290.0342717,184311613.8608329,788352870.5276229,552934841.8804505
S2,2038,hypertension,direct_medical,avoided_hypertension_patient_year,429395.6825613887,1237.191413,618.595706,1855.787119,HTN_SPECIFIC_PROXY,Excludes downstream IHD and stroke events,531244651.24422395,361751757.1289626,265622325.4074141,180875878.41828248,796866976.6516382,542627635.547245
S2,2039,hypertension,direct_medical,avoided_hypertension_patient_year,433133.7115615632,1237.191413,618.595706,1855.787119,HTN_SPECIFIC_PROXY,Excludes downstream IHD and stroke events,535869308.6247848,354272741.5235581,267934654.09582552,177136370.6186028,803803962.7206104,531409112.14216095
S2,2040,hypertension,direct_medical,avoided_hypertension_patient_year,436063.23669956054,1237.191413,618.595706,1855.787119,HTN_SPECIFIC_PROXY,Excludes downstream IHD and stroke events,539493691.9696828,346280471.7359054,269746845.76680976,173140235.72800648,809240537.7364925,519420707.4639119
S2,2041,hypertension,direct_medical,avoided_hypertension_patient_year,438594.441616413,1237.191413,618.595706,1855.787119,HTN_SPECIFIC_PROXY,Excludes downstream IHD and stroke events,542625276.957356,338146132.98498213,271312638.25938076,169073066.35583228,813937915.2167368,507219199.3408145
S2,2042,hypertension,direct_medical,avoided_hypertension_patient_year,440791.76925279235,1237.191413,618.595706,1855.787119,HTN_SPECIFIC_PROXY,Excludes downstream IHD and stroke events,545343791.8406321,329941962.70292974,272671895.6999202,164970981.21812177,818015687.5405524,494912943.92105156
S2,2043,hypertension,direct_medical,avoided_hypertension_patient_year,442566.11525266466,1237.191413,618.595706,1855.787119,HTN_SPECIFIC_PROXY,Excludes downstream IHD and stroke events,547538997.475365,321621454.5766546,273769498.51639944,160810727.15834683,821308495.9917645,482432181.7350015
S2,2044,hypertension,direct_medical,avoided_hypertension_patient_year,443921.3208526375,1237.191413,618.595706,1855.787119,HTN_SPECIFIC_PROXY,Excludes downstream IHD and stroke events,549215646.206501,313210008.7380491,274607822.8812898,156605004.24244347,823823469.0877908,469815012.9804926
S2,2045,hypertension,direct_medical,avoided_hypertension_patient_year,445025.0993233965,1237.191413,618.595706,1855.787119,HTN_SPECIFIC_PROXY,Excludes downstream IHD and stroke events,550581231.4523783,304843478.56523633,275290615.5036766,152421739.15941837,825871846.9560549,457265217.72465473
S2,2046,hypertension,direct_medical,avoided_hypertension_patient_year,445668.0170868649,1237.191413,618.595706,1855.787119,HTN_SPECIFIC_PROXY,Excludes downstream IHD and stroke events,551376643.7886065,296392115.6217346,275688321.6714693,148196057.69108304,827064965.4600759,444588173.3128177
S2,2047,hypertension,direct_medical,avoided_hypertension_patient_year,445913.5237697577,1237.191413,618.595706,1855.787119,HTN_SPECIFIC_PROXY,Excludes downstream IHD and stroke events,551680382.5485157,287917854.53610605,275840191.051301,143958927.15169352,827520573.5998167,431876781.68779963
S2,2048,hypertension,direct_medical,avoided_hypertension_patient_year,445791.1710424262,1237.191413,618.595706,1855.787119,HTN_SPECIFIC_PROXY,Excludes downstream IHD and stroke events,551529008.804904,279455197.781053,275764504.17955637,139727598.77758712,827293512.9844604,419182796.5586401
S2,2049,hypertension,direct_medical,avoided_hypertension_patient_year,445411.9038583742,1237.191413,618.595706,1855.787119,HTN_SPECIFIC_PROXY,Excludes downstream IHD and stroke events,551059782.7015622,271084897.8508174,275529891.1280751,135542448.8158521,826589673.8296373,406627346.6666694
S2,2050,hypertension,direct_medical,avoided_hypertension_patient_year,444975.59523137857,1237.191413,618.595706,1855.787119,HTN_SPECIFIC_PROXY,Excludes downstream IHD and stroke events,550519985.4148253,262931411.02396795,275259992.48492485,131465705.40572256,825779977.8997502,394397116.42969054
S3,2025,hypertension,direct_medical,avoided_hypertension_patient_year,13746.622214735991,1237.191413,618.595706,1855.787119,HTN_SPECIFIC_PROXY,Excludes downstream IHD and stroke events,17007202.96182641,17007202.96182641,8503601.474039894,8503601.474039894,25510804.435866307,25510804.435866307
S3,2026,hypertension,direct_medical,avoided_hypertension_patient_year,84418.52784358861,1237.191413,618.595706,1855.787119,HTN_SPECIFIC_PROXY,Excludes downstream IHD and stroke events,104441877.74618924,101399881.30697984,52220938.83088535,50699940.61251005,156662816.57707462,152099821.91948992
S3,2027,hypertension,direct_medical,avoided_hypertension_patient_year,143927.1657605507,1237.191413,618.595706,1855.787119,HTN_SPECIFIC_PROXY,Excludes downstream IHD and stroke events,178065453.57638094,167843768.09914312,89032726.71622689,83921883.98173898,267098180.29260784,251765652.08088213
S3,2028,hypertension,direct_medical,avoided_hypertension_patient_year,206090.51636002102,1237.191413,618.595706,1855.787119,HTN_SPECIFIC_PROXY,Excludes downstream IHD and stroke events,254973417.14135402,233336796.05368406,127486708.46763174,116668397.93254101,382460125.6089858,350005193.98622507
S3,2029,hypertension,direct_medical,avoided_hypertension_patient_year,270703.87586344173,1237.191413,618.595706,1855.787119,HTN_SPECIFIC_PROXY,Excludes downstream IHD and stroke events,334912510.6840681,297565427.92771924,167456255.2066821,148782713.84360117,502368765.89075017,446348141.7713204
S3,2030,hypertension,direct_medical,avoided_hypertension_patient_year,337606.13379541284,1237.191413,618.595706,1855.787119,HTN_SPECIFIC_PROXY,Excludes downstream IHD and stroke events,417683409.70781386,360297378.30549,208841704.68510383,180148689.00713396,626525114.3929178,540446067.312624
S3,2031,hypertension,direct_medical,avoided_hypertension_patient_year,406665.56702758255,1237.191413,618.595706,1855.787119,HTN_SPECIFIC_PROXY,Excludes downstream IHD and stroke events,503123147.4893011,421357715.1954179,251561573.54131773,210678857.4274209,754684721.0306189,632036572.6228389
S3,2032,hypertension,direct_medical,avoided_hypertension_patient_year,478226.93064788,1237.191413,618.595706,1855.787119,HTN_SPECIFIC_PROXY,Excludes downstream IHD and stroke events,591658252.0629036,481072302.36859316,295829125.7923384,240536150.98987547,887487377.8552421,721608453.3584688
S3,2033,hypertension,direct_medical,avoided_hypertension_patient_year,552849.8042897434,1237.191413,618.595706,1855.787119,HTN_SPECIFIC_PROXY,Excludes downstream IHD and stroke events,683981030.5460011,539940941.6085752,341990514.99657565,269970470.58607525,1025971545.5425768,809911412.1946505
S3,2034,hypertension,direct_medical,avoided_hypertension_patient_year,630024.6272342745,1237.191413,618.595706,1855.787119,HTN_SPECIFIC_PROXY,Excludes downstream IHD and stroke events,779461058.7927704,597391997.6690586,389730529.08137286,298695998.5930986,1169191587.8741434,896087996.2621572
S3,2035,hypertension,direct_medical,avoided_hypertension_patient_year,640963.0082009211,1237.191413,618.595706,1855.787119,HTN_SPECIFIC_PROXY,Excludes downstream IHD and stroke events,792993929.7968282,590061957.7118605,396496964.57793254,295030978.6174619,1189490894.3747609,885092936.3293226
S3,2036,hypertension,direct_medical,avoided_hypertension_patient_year,650686.7665916795,1237.191413,618.595706,1855.787119,HTN_SPECIFIC_PROXY,Excludes downstream IHD and stroke events,805024080.1799612,581566523.6963518,402512039.7646372,290783261.6131409,1207536119.9445984,872349785.3094927
S3,2037,hypertension,direct_medical,avoided_hypertension_patient_year,659160.1257733847,1237.191413,618.595706,1855.787119,HTN_SPECIFIC_PROXY,Excludes downstream IHD and stroke events,815507247.3988315,571980375.4770936,407753623.3698357,285990187.5073859,1223260870.7686672,857970562.9844795
S3,2038,hypertension,direct_medical,avoided_hypertension_patient_year,666278.9674410705,1237.191413,618.595706,1855.787119,HTN_SPECIFIC_PROXY,Excludes downstream IHD and stroke events,824314617.180599,561318143.145092,412157308.25715995,280659071.3456942,1236471925.437759,841977214.4907862
S3,2039,hypertension,direct_medical,avoided_hypertension_patient_year,672079.142439711,1237.191413,618.595706,1855.787119,HTN_SPECIFIC_PROXY,Excludes downstream IHD and stroke events,831490543.8828144,549713203.9307363,415745271.60536754,274856601.7432064,1247235815.488182,824569805.6739428
S3,2040,hypertension,direct_medical,avoided_hypertension_patient_year,676624.7889455045,1237.191413,618.595706,1855.787119,HTN_SPECIFIC_PROXY,Excludes downstream IHD and stroke events,837114378.7063154,537311865.3102288,418557189.0148453,268655932.43796456,1255671567.721161,805967797.7481935
S3,2041,hypertension,direct_medical,avoided_hypertension_patient_year,680552.3752414882,1237.191413,618.595706,1855.787119,HTN_SPECIFIC_PROXY,Excludes downstream IHD and stroke events,841973554.745523,524690083.0150466,420986777.0324853,262345041.29547444,1262960331.7780085,787035124.3105211
S3,2042,hypertension,direct_medical,avoided_hypertension_patient_year,683961.8952906039,1237.191413,618.595706,1855.787119,HTN_SPECIFIC_PROXY,Excludes downstream IHD and stroke events,846191783.6727402,511959945.46072847,423095891.4943891,255979972.5234601,1269287675.1671295,767939917.9841887
S3,2043,hypertension,direct_medical,avoided_hypertension_patient_year,686715.0888337396,1237.191413,618.595706,1855.787119,HTN_SPECIFIC_PROXY,Excludes downstream IHD and stroke events,849598011.0826348,499049290.35145813,424799005.19795984,249524644.97404268,1274397016.2805948,748573935.3255008
S3,2044,hypertension,direct_medical,avoided_hypertension_patient_year,688817.9161896978,1237.191413,618.595706,1855.787119,HTN_SPECIFIC_PROXY,Excludes downstream IHD and stroke events,852199611.0304478,485997530.2252217,426099805.17081493,242998764.9161992,1278299416.2012627,728996295.1414208
S3,2045,hypertension,direct_medical,avoided_hypertension_patient_year,690530.6124501592,1237.191413,618.595706,1855.787119,HTN_SPECIFIC_PROXY,Excludes downstream IHD and stroke events,854318544.1369678,473015464.24040693,427159271.72321856,236507731.9290384,1281477815.8601863,709523196.1694454
S3,2046,hypertension,direct_medical,avoided_hypertension_patient_year,691528.2065131408,1237.191413,618.595706,1855.787119,HTN_SPECIFIC_PROXY,Excludes downstream IHD and stroke events,855552758.9453485,459901766.0730729,427776379.1269101,229950882.85067117,1283329138.0722587,689852648.9237441
S3,2047,hypertension,direct_medical,avoided_hypertension_patient_year,691909.1510494293,1237.191413,618.595706,1855.787119,HTN_SPECIFIC_PROXY,Excludes downstream IHD and stroke events,856024060.2544739,446752537.62187207,428012029.7812823,223376268.6303849,1284036090.0357563,670128806.252257
S3,2048,hypertension,direct_medical,avoided_hypertension_patient_year,691719.3004008528,1237.191413,618.595706,1855.787119,HTN_SPECIFIC_PROXY,Excludes downstream IHD and stroke events,855789178.6623026,433621315.22361404,427894588.9852916,216810657.43656278,1283683767.6475942,650431972.6601769
S3,2049,hypertension,direct_medical,avoided_hypertension_patient_year,691130.8041535986,1237.191413,618.595706,1855.787119,HTN_SPECIFIC_PROXY,Excludes downstream IHD and stroke events,855061096.1586169,420633399.83186454,427530547.733743,210316699.74593696,1282591643.89236,630950099.5778015
S3,2050,hypertension,direct_medical,avoided_hypertension_patient_year,690453.7986007098,1237.191413,618.595706,1855.787119,HTN_SPECIFIC_PROXY,Excludes downstream IHD and stroke events,854223510.7020296,407981906.1055358,427111755.00578785,203990952.8878856,1281335265.7078176,611972858.9934216
S4,2025,hypertension,direct_medical,avoided_hypertension_patient_year,28054.33105047963,1237.191413,618.595706,1855.787119,HTN_SPECIFIC_PROXY,Excludes downstream IHD and stroke events,34708577.47311267,34708577.47311267,17354288.72252917,17354288.72252917,52062866.19564184,52062866.19564184
S4,2026,hypertension,direct_medical,avoided_hypertension_patient_year,172282.70988487144,1237.191413,618.595706,1855.787119,HTN_SPECIFIC_PROXY,Excludes downstream IHD and stroke events,213146689.27793315,206938533.27954674,106573344.55282521,103469266.55614097,319720033.8307584,310407799.83568776
S4,2027,hypertension,direct_medical,avoided_hypertension_patient_year,293728.90971543343,1237.191413,618.595706,1855.787119,HTN_SPECIFIC_PROXY,Excludes downstream IHD and stroke events,363398884.8497865,342538302.24317706,181699442.2780288,171269150.98315468,545098327.1278154,513807453.2263318
S4,2028,hypertension,direct_medical,avoided_hypertension_patient_year,420592.89053066896,1237.191413,618.595706,1855.787119,HTN_SPECIFIC_PROXY,Excludes downstream IHD and stroke events,520353912.53339267,476197542.96671784,260176956.05639985,238098771.29090783,780530868.5897926,714296314.2576257
S4,2029,hypertension,direct_medical,avoided_hypertension_patient_year,552456.8895172582,1237.191413,618.595706,1855.787119,HTN_SPECIFIC_PROXY,Excludes downstream IHD and stroke events,683494919.7634416,607276383.5259907,341747459.6054923,303638191.51756996,1025242379.3689338,910914575.0435606
S4,2030,hypertension,direct_medical,avoided_hypertension_patient_year,626356.4634423584,1237.191413,618.595706,1855.787119,HTN_SPECIFIC_PROXY,Excludes downstream IHD and stroke events,774922838.0479343,668455247.3200549,387461418.71078885,334227623.38987714,1162384256.7587233,1002682870.7099322
S4,2031,hypertension,direct_medical,avoided_hypertension_patient_year,638407.4835598017,1237.191413,618.595706,1855.787119,HTN_SPECIFIC_PROXY,Excludes downstream IHD and stroke events,789832256.6551254,661472080.3695909,394916128.0083589,330736039.9174673,1184748384.6634843,992208120.2870582
S4,2032,hypertension,direct_medical,avoided_hypertension_patient_year,650648.8852352287,1237.191413,618.595706,1855.787119,HTN_SPECIFIC_PROXY,Excludes downstream IHD and stroke events,804977213.6910474,654520139.2770154,402488606.52019924,327260069.37398916,1207465820.2112467,981780208.6510047
S4,2033,hypertension,direct_medical,avoided_hypertension_patient_year,663685.2392434158,1237.191413,618.595706,1855.787119,HTN_SPECIFIC_PROXY,Excludes downstream IHD and stroke events,821105678.9268047,648188405.292433,410552839.13155967,324094202.38425684,1231658518.0583644,972282607.67669
S4,2034,hypertension,direct_medical,avoided_hypertension_patient_year,676718.1817768704,1237.191413,618.595706,1855.787119,HTN_SPECIFIC_PROXY,Excludes downstream IHD and stroke events,837229923.5153171,641667022.2009138,418614961.4192994,320833510.8411328,1255844884.9346166,962500533.0420467
S4,2035,hypertension,direct_medical,avoided_hypertension_patient_year,688467.2483361108,1237.191413,618.595706,1855.787119,HTN_SPECIFIC_PROXY,Excludes downstream IHD and stroke events,851765767.7731749,633793724.7173563,425882883.5423538,316896862.102536,1277648651.3155286,950690586.8198924
S4,2036,hypertension,direct_medical,avoided_hypertension_patient_year,698911.6719566729,1237.191413,618.595706,1855.787119,HTN_SPECIFIC_PROXY,Excludes downstream IHD and stroke events,864687518.9902686,624668661.3279661,432343759.14567846,312334330.41152877,1297031278.1359472,937002991.739495
S4,2037,hypertension,direct_medical,avoided_hypertension_patient_year,708013.0244612264,1237.191413,618.595706,1855.787119,HTN_SPECIFIC_PROXY,Excludes downstream IHD and stroke events,875947634.1555883,614372046.6993645,437973816.7237876,307186023.1013892,1313921450.879376,921558069.8007538
S4,2038,hypertension,direct_medical,avoided_hypertension_patient_year,715659.4709356418,1237.191413,618.595706,1855.787119,HTN_SPECIFIC_PROXY,Excludes downstream IHD and stroke events,885407752.0736991,602919595.2149324,442703875.67901975,301459797.36380154,1328111627.752719,904379392.578734
S4,2039,hypertension,direct_medical,avoided_hypertension_patient_year,721889.5192692953,1237.191413,618.595706,1855.787119,HTN_SPECIFIC_PROXY,Excludes downstream IHD and stroke events,893115514.3746701,590454569.2059492,446557756.82639027,295227284.3643475,1339673271.2010605,885681853.5702968
S4,2040,hypertension,direct_medical,avoided_hypertension_patient_year,726772.0611659584,1237.191413,618.595706,1855.787119,HTN_SPECIFIC_PROXY,Excludes downstream IHD and stroke events,899156153.2828345,577134119.5598615,449578076.2780312,288567059.54668707,1348734229.5608659,865701179.1065487
S4,2041,hypertension,direct_medical,avoided_hypertension_patient_year,730990.7360273802,1237.191413,618.595706,1855.787119,HTN_SPECIFIC_PROXY,Excludes downstream IHD and stroke events,904375461.5956246,563576888.308323,452187730.43231684,281788443.92639685,1356563192.0279415,845365332.23472
S4,2042,hypertension,direct_medical,avoided_hypertension_patient_year,734652.9487546794,1237.191413,618.595706,1855.787119,HTN_SPECIFIC_PROXY,Excludes downstream IHD and stroke events,908906319.7344184,549903271.1715688,454453159.4998827,274951635.3635458,1363359479.234301,824854906.5351145
S4,2043,hypertension,direct_medical,avoided_hypertension_patient_year,737610.1920878002,1237.191413,618.595706,1855.787119,HTN_SPECIFIC_PROXY,Excludes downstream IHD and stroke events,912564995.792307,536035757.62777644,456282497.52734834,268017878.59725407,1368847493.3196554,804053636.2250305
S4,2044,hypertension,direct_medical,avoided_hypertension_patient_year,739868.8680877553,1237.191413,618.595706,1855.787119,HTN_SPECIFIC_PROXY,Excludes downstream IHD and stroke events,915359410.3442006,522016681.2301003,457679704.8021658,261008340.40408164,1373039115.1463664,783025021.6341819
S4,2045,hypertension,direct_medical,avoided_hypertension_patient_year,741708.4988723537,1237.191413,618.595706,1855.787119,HTN_SPECIFIC_PROXY,Excludes downstream IHD and stroke events,917635385.7539961,508072464.2754118,458817692.5061438,254036231.93237287,1376453078.2601402,762108696.2077848
S4,2046,hypertension,direct_medical,avoided_hypertension_patient_year,742780.0284781344,1237.191413,618.595706,1855.787119,HTN_SPECIFIC_PROXY,Excludes downstream IHD and stroke events,918961072.9810433,493986859.3695751,459480536.1191316,246993429.4851471,1378441609.1001751,740980288.8547223
S4,2047,hypertension,direct_medical,avoided_hypertension_patient_year,743189.2062829557,1237.191413,618.595706,1855.787119,HTN_SPECIFIC_PROXY,Excludes downstream IHD and stroke events,919467304.2475585,479863090.89352703,459733651.75218457,239931545.25283104,1379200955.9997432,719794636.1463581
S4,2048,hypertension,direct_medical,avoided_hypertension_patient_year,742985.2850707363,1237.191413,618.595706,1855.787119,HTN_SPECIFIC_PROXY,Excludes downstream IHD and stroke events,919215014.674872,465758662.9684379,459607506.96594334,232879331.29598668,1378822521.6408155,698637994.2644247
S4,2049,hypertension,direct_medical,avoided_hypertension_patient_year,742353.1730973164,1237.191413,618.595706,1855.787119,HTN_SPECIFIC_PROXY,Excludes downstream IHD and stroke events,918432971.1693025,451808163.08471143,459216485.21347463,225904081.35976142,1377649456.3827772,677712244.4444729
S4,2050,hypertension,direct_medical,avoided_hypertension_patient_year,741625.9920523237,1237.191413,618.595706,1855.787119,HTN_SPECIFIC_PROXY,Excludes downstream IHD and stroke events,917533309.024741,438219018.3732953,458766654.1415575,219109509.00954527,1376299963.1662986,657328527.3828406
S5,2025,hypertension,direct_medical,avoided_hypertension_patient_year,13466.078904223075,1237.191413,618.595706,1855.787119,HTN_SPECIFIC_PROXY,Excludes downstream IHD and stroke events,16660117.18708524,16660117.18708524,8330058.586809579,8330058.586809579,24990175.77389482,24990175.77389482
S5,2026,hypertension,direct_medical,avoided_hypertension_patient_year,82695.70074473479,1237.191413,618.595706,1855.787119,HTN_SPECIFIC_PROXY,Excludes downstream IHD and stroke events,102310410.85340358,99330495.97417824,51155205.38535394,49665247.94694557,153465616.23875752,148995743.9211238
S5,2027,hypertension,direct_medical,avoided_hypertension_patient_year,140989.87666341028,1237.191413,618.595706,1855.787119,HTN_SPECIFIC_PROXY,Excludes downstream IHD and stroke events,174431464.7279003,164418385.0767276,87215732.2934552,82209192.47191554,261647197.0213555,246627577.54864314
S5,2028,hypertension,direct_medical,avoided_hypertension_patient_year,201884.587454722,1237.191413,618.595706,1855.787119,HTN_SPECIFIC_PROXY,Excludes downstream IHD and stroke events,249769878.0160296,228574820.62402558,124884938.90707248,114287410.21963628,374654816.9231021,342862230.84366184
S5,2029,hypertension,direct_medical,avoided_hypertension_patient_year,265179.306968266,1237.191413,618.595706,1855.787119,HTN_SPECIFIC_PROXY,Excludes downstream IHD and stroke events,328077561.4864298,291492664.0924559,164038780.61062524,145746331.92842376,492116342.0970551,437238996.0208797
S5,2030,hypertension,direct_medical,avoided_hypertension_patient_year,300651.1024523223,1237.191413,618.595706,1855.787119,HTN_SPECIFIC_PROXY,Excludes downstream IHD and stroke events,371962962.26299644,320858518.713616,185981480.98117265,160429259.22713584,557944443.2441691,481287777.94075185
S5,2031,hypertension,direct_medical,avoided_hypertension_patient_year,306435.5921086927,1237.191413,618.595706,1855.787119,HTN_SPECIFIC_PROXY,Excludes downstream IHD and stroke events,379119483.19444513,317506598.577391,189559741.44400477,158753299.16037804,568679224.6384499,476259897.73776907
S5,2032,hypertension,direct_medical,avoided_hypertension_patient_year,312311.46491291677,1237.191413,618.595706,1855.787119,HTN_SPECIFIC_PROXY,Excludes downstream IHD and stroke events,386389062.5717114,314169666.8529745,193194531.12969995,157084833.29951832,579583593.7014114,471254500.15249276
S5,2033,hypertension,direct_medical,avoided_hypertension_patient_year,318568.9148368293,1237.191413,618.595706,1855.787119,HTN_SPECIFIC_PROXY,Excludes downstream IHD and stroke events,394130725.8848535,311130434.54035777,197065362.78314227,155565217.14443827,591196088.6679958,466695651.6847961
S5,2034,hypertension,direct_medical,avoided_hypertension_patient_year,324824.72725290887,1237.191413,618.595706,1855.787119,HTN_SPECIFIC_PROXY,Excludes downstream IHD and stroke events,401870363.2873659,308000170.65644914,200935181.48127058,154000085.203749,602805544.7686366,462000255.8601982
S5,2035,hypertension,direct_medical,avoided_hypertension_patient_year,330464.2792013271,1237.191413,618.595706,1855.787119,HTN_SPECIFIC_PROXY,Excludes downstream IHD and stroke events,408847568.5311164,304220987.86432546,204423784.10032606,152110493.8092145,613271352.6314425,456331481.67354
S5,2036,hypertension,direct_medical,avoided_hypertension_patient_year,335477.60253921343,1237.191413,618.595706,1855.787119,HTN_SPECIFIC_PROXY,Excludes downstream IHD and stroke events,415050009.11534184,299840957.43743306,207525004.3899321,149920478.59753844,622575013.505274,449761436.0349716
S5,2037,hypertension,direct_medical,avoided_hypertension_patient_year,339846.2517413895,1237.191413,618.595706,1855.787119,HTN_SPECIFIC_PROXY,Excludes downstream IHD and stroke events,420454864.3946834,294898582.4156957,210227432.02741855,147449291.08866718,630682296.422102,442347873.5043629
S5,2038,hypertension,direct_medical,avoided_hypertension_patient_year,343516.54604908987,1237.191413,618.595706,1855.787119,HTN_SPECIFIC_PROXY,Excludes downstream IHD and stroke events,424995720.99535304,289401405.70315224,212497860.32591823,144700702.73461708,637493581.3212713,434102108.43776935
S5,2039,hypertension,direct_medical,avoided_hypertension_patient_year,346506.9692492565,1237.191413,618.595706,1855.787119,HTN_SPECIFIC_PROXY,Excludes downstream IHD and stroke events,428695446.89983517,283418193.2188513,214347723.27666408,141709096.49488467,643043170.1764992,425127289.713736
S5,2040,hypertension,direct_medical,avoided_hypertension_patient_year,348850.5893596544,1237.191413,618.595706,1855.787119,HTN_SPECIFIC_PROXY,Excludes downstream IHD and stroke events,431594953.5757536,277024377.3887291,215797476.61345148,138512188.58240756,647392430.1892052,415536565.9711366
S5,2041,hypertension,direct_medical,avoided_hypertension_patient_year,350875.5532931364,1237.191413,618.595706,1855.787119,HTN_SPECIFIC_PROXY,Excludes downstream IHD and stroke events,434100221.5658922,270516906.38799036,217050110.60750833,135258453.08466816,651150332.1734006,405775359.4726586
S5,2042,hypertension,direct_medical,avoided_hypertension_patient_year,352633.4154022398,1237.191413,618.595706,1855.787119,HTN_SPECIFIC_PROXY,Excludes downstream IHD and stroke events,436275033.4725131,263953570.1623483,218137516.5599398,131976784.97449961,654412550.032453,395930355.1368479
S5,2043,hypertension,direct_medical,avoided_hypertension_patient_year,354052.8922021376,1237.191413,618.595706,1855.787119,HTN_SPECIFIC_PROXY,Excludes downstream IHD and stroke events,438031197.98029935,257297163.661328,219015598.8131232,128648581.7266796,657046796.7934226,385945745.38800764
S5,2044,hypertension,direct_medical,avoided_hypertension_patient_year,355137.0566821159,1237.191413,618.595706,1855.787119,HTN_SPECIFIC_PROXY,Excludes downstream IHD and stroke events,439372516.96520805,250568006.99044344,219686258.30503547,125284003.39395684,659058775.2702435,375852010.38440025
S5,2045,hypertension,direct_medical,avoided_hypertension_patient_year,356020.0794587232,1237.191413,618.595706,1855.787119,HTN_SPECIFIC_PROXY,Excludes downstream IHD and stroke events,440464985.16191006,243874782.85219318,220232492.40294495,121937391.32753673,660697477.564855,365812174.1797299
S5,2046,hypertension,direct_medical,avoided_hypertension_patient_year,356534.4136694979,1237.191413,618.595706,1855.787119,HTN_SPECIFIC_PROXY,Excludes downstream IHD and stroke events,441101315.0308926,237113692.49739164,220550657.33717906,118556846.15286839,661651972.3680717,355670538.65026003
S5,2047,hypertension,direct_medical,avoided_hypertension_patient_year,356730.81901581195,1237.191413,618.595706,1855.787119,HTN_SPECIFIC_PROXY,Excludes downstream IHD and stroke events,441344306.0388197,230334283.62888858,220672152.8410444,115167141.7213567,662016458.8798641,345501425.3502453
S5,2048,hypertension,direct_medical,avoided_hypertension_patient_year,356632.93683394644,1237.191413,618.595706,1855.787119,HTN_SPECIFIC_PROXY,Excludes downstream IHD and stroke events,441223207.04392993,223564158.22484583,220611603.3436485,111782079.02207142,661834810.3875785,335346237.2469173
S5,2049,hypertension,direct_medical,avoided_hypertension_patient_year,356329.5230867046,1237.191413,618.595706,1855.787119,HTN_SPECIFIC_PROXY,Excludes downstream IHD and stroke events,440847826.1612562,216867918.28065705,220423912.90246332,108433959.05268326,661271739.0637195,325301877.33334035
S5,2050,hypertension,direct_medical,avoided_hypertension_patient_year,355980.4761851077,1237.191413,618.595706,1855.787119,HTN_SPECIFIC_PROXY,Excludes downstream IHD and stroke events,440415988.33186626,210345128.8191772,220207993.98794287,105172564.32457948,660623982.3198092,315517693.14375675
S6,2025,hypertension,direct_medical,avoided_hypertension_patient_year,31420.850776538995,1237.191413,618.595706,1855.787119,HTN_SPECIFIC_PROXY,Excludes downstream IHD and stroke events,38873606.76988842,38873606.76988842,19436803.369233787,19436803.369233787,58310410.13912222,58310410.13912222
S6,2026,hypertension,direct_medical,avoided_hypertension_patient_year,192956.63507104773,1237.191413,618.595706,1855.787119,HTN_SPECIFIC_PROXY,Excludes downstream IHD and stroke events,238724291.9912749,231771157.2730824,119362145.89915912,115885578.54287292,358086437.890434,347656735.81595534
S6,2027,hypertension,direct_medical,avoided_hypertension_patient_year,328976.37888127525,1237.191413,618.595706,1855.787119,HTN_SPECIFIC_PROXY,Excludes downstream IHD and stroke events,407006751.0317483,383642898.5123464,203503375.35138592,191821449.10112727,610510126.3831342,575464347.6134738
S6,2028,hypertension,direct_medical,avoided_hypertension_patient_year,471064.03739435517,1237.191413,618.595706,1855.787119,HTN_SPECIFIC_PROXY,Excludes downstream IHD and stroke events,582796382.0374072,533341248.12273073,291398190.78317153,266670623.84582016,874194572.8205787,800011871.9685509
S6,2029,hypertension,direct_medical,avoided_hypertension_patient_year,618751.7162593161,1237.191413,618.595706,1855.787119,HTN_SPECIFIC_PROXY,Excludes downstream IHD and stroke events,765514310.1350384,680149549.5490953,382757154.7581433,340074774.49967116,1148271464.8931818,1020224324.0487666
S6,2030,hypertension,direct_medical,avoided_hypertension_patient_year,771671.1629609771,1237.191413,618.595706,1855.787119,HTN_SPECIFIC_PROXY,Excludes downstream IHD and stroke events,954704936.4750445,823536864.6982986,477352467.8516866,411768432.01632404,1432057404.3267312,1235305296.7146227
S6,2031,hypertension,direct_medical,avoided_hypertension_patient_year,929521.2960630441,1237.191413,618.595706,1855.787119,HTN_SPECIFIC_PROXY,Excludes downstream IHD and stroke events,1149995765.6898289,963103349.0180962,574997882.3801538,481551674.11981833,1724993648.0699828,1444655023.1379147
S6,2032,hypertension,direct_medical,avoided_hypertension_patient_year,1093090.1271951757,1237.191413,618.595706,1855.787119,HTN_SPECIFIC_PROXY,Excludes downstream IHD and stroke events,1352361719.0009491,1099593833.9853773,676180858.9539294,549796916.5482975,2028542577.9548788,1649390750.5336752
S6,2033,hypertension,direct_medical,avoided_hypertension_patient_year,1263656.695519454,1237.191413,618.595706,1855.787119,HTN_SPECIFIC_PROXY,Excludes downstream IHD and stroke events,1563385212.676624,1234150723.676783,781692605.7064837,617075361.3396204,2345077818.383108,1851226085.0164037
S6,2034,hypertension,direct_medical,avoided_hypertension_patient_year,1440056.2908211902,1237.191413,618.595706,1855.787119,HTN_SPECIFIC_PROXY,Excludes downstream IHD and stroke events,1781625277.2406073,1365467423.243554,890812637.9002755,682733711.0699354,2672437915.140883,2048201134.31349
S6,2035,hypertension,direct_medical,avoided_hypertension_patient_year,1465058.304459221,1237.191413,618.595706,1855.787119,HTN_SPECIFIC_PROXY,Excludes downstream IHD and stroke events,1812557553.8212879,1348713046.1985133,906278776.1781147,674356522.5541861,2718836329.9994025,2023069568.7526994
S6,2036,hypertension,direct_medical,avoided_hypertension_patient_year,1487284.037923813,1237.191413,618.595706,1855.787119,HTN_SPECIFIC_PROXY,Excludes downstream IHD and stroke events,1840055040.411308,1329294911.305924,920027519.4620118,664647455.115739,2760082559.87332,1993942366.421663
S6,2037,hypertension,direct_medical,avoided_hypertension_patient_year,1506651.7160534852,1237.191413,618.595706,1855.787119,HTN_SPECIFIC_PROXY,Excludes downstream IHD and stroke events,1864016565.483086,1307383715.3762438,932008281.9882171,653691857.1597542,2796024847.4713035,1961075572.535998
S6,2038,hypertension,direct_medical,avoided_hypertension_patient_year,1522923.3541510133,1237.191413,618.595706,1855.787119,HTN_SPECIFIC_PROXY,Excludes downstream IHD and stroke events,1884147696.4127915,1283012898.617349,942073847.444934,641506448.7901561,2826221543.8577256,1924519347.407505
S6,2039,hypertension,direct_medical,avoided_hypertension_patient_year,1536180.897005041,1237.191413,618.595706,1855.787119,HTN_SPECIFIC_PROXY,Excludes downstream IHD and stroke events,1900549814.589274,1256487323.270244,950274906.5265465,628243661.1273236,2850824721.115821,1884730984.3975677
S6,2040,hypertension,direct_medical,avoided_hypertension_patient_year,1546570.9461611402,1237.191413,618.595706,1855.787119,HTN_SPECIFIC_PROXY,Excludes downstream IHD and stroke events,1913404294.185848,1228141406.42337,956702146.3196385,614070702.7153424,2870106440.5054865,1842212109.1387124
S6,2041,hypertension,direct_medical,avoided_hypertension_patient_year,1555548.2862662454,1237.191413,618.595706,1855.787119,HTN_SPECIFIC_PROXY,Excludes downstream IHD and stroke events,1924510982.2754648,1199291618.3200963,962255490.359958,599645808.6753649,2886766472.635423,1798937426.9954615
S6,2042,hypertension,direct_medical,avoided_hypertension_patient_year,1563341.4749499382,1237.191413,618.595706,1855.787119,HTN_SPECIFIC_PROXY,Excludes downstream IHD and stroke events,1934152648.3948183,1170194161.0530837,967076323.4157383,585097080.0536181,2901228971.810557,1755291241.1067019
S6,2043,hypertension,direct_medical,avoided_hypertension_patient_year,1569634.4887628194,1237.191413,618.595706,1855.787119,HTN_SPECIFIC_PROXY,Excludes downstream IHD and stroke events,1941938311.0460052,1140684092.2318943,970969154.7381853,570342045.6549497,2912907465.7841907,1711026137.886844
S6,2044,hypertension,direct_medical,avoided_hypertension_patient_year,1574440.9512907239,1237.191413,618.595706,1855.787119,HTN_SPECIFIC_PROXY,Excludes downstream IHD and stroke events,1947884825.2124348,1110851497.6576395,973942411.8189969,555425748.379879,2921827237.0314317,1666277246.0375185
S6,2045,hypertension,direct_medical,avoided_hypertension_patient_year,1578355.6856003494,1237.191413,618.595706,1855.787119,HTN_SPECIFIC_PROXY,Excludes downstream IHD and stroke events,1952728100.88448,1081178203.978063,976364049.6530621,540589101.5520829,2929092150.5375423,1621767305.5301461
S6,2046,hypertension,direct_medical,avoided_hypertension_patient_year,1580635.9006014508,1237.191413,618.595706,1855.787119,HTN_SPECIFIC_PROXY,Excludes downstream IHD and stroke events,1955549163.3036366,1051204036.7384431,977774580.8615003,525602017.94438666,2933323744.165137,1576806054.6828299
S6,2047,hypertension,direct_medical,avoided_hypertension_patient_year,1581506.6309701107,1237.191413,618.595706,1855.787119,HTN_SPECIFIC_PROXY,Excludes downstream IHD and stroke events,1956626423.4387808,1021148657.4214131,978313210.928637,510574328.29801834,2934939634.367418,1531722985.7194314
S6,2048,hypertension,direct_medical,avoided_hypertension_patient_year,1581072.686630508,1237.191413,618.595706,1855.787119,HTN_SPECIFIC_PROXY,Excludes downstream IHD and stroke events,1956089551.2281044,991134434.7968241,978044774.8235158,495567216.99785376,2934134326.0516205,1486701651.794678
S6,2049,hypertension,direct_medical,avoided_hypertension_patient_year,1579727.55235107,1237.191413,618.595706,1855.787119,HTN_SPECIFIC_PROXY,Excludes downstream IHD and stroke events,1954425362.648252,961447771.0442543,977212680.5342621,480723885.13356644,2931638043.182514,1442171656.1778207
S6,2050,hypertension,direct_medical,avoided_hypertension_patient_year,1578180.1110873253,1237.191413,618.595706,1855.787119,HTN_SPECIFIC_PROXY,Excludes downstream IHD and stroke events,1952510881.604625,932530071.0983609,976255440.0132223,466265035.1723066,2928766321.6178474,1398795106.2706676
S7,2025,hypertension,direct_medical,avoided_hypertension_patient_year,84162.99315142525,1237.191413,618.595706,1855.787119,HTN_SPECIFIC_PROXY,Excludes downstream IHD and stroke events,104125732.41932113,104125732.41932113,52062866.16757906,52062866.16757906,156188598.5869002,156188598.5869002
S7,2026,hypertension,direct_medical,avoided_hypertension_patient_year,516848.1296545939,1237.191413,618.595706,1855.787119,HTN_SPECIFIC_PROXY,Excludes downstream IHD and stroke events,639440067.8337742,620815599.8386158,319720033.658463,310407799.66841066,959160101.4922373,931223399.5070266
S7,2027,hypertension,direct_medical,avoided_hypertension_patient_year,881186.7291462923,1237.191413,618.595706,1855.787119,HTN_SPECIFIC_PROXY,Excludes downstream IHD and stroke events,1090196654.5493498,1027614906.729522,545098326.8340814,513807452.9494594,1635294981.3834312,1541422359.6789813
S7,2028,hypertension,direct_medical,avoided_hypertension_patient_year,1261778.6715920474,1237.191413,618.595706,1855.787119,HTN_SPECIFIC_PROXY,Excludes downstream IHD and stroke events,1561061737.600228,1428592628.9001992,780530868.1692246,714296313.8727465,2341592605.769453,2142888942.7729461
S7,2029,hypertension,direct_medical,avoided_hypertension_patient_year,1657370.6685517624,1237.191413,618.595706,1855.787119,HTN_SPECIFIC_PROXY,Excludes downstream IHD and stroke events,2050484759.2903097,1821829150.577959,1025242378.8164693,910914574.5527031,3075727138.106779,2732743725.1306624
S7,2030,hypertension,direct_medical,avoided_hypertension_patient_year,1879069.3903270867,1237.191413,618.595706,1855.787119,HTN_SPECIFIC_PROXY,Excludes downstream IHD and stroke events,2324768514.143817,2005365741.960177,1162384256.1323736,1002682870.1696374,3487152770.2761908,3008048612.1298146
S7,2031,hypertension,direct_medical,avoided_hypertension_patient_year,1915222.4506793765,1237.191413,618.595706,1855.787119,HTN_SPECIFIC_PROXY,Excludes downstream IHD and stroke events,2369496769.9653406,1984416241.108743,1184748384.025059,992208119.752387,3554245153.9904,2976624360.86113
S7,2032,hypertension,direct_medical,avoided_hypertension_patient_year,1951946.65570569,1237.191413,618.595706,1855.787119,HTN_SPECIFIC_PROXY,Excludes downstream IHD and stroke events,2414931641.073147,1963560417.8310502,1207465819.5606,981780208.1219693,3622397460.6337476,2945340625.95302
S7,2033,hypertension,direct_medical,avoided_hypertension_patient_year,1991055.7177302253,1237.191413,618.595706,1855.787119,HTN_SPECIFIC_PROXY,Excludes downstream IHD and stroke events,2463317036.7803864,1944565215.8772774,1231658517.3946652,972282607.1527597,3694975554.175052,2916847823.0300374
S7,2034,hypertension,direct_medical,avoided_hypertension_patient_year,2030154.5453306062,1237.191413,618.595706,1855.787119,HTN_SPECIFIC_PROXY,Excludes downstream IHD and stroke events,2511689770.545945,1925001066.6027367,1255844884.2578952,962500532.5233961,3767534654.8038406,2887501599.126133
S7,2035,hypertension,direct_medical,avoided_hypertension_patient_year,2065401.7450082973,1237.191413,618.595706,1855.787119,HTN_SPECIFIC_PROXY,Excludes downstream IHD and stroke events,2555297303.319481,1901381174.1520367,1277648650.6270394,950690586.3075918,3832945953.946521,2852071760.4596286
S7,2036,hypertension,direct_medical,avoided_hypertension_patient_year,2096735.0158700256,1237.191413,618.595706,1855.787119,HTN_SPECIFIC_PROXY,Excludes downstream IHD and stroke events,2594062556.970814,1874005983.9839046,1297031277.4370396,937002991.2345893,3891093834.407854,2811008975.218494
S7,2037,hypertension,direct_medical,avoided_hypertension_patient_year,2124039.073383681,1237.191413,618.595706,1855.787119,HTN_SPECIFIC_PROXY,Excludes downstream IHD and stroke events,2627842902.466767,1843116140.098095,1313921450.1713638,921558069.3041683,3941764352.638131,2764674209.4022636
S7,2038,hypertension,direct_medical,avoided_hypertension_patient_year,2146978.4128069086,1237.191413,618.595706,1855.787119,HTN_SPECIFIC_PROXY,Excludes downstream IHD and stroke events,2656223256.2210765,1808758785.6447833,1328111627.037049,904379392.0913978,3984334883.258126,2713138177.7361813
S7,2039,hypertension,direct_medical,avoided_hypertension_patient_year,2165668.5578078516,1237.191413,618.595706,1855.787119,HTN_SPECIFIC_PROXY,Excludes downstream IHD and stroke events,2679346543.123968,1771363707.6178195,1339673270.4791496,885681853.0930287,4019019813.603118,2657045560.7108483
S7,2040,hypertension,direct_medical,avoided_hypertension_patient_year,2180316.1834978415,1237.191413,618.595706,1855.787119,HTN_SPECIFIC_PROXY,Excludes downstream IHD and stroke events,2697468459.8484616,1731402358.6795576,1348734228.8340726,865701178.6400477,4046202688.6825347,2597103537.319606
S7,2041,hypertension,direct_medical,avoided_hypertension_patient_year,2192972.208082107,1237.191413,618.595706,1855.787119,HTN_SPECIFIC_PROXY,Excludes downstream IHD and stroke events,2713126384.786832,1690730664.9249432,1356563191.2969296,845365331.7791775,4069689576.0837617,2536095996.7041206
S7,2042,hypertension,direct_medical,avoided_hypertension_patient_year,2203958.846264005,1237.191413,618.595706,1855.787119,HTN_SPECIFIC_PROXY,Excludes downstream IHD and stroke events,2726718959.203214,1649709813.5146813,1363359478.4996276,824854906.0906249,4090078437.702842,2474564719.6053066
S7,2043,hypertension,direct_medical,avoided_hypertension_patient_year,2212830.5762633686,1237.191413,618.595706,1855.787119,HTN_SPECIFIC_PROXY,Excludes downstream IHD and stroke events,2737694987.376881,1608107272.883306,1368847492.5820253,804053635.7917507,4106542479.9589067,2412160908.675057
S7,2044,hypertension,direct_medical,avoided_hypertension_patient_year,2219606.604263234,1237.191413,618.595706,1855.787119,HTN_SPECIFIC_PROXY,Excludes downstream IHD and stroke events,2746078231.0325623,1566050043.6902783,1373039114.4064777,783025021.2122337,4119117345.43904,2349075064.902512
S7,2045,hypertension,direct_medical,avoided_hypertension_patient_year,2225125.4966170304,1237.191413,618.595706,1855.787119,HTN_SPECIFIC_PROXY,Excludes downstream IHD and stroke events,2752906157.2619505,1524217392.8262143,1376453077.5184124,762108695.797108,4129359234.780363,2286326088.6233225
S7,2046,hypertension,direct_medical,avoided_hypertension_patient_year,2228340.0854343725,1237.191413,618.595706,1855.787119,HTN_SPECIFIC_PROXY,Excludes downstream IHD and stroke events,2756883218.943092,1481960578.1087048,1378441608.3573759,740980288.4554311,4135324827.3004684,2222940866.5641365
S7,2047,hypertension,direct_medical,avoided_hypertension_patient_year,2229567.6188488365,1237.191413,618.595706,1855.787119,HTN_SPECIFIC_PROXY,Excludes downstream IHD and stroke events,2758401912.7426376,1439589272.6805613,1379200955.2565348,719794635.7584832,4137602867.9991727,2159383908.4390445
S7,2048,hypertension,direct_medical,avoided_hypertension_patient_year,2228955.855212178,1237.191413,618.595706,1855.787119,HTN_SPECIFIC_PROXY,Excludes downstream IHD and stroke events,2757645044.024578,1397275988.9052944,1378822520.897811,698637993.8879504,4136467564.922389,2095913982.7932448
S7,2049,hypertension,direct_medical,avoided_hypertension_patient_year,2227059.519291918,1237.191413,618.595706,1855.787119,HTN_SPECIFIC_PROXY,Excludes downstream IHD and stroke events,2755298913.507869,1355424489.2541153,1377649455.6404045,677712244.0792747,4132948369.148273,2033136733.3333898
S7,2050,hypertension,direct_medical,avoided_hypertension_patient_year,2224877.976156939,1237.191413,618.595706,1855.787119,HTN_SPECIFIC_PROXY,Excludes downstream IHD and stroke events,2752599927.0741835,1314657055.1198668,1376299962.4246526,657328527.0286263,4128899889.4988365,1971985582.1484933
