scenario_id,year,newly_active_equivalent_persons,population_20_69,retirement_bound_survivor_stock,employment_ratio_proxy,output_per_worker_2025_cny,variant,days_saved_per_newly_active_worker,labour_output_elasticity,mortality_stock_factor,activity_productivity_gain_2025_cny,mortality_labour_supply_gain_2025_cny,gdp_equivalent_gain_2025_cny,discounted_gdp_equivalent_gain_2025_cny
S0,2025,0.0,972144522.0,0.0,0.7458150342794402,193351.9529956968,LOW,3.04,0.5,0.5,0.0,0.0,0.0,0.0
S0,2026,0.0,969882870.0,0.0,0.7458150342794402,193351.9529956968,LOW,3.04,0.5,0.5,0.0,0.0,0.0,0.0
S0,2027,0.0,967732780.5,0.0,0.7458150342794402,193351.9529956968,LOW,3.04,0.5,0.5,0.0,0.0,0.0,0.0
S0,2028,0.0,966340604.0,0.0,0.7458150342794402,193351.9529956968,LOW,3.04,0.5,0.5,0.0,0.0,0.0,0.0
S0,2029,0.0,967665478.5,0.0,0.7458150342794402,193351.9529956968,LOW,3.04,0.5,0.5,0.0,0.0,0.0,0.0
S0,2030,0.0,970470777.5,0.0,0.7458150342794402,193351.9529956968,LOW,3.04,0.5,0.5,0.0,0.0,0.0,0.0
S0,2031,0.0,973536996.5,0.0,0.7458150342794402,193351.9529956968,LOW,3.04,0.5,0.5,0.0,0.0,0.0,0.0
S0,2032,0.0,974008198.5,0.0,0.7458150342794402,193351.9529956968,LOW,3.04,0.5,0.5,0.0,0.0,0.0,0.0
S0,2033,0.0,968958256.0,0.0,0.7458150342794402,193351.9529956968,LOW,3.04,0.5,0.5,0.0,0.0,0.0,0.0
S0,2034,0.0,962514487.0,0.0,0.7458150342794402,193351.9529956968,LOW,3.04,0.5,0.5,0.0,0.0,0.0,0.0
S0,2035,0.0,956699674.5,0.0,0.7458150342794402,193351.9529956968,LOW,3.04,0.5,0.5,0.0,0.0,0.0,0.0
S0,2036,0.0,950836112.5,0.0,0.7458150342794402,193351.9529956968,LOW,3.04,0.5,0.5,0.0,0.0,0.0,0.0
S0,2037,0.0,946098334.5,0.0,0.7458150342794402,193351.9529956968,LOW,3.04,0.5,0.5,0.0,0.0,0.0,0.0
S0,2038,0.0,938918343.0,0.0,0.7458150342794402,193351.9529956968,LOW,3.04,0.5,0.5,0.0,0.0,0.0,0.0
S0,2039,0.0,928614752.0,0.0,0.7458150342794402,193351.9529956968,LOW,3.04,0.5,0.5,0.0,0.0,0.0,0.0
S0,2040,0.0,916493912.0,0.0,0.7458150342794402,193351.9529956968,LOW,3.04,0.5,0.5,0.0,0.0,0.0,0.0
S0,2041,0.0,902630241.5,0.0,0.7458150342794402,193351.9529956968,LOW,3.04,0.5,0.5,0.0,0.0,0.0,0.0
S0,2042,0.0,888491026.5,0.0,0.7458150342794402,193351.9529956968,LOW,3.04,0.5,0.5,0.0,0.0,0.0,0.0
S0,2043,0.0,874210052.5,0.0,0.7458150342794402,193351.9529956968,LOW,3.04,0.5,0.5,0.0,0.0,0.0,0.0
S0,2044,0.0,860618127.5,0.0,0.7458150342794402,193351.9529956968,LOW,3.04,0.5,0.5,0.0,0.0,0.0,0.0
S0,2045,0.0,848510239.5,0.0,0.7458150342794402,193351.9529956968,LOW,3.04,0.5,0.5,0.0,0.0,0.0,0.0
S0,2046,0.0,837524534.5,0.0,0.7458150342794402,193351.9529956968,LOW,3.04,0.5,0.5,0.0,0.0,0.0,0.0
S0,2047,0.0,827405193.5,0.0,0.7458150342794402,193351.9529956968,LOW,3.04,0.5,0.5,0.0,0.0,0.0,0.0
S0,2048,0.0,817788496.5,0.0,0.7458150342794402,193351.9529956968,LOW,3.04,0.5,0.5,0.0,0.0,0.0,0.0
S0,2049,0.0,807675532.5,0.0,0.7458150342794402,193351.9529956968,LOW,3.04,0.5,0.5,0.0,0.0,0.0,0.0
S0,2050,0.0,796875138.0,0.0,0.7458150342794402,193351.9529956968,LOW,3.04,0.5,0.5,0.0,0.0,0.0,0.0
S1,2025,499846.3232420512,972144522.0,0.0,0.7458150342794402,193351.9529956968,LOW,3.04,0.5,0.5,394423050.30089885,0.0,394423050.30089885,394423050.30089885
S1,2026,1509531.4424362124,969882870.0,70.26253998111939,0.7458150342794402,193351.9529956968,LOW,3.04,0.5,0.5,1191154097.5014563,2279743.889704614,1193433841.391161,1158673632.418603
S1,2027,2530810.2988901706,967732780.5,303.1059264864413,0.7458150342794402,193351.9529956968,LOW,3.04,0.5,0.5,1997033630.9502196,9834598.692651927,2006868229.6428716,1891665783.4318707
S1,2028,3565474.0424413537,966340604.0,837.5169058086879,0.7458150342794402,193351.9529956968,LOW,3.04,0.5,0.5,2813475026.6181116,27174139.29320994,2840649165.9113216,2599596391.3322554
S1,2029,4625042.480261402,967665478.5,1784.2093007673911,0.7458150342794402,193351.9529956968,LOW,3.04,0.5,0.5,3649568433.3613763,57890595.080559455,3707459028.4419355,3294029327.448743
S1,2030,5190595.264623705,970470777.5,2882.2186155393397,0.7458150342794402,193351.9529956968,LOW,3.04,0.5,0.5,4095839705.034462,93516691.53057025,4189356396.565032,3613775628.5929837
S1,2031,5243209.151432812,973536996.5,3976.87086577551,0.7458150342794402,193351.9529956968,LOW,3.04,0.5,0.5,4137356724.88335,129033864.4010344,4266390589.2843843,3573034951.3889704
S1,2032,5281931.919480901,974008198.5,4990.397836166868,0.7458150342794402,193351.9529956968,LOW,3.04,0.5,0.5,4167912420.8631825,161918840.07116267,4329831260.934345,3520549043.814805
S1,2033,5291368.492613283,968958256.0,5955.682168389887,0.7458150342794402,193351.9529956968,LOW,3.04,0.5,0.5,4175358713.4259057,193238531.3149515,4368597244.740857,3448611005.996848
S1,2034,5293496.046575087,962514487.0,6874.30624958163,0.7458150342794402,193351.9529956968,LOW,3.04,0.5,0.5,4177037542.06638,223044280.38970944,4400081822.456089,3372296332.4113855
S1,2035,5291036.869748319,956699674.5,7680.874902840995,0.7458150342794402,193351.9529956968,LOW,3.04,0.5,0.5,4175097033.5937915,249214270.25044352,4424311303.844235,3292103118.7992907
S1,2036,5282021.668315,950836112.5,8359.297494377639,0.7458150342794402,193351.9529956968,LOW,3.04,0.5,0.5,4167983240.6477056,271226422.9296497,4439209663.577355,3206979512.2511144
S1,2037,5274132.544403551,946098334.5,8879.07721838798,0.7458150342794402,193351.9529956968,LOW,3.04,0.5,0.5,4161758022.670362,288091236.67141515,4449849259.341777,3121034740.3939247
S1,2038,5246715.156101448,938918343.0,9324.756552906592,0.7458150342794402,193351.9529956968,LOW,3.04,0.5,0.5,4140123273.30328,302551783.35688156,4442675056.660161,3025245532.9870024
S1,2039,5195876.368160725,928614752.0,9712.00183699874,0.7458150342794402,193351.9529956968,LOW,3.04,0.5,0.5,4100006963.7881436,315116374.2535845,4415123338.041728,2918916653.664724
S1,2040,5129232.473872072,916493912.0,10016.754233082951,0.7458150342794402,193351.9529956968,LOW,3.04,0.5,0.5,4047419024.561606,325004394.4280973,4372423418.989703,2806492210.555744
S1,2041,5055605.676287639,902630241.5,10227.532921810322,0.7458150342794402,193351.9529956968,LOW,3.04,0.5,0.5,3989320955.741609,331843336.3142759,4321164292.055885,2692806725.7477164
S1,2042,4983861.10791112,888491026.5,10352.076412567396,0.7458150342794402,193351.9529956968,LOW,3.04,0.5,0.5,3932708132.588192,335884284.19535476,4268592416.783547,2582568612.7623224
S1,2043,4911945.406605334,874210052.5,10478.672254870811,0.7458150342794402,193351.9529956968,LOW,3.04,0.5,0.5,3875960270.386112,339991822.8358704,4215952093.2219825,2476427525.52717
S1,2044,4843317.0699869655,860618127.5,10635.396288317219,0.7458150342794402,193351.9529956968,LOW,3.04,0.5,0.5,3821806430.280769,345076903.13207537,4166883333.412844,2376315340.400839
S1,2045,4782264.992774395,848510239.5,10828.520267809414,0.7458150342794402,193351.9529956968,LOW,3.04,0.5,0.5,3773630930.328702,351343018.93604547,4124973949.2647476,2283898062.358142
S1,2046,4725577.219479353,837524534.5,11056.356385170395,0.7458150342794402,193351.9529956968,LOW,3.04,0.5,0.5,3728899252.974803,358735407.4911318,4087634660.4659348,2197305051.9142504
S1,2047,4672474.200334732,827405193.5,11302.306466913913,0.7458150342794402,193351.9529956968,LOW,3.04,0.5,0.5,3686996264.36151,366715523.15700155,4053711787.5185113,2115601782.64525
S1,2048,4621205.570952874,817788496.5,11571.384341913548,0.7458150342794402,193351.9529956968,LOW,3.04,0.5,0.5,3646540771.8525715,375446045.019006,4021986816.8715773,2037907532.4018397
S1,2049,4566210.118808899,807675532.5,11841.05684048148,0.7458150342794402,193351.9529956968,LOW,3.04,0.5,0.5,3603144485.8768926,384195860.08400106,3987340345.9608936,1961507234.4458125
S1,2050,4506295.868879668,796875138.0,12079.31223028107,0.7458150342794402,193351.9529956968,LOW,3.04,0.5,0.5,3555866832.496748,391926313.1708203,3947793145.667568,1885487992.663835
S2,2025,1499538.9697261713,972144522.0,0.0,0.7458150342794402,193351.9529956968,LOW,3.04,0.5,0.5,1183269150.9027104,0.0,1183269150.9027104,1183269150.9027104
S2,2026,4528594.327308641,969882870.0,210.78761994335954,0.7458150342794402,193351.9529956968,LOW,3.04,0.5,0.5,3573462292.5043707,6839231.6691138875,3580301524.173485,3476020897.2558103
S2,2027,7592430.89667053,967732780.5,909.3177794593669,0.7458150342794402,193351.9529956968,LOW,3.04,0.5,0.5,5991100892.850673,29503796.077957176,6020604688.92863,5674997350.295627
S2,2028,10696422.127324032,966340604.0,2512.550717426102,0.7458150342794402,193351.9529956968,LOW,3.04,0.5,0.5,8440425079.854311,81522417.87963107,8521947497.733942,7798789173.996746
S2,2029,13875127.440784195,967665478.5,5352.627902302194,0.7458150342794402,193351.9529956968,LOW,3.04,0.5,0.5,10948705300.08412,173671785.24167904,11122377085.325798,9882087982.346222
S2,2030,15571785.7938711,970470777.5,8646.655846618105,0.7458150342794402,193351.9529956968,LOW,3.04,0.5,0.5,12287519115.10337,280550074.5917136,12568069189.695084,10841326885.77894
S2,2031,15729627.454298433,973536996.5,11930.61259732651,0.7458150342794402,193351.9529956968,LOW,3.04,0.5,0.5,12412070174.650047,387101593.2031025,12799171767.85315,10719104854.166908
S2,2032,15845795.758442678,974008198.5,14971.193508500763,0.7458150342794402,193351.9529956968,LOW,3.04,0.5,0.5,12503737262.589529,485756520.21349317,12989493782.803022,10561647131.444405
S2,2033,15874105.477839807,968958256.0,17867.046505169765,0.7458150342794402,193351.9529956968,LOW,3.04,0.5,0.5,12526076140.277683,579715593.944858,13105791734.222542,10345833017.990522
S2,2034,15880488.139725273,962514487.0,20622.9187487452,0.7458150342794402,193351.9529956968,LOW,3.04,0.5,0.5,12531112626.199152,669132841.1691384,13200245467.36829,10116888997.234175
S2,2035,15873110.609244961,956699674.5,23042.624708523177,0.7458150342794402,193351.9529956968,LOW,3.04,0.5,0.5,12525291100.78138,747642810.7513367,13272933911.532717,9876309356.39788
S2,2036,15846065.004945017,950836112.5,25077.89248313306,0.7458150342794402,193351.9529956968,LOW,3.04,0.5,0.5,12503949721.94313,813679268.7889538,13317628990.732084,9620938536.753355
S2,2037,15822397.633210609,946098334.5,26637.231655163974,0.7458150342794402,193351.9529956968,LOW,3.04,0.5,0.5,12485274068.01105,864273710.0142467,13349547778.025295,9363104221.18175
S2,2038,15740145.46830435,938918343.0,27974.269658719968,0.7458150342794402,193351.9529956968,LOW,3.04,0.5,0.5,12420369819.909843,907655350.0706509,13328025169.980494,9075736598.961014
S2,2039,15587629.104482178,928614752.0,29136.00551099624,0.7458150342794402,193351.9529956968,LOW,3.04,0.5,0.5,12300020891.364433,945349122.7607542,13245370014.125187,8756749960.994173
S2,2040,15387697.421616219,916493912.0,30050.262699248527,0.7458150342794402,193351.9529956968,LOW,3.04,0.5,0.5,12142257073.684818,975013183.2842815,13117270256.969099,8419476631.667226
S2,2041,15166817.028862923,902630241.5,30682.59876543051,0.7458150342794402,193351.9529956968,LOW,3.04,0.5,0.5,11967962867.224834,995530008.9428129,12963492876.167648,8078420177.243145
S2,2042,14951583.323733367,888491026.5,31056.22923770178,0.7458150342794402,193351.9529956968,LOW,3.04,0.5,0.5,11798124397.764584,1007652852.5860511,12805777250.350636,7747705838.286963
S2,2043,14735836.219816009,874210052.5,31436.01676461194,0.7458150342794402,193351.9529956968,LOW,3.04,0.5,0.5,11627880811.158342,1019975468.5075952,12647856279.665937,7429282576.581505
S2,2044,14529951.209960904,860618127.5,31906.188864951226,0.7458150342794402,193351.9529956968,LOW,3.04,0.5,0.5,11465419290.842312,1035230709.3962123,12500650000.238523,7128946021.202512
S2,2045,14346794.978323193,848510239.5,32485.560803427772,0.7458150342794402,193351.9529956968,LOW,3.04,0.5,0.5,11320892790.986115,1054029056.8081212,12374921847.794235,6851694187.074421
S2,2046,14176731.658438066,837524534.5,33169.06915551072,0.7458150342794402,193351.9529956968,LOW,3.04,0.5,0.5,11186697758.924414,1076206222.47338,12262903981.397793,6591915155.742744
S2,2047,14017422.601004202,827405193.5,33906.91940074116,0.7458150342794402,193351.9529956968,LOW,3.04,0.5,0.5,11060988793.084532,1100146569.470986,12161135362.555517,6346805347.935741
S2,2048,13863616.712858627,817788496.5,34714.15302574001,0.7458150342794402,193351.9529956968,LOW,3.04,0.5,0.5,10939622315.557718,1126338135.0569973,12065960450.614716,6113722597.205511
S2,2049,13698630.356426701,807675532.5,35523.1705214437,0.7458150342794402,193351.9529956968,LOW,3.04,0.5,0.5,10809433457.630678,1152587580.2519794,11962021037.882658,5884521703.337426
S2,2050,13518887.606639007,796875138.0,36237.93669084243,0.7458150342794402,193351.9529956968,LOW,3.04,0.5,0.5,10667600497.490246,1175778939.5124357,11843379437.002682,5656463977.991494
S3,2025,1224623.4919430215,972144522.0,0.0,0.7458150342794402,193351.9529956968,LOW,3.04,0.5,0.5,966336473.2371992,0.0,966336473.2371992,966336473.2371992
S3,2026,3698352.033968722,969882870.0,172.14322295374458,0.7458150342794402,193351.9529956968,LOW,3.04,0.5,0.5,2918327538.8785686,5585372.529776372,2923912911.408345,2838750399.4255776
S3,2027,6200485.232280945,967732780.5,742.6095198918104,0.7458150342794402,193351.9529956968,LOW,3.04,0.5,0.5,4892732395.828059,24094766.79699817,4916827162.625057,4634581169.408104
S3,2028,8735411.403981289,966340604.0,2051.916419231286,0.7458150342794402,193351.9529956968,LOW,3.04,0.5,0.5,6893013815.214351,66576641.26836438,6959590456.482715,6369011158.764005
S3,2029,11331354.07664043,967665478.5,4371.312786880063,0.7458150342794402,193351.9529956968,LOW,3.04,0.5,0.5,8941442661.735369,141831957.9473692,9083274619.682737,8070371852.249416
S3,2030,13988654.238160858,970470777.5,7346.845177056195,0.7458150342794402,193351.9529956968,LOW,3.04,0.5,0.5,11038288005.067854,238376315.53741676,11276664320.60527,9727349701.505587
S3,2031,16699621.14731351,973536996.5,10950.693155503213,0.7458150342794402,193351.9529956968,LOW,3.04,0.5,0.5,13177481168.753471,355307050.043978,13532788218.79745,11333497082.276896
S3,2032,19411099.804092273,974008198.5,15056.314366204257,0.7458150342794402,193351.9529956968,LOW,3.04,0.5,0.5,15317078146.672167,488518358.24679095,15805596504.918959,12851396349.867785
S3,2033,22038549.771734282,968958256.0,19663.551238094093,0.7458150342794402,193351.9529956968,LOW,3.04,0.5,0.5,17390369041.418865,638005127.5826995,18028374169.001564,14231765048.676659
S3,2034,24641224.096807037,962514487.0,24657.899621087083,0.7458150342794402,193351.9529956968,LOW,3.04,0.5,0.5,19444109758.319004,800052147.4064056,20244161905.72541,15515464416.821396
S3,2035,24629776.628678452,956699674.5,29064.648864148192,0.7458150342794402,193351.9529956968,LOW,3.04,0.5,0.5,19435076691.37912,943033879.3937287,20378110570.77285,15163228072.804705
S3,2036,24587810.866006345,950836112.5,32852.887794029,0.7458150342794402,193351.9529956968,LOW,3.04,0.5,0.5,19401961985.21508,1065947377.1901021,20467909362.40518,14786453210.896505
S3,2037,24551086.994198482,946098334.5,35944.81438992543,0.7458150342794402,193351.9529956968,LOW,3.04,0.5,0.5,19372983595.530495,1166268270.3189898,20539251865.849483,14405818012.922806
S3,2038,24423459.051652253,938918343.0,38729.691305332795,0.7458150342794402,193351.9529956968,LOW,3.04,0.5,0.5,19272273837.226772,1256626605.403167,20528900442.62994,13979182264.995392
S3,2039,24186804.493788183,928614752.0,41126.9826064469,0.7458150342794402,193351.9529956968,LOW,3.04,0.5,0.5,19085532416.43382,1334409307.2102108,20419941723.644028,13499987067.279608
S3,2040,23876577.165874504,916493912.0,43040.12890030067,0.7458150342794402,193351.9529956968,LOW,3.04,0.5,0.5,18840735559.334282,1396483402.0934324,20237218961.427715,12989500772.475769
S3,2041,23533844.42311897,902630241.5,44447.301836956925,0.7458150342794402,193351.9529956968,LOW,3.04,0.5,0.5,18570289048.977203,1442140645.6966646,20012429694.673866,12471084559.187632
S3,2042,23199873.457326278,888491026.5,45408.45215135626,0.7458150342794402,193351.9529956968,LOW,3.04,0.5,0.5,18306756357.198048,1473326204.2735157,19780082561.471565,11967275249.857656
S3,2043,22865105.867747843,874210052.5,46383.98176015547,0.7458150342794402,193351.9529956968,LOW,3.04,0.5,0.5,18042595058.64736,1504978314.565622,19547573373.212982,11482139191.408928
S3,2044,22545640.96078934,860618127.5,47419.23096601041,0.7458150342794402,193351.9529956968,LOW,3.04,0.5,0.5,17790508932.95699,1538568091.5933747,19329077024.550365,11023102538.272486
S3,2045,22261443.541364826,848510239.5,48554.756764922466,0.7458150342794402,193351.9529956968,LOW,3.04,0.5,0.5,17566251980.680122,1575411450.8338368,19141663431.513958,10598274936.82447
S3,2046,21997561.956676405,837524534.5,49800.42805423462,0.7458150342794402,193351.9529956968,LOW,3.04,0.5,0.5,17358026022.59772,1615828599.3051693,18973854621.90289,10199381813.20772
S3,2047,21750367.402558193,827405193.5,51092.43846548619,0.7458150342794402,193351.9529956968,LOW,3.04,0.5,0.5,17162967610.602835,1657749270.5658016,18820716881.168636,9822391001.516186
S3,2048,21511711.93278564,817788496.5,52493.01746902586,0.7458150342794402,193351.9529956968,LOW,3.04,0.5,0.5,16974647292.973732,1703192566.8973336,18677839859.871067,9463907335.487906
S3,2049,21255708.103055436,807675532.5,53870.926311677125,0.7458150342794402,193351.9529956968,LOW,3.04,0.5,0.5,16772637581.756947,1747900305.4084704,18520537887.165417,9110877401.850718
S3,2050,20976807.269634865,796875138.0,55086.34005988289,0.7458150342794402,193351.9529956968,LOW,3.04,0.5,0.5,16552560105.27237,1787335715.3250437,18339895820.597412,8759236383.595951
S4,2025,2499231.6162102614,972144522.0,0.0,0.7458150342794402,193351.9529956968,LOW,3.04,0.5,0.5,1972115251.5044985,0.0,1972115251.5044985,1972115251.5044985
S4,2026,7547657.212181076,969882870.0,351.31269990561066,0.7458150342794402,193351.9529956968,LOW,3.04,0.5,0.5,5955770487.507291,11398719.448523516,5967169206.955814,5793368162.093023
S4,2027,12654051.49445089,967732780.5,1515.5296324322917,0.7458150342794402,193351.9529956968,LOW,3.04,0.5,0.5,9985168154.751125,49172993.4632624,10034341148.214388,9458328917.159382
S4,2028,17827370.212206695,966340604.0,4187.5845290435145,0.7458150342794402,193351.9529956968,LOW,3.04,0.5,0.5,14067375133.0905,135870696.46605214,14203245829.556553,12997981956.661226
S4,2029,23125212.401306998,967665478.5,8921.046503836951,0.7458150342794402,193351.9529956968,LOW,3.04,0.5,0.5,18247842166.806873,289452975.4027971,18537295142.20967,16470146637.24371
S4,2030,25952976.323118497,970470777.5,14411.093077696862,0.7458150342794402,193351.9529956968,LOW,3.04,0.5,0.5,20479198525.172283,467583457.65285665,20946781982.825138,18068878142.9649
S4,2031,26216045.75716406,973536996.5,19884.354328877518,0.7458150342794402,193351.9529956968,LOW,3.04,0.5,0.5,20686783624.416748,645169322.005171,21331952946.42192,17865174756.94485
S4,2032,26409659.597404458,974008198.5,24951.989180834513,0.7458150342794402,193351.9529956968,LOW,3.04,0.5,0.5,20839562104.315876,809594200.355819,21649156304.671696,17602745219.074
S4,2033,26456842.46306636,968958256.0,29778.410841949506,0.7458150342794402,193351.9529956968,LOW,3.04,0.5,0.5,20876793567.129482,966192656.5747597,21842986223.704243,17243055029.984207
S4,2034,26467480.23287545,962514487.0,34371.53124790859,0.7458150342794402,193351.9529956968,LOW,3.04,0.5,0.5,20885187710.331913,1115221401.9485614,22000409112.280476,16861481662.056952
S4,2035,26455184.348741613,956699674.5,38404.374514205294,0.7458150342794402,193351.9529956968,LOW,3.04,0.5,0.5,20875485167.968975,1246071351.252228,22121556519.221203,16460515593.996473
S4,2036,26410108.34157503,950836112.5,41796.487471888395,0.7458150342794402,193351.9529956968,LOW,3.04,0.5,0.5,20839916203.23855,1356132114.648255,22196048317.886803,16034897561.255589
S4,2037,26370662.72201769,946098334.5,44395.38609193994,0.7458150342794402,193351.9529956968,LOW,3.04,0.5,0.5,20808790113.351757,1440456183.3570774,22249246296.708836,15605173701.96959
S4,2038,26233575.780507248,938918343.0,46623.78276453328,0.7458150342794402,193351.9529956968,LOW,3.04,0.5,0.5,20700616366.5164,1512758916.7844183,22213375283.30082,15126227664.935022
S4,2039,25979381.84080363,928614752.0,48560.009184993825,0.7458150342794402,193351.9529956968,LOW,3.04,0.5,0.5,20500034818.94072,1575581871.2679267,22075616690.208645,14594583268.323622
S4,2040,25646162.369360365,916493912.0,50083.77116541445,0.7458150342794402,193351.9529956968,LOW,3.04,0.5,0.5,20237095122.808037,1625021972.1404767,21862117094.948513,14032461052.778719
S4,2041,25278028.381438207,902630241.5,51137.664609051055,0.7458150342794402,193351.9529956968,LOW,3.04,0.5,0.5,19946604778.70806,1659216681.5713615,21605821460.279423,13464033628.73858
S4,2042,24919305.539555613,888491026.5,51760.38206283651,0.7458150342794402,193351.9529956968,LOW,3.04,0.5,0.5,19663540662.94097,1679421420.9767585,21342962083.91773,12912843063.811607
S4,2043,24559727.03302668,874210052.5,52393.36127435344,0.7458150342794402,193351.9529956968,LOW,3.04,0.5,0.5,19379801351.93057,1699959114.179332,21079760466.1099,12382137627.635845
S4,2044,24216585.34993484,860618127.5,53176.9814415856,0.7458150342794402,193351.9529956968,LOW,3.04,0.5,0.5,19109032151.403854,1725384515.660361,20834416667.064217,11881576702.004192
S4,2045,23911324.963871986,848510239.5,54142.60133904654,0.7458150342794402,193351.9529956968,LOW,3.04,0.5,0.5,18868154651.64352,1756715094.68021,20624869746.32373,11419490311.790705
S4,2046,23627886.097396776,837524534.5,55281.78192585139,0.7458150342794402,193351.9529956968,LOW,3.04,0.5,0.5,18644496264.874023,1793677037.4556398,20438173302.329662,10986525259.571245
S4,2047,23362371.00167367,827405193.5,56511.5323345688,0.7458150342794402,193351.9529956968,LOW,3.04,0.5,0.5,18434981321.807552,1833577615.7849832,20268558937.592537,10578008913.22624
S4,2048,23106027.854764376,817788496.5,57856.921709566865,0.7458150342794402,193351.9529956968,LOW,3.04,0.5,0.5,18232703859.262863,1877230225.0950015,20109934084.357864,10189537662.009188
S4,2049,22831050.5940445,807675532.5,59205.28420240639,0.7458150342794402,193351.9529956968,LOW,3.04,0.5,0.5,18015722429.384468,1920979300.4199724,19936701729.80444,9807536172.229048
S4,2050,22531479.344398346,796875138.0,60396.56115140426,0.7458150342794402,193351.9529956968,LOW,3.04,0.5,0.5,17779334162.48374,1959631565.8540661,19738965728.337807,9427439963.319159
S5,2025,1199631.175780931,972144522.0,0.0,0.7458150342794402,193351.9529956968,LOW,3.04,0.5,0.5,946615320.7221638,0.0,946615320.7221638,946615320.7221638
S5,2026,3622875.46184691,969882870.0,168.6300959546929,0.7458150342794402,193351.9529956968,LOW,3.04,0.5,0.5,2858769834.0034943,5471385.33529128,2864241219.3387856,2780816717.804646
S5,2027,6073944.717336428,967732780.5,727.4542235674859,0.7458150342794402,193351.9529956968,LOW,3.04,0.5,0.5,4792880714.280541,23603036.86236549,4816483751.142907,4539997880.236505
S5,2028,8557137.701859219,966340604.0,2010.04057394083,0.7458150342794402,193351.9529956968,LOW,3.04,0.5,0.5,6752340063.883445,65217934.30370318,6817557998.187148,6239031339.1973915
S5,2029,11100101.952627346,967665478.5,4282.102321841674,0.7458150342794402,193351.9529956968,LOW,3.04,0.5,0.5,8758964240.067287,138937428.1933406,8897901668.260628,7905670385.876967
S5,2030,12457428.63509687,970470777.5,6917.324677294432,0.7458150342794402,193351.9529956968,LOW,3.04,0.5,0.5,9830015292.08269,224440059.67336917,10054455351.756058,8673061508.623144
S5,2031,12583701.963438744,973536996.5,9544.490077861103,0.7458150342794402,193351.9529956968,LOW,3.04,0.5,0.5,9929656139.720036,309681274.5624786,10239337414.282515,8575283883.333522
S5,2032,12676636.60675414,974008198.5,11976.954806800413,0.7458150342794402,193351.9529956968,LOW,3.04,0.5,0.5,10002989810.071623,388605216.17078817,10391595026.24241,8449317705.155518
S5,2033,12699284.382271852,968958256.0,14293.637204135572,0.7458150342794402,193351.9529956968,LOW,3.04,0.5,0.5,10020860912.22215,463772475.1558785,10484633387.378029,8276666414.392414
S5,2034,12704390.511780204,962514487.0,16498.33499899597,0.7458150342794402,193351.9529956968,LOW,3.04,0.5,0.5,10024890100.959309,535306272.9353045,10560196373.894613,8093511197.787325
S5,2035,12698488.487395983,956699674.5,18434.09976681844,0.7458150342794402,193351.9529956968,LOW,3.04,0.5,0.5,10020232880.625114,598114248.601066,10618347129.226181,7901047485.11831
S5,2036,12676852.003956012,950836112.5,20062.313986506364,0.7458150342794402,193351.9529956968,LOW,3.04,0.5,0.5,10003159777.554502,650943415.0311605,10654103192.585663,7696750829.402681
S5,2037,12657918.106568499,946098334.5,21309.785324131146,0.7458150342794402,193351.9529956968,LOW,3.04,0.5,0.5,9988219254.40885,691418968.0113963,10679638222.420246,7490483376.945406
S5,2038,12592116.374643479,938918343.0,22379.415726975887,0.7458150342794402,193351.9529956968,LOW,3.04,0.5,0.5,9936295855.927872,726124280.0565178,10662420135.98439,7260589279.168808
S5,2039,12470103.283585731,928614752.0,23308.804408796936,0.7458150342794402,193351.9529956968,LOW,3.04,0.5,0.5,9840016713.091536,756279298.2086016,10596296011.300137,7005399968.79533
S5,2040,12310157.937292965,916493912.0,24040.21015939884,0.7458150342794402,193351.9529956968,LOW,3.04,0.5,0.5,9713805658.947847,780010546.6274258,10493816205.575274,6735581305.333776
S5,2041,12133453.623090327,902630241.5,24546.07901234446,0.7458150342794402,193351.9529956968,LOW,3.04,0.5,0.5,9574370293.779858,796424007.154252,10370794300.934109,6462736141.79451
S5,2042,11961266.658986684,888491026.5,24844.983390161473,0.7458150342794402,193351.9529956968,LOW,3.04,0.5,0.5,9438499518.211658,806122282.0688424,10244621800.2805,6198164670.629566
S5,2043,11788668.975852797,874210052.5,25148.813411689604,0.7458150342794402,193351.9529956968,LOW,3.04,0.5,0.5,9302304648.926666,815980374.8060778,10118285023.732744,5943426061.265201
S5,2044,11623960.967968713,860618127.5,25524.951091961047,0.7458150342794402,193351.9529956968,LOW,3.04,0.5,0.5,9172335432.673841,828184567.516972,10000520000.190813,5703156816.962006
S5,2045,11477435.982658545,848510239.5,25988.448642742274,0.7458150342794402,193351.9529956968,LOW,3.04,0.5,0.5,9056714232.788883,843223245.4464988,9899937478.235382,5481355349.6595335
S5,2046,11341385.326750444,837524534.5,26535.255324408616,0.7458150342794402,193351.9529956968,LOW,3.04,0.5,0.5,8949358207.139524,860964977.9787055,9810323185.11823,5273532124.594194
S5,2047,11213938.080803351,827405193.5,27125.535520592963,0.7458150342794402,193351.9529956968,LOW,3.04,0.5,0.5,8848791034.467619,880117255.5767899,9728908290.044409,5077444278.348591
S5,2048,11090893.370286891,817788496.5,27771.322420592034,0.7458150342794402,193351.9529956968,LOW,3.04,0.5,0.5,8751697852.446167,901070508.0455987,9652768360.491766,4890978077.764405
S5,2049,10958904.285141353,807675532.5,28418.536417155017,0.7458150342794402,193351.9529956968,LOW,3.04,0.5,0.5,8647546766.10454,922070064.2015852,9569616830.306126,4707617362.669941
S5,2050,10815110.085311197,796875138.0,28990.349352673988,0.7458150342794402,193351.9529956968,LOW,3.04,0.5,0.5,8534080397.9921875,940623151.60995,9474703549.602137,4525171182.393191
S6,2025,2799139.4101555054,972144522.0,0.0,0.7458150342794402,193351.9529956968,LOW,3.04,0.5,0.5,2208769081.6850486,0.0,2208769081.6850486,2208769081.6850486
S6,2026,8453376.077642787,969882870.0,393.4702238942739,0.7458150342794402,193351.9529956968,LOW,3.04,0.5,0.5,6670462946.008154,12766565.78234601,6683229511.7905,6488572341.544174
S6,2027,14172537.673784984,967732780.5,1697.3931883241382,0.7458150342794402,193351.9529956968,LOW,3.04,0.5,0.5,11183388333.32125,55073752.67885296,11238462086.000103,10593328387.218496
S6,2028,19966654.6376715,966340604.0,4690.094672528703,0.7458150342794402,193351.9529956968,LOW,3.04,0.5,0.5,15755460149.061361,152175180.04197732,15907635329.103338,14557739791.460573
S6,2029,25900237.889463834,967665478.5,9991.572084297353,0.7458150342794402,193351.9529956968,LOW,3.04,0.5,0.5,20437583226.823696,324187332.4511317,20761770559.274826,18446564233.712948
S6,2030,31974066.830081988,970470777.5,16792.788976128482,0.7458150342794402,193351.9529956968,LOW,3.04,0.5,0.5,25230372583.012253,544860149.7998109,25775232732.812065,22233942174.869926
S6,2031,38170562.622430876,973536996.5,25030.15578400735,0.7458150342794402,193351.9529956968,LOW,3.04,0.5,0.5,30119956957.150787,812130400.1005213,30932087357.25131,25905136188.06147
S6,2032,44368228.123639494,974008198.5,34414.432837038425,0.7458150342794402,193351.9529956968,LOW,3.04,0.5,0.5,35010464335.25068,1116613390.2783833,36127077725.52906,29374620228.26923
S6,2033,50373828.04967837,968958256.0,44945.25997278678,0.7458150342794402,193351.9529956968,LOW,3.04,0.5,0.5,39749414951.81456,1458297434.474751,41207712386.289314,32529748682.68952
S6,2034,56322797.93555897,962514487.0,56360.913419627854,0.7458150342794402,193351.9529956968,LOW,3.04,0.5,0.5,44443679447.58631,1828690622.6432204,46272370070.22953,35463918667.02035
S6,2035,56296632.29412217,956699674.5,66433.48311805302,0.7458150342794402,193351.9529956968,LOW,3.04,0.5,0.5,44423032437.43799,2155506010.042809,46578538447.4808,34658807023.553604
S6,2036,56200710.55087166,950836112.5,75092.3149577803,0.7458150342794402,193351.9529956968,LOW,3.04,0.5,0.5,44347341680.49163,2436451147.863082,46783792828.35471,33797607339.19202
S6,2037,56116770.27245367,946098334.5,82159.57574840069,0.7458150342794402,193351.9529956968,LOW,3.04,0.5,0.5,44281105361.21256,2665756046.443396,46946861407.65596,32927584029.537838
S6,2038,55825049.260919414,938918343.0,88525.00869790345,0.7458150342794402,193351.9529956968,LOW,3.04,0.5,0.5,44050911627.9469,2872289383.7786646,46923201011.72556,31952416605.703743
S6,2039,55284124.55723012,928614752.0,94004.53167187858,0.7458150342794402,193351.9529956968,LOW,3.04,0.5,0.5,43624074094.70585,3050078416.48048,46674152511.186325,30857113296.639088
S6,2040,54575033.52199886,916493912.0,98377.43748640138,0.7458150342794402,193351.9529956968,LOW,3.04,0.5,0.5,43064538421.335495,3191962061.9278407,46256500483.263336,29690287479.944603
S6,2041,53791644.3957005,902630241.5,101593.83277018697,0.7458150342794402,193351.9529956968,LOW,3.04,0.5,0.5,42446374969.090744,3296321475.8780813,45742696444.96883,28505336135.28601
S6,2042,53028282.188174345,888491026.5,103790.74777452837,0.7458150342794402,193351.9529956968,LOW,3.04,0.5,0.5,41844014530.73838,3367602752.625171,45211617283.36355,27353771999.674625
S6,2043,52263099.12628078,874210052.5,106020.52973749813,0.7458150342794402,193351.9529956968,LOW,3.04,0.5,0.5,41240217276.90825,3439950433.2928476,44680167710.201096,26244889580.36326
S6,2044,51532893.62466134,860618127.5,108386.81363659518,0.7458150342794402,193351.9529956968,LOW,3.04,0.5,0.5,40664020418.1874,3516727066.4991407,44180747484.68654,25195662944.622818
S6,2045,50883299.52311959,848510239.5,110982.30117696556,0.7458150342794402,193351.9529956968,LOW,3.04,0.5,0.5,40151433098.69741,3600940459.048767,43752373557.74618,24224628427.027355
S6,2046,50280141.61526035,837524534.5,113829.54983825044,0.7458150342794402,193351.9529956968,LOW,3.04,0.5,0.5,39675488051.651924,3693322512.6975265,43368810564.34945,23312872715.90335
S6,2047,49715125.49156157,827405193.5,116782.71649253971,0.7458150342794402,193351.9529956968,LOW,3.04,0.5,0.5,39229640252.80647,3789141189.864684,43018781442.67116,22451179432.03699
S6,2048,49169627.2749386,817788496.5,119984.03992920175,0.7458150342794402,193351.9529956968,LOW,3.04,0.5,0.5,38799193812.51138,3893011581.4796133,42692205393.991,21631788195.40092
S6,2049,48584475.6641267,807675532.5,123133.5458552618,0.7458150342794402,193351.9529956968,LOW,3.04,0.5,0.5,38337457329.73015,3995200698.076497,42332658027.80665,20824862632.801632
S6,2050,47946988.04487968,796875138.0,125911.63442258927,0.7458150342794402,193351.9529956968,LOW,3.04,0.5,0.5,37834423097.7654,4085338777.8858085,41919761875.651215,20021111733.933594
S7,2025,7497694.848630803,972144522.0,0.0,0.7458150342794402,193351.9529956968,LOW,3.04,0.5,0.5,5916345754.513511,0.0,5916345754.513511,5916345754.513511
S7,2026,22642971.636543203,969882870.0,1053.9380997168123,0.7458150342794402,193351.9529956968,LOW,3.04,0.5,0.5,17867311462.521854,34196158.34556991,17901507620.867424,17380104486.279053
S7,2027,37962154.483352646,967732780.5,4546.588897296859,0.7458150342794402,193351.9529956968,LOW,3.04,0.5,0.5,29955504464.25336,147518980.38978666,30103023444.643147,28374986751.47813
S7,2028,53482110.636620075,966340604.0,12562.753587130477,0.7458150342794402,193351.9529956968,LOW,3.04,0.5,0.5,42202125399.271484,407612089.3981543,42609737488.66964,38993945869.983665
S7,2029,69375637.20392098,967665478.5,26763.13951151083,0.7458150342794402,193351.9529956968,LOW,3.04,0.5,0.5,54743526500.42061,868358926.2083906,55611885426.629,49410439911.73112
S7,2030,77858928.96935546,970470777.5,43233.279233090536,0.7458150342794402,193351.9529956968,LOW,3.04,0.5,0.5,61437595575.51684,1402750372.958568,62840345948.4754,54206634428.89469
S7,2031,78648137.27149215,973536996.5,59653.06298663262,0.7458150342794402,193351.9529956968,LOW,3.04,0.5,0.5,62060350873.25023,1935507966.0155149,63995858839.26575,53595524270.83454
S7,2032,79228978.79221337,974008198.5,74855.96754250376,0.7458150342794402,193351.9529956968,LOW,3.04,0.5,0.5,62518686312.947624,2428782601.067464,64947468914.01509,52808235657.22201
S7,2033,79370527.38919911,968958256.0,89335.23252584881,0.7458150342794402,193351.9529956968,LOW,3.04,0.5,0.5,62630380701.38848,2898577969.724289,65528958671.11277,51729165089.95266
S7,2034,79402440.69862634,962514487.0,103114.59374372583,0.7458150342794402,193351.9529956968,LOW,3.04,0.5,0.5,62655563130.99573,3345664205.845686,66001227336.841415,50584444986.170845
S7,2035,79365553.04622485,956699674.5,115213.12354261587,0.7458150342794402,193351.9529956968,LOW,3.04,0.5,0.5,62626455503.90694,3738214053.756683,66364669557.66362,49381546781.989426
S7,2036,79230325.02472508,950836112.5,125389.4624156651,0.7458150342794402,193351.9529956968,LOW,3.04,0.5,0.5,62519748609.71564,4068396343.9447627,66588144953.6604,48104692683.76676
S7,2037,79111988.1660531,946098334.5,133186.15827581973,0.7458150342794402,193351.9529956968,LOW,3.04,0.5,0.5,62426370340.0553,4321368550.071229,66747738890.126526,46815521105.90878
S7,2038,78700727.34152173,938918343.0,139871.3482935997,0.7458150342794402,193351.9529956968,LOW,3.04,0.5,0.5,62101849099.54919,4538276750.3532505,66640125849.902435,45378682994.805046
S7,2039,77938145.52241088,928614752.0,145680.02755498132,0.7458150342794402,193351.9529956968,LOW,3.04,0.5,0.5,61500104456.82216,4726745613.803775,66226850070.62593,43783749804.97086
S7,2040,76938487.10808109,916493912.0,150251.3134962431,0.7458150342794402,193351.9529956968,LOW,3.04,0.5,0.5,60711285368.42409,4875065916.421422,65586351284.84551,42097383158.336136
S7,2041,75834085.14431462,902630241.5,153412.99382715306,0.7458150342794402,193351.9529956968,LOW,3.04,0.5,0.5,59839814336.12417,4977650044.714082,64817464380.83825,40392100886.21573
S7,2042,74757916.61866683,888491026.5,155281.14618850953,0.7458150342794402,193351.9529956968,LOW,3.04,0.5,0.5,58990621988.8229,5038264262.930276,64028886251.753174,38738529191.434814
S7,2043,73679181.09908004,874210052.5,157180.08382306033,0.7458150342794402,193351.9529956968,LOW,3.04,0.5,0.5,58139404055.79171,5099877342.537995,63239281398.329704,37146412882.90753
S7,2044,72649756.04980451,860618127.5,159530.94432475694,0.7458150342794402,193351.9529956968,LOW,3.04,0.5,0.5,57327096454.21154,5176153546.981088,62503250001.19263,35644730106.012566
S7,2045,71733974.89161596,848510239.5,162427.80401713974,0.7458150342794402,193351.9529956968,LOW,3.04,0.5,0.5,56604463954.93056,5270145284.040635,61874609238.97119,34258470935.372116
S7,2046,70883658.29219033,837524534.5,165845.34577755444,0.7458150342794402,193351.9529956968,LOW,3.04,0.5,0.5,55933488794.62206,5381031112.366928,61314519906.98899,32959575778.713737
S7,2047,70087113.005021,827405193.5,169534.5970037066,0.7458150342794402,193351.9529956968,LOW,3.04,0.5,0.5,55304943965.42266,5500732847.354957,60805676812.77762,31734026739.678722
S7,2048,69318083.56429313,817788496.5,173570.76512870082,0.7458150342794402,193351.9529956968,LOW,3.04,0.5,0.5,54698111577.78859,5631690675.285011,60329802253.0736,30568612986.02757
S7,2049,68493151.7821335,807675532.5,177615.85260721942,0.7458150342794402,193351.9529956968,LOW,3.04,0.5,0.5,54047167288.153404,5762937901.259926,59810105189.41333,29422608516.68715
S7,2050,67594438.03319503,796875138.0,181189.68345421308,0.7458150342794402,193351.9529956968,LOW,3.04,0.5,0.5,53338002487.45122,5878894697.562209,59216897185.01343,28282319889.95748
S0,2025,0.0,972144522.0,0.0,0.7458150342794402,193351.9529956968,MAIN,3.8049999999999997,0.55,0.75,0.0,0.0,0.0,0.0
S0,2026,0.0,969882870.0,0.0,0.7458150342794402,193351.9529956968,MAIN,3.8049999999999997,0.55,0.75,0.0,0.0,0.0,0.0
S0,2027,0.0,967732780.5,0.0,0.7458150342794402,193351.9529956968,MAIN,3.8049999999999997,0.55,0.75,0.0,0.0,0.0,0.0
S0,2028,0.0,966340604.0,0.0,0.7458150342794402,193351.9529956968,MAIN,3.8049999999999997,0.55,0.75,0.0,0.0,0.0,0.0
S0,2029,0.0,967665478.5,0.0,0.7458150342794402,193351.9529956968,MAIN,3.8049999999999997,0.55,0.75,0.0,0.0,0.0,0.0
S0,2030,0.0,970470777.5,0.0,0.7458150342794402,193351.9529956968,MAIN,3.8049999999999997,0.55,0.75,0.0,0.0,0.0,0.0
S0,2031,0.0,973536996.5,0.0,0.7458150342794402,193351.9529956968,MAIN,3.8049999999999997,0.55,0.75,0.0,0.0,0.0,0.0
S0,2032,0.0,974008198.5,0.0,0.7458150342794402,193351.9529956968,MAIN,3.8049999999999997,0.55,0.75,0.0,0.0,0.0,0.0
S0,2033,0.0,968958256.0,0.0,0.7458150342794402,193351.9529956968,MAIN,3.8049999999999997,0.55,0.75,0.0,0.0,0.0,0.0
S0,2034,0.0,962514487.0,0.0,0.7458150342794402,193351.9529956968,MAIN,3.8049999999999997,0.55,0.75,0.0,0.0,0.0,0.0
S0,2035,0.0,956699674.5,0.0,0.7458150342794402,193351.9529956968,MAIN,3.8049999999999997,0.55,0.75,0.0,0.0,0.0,0.0
S0,2036,0.0,950836112.5,0.0,0.7458150342794402,193351.9529956968,MAIN,3.8049999999999997,0.55,0.75,0.0,0.0,0.0,0.0
S0,2037,0.0,946098334.5,0.0,0.7458150342794402,193351.9529956968,MAIN,3.8049999999999997,0.55,0.75,0.0,0.0,0.0,0.0
S0,2038,0.0,938918343.0,0.0,0.7458150342794402,193351.9529956968,MAIN,3.8049999999999997,0.55,0.75,0.0,0.0,0.0,0.0
S0,2039,0.0,928614752.0,0.0,0.7458150342794402,193351.9529956968,MAIN,3.8049999999999997,0.55,0.75,0.0,0.0,0.0,0.0
S0,2040,0.0,916493912.0,0.0,0.7458150342794402,193351.9529956968,MAIN,3.8049999999999997,0.55,0.75,0.0,0.0,0.0,0.0
S0,2041,0.0,902630241.5,0.0,0.7458150342794402,193351.9529956968,MAIN,3.8049999999999997,0.55,0.75,0.0,0.0,0.0,0.0
S0,2042,0.0,888491026.5,0.0,0.7458150342794402,193351.9529956968,MAIN,3.8049999999999997,0.55,0.75,0.0,0.0,0.0,0.0
S0,2043,0.0,874210052.5,0.0,0.7458150342794402,193351.9529956968,MAIN,3.8049999999999997,0.55,0.75,0.0,0.0,0.0,0.0
S0,2044,0.0,860618127.5,0.0,0.7458150342794402,193351.9529956968,MAIN,3.8049999999999997,0.55,0.75,0.0,0.0,0.0,0.0
S0,2045,0.0,848510239.5,0.0,0.7458150342794402,193351.9529956968,MAIN,3.8049999999999997,0.55,0.75,0.0,0.0,0.0,0.0
S0,2046,0.0,837524534.5,0.0,0.7458150342794402,193351.9529956968,MAIN,3.8049999999999997,0.55,0.75,0.0,0.0,0.0,0.0
S0,2047,0.0,827405193.5,0.0,0.7458150342794402,193351.9529956968,MAIN,3.8049999999999997,0.55,0.75,0.0,0.0,0.0,0.0
S0,2048,0.0,817788496.5,0.0,0.7458150342794402,193351.9529956968,MAIN,3.8049999999999997,0.55,0.75,0.0,0.0,0.0,0.0
S0,2049,0.0,807675532.5,0.0,0.7458150342794402,193351.9529956968,MAIN,3.8049999999999997,0.55,0.75,0.0,0.0,0.0,0.0
S0,2050,0.0,796875138.0,0.0,0.7458150342794402,193351.9529956968,MAIN,3.8049999999999997,0.55,0.75,0.0,0.0,0.0,0.0
S1,2025,499846.3232420512,972144522.0,0.0,0.7458150342794402,193351.9529956968,MAIN,3.8049999999999997,0.55,0.75,603383653.8868465,0.0,603383653.8868465,603383653.8868465
S1,2026,1509531.4424362124,969882870.0,70.26253998111939,0.7458150342794402,193351.9529956968,MAIN,3.8049999999999997,0.55,0.75,1822213258.4401844,4179530.464458459,1826392788.9046428,1773196882.4316921
S1,2027,2530810.2988901706,967732780.5,303.1059264864413,0.7458150342794402,193351.9529956968,MAIN,3.8049999999999997,0.55,0.75,3055038107.581193,18030097.6031952,3073068205.184388,2896661518.695813
S1,2028,3565474.0424413537,966340604.0,837.5169058086879,0.7458150342794402,193351.9529956968,MAIN,3.8049999999999997,0.55,0.75,4304020366.9262085,49819255.370884895,4353839622.297093,3984380016.5064955
S1,2029,4625042.480261402,967665478.5,1784.2093007673911,0.7458150342794402,193351.9529956968,MAIN,3.8049999999999997,0.55,0.75,5583066037.220045,106132757.64769232,5689198794.867738,5054779442.25753
S1,2030,5190595.264623705,970470777.5,2882.2186155393397,0.7458150342794402,193351.9529956968,MAIN,3.8049999999999997,0.55,0.75,6265766478.589816,171447267.8060455,6437213746.395862,5552797124.599564
S1,2031,5243209.151432812,973536996.5,3976.87086577551,0.7458150342794402,193351.9529956968,MAIN,3.8049999999999997,0.55,0.75,6329278717.835987,236562084.73522973,6565840802.571217,5498788304.044563
S1,2032,5281931.919480901,974008198.5,4990.397836166868,0.7458150342794402,193351.9529956968,MAIN,3.8049999999999997,0.55,0.75,6376022455.234961,296851206.79713166,6672873662.032092,5425656930.864932
S1,2033,5291368.492613283,968958256.0,5955.682168389887,0.7458150342794402,193351.9529956968,MAIN,3.8049999999999997,0.55,0.75,6387413704.328994,354270640.7440778,6741684345.0730715,5321947876.8303795
S1,2034,5293496.046575087,962514487.0,6874.30624958163,0.7458150342794402,193351.9529956968,MAIN,3.8049999999999997,0.55,0.75,6389981956.256885,408914514.04780066,6798896470.304686,5210788016.313535
S1,2035,5291036.869748319,956699674.5,7680.874902840995,0.7458150342794402,193351.9529956968,MAIN,3.8049999999999997,0.55,0.75,6387013389.658923,456892828.79247975,6843906218.451403,5092508971.273544
S1,2036,5282021.668315,950836112.5,8359.297494377639,0.7458150342794402,193351.9529956968,MAIN,3.8049999999999997,0.55,0.75,6376130794.492312,497248442.0376912,6873379236.530004,4965475402.60143
S1,2037,5274132.544403551,946098334.5,8879.07721838798,0.7458150342794402,193351.9529956968,MAIN,3.8049999999999997,0.55,0.75,6366607530.66038,528167267.2309279,6894774797.891308,4835856321.702535
S1,2038,5246715.156101448,938918343.0,9324.756552906592,0.7458150342794402,193351.9529956968,MAIN,3.8049999999999997,0.55,0.75,6333510950.442571,554678269.4876163,6888189219.930187,4690521679.438021
S1,2039,5195876.368160725,928614752.0,9712.00183699874,0.7458150342794402,193351.9529956968,MAIN,3.8049999999999997,0.55,0.75,6272141501.072833,577713352.7982383,6849854853.871071,4528561011.167259
S1,2040,5129232.473872072,916493912.0,10016.754233082951,0.7458150342794402,193351.9529956968,MAIN,3.8049999999999997,0.55,0.75,6191693102.084284,595841389.7848451,6787534491.869129,4356660106.973508
S1,2041,5055605.676287639,902630241.5,10227.532921810322,0.7458150342794402,193351.9529956968,MAIN,3.8049999999999997,0.55,0.75,6102815372.90077,608379449.9095058,6711194822.810276,4182194736.240555
S1,2042,4983861.10791112,888491026.5,10352.076412567396,0.7458150342794402,193351.9529956968,MAIN,3.8049999999999997,0.55,0.75,6016209754.732412,615787854.3581505,6631997609.090563,4012467622.30299
S1,2043,4911945.406605334,874210052.5,10478.672254870811,0.7458150342794402,193351.9529956968,MAIN,3.8049999999999997,0.55,0.75,5929397555.446299,623318341.8657624,6552715897.312061,3849029983.322593
S1,2044,4843317.0699869655,860618127.5,10635.396288317219,0.7458150342794402,193351.9529956968,MAIN,3.8049999999999997,0.55,0.75,5846553660.065848,632640989.0754716,6479194649.14132,3694994173.399885
S1,2045,4782264.992774395,848510239.5,10828.520267809414,0.7458150342794402,193351.9529956968,MAIN,3.8049999999999997,0.55,0.75,5772855357.781719,644128868.0494168,6416984225.831136,3552928580.8388658
S1,2046,4725577.219479353,837524534.5,11056.356385170395,0.7458150342794402,193351.9529956968,MAIN,3.8049999999999997,0.55,0.75,5704425374.022675,657681580.4004083,6362106954.423082,3419945986.6061397
S1,2047,4672474.200334732,827405193.5,11302.306466913913,0.7458150342794402,193351.9529956968,MAIN,3.8049999999999997,0.55,0.75,5640322684.387827,672311792.4545029,6312634476.84233,3294516594.2768726
S1,2048,4621205.570952874,817788496.5,11571.384341913548,0.7458150342794402,193351.9529956968,MAIN,3.8049999999999997,0.55,0.75,5578434356.940401,688317749.201511,6266752106.141912,3175311581.636514
S1,2049,4566210.118808899,807675532.5,11841.05684048148,0.7458150342794402,193351.9529956968,MAIN,3.8049999999999997,0.55,0.75,5512047238.90268,704359076.8206687,6216406315.723349,3058059985.4983077
S1,2050,4506295.868879668,796875138.0,12079.31223028107,0.7458150342794402,193351.9529956968,MAIN,3.8049999999999997,0.55,0.75,5439722451.540621,718531574.146504,6158254025.687125,2941216419.596204
S2,2025,1499538.9697261713,972144522.0,0.0,0.7458150342794402,193351.9529956968,MAIN,3.8049999999999997,0.55,0.75,1810150961.6605608,0.0,1810150961.6605608,1810150961.6605608
S2,2026,4528594.327308641,969882870.0,210.78761994335954,0.7458150342794402,193351.9529956968,MAIN,3.8049999999999997,0.55,0.75,5466639775.320557,12538591.39337546,5479178366.713932,5319590647.295079
S2,2027,7592430.89667053,967732780.5,909.3177794593669,0.7458150342794402,193351.9529956968,MAIN,3.8049999999999997,0.55,0.75,9165114322.7436,54090292.80958815,9219204615.553188,8689984556.087461
S2,2028,10696422.127324032,966340604.0,2512.550717426102,0.7458150342794402,193351.9529956968,MAIN,3.8049999999999997,0.55,0.75,12912061100.778587,149457766.11265698,13061518866.891245,11953140049.519455
S2,2029,13875127.440784195,967665478.5,5352.627902302194,0.7458150342794402,193351.9529956968,MAIN,3.8049999999999997,0.55,0.75,16749198111.66012,318398272.9430782,17067596384.603199,15164338326.77258
S2,2030,15571785.7938711,970470777.5,8646.655846618105,0.7458150342794402,193351.9529956968,MAIN,3.8049999999999997,0.55,0.75,18797299435.76943,514341803.4181416,19311641239.18757,16658391373.798677
S2,2031,15729627.454298433,973536996.5,11930.61259732651,0.7458150342794402,193351.9529956968,MAIN,3.8049999999999997,0.55,0.75,18987836153.507957,709686254.205688,19697522407.713646,16496364912.133686
S2,2032,15845795.758442678,974008198.5,14971.193508500763,0.7458150342794402,193351.9529956968,MAIN,3.8049999999999997,0.55,0.75,19128067365.704853,890553620.3914043,20018620986.096256,16276970792.59478
S2,2033,15874105.477839807,968958256.0,17867.046505169765,0.7458150342794402,193351.9529956968,MAIN,3.8049999999999997,0.55,0.75,19162241112.98693,1062811922.2322395,20225053035.21917,15965843630.491102
S2,2034,15880488.139725273,962514487.0,20622.9187487452,0.7458150342794402,193351.9529956968,MAIN,3.8049999999999997,0.55,0.75,19169945868.770664,1226743542.1434205,20396689410.914085,15632364048.940624
S2,2035,15873110.609244961,956699674.5,23042.624708523177,0.7458150342794402,193351.9529956968,MAIN,3.8049999999999997,0.55,0.75,19161040168.97678,1370678486.3774507,20531718655.35423,15277526913.82065
S2,2036,15846065.004945017,950836112.5,25077.89248313306,0.7458150342794402,193351.9529956968,MAIN,3.8049999999999997,0.55,0.75,19128392383.47696,1491745326.1130824,20620137709.590042,14896426207.804312
S2,2037,15822397.633210609,946098334.5,26637.231655163974,0.7458150342794402,193351.9529956968,MAIN,3.8049999999999997,0.55,0.75,19099822591.981083,1584501801.6927857,20684324393.67387,14507568965.107565
S2,2038,15740145.46830435,938918343.0,27974.269658719968,0.7458150342794402,193351.9529956968,MAIN,3.8049999999999997,0.55,0.75,19000532851.327717,1664034808.4628603,20664567659.790577,14071565038.314074
S2,2039,15587629.104482178,928614752.0,29136.00551099624,0.7458150342794402,193351.9529956968,MAIN,3.8049999999999997,0.55,0.75,18816424503.218506,1733140058.3947163,20549564561.61322,13585683033.501783
S2,2040,15387697.421616219,916493912.0,30050.262699248527,0.7458150342794402,193351.9529956968,MAIN,3.8049999999999997,0.55,0.75,18575079306.25286,1787524169.354516,20362603475.607376,13069980320.920517
S2,2041,15166817.028862923,902630241.5,30682.59876543051,0.7458150342794402,193351.9529956968,MAIN,3.8049999999999997,0.55,0.75,18308446118.70232,1825138349.7284904,20133584468.43081,12546584208.721651
S2,2042,14951583.323733367,888491026.5,31056.22923770178,0.7458150342794402,193351.9529956968,MAIN,3.8049999999999997,0.55,0.75,18048629264.197243,1847363563.0744271,19895992827.27167,12037402866.90896
S2,2043,14735836.219816009,874210052.5,31436.01676461194,0.7458150342794402,193351.9529956968,MAIN,3.8049999999999997,0.55,0.75,17788192666.3389,1869955025.597258,19658147691.93616,11547089949.967766
S2,2044,14529951.209960904,860618127.5,31906.188864951226,0.7458150342794402,193351.9529956968,MAIN,3.8049999999999997,0.55,0.75,17539660980.19755,1897922967.2263892,19437583947.423943,11084982520.199646
S2,2045,14346794.978323193,848510239.5,32485.560803427772,0.7458150342794402,193351.9529956968,MAIN,3.8049999999999997,0.55,0.75,17318566073.34517,1932386604.1482224,19250952677.493393,10658785742.51659
S2,2046,14176731.658438066,837524534.5,33169.06915551072,0.7458150342794402,193351.9529956968,MAIN,3.8049999999999997,0.55,0.75,17113276122.068031,1973044741.201197,19086320863.26923,10259837959.818409
S2,2047,14017422.601004202,827405193.5,33906.91940074116,0.7458150342794402,193351.9529956968,MAIN,3.8049999999999997,0.55,0.75,16920968053.163488,2016935377.3634741,18937903430.526962,9883549782.830603
S2,2048,13863616.712858627,817788496.5,34714.15302574001,0.7458150342794402,193351.9529956968,MAIN,3.8049999999999997,0.55,0.75,16735303070.82121,2064953247.604495,18800256318.425705,9525934744.909527
S2,2049,13698630.356426701,807675532.5,35523.1705214437,0.7458150342794402,193351.9529956968,MAIN,3.8049999999999997,0.55,0.75,16536141716.708044,2113077230.4619622,18649218947.170006,9174179956.494904
S2,2050,13518887.606639007,796875138.0,36237.93669084243,0.7458150342794402,193351.9529956968,MAIN,3.8049999999999997,0.55,0.75,16319167354.621862,2155594722.4394655,18474762077.06133,8823649258.788588
S3,2025,1224623.4919430215,972144522.0,0.0,0.7458150342794402,193351.9529956968,MAIN,3.8049999999999997,0.55,0.75,1478289952.0227692,0.0,1478289952.0227692,1478289952.0227692
S3,2026,3698352.033968722,969882870.0,172.14322295374458,0.7458150342794402,193351.9529956968,MAIN,3.8049999999999997,0.55,0.75,4464422483.178454,10239849.637923347,4474662332.816378,4344332361.957648
S3,2027,6200485.232280945,967732780.5,742.6095198918104,0.7458150342794402,193351.9529956968,MAIN,3.8049999999999997,0.55,0.75,7484843363.573956,44173739.12782997,7529017102.701785,7096820720.804774
S3,2028,8735411.403981289,966340604.0,2051.916419231286,0.7458150342794402,193351.9529956968,MAIN,3.8049999999999997,0.55,0.75,10544849898.969177,122057175.65866806,10666907074.627846,9761731040.440884
S3,2029,11331354.07664043,967665478.5,4371.312786880063,0.7458150342794402,193351.9529956968,MAIN,3.8049999999999997,0.55,0.75,13678511791.1891,260025256.23684353,13938537047.425943,12384209633.530937
S3,2030,13988654.238160858,970470777.5,7346.845177056195,0.7458150342794402,193351.9529956968,MAIN,3.8049999999999997,0.55,0.75,16886240659.799522,437023245.1519307,17323263904.951454,14943199618.61624
S3,2031,16699621.14731351,973536996.5,10950.693155503213,0.7458150342794402,193351.9529956968,MAIN,3.8049999999999997,0.55,0.75,20158752716.30762,651396258.4139595,20810148974.72158,17428172145.570812
S3,2032,19411099.804092273,974008198.5,15056.314366204257,0.7458150342794402,193351.9529956968,MAIN,3.8049999999999997,0.55,0.75,23431882522.98843,895616990.1191168,24327499513.107548,19780483346.317314
S3,2033,22038549.771734282,968958256.0,19663.551238094093,0.7458150342794402,193351.9529956968,MAIN,3.8049999999999997,0.55,0.75,26603578078.53021,1169676067.2349494,27773254145.76516,21924463289.61481
S3,2034,24641224.096807037,962514487.0,24657.899621087083,0.7458150342794402,193351.9529956968,MAIN,3.8049999999999997,0.55,0.75,29745366006.375805,1466762270.245077,31212128276.62088,23921497363.25789
S3,2035,24629776.628678452,956699674.5,29064.648864148192,0.7458150342794402,193351.9529956968,MAIN,3.8049999999999997,0.55,0.75,29731547328.862328,1728895445.5551696,31460442774.417496,23409524028.400696
S3,2036,24587810.866006345,950836112.5,32852.887794029,0.7458150342794402,193351.9529956968,MAIN,3.8049999999999997,0.55,0.75,29680888848.36174,1954236858.1818542,31635125706.543594,22853887898.28354
S3,2037,24551086.994198482,946098334.5,35944.81438992543,0.7458150342794402,193351.9529956968,MAIN,3.8049999999999997,0.55,0.75,29636558055.224007,2138158495.584815,31774716550.808823,22286146887.571964
S3,2038,24423459.051652253,938918343.0,38729.691305332795,0.7458150342794402,193351.9529956968,MAIN,3.8049999999999997,0.55,0.75,29482493474.31018,2303815443.2391396,31786308917.54932,21644929650.842297
S3,2039,24186804.493788183,928614752.0,41126.9826064469,0.7458150342794402,193351.9529956968,MAIN,3.8049999999999997,0.55,0.75,29196818687.494053,2446417063.21872,31643235750.712772,20919906588.51251
S3,2040,23876577.165874504,916493912.0,43040.12890030067,0.7458150342794402,193351.9529956968,MAIN,3.8049999999999997,0.55,0.75,28822331390.20236,2560219570.504626,31382550960.706985,20143265273.91611
S3,2041,23533844.42311897,902630241.5,44447.301836956925,0.7458150342794402,193351.9529956968,MAIN,3.8049999999999997,0.55,0.75,28408605560.853096,2643924517.110552,31052530077.963646,19350910123.725132
S3,2042,23199873.457326278,888491026.5,45408.45215135626,0.7458150342794402,193351.9529956968,MAIN,3.8049999999999997,0.55,0.75,28005456408.279392,2701098041.1681123,30706554449.447506,18577970437.143665
S3,2043,22865105.867747843,874210052.5,46383.98176015547,0.7458150342794402,193351.9529956968,MAIN,3.8049999999999997,0.55,0.75,27601345620.602535,2759126910.036974,30360472530.63951,17833577849.179913
S3,2044,22545640.96078934,860618127.5,47419.23096601041,0.7458150342794402,193351.9529956968,MAIN,3.8049999999999997,0.55,0.75,27215707287.60654,2820708167.921187,30036415455.52773,17129348029.805193
S3,2045,22261443.541364826,848510239.5,48554.756764922466,0.7458150342794402,193351.9529956968,MAIN,3.8049999999999997,0.55,0.75,26872641690.473927,2888254326.528701,29760896017.00263,16477886547.475008
S3,2046,21997561.956676405,837524534.5,49800.42805423462,0.7458150342794402,193351.9529956968,MAIN,3.8049999999999997,0.55,0.75,26554100116.07557,2962352432.059478,29516452548.135048,15866547694.654202
S3,2047,21750367.402558193,827405193.5,51092.43846548619,0.7458150342794402,193351.9529956968,MAIN,3.8049999999999997,0.55,0.75,26255702095.82536,3039206996.037303,29294909091.862663,15288793369.080183
S3,2048,21511711.93278564,817788496.5,52493.01746902586,0.7458150342794402,193351.9529956968,MAIN,3.8049999999999997,0.55,0.75,25967611931.557587,3122519705.9784455,29090131637.536034,14739729661.473097
S3,2049,21255708.103055436,807675532.5,53870.926311677125,0.7458150342794402,193351.9529956968,MAIN,3.8049999999999997,0.55,0.75,25658579897.09199,3204483893.2488627,28863063790.340855,14198714812.587965
S3,2050,20976807.269634865,796875138.0,55086.34005988289,0.7458150342794402,193351.9529956968,MAIN,3.8049999999999997,0.55,0.75,25321908011.921604,3276782144.76258,28598690156.684185,13658893692.420958
S4,2025,2499231.6162102614,972144522.0,0.0,0.7458150342794402,193351.9529956968,MAIN,3.8049999999999997,0.55,0.75,3016918269.4342394,0.0,3016918269.4342394,3016918269.4342394
S4,2026,7547657.212181076,969882870.0,351.31269990561066,0.7458150342794402,193351.9529956968,MAIN,3.8049999999999997,0.55,0.75,9111066292.20094,20897652.32229311,9131963944.523232,8865984412.158478
S4,2027,12654051.49445089,967732780.5,1515.5296324322917,0.7458150342794402,193351.9529956968,MAIN,3.8049999999999997,0.55,0.75,15275190537.906008,90150488.01598108,15365341025.92199,14483307593.479113
S4,2028,17827370.212206695,966340604.0,4187.5845290435145,0.7458150342794402,193351.9529956968,MAIN,3.8049999999999997,0.55,0.75,21520101834.630955,249096276.85442895,21769198111.485382,19921900082.532402
S4,2029,23125212.401306998,967665478.5,8921.046503836951,0.7458150342794402,193351.9529956968,MAIN,3.8049999999999997,0.55,0.75,27915330186.100204,530663788.2384614,28445993974.338665,25273897211.287632
S4,2030,25952976.323118497,970470777.5,14411.093077696862,0.7458150342794402,193351.9529956968,MAIN,3.8049999999999997,0.55,0.75,31328832392.94905,857236339.0302372,32186068731.979286,27763985622.9978
S4,2031,26216045.75716406,973536996.5,19884.354328877518,0.7458150342794402,193351.9529956968,MAIN,3.8049999999999997,0.55,0.75,31646393589.179935,1182810423.6761467,32829204012.856083,27493941520.222816
S4,2032,26409659.597404458,974008198.5,24951.989180834513,0.7458150342794402,193351.9529956968,MAIN,3.8049999999999997,0.55,0.75,31880112276.17474,1484256033.9856684,33364368310.160408,27128284654.32462
S4,2033,26456842.46306636,968958256.0,29778.410841949506,0.7458150342794402,193351.9529956968,MAIN,3.8049999999999997,0.55,0.75,31937068521.644905,1771353203.7203932,33708421725.3653,26609739384.151848
S4,2034,26467480.23287545,962514487.0,34371.53124790859,0.7458150342794402,193351.9529956968,MAIN,3.8049999999999997,0.55,0.75,31949909781.28444,2044572570.2390294,33994482351.523468,26053940081.567703
S4,2035,26455184.348741613,956699674.5,38404.374514205294,0.7458150342794402,193351.9529956968,MAIN,3.8049999999999997,0.55,0.75,31935066948.294643,2284464143.962418,34219531092.25706,25462544856.36776
S4,2036,26410108.34157503,950836112.5,41796.487471888395,0.7458150342794402,193351.9529956968,MAIN,3.8049999999999997,0.55,0.75,31880653972.4616,2486242210.188468,34366896182.65007,24827377013.007187
S4,2037,26370662.72201769,946098334.5,44395.38609193994,0.7458150342794402,193351.9529956968,MAIN,3.8049999999999997,0.55,0.75,31833037653.301823,2640836336.1546416,34473873989.45647,24179281608.51262
S4,2038,26233575.780507248,938918343.0,46623.78276453328,0.7458150342794402,193351.9529956968,MAIN,3.8049999999999997,0.55,0.75,31667554752.212864,2773391347.4381,34440946099.65096,23452608397.190125
S4,2039,25979381.84080363,928614752.0,48560.009184993825,0.7458150342794402,193351.9529956968,MAIN,3.8049999999999997,0.55,0.75,31360707505.364178,2888566763.991199,34249274269.355377,22642805055.83631
S4,2040,25646162.369360365,916493912.0,50083.77116541445,0.7458150342794402,193351.9529956968,MAIN,3.8049999999999997,0.55,0.75,30958465510.421425,2979206948.9242077,33937672459.345634,21783300534.86753
S4,2041,25278028.381438207,902630241.5,51137.664609051055,0.7458150342794402,193351.9529956968,MAIN,3.8049999999999997,0.55,0.75,30514076864.50386,3041897249.547496,33555974114.051357,20910973681.20276
S4,2042,24919305.539555613,888491026.5,51760.38206283651,0.7458150342794402,193351.9529956968,MAIN,3.8049999999999997,0.55,0.75,30081048773.66207,3078939271.7907243,33159988045.452797,20062338111.51494
S4,2043,24559727.03302668,874210052.5,52393.36127435344,0.7458150342794402,193351.9529956968,MAIN,3.8049999999999997,0.55,0.75,29646987777.231503,3116591709.328775,32763579486.560276,19245149916.61295
S4,2044,24216585.34993484,860618127.5,53176.9814415856,0.7458150342794402,193351.9529956968,MAIN,3.8049999999999997,0.55,0.75,29232768300.329247,3163204945.377329,32395973245.706573,18474970866.99941
S4,2045,23911324.963871986,848510239.5,54142.60133904654,0.7458150342794402,193351.9529956968,MAIN,3.8049999999999997,0.55,0.75,28864276788.908604,3220644340.247052,32084921129.155655,17764642904.194317
S4,2046,23627886.097396776,837524534.5,55281.78192585139,0.7458150342794402,193351.9529956968,MAIN,3.8049999999999997,0.55,0.75,28522126870.113384,3288407902.0020065,31810534772.11539,17099729933.030687
S4,2047,23362371.00167367,827405193.5,56511.5323345688,0.7458150342794402,193351.9529956968,MAIN,3.8049999999999997,0.55,0.75,28201613421.939156,3361558962.2724695,31563172384.211624,16472582971.38435
S4,2048,23106027.854764376,817788496.5,57856.921709566865,0.7458150342794402,193351.9529956968,MAIN,3.8049999999999997,0.55,0.75,27892171784.70202,3441588746.0075026,31333760530.709522,15876557908.18255
S4,2049,22831050.5940445,807675532.5,59205.28420240639,0.7458150342794402,193351.9529956968,MAIN,3.8049999999999997,0.55,0.75,27560236194.51341,3521795384.103283,31082031578.61669,15290299927.491514
S4,2050,22531479.344398346,796875138.0,60396.56115140426,0.7458150342794402,193351.9529956968,MAIN,3.8049999999999997,0.55,0.75,27198612257.703106,3592657870.7324553,30791270128.435562,14706082097.980988
S5,2025,1199631.175780931,972144522.0,0.0,0.7458150342794402,193351.9529956968,MAIN,3.8049999999999997,0.55,0.75,1448120769.3284416,0.0,1448120769.3284416,1448120769.3284416
S5,2026,3622875.46184691,969882870.0,168.6300959546929,0.7458150342794402,193351.9529956968,MAIN,3.8049999999999997,0.55,0.75,4373311820.256443,10030873.11470068,4383342693.371143,4255672517.8360615
S5,2027,6073944.717336428,967732780.5,727.4542235674859,0.7458150342794402,193351.9529956968,MAIN,3.8049999999999997,0.55,0.75,7332091458.194886,43272234.24767007,7375363692.442556,6951987644.869975
S5,2028,8557137.701859219,966340604.0,2010.04057394083,0.7458150342794402,193351.9529956968,MAIN,3.8049999999999997,0.55,0.75,10329648880.622862,119566212.8901225,10449215093.512985,9562512039.615553
S5,2029,11100101.952627346,967665478.5,4282.102321841674,0.7458150342794402,193351.9529956968,MAIN,3.8049999999999997,0.55,0.75,13399358489.328083,254718618.35445774,13654077107.68254,12131470661.418047
S5,2030,12457428.63509687,970470777.5,6917.324677294432,0.7458150342794402,193351.9529956968,MAIN,3.8049999999999997,0.55,0.75,15037839548.615532,411473442.7345102,15449312991.350042,13326713099.03893
S5,2031,12583701.963438744,973536996.5,9544.490077861103,0.7458150342794402,193351.9529956968,MAIN,3.8049999999999997,0.55,0.75,15190268922.806362,567749003.3645442,15758017926.170906,13197091929.70694
S5,2032,12676636.60675414,974008198.5,11976.954806800413,0.7458150342794402,193351.9529956968,MAIN,3.8049999999999997,0.55,0.75,15302453892.563883,712442896.3131117,16014896788.876995,13021576634.075817
S5,2033,12699284.382271852,968958256.0,14293.637204135572,0.7458150342794402,193351.9529956968,MAIN,3.8049999999999997,0.55,0.75,15329792890.389551,850249537.7857772,16180042428.17533,12772674904.392876
S5,2034,12704390.511780204,962514487.0,16498.33499899597,0.7458150342794402,193351.9529956968,MAIN,3.8049999999999997,0.55,0.75,15335956695.016516,981394833.714725,16317351528.731241,12505891239.15248
S5,2035,12698488.487395983,956699674.5,18434.09976681844,0.7458150342794402,193351.9529956968,MAIN,3.8049999999999997,0.55,0.75,15328832135.18144,1096542789.1019545,16425374924.283394,12222021531.056528
S5,2036,12676852.003956012,950836112.5,20062.313986506364,0.7458150342794402,193351.9529956968,MAIN,3.8049999999999997,0.55,0.75,15302713906.781569,1193396260.8904607,16496110167.67203,11917140966.243446
S5,2037,12657918.106568499,946098334.5,21309.785324131146,0.7458150342794402,193351.9529956968,MAIN,3.8049999999999997,0.55,0.75,15279858073.584883,1267601441.3542266,16547459514.93911,11606055172.086061
S5,2038,12592116.374643479,938918343.0,22379.415726975887,0.7458150342794402,193351.9529956968,MAIN,3.8049999999999997,0.55,0.75,15200426281.062176,1331227846.7702827,16531654127.832458,11257252030.651257
S5,2039,12470103.283585731,928614752.0,23308.804408796936,0.7458150342794402,193351.9529956968,MAIN,3.8049999999999997,0.55,0.75,15053139602.574793,1386512046.7157698,16439651649.290562,10868546426.801416
S5,2040,12310157.937292965,916493912.0,24040.21015939884,0.7458150342794402,193351.9529956968,MAIN,3.8049999999999997,0.55,0.75,14860063445.002275,1430019335.4836142,16290082780.48589,10455984256.736406
S5,2041,12133453.623090327,902630241.5,24546.07901234446,0.7458150342794402,193351.9529956968,MAIN,3.8049999999999997,0.55,0.75,14646756894.96184,1460110679.7827954,16106867574.744635,10037267366.977314
S5,2042,11961266.658986684,888491026.5,24844.983390161473,0.7458150342794402,193351.9529956968,MAIN,3.8049999999999997,0.55,0.75,14438903411.357782,1477890850.4595447,15916794261.817327,9629922293.527163
S5,2043,11788668.975852797,874210052.5,25148.813411689604,0.7458150342794402,193351.9529956968,MAIN,3.8049999999999997,0.55,0.75,14230554133.071108,1495964020.4778094,15726518153.548918,9237671959.974207
S5,2044,11623960.967968713,860618127.5,25524.951091961047,0.7458150342794402,193351.9529956968,MAIN,3.8049999999999997,0.55,0.75,14031728784.158026,1518338373.7811155,15550067157.93914,8867986016.159708
S5,2045,11477435.982658545,848510239.5,25988.448642742274,0.7458150342794402,193351.9529956968,MAIN,3.8049999999999997,0.55,0.75,13854852858.67612,1545909283.318581,15400762141.994701,8527028594.013265
S5,2046,11341385.326750444,837524534.5,26535.255324408616,0.7458150342794402,193351.9529956968,MAIN,3.8049999999999997,0.55,0.75,13690620897.654415,1578435792.96096,15269056690.615376,8207870367.854723
S5,2047,11213938.080803351,827405193.5,27125.535520592963,0.7458150342794402,193351.9529956968,MAIN,3.8049999999999997,0.55,0.75,13536774442.53078,1613548301.8907814,15150322744.421562,7906839826.264479
S5,2048,11090893.370286891,817788496.5,27771.322420592034,0.7458150342794402,193351.9529956968,MAIN,3.8049999999999997,0.55,0.75,13388242456.656956,1651962598.0835977,15040205054.740553,7620747795.927615
S5,2049,10958904.285141353,807675532.5,28418.536417155017,0.7458150342794402,193351.9529956968,MAIN,3.8049999999999997,0.55,0.75,13228913373.366426,1690461784.369573,14919375157.736,7339343965.195921
S5,2050,10815110.085311197,796875138.0,28990.349352673988,0.7458150342794402,193351.9529956968,MAIN,3.8049999999999997,0.55,0.75,13055333883.697481,1724475777.9515753,14779809661.649055,7058919407.030868
S6,2025,2799139.4101555054,972144522.0,0.0,0.7458150342794402,193351.9529956968,MAIN,3.8049999999999997,0.55,0.75,3378948461.766363,0.0,3378948461.766363,3378948461.766363
S6,2026,8453376.077642787,969882870.0,393.4702238942739,0.7458150342794402,193351.9529956968,MAIN,3.8049999999999997,0.55,0.75,10204394247.26503,23405370.60096769,10227799617.865997,9929902541.617474
S6,2027,14172537.673784984,967732780.5,1697.3931883241382,0.7458150342794402,193351.9529956968,MAIN,3.8049999999999997,0.55,0.75,17108213402.454714,100968546.5778971,17209181949.03261,16221304504.69659
S6,2028,19966654.6376715,966340604.0,4690.094672528703,0.7458150342794402,193351.9529956968,MAIN,3.8049999999999997,0.55,0.75,24102514054.78667,278987830.0769585,24381501884.86363,22312528092.436287
S6,2029,25900237.889463834,967665478.5,9991.572084297353,0.7458150342794402,193351.9529956968,MAIN,3.8049999999999997,0.55,0.75,31265169808.43222,594343442.8270749,31859513251.259296,28306764876.64214
S6,2030,31974066.830081988,970470777.5,16792.788976128482,0.7458150342794402,193351.9529956968,MAIN,3.8049999999999997,0.55,0.75,38597121508.11321,998910274.6329865,39596031782.7462,34155884842.55142
S6,2031,38170562.622430876,973536996.5,25030.15578400735,0.7458150342794402,193351.9529956968,MAIN,3.8049999999999997,0.55,0.75,46077149065.84599,1488905733.5176225,47566054799.36362,39835822047.019005
S6,2032,44368228.123639494,974008198.5,34414.432837038425,0.7458150342794402,193351.9529956968,MAIN,3.8049999999999997,0.55,0.75,53558588623.97358,2047124548.8437028,55605713172.81728,45212533363.01103
S6,2033,50373828.04967837,968958256.0,44945.25997278678,0.7458150342794402,193351.9529956968,MAIN,3.8049999999999997,0.55,0.75,60808178465.21192,2673545296.5370436,63481723761.74896,50113058947.69102
S6,2034,56322797.93555897,962514487.0,56360.913419627854,0.7458150342794402,193351.9529956968,MAIN,3.8049999999999997,0.55,0.75,67989408014.57329,3352599474.8459044,71342007489.41919,54677708258.8752
S6,2035,56296632.29412217,956699674.5,66433.48311805302,0.7458150342794402,193351.9529956968,MAIN,3.8049999999999997,0.55,0.75,67957822465.971016,3951761018.4118166,71909583484.38283,53507483493.4873
S6,2036,56200710.55087166,950836112.5,75092.3149577803,0.7458150342794402,193351.9529956968,MAIN,3.8049999999999997,0.55,0.75,67842031653.39829,4466827104.415651,72308858757.81395,52237458053.21953
S6,2037,56116770.27245367,946098334.5,82159.57574840069,0.7458150342794402,193351.9529956968,MAIN,3.8049999999999997,0.55,0.75,67740704126.2263,4887219418.479559,72627923544.70586,50939764314.45019
S6,2038,55825049.260919414,938918343.0,88525.00869790345,0.7458150342794402,193351.9529956968,MAIN,3.8049999999999997,0.55,0.75,67388556512.70896,5265863870.260886,72654420382.96985,49474124916.210945
S6,2039,55284124.55723012,928614752.0,94004.53167187858,0.7458150342794402,193351.9529956968,MAIN,3.8049999999999997,0.55,0.75,66735585571.41496,5591810430.214214,72327396001.62918,47816929345.17144
S6,2040,54575033.52199886,916493912.0,98377.43748640138,0.7458150342794402,193351.9529956968,MAIN,3.8049999999999997,0.55,0.75,65879614606.1768,5851930446.867708,71731545053.04451,46041749197.52252
S6,2041,53791644.3957005,902630241.5,101593.83277018697,0.7458150342794402,193351.9529956968,MAIN,3.8049999999999997,0.55,0.75,64933955567.664215,6043256039.109817,70977211606.77403,44230651711.37172
S6,2042,53028282.188174345,888491026.5,103790.74777452837,0.7458150342794402,193351.9529956968,MAIN,3.8049999999999997,0.55,0.75,64012471790.35288,6173938379.812815,70186410170.1657,42463932427.75693
S6,2043,52263099.12628078,874210052.5,106020.52973749813,0.7458150342794402,193351.9529956968,MAIN,3.8049999999999997,0.55,0.75,63088789989.94862,6306575794.370221,69395365784.31885,40762463655.26835
S6,2044,51532893.62466134,860618127.5,108386.81363659518,0.7458150342794402,193351.9529956968,MAIN,3.8049999999999997,0.55,0.75,62207330943.10064,6447332955.2484255,68654663898.34907,39152795496.69756
S6,2045,50883299.52311959,848510239.5,110982.30117696556,0.7458150342794402,193351.9529956968,MAIN,3.8049999999999997,0.55,0.75,61423181006.79752,6601724174.922739,68024905181.72026,37663740679.942856
S6,2046,50280141.61526035,837524534.5,113829.54983825044,0.7458150342794402,193351.9529956968,MAIN,3.8049999999999997,0.55,0.75,60695085979.601295,6771091273.278799,67466177252.8801,36266394730.63817
S6,2047,49715125.49156157,827405193.5,116782.71649253971,0.7458150342794402,193351.9529956968,MAIN,3.8049999999999997,0.55,0.75,60013033361.88651,6946758848.085254,66959792209.97176,34945813415.0404
S6,2048,49169627.2749386,817788496.5,119984.03992920175,0.7458150342794402,193351.9529956968,MAIN,3.8049999999999997,0.55,0.75,59354541557.8459,7137187899.379292,66491729457.22519,33690810654.79563
S6,2049,48584475.6641267,807675532.5,123133.5458552618,0.7458150342794402,193351.9529956968,MAIN,3.8049999999999997,0.55,0.75,58648182621.92455,7324534613.140245,65972717235.0648,32454205285.91534
S6,2050,47946988.04487968,796875138.0,125911.63442258927,0.7458150342794402,193351.9529956968,MAIN,3.8049999999999997,0.55,0.75,57878646884.39221,7489787759.457315,65368434643.849525,31220328439.819313
S7,2025,7497694.848630803,972144522.0,0.0,0.7458150342794402,193351.9529956968,MAIN,3.8049999999999997,0.55,0.75,9050754808.30274,0.0,9050754808.30274,9050754808.30274
S7,2026,22642971.636543203,969882870.0,1053.9380997168123,0.7458150342794402,193351.9529956968,MAIN,3.8049999999999997,0.55,0.75,27333198876.602787,62692956.96687817,27395891833.569664,26597953236.475403
S7,2027,37962154.483352646,967732780.5,4546.588897296859,0.7458150342794402,193351.9529956968,MAIN,3.8049999999999997,0.55,0.75,45825571613.717995,270451464.0479422,46096023077.76594,43449922780.43731
S7,2028,53482110.636620075,966340604.0,12562.753587130477,0.7458150342794402,193351.9529956968,MAIN,3.8049999999999997,0.55,0.75,64560305503.892845,747288830.563283,65307594334.45613,59765700247.59718
S7,2029,69375637.20392098,967665478.5,26763.13951151083,0.7458150342794402,193351.9529956968,MAIN,3.8049999999999997,0.55,0.75,83745990558.30058,1591991364.7153828,85337981923.01596,75821691633.86287
S7,2030,77858928.96935546,970470777.5,43233.279233090536,0.7458150342794402,193351.9529956968,MAIN,3.8049999999999997,0.55,0.75,93986497178.8471,2571709017.0907087,96558206195.93782,83291956868.99336
S7,2031,78648137.27149215,973536996.5,59653.06298663262,0.7458150342794402,193351.9529956968,MAIN,3.8049999999999997,0.55,0.75,94939180767.53978,3548431271.0284443,98487612038.56822,82481824560.66843
S7,2032,79228978.79221337,974008198.5,74855.96754250376,0.7458150342794402,193351.9529956968,MAIN,3.8049999999999997,0.55,0.75,95640336828.52422,4452768101.957018,100093104930.48123,81384853962.97386
S7,2033,79370527.38919911,968958256.0,89335.23252584881,0.7458150342794402,193351.9529956968,MAIN,3.8049999999999997,0.55,0.75,95811205564.93475,5314059611.161196,101125265176.09595,79829218152.45558
S7,2034,79402440.69862634,962514487.0,103114.59374372583,0.7458150342794402,193351.9529956968,MAIN,3.8049999999999997,0.55,0.75,95849729343.85329,6133717710.717091,101983447054.57037,78161820244.70308
S7,2035,79365553.04622485,956699674.5,115213.12354261587,0.7458150342794402,193351.9529956968,MAIN,3.8049999999999997,0.55,0.75,95805200844.88396,6853392431.887253,102658593276.77121,76387634569.1033
S7,2036,79230325.02472508,950836112.5,125389.4624156651,0.7458150342794402,193351.9529956968,MAIN,3.8049999999999997,0.55,0.75,95641961917.3848,7458726630.565399,103100688547.9502,74482131039.02155
S7,2037,79111988.1660531,946098334.5,133186.15827581973,0.7458150342794402,193351.9529956968,MAIN,3.8049999999999997,0.55,0.75,95499112959.9055,7922509008.463921,103421621968.36942,72537844825.53787
S7,2038,78700727.34152173,938918343.0,139871.3482935997,0.7458150342794402,193351.9529956968,MAIN,3.8049999999999997,0.55,0.75,95002664256.63858,8320174042.314293,103322838298.95288,70357825191.57036
S7,2039,77938145.52241088,928614752.0,145680.02755498132,0.7458150342794402,193351.9529956968,MAIN,3.8049999999999997,0.55,0.75,94082122516.09251,8665700291.973589,102747822808.0661,67928415167.50891
S7,2040,76938487.10808109,916493912.0,150251.3134962431,0.7458150342794402,193351.9529956968,MAIN,3.8049999999999997,0.55,0.75,92875396531.26427,8937620846.772608,101813017378.03688,65349901604.602585
S7,2041,75834085.14431462,902630241.5,153412.99382715306,0.7458150342794402,193351.9529956968,MAIN,3.8049999999999997,0.55,0.75,91542230593.51158,9125691748.642483,100667922342.15407,62732921043.60828
S7,2042,74757916.61866683,888491026.5,155281.14618850953,0.7458150342794402,193351.9529956968,MAIN,3.8049999999999997,0.55,0.75,90243146320.98622,9236817815.372173,99479964136.3584,60187014334.54482
S7,2043,73679181.09908004,874210052.5,157180.08382306033,0.7458150342794402,193351.9529956968,MAIN,3.8049999999999997,0.55,0.75,88940963331.6945,9349775127.986326,98290738459.68083,57735449749.838844
S7,2044,72649756.04980451,860618127.5,159530.94432475694,0.7458150342794402,193351.9529956968,MAIN,3.8049999999999997,0.55,0.75,87698304900.98773,9489614836.131996,97187919737.11972,55424912600.99823
S7,2045,71733974.89161596,848510239.5,162427.80401713974,0.7458150342794402,193351.9529956968,MAIN,3.8049999999999997,0.55,0.75,86592830366.72583,9661933020.741163,96254763387.467,53293928712.58296
S7,2046,70883658.29219033,837524534.5,165845.34577755444,0.7458150342794402,193351.9529956968,MAIN,3.8049999999999997,0.55,0.75,85566380610.34016,9865223706.006035,95431604316.34619,51299189799.09207
S7,2047,70087113.005021,827405193.5,169534.5970037066,0.7458150342794402,193351.9529956968,MAIN,3.8049999999999997,0.55,0.75,84604840265.81746,10084676886.817421,94689517152.63489,49417748914.15305
S7,2048,69318083.56429313,817788496.5,173570.76512870082,0.7458150342794402,193351.9529956968,MAIN,3.8049999999999997,0.55,0.75,83676515354.10606,10324766238.022522,94001281592.12859,47629673724.54766
S7,2049,68493151.7821335,807675532.5,177615.85260721942,0.7458150342794402,193351.9529956968,MAIN,3.8049999999999997,0.55,0.75,82680708583.54024,10565386152.309864,93246094735.8501,45870899782.47455
S7,2050,67594438.03319503,796875138.0,181189.68345421308,0.7458150342794402,193351.9529956968,MAIN,3.8049999999999997,0.55,0.75,81595836773.10931,10777973612.197384,92373810385.3067,44118246293.94297
S0,2025,0.0,972144522.0,0.0,0.7458150342794402,193351.9529956968,HIGH,4.57,0.7,1.0,0.0,0.0,0.0,0.0
S0,2026,0.0,969882870.0,0.0,0.7458150342794402,193351.9529956968,HIGH,4.57,0.7,1.0,0.0,0.0,0.0,0.0
S0,2027,0.0,967732780.5,0.0,0.7458150342794402,193351.9529956968,HIGH,4.57,0.7,1.0,0.0,0.0,0.0,0.0
S0,2028,0.0,966340604.0,0.0,0.7458150342794402,193351.9529956968,HIGH,4.57,0.7,1.0,0.0,0.0,0.0,0.0
S0,2029,0.0,967665478.5,0.0,0.7458150342794402,193351.9529956968,HIGH,4.57,0.7,1.0,0.0,0.0,0.0,0.0
S0,2030,0.0,970470777.5,0.0,0.7458150342794402,193351.9529956968,HIGH,4.57,0.7,1.0,0.0,0.0,0.0,0.0
S0,2031,0.0,973536996.5,0.0,0.7458150342794402,193351.9529956968,HIGH,4.57,0.7,1.0,0.0,0.0,0.0,0.0
S0,2032,0.0,974008198.5,0.0,0.7458150342794402,193351.9529956968,HIGH,4.57,0.7,1.0,0.0,0.0,0.0,0.0
S0,2033,0.0,968958256.0,0.0,0.7458150342794402,193351.9529956968,HIGH,4.57,0.7,1.0,0.0,0.0,0.0,0.0
S0,2034,0.0,962514487.0,0.0,0.7458150342794402,193351.9529956968,HIGH,4.57,0.7,1.0,0.0,0.0,0.0,0.0
S0,2035,0.0,956699674.5,0.0,0.7458150342794402,193351.9529956968,HIGH,4.57,0.7,1.0,0.0,0.0,0.0,0.0
S0,2036,0.0,950836112.5,0.0,0.7458150342794402,193351.9529956968,HIGH,4.57,0.7,1.0,0.0,0.0,0.0,0.0
S0,2037,0.0,946098334.5,0.0,0.7458150342794402,193351.9529956968,HIGH,4.57,0.7,1.0,0.0,0.0,0.0,0.0
S0,2038,0.0,938918343.0,0.0,0.7458150342794402,193351.9529956968,HIGH,4.57,0.7,1.0,0.0,0.0,0.0,0.0
S0,2039,0.0,928614752.0,0.0,0.7458150342794402,193351.9529956968,HIGH,4.57,0.7,1.0,0.0,0.0,0.0,0.0
S0,2040,0.0,916493912.0,0.0,0.7458150342794402,193351.9529956968,HIGH,4.57,0.7,1.0,0.0,0.0,0.0,0.0
S0,2041,0.0,902630241.5,0.0,0.7458150342794402,193351.9529956968,HIGH,4.57,0.7,1.0,0.0,0.0,0.0,0.0
S0,2042,0.0,888491026.5,0.0,0.7458150342794402,193351.9529956968,HIGH,4.57,0.7,1.0,0.0,0.0,0.0,0.0
S0,2043,0.0,874210052.5,0.0,0.7458150342794402,193351.9529956968,HIGH,4.57,0.7,1.0,0.0,0.0,0.0,0.0
S0,2044,0.0,860618127.5,0.0,0.7458150342794402,193351.9529956968,HIGH,4.57,0.7,1.0,0.0,0.0,0.0,0.0
S0,2045,0.0,848510239.5,0.0,0.7458150342794402,193351.9529956968,HIGH,4.57,0.7,1.0,0.0,0.0,0.0,0.0
S0,2046,0.0,837524534.5,0.0,0.7458150342794402,193351.9529956968,HIGH,4.57,0.7,1.0,0.0,0.0,0.0,0.0
S0,2047,0.0,827405193.5,0.0,0.7458150342794402,193351.9529956968,HIGH,4.57,0.7,1.0,0.0,0.0,0.0,0.0
S0,2048,0.0,817788496.5,0.0,0.7458150342794402,193351.9529956968,HIGH,4.57,0.7,1.0,0.0,0.0,0.0,0.0
S0,2049,0.0,807675532.5,0.0,0.7458150342794402,193351.9529956968,HIGH,4.57,0.7,1.0,0.0,0.0,0.0,0.0
S0,2050,0.0,796875138.0,0.0,0.7458150342794402,193351.9529956968,HIGH,4.57,0.7,1.0,0.0,0.0,0.0,0.0
S1,2025,499846.3232420512,972144522.0,0.0,0.7458150342794402,193351.9529956968,HIGH,4.57,0.7,1.0,1014572567.0349658,0.0,1014572567.0349658,1014572567.0349658
S1,2026,1509531.4424362124,969882870.0,70.26253998111939,0.7458150342794402,193351.9529956968,HIGH,4.57,0.7,1.0,3064000112.352247,7801790.200322458,3071801902.55257,2982331944.2257957
S1,2027,2530810.2988901706,967732780.5,303.1059264864413,0.7458150342794402,193351.9529956968,HIGH,4.57,0.7,1.0,5136960266.045855,33656182.192631036,5170616448.238485,4873801911.809299
S1,2028,3565474.0424413537,966340604.0,837.5169058086879,0.7458150342794402,193351.9529956968,HIGH,4.57,0.7,1.0,7237088648.513504,92995943.35898513,7330084591.872489,6708065776.605217
S1,2029,4625042.480261402,967665478.5,1784.2093007673911,0.7458150342794402,193351.9529956968,HIGH,4.57,0.7,1.0,9387767807.131102,198114480.94235903,9585882288.073462,8516932255.797678
S1,2030,5190595.264623705,970470777.5,2882.2186155393397,0.7458150342794402,193351.9529956968,HIGH,4.57,0.7,1.0,10535709311.436966,320034899.9046182,10855744211.341583,9364260317.730787
S1,2031,5243209.151432812,973536996.5,3976.87086577551,0.7458150342794402,193351.9529956968,HIGH,4.57,0.7,1.0,10642503347.362589,441582558.17242885,11084085905.535017,9282747445.614763
S1,2032,5281931.919480901,974008198.5,4990.397836166868,0.7458150342794402,193351.9529956968,HIGH,4.57,0.7,1.0,10721101621.18089,554122252.687979,11275223873.868868,9167788820.3387
S1,2033,5291368.492613283,968958256.0,5955.682168389887,0.7458150342794402,193351.9529956968,HIGH,4.57,0.7,1.0,10740255684.703526,661305196.0556117,11401560880.759138,9000497444.86379
S1,2034,5293496.046575087,962514487.0,6874.30624958163,0.7458150342794402,193351.9529956968,HIGH,4.57,0.7,1.0,10744574127.761248,763307092.8892277,11507881220.650475,8819832721.329523
S1,2035,5291036.869748319,956699674.5,7680.874902840995,0.7458150342794402,193351.9529956968,HIGH,4.57,0.7,1.0,10739582566.89561,852866613.7459623,11592449180.641573,8625870894.064919
S1,2036,5282021.668315,950836112.5,8359.297494377639,0.7458150342794402,193351.9529956968,HIGH,4.57,0.7,1.0,10721283790.581295,928197091.8036903,11649480882.384985,8415832850.765434
S1,2037,5274132.544403551,946098334.5,8879.07721838798,0.7458150342794402,193351.9529956968,HIGH,4.57,0.7,1.0,10705270691.502,985912232.1643987,11691182923.666399,8199960478.315269
S1,2038,5246715.156101448,938918343.0,9324.756552906592,0.7458150342794402,193351.9529956968,HIGH,4.57,0.7,1.0,10649619726.920256,1035399436.3768836,11685019163.29714,7956929457.093145
S1,2039,5195876.368160725,928614752.0,9712.00183699874,0.7458150342794402,193351.9529956968,HIGH,4.57,0.7,1.0,10546428731.633114,1078398258.5567114,11624826990.189825,7685380112.775357
S1,2040,5129232.473872072,916493912.0,10016.754233082951,0.7458150342794402,193351.9529956968,HIGH,4.57,0.7,1.0,10411157021.58614,1112237260.931711,11523394282.51785,7396428294.797107
S1,2041,5055605.676287639,902630241.5,10227.532921810322,0.7458150342794402,193351.9529956968,HIGH,4.57,0.7,1.0,10261711630.96429,1135641639.8310776,11397353270.795368,7102453752.971904
S1,2042,4983861.10791112,888491026.5,10352.076412567396,0.7458150342794402,193351.9529956968,HIGH,4.57,0.7,1.0,10116086730.822071,1149470661.4685473,11265557392.290619,6815847493.943954
S1,2043,4911945.406605334,874210052.5,10478.672254870811,0.7458150342794402,193351.9529956968,HIGH,4.57,0.7,1.0,9970114470.366734,1163527571.4827564,11133642041.84949,6539841298.512324
S1,2044,4843317.0699869655,860618127.5,10635.396288317219,0.7458150342794402,193351.9529956968,HIGH,4.57,0.7,1.0,9830814800.815058,1180929846.2742136,11011744647.089272,6279844103.056019
S1,2045,4782264.992774395,848510239.5,10828.520267809414,0.7458150342794402,193351.9529956968,HIGH,4.57,0.7,1.0,9706893187.670813,1202373887.0255778,10909267074.69639,6040196675.202671
S1,2046,4725577.219479353,837524534.5,11056.356385170395,0.7458150342794402,193351.9529956968,HIGH,4.57,0.7,1.0,9591830103.284382,1227672283.4140954,10819502386.698477,5816015673.6661415
S1,2047,4672474.200334732,827405193.5,11302.306466913913,0.7458150342794402,193351.9529956968,HIGH,4.57,0.7,1.0,9484043241.711782,1254982012.581739,10739025254.293522,5604616747.004485
S1,2048,4621205.570952874,817788496.5,11571.384341913548,0.7458150342794402,193351.9529956968,HIGH,4.57,0.7,1.0,9379979767.596502,1284859798.5094872,10664839566.10599,5403786206.472425
S1,2049,4566210.118808899,807675532.5,11841.05684048148,0.7458150342794402,193351.9529956968,HIGH,4.57,0.7,1.0,9268351704.204823,1314803610.0652483,10583155314.270071,5206211136.010205
S1,2050,4506295.868879668,796875138.0,12079.31223028107,0.7458150342794402,193351.9529956968,HIGH,4.57,0.7,1.0,9146739617.597082,1341258938.4068074,10487998556.00389,5009126520.755696
S2,2025,1499538.9697261713,972144522.0,0.0,0.7458150342794402,193351.9529956968,HIGH,4.57,0.7,1.0,3043717701.1049333,0.0,3043717701.1049333,3043717701.1049333
S2,2026,4528594.327308641,969882870.0,210.78761994335954,0.7458150342794402,193351.9529956968,HIGH,4.57,0.7,1.0,9192000337.05675,23405370.600967523,9215405707.657717,8946995832.677395
S2,2027,7592430.89667053,967732780.5,909.3177794593669,0.7458150342794402,193351.9529956968,HIGH,4.57,0.7,1.0,15410880798.137598,100968546.57789788,15511849344.715496,14621405735.427935
S2,2028,10696422.127324032,966340604.0,2512.550717426102,0.7458150342794402,193351.9529956968,HIGH,4.57,0.7,1.0,21711265945.54045,278987830.07695967,21990253775.617413,20124197329.8156
S2,2029,13875127.440784195,967665478.5,5352.627902302194,0.7458150342794402,193351.9529956968,HIGH,4.57,0.7,1.0,28163303421.393284,594343442.8270794,28757646864.220364,25550796767.393017
S2,2030,15571785.7938711,970470777.5,8646.655846618105,0.7458150342794402,193351.9529956968,HIGH,4.57,0.7,1.0,31607127934.310863,960104699.7138642,32567232634.024727,28092780953.192345
S2,2031,15729627.454298433,973536996.5,11930.61259732651,0.7458150342794402,193351.9529956968,HIGH,4.57,0.7,1.0,31927510042.08776,1324747674.5172842,33252257716.605045,27848242336.844284
S2,2032,15845795.758442678,974008198.5,14971.193508500763,0.7458150342794402,193351.9529956968,HIGH,4.57,0.7,1.0,32163304863.54261,1662366758.0639546,33825671621.606564,27503366461.016068
S2,2033,15874105.477839807,968958256.0,17867.046505169765,0.7458150342794402,193351.9529956968,HIGH,4.57,0.7,1.0,32220767054.11049,1983915588.166847,34204682642.277336,27001492334.591312
S2,2034,15880488.139725273,962514487.0,20622.9187487452,0.7458150342794402,193351.9529956968,HIGH,4.57,0.7,1.0,32233722383.283768,2289921278.6677184,34523643661.951485,26459498163.988613
S2,2035,15873110.609244961,956699674.5,23042.624708523177,0.7458150342794402,193351.9529956968,HIGH,4.57,0.7,1.0,32218747700.686844,2558599841.2379084,34777347541.92475,25877612682.194782
S2,2036,15846065.004945017,950836112.5,25077.89248313306,0.7458150342794402,193351.9529956968,HIGH,4.57,0.7,1.0,32163851371.74392,2784591275.4110866,34948442647.15501,25247498552.29634
S2,2037,15822397.633210609,946098334.5,26637.231655163974,0.7458150342794402,193351.9529956968,HIGH,4.57,0.7,1.0,32115812074.50591,2957736696.4932,35073548770.99911,24599881434.945744
S2,2038,15740145.46830435,938918343.0,27974.269658719968,0.7458150342794402,193351.9529956968,HIGH,4.57,0.7,1.0,31948859180.76078,3106198309.130672,35055057489.89145,23870788371.279457
S2,2039,15587629.104482178,928614752.0,29136.00551099624,0.7458150342794402,193351.9529956968,HIGH,4.57,0.7,1.0,31639286194.89935,3235194775.670137,34874480970.56949,23056140338.32608
S2,2040,15387697.421616219,916493912.0,30050.262699248527,0.7458150342794402,193351.9529956968,HIGH,4.57,0.7,1.0,31233471064.75842,3336711782.7950964,34570182847.55351,22189284884.391296
S2,2041,15166817.028862923,902630241.5,30682.59876543051,0.7458150342794402,193351.9529956968,HIGH,4.57,0.7,1.0,30785134892.892883,3406924919.4931827,34192059812.386066,21307361258.915688
S2,2042,14951583.323733367,888491026.5,31056.22923770178,0.7458150342794402,193351.9529956968,HIGH,4.57,0.7,1.0,30348260192.46622,3448411984.405597,33796672176.87182,20447542481.83184
S2,2043,14735836.219816009,874210052.5,31436.01676461194,0.7458150342794402,193351.9529956968,HIGH,4.57,0.7,1.0,29910343411.100216,3490582714.448214,33400926125.54843,19619523895.536953
S2,2044,14529951.209960904,860618127.5,31906.188864951226,0.7458150342794402,193351.9529956968,HIGH,4.57,0.7,1.0,29492444402.44519,3542789538.8225927,33035233941.267784,18839532309.16804
S2,2045,14346794.978323193,848510239.5,32485.560803427772,0.7458150342794402,193351.9529956968,HIGH,4.57,0.7,1.0,29120679563.01246,3607121661.0766816,32727801224.08914,18120590025.607998
S2,2046,14176731.658438066,837524534.5,33169.06915551072,0.7458150342794402,193351.9529956968,HIGH,4.57,0.7,1.0,28775490309.853165,3683016850.2422347,32458507160.095398,17448047020.998405
S2,2047,14017422.601004202,827405193.5,33906.91940074116,0.7458150342794402,193351.9529956968,HIGH,4.57,0.7,1.0,28452129725.135353,3764946037.7451515,32217075762.880505,16813850241.013422
S2,2048,13863616.712858627,817788496.5,34714.15302574001,0.7458150342794402,193351.9529956968,HIGH,4.57,0.7,1.0,28139939302.789516,3854579395.528391,31994518698.31791,16211358619.417246
S2,2049,13698630.356426701,807675532.5,35523.1705214437,0.7458150342794402,193351.9529956968,HIGH,4.57,0.7,1.0,27805055112.61448,3944410830.195663,31749465942.810143,15618633408.030582
S2,2050,13518887.606639007,796875138.0,36237.93669084243,0.7458150342794402,193351.9529956968,HIGH,4.57,0.7,1.0,27440218852.79125,4023776815.2203355,31463995668.011585,15027379562.267052
S3,2025,1224623.4919430215,972144522.0,0.0,0.7458150342794402,193351.9529956968,HIGH,4.57,0.7,1.0,2485702789.235658,0.0,2485702789.235658,2485702789.235658
S3,2026,3698352.033968722,969882870.0,172.14322295374458,0.7458150342794402,193351.9529956968,HIGH,4.57,0.7,1.0,7506800275.26301,19114385.990790248,7525914661.2538,7306713263.353204
S3,2027,6200485.232280945,967732780.5,742.6095198918104,0.7458150342794402,193351.9529956968,HIGH,4.57,0.7,1.0,12585552651.812399,82457646.37194929,12668010298.18435,11940814683.93284
S3,2028,8735411.403981289,966340604.0,2051.916419231286,0.7458150342794402,193351.9529956968,HIGH,4.57,0.7,1.0,17730867188.858032,227840061.22951365,17958707250.087547,16434761152.682735
S3,2029,11331354.07664043,967665478.5,4371.312786880063,0.7458150342794402,193351.9529956968,HIGH,4.57,0.7,1.0,23000031127.471195,485380478.30877453,23485411605.77997,20866484026.7043
S3,2030,13988654.238160858,970470777.5,7346.845177056195,0.7458150342794402,193351.9529956968,HIGH,4.57,0.7,1.0,28393736594.322563,815776724.2836039,29209513318.606167,25196382776.21591
S3,2031,16699621.14731351,973536996.5,10950.693155503213,0.7458150342794402,193351.9529956968,HIGH,4.57,0.7,1.0,33896373161.349854,1215939682.3727245,35112312843.72258,29406009222.36893
S3,2032,19411099.804092273,974008198.5,15056.314366204257,0.7458150342794402,193351.9529956968,HIGH,4.57,0.7,1.0,39400048457.83968,1671818381.5556846,41071866839.39537,33395186282.13695
S3,2033,22038549.771734282,968958256.0,19663.551238094093,0.7458150342794402,193351.9529956968,HIGH,4.57,0.7,1.0,44733164926.79009,2183395325.505239,46916560252.295334,37036365905.40808
S3,2034,24641224.096807037,962514487.0,24657.899621087083,0.7458150342794402,193351.9529956968,HIGH,4.57,0.7,1.0,50015992564.72862,2737956237.7908106,52753948802.51943,40431509059.44992
S3,2035,24629776.628678452,956699674.5,29064.648864148192,0.7458150342794402,193351.9529956968,HIGH,4.57,0.7,1.0,49992756848.899124,3227271498.36965,53220028347.268776,39600699243.8339
S3,2036,24587810.866006345,950836112.5,32852.887794029,0.7458150342794402,193351.9529956968,HIGH,4.57,0.7,1.0,49907576045.15596,3647908801.9394608,53555484847.09542,38689621732.10433
S3,2037,24551086.994198482,946098334.5,35944.81438992543,0.7458150342794402,193351.9529956968,HIGH,4.57,0.7,1.0,49833035068.94172,3991229191.7583213,53824264260.70004,37751256018.64471
S3,2038,24423459.051652253,938918343.0,38729.691305332795,0.7458150342794402,193351.9529956968,HIGH,4.57,0.7,1.0,49573979828.81382,4300455494.046393,53874435322.860214,36685868924.47744
S3,2039,24186804.493788183,928614752.0,41126.9826064469,0.7458150342794402,193351.9529956968,HIGH,4.57,0.7,1.0,49093625745.75216,4566645184.674944,53660270930.4271,35475760577.156586
S3,2040,23876577.165874504,916493912.0,43040.12890030067,0.7458150342794402,193351.9529956968,HIGH,4.57,0.7,1.0,48463935935.48348,4779076531.608635,53243012467.09212,34174663667.39545
S3,2041,23533844.42311897,902630241.5,44447.301836956925,0.7458150342794402,193351.9529956968,HIGH,4.57,0.7,1.0,47768267642.13881,4935325765.273029,52703593407.411835,32843136989.59821
S3,2042,23199873.457326278,888491026.5,45408.45215135626,0.7458150342794402,193351.9529956968,HIGH,4.57,0.7,1.0,47090383731.97675,5042049676.847142,52132433408.8239,31540979574.245827
S3,2043,22865105.867747843,874210052.5,46383.98176015547,0.7458150342794402,193351.9529956968,HIGH,4.57,0.7,1.0,46410882859.557175,5150370232.069018,51561253091.62619,30286802027.959587
S3,2044,22545640.96078934,860618127.5,47419.23096601041,0.7458150342794402,193351.9529956968,HIGH,4.57,0.7,1.0,45762442897.79413,5265321913.452883,51027764811.24701,29100421251.299393
S3,2045,22261443.541364826,848510239.5,48554.756764922466,0.7458150342794402,193351.9529956968,HIGH,4.57,0.7,1.0,45185587788.607666,5391408076.186908,50576995864.79457,28003256329.919254
S3,2046,21997561.956676405,837524534.5,49800.42805423462,0.7458150342794402,193351.9529956968,HIGH,4.57,0.7,1.0,44649969130.78884,5529724539.844358,50179693670.6332,26974057997.98745
S3,2047,21750367.402558193,827405193.5,51092.43846548619,0.7458150342794402,193351.9529956968,HIGH,4.57,0.7,1.0,44148221290.168365,5673186392.602966,49821407682.77133,26001419053.05237
S3,2048,21511711.93278564,817788496.5,52493.01746902586,0.7458150342794402,193351.9529956968,HIGH,4.57,0.7,1.0,43663805818.16174,5828703451.159763,49492509269.3215,25077446055.84536
S3,2049,21255708.103055436,807675532.5,53870.926311677125,0.7458150342794402,193351.9529956968,HIGH,4.57,0.7,1.0,43144177183.07348,5981703267.397878,49125880450.47136,24166677920.968414
S3,2050,20976807.269634865,796875138.0,55086.34005988289,0.7458150342794402,193351.9529956968,HIGH,4.57,0.7,1.0,42578072919.91444,6116660003.556817,48694732923.47125,23256875637.958942
S4,2025,2499231.6162102614,972144522.0,0.0,0.7458150342794402,193351.9529956968,HIGH,4.57,0.7,1.0,5072862835.17484,0.0,5072862835.17484,5072862835.17484
S4,2026,7547657.212181076,969882870.0,351.31269990561066,0.7458150342794402,193351.9529956968,HIGH,4.57,0.7,1.0,15320000561.761265,39008951.00161381,15359009512.762878,14911659721.129007
S4,2027,12654051.49445089,967732780.5,1515.5296324322917,0.7458150342794402,193351.9529956968,HIGH,4.57,0.7,1.0,25684801330.229343,168280910.96316466,25853082241.19251,24369009559.046574
S4,2028,17827370.212206695,966340604.0,4187.5845290435145,0.7458150342794402,193351.9529956968,HIGH,4.57,0.7,1.0,36185443242.56737,464979716.7949341,36650422959.362305,33540328883.025955
S4,2029,23125212.401306998,967665478.5,8921.046503836951,0.7458150342794402,193351.9529956968,HIGH,4.57,0.7,1.0,46938839035.65549,990572404.7117945,47929411440.36728,42584661278.988365
S4,2030,25952976.323118497,970470777.5,14411.093077696862,0.7458150342794402,193351.9529956968,HIGH,4.57,0.7,1.0,52678546557.18476,1600174499.5231094,54278721056.70787,46821301588.6539
S4,2031,26216045.75716406,973536996.5,19884.354328877518,0.7458150342794402,193351.9529956968,HIGH,4.57,0.7,1.0,53212516736.81294,2207912790.8621407,55420429527.67508,46413737228.07381
S4,2032,26409659.597404458,974008198.5,24951.989180834513,0.7458150342794402,193351.9529956968,HIGH,4.57,0.7,1.0,53605508105.90435,2770611263.439914,56376119369.34426,45838944101.693436
S4,2033,26456842.46306636,968958256.0,29778.410841949506,0.7458150342794402,193351.9529956968,HIGH,4.57,0.7,1.0,53701278423.51751,3306525980.2780666,57007804403.79558,45002487224.31887
S4,2034,26467480.23287545,962514487.0,34371.53124790859,0.7458150342794402,193351.9529956968,HIGH,4.57,0.7,1.0,53722870638.80627,3816535464.446188,57539406103.25246,44099163606.647675
S4,2035,26455184.348741613,956699674.5,38404.374514205294,0.7458150342794402,193351.9529956968,HIGH,4.57,0.7,1.0,53697912834.478096,4264333068.7298465,57962245903.20794,43129354470.32465
S4,2036,26410108.34157503,950836112.5,41796.487471888395,0.7458150342794402,193351.9529956968,HIGH,4.57,0.7,1.0,53606418952.90653,4640985459.018475,58247404411.925,42079164253.827225
S4,2037,26370662.72201769,946098334.5,44395.38609193994,0.7458150342794402,193351.9529956968,HIGH,4.57,0.7,1.0,53526353457.50988,4929561160.821998,58455914618.33188,40999802391.57626
S4,2038,26233575.780507248,938918343.0,46623.78276453328,0.7458150342794402,193351.9529956968,HIGH,4.57,0.7,1.0,53248098634.60129,5176997181.884454,58425095816.48574,39784647285.46575
S4,2039,25979381.84080363,928614752.0,48560.009184993825,0.7458150342794402,193351.9529956968,HIGH,4.57,0.7,1.0,52732143658.16558,5391991292.783572,58124134950.94915,38426900563.8768
S4,2040,25646162.369360365,916493912.0,50083.77116541445,0.7458150342794402,193351.9529956968,HIGH,4.57,0.7,1.0,52055785107.930695,5561186304.658521,57616971412.58922,36982141473.98551
S4,2041,25278028.381438207,902630241.5,51137.664609051055,0.7458150342794402,193351.9529956968,HIGH,4.57,0.7,1.0,51308558154.82149,5678208199.155326,56986766353.976814,35512268764.859505
S4,2042,24919305.539555613,888491026.5,51760.38206283651,0.7458150342794402,193351.9529956968,HIGH,4.57,0.7,1.0,50580433654.11038,5747353307.342685,56327786961.453064,34079237469.719757
S4,2043,24559727.03302668,874210052.5,52393.36127435344,0.7458150342794402,193351.9529956968,HIGH,4.57,0.7,1.0,49850572351.833694,5817637857.413714,55668210209.247406,32699206492.5616
S4,2044,24216585.34993484,860618127.5,53176.9814415856,0.7458150342794402,193351.9529956968,HIGH,4.57,0.7,1.0,49154074004.07531,5904649231.371014,55058723235.44632,31399220515.280075
S4,2045,23911324.963871986,848510239.5,54142.60133904654,0.7458150342794402,193351.9529956968,HIGH,4.57,0.7,1.0,48534465938.35409,6011869435.1278305,54546335373.48192,30200983376.013336
S4,2046,23627886.097396776,837524534.5,55281.78192585139,0.7458150342794402,193351.9529956968,HIGH,4.57,0.7,1.0,47959150516.421936,6138361417.070413,54097511933.49235,29080078368.330685
S4,2047,23362371.00167367,827405193.5,56511.5323345688,0.7458150342794402,193351.9529956968,HIGH,4.57,0.7,1.0,47420216208.558914,6274910062.908609,53695126271.46752,28023083735.022377
S4,2048,23106027.854764376,817788496.5,57856.921709566865,0.7458150342794402,193351.9529956968,HIGH,4.57,0.7,1.0,46899898837.98253,6424298992.547339,53324197830.52987,27018931032.362087
S4,2049,22831050.5940445,807675532.5,59205.28420240639,0.7458150342794402,193351.9529956968,HIGH,4.57,0.7,1.0,46341758521.024124,6574018050.326128,52915776571.35025,26031055680.050976
S4,2050,22531479.344398346,796875138.0,60396.56115140426,0.7458150342794402,193351.9529956968,HIGH,4.57,0.7,1.0,45733698087.98543,6706294692.033916,52439992780.01935,25045632603.77844
S5,2025,1199631.175780931,972144522.0,0.0,0.7458150342794402,193351.9529956968,HIGH,4.57,0.7,1.0,2434974160.8839345,0.0,2434974160.8839345,2434974160.8839345
S5,2026,3622875.46184691,969882870.0,168.6300959546929,0.7458150342794402,193351.9529956968,HIGH,4.57,0.7,1.0,7353600269.645395,18724296.480774604,7372324566.12617,7157596666.141912
S5,2027,6073944.717336428,967732780.5,727.4542235674859,0.7458150342794402,193351.9529956968,HIGH,4.57,0.7,1.0,12328704638.510088,80774837.26231746,12409479475.772406,11697124588.342356
S5,2028,8557137.701859219,966340604.0,2010.04057394083,0.7458150342794402,193351.9529956968,HIGH,4.57,0.7,1.0,17369012756.43235,223190264.061562,17592203020.49391,16099357863.852465
S5,2029,11100101.952627346,967665478.5,4282.102321841674,0.7458150342794402,193351.9529956968,HIGH,4.57,0.7,1.0,22530642737.11461,475474754.26165444,23006117491.376263,20440637413.914387
S5,2030,12457428.63509687,970470777.5,6917.324677294432,0.7458150342794402,193351.9529956968,HIGH,4.57,0.7,1.0,25285702347.44867,768083759.7710856,26053786107.219753,22474224762.55385
S5,2031,12583701.963438744,973536996.5,9544.490077861103,0.7458150342794402,193351.9529956968,HIGH,4.57,0.7,1.0,25542008033.670204,1059798139.6138158,26601806173.28402,22278593869.47541
S5,2032,12676636.60675414,974008198.5,11976.954806800413,0.7458150342794402,193351.9529956968,HIGH,4.57,0.7,1.0,25730643890.83409,1329893406.451142,27060537297.285233,22002693168.81284
S5,2033,12699284.382271852,968958256.0,14293.637204135572,0.7458150342794402,193351.9529956968,HIGH,4.57,0.7,1.0,25776613643.288406,1587132470.533451,27363746113.821857,21601193867.673042
S5,2034,12704390.511780204,962514487.0,16498.33499899597,0.7458150342794402,193351.9529956968,HIGH,4.57,0.7,1.0,25786977906.626984,1831937022.9341533,27618914929.56114,21167598531.190853
S5,2035,12698488.487395983,956699674.5,18434.09976681844,0.7458150342794402,193351.9529956968,HIGH,4.57,0.7,1.0,25774998160.549503,2046879872.990315,27821878033.539818,20702090145.755836
S5,2036,12676852.003956012,950836112.5,20062.313986506364,0.7458150342794402,193351.9529956968,HIGH,4.57,0.7,1.0,25731081097.395126,2227673020.32886,27958754117.723988,20197998841.83706
S5,2037,12657918.106568499,946098334.5,21309.785324131146,0.7458150342794402,193351.9529956968,HIGH,4.57,0.7,1.0,25692649659.604755,2366189357.194556,28058839016.799313,19679905147.956615
S5,2038,12592116.374643479,938918343.0,22379.415726975887,0.7458150342794402,193351.9529956968,HIGH,4.57,0.7,1.0,25559087344.60862,2484958647.304528,28044045991.913147,19096630697.023556
S5,2039,12470103.283585731,928614752.0,23308.804408796936,0.7458150342794402,193351.9529956968,HIGH,4.57,0.7,1.0,25311428955.919456,2588155820.5361032,27899584776.45556,18444912270.660843
S5,2040,12310157.937292965,916493912.0,24040.21015939884,0.7458150342794402,193351.9529956968,HIGH,4.57,0.7,1.0,24986776851.806717,2669369426.236079,27656146278.042797,17751427907.513027
S5,2041,12133453.623090327,902630241.5,24546.07901234446,0.7458150342794402,193351.9529956968,HIGH,4.57,0.7,1.0,24628107914.314285,2725539935.594551,27353647849.908836,17045889007.13254
S5,2042,11961266.658986684,888491026.5,24844.983390161473,0.7458150342794402,193351.9529956968,HIGH,4.57,0.7,1.0,24278608153.972958,2758729587.524483,27037337741.49744,16358033985.465464
S5,2043,11788668.975852797,874210052.5,25148.813411689604,0.7458150342794402,193351.9529956968,HIGH,4.57,0.7,1.0,23928274728.88015,2792466171.558577,26720740900.43873,15695619116.429552
S5,2044,11623960.967968713,860618127.5,25524.951091961047,0.7458150342794402,193351.9529956968,HIGH,4.57,0.7,1.0,23593955521.95613,2834231631.058082,26428187153.014214,15071625847.334425
S5,2045,11477435.982658545,848510239.5,25988.448642742274,0.7458150342794402,193351.9529956968,HIGH,4.57,0.7,1.0,23296543650.409943,2885697328.8613515,26182240979.271294,14496472020.486387
S5,2046,11341385.326750444,837524534.5,26535.255324408616,0.7458150342794402,193351.9529956968,HIGH,4.57,0.7,1.0,23020392247.88251,2946413480.1937923,25966805728.0763,13958437616.798716
S5,2047,11213938.080803351,827405193.5,27125.535520592963,0.7458150342794402,193351.9529956968,HIGH,4.57,0.7,1.0,22761703780.108257,3011956830.196126,25773660610.304382,13451080192.810728
S5,2048,11090893.370286891,817788496.5,27771.322420592034,0.7458150342794402,193351.9529956968,HIGH,4.57,0.7,1.0,22511951442.231594,3083663516.4227157,25595614958.65431,12969086895.533787
S5,2049,10958904.285141353,807675532.5,28418.536417155017,0.7458150342794402,193351.9529956968,HIGH,4.57,0.7,1.0,22244044090.091564,3155528664.156536,25399572754.2481,12494906726.42446
S5,2050,10815110.085311197,796875138.0,28990.349352673988,0.7458150342794402,193351.9529956968,HIGH,4.57,0.7,1.0,21952175082.232983,3219021452.1762733,25171196534.409256,12021903649.813635
S6,2025,2799139.4101555054,972144522.0,0.0,0.7458150342794402,193351.9529956968,HIGH,4.57,0.7,1.0,5681606375.395846,0.0,5681606375.395846,5681606375.395846
S6,2026,8453376.077642787,969882870.0,393.4702238942739,0.7458150342794402,193351.9529956968,HIGH,4.57,0.7,1.0,17158400629.17258,43690025.12180635,17202090654.294388,16701058887.664454
S6,2027,14172537.673784984,967732780.5,1697.3931883241382,0.7458150342794402,193351.9529956968,HIGH,4.57,0.7,1.0,28766977489.856842,188474620.27874127,28955452110.135582,27293290706.132137
S6,2028,19966654.6376715,966340604.0,4690.094672528703,0.7458150342794402,193351.9529956968,HIGH,4.57,0.7,1.0,40527696431.67547,520777282.8103224,41048473714.485794,37565168348.98908
S6,2029,25900237.889463834,967665478.5,9991.572084297353,0.7458150342794402,193351.9529956968,HIGH,4.57,0.7,1.0,52571499719.934135,1109441093.2772064,53680940813.21134,47694820632.46696
S6,2030,31974066.830081988,970470777.5,16792.788976128482,0.7458150342794402,193351.9529956968,HIGH,4.57,0.7,1.0,64899969358.45163,1864632512.648242,66764601871.09987,57591732059.922134
S6,2031,38170562.622430876,973536996.5,25030.15578400735,0.7458150342794402,193351.9529956968,HIGH,4.57,0.7,1.0,77477424368.79967,2779290702.5662284,80256715071.36589,67213735365.414696
S6,2032,44368228.123639494,974008198.5,34414.432837038425,0.7458150342794402,193351.9529956968,HIGH,4.57,0.7,1.0,90057253617.91931,3821299157.8415785,93878552775.7609,76331854359.17021
S6,2033,50373828.04967837,968958256.0,44945.25997278678,0.7458150342794402,193351.9529956968,HIGH,4.57,0.7,1.0,102247234118.3774,4990617886.869148,107237852005.24655,84654550640.93282
S6,2034,56322797.93555897,962514487.0,56360.913419627854,0.7458150342794402,193351.9529956968,HIGH,4.57,0.7,1.0,114322268719.37976,6258185686.379021,120580454405.75879,92414877850.17131
S6,2035,56296632.29412217,956699674.5,66433.48311805302,0.7458150342794402,193351.9529956968,HIGH,4.57,0.7,1.0,114269158511.76942,7376620567.702057,121645779079.47148,90515883985.90605
S6,2036,56200710.55087166,950836112.5,75092.3149577803,0.7458150342794402,193351.9529956968,HIGH,4.57,0.7,1.0,114074459531.78511,8338077261.57588,122412536793.361,88433421101.95277
S6,2037,56116770.27245367,946098334.5,82159.57574840069,0.7458150342794402,193351.9529956968,HIGH,4.57,0.7,1.0,113904080157.58107,9122809581.161844,123026889738.74292,86288585185.47359
S6,2038,55825049.260919414,938918343.0,88525.00869790345,0.7458150342794402,193351.9529956968,HIGH,4.57,0.7,1.0,113311953894.43152,9829612557.82032,123141566452.25183,83853414684.51979
S6,2039,55284124.55723012,928614752.0,94004.53167187858,0.7458150342794402,193351.9529956968,HIGH,4.57,0.7,1.0,112214001704.57632,10438046136.399866,122652047840.9762,81087452747.78647
S6,2040,54575033.52199886,916493912.0,98377.43748640138,0.7458150342794402,193351.9529956968,HIGH,4.57,0.7,1.0,110774710709.67656,10923603500.819723,121698314210.49628,78113516954.04675
S6,2041,53791644.3957005,902630241.5,101593.83277018697,0.7458150342794402,193351.9529956968,HIGH,4.57,0.7,1.0,109184611753.4601,11280744606.33832,120465356359.79842,75070027404.79587
S6,2042,53028282.188174345,888491026.5,103790.74777452837,0.7458150342794402,193351.9529956968,HIGH,4.57,0.7,1.0,107635162815.94687,11524684975.650587,119159847791.59746,72093667598.27615
S6,2043,52263099.12628078,874210052.5,106020.52973749813,0.7458150342794402,193351.9529956968,HIGH,4.57,0.7,1.0,106082017964.70207,11772274816.157745,117854292780.85982,69226976063.90761
S6,2044,51532893.62466134,860618127.5,108386.81363659518,0.7458150342794402,193351.9529956968,HIGH,4.57,0.7,1.0,104599869480.67226,12035021516.463726,116634890997.13599,66515248574.39859
S6,2045,50883299.52311959,848510239.5,110982.30117696556,0.7458150342794402,193351.9529956968,HIGH,4.57,0.7,1.0,103281343516.8175,12323218459.855782,115604561976.67328,64007443039.81542
S6,2046,50280141.61526035,837524534.5,113829.54983825044,0.7458150342794402,193351.9529956968,HIGH,4.57,0.7,1.0,102057072298.9459,12639370376.787092,114696442675.733,61654989709.685585
S6,2047,49715125.49156157,827405193.5,116782.71649253971,0.7458150342794402,193351.9529956968,HIGH,4.57,0.7,1.0,100910220091.81339,12967283183.092472,113877503274.90585,59431814978.40539
S6,2048,49169627.2749386,817788496.5,119984.03992920175,0.7458150342794402,193351.9529956968,HIGH,4.57,0.7,1.0,99802984727.22684,13322750745.50801,113125735472.73485,57319876699.075096
S6,2049,48584475.6641267,807675532.5,123133.5458552618,0.7458150342794402,193351.9529956968,HIGH,4.57,0.7,1.0,98615262132.73936,13672464611.195124,112287726743.9345,55238120962.21349
S6,2050,47946988.04487968,796875138.0,125911.63442258927,0.7458150342794402,193351.9529956968,HIGH,4.57,0.7,1.0,97321309531.23297,13980937150.986988,111302246682.21996,53158572886.763275
S7,2025,7497694.848630803,972144522.0,0.0,0.7458150342794402,193351.9529956968,HIGH,4.57,0.7,1.0,15218588505.524555,0.0,15218588505.524555,15218588505.524555
S7,2026,22642971.636543203,969882870.0,1053.9380997168123,0.7458150342794402,193351.9529956968,HIGH,4.57,0.7,1.0,45960001685.283745,117026853.00483924,46077028538.28858,44734979163.38697
S7,2027,37962154.483352646,967732780.5,4546.588897296859,0.7458150342794402,193351.9529956968,HIGH,4.57,0.7,1.0,77054403990.68799,504842732.88949215,77559246723.57748,73107028677.13968
S7,2028,53482110.636620075,966340604.0,12562.753587130477,0.7458150342794402,193351.9529956968,HIGH,4.57,0.7,1.0,108556329727.70212,1394939150.384795,109951268878.08691,100620986649.07787
S7,2029,69375637.20392098,967665478.5,26763.13951151083,0.7458150342794402,193351.9529956968,HIGH,4.57,0.7,1.0,140816517106.96643,2971717214.1353817,143788234321.1018,127753983836.96507
S7,2030,77858928.96935546,970470777.5,43233.279233090536,0.7458150342794402,193351.9529956968,HIGH,4.57,0.7,1.0,158035639671.55423,4800523498.569322,162836163170.12357,140463904765.96167
S7,2031,78648137.27149215,973536996.5,59653.06298663262,0.7458150342794402,193351.9529956968,HIGH,4.57,0.7,1.0,159637550210.43878,6623738372.58643,166261288583.0252,139241211684.2214
S7,2032,79228978.79221337,974008198.5,74855.96754250376,0.7458150342794402,193351.9529956968,HIGH,4.57,0.7,1.0,160816524317.71304,8311833790.319767,169128358108.0328,137516832305.08032
S7,2033,79370527.38919911,968958256.0,89335.23252584881,0.7458150342794402,193351.9529956968,HIGH,4.57,0.7,1.0,161103835270.55258,9919577940.834232,171023413211.3868,135007461672.95667
S7,2034,79402440.69862634,962514487.0,103114.59374372583,0.7458150342794402,193351.9529956968,HIGH,4.57,0.7,1.0,161168611916.41876,11449606393.33857,172618218309.75732,132297490819.943
S7,2035,79365553.04622485,956699674.5,115213.12354261587,0.7458150342794402,193351.9529956968,HIGH,4.57,0.7,1.0,161093738503.4343,12792999206.189537,173886737709.62384,129388063410.97397
S7,2036,79230325.02472508,950836112.5,125389.4624156651,0.7458150342794402,193351.9529956968,HIGH,4.57,0.7,1.0,160819256858.7196,13922956377.055412,174742213235.77502,126237492761.48169
S7,2037,79111988.1660531,946098334.5,133186.15827581973,0.7458150342794402,193351.9529956968,HIGH,4.57,0.7,1.0,160579060372.5297,14788683482.465984,175367743854.99567,122999407174.72882
S7,2038,78700727.34152173,938918343.0,139871.3482935997,0.7458150342794402,193351.9529956968,HIGH,4.57,0.7,1.0,159744295903.80383,15530991545.653345,175275287449.45718,119353941856.39723
S7,2039,77938145.52241088,928614752.0,145680.02755498132,0.7458150342794402,193351.9529956968,HIGH,4.57,0.7,1.0,158196430974.4967,16175973878.350697,174372404852.8474,115280701691.63039
S7,2040,76938487.10808109,916493912.0,150251.3134962431,0.7458150342794402,193351.9529956968,HIGH,4.57,0.7,1.0,156167355323.79208,16683558913.975534,172850914237.7676,110946424421.9565
S7,2041,75834085.14431462,902630241.5,153412.99382715306,0.7458150342794402,193351.9529956968,HIGH,4.57,0.7,1.0,153925674464.46445,17034624597.465967,170960299061.93042,106536806294.57849
S7,2042,74757916.61866683,888491026.5,155281.14618850953,0.7458150342794402,193351.9529956968,HIGH,4.57,0.7,1.0,151741300962.3311,17242059922.028057,168983360884.35913,102237712409.15923
S7,2043,73679181.09908004,874210052.5,157180.08382306033,0.7458150342794402,193351.9529956968,HIGH,4.57,0.7,1.0,149551717055.50104,17452913572.241142,167004630627.7422,98097619477.68478
S7,2044,72649756.04980451,860618127.5,159530.94432475694,0.7458150342794402,193351.9529956968,HIGH,4.57,0.7,1.0,147462222012.22592,17713947694.113056,165176169706.339,94197661545.84024
S7,2045,71733974.89161596,848510239.5,162427.80401713974,0.7458150342794402,193351.9529956968,HIGH,4.57,0.7,1.0,145603397815.06226,18035608305.383507,163639006120.44577,90602950128.04002
S7,2046,70883658.29219033,837524534.5,165845.34577755444,0.7458150342794402,193351.9529956968,HIGH,4.57,0.7,1.0,143877451549.2658,18415084251.211266,162292535800.47708,87240235104.99208
S7,2047,70087113.005021,827405193.5,169534.5970037066,0.7458150342794402,193351.9529956968,HIGH,4.57,0.7,1.0,142260648625.6768,18824730188.725853,161085378814.40265,84069251205.06718
S7,2048,69318083.56429313,817788496.5,173570.76512870082,0.7458150342794402,193351.9529956968,HIGH,4.57,0.7,1.0,140699696513.9476,19272896977.642044,159972593491.58966,81056793097.08629
S7,2049,68493151.7821335,807675532.5,177615.85260721942,0.7458150342794402,193351.9529956968,HIGH,4.57,0.7,1.0,139025275563.0724,19722054150.978413,158747329714.0508,78093167040.15295
S7,2050,67594438.03319503,796875138.0,181189.68345421308,0.7458150342794402,193351.9529956968,HIGH,4.57,0.7,1.0,137201094263.95625,20118884076.101784,157319978340.05804,75136897811.33531
