year,component_id,sex,age_group,measure_short,projected_value,cvd_v16_value,absolute_difference,relative_difference,crosscheck_projection_scenario
2025,coronary_heart_disease,Female,20-24,DALY,20437.996878559476,20437.997249852648,-0.0003712931720656343,-1.8166808006019828e-08,recent_2018_2023_damped
2025,coronary_heart_disease,Female,20-24,Deaths,257.9548783102731,257.9548829964904,-4.686217323524033e-06,-1.8166809905233665e-08,recent_2018_2023_damped
2025,coronary_heart_disease,Female,20-24,YLD,2976.4779164193847,2976.477970492477,-5.4073092542239465e-05,-1.8166804215686074e-08,recent_2018_2023_damped
2025,coronary_heart_disease,Female,20-24,YLL,17461.51896214009,17461.51927936017,-0.0003172200813423842,-1.8166808756288694e-08,recent_2018_2023_damped
2025,coronary_heart_disease,Female,25-29,DALY,30617.490700006947,30617.49059966063,0.00010034631850430742,3.277418120785499e-09,recent_2018_2023_damped
2025,coronary_heart_disease,Female,25-29,Deaths,394.3272527967011,394.32725150432657,1.2923745202897408e-06,3.2774161952019203e-09,recent_2018_2023_damped
2025,coronary_heart_disease,Female,25-29,YLD,5921.987216972327,5921.987197563497,1.9408829757594503e-05,3.2774183918499424e-09,recent_2018_2023_damped
2025,coronary_heart_disease,Female,25-29,YLL,24695.50348303462,24695.50340209713,8.093749056570232e-05,3.2774181294408906e-09,recent_2018_2023_damped
2025,coronary_heart_disease,Female,30-34,DALY,61883.96154372709,61883.96144297587,0.00010075121826957911,1.6280667223028086e-09,recent_2018_2023_damped
2025,coronary_heart_disease,Female,30-34,Deaths,869.3036561664227,869.3036547511385,1.415284145878104e-06,1.6280664853333293e-09,recent_2018_2023_damped
2025,coronary_heart_disease,Female,30-34,YLD,12026.716969677827,12026.71695009752,1.9580307707656175e-05,1.6280675589939286e-09,recent_2018_2023_damped
2025,coronary_heart_disease,Female,30-34,YLL,49857.24457404926,49857.24449287835,8.117091056192294e-05,1.6280665204736185e-09,recent_2018_2023_damped
2025,coronary_heart_disease,Female,35-39,DALY,145366.5803695703,145366.5801158084,0.00025376188568770885,1.7456686776668045e-09,recent_2018_2023_damped
2025,coronary_heart_disease,Female,35-39,Deaths,2232.6559280703686,2232.6559241728933,3.897475380654214e-06,1.7456677217731466e-09,recent_2018_2023_damped
2025,coronary_heart_disease,Female,35-39,YLD,27429.25824406189,27429.25819617945,4.7882440412649885e-05,1.7456702645833604e-09,recent_2018_2023_damped
2025,coronary_heart_disease,Female,35-39,YLL,117937.3221255084,117937.32191962896,0.00020587944891303778,1.7456683394365945e-09,recent_2018_2023_damped
2025,coronary_heart_disease,Female,40-44,DALY,158301.64652109507,158301.64681199167,-0.0002908965980168432,-1.8376094240025757e-09,recent_2018_2023_damped
2025,coronary_heart_disease,Female,40-44,Deaths,2756.5836177589426,2756.583622824467,-5.0655244194786064e-06,-1.8376095604487191e-09,recent_2018_2023_damped
2025,coronary_heart_disease,Female,40-44,YLD,26595.40216054268,26595.40220941461,-4.887193063041195e-05,-1.8376082544490185e-09,recent_2018_2023_damped
2025,coronary_heart_disease,Female,40-44,YLL,131706.2443605524,131706.24460257706,-0.00024202466011047363,-1.8376096049263408e-09,recent_2018_2023_damped
2025,coronary_heart_disease,Female,45-49,DALY,272532.7198576841,272532.72360729694,-0.0037496128352358937,-1.3758394902473647e-08,recent_2018_2023_damped
2025,coronary_heart_disease,Female,45-49,Deaths,5400.935878125366,5400.935952433579,-7.43082127883099e-05,-1.3758395478625842e-08,recent_2018_2023_damped
2025,coronary_heart_disease,Female,45-49,YLD,41793.704172037484,41793.704747051816,-0.000575014331843704,-1.3758395799651292e-08,recent_2018_2023_damped
2025,coronary_heart_disease,Female,45-49,YLL,230739.01568564665,230739.01886024515,-0.0031745985033921897,-1.3758394739968068e-08,recent_2018_2023_damped
2025,coronary_heart_disease,Female,50-54,DALY,485440.5401215501,485440.5410620661,-0.0009405160089954734,-1.9374484194043106e-09,recent_2018_2023_damped
2025,coronary_heart_disease,Female,50-54,Deaths,10916.086752589776,10916.08677373913,-2.1149355234229006e-05,-1.937448434828137e-09,recent_2018_2023_damped
2025,coronary_heart_disease,Female,50-54,YLD,69622.16784660102,69622.16798149039,-0.0001348893711110577,-1.9374485888879403e-09,recent_2018_2023_damped
2025,coronary_heart_disease,Female,50-54,YLL,415818.3722749491,415818.3730805757,-0.0008056266233325005,-1.93744835603113e-09,recent_2018_2023_damped
2025,coronary_heart_disease,Female,55-59,DALY,786350.8134905878,786350.816781482,-0.0032908942084759474,-4.1850203983325294e-09,recent_2018_2023_damped
2025,coronary_heart_disease,Female,55-59,Deaths,20027.782774989013,20027.78285880571,-8.381669613299891e-05,-4.185021213975607e-09,recent_2018_2023_damped
2025,coronary_heart_disease,Female,55-59,YLD,118044.83886729045,118044.83936131049,-0.0004940200306009501,-4.185020143818897e-09,recent_2018_2023_damped
2025,coronary_heart_disease,Female,55-59,YLL,668305.9746232973,668305.9774201715,-0.002796874148771167,-4.185020399739355e-09,recent_2018_2023_damped
2025,coronary_heart_disease,Female,60-64,DALY,1296290.7662472238,1296290.7956938865,-0.029446662636473775,-2.2716093282689232e-08,recent_2018_2023_damped
2025,coronary_heart_disease,Female,60-64,Deaths,39005.84329319243,39005.84417925284,-0.0008860604066285305,-2.271609358219774e-08,recent_2018_2023_damped
2025,coronary_heart_disease,Female,60-64,YLD,162956.6472677014,162956.6509694403,-0.003701738896779716,-2.2716095812952815e-08,recent_2018_2023_damped
2025,coronary_heart_disease,Female,60-64,YLL,1133334.1189795225,1133334.144724446,-0.025744923623278737,-2.271609281615551e-08,recent_2018_2023_damped
2025,coronary_heart_disease,Female,65-69,DALY,1353751.0409157195,1353751.0475842652,-0.0066685457713902,-4.925976443962907e-09,recent_2018_2023_damped
2025,coronary_heart_disease,Female,65-69,Deaths,49500.875295932994,49500.87553977314,-0.00024384014250244945,-4.9259763558429975e-09,recent_2018_2023_damped
2025,coronary_heart_disease,Female,65-69,YLD,163076.44308454078,163076.4438878519,-0.0008033111225813627,-4.925978905535872e-09,recent_2018_2023_damped
2025,coronary_heart_disease,Female,65-69,YLL,1190674.5978311787,1190674.603696413,-0.005865234415978193,-4.925975911277314e-09,recent_2018_2023_damped
2025,coronary_heart_disease,Female,70+,DALY,10975376.003453393,10975375.759641226,0.2438121661543846,2.221447096608149e-08,recent_2018_2023_damped
2025,coronary_heart_disease,Female,70+,Deaths,842728.2040554371,842728.1853346755,0.018720761639997363,2.2214471956414657e-08,recent_2018_2023_damped
2025,coronary_heart_disease,Female,70+,YLD,737333.1835989468,737333.1672194815,0.016379465232603252,2.2214469605878432e-08,recent_2018_2023_damped
2025,coronary_heart_disease,Female,70+,YLL,10238042.819854446,10238042.592421744,0.22743270173668861,2.2214471143637903e-08,recent_2018_2023_damped
2025,coronary_heart_disease,Male,20-24,DALY,63929.73018756929,63929.73011822412,6.934516568435356e-05,1.0847091886062207e-09,recent_2018_2023_damped
2025,coronary_heart_disease,Male,20-24,Deaths,829.4214368618799,829.4214359621999,8.996800033855834e-07,1.0847079233512665e-09,recent_2018_2023_damped
2025,coronary_heart_disease,Male,20-24,YLD,7814.976278921947,7814.976270444958,8.476989023620263e-06,1.0847107822552112e-09,recent_2018_2023_damped
2025,coronary_heart_disease,Male,20-24,YLL,56114.75390864734,56114.75384777916,6.0868180298712105e-05,1.084709031493347e-09,recent_2018_2023_damped
2025,coronary_heart_disease,Male,25-29,DALY,118119.55453321841,118119.55254426424,0.001988954172702506,1.6838483806118073e-08,recent_2018_2023_damped
2025,coronary_heart_disease,Male,25-29,Deaths,1631.275673386976,1631.2756459187676,2.7468208372738445e-05,1.683848369922043e-08,recent_2018_2023_damped
2025,coronary_heart_disease,Male,25-29,YLD,16025.43810436894,16025.43783452486,0.00026984407850250136,1.68384839958104e-08,recent_2018_2023_damped
2025,coronary_heart_disease,Male,25-29,YLL,102094.11642884948,102094.11470973938,0.0017191100923810154,1.683848375852579e-08,recent_2018_2023_damped
2025,coronary_heart_disease,Male,30-34,DALY,254556.8272448696,254556.82735906984,-0.00011420022929087281,-4.48623713909608e-10,recent_2018_2023_damped
2025,coronary_heart_disease,Male,30-34,Deaths,3878.138596196282,3878.138597936109,-1.7398269847035408e-06,-4.486242409256473e-10,recent_2018_2023_damped
2025,coronary_heart_disease,Male,30-34,YLD,32034.082612230206,32034.08262660148,-1.437127502867952e-05,-4.4862452270587086e-10,recent_2018_2023_damped
2025,coronary_heart_disease,Male,30-34,YLL,222522.7446326394,222522.7447324684,-9.982899064198136e-05,-4.4862376096431134e-10,recent_2018_2023_damped
2025,coronary_heart_disease,Male,35-39,DALY,638974.3812316788,638974.370416599,0.010815079789608717,1.6925686366039208e-08,recent_2018_2023_damped
2025,coronary_heart_disease,Male,35-39,Deaths,10873.781828713361,10873.78164466715,0.00018404621187073644,1.6925685827156423e-08,recent_2018_2023_damped
2025,coronary_heart_disease,Male,35-39,YLD,64682.66423252205,64682.66313772347,0.001094798579288181,1.6925688061994545e-08,recent_2018_2023_damped
2025,coronary_heart_disease,Male,35-39,YLL,574291.7169991567,574291.7072788755,0.009720281232148409,1.692568621303154e-08,recent_2018_2023_damped
2025,coronary_heart_disease,Male,40-44,DALY,699476.3364765539,699476.3497856462,-0.01330909226089716,-1.9027222671611008e-08,recent_2018_2023_damped
2025,coronary_heart_disease,Male,40-44,Deaths,13419.647358951468,13419.647614290096,-0.0002553386275394587,-1.9027222985166753e-08,recent_2018_2023_damped
2025,coronary_heart_disease,Male,40-44,YLD,58185.858302198016,58185.859409313314,-0.0011071152985095978,-1.9027222588936982e-08,recent_2018_2023_damped
2025,coronary_heart_disease,Male,40-44,YLL,641290.4781743559,641290.4903763329,-0.012201976962387562,-1.9027222679112226e-08,recent_2018_2023_damped
2025,coronary_heart_disease,Male,45-49,DALY,995677.1841608034,995677.180672852,0.0034879514714702964,3.5030947170178514e-09,recent_2018_2023_damped
2025,coronary_heart_disease,Male,45-49,Deaths,21425.773384568656,21425.773309512155,7.505650137318298e-05,3.503094160893647e-09,recent_2018_2023_damped
2025,coronary_heart_disease,Male,45-49,YLD,79230.31455013227,79230.31427258113,0.00027755113842431456,3.5030927363160212e-09,recent_2018_2023_damped
2025,coronary_heart_disease,Male,45-49,YLL,916446.8696106712,916446.866400271,0.0032104002311825752,3.503094777106683e-09,recent_2018_2023_damped
2025,coronary_heart_disease,Male,50-54,DALY,1555492.1150706466,1555492.1159091294,-0.0008384827524423599,-5.390466103084661e-10,recent_2018_2023_damped
2025,coronary_heart_disease,Male,50-54,Deaths,37703.184573549595,37703.18459387336,-2.0323765056673437e-05,-5.3904637699957e-10,recent_2018_2023_damped
2025,coronary_heart_disease,Male,50-54,YLD,118782.8099830507,118782.81004708054,-6.40298385405913e-05,-5.390497035321235e-10,recent_2018_2023_damped
2025,coronary_heart_disease,Male,50-54,YLL,1436709.305087596,1436709.3058620489,-0.0007744529284536839,-5.390463646986678e-10,recent_2018_2023_damped
2025,coronary_heart_disease,Male,55-59,DALY,2173695.6048903433,2173695.618294667,-0.01340432371944189,-6.166605667613208e-09,recent_2018_2023_damped
2025,coronary_heart_disease,Male,55-59,Deaths,60079.06421094738,60079.06458143128,-0.00037048390367999673,-6.1666057263232205e-09,recent_2018_2023_damped
2025,coronary_heart_disease,Male,55-59,YLD,168083.9481688777,168083.94920538503,-0.0010365073394495994,-6.166605106255987e-09,recent_2018_2023_damped
2025,coronary_heart_disease,Male,55-59,YLL,2005611.6567214655,2005611.6690892824,-0.012367816874757409,-6.16660596134916e-09,recent_2018_2023_damped
2025,coronary_heart_disease,Male,60-64,DALY,2936314.3684560037,2936314.387101321,-0.018645317293703556,-6.349904960997686e-09,recent_2018_2023_damped
2025,coronary_heart_disease,Male,60-64,Deaths,93779.14386853388,93779.14446402257,-0.0005954886873951182,-6.349905309954832e-09,recent_2018_2023_damped
2025,coronary_heart_disease,Male,60-64,YLD,210926.08041736958,210926.08175673083,-0.0013393612462095916,-6.349908152915525e-09,recent_2018_2023_damped
2025,coronary_heart_disease,Male,60-64,YLL,2725388.288038634,2725388.3053445905,-0.017305956222116947,-6.349904778038163e-09,recent_2018_2023_damped
2025,coronary_heart_disease,Male,65-69,DALY,2514836.1422360777,2514836.138355904,0.0038801738992333412,1.5429132101505583e-09,recent_2018_2023_damped
2025,coronary_heart_disease,Male,65-69,Deaths,96193.04354740714,96193.04339898955,0.0001484175882069394,1.5429139463997708e-09,recent_2018_2023_damped
2025,coronary_heart_disease,Male,65-69,YLD,194815.20053545173,194815.2002348693,0.00030058244010433555,1.5429106134529197e-09,recent_2018_2023_damped
2025,coronary_heart_disease,Male,65-69,YLL,2320020.941700626,2320020.9381210343,0.003579591866582632,1.542913603823642e-09,recent_2018_2023_damped
2025,coronary_heart_disease,Male,70+,DALY,11465401.973008512,11465402.292128772,-0.3191202599555254,-2.7833324276341166e-08,recent_2018_2023_damped
2025,coronary_heart_disease,Male,70+,Deaths,815098.1260666102,815098.1487535017,-0.022686891490593553,-2.7833324766210972e-08,recent_2018_2023_damped
2025,coronary_heart_disease,Male,70+,YLD,662118.9076747067,662118.9261036795,-0.018428972805850208,-2.7833327336371084e-08,recent_2018_2023_damped
2025,coronary_heart_disease,Male,70+,YLL,10803283.065333804,10803283.366025094,-0.3006912898272276,-2.7833324336642153e-08,recent_2018_2023_damped
2025,ischemic_stroke,Female,20-24,DALY,10932.119930315283,10932.120128917,-0.0001986017177841859,-1.816680711903781e-08,recent_2018_2023_damped
2025,ischemic_stroke,Female,20-24,Deaths,25.82474117716928,25.82474164632243,-4.6915315010664926e-07,-1.8166809044281726e-08,recent_2018_2023_damped
2025,ischemic_stroke,Female,20-24,YLD,9184.12361258162,9184.12377942782,-0.0001668462009547511,-1.8166806650459342e-08,recent_2018_2023_damped
2025,ischemic_stroke,Female,20-24,YLL,1747.9963177336624,1747.9963494891806,-3.1755518193676835e-05,-1.8166810361450007e-08,recent_2018_2023_damped
2025,ischemic_stroke,Female,25-29,DALY,15163.783233367625,15163.783183669591,4.969803376297932e-05,3.27741653656067e-09,recent_2018_2023_damped
2025,ischemic_stroke,Female,25-29,Deaths,42.607718173703695,42.60771803406045,1.396432480760268e-07,3.2774167338508134e-09,recent_2018_2023_damped
2025,ischemic_stroke,Female,25-29,YLD,12495.458037541364,12495.45799658855,4.095281474292278e-05,3.2774160622286536e-09,recent_2018_2023_damped
2025,ischemic_stroke,Female,25-29,YLL,2668.3251958262604,2668.325187081044,8.745216291572433e-06,3.277417735257025e-09,recent_2018_2023_damped
2025,ischemic_stroke,Female,30-34,DALY,26080.02512030885,26080.025077848877,4.2459971155039966e-05,1.628064813139441e-09,recent_2018_2023_damped
2025,ischemic_stroke,Female,30-34,Deaths,94.87244476184426,94.8724446073857,1.5445856149653991e-07,1.62806557937599e-09,recent_2018_2023_damped
2025,ischemic_stroke,Female,30-34,YLD,20638.58558874517,20638.58555514421,3.3600957976887e-05,1.6280649605133378e-09,recent_2018_2023_damped
2025,ischemic_stroke,Female,30-34,YLL,5441.439531563678,5441.439522704663,8.859014997142367e-06,1.628064588456365e-09,recent_2018_2023_damped
2025,ischemic_stroke,Female,35-39,DALY,57783.19500579125,57783.19490492099,0.00010087026021210477,1.7456677564831978e-09,recent_2018_2023_damped
2025,ischemic_stroke,Female,35-39,Deaths,308.35303010408137,308.35302956579966,5.382817107602023e-07,1.745667008746992e-09,recent_2018_2023_damped
2025,ischemic_stroke,Female,35-39,YLD,41495.675182957966,41495.67511052031,7.243765867315233e-05,1.7456676745280224e-09,recent_2018_2023_damped
2025,ischemic_stroke,Female,35-39,YLL,16287.519822833283,16287.51979440068,2.8432603357941844e-05,1.745668076960152e-09,recent_2018_2023_damped
2025,ischemic_stroke,Female,40-44,DALY,59974.35995741704,59974.36006762656,-0.00011020952661056072,-1.8376107137498327e-09,recent_2018_2023_damped
2025,ischemic_stroke,Female,40-44,Deaths,472.95342075132936,472.9534216204336,-8.691042125974491e-07,-1.8376105824961012e-09,recent_2018_2023_damped
2025,ischemic_stroke,Female,40-44,YLD,37378.13258729823,37378.13265598469,-6.868646596558392e-05,-1.83761095284642e-09,recent_2018_2023_damped
2025,ischemic_stroke,Female,40-44,YLL,22596.227370118813,22596.22741164187,-4.152305700699799e-05,-1.8376101572426541e-09,recent_2018_2023_damped
2025,ischemic_stroke,Female,45-49,DALY,104245.52901872946,104245.53045298083,-0.0014342513750307262,-1.3758396823330805e-08,recent_2018_2023_damped
2025,ischemic_stroke,Female,45-49,Deaths,1143.5738377915268,1143.5738535252676,-1.573374083818635e-05,-1.3758395043472116e-08,recent_2018_2023_damped
2025,ischemic_stroke,Female,45-49,YLD,55381.267724075275,55381.26848603277,-0.0007619574971613474,-1.3758397342478966e-08,recent_2018_2023_damped
2025,ischemic_stroke,Female,45-49,YLL,48864.26129465418,48864.26196694808,-0.0006722938996972516,-1.3758396681648299e-08,recent_2018_2023_damped
2025,ischemic_stroke,Female,50-54,DALY,201200.0135731508,201200.0139629657,-0.0003898149007000029,-1.9374496702160022e-09,recent_2018_2023_damped
2025,ischemic_stroke,Female,50-54,Deaths,2852.555313300431,2852.555318827112,-5.526680979528464e-06,-1.9374491856658806e-09,recent_2018_2023_damped
2025,ischemic_stroke,Female,50-54,YLD,92541.35463050965,92541.35480980396,-0.0001792943075997755,-1.9374506453711527e-09,recent_2018_2023_damped
2025,ischemic_stroke,Female,50-54,YLL,108658.65894264114,108658.65915316172,-0.0002105205785483122,-1.9374487057821064e-09,recent_2018_2023_damped
2025,ischemic_stroke,Female,55-59,DALY,373839.47468167765,373839.476246204,-0.001564526348374784,-4.185021774812286e-09,recent_2018_2023_damped
2025,ischemic_stroke,Female,55-59,Deaths,6160.708980321628,6160.709006104327,-2.578269959485624e-05,-4.185021491732445e-09,recent_2018_2023_damped
2025,ischemic_stroke,Female,55-59,YLD,168286.98831625204,168286.98902053674,-0.0007042846991680562,-4.185021689835508e-09,recent_2018_2023_damped
2025,ischemic_stroke,Female,55-59,YLL,205552.48636542563,205552.48722566728,-0.0008602416492067277,-4.185021844383256e-09,recent_2018_2023_damped
2025,ischemic_stroke,Female,60-64,DALY,650627.9112371742,650627.9260168995,-0.014779725344851613,-2.2716094335716727e-08,recent_2018_2023_damped
2025,ischemic_stroke,Female,60-64,Deaths,14064.602715208388,14064.603034701217,-0.000319492828566581,-2.271609285937932e-08,recent_2018_2023_damped
2025,ischemic_stroke,Female,60-64,YLD,242059.2213096008,242059.2268082416,-0.005498640792211518,-2.2716096654177618e-08,recent_2018_2023_damped
2025,ischemic_stroke,Female,60-64,YLL,408568.68992757343,408568.699208658,-0.009281084581743926,-2.271609303336287e-08,recent_2018_2023_damped
2025,ischemic_stroke,Female,65-69,DALY,741313.3835708926,741313.3872225861,-0.0036516934633255005,-4.925978036100199e-09,recent_2018_2023_damped
2025,ischemic_stroke,Female,65-69,Deaths,20881.043931573677,20881.044034433235,-0.00010285955795552582,-4.925977733005518e-09,recent_2018_2023_damped
2025,ischemic_stroke,Female,65-69,YLD,239132.83574685958,239132.8369248233,-0.0011779637134168297,-4.925980591227414e-09,recent_2018_2023_damped
2025,ischemic_stroke,Female,65-69,YLL,502180.54782403307,502180.5502977628,-0.0024737297208048403,-4.925976761421898e-09,recent_2018_2023_damped
2025,ischemic_stroke,Female,70+,DALY,5173747.221299569,5173747.106367525,0.11493204440921545,2.2214468942203276e-08,recent_2018_2023_damped
2025,ischemic_stroke,Female,70+,Deaths,324583.9221293203,324583.9149188604,0.007210459851194173,2.2214470649282317e-08,recent_2018_2023_damped
2025,ischemic_stroke,Female,70+,YLD,1016766.4056730622,1016766.3830861384,0.022586923791095614,2.221446751862379e-08,recent_2018_2023_damped
2025,ischemic_stroke,Female,70+,YLL,4156980.8156265067,4156980.723281386,0.09234512085095048,2.2214469346409728e-08,recent_2018_2023_damped
2025,ischemic_stroke,Male,20-24,DALY,12358.52781165521,12358.527798249808,1.3405402569333091e-05,1.0847086957421855e-09,recent_2018_2023_damped
2025,ischemic_stroke,Male,20-24,Deaths,51.24173860955307,51.241738553970826,5.5582241031970625e-08,1.0847063858582419e-09,recent_2018_2023_damped
2025,ischemic_stroke,Male,20-24,YLD,8892.179225657432,8892.179216011995,9.645436875871383e-06,1.0847101302797643e-09,recent_2018_2023_damped
2025,ischemic_stroke,Male,20-24,YLL,3466.34858599778,3466.348582237814,3.7599661482090596e-06,1.0847051469306332e-09,recent_2018_2023_damped
2025,ischemic_stroke,Male,25-29,DALY,18916.030302825027,18916.02998430778,0.00031851724634179845,1.6838482842648886e-08,recent_2018_2023_damped
2025,ischemic_stroke,Male,25-29,Deaths,101.61383483439606,101.61383312337313,1.7110229322270243e-06,1.6838484285398504e-08,recent_2018_2023_damped
2025,ischemic_stroke,Male,25-29,YLD,12555.722914959915,12555.722703540596,0.00021141931938473135,1.6838482688464687e-08,recent_2018_2023_damped
2025,ischemic_stroke,Male,25-29,YLL,6360.307387865112,6360.307280767187,0.0001070979251380777,1.683848286102923e-08,recent_2018_2023_damped
2025,ischemic_stroke,Male,30-34,DALY,37494.44596758972,37494.44598441068,-1.6820958990138024e-05,-4.486253509954991e-10,recent_2018_2023_damped
2025,ischemic_stroke,Male,30-34,Deaths,280.78618467379334,280.78618479976154,-1.2596819942700677e-07,-4.4862677099601284e-10,recent_2018_2023_damped
2025,ischemic_stroke,Male,30-34,YLD,21385.09318000792,21385.093189601816,-9.59389581112191e-06,-4.48625391812031e-10,recent_2018_2023_damped
2025,ischemic_stroke,Male,30-34,YLL,16109.352787581807,16109.35279480886,-7.227052265079692e-06,-4.486246193210546e-10,recent_2018_2023_damped
2025,ischemic_stroke,Male,35-39,DALY,89621.62706373486,89621.62554682739,0.001516907475888729,1.6925685811134316e-08,recent_2018_2023_damped
2025,ischemic_stroke,Male,35-39,Deaths,889.6165139342022,889.616498876833,1.5057369182613911e-05,1.6925685620291757e-08,recent_2018_2023_damped
2025,ischemic_stroke,Male,35-39,YLD,42635.8933567055,42635.89263506373,0.0007216417725430802,1.692568697270812e-08,recent_2018_2023_damped
2025,ischemic_stroke,Male,35-39,YLL,46985.73370702937,46985.73291176365,0.0007952657251735218,1.6925685221660424e-08,recent_2018_2023_damped
2025,ischemic_stroke,Male,40-44,DALY,115375.50147791418,115375.5036731897,-0.0021952755196252838,-1.902722371504073e-08,recent_2018_2023_damped
2025,ischemic_stroke,Male,40-44,Deaths,1544.8378476113319,1544.837877005307,-2.939397518275655e-05,-1.9027223257716362e-08,recent_2018_2023_damped
2025,ischemic_stroke,Male,40-44,YLD,41560.65810692255,41560.65889770648,-0.0007907839317340404,-1.9027223165070648e-08,recent_2018_2023_damped
2025,ischemic_stroke,Male,40-44,YLL,73814.84337099163,73814.84477548323,-0.0014044916024431586,-1.9027224221836265e-08,recent_2018_2023_damped
2025,ischemic_stroke,Male,45-49,DALY,215591.60504264376,215591.60428740637,0.0007552373863290995,3.5030927518044178e-09,recent_2018_2023_damped
2025,ischemic_stroke,Male,45-49,Deaths,3520.349009503147,3520.3489971710355,1.2332111509749666e-05,3.503093448876743e-09,recent_2018_2023_damped
2025,ischemic_stroke,Male,45-49,YLD,65011.53767164684,65011.53744390544,0.00022774139506509528,3.5030919744299182e-09,recent_2018_2023_damped
2025,ischemic_stroke,Male,45-49,YLL,150580.06737099693,150580.0668435009,0.0005274960130918771,3.503093232387179e-09,recent_2018_2023_damped
2025,ischemic_stroke,Male,50-54,DALY,431416.0059595716,431416.0061921256,-0.00023255404084920883,-5.390482446440428e-10,recent_2018_2023_damped
2025,ischemic_stroke,Male,50-54,Deaths,8228.10605513527,8228.10605957062,-4.435351002030075e-06,-5.39048836988561e-10,recent_2018_2023_damped
2025,ischemic_stroke,Male,50-54,YLD,117857.21909338505,117857.21915691598,-6.353092612698674e-05,-5.390499333129623e-10,recent_2018_2023_damped
2025,ischemic_stroke,Male,50-54,YLL,313558.78686618654,313558.7870352096,-0.00016902305651456118,-5.390474242891542e-10,recent_2018_2023_damped
2025,ischemic_stroke,Male,55-59,DALY,760311.1324089539,760311.137097494,-0.004688540124334395,-6.166607189568483e-09,recent_2018_2023_damped
2025,ischemic_stroke,Male,55-59,Deaths,16390.828463683465,16390.828564759267,-0.00010107580237672664,-6.166607257063404e-09,recent_2018_2023_damped
2025,ischemic_stroke,Male,55-59,YLD,213179.1127701459,213179.1140847375,-0.0013145915872883052,-6.16660592165592e-09,recent_2018_2023_damped
2025,ischemic_stroke,Male,55-59,YLL,547132.019638808,547132.0230127565,-0.0033739485079422593,-6.16660763039197e-09,recent_2018_2023_damped
2025,ischemic_stroke,Male,60-64,DALY,1326298.5465151186,1326298.5549369906,-0.008421872043982148,-6.34990667269652e-09,recent_2018_2023_damped
2025,ischemic_stroke,Male,60-64,Deaths,34794.15275902071,34794.15297996033,-0.0002209396188845858,-6.349906520553492e-09,recent_2018_2023_damped
2025,ischemic_stroke,Male,60-64,YLD,315447.67857266025,315447.6805757242,-0.002003063971642405,-6.3499087011405775e-09,recent_2018_2023_damped
2025,ischemic_stroke,Male,60-64,YLL,1010850.8679424584,1010850.8743612664,-0.0064188080141320825,-6.349905982114307e-09,recent_2018_2023_damped
2025,ischemic_stroke,Male,65-69,DALY,1376253.7366667194,1376253.7345432811,0.002123438287526369,1.5429119167702357e-09,recent_2018_2023_damped
2025,ischemic_stroke,Male,65-69,Deaths,43892.159415601986,43892.159347880246,6.772173946956173e-05,1.54291200241057e-09,recent_2018_2023_damped
2025,ischemic_stroke,Male,65-69,YLD,317630.21382227994,317630.21333220525,0.0004900746862404048,1.542909539678589e-09,recent_2018_2023_damped
2025,ischemic_stroke,Male,65-69,YLL,1058623.5228444396,1058623.5212110758,0.001633363775908947,1.5429127949475019e-09,recent_2018_2023_damped
2025,ischemic_stroke,Male,70+,DALY,6565895.410259565,6565895.593010273,-0.18275070749223232,-2.7833325233922342e-08,recent_2018_2023_damped
2025,ischemic_stroke,Male,70+,Deaths,391540.8451711331,391540.856069017,-0.010897883912548423,-2.7833325037802567e-08,recent_2018_2023_damped
2025,ischemic_stroke,Male,70+,YLD,1131971.8113284274,1131971.8428349695,-0.03150654211640358,-2.7833326699626156e-08,recent_2018_2023_damped
2025,ischemic_stroke,Male,70+,YLL,5433923.598931138,5433923.750175303,-0.15124416444450617,-2.783332475720273e-08,recent_2018_2023_damped
2026,coronary_heart_disease,Female,20-24,DALY,19739.373162158066,19739.37356637523,-0.00040421716403216124,-2.0477709825641047e-08,recent_2018_2023_damped
2026,coronary_heart_disease,Female,20-24,Deaths,248.58592567045423,248.5859307609253,-5.090471063340374e-06,-2.047771186309042e-08,recent_2018_2023_damped
2026,coronary_heart_disease,Female,20-24,YLD,2907.8387433194243,2907.838802865286,-5.9545861859078286e-05,-2.0477703853598694e-08,recent_2018_2023_damped
2026,coronary_heart_disease,Female,20-24,YLL,16831.53441883864,16831.534763509946,-0.0003446713053563144,-2.0477711046502258e-08,recent_2018_2023_damped
2026,coronary_heart_disease,Female,25-29,DALY,29140.0697187759,29140.069575519618,0.00014325628217193298,4.916126977688538e-09,recent_2018_2023_damped
2026,coronary_heart_disease,Female,25-29,Deaths,373.5702338256015,373.57023198908377,1.836517753872613e-06,4.916124456956941e-09,recent_2018_2023_damped
2026,coronary_heart_disease,Female,25-29,YLD,5735.132982776331,5735.132954581685,2.819464589265408e-05,4.9161276845604656e-09,recent_2018_2023_damped
2026,coronary_heart_disease,Female,25-29,YLL,23404.936735999567,23404.936620937933,0.0001150616335507948,4.916126687899734e-09,recent_2018_2023_damped
2026,coronary_heart_disease,Female,30-34,DALY,55740.65188825089,55740.65175212663,0.00013612426118925214,2.4421002788877275e-09,recent_2018_2023_damped
2026,coronary_heart_disease,Female,30-34,Deaths,779.5349269725339,779.5349250688317,1.9037021274925792e-06,2.442099855018664e-09,recent_2018_2023_damped
2026,coronary_heart_disease,Female,30-34,YLD,11079.097443930425,11079.097416874149,2.7056275939685293e-05,2.4421010955709185e-09,recent_2018_2023_damped
2026,coronary_heart_disease,Female,30-34,YLL,44661.55444432046,44661.55433525248,0.00010906798706855625,2.442100117023159e-09,recent_2018_2023_damped
2026,coronary_heart_disease,Female,35-39,DALY,149368.37517083413,149368.37477971255,0.0003911215753760189,2.618503253803506e-09,recent_2018_2023_damped
2026,coronary_heart_disease,Female,35-39,Deaths,2284.8955513238843,2284.895545340882,5.9830022109963465e-06,2.6185014116712046e-09,recent_2018_2023_damped
2026,coronary_heart_disease,Female,35-39,YLD,28630.62332405664,28630.623249087188,7.496945181628689e-05,2.618505757421019e-09,recent_2018_2023_damped
2026,coronary_heart_disease,Female,35-39,YLL,120737.7518467775,120737.75153062538,0.0003161521162837744,2.618502599856531e-09,recent_2018_2023_damped
2026,coronary_heart_disease,Female,40-44,DALY,159184.28696902085,159184.28740779863,-0.00043877778807654977,-2.7564139352050993e-09,recent_2018_2023_damped
2026,coronary_heart_disease,Female,40-44,Deaths,2759.3452412215106,2759.3452488274093,-7.605898645124398e-06,-2.7564142792050195e-09,recent_2018_2023_damped
2026,coronary_heart_disease,Female,40-44,YLD,27284.99001588658,27284.990091095257,-7.520867802668363e-05,-2.756412143658017e-09,recent_2018_2023_damped
2026,coronary_heart_disease,Female,40-44,YLL,131899.29695313427,131899.2973167034,-0.00036356912460178137,-2.7564144161345724e-09,recent_2018_2023_damped
2026,coronary_heart_disease,Female,45-49,DALY,272587.2552949351,272587.2595174384,-0.004222503339406103,-1.5490464766699685e-08,recent_2018_2023_damped
2026,coronary_heart_disease,Female,45-49,Deaths,5372.036080898444,5372.036164113785,-8.321534096467076e-05,-1.5490465518561645e-08,recent_2018_2023_damped
2026,coronary_heart_disease,Female,45-49,YLD,43191.40469202743,43191.40536108241,-0.000669054985337425,-1.5490465747620165e-08,recent_2018_2023_damped
2026,coronary_heart_disease,Female,45-49,YLL,229395.85060290768,229395.854156356,-0.003553448332240805,-1.5490464486855014e-08,recent_2018_2023_damped
2026,coronary_heart_disease,Female,50-54,DALY,448462.6092670204,448462.61057033006,-0.0013033096329309046,-2.906172336805129e-09,recent_2018_2023_damped
2026,coronary_heart_disease,Female,50-54,Deaths,10034.857152616243,10034.85718177927,-2.91630276478827e-05,-2.9061726658985525e-09,recent_2018_2023_damped
2026,coronary_heart_disease,Female,50-54,YLD,66302.61613813786,66302.61633082472,-0.00019268685718998313,-2.9061727553638206e-09,recent_2018_2023_damped
2026,coronary_heart_disease,Female,50-54,YLL,382159.99312888255,382159.9942395053,-0.0011106227757409215,-2.906172264187543e-09,recent_2018_2023_damped
2026,coronary_heart_disease,Female,55-59,DALY,790020.5226632861,790020.5276226641,-0.004959378042258322,-6.27753060693514e-09,recent_2018_2023_damped
2026,coronary_heart_disease,Female,55-59,Deaths,20068.86981369885,20068.86993968182,-0.00012598296962096356,-6.277531819161361e-09,recent_2018_2023_damped
2026,coronary_heart_disease,Female,55-59,YLD,121126.2704782551,121126.27123862892,-0.0007603738195030019,-6.277530148723902e-09,recent_2018_2023_damped
2026,coronary_heart_disease,Female,55-59,YLL,668894.252185031,668894.2563840352,-0.004199004266411066,-6.2775307551755584e-09,recent_2018_2023_damped
2026,coronary_heart_disease,Female,60-64,DALY,1458818.9807716291,1458819.0209046565,-0.040133027359843254,-2.7510627970120368e-08,recent_2018_2023_damped
2026,coronary_heart_disease,Female,60-64,Deaths,43616.89269945563,43616.893899383824,-0.0011999281923635863,-2.751062914135061e-08,recent_2018_2023_damped
2026,coronary_heart_disease,Female,60-64,YLD,188734.54556119294,188734.55075339973,-0.005192206794163212,-2.7510632120280623e-08,recent_2018_2023_damped
2026,coronary_heart_disease,Female,60-64,YLL,1270084.4352104361,1270084.4701512568,-0.03494082065299153,-2.7510627422151193e-08,recent_2018_2023_damped
2026,coronary_heart_disease,Female,65-69,DALY,1244681.9669092763,1244681.976106187,-0.009196910774335265,-7.388964370727461e-09,recent_2018_2023_damped
2026,coronary_heart_disease,Female,65-69,Deaths,45355.18987743167,45355.190212559566,-0.0003351278937770985,-7.388964575090599e-09,recent_2018_2023_damped
2026,coronary_heart_disease,Female,65-69,YLD,155155.14603439567,155155.14718083217,-0.0011464364943094552,-7.388968494698355e-09,recent_2018_2023_damped
2026,coronary_heart_disease,Female,65-69,YLL,1089526.8208748805,1089526.8289253549,-0.008050474338233471,-7.388963836874017e-09,recent_2018_2023_damped
2026,coronary_heart_disease,Female,70+,DALY,11318835.298854964,11318835.000697762,0.29815720207989216,2.6341686406906006e-08,recent_2018_2023_damped
2026,coronary_heart_disease,Female,70+,Deaths,869755.184744475,869755.1618336563,0.022910818690434098,2.6341687518281006e-08,recent_2018_2023_damped
2026,coronary_heart_disease,Female,70+,YLD,775161.4383724408,775161.4179533841,0.020419056643731892,2.6341683384659674e-08,recent_2018_2023_damped
2026,coronary_heart_disease,Female,70+,YLL,10543673.860482523,10543673.58274438,0.27773814275860786,2.6341686375150116e-08,recent_2018_2023_damped
2026,coronary_heart_disease,Male,20-24,DALY,62979.421616276566,62979.42151380502,0.00010247154568787664,1.6270639396936186e-09,recent_2018_2023_damped
2026,coronary_heart_disease,Male,20-24,Deaths,815.2911239841721,815.2911226576429,1.3265292864161893e-06,1.6270621003354474e-09,recent_2018_2023_damped
2026,coronary_heart_disease,Male,20-24,YLD,7807.077555618547,7807.077542915913,1.2702634194283746e-05,1.6270664822344472e-09,recent_2018_2023_damped
2026,coronary_heart_disease,Male,20-24,YLL,55172.34406065802,55172.34397088911,8.976890967460349e-05,1.6270635469460707e-09,recent_2018_2023_damped
2026,coronary_heart_disease,Male,25-29,DALY,114537.24429747688,114537.24202185616,0.002275620718137361,1.9867954544453967e-08,recent_2018_2023_damped
2026,coronary_heart_disease,Male,25-29,Deaths,1575.4535508942902,1575.4535195932517,3.130103846160637e-05,1.9867954257189145e-08,recent_2018_2023_damped
2026,coronary_heart_disease,Male,25-29,YLD,15905.736906937129,15905.736590922672,0.00031601445698470343,1.986795488396629e-08,recent_2018_2023_damped
2026,coronary_heart_disease,Male,25-29,YLL,98631.50739053974,98631.50543093348,0.001959606262971647,1.9867954508145042e-08,recent_2018_2023_damped
2026,coronary_heart_disease,Male,30-34,DALY,235035.98686787268,235035.98702603672,-0.0001581640390213579,-6.729354130941525e-10,recent_2018_2023_damped
2026,coronary_heart_disease,Male,30-34,Deaths,3574.1322872099713,3574.132289615136,-2.4051646505540702e-06,-6.729366614499485e-10,recent_2018_2023_damped
2026,coronary_heart_disease,Male,30-34,YLD,30157.3842283114,30157.384248605413,-2.029401366598904e-05,-6.729368004430793e-10,recent_2018_2023_damped
2026,coronary_heart_disease,Male,30-34,YLL,204878.6026395613,204878.6027774313,-0.00013787002535536885,-6.729352088814427e-10,recent_2018_2023_damped
2026,coronary_heart_disease,Male,35-39,DALY,668005.023197292,668005.0090848505,0.01411244145128876,2.1126250940277286e-08,recent_2018_2023_damped
2026,coronary_heart_disease,Male,35-39,Deaths,11363.455484813758,11363.455244746565,0.00024006719286262523,2.112624969184532e-08,recent_2018_2023_damped
2026,coronary_heart_disease,Male,35-39,YLD,67654.16911991607,67654.167690637,0.0014292790729086846,2.112625314443843e-08,recent_2018_2023_damped
2026,coronary_heart_disease,Male,35-39,YLL,600350.854077376,600350.8413942135,0.012683162465691566,2.112625083732216e-08,recent_2018_2023_damped
2026,coronary_heart_disease,Male,40-44,DALY,717986.0028450275,717986.0197861218,-0.016941094305366278,-2.3595298290644708e-08,recent_2018_2023_damped
2026,coronary_heart_disease,Male,40-44,Deaths,13771.132732869,13771.133057803,-0.0003249339988542488,-2.3595298766657018e-08,recent_2018_2023_damped
2026,coronary_heart_disease,Male,40-44,YLD,59622.8093872101,59622.810794028126,-0.0014068180244066752,-2.3595298605874908e-08,recent_2018_2023_damped
2026,coronary_heart_disease,Male,40-44,YLL,658363.1934578174,658363.2089920937,-0.01553427625913173,-2.3595298228942014e-08,recent_2018_2023_damped
2026,coronary_heart_disease,Male,45-49,DALY,1003829.5372956749,1003829.5320209104,0.005274764494970441,5.25464167641221e-09,recent_2018_2023_damped
2026,coronary_heart_disease,Male,45-49,Deaths,21585.213152653287,21585.213039230734,0.00011342255311319605,5.254641355962186e-09,recent_2018_2023_damped
2026,coronary_heart_disease,Male,45-49,YLD,80885.53655210289,80885.5361270786,0.0004250242927810177,5.2546390013817254e-09,recent_2018_2023_damped
2026,coronary_heart_disease,Male,45-49,YLL,922944.000743572,922943.9958938316,0.004849740420468152,5.254642147350865e-09,recent_2018_2023_damped
2026,coronary_heart_disease,Male,50-54,DALY,1454263.5543393237,1454263.555515197,-0.0011758734472095966,-8.085697002790006e-10,recent_2018_2023_damped
2026,coronary_heart_disease,Male,50-54,Deaths,35223.7277473774,35223.72777585823,-2.8480826586019248e-05,-8.085693475504187e-10,recent_2018_2023_damped
2026,coronary_heart_disease,Male,50-54,YLD,112370.6774951553,112370.67758601542,-9.086012141779065e-05,-8.085750070185412e-10,recent_2018_2023_damped
2026,coronary_heart_disease,Male,50-54,YLL,1341892.8768441684,1341892.877929182,-0.0010850136168301105,-8.085694727767769e-10,recent_2018_2023_damped
2026,coronary_heart_disease,Male,55-59,DALY,2201984.2276189206,2201984.238290098,-0.010671177413314581,-4.84616430388305e-09,recent_2018_2023_damped
2026,coronary_heart_disease,Male,55-59,Deaths,60952.71932310519,60952.71961849207,-0.00029538687522290275,-4.84616399517122e-09,recent_2018_2023_damped
2026,coronary_heart_disease,Male,55-59,YLD,169494.52515214062,169494.5259735388,-0.0008213981927838176,-4.846163544609416e-09,recent_2018_2023_damped
2026,coronary_heart_disease,Male,55-59,YLL,2032489.70246678,2032489.7123165596,-0.009849779540672898,-4.846164524713126e-09,recent_2018_2023_damped
2026,coronary_heart_disease,Male,60-64,DALY,3317511.7522515347,3317511.7838503607,-0.03159882593899965,-9.524857181464332e-09,recent_2018_2023_damped
2026,coronary_heart_disease,Male,60-64,Deaths,105685.3584004746,105685.35940711256,-0.0010066379618365318,-9.524857250651368e-09,recent_2018_2023_damped
2026,coronary_heart_disease,Male,60-64,YLD,239970.42390976963,239970.426195455,-0.002285685361130163,-9.524862698157985e-09,recent_2018_2023_damped
2026,coronary_heart_disease,Male,60-64,YLL,3077541.328341765,3077541.357654906,-0.029313141014426947,-9.524856893154356e-09,recent_2018_2023_damped
2026,coronary_heart_disease,Male,65-69,DALY,2347468.9775108774,2347468.972077965,0.005432912614196539,2.314370361789003e-09,recent_2018_2023_damped
2026,coronary_heart_disease,Male,65-69,Deaths,89829.9478610169,89829.94765311712,0.00020789977861568332,2.3143704749611877e-09,recent_2018_2023_damped
2026,coronary_heart_disease,Male,65-69,YLD,183543.20363492693,183543.2032101409,0.00042478603427298367,2.3143653747103936e-09,recent_2018_2023_damped
2026,coronary_heart_disease,Male,65-69,YLL,2163925.7738759504,2163925.768867824,0.005008126143366098,2.3143705830474825e-09,recent_2018_2023_damped
2026,coronary_heart_disease,Male,70+,DALY,12010380.04207345,12010380.43564146,-0.39356801100075245,-3.276898788591391e-08,recent_2018_2023_damped
2026,coronary_heart_disease,Male,70+,Deaths,855901.2529882581,855901.2810352773,-0.0280470191501081,-3.276898840037149e-08,recent_2018_2023_damped
2026,coronary_heart_disease,Male,70+,YLD,685607.5460638539,685607.5685305232,-0.02246666932478547,-3.27689925782744e-08,recent_2018_2023_damped
2026,coronary_heart_disease,Male,70+,YLL,11324772.496009596,11324772.867110938,-0.37110134214162827,-3.276898764295481e-08,recent_2018_2023_damped
2026,ischemic_stroke,Female,20-24,DALY,10665.647449099926,10665.647667507952,-0.00021840802583028562,-2.047770868108163e-08,recent_2018_2023_damped
2026,ischemic_stroke,Female,20-24,Deaths,24.437110894024777,24.437111394440887,-5.004161103272509e-07,-2.0477711225766594e-08,recent_2018_2023_damped
2026,ischemic_stroke,Female,20-24,YLD,9011.169544452707,9011.169728980807,-0.00018452810036251321,-2.0477707768510087e-08,recent_2018_2023_damped
2026,ischemic_stroke,Female,20-24,YLL,1654.47790464722,1654.4779385271445,-3.387992455827771e-05,-2.0477713101716194e-08,recent_2018_2023_damped
2026,ischemic_stroke,Female,25-29,DALY,14523.39846930409,14523.398397905252,7.13988374627661e-05,4.9161246911097705e-09,recent_2018_2023_damped
2026,ischemic_stroke,Female,25-29,Deaths,39.67554401636868,39.67554382131876,1.9504992110341846e-07,4.916124703465634e-09,recent_2018_2023_damped
2026,ischemic_stroke,Female,25-29,YLD,12037.736151774367,12037.73609259536,5.9179006711929105e-05,4.916124282565991e-09,recent_2018_2023_damped
2026,ischemic_stroke,Female,25-29,YLL,2485.6623175297227,2485.6623053098924,1.221983029608964e-05,4.916126486685475e-09,recent_2018_2023_damped
2026,ischemic_stroke,Female,30-34,DALY,23587.20955052655,23587.20949292429,5.760226122220047e-05,2.442097325649312e-09,recent_2018_2023_damped
2026,ischemic_stroke,Female,30-34,Deaths,83.74490780455682,83.74490760004353,2.0451328452963935e-07,2.4420981572559885e-09,recent_2018_2023_damped
2026,ischemic_stroke,Female,30-34,YLD,18789.008827163867,18789.00878127928,4.588458614307456e-05,2.4420972216901816e-09,recent_2018_2023_damped
2026,ischemic_stroke,Female,30-34,YLL,4798.200723362684,4798.200711645011,1.1717672350641806e-05,2.4420971640897714e-09,recent_2018_2023_damped
2026,ischemic_stroke,Female,35-39,DALY,58982.676736993395,58982.67658254717,0.00015444622840732336,2.6185015220727307e-09,recent_2018_2023_damped
2026,ischemic_stroke,Female,35-39,Deaths,309.98057705729804,309.98057624561375,8.116842877825547e-07,2.618500480299175e-09,recent_2018_2023_damped
2026,ischemic_stroke,Female,35-39,YLD,42603.71519521922,42603.71508366134,0.00011155788524774835,2.618501344980855e-09,recent_2018_2023_damped
2026,ischemic_stroke,Female,35-39,YLL,16378.961541774173,16378.961498885828,4.288834497856442e-05,2.6185020937671708e-09,recent_2018_2023_damped
2026,ischemic_stroke,Female,40-44,DALY,59917.784744108205,59917.78490926654,-0.00016515833704033867,-2.756415933773884e-09,recent_2018_2023_damped
2026,ischemic_stroke,Female,40-44,Deaths,466.4433925478723,466.4433938335843,-1.2857120168519032e-06,-2.75641596354265e-09,recent_2018_2023_damped
2026,ischemic_stroke,Female,40-44,YLD,37622.750608878436,37622.7507125824,-0.00010370396194048226,-2.7564162634658166e-09,recent_2018_2023_damped
2026,ischemic_stroke,Female,40-44,YLL,22295.03413522977,22295.034196684148,-6.145437873783521e-05,-2.756415540594913e-09,recent_2018_2023_damped
2026,ischemic_stroke,Female,45-49,DALY,103793.77120583317,103793.77281364726,-0.0016078140906756744,-1.5490467752457227e-08,recent_2018_2023_damped
2026,ischemic_stroke,Female,45-49,Deaths,1118.4035284369943,1118.4035457615855,-1.7324591226497432e-05,-1.5490465219063768e-08,recent_2018_2023_damped
2026,ischemic_stroke,Female,45-49,YLD,56026.58904070257,56026.58990858068,-0.0008678781086928211,-1.5490468188568128e-08,recent_2018_2023_damped
2026,ischemic_stroke,Female,45-49,YLL,47767.182165130595,47767.18290506658,-0.0007399359819828533,-1.549046724093854e-08,recent_2018_2023_damped
2026,ischemic_stroke,Female,50-54,DALY,183805.896270588,183805.89680476,-0.000534171995241195,-2.9061744183789514e-09,recent_2018_2023_damped
2026,ischemic_stroke,Female,50-54,Deaths,2566.586624416574,2566.586631875521,-7.458947038685437e-06,-2.906173883261773e-09,recent_2018_2023_damped
2026,ischemic_stroke,Female,50-54,YLD,86063.42753574619,86063.42778586163,-0.00025011543766595423,-2.9061756439480652e-09,recent_2018_2023_damped
2026,ischemic_stroke,Female,50-54,YLL,97742.46873484182,97742.46901889837,-0.0002840565430233255,-2.906173190370335e-09,recent_2018_2023_damped
2026,ischemic_stroke,Female,55-59,DALY,371160.20767815644,371160.2100081267,-0.002329970244318247,-6.277532401081548e-09,recent_2018_2023_damped
2026,ischemic_stroke,Female,55-59,Deaths,6078.143645312668,6078.143683468411,-3.8155742913659196e-05,-6.277532236928979e-09,recent_2018_2023_damped
2026,ischemic_stroke,Female,55-59,YLD,168602.7078404299,168602.7088988389,-0.0010584089905023575,-6.277532534411411e-09,recent_2018_2023_damped
2026,ischemic_stroke,Female,55-59,YLL,202557.49983772653,202557.5011092878,-0.0012715612829197198,-6.277532433783639e-09,recent_2018_2023_damped
2026,ischemic_stroke,Female,60-64,DALY,722805.5511750645,722805.5710599013,-0.019884836743585765,-2.7510630160787518e-08,recent_2018_2023_damped
2026,ischemic_stroke,Female,60-64,Deaths,15408.188671271508,15408.189095160464,-0.00042388895599287935,-2.751062784698158e-08,recent_2018_2023_damped
2026,ischemic_stroke,Female,60-64,YLD,274235.66748750134,274235.67503189854,-0.007544397201854736,-2.7510633694821748e-08,recent_2018_2023_damped
2026,ischemic_stroke,Female,60-64,YLL,448569.8836875632,448569.8960280028,-0.01234043959993869,-2.7510628129998978e-08,recent_2018_2023_damped
2026,ischemic_stroke,Female,65-69,DALY,673123.9674786123,673123.972452303,-0.004973690724000335,-7.388966858334206e-09,recent_2018_2023_damped
2026,ischemic_stroke,Female,65-69,Deaths,18730.395147046365,18730.395285444632,-0.00013839826715411618,-7.388966705986462e-09,recent_2018_2023_damped
2026,ischemic_stroke,Female,65-69,YLD,223277.0647771399,223277.0664269276,-0.0016497877077199519,-7.388970726466803e-09,recent_2018_2023_damped
2026,ischemic_stroke,Female,65-69,YLL,449846.90270147246,449846.9060253755,-0.003323903016280383,-7.388964938424817e-09,recent_2018_2023_damped
2026,ischemic_stroke,Female,70+,DALY,5240034.730694056,5240034.592662723,0.1380313327535987,2.6341683497066015e-08,recent_2018_2023_damped
2026,ischemic_stroke,Female,70+,Deaths,326540.97518098337,326540.966579344,0.008601639361586422,2.6341685246088003e-08,recent_2018_2023_damped
2026,ischemic_stroke,Female,70+,YLD,1060211.4758741795,1060211.4479464276,0.027927751885727048,2.6341681123913157e-08,recent_2018_2023_damped
2026,ischemic_stroke,Female,70+,YLL,4179823.254819876,4179823.144716296,0.11010358016937971,2.6341683931905437e-08,recent_2018_2023_damped
2026,ischemic_stroke,Male,20-24,DALY,12060.750170377229,12060.750150753627,1.962360147444997e-05,1.6270630955093429e-09,recent_2018_2023_damped
2026,ischemic_stroke,Male,20-24,Deaths,48.9187958212208,48.918795741626994,7.959380354805035e-08,1.6270597495579953e-09,recent_2018_2023_damped
2026,ischemic_stroke,Male,20-24,YLD,8750.794839131553,8750.794824893439,1.4238114090403542e-05,1.6270652409653456e-09,recent_2018_2023_damped
2026,ischemic_stroke,Male,20-24,YLL,3309.9553312456765,3309.955325860188,5.38548829354113e-06,1.6270576981704591e-09,recent_2018_2023_damped
2026,ischemic_stroke,Male,25-29,DALY,18199.680396712774,18199.6800351224,0.0003615903733589221,1.986795222010013e-08,recent_2018_2023_damped
2026,ischemic_stroke,Male,25-29,Deaths,95.68892305144466,95.68892115030144,1.9011432215165769e-06,1.9867955440007466e-08,recent_2018_2023_damped
2026,ischemic_stroke,Male,25-29,YLD,12208.222982042738,12208.222739490351,0.00024255238713521976,1.9867952306491537e-08,recent_2018_2023_damped
2026,ischemic_stroke,Male,25-29,YLL,5991.457414670037,5991.457295632046,0.00011903799077117583,1.9867952803061473e-08,recent_2018_2023_damped
2026,ischemic_stroke,Male,30-34,DALY,34082.69037547756,34082.69039841309,-2.293552824994549e-05,-6.729377282672903e-10,recent_2018_2023_damped
2026,ischemic_stroke,Male,30-34,Deaths,250.69001105315976,250.69001122185912,-1.6869935848262685e-07,-6.729400890780963e-10,recent_2018_2023_damped
2026,ischemic_stroke,Male,30-34,YLD,19714.296393970948,19714.29640723745,-1.3266500900499523e-05,-6.729380864756181e-10,recent_2018_2023_damped
2026,ischemic_stroke,Male,30-34,YLL,14368.393981506615,14368.39399117564,-9.669025530456565e-06,-6.729371101874575e-10,recent_2018_2023_damped
2026,ischemic_stroke,Male,35-39,DALY,91382.09692080013,91382.09499023911,0.0019305610185256228,2.1126250374669497e-08,recent_2018_2023_damped
2026,ischemic_stroke,Male,35-39,Deaths,900.2152710031245,900.2152519849523,1.9018172224605223e-05,2.1126249730462384e-08,recent_2018_2023_damped
2026,ischemic_stroke,Male,35-39,YLD,43819.93729125473,43819.93636550373,0.0009257510027964599,2.112625164661893e-08,recent_2018_2023_damped
2026,ischemic_stroke,Male,35-39,YLL,47562.15962954539,47562.158624735406,0.0010048099866253324,2.1126248590886412e-08,recent_2018_2023_damped
2026,ischemic_stroke,Male,40-44,DALY,115599.52354449077,115599.52627209626,-0.0027276054897811264,-2.359529989215469e-08,recent_2018_2023_damped
2026,ischemic_stroke,Male,40-44,Deaths,1538.5852935977284,1538.5853299011096,-3.630338119364751e-05,-2.3595299193435607e-08,recent_2018_2023_damped
2026,ischemic_stroke,Male,40-44,YLD,42053.60280922849,42053.60380149584,-0.0009922673489199951,-2.3595298838210397e-08,recent_2018_2023_damped
2026,ischemic_stroke,Male,40-44,YLL,73545.92073526228,73545.92247060042,-0.0017353381408611313,-2.3595300494800692e-08,recent_2018_2023_damped
2026,ischemic_stroke,Male,45-49,DALY,213203.68839661928,213203.68727631084,0.001120308443205431,5.254639155248367e-09,recent_2018_2023_damped
2026,ischemic_stroke,Male,45-49,Deaths,3449.3414565205417,3449.3414383954937,1.8125047972716857e-05,5.254640138248523e-09,recent_2018_2023_damped
2026,ischemic_stroke,Male,45-49,YLD,65712.20636447832,65712.20601918446,0.000345293854479678,5.2546379949391834e-09,recent_2018_2023_damped
2026,ischemic_stroke,Male,45-49,YLL,147491.48203214098,147491.48125712638,0.0007750146032776684,5.254639770866236e-09,recent_2018_2023_damped
2026,ischemic_stroke,Male,50-54,DALY,394729.1963270105,394729.1966461776,-0.00031916709849610925,-8.085723103533186e-10,recent_2018_2023_damped
2026,ischemic_stroke,Male,50-54,Deaths,7467.820960095299,7467.820966133578,-6.038279025233351e-06,-8.085730834492188e-10,recent_2018_2023_damped
2026,ischemic_stroke,Male,50-54,YLD,110211.02794592161,110211.02803503547,-8.911386248655617e-05,-8.085748230043491e-10,recent_2018_2023_damped
2026,ischemic_stroke,Male,50-54,YLL,284518.16838108894,284518.1686111421,-0.0002300531486980617,-8.085710301772712e-10,recent_2018_2023_damped
2026,ischemic_stroke,Male,55-59,DALY,749966.2005102184,749966.2041446792,-0.003634460852481425,-4.846166177083208e-09,recent_2018_2023_damped
2026,ischemic_stroke,Male,55-59,Deaths,16115.82992769766,16115.830005797656,-7.809999624441843e-05,-4.846166546577001e-09,recent_2018_2023_damped
2026,ischemic_stroke,Male,55-59,YLD,212612.7526042254,212612.75363458175,-0.0010303563612978905,-4.846164417158001e-09,recent_2018_2023_damped
2026,ischemic_stroke,Male,55-59,YLL,537353.447905993,537353.4505100974,-0.002604104462079704,-4.846166819265209e-09,recent_2018_2023_damped
2026,ischemic_stroke,Male,60-64,DALY,1463255.7164573097,1463255.7303946158,-0.013937306124716997,-9.52486010149322e-09,recent_2018_2023_damped
2026,ischemic_stroke,Male,60-64,Deaths,38057.90744542349,38057.90780791973,-0.00036249624099582434,-9.524859927281395e-09,recent_2018_2023_damped
2026,ischemic_stroke,Male,60-64,YLD,355438.2588755818,355438.26226108253,-0.0033855007495731115,-9.524862990373097e-09,recent_2018_2023_damped
2026,ischemic_stroke,Male,60-64,YLL,1107817.457581728,1107817.4681335334,-0.010551805375143886,-9.524859174609078e-09,recent_2018_2023_damped
2026,ischemic_stroke,Male,65-69,DALY,1257253.0091008449,1257253.0061910988,0.0029097460210323334,2.3143679169617036e-09,recent_2018_2023_damped
2026,ischemic_stroke,Male,65-69,Deaths,39809.64431147593,39809.64421934176,9.213417069986463e-05,2.3143681011622975e-09,recent_2018_2023_damped
2026,ischemic_stroke,Male,65-69,YLD,298277.6666956642,298277.66600534105,0.0006903231260366738,2.3143641134174377e-09,recent_2018_2023_damped
2026,ischemic_stroke,Male,65-69,YLL,958975.3424051807,958975.3401857578,0.0022194228367879987,2.314369039310319e-09,recent_2018_2023_damped
2026,ischemic_stroke,Male,70+,DALY,6724674.645006596,6724674.865367394,-0.22036079782992601,-3.276898916924616e-08,recent_2018_2023_damped
2026,ischemic_stroke,Male,70+,Deaths,399234.53392148943,399234.54700400215,-0.01308251271257177,-3.276898958456274e-08,recent_2018_2023_damped
2026,ischemic_stroke,Male,70+,YLD,1186030.684574779,1186030.7234398092,-0.03886503027752042,-3.276899114788641e-08,recent_2018_2023_damped
2026,ischemic_stroke,Male,70+,YLL,5538643.960431817,5538644.141927585,-0.18149576801806688,-3.276898882962029e-08,recent_2018_2023_damped
2027,coronary_heart_disease,Female,20-24,DALY,19281.67020369784,19281.67064310034,-0.00043940250179730356,-2.2788611522857707e-08,recent_2018_2023_damped
2027,coronary_heart_disease,Female,20-24,Deaths,242.27900116094406,242.27900668214693,-5.521202865566011e-06,-2.278861442093265e-08,recent_2018_2023_damped
2027,coronary_heart_disease,Female,20-24,YLD,2873.058175983754,2873.05824145674,-6.54729856250924e-05,-2.2788603683820672e-08,recent_2018_2023_damped
2027,coronary_heart_disease,Female,20-24,YLL,16408.612027714084,16408.6124016436,-0.00037392951708170585,-2.278861295085808e-08,recent_2018_2023_damped
2027,coronary_heart_disease,Female,25-29,DALY,27742.82510576316,27742.8249239135,0.00018184966029366478,6.5548357383359224e-09,recent_2018_2023_damped
2027,coronary_heart_disease,Female,25-29,Deaths,353.99307953914087,353.9930772187756,2.320365240393585e-06,6.554832254415945e-09,recent_2018_2023_damped
2027,coronary_heart_disease,Female,25-29,YLD,5555.54354317857,5555.543506762889,3.64156812793226e-05,6.554836846294691e-09,recent_2018_2023_damped
2027,coronary_heart_disease,Female,25-29,YLL,22187.28156258459,22187.28141715061,0.0001454339799238369,6.55483550190234e-09,recent_2018_2023_damped
2027,coronary_heart_disease,Female,30-34,DALY,51553.53785061004,51553.53768274485,0.00016786518972367048,3.2561332794791998e-09,recent_2018_2023_damped
2027,coronary_heart_disease,Female,30-34,Deaths,717.6918206749099,717.6918183380099,2.3369000246020732e-06,3.2561330154407143e-09,recent_2018_2023_damped
2027,coronary_heart_disease,Female,30-34,YLD,10478.521760676049,10478.52172655657,3.4119479096261784e-05,3.2561347856721063e-09,recent_2018_2023_damped
2027,coronary_heart_disease,Female,30-34,YLL,41075.01608993399,41075.01595618828,0.0001337457069894299,3.256132806669793e-09,recent_2018_2023_damped
2027,coronary_heart_disease,Female,35-39,DALY,147470.07066490565,147470.07015003788,0.000514867773745209,3.4913374166119006e-09,recent_2018_2023_damped
2027,coronary_heart_disease,Female,35-39,Deaths,2246.6567825482252,2246.656774704393,7.843832463549916e-06,3.491335459810936e-09,recent_2018_2023_damped
2027,coronary_heart_disease,Female,35-39,YLD,28712.65612805115,28712.65602780548,0.00010024567018263042,3.491340894605919e-09,recent_2018_2023_damped
2027,coronary_heart_disease,Female,35-39,YLL,118757.4145368545,118757.41412223238,0.0004146221181144938,3.4913366982522826e-09,recent_2018_2023_damped
2027,coronary_heart_disease,Female,40-44,DALY,160378.4755789763,160378.4761684023,-0.0005894259957130998,-3.675218831074218e-09,recent_2018_2023_damped
2027,coronary_heart_disease,Female,40-44,Deaths,2767.1716984722734,2767.171708642235,-1.0169961569772568e-05,-3.6752188301182984e-09,recent_2018_2023_damped
2027,coronary_heart_disease,Female,40-44,YLD,28043.7593415166,28043.759444583484,-0.00010306688272976317,-3.6752163322977738e-09,recent_2018_2023_damped
2027,coronary_heart_disease,Female,40-44,YLL,132334.7162374597,132334.7167238188,-0.000486359087517485,-3.67521916816818e-09,recent_2018_2023_damped
2027,coronary_heart_disease,Female,45-49,DALY,279629.6074524198,279629.61226835044,-0.004815930617041886,-1.722253440175789e-08,recent_2018_2023_damped
2027,coronary_heart_disease,Female,45-49,Deaths,5479.143117412112,5479.143211776851,-9.4364739197772e-05,-1.7222535632020852e-08,recent_2018_2023_damped
2027,coronary_heart_disease,Female,45-49,YLD,45770.7065759422,45770.70736422985,-0.0007882876525400206,-1.7222535939133714e-08,recent_2018_2023_damped
2027,coronary_heart_disease,Female,45-49,YLL,233858.9008764776,233858.90490412057,-0.0040276429790537804,-1.7222534163088923e-08,recent_2018_2023_damped
2027,coronary_heart_disease,Female,50-54,DALY,412857.2530733906,412857.2546731697,-0.0015997791197150946,-3.874896472344971e-09,recent_2018_2023_damped
2027,coronary_heart_disease,Female,50-54,Deaths,9191.147176504684,9191.147212119437,-3.56147520506056e-05,-3.874897358149593e-09,recent_2018_2023_damped
2027,coronary_heart_disease,Female,50-54,YLD,62911.21859524693,62911.21883902141,-0.00024377447698498145,-3.87489674311917e-09,recent_2018_2023_damped
2027,coronary_heart_disease,Female,50-54,YLL,349946.0344781436,349946.0358341483,-0.0013560046791099012,-3.874896527625075e-09,recent_2018_2023_damped
2027,coronary_heart_disease,Female,55-59,DALY,792507.7321140704,792507.7387473925,-0.006633322103880346,-8.370040795266834e-09,recent_2018_2023_damped
2027,coronary_heart_disease,Female,55-59,Deaths,20078.031752857536,20078.031920911515,-0.0001680539789958857,-8.370042425366175e-09,recent_2018_2023_damped
2027,coronary_heart_disease,Female,55-59,YLD,124090.30859873227,124090.30963737308,-0.0010386408102931455,-8.3700396374894e-09,recent_2018_2023_damped
2027,coronary_heart_disease,Female,55-59,YLL,668417.4235153382,668417.4291100195,-0.005594681249931455,-8.370040944893714e-09,recent_2018_2023_damped
2027,coronary_heart_disease,Female,60-64,DALY,1565292.3876392224,1565292.43820625,-0.050567027647048235,-3.2305163184072885e-08,recent_2018_2023_damped
2027,coronary_heart_disease,Female,60-64,Deaths,46496.66371998741,46496.66522206982,-0.0015020824139355682,-3.2305164397523266e-08,recent_2018_2023_damped
2027,coronary_heart_disease,Female,60-64,YLD,208388.01446433127,208388.02119634143,-0.006732010166160762,-3.2305168634515317e-08,recent_2018_2023_damped
2027,coronary_heart_disease,Female,60-64,YLL,1356904.373174891,1356904.4170099087,-0.043835017597302794,-3.230516243281025e-08,recent_2018_2023_damped
2027,coronary_heart_disease,Female,65-69,DALY,1197516.0754492022,1197516.087247074,-0.01179787190631032,-9.851952747818207e-09,recent_2018_2023_damped
2027,coronary_heart_disease,Female,65-69,Deaths,43478.2888062981,43478.289234644144,-0.0004283460439182818,-9.851952582737992e-09,recent_2018_2023_damped
2027,coronary_heart_disease,Female,65-69,YLD,154444.5120909665,154444.51361254734,-0.0015215808234643191,-9.851957754106348e-09,recent_2018_2023_damped
2027,coronary_heart_disease,Female,65-69,YLL,1043071.5633582358,1043071.5736345266,-0.010276290820911527,-9.851951755433567e-09,recent_2018_2023_damped
2027,coronary_heart_disease,Female,70+,DALY,11659279.715269746,11659279.36002431,0.35524543561041355,3.046890160539672e-08,recent_2018_2023_damped
2027,coronary_heart_disease,Female,70+,Deaths,896566.2703791762,896566.2430617866,0.02731738961301744,3.046890268780159e-08,recent_2018_2023_damped
2027,coronary_heart_disease,Female,70+,YLD,813947.5358116201,813947.5110115367,0.024800083367154002,3.0468897602910035e-08,recent_2018_2023_damped
2027,coronary_heart_disease,Female,70+,YLL,10845332.179458126,10845331.849012772,0.33044535480439663,3.046890214193643e-08,recent_2018_2023_damped
2027,coronary_heart_disease,Male,20-24,DALY,62711.88359363246,62711.88345758413,0.00013604832929559052,2.169418645951023e-09,recent_2018_2023_damped
2027,coronary_heart_disease,Male,20-24,Deaths,810.0159895532507,810.0159877959891,1.7572616570760147e-06,2.169416015920169e-09,recent_2018_2023_damped
2027,coronary_heart_disease,Male,20-24,YLD,7883.022068889492,7883.022051787893,1.710159904177999e-05,2.1694216925222602e-09,recent_2018_2023_damped
2027,coronary_heart_disease,Male,20-24,YLL,54828.86152474297,54828.86140579624,0.00011894672934431583,2.169418191342222e-09,recent_2018_2023_damped
2027,coronary_heart_disease,Male,25-29,DALY,111055.43196419724,111055.42942131383,0.0025428834051126614,2.2897425352034426e-08,recent_2018_2023_damped
2027,coronary_heart_disease,Male,25-29,Deaths,1521.2973634946939,1521.2973286609028,3.483379100543971e-05,2.2897424684299935e-08,recent_2018_2023_damped
2027,coronary_heart_disease,Male,25-29,YLD,15784.395116804995,15784.394755382991,0.00036142200406175107,2.2897425568914794e-08,recent_2018_2023_damped
2027,coronary_heart_disease,Male,25-29,YLL,95271.03684739224,95271.03466593086,0.002181461386498995,2.2897425163359654e-08,recent_2018_2023_damped
2027,coronary_heart_disease,Male,30-34,DALY,222637.49103319886,222637.49123295973,-0.00019976086332462728,-8.972471896730314e-10,recent_2018_2023_damped
2027,coronary_heart_disease,Male,30-34,Deaths,3379.155782546175,3379.15578557812,-3.0319447432702873e-06,-8.972491757291295e-10,recent_2018_2023_damped
2027,coronary_heart_disease,Male,30-34,YLD,29124.960245167244,29124.960271299587,-2.613234391901642e-05,-8.972490837959302e-10,recent_2018_2023_damped
2027,coronary_heart_disease,Male,30-34,YLL,193512.5307880316,193512.53096166012,-0.00017362850485369563,-8.972468293957458e-10,recent_2018_2023_damped
2027,coronary_heart_disease,Male,35-39,DALY,671073.5649993633,671073.5480032073,0.016996155958622694,2.5326815531911657e-08,recent_2018_2023_damped
2027,coronary_heart_disease,Male,35-39,Deaths,11411.279015431215,11411.27872641988,0.00028901133555336855,2.5326814153109516e-08,recent_2018_2023_damped
2027,coronary_heart_disease,Male,35-39,YLD,67997.87472476598,67997.8730025962,0.0017221697780769318,2.5326818355203234e-08,recent_2018_2023_damped
2027,coronary_heart_disease,Male,35-39,YLL,603075.6902745973,603075.6750006111,0.015273986151441932,2.5326815165321425e-08,recent_2018_2023_damped
2027,coronary_heart_disease,Male,40-44,DALY,738989.8155606136,738989.8363730608,-0.02081244718283415,-2.8163374052586425e-08,recent_2018_2023_damped
2027,coronary_heart_disease,Male,40-44,Deaths,14170.253923762766,14170.254322844945,-0.0003990821787738241,-2.816337446607669e-08,recent_2018_2023_damped
2027,coronary_heart_disease,Male,40-44,YLD,61261.38828971636,61261.390015043806,-0.0017253274490940385,-2.8163374168793006e-08,recent_2018_2023_damped
2027,coronary_heart_disease,Male,40-44,YLL,677728.4272708973,677728.446358017,-0.019087119726464152,-2.8163374031346448e-08,recent_2018_2023_damped
2027,coronary_heart_disease,Male,45-49,DALY,1037927.560036035,1037927.5527641184,0.007271916605532169,7.006189002465763e-09,recent_2018_2023_damped
2027,coronary_heart_disease,Male,45-49,Deaths,22301.59236175534,22301.592205506186,0.0001562491561344359,7.006188378597405e-09,recent_2018_2023_damped
2027,coronary_heart_disease,Male,45-49,YLD,84685.69548406237,84685.69489073868,0.0005933236825512722,7.006185440371922e-09,recent_2018_2023_damped
2027,coronary_heart_disease,Male,45-49,YLL,953241.8645519727,953241.8578733796,0.006678593112155795,7.0061895173752655e-09,recent_2018_2023_damped
2027,coronary_heart_disease,Male,50-54,DALY,1354751.777192795,1354751.7786533437,-0.001460548723116517,-1.0780932316385944e-09,recent_2018_2023_damped
2027,coronary_heart_disease,Male,50-54,Deaths,32789.05062223324,32789.05065758287,-3.534962888807058e-05,-1.078092478407744e-09,recent_2018_2023_damped
2027,coronary_heart_disease,Male,50-54,YLD,105922.60392394273,105922.60403813786,-0.00011419512156862766,-1.0780996427118733e-09,recent_2018_2023_damped
2027,coronary_heart_disease,Male,50-54,YLL,1248829.1732688523,1248829.1746152055,-0.0013463532086461782,-1.0780923732511473e-09,recent_2018_2023_damped
2027,coronary_heart_disease,Male,55-59,DALY,2227691.9348446312,2227691.9426988564,-0.007854225113987923,-3.5257231771788437e-09,recent_2018_2023_damped
2027,coronary_heart_disease,Male,55-59,Deaths,61757.21552464361,61757.21574238241,-0.00021773880143882707,-3.525722441036124e-09,recent_2018_2023_damped
2027,coronary_heart_disease,Male,55-59,YLD,170690.67773082017,170690.67833262804,-0.0006018078711349517,-3.5257219492806613e-09,recent_2018_2023_damped
2027,coronary_heart_disease,Male,55-59,YLL,2057001.257113811,2057001.264366228,-0.007252416806295514,-3.5257230668402233e-09,recent_2018_2023_damped
2027,coronary_heart_disease,Male,60-64,DALY,3573770.110837996,3573770.1562241977,-0.045386201702058315,-1.269980992566413e-08,recent_2018_2023_damped
2027,coronary_heart_disease,Male,60-64,Deaths,113560.15431156672,113560.15575375911,-0.0014421923988265917,-1.2699809975197674e-08,recent_2018_2023_damped
2027,coronary_heart_disease,Male,60-64,YLD,260308.13679195373,260308.1400978194,-0.0033058656845241785,-1.2699816775925217e-08,recent_2018_2023_damped
2027,coronary_heart_disease,Male,60-64,YLL,3313461.974046042,3313462.0161263784,-0.04208033625036478,-1.2699809457770407e-08,recent_2018_2023_damped
2027,coronary_heart_disease,Male,65-69,DALY,2298216.6369275474,2298216.6298356485,0.007091898936778307,3.085827003734399e-09,recent_2018_2023_damped
2027,coronary_heart_disease,Male,65-69,Deaths,87982.52088575419,87982.52061425529,0.0002714988950174302,3.08582765215118e-09,recent_2018_2023_damped
2027,coronary_heart_disease,Male,65-69,YLD,181364.19299659043,181364.19243693308,0.000559657346457243,3.0858205191295196e-09,recent_2018_2023_damped
2027,coronary_heart_disease,Male,65-69,YLL,2116852.443930957,2116852.4373987154,0.006532241590321064,3.0858275593116825e-09,recent_2018_2023_damped
2027,coronary_heart_disease,Male,70+,DALY,12579920.986718087,12579921.46103965,-0.47432156279683113,-3.770465215270362e-08,recent_2018_2023_damped
2027,coronary_heart_disease,Male,70+,Deaths,898643.8412101696,898643.8750932242,-0.033883054624311626,-3.7704652046726117e-08,recent_2018_2023_damped
2027,coronary_heart_disease,Male,70+,YLD,709847.9960386332,709848.02280321,-0.02676457678899169,-3.7704657798859e-08,recent_2018_2023_damped
2027,coronary_heart_disease,Male,70+,YLL,11870072.990679454,11870073.43823644,-0.44755698554217815,-3.7704651775825287e-08,recent_2018_2023_damped
2027,ischemic_stroke,Female,20-24,DALY,10525.6800905645,10525.68033043012,-0.0002398656197328819,-2.2788609591289012e-08,recent_2018_2023_damped
2027,ischemic_stroke,Female,20-24,Deaths,23.386767010719264,23.38676754367127,-5.32952004306253e-07,-2.278861340332927e-08,recent_2018_2023_damped
2027,ischemic_stroke,Female,20-24,YLD,8941.925535028107,8941.925738802152,-0.0002037740450759884,-2.278860851994569e-08,recent_2018_2023_damped
2027,ischemic_stroke,Female,20-24,YLL,1583.7545555363922,1583.754591627967,-3.6091574884267175e-05,-2.2788615783691624e-08,recent_2018_2023_damped
2027,ischemic_stroke,Female,25-29,DALY,13915.714165264706,13915.714074049523,9.121518269239459e-05,6.5548330618904876e-09,recent_2018_2023_damped
2027,ischemic_stroke,Female,25-29,Deaths,36.95426260259681,36.95426236036779,2.422290208414779e-07,6.5548330657862196e-09,recent_2018_2023_damped
2027,ischemic_stroke,Female,25-29,YLD,11599.639604908714,11599.63952887502,7.603369522257708e-05,6.55483259055647e-09,recent_2018_2023_damped
2027,ischemic_stroke,Female,25-29,YLL,2316.0745603559913,2316.0745451745047,1.518148656032281e-05,6.554835029793465e-09,recent_2018_2023_damped
2027,ischemic_stroke,Female,30-34,DALY,21905.59935060546,21905.59927927799,7.132746759452857e-05,3.2561294801919487e-09,recent_2018_2023_damped
2027,ischemic_stroke,Female,30-34,Deaths,75.8953331239882,75.89533287686307,2.471251292490706e-07,3.2561307775014383e-09,recent_2018_2023_damped
2027,ischemic_stroke,Female,30-34,YLD,17561.6839127604,17561.683855577285,5.7183115131920204e-05,3.256129400926429e-09,recent_2018_2023_damped
2027,ischemic_stroke,Female,30-34,YLL,4343.915437845058,4343.915423700706,1.4144351553113665e-05,3.256129591276362e-09,recent_2018_2023_damped
2027,ischemic_stroke,Female,35-39,DALY,57850.98395159093,57850.98374961375,0.00020197718549752608,3.4913353655610845e-09,recent_2018_2023_damped
2027,ischemic_stroke,Female,35-39,Deaths,299.39639787789514,299.3963968326024,1.0452927199366968e-06,3.4913336666544376e-09,recent_2018_2023_damped
2027,ischemic_stroke,Female,35-39,YLD,42025.988434960855,42025.988288234046,0.00014672680845251307,3.4913351102225467e-09,recent_2018_2023_damped
2027,ischemic_stroke,Female,35-39,YLL,15824.995516630077,15824.995461379698,5.5250378864002414e-05,3.491336158600416e-09,recent_2018_2023_damped
2027,ischemic_stroke,Female,40-44,DALY,59976.541946139456,59976.54216656652,-0.00022042706405045465,-3.6752212796510646e-09,recent_2018_2023_damped
2027,ischemic_stroke,Female,40-44,Deaths,460.8660480385538,460.86604973233847,-1.6937846680775692e-06,-3.6752211820794447e-09,recent_2018_2023_damped
2027,ischemic_stroke,Female,40-44,YLD,37938.37127076052,37938.37141019245,-0.00013943192607257515,-3.6752217053554293e-09,recent_2018_2023_damped
2027,ischemic_stroke,Female,40-44,YLL,22038.170675378933,22038.17075637407,-8.09951379778795e-05,-3.67522054680756e-09,recent_2018_2023_damped
2027,ischemic_stroke,Female,45-49,DALY,106002.43324787052,106002.43507350158,-0.0018256310577271506,-1.7222538863954088e-08,recent_2018_2023_damped
2027,ischemic_stroke,Female,45-49,Deaths,1121.5965631195024,1121.596582436239,-1.931673659782973e-05,-1.722253517915641e-08,recent_2018_2023_damped
2027,ischemic_stroke,Female,45-49,YLD,58120.49399516518,58120.494996147696,-0.0010009825127781369,-1.722253936145044e-08,recent_2018_2023_damped
2027,ischemic_stroke,Female,45-49,YLL,47881.939252705335,47881.94007735388,-0.0008246485449490137,-1.7222538260078508e-08,recent_2018_2023_damped
2027,ischemic_stroke,Female,50-54,DALY,167349.76874014403,167349.76938860753,-0.0006484634941443801,-3.874899239559542e-09,recent_2018_2023_damped
2027,ischemic_stroke,Female,50-54,Deaths,2300.870036379832,2300.870045295469,-8.915636954043293e-06,-3.874898094428615e-09,recent_2018_2023_damped
2027,ischemic_stroke,Female,50-54,YLD,79747.25325265908,79747.2535616718,-0.00030901271384209394,-3.874901015909242e-09,recent_2018_2023_damped
2027,ischemic_stroke,Female,50-54,YLL,87602.51548748497,87602.51582693573,-0.0003394507657503709,-3.8748974563810155e-09,recent_2018_2023_damped
2027,ischemic_stroke,Female,55-59,DALY,367938.585345533,367938.58842519496,-0.003079661983065307,-8.370043479936404e-09,recent_2018_2023_damped
2027,ischemic_stroke,Female,55-59,Deaths,5987.13985039845,5987.139900511067,-5.011261691834079e-05,-8.370042750139034e-09,recent_2018_2023_damped
2027,ischemic_stroke,Female,55-59,YLD,168650.1492829401,168650.15069454917,-0.0014116090605966747,-8.370043280621263e-09,recent_2018_2023_damped
2027,ischemic_stroke,Female,55-59,YLL,199288.43606259287,199288.43773064576,-0.001668052893364802,-8.370043502570423e-09,recent_2018_2023_damped
2027,ischemic_stroke,Female,60-64,DALY,765690.2397995389,765690.2645352901,-0.02473575121257454,-3.2305166146505827e-08,recent_2018_2023_damped
2027,ischemic_stroke,Female,60-64,Deaths,16092.285323478867,16092.28584334278,-0.0005198639119043946,-3.230516267019065e-08,recent_2018_2023_damped
2027,ischemic_stroke,Female,60-64,YLD,296188.54905645095,296188.5586248728,-0.009568421868607402,-3.230517043950354e-08,recent_2018_2023_damped
2027,ischemic_stroke,Female,60-64,YLL,469501.69074308797,469501.7059104173,-0.01516732934396714,-3.230516343823706e-08,recent_2018_2023_damped
2027,ischemic_stroke,Female,65-69,DALY,639712.7142551439,639712.7205575653,-0.006302421446889639,-9.851955798841282e-09,recent_2018_2023_damped
2027,ischemic_stroke,Female,65-69,Deaths,17578.143868858573,17578.144042037668,-0.00017317909441771917,-9.851955587777978e-09,recent_2018_2023_damped
2027,ischemic_stroke,Female,65-69,YLD,218112.40027190652,218112.40242074133,-0.002148834813851863,-9.851960686337938e-09,recent_2018_2023_damped
2027,ischemic_stroke,Female,65-69,YLL,421600.3139832373,421600.318136824,-0.004153586691245437,-9.851953408387735e-09,recent_2018_2023_damped
2027,ischemic_stroke,Female,70+,DALY,5301901.656292494,5301901.494749399,0.16154309548437595,3.0468897931120743e-08,recent_2018_2023_damped
2027,ischemic_stroke,Female,70+,Deaths,328113.6058475108,328113.59585025045,0.009997260349337012,3.046890002662284e-08,recent_2018_2023_damped
2027,ischemic_stroke,Female,70+,YLD,1104179.5146464806,1104179.4810033522,0.03364312835037708,3.046889471248465e-08,recent_2018_2023_damped
2027,ischemic_stroke,Female,70+,YLL,4197722.141646014,4197722.013746046,0.12789996713399887,3.046889877775898e-08,recent_2018_2023_damped
2027,ischemic_stroke,Male,20-24,DALY,11898.819515052484,11898.819489238977,2.5813507818384096e-05,2.1694175495081044e-09,recent_2018_2023_damped
2027,ischemic_stroke,Male,20-24,Deaths,47.20316054771908,47.20316044531592,1.0240315617693341e-07,2.1694131327406722e-09,recent_2018_2023_damped
2027,ischemic_stroke,Male,20-24,YLD,8704.227141910518,8704.227123027391,1.8883127268054523e-05,2.1694203288995563e-09,recent_2018_2023_damped
2027,ischemic_stroke,Male,20-24,YLL,3194.5923731419666,3194.592366211585,6.930381459824275e-06,2.169410261266886e-09,recent_2018_2023_damped
2027,ischemic_stroke,Male,25-29,DALY,17511.526594813124,17511.52619384431,0.00040096881275530905,2.2897422435758825e-08,recent_2018_2023_damped
2027,ischemic_stroke,Male,25-29,Deaths,90.09501407597958,90.0950120130357,2.0629438779451448e-06,2.28974260822193e-08,recent_2018_2023_damped
2027,ischemic_stroke,Male,25-29,YLD,11868.434810888732,11868.434539132177,0.00027175655486644246,2.2897422062734263e-08,recent_2018_2023_damped
2027,ischemic_stroke,Male,25-29,YLL,5643.091783924391,5643.091654712135,0.00012921225606987718,2.2897422897957265e-08,recent_2018_2023_damped
2027,ischemic_stroke,Male,30-34,DALY,31791.172674297057,31791.17270282169,-2.852463148883544e-05,-8.972500560290335e-10,recent_2018_2023_damped
2027,ischemic_stroke,Male,30-34,Deaths,229.60884671303785,229.6088469190552,-2.0601734718184161e-07,-8.97253524619065e-10,recent_2018_2023_damped
2027,ischemic_stroke,Male,30-34,YLD,18644.112305471728,18644.11232220017,-1.6728441551094875e-05,-8.972506312985338e-10,recent_2018_2023_damped
2027,ischemic_stroke,Male,30-34,YLL,13147.060368825327,13147.060380621522,-1.1796195394708775e-05,-8.972496552990741e-10,recent_2018_2023_damped
2027,ischemic_stroke,Male,35-39,DALY,89542.36553469623,89542.36326687344,0.0022678227978758514,2.532681420432022e-08,recent_2018_2023_damped
2027,ischemic_stroke,Male,35-39,Deaths,875.3546138864104,875.3545917164677,2.2169942781147256e-05,2.5326813831723438e-08,recent_2018_2023_damped
2027,ischemic_stroke,Male,35-39,YLD,43277.50803447651,43277.506938395054,0.001096081454306841,2.532681598011406e-08,recent_2018_2023_damped
2027,ischemic_stroke,Male,35-39,YLL,46264.857500219725,46264.85632847838,0.0011717413435690105,2.5326812543190452e-08,recent_2018_2023_damped
2027,ischemic_stroke,Male,40-44,DALY,116145.35860668094,116145.36187772643,-0.0032710454979678616,-2.8163376006452137e-08,recent_2018_2023_damped
2027,ischemic_stroke,Male,40-44,Deaths,1536.5251061340623,1536.5251494077966,-4.327373426349368e-05,-2.816337518469654e-08,recent_2018_2023_damped
2027,ischemic_stroke,Male,40-44,YLD,42668.110279591965,42668.11148126998,-0.0012016780165140517,-2.8163374820128897e-08,recent_2018_2023_damped
2027,ischemic_stroke,Male,40-44,YLL,73477.24832708898,73477.25039645647,-0.0020693674887297675,-2.8163376794371244e-08,recent_2018_2023_damped
2027,ischemic_stroke,Male,45-49,DALY,216276.25193584326,216276.2504205717,0.001515271549578756,7.00618559195544e-09,recent_2018_2023_damped
2027,ischemic_stroke,Male,45-49,Deaths,3466.1420059932966,3466.141981708857,2.428443940516445e-05,7.0061871479343945e-09,recent_2018_2023_damped
2027,ischemic_stroke,Male,45-49,YLD,68117.91679476025,68117.91631751358,0.0004772466782014817,7.006184334484382e-09,recent_2018_2023_damped
2027,ischemic_stroke,Male,45-49,YLL,148158.33514108302,148158.33410305812,0.0010380249004811049,7.00618636653312e-09,recent_2018_2023_damped
2027,ischemic_stroke,Male,50-54,DALY,359929.7503491214,359929.75073716027,-0.0003880388685502112,-1.0780961222446368e-09,recent_2018_2023_damped
2027,ischemic_stroke,Male,50-54,Deaths,6753.426204734934,6753.4262120157855,-7.280851605173666e-06,-1.0780974540329586e-09,recent_2018_2023_damped
2027,ischemic_stroke,Male,50-54,YLD,102690.4747679977,102690.47487870826,-0.00011071056360378861,-1.0780996361595678e-09,recent_2018_2023_damped
2027,ischemic_stroke,Male,50-54,YLL,257239.27558112371,257239.275858452,-0.0002773282758425921,-1.078094606343062e-09,recent_2018_2023_damped
2027,ischemic_stroke,Male,55-59,DALY,738818.1862276996,738818.1888325696,-0.0026048700092360377,-3.5257253389390378e-09,recent_2018_2023_damped
2027,ischemic_stroke,Male,55-59,Deaths,15824.468793443028,15824.468849235764,-5.579273602052126e-05,-3.5257256690303226e-09,recent_2018_2023_damped
2027,ischemic_stroke,Male,55-59,YLD,211767.18529640124,211767.1860430337,-0.0007466324605047703,-3.5257231040178498e-09,recent_2018_2023_damped
2027,ischemic_stroke,Male,55-59,YLL,527051.0009312984,527051.0027895359,-0.0018582375487312675,-3.5257262369222857e-09,recent_2018_2023_damped
2027,ischemic_stroke,Male,60-64,DALY,1539441.8846873078,1539441.9042379328,-0.019550625002011657,-1.26998134506997e-08,recent_2018_2023_damped
2027,ischemic_stroke,Male,60-64,Deaths,39690.46015394933,39690.46065801077,-0.00050406144146109,-1.2699813333090018e-08,recent_2018_2023_damped
2027,ischemic_stroke,Male,60-64,YLD,381859.4991089731,381859.503958519,-0.00484954594867304,-1.2699817337006336e-08,recent_2018_2023_damped
2027,ischemic_stroke,Male,60-64,YLL,1157582.3855783346,1157582.4002794137,-0.014701079111546278,-1.2699812218981367e-08,recent_2018_2023_damped
2027,ischemic_stroke,Male,65-69,DALY,1204887.3910847732,1204887.3873667023,0.0037180709186941385,3.0858244161888297e-09,recent_2018_2023_damped
2027,ischemic_stroke,Male,65-69,Deaths,37869.31232766997,37869.31221081193,0.00011685804201988503,3.085824251820484e-09,recent_2018_2023_damped
2027,ischemic_stroke,Male,65-69,YLD,293776.76175777114,293776.76085122913,0.0009065420017577708,3.085819311000065e-09,recent_2018_2023_damped
2027,ischemic_stroke,Male,65-69,YLL,911110.6293270021,911110.6265154736,0.0028115285094827414,3.0858256150906527e-09,recent_2018_2023_damped
2027,ischemic_stroke,Male,70+,DALY,6887263.430475414,6887263.690157305,-0.25968189164996147,-3.770465359429709e-08,recent_2018_2023_damped
2027,ischemic_stroke,Male,70+,Deaths,407032.6996413257,407032.71498835343,-0.015347027743700892,-3.7704654143439115e-08,recent_2018_2023_damped
2027,ischemic_stroke,Male,70+,YLD,1242528.6480725373,1242528.6949216544,-0.046849117148667574,-3.770465610987082e-08,recent_2018_2023_damped
2027,ischemic_stroke,Male,70+,YLL,5644734.782402877,5644734.995235651,-0.2128327740356326,-3.770465295806991e-08,recent_2018_2023_damped
2028,coronary_heart_disease,Female,20-24,DALY,18985.869589589893,18985.870066125997,-0.00047653610454290174,-2.509951363214703e-08,recent_2018_2023_damped
2028,coronary_heart_disease,Female,20-24,Deaths,238.02339895643053,238.02340493070304,-5.974272511366507e-06,-2.5099517054240223e-08,recent_2018_2023_damped
2028,coronary_heart_disease,Female,20-24,YLD,2861.430231189804,2861.4303030102838,-7.182047966125538e-05,-2.5099503414672987e-08,recent_2018_2023_damped
2028,coronary_heart_disease,Female,20-24,YLL,16124.439358400088,16124.43976311571,-0.0004047156216984149,-2.5099515247915324e-08,recent_2018_2023_damped
2028,coronary_heart_disease,Female,25-29,DALY,26514.25766206443,26514.25744481868,0.00021724574980908073,8.19354455847807e-09,recent_2018_2023_damped
2028,coronary_heart_disease,Female,25-29,Deaths,336.70803502859525,336.7080322697644,2.758830873972329e-06,8.193540425438985e-09,recent_2018_2023_damped
2028,coronary_heart_disease,Female,25-29,YLD,5401.891043200551,5401.890998939909,4.4260642425797414e-05,8.193546007219197e-09,recent_2018_2023_damped
2028,coronary_heart_disease,Female,25-29,YLL,21112.366618863878,21112.366445878768,0.00017298511011176743,8.193544317033911e-09,recent_2018_2023_damped
2028,coronary_heart_disease,Female,30-34,DALY,47973.199874624086,47973.19967936516,0.0001952589227585122,4.070166761098894e-09,recent_2018_2023_damped
2028,coronary_heart_disease,Female,30-34,Deaths,664.7205965336738,664.7205938281502,2.705523570512014e-06,4.070166616819865e-09,recent_2018_2023_damped
2028,coronary_heart_disease,Female,30-34,YLD,9969.982082740551,9969.982042161042,4.057950900460128e-05,4.070168715750813e-09,recent_2018_2023_damped
2028,coronary_heart_disease,Female,30-34,YLL,38003.21779188354,38003.217637204114,0.00015467942284885794,4.070166487624748e-09,recent_2018_2023_damped
2028,coronary_heart_disease,Female,35-39,DALY,143733.55697595148,143733.55634867353,0.0006272779428400099,4.364171866160041e-09,recent_2018_2023_damped
2028,coronary_heart_disease,Female,35-39,Deaths,2180.672957119392,2180.672947602566,9.516825684841024e-06,4.364169186995157e-09,recent_2018_2023_damped
2028,coronary_heart_disease,Female,35-39,YLD,28424.92738233147,28424.92725828008,0.00012405138841131702,4.364176107968097e-09,recent_2018_2023_damped
2028,coronary_heart_disease,Female,35-39,YLL,115308.62959362002,115308.62909039346,0.0005032265617046505,4.364170883604539e-09,recent_2018_2023_damped
2028,coronary_heart_disease,Female,40-44,DALY,162174.3081632828,162174.30890831538,-0.0007450325647369027,-4.594023367524285e-09,recent_2018_2023_damped
2028,coronary_heart_disease,Female,40-44,Deaths,2784.9651469485634,2784.965159742759,-1.2794195754395332e-05,-4.5940236306500515e-09,recent_2018_2023_damped
2028,coronary_heart_disease,Female,40-44,YLD,28926.92405651849,28926.92418940937,-0.00013289088019519113,-4.594020412437929e-09,recent_2018_2023_damped
2028,coronary_heart_disease,Female,40-44,YLL,133247.38410676434,133247.38471890602,-0.0006121416809037328,-4.5940239817470735e-09,recent_2018_2023_damped
2028,coronary_heart_disease,Female,45-49,DALY,287733.3986238544,287733.40407772723,-0.005453872843645513,-1.8954604388485334e-08,recent_2018_2023_damped
2028,coronary_heart_disease,Female,45-49,Deaths,5604.368543408314,5604.368649636912,-0.00010622859826980857,-1.895460575683057e-08,recent_2018_2023_damped
2028,coronary_heart_disease,Female,45-49,YLD,48642.761647930456,48642.76256993485,-0.0009220043939421885,-1.895460589058035e-08,recent_2018_2023_damped
2028,coronary_heart_disease,Female,45-49,YLL,239090.63697592396,239090.6415077924,-0.004531868442427367,-1.8954604052453742e-08,recent_2018_2023_damped
2028,coronary_heart_disease,Female,50-54,DALY,378887.54278044216,378887.5446156297,-0.001835187547840178,-4.843620683551163e-09,recent_2018_2023_damped
2028,coronary_heart_disease,Female,50-54,Deaths,8390.620134080591,8390.620174721578,-4.064098720846232e-05,-4.843621372696791e-09,recent_2018_2023_damped
2028,coronary_heart_disease,Female,50-54,YLD,59496.489804229524,59496.49009240799,-0.0002881784675992094,-4.843621315335074e-09,recent_2018_2023_damped
2028,coronary_heart_disease,Female,50-54,YLL,319391.05297621264,319391.05452322174,-0.0015470091020688415,-4.843620634203968e-09,recent_2018_2023_damped
2028,coronary_heart_disease,Female,55-59,DALY,783170.126113046,783170.1343070032,-0.008193957270123065,-1.0462550742404878e-08,recent_2018_2023_damped
2028,coronary_heart_disease,Female,55-59,Deaths,19786.60565489667,19786.605861915075,-0.0002070184054900892,-1.0462552644693588e-08,recent_2018_2023_damped
2028,coronary_heart_disease,Female,55-59,YLD,125224.5052611563,125224.50657132392,-0.0013101676158839837,-1.046254963789978e-08,recent_2018_2023_damped
2028,coronary_heart_disease,Female,55-59,YLL,657945.6208518896,657945.6277356793,-0.006883789668790996,-1.0462550974738698e-08,recent_2018_2023_damped
2028,coronary_heart_disease,Female,60-64,DALY,1600457.7786355766,1600457.8380120792,-0.05937650264240801,-3.70996981189828e-08,recent_2018_2023_damped
2028,coronary_heart_disease,Female,60-64,Deaths,47226.8701499578,47226.87190206056,-0.001752102754835505,-3.7099699477641225e-08,recent_2018_2023_damped
2028,coronary_heart_disease,Female,60-64,YLD,219227.16976223447,219227.17789549808,-0.008133263618219644,-3.709970495581818e-08,recent_2018_2023_damped
2028,coronary_heart_disease,Female,60-64,YLL,1381230.6088733422,1381230.6601165812,-0.05124323908239603,-3.709969707599084e-08,recent_2018_2023_damped
2028,coronary_heart_disease,Female,65-69,DALY,1267977.8537682595,1267977.869383332,-0.015615072567015886,-1.2314940933953457e-08,recent_2018_2023_damped
2028,coronary_heart_disease,Female,65-69,Deaths,45861.80189516427,45861.80245994967,-0.0005647853977279738,-1.2314941136933971e-08,recent_2018_2023_damped
2028,coronary_heart_disease,Female,65-69,YLD,169165.57724828756,169165.57933155273,-0.002083265164401382,-1.2314947122418609e-08,recent_2018_2023_damped
2028,coronary_heart_disease,Female,65-69,YLL,1098812.276519972,1098812.290051779,-0.0135318071115762,-1.2314939716353685e-08,recent_2018_2023_damped
2028,coronary_heart_disease,Female,70+,DALY,11945645.053432584,11945644.640159668,0.41327291540801525,3.4596116648125184e-08,recent_2018_2023_damped
2028,coronary_heart_disease,Female,70+,Deaths,919228.928873392,919228.8970716404,0.0318017516983673,3.459611833317814e-08,recent_2018_2023_damped
2028,coronary_heart_disease,Female,70+,YLD,850073.705376136,850073.675966892,0.029409243958070874,3.4596111830683583e-08,recent_2018_2023_damped
2028,coronary_heart_disease,Female,70+,YLL,11095571.348056449,11095570.964192774,0.38386367447674274,3.4596117290001e-08,recent_2018_2023_damped
2028,coronary_heart_disease,Male,20-24,DALY,62907.12188192678,62907.12171133694,0.0001705898393993266,2.711773083214891e-09,recent_2018_2023_damped
2028,coronary_heart_disease,Male,20-24,Deaths,810.7018367643,810.7018345658631,2.198436845901597e-06,2.7117699160985324e-09,recent_2018_2023_damped
2028,coronary_heart_disease,Male,20-24,YLD,8018.325432824245,8018.325411080331,2.174391374865081e-05,2.71177741409739e-09,recent_2018_2023_damped
2028,coronary_heart_disease,Male,20-24,YLL,54888.796449102534,54888.79630025661,0.00014884592383168638,2.7117724174066193e-09,recent_2018_2023_damped
2028,coronary_heart_disease,Male,25-29,DALY,108056.57796745113,108056.57516587956,0.0028015715652145445,2.592689580355293e-08,recent_2018_2023_damped
2028,coronary_heart_disease,Male,25-29,Deaths,1474.0164389326535,1474.0164007159844,3.821666905423626e-05,2.5926895410168443e-08,recent_2018_2023_damped
2028,coronary_heart_disease,Male,25-29,YLD,15717.439522591554,15717.439115087143,0.00040750441075942945,2.5926896091378312e-08,recent_2018_2023_damped
2028,coronary_heart_disease,Male,25-29,YLL,92339.13844485958,92339.1360507924,0.002394067181739956,2.5926896050046073e-08,recent_2018_2023_damped
2028,coronary_heart_disease,Male,30-34,DALY,212049.6344509681,212049.63468879423,-0.00023782614152878523,-1.12155883634424e-09,recent_2018_2023_damped
2028,coronary_heart_disease,Male,30-34,Deaths,3212.15630390414,3212.1563075067697,-3.6026299312652554e-06,-1.121561215077222e-09,recent_2018_2023_damped
2028,coronary_heart_disease,Male,30-34,YLD,28280.551771232273,28280.55180295065,-3.171837670379318e-05,-1.1215614505967259e-09,recent_2018_2023_damped
2028,coronary_heart_disease,Male,30-34,YLL,183769.08267973582,183769.0828858436,-0.0002061077975668013,-1.1215586122004777e-09,recent_2018_2023_damped
2028,coronary_heart_disease,Male,35-39,DALY,665680.900472538,665680.8808167257,0.019655812298879027,2.9527379958341688e-08,recent_2018_2023_damped
2028,coronary_heart_disease,Male,35-39,Deaths,11315.24037289659,11315.24003878722,0.00033410936885047704,2.952737791732143e-08,recent_2018_2023_damped
2028,coronary_heart_disease,Male,35-39,YLD,67484.13162583011,67484.12963320034,0.0019926297682104632,2.9527383386895517e-08,recent_2018_2023_damped
2028,coronary_heart_disease,Male,35-39,YLL,598196.7688467079,598196.7511835253,0.01766318257432431,2.952737964453653e-08,recent_2018_2023_damped
2028,coronary_heart_disease,Male,40-44,DALY,763685.5529509565,763685.5779474926,-0.024996536085382104,-3.273144970547126e-08,recent_2018_2023_damped
2028,coronary_heart_disease,Male,40-44,Deaths,14639.934405110724,14639.93488429702,-0.0004791862957063131,-3.2731449934268114e-08,recent_2018_2023_damped
2028,coronary_heart_disease,Male,40-44,YLD,63199.663051302865,63199.66511991953,-0.0020686166681116447,-3.273144982946515e-08,recent_2018_2023_damped
2028,coronary_heart_disease,Male,40-44,YLL,700485.8898996536,700485.912827573,-0.022927919402718544,-3.273144967351018e-08,recent_2018_2023_damped
2028,coronary_heart_disease,Male,45-49,DALY,1076312.2533509973,1076312.2439249384,0.009426058968529105,8.757736448445044e-09,recent_2018_2023_damped
2028,coronary_heart_disease,Male,45-49,Deaths,23108.595078988143,23108.59487660918,0.0002023789638769813,8.757735593946992e-09,recent_2018_2023_damped
2028,coronary_heart_disease,Male,45-49,YLD,88921.62365469274,88921.62287594106,0.0007787516806274652,8.757731308097471e-09,recent_2018_2023_damped
2028,coronary_heart_disease,Male,45-49,YLL,987390.6296963047,987390.6210489972,0.008647307520732284,8.75773714717428e-09,recent_2018_2023_damped
2028,coronary_heart_disease,Male,50-54,DALY,1258131.6822191759,1258131.683914655,-0.0016954790335148573,-1.347616513590536e-09,recent_2018_2023_damped
2028,coronary_heart_disease,Male,50-54,Deaths,30427.55222160752,30427.552262612164,-4.100464502698742e-05,-1.3476156305011709e-09,recent_2018_2023_damped
2028,coronary_heart_disease,Male,50-54,YLD,99533.42430453534,99533.42443866904,-0.00013413370470516384,-1.3476247347223037e-09,recent_2018_2023_damped
2028,coronary_heart_disease,Male,50-54,YLL,1158598.2579146405,1158598.2594759855,-0.0015613450668752193,-1.347615581246764e-09,recent_2018_2023_damped
2028,coronary_heart_disease,Male,55-59,DALY,2220591.2701716637,2220591.275068693,-0.004897029139101505,-2.205281626601914e-09,recent_2018_2023_damped
2028,coronary_heart_disease,Male,55-59,Deaths,61652.98945320186,61652.98958916402,-0.00013596216012956575,-2.205280896118331e-09,recent_2018_2023_damped
2028,coronary_heart_disease,Male,55-59,YLD,169369.70979452503,169369.71016803267,-0.0003735076461452991,-2.2052800691147192e-09,recent_2018_2023_damped
2028,coronary_heart_disease,Male,55-59,YLL,2051221.5603771387,2051221.56490066,-0.004523521289229393,-2.205281655884144e-09,recent_2018_2023_damped
2028,coronary_heart_disease,Male,60-64,DALY,3672610.0937187267,3672610.15202054,-0.058301813434809446,-1.587476236832103e-08,recent_2018_2023_damped
2028,coronary_heart_disease,Male,60-64,Deaths,116404.44055965682,116404.44240754968,-0.0018478928541298956,-1.587476230211336e-08,recent_2018_2023_damped
2028,coronary_heart_disease,Male,60-64,YLD,269370.5996425669,269370.6039187635,-0.004276196646969765,-1.5874770983768428e-08,recent_2018_2023_damped
2028,coronary_heart_disease,Male,60-64,YLL,3403239.49407616,3403239.5481017767,-0.054025616962462664,-1.5874761737708563e-08,recent_2018_2023_damped
2028,coronary_heart_disease,Male,65-69,DALY,2480447.445546042,2480447.4359782524,0.009567789733409882,3.857283808812697e-09,recent_2018_2023_damped
2028,coronary_heart_disease,Male,65-69,Deaths,94998.43024830623,94998.42988187028,0.00036643595376517624,3.857284317444364e-09,recent_2018_2023_damped
2028,coronary_heart_disease,Male,65-69,YLD,197564.79670147505,197564.7959394132,0.0007620618562214077,3.857275546474928e-09,recent_2018_2023_damped
2028,coronary_heart_disease,Male,65-69,YLL,2282882.648844567,2282882.640038839,0.008805728051811457,3.85728460034268e-09,recent_2018_2023_damped
2028,coronary_heart_disease,Male,70+,DALY,13104968.929058867,13104969.487858906,-0.5588000398129225,-4.2640315975601664e-08,recent_2018_2023_damped
2028,coronary_heart_disease,Male,70+,Deaths,938393.4611178265,938393.501131222,-0.04001339548267424,-4.264031606616902e-08,recent_2018_2023_damped
2028,coronary_heart_disease,Male,70+,YLD,730951.5019586793,730951.533126689,-0.031168009736575186,-4.264032336487777e-08,recent_2018_2023_damped
2028,coronary_heart_disease,Male,70+,YLL,12374017.427100187,12374017.954732217,-0.5276320297271013,-4.264031551088207e-08,recent_2018_2023_damped
2028,ischemic_stroke,Female,20-24,DALY,10472.48120050643,10472.481463360597,-0.00026285416606697254,-2.5099511227267737e-08,recent_2018_2023_damped
2028,ischemic_stroke,Female,20-24,Deaths,22.560834427283986,22.560834993550014,-5.662660278460407e-07,-2.5099515510305015e-08,recent_2018_2023_damped
2028,ischemic_stroke,Female,20-24,YLD,8944.283920177035,8944.284144674182,-0.00022449714742833748,-2.509950978715417e-08,recent_2018_2023_damped
2028,ischemic_stroke,Female,20-24,YLL,1528.197280329395,1528.1973186864122,-3.8357017274393e-05,-2.5099518763299116e-08,recent_2018_2023_damped
2028,ischemic_stroke,Female,25-29,DALY,13385.880447986381,13385.88033830862,0.00010967776142933872,8.193541153618075e-09,recent_2018_2023_damped
2028,ischemic_stroke,Female,25-29,Deaths,34.549549741834376,34.54954945875121,2.8308316757374996e-07,8.193541508022373e-09,recent_2018_2023_damped
2028,ischemic_stroke,Female,25-29,YLD,11219.677486979432,11219.677395050549,9.192888319375925e-05,8.193540683648603e-09,recent_2018_2023_damped
2028,ischemic_stroke,Female,25-29,YLL,2166.20296100695,2166.2029432580703,1.774887959982152e-05,8.193544217572882e-09,recent_2018_2023_damped
2028,ischemic_stroke,Female,30-34,DALY,20469.288609800977,20469.288526487657,8.331331991939805e-05,4.0701619800604695e-09,recent_2018_2023_damped
2028,ischemic_stroke,Female,30-34,Deaths,69.19432148178575,69.19432120015354,2.816322108856184e-07,4.070163649282154e-09,recent_2018_2023_damped
2028,ischemic_stroke,Female,30-34,YLD,16513.044930453852,16513.044863243085,6.721076715621166e-05,4.070161966665412e-09,recent_2018_2023_damped
2028,ischemic_stroke,Female,30-34,YLL,3956.243679347124,3956.243663244572,1.6102551853691693e-05,4.070161806081924e-09,recent_2018_2023_damped
2028,ischemic_stroke,Female,35-39,DALY,56016.713057854795,56016.71281338839,0.00024446640600217506,4.364169079620571e-09,recent_2018_2023_damped
2028,ischemic_stroke,Female,35-39,Deaths,285.45791350271816,285.45791225693205,1.2457861089387734e-06,4.364167379664288e-09,recent_2018_2023_damped
2028,ischemic_stroke,Female,35-39,YLD,40923.41126993139,40923.411091334725,0.00017859666695585474,4.364168630939747e-09,recent_2018_2023_damped
2028,ischemic_stroke,Female,35-39,YLL,15093.3017879234,15093.301722053664,6.586973540834151e-05,4.364170055124226e-09,recent_2018_2023_damped
2028,ischemic_stroke,Female,40-44,DALY,60256.0738322458,60256.07410906381,-0.00027681801293510944,-4.594026694040295e-09,recent_2018_2023_damped
2028,ischemic_stroke,Female,40-44,Deaths,456.9872420891375,456.98724418854886,-2.0994113469896547e-06,-4.594026143371863e-09,recent_2018_2023_damped
2028,ischemic_stroke,Female,40-44,YLD,38393.73936427754,38393.73954065943,-0.00017638188728597015,-4.594027291850006e-09,recent_2018_2023_damped
2028,ischemic_stroke,Female,40-44,YLL,21862.334467968256,21862.33456840438,-0.00010043612564913929,-4.5940256441912825e-09,recent_2018_2023_damped
2028,ischemic_stroke,Female,45-49,DALY,108599.33799991627,108599.34005837436,-0.0020584580925060436,-1.8954609589704508e-08,recent_2018_2023_damped
2028,ischemic_stroke,Female,45-49,Deaths,1128.0156621264953,1128.0156835075868,-2.1381091528382967e-05,-1.8954604834835315e-08,recent_2018_2023_damped
2028,ischemic_stroke,Female,45-49,YLD,60465.093604011425,60465.09475010373,-0.0011460923051345162,-1.895461025689619e-08,recent_2018_2023_damped
2028,ischemic_stroke,Female,45-49,YLL,48134.24439590485,48134.24530827064,-0.000912365794647485,-1.8954608902753862e-08,recent_2018_2023_damped
2028,ischemic_stroke,Female,50-54,DALY,151906.64195945393,151906.6426952326,-0.0007357786525972188,-4.843623949173819e-09,recent_2018_2023_damped
2028,ischemic_stroke,Female,50-54,Deaths,2055.8624950408507,2055.862504998674,-9.957823294826085e-06,-4.843623185215155e-09,recent_2018_2023_damped
2028,ischemic_stroke,Female,50-54,YLD,73650.9990786053,73650.9994353432,-0.0003567379026208073,-4.843626092731853e-09,recent_2018_2023_damped
2028,ischemic_stroke,Female,50-54,YLL,78255.64288084865,78255.6432598894,-0.00037904074997641146,-4.843621931744979e-09,recent_2018_2023_damped
2028,ischemic_stroke,Female,55-59,DALY,359311.18705834064,359311.19081765343,-0.0037593127926811576,-1.0462554155706684e-08,recent_2018_2023_damped
2028,ischemic_stroke,Female,55-59,Deaths,5809.246252854874,5809.246313634425,-6.0779550949519034e-05,-1.0462553603015271e-08,recent_2018_2023_damped
2028,ischemic_stroke,Female,55-59,YLD,166173.15105745842,166173.15279605403,-0.0017385956016369164,-1.0462554103253443e-08,recent_2018_2023_damped
2028,ischemic_stroke,Female,55-59,YLL,193138.0360008822,193138.03802159935,-0.0020207171619404107,-1.046255405014742e-08,recent_2018_2023_damped
2028,ischemic_stroke,Female,60-64,DALY,773012.6734708959,773012.7021494368,-0.02867854095529765,-3.709970208193757e-08,recent_2018_2023_damped
2028,ischemic_stroke,Female,60-64,Deaths,16013.422571476862,16013.423165570022,-0.0005940931605437072,-3.709969782232752e-08,recent_2018_2023_damped
2028,ischemic_stroke,Female,60-64,YLD,304798.547389757,304798.5586976944,-0.011307937384117395,-3.70997075328458e-08,recent_2018_2023_damped
2028,ischemic_stroke,Female,60-64,YLL,468214.12608113885,468214.1434517424,-0.017370603571180254,-3.709969853349933e-08,recent_2018_2023_damped
2028,ischemic_stroke,Female,65-69,DALY,669230.5501080685,669230.5583496059,-0.008241537376306951,-1.2314944787684925e-08,recent_2018_2023_damped
2028,ischemic_stroke,Female,65-69,Deaths,18152.327027531977,18152.32725107688,-0.00022354490283760242,-1.231494451072882e-08,recent_2018_2023_damped
2028,ischemic_stroke,Female,65-69,YLD,234449.7733909028,234449.77627814029,-0.0028872374969068915,-1.2314950957690859e-08,recent_2018_2023_damped
2028,ischemic_stroke,Female,65-69,YLL,434780.7767171657,434780.7820714656,-0.00535429990850389,-1.2314941527530062e-08,recent_2018_2023_damped
2028,ischemic_stroke,Female,70+,DALY,5336785.71640306,5336785.531771028,0.18463203124701977,3.45961122379503e-08,recent_2018_2023_damped
2028,ischemic_stroke,Female,70+,Deaths,327919.09824648616,327919.0869017597,0.011344726430252194,3.459611496677205e-08,recent_2018_2023_damped
2028,ischemic_stroke,Female,70+,YLD,1143780.7621987932,1143780.7226284312,0.03957036207430065,3.4596108582217714e-08,recent_2018_2023_damped
2028,ischemic_stroke,Female,70+,YLL,4193004.9542042664,4193004.809142597,0.14506166940554976,3.459611329070061e-08,recent_2018_2023_damped
2028,ischemic_stroke,Male,20-24,DALY,11827.626446295139,11827.626414221311,3.207382724212948e-05,2.7117720934746913e-09,recent_2018_2023_damped
2028,ischemic_stroke,Male,20-24,Deaths,45.88313526291368,45.88313513848936,1.2442432506531986e-07,2.7117659830735003e-09,recent_2018_2023_damped
2028,ischemic_stroke,Male,20-24,YLD,8721.669327164358,8721.66930351315,2.3651207811781205e-05,2.7117753481268008e-09,recent_2018_2023_damped
2028,ischemic_stroke,Male,20-24,YLL,3105.957119130781,3105.957110708161,8.422619885095628e-06,2.7117631006743887e-09,recent_2018_2023_damped
2028,ischemic_stroke,Male,25-29,DALY,16910.604172131847,16910.603733692446,0.00043843940147780813,2.5926892285002678e-08,recent_2018_2023_damped
2028,ischemic_stroke,Male,25-29,Deaths,85.1176360089472,85.1176338021111,2.2068361005267434e-06,2.5926896718691552e-08,recent_2018_2023_damped
2028,ischemic_stroke,Male,25-29,YLD,11577.48293626427,11577.48263609613,0.00030016813980182633,2.5926891815494145e-08,recent_2018_2023_damped
2028,ischemic_stroke,Male,25-29,YLL,5333.121235867577,5333.121097596316,0.0001382712607664871,2.592689313370498e-08,recent_2018_2023_damped
2028,ischemic_stroke,Male,30-34,DALY,29822.56003152551,29822.560064973382,-3.344787182868458e-05,-1.121562728210216e-09,recent_2018_2023_damped
2028,ischemic_stroke,Male,30-34,Deaths,211.44190856980165,211.44190880694785,-2.3714619601378217e-07,-1.1215666626917515e-09,recent_2018_2023_damped
2028,ischemic_stroke,Male,30-34,YLD,17727.724925978488,17727.72494586125,-1.9882761989720166e-05,-1.1215630911716078e-09,recent_2018_2023_damped
2028,ischemic_stroke,Male,30-34,YLL,12094.835105547023,12094.835119112133,-1.3565109838964418e-05,-1.1215621962079477e-09,recent_2018_2023_damped
2028,ischemic_stroke,Male,35-39,DALY,86641.6294036511,86641.626845351,0.0025583000970073044,2.9527378353290664e-08,recent_2018_2023_damped
2028,ischemic_stroke,Male,35-39,Deaths,840.4796932671571,840.4796684499966,2.481716057900485e-05,2.952737765182635e-08,recent_2018_2023_damped
2028,ischemic_stroke,Male,35-39,YLD,42204.45438285292,42204.453136665965,0.0012461869555409066,2.952738071277736e-08,recent_2018_2023_damped
2028,ischemic_stroke,Male,35-39,YLL,44437.175020798175,44437.17370868503,0.0013121131414663978,2.9527376112355037e-08,recent_2018_2023_damped
2028,ischemic_stroke,Male,40-44,DALY,117172.38470686661,117172.38854208904,-0.0038352224364643916,-3.273145221484289e-08,recent_2018_2023_damped
2028,ischemic_stroke,Male,40-44,Deaths,1540.675847887525,1540.6758983160828,-5.04285578699637e-05,-3.273145112809303e-08,recent_2018_2023_damped
2028,ischemic_stroke,Male,40-44,YLD,43466.746972768924,43466.74839549865,-0.0014227297288016416,-3.2731450621896005e-08,recent_2018_2023_damped
2028,ischemic_stroke,Male,40-44,YLL,73705.63773409768,73705.64014659038,-0.0024124927003867924,-3.273145305554197e-08,recent_2018_2023_damped
2028,ischemic_stroke,Male,45-49,DALY,220076.53541208978,220076.5334847184,0.0019273713696748018,8.757732317737701e-09,recent_2018_2023_damped
2028,ischemic_stroke,Male,45-49,Deaths,3493.129228835631,3493.129198243736,3.059189475607127e-05,8.757733544883527e-09,recent_2018_2023_damped
2028,ischemic_stroke,Male,45-49,YLD,70816.55629312729,70816.55567293498,0.0006201923097250983,8.757730502870623e-09,recent_2018_2023_damped
2028,ischemic_stroke,Male,45-49,YLL,149259.97911896248,149259.9778117834,0.0013071790745016187,8.757733276297076e-09,recent_2018_2023_damped
2028,ischemic_stroke,Male,50-54,DALY,327236.0841012052,327236.0845421951,-0.00044098985381424427,-1.3476198825419614e-09,recent_2018_2023_damped
2028,ischemic_stroke,Male,50-54,Deaths,6088.342388108147,6088.342396312929,-8.204781806853134e-06,-1.3476216140245185e-09,recent_2018_2023_damped
2028,ischemic_stroke,Male,50-54,YLD,95384.96354015917,95384.96366870229,-0.0001285431208088994,-1.3476245716815947e-09,recent_2018_2023_damped
2028,ischemic_stroke,Male,50-54,YLL,231851.12056104603,231851.1208734928,-0.0003124467621091753,-1.3476180789294468e-09,recent_2018_2023_damped
2028,ischemic_stroke,Male,55-59,DALY,717176.8530573344,717176.8546389135,-0.001581579097546637,-2.205284634210533e-09,recent_2018_2023_damped
2028,ischemic_stroke,Male,55-59,Deaths,15310.078495390033,15310.078529153125,-3.376309177838266e-05,-2.2052853428603714e-09,recent_2018_2023_damped
2028,ischemic_stroke,Male,55-59,YLD,207825.97697449036,207825.9774328052,-0.0004583148402161896,-2.2052817740957003e-09,recent_2018_2023_damped
2028,ischemic_stroke,Male,55-59,YLL,509350.8760828441,509350.8772061084,-0.0011232643155381083,-2.205285915476259e-09,recent_2018_2023_damped
2028,ischemic_stroke,Male,60-64,DALY,1545258.7544052,1545258.7789358231,-0.024530623108148575,-1.5874767024486432e-08,recent_2018_2023_damped
2028,ischemic_stroke,Male,60-64,Deaths,39487.51344630393,39487.514073158985,-0.000626855056907516,-1.5874766280453466e-08,recent_2018_2023_damped
2028,ischemic_stroke,Male,60-64,YLD,391359.1109354416,391359.1171481783,-0.006212736654561013,-1.5874771743745314e-08,recent_2018_2023_damped
2028,ischemic_stroke,Male,60-64,YLL,1153899.6434697583,1153899.6617876447,-0.0183178863953799,-1.5874765373448035e-08,recent_2018_2023_damped
2028,ischemic_stroke,Male,65-69,DALY,1273264.881216865,1273264.876305526,0.004911339143291116,3.8572800009545045e-09,recent_2018_2023_damped
2028,ischemic_stroke,Male,65-69,Deaths,39712.87368605753,39712.87353287385,0.0001531836824142374,3.8572802415678575e-09,recent_2018_2023_damped
2028,ischemic_stroke,Male,65-69,YLD,318976.66699627513,318976.6657658947,0.0012303804396651685,3.857274126027064e-09,recent_2018_2023_damped
2028,ischemic_stroke,Male,65-69,YLL,954288.21422059,954288.2105396312,0.003680958761833608,3.857282025680793e-09,recent_2018_2023_damped
2028,ischemic_stroke,Male,70+,DALY,7016238.257225968,7016238.556400609,-0.2991746412590146,-4.264031772210633e-08,recent_2018_2023_damped
2028,ischemic_stroke,Male,70+,Deaths,412727.9976060982,412728.0152049523,-0.017598854086827487,-4.264031865655705e-08,recent_2018_2023_damped
2028,ischemic_stroke,Male,70+,YLD,1294643.892586292,1294643.947790325,-0.05520403292030096,-4.264032054104313e-08,recent_2018_2023_damped
2028,ischemic_stroke,Male,70+,YLL,5721594.364639676,5721594.6086102845,-0.24397060833871365,-4.264031708425626e-08,recent_2018_2023_damped
2029,coronary_heart_disease,Female,20-24,DALY,18788.655753285788,18788.65626829066,-0.0005150048709765542,-2.7410415285829698e-08,recent_2018_2023_damped
2029,coronary_heart_disease,Female,20-24,Deaths,235.0135483533126,235.01355479513276,-6.441820175950852e-06,-2.741041971628551e-08,recent_2018_2023_damped
2029,coronary_heart_disease,Female,20-24,YLD,2864.120405553499,2864.1204840601968,-7.850669771869434e-05,-2.7410403352655998e-08,recent_2018_2023_damped
2029,coronary_heart_disease,Female,20-24,YLL,15924.53534773229,15924.53578423046,-0.0004364981705293758,-2.7410417260742095e-08,recent_2018_2023_damped
2029,coronary_heart_disease,Female,25-29,DALY,25465.797914816663,25465.79766443048,0.0002503861833247356,9.832253700596395e-09,recent_2018_2023_damped
2029,coronary_heart_disease,Female,25-29,Deaths,321.8313191859882,321.83131602166264,3.1643255624658195e-06,9.83224877423932e-09,recent_2018_2023_damped
2029,coronary_heart_disease,Female,25-29,YLD,5278.143592704555,5278.1435408085,5.1896055083489046e-05,9.832255353089483e-09,recent_2018_2023_damped
2029,coronary_heart_disease,Female,25-29,YLL,20187.65432211211,20187.65412362198,0.00019849013187922537,9.832253448753519e-09,recent_2018_2023_damped
2029,coronary_heart_disease,Female,30-34,DALY,44789.754111142305,44789.75389238017,0.0002187621357734315,4.884200442339298e-09,recent_2018_2023_damped
2029,coronary_heart_disease,Female,30-34,Deaths,617.623873894588,617.6238708779896,3.0165983844199218e-06,4.8841997964418785e-09,recent_2018_2023_damped
2029,coronary_heart_disease,Female,30-34,YLD,9516.396671436434,9516.396624956426,4.648000867746305e-05,4.884202551580376e-09,recent_2018_2023_damped
2029,coronary_heart_disease,Female,30-34,YLL,35273.35743970587,35273.357267423744,0.00017228212527697906,4.8841998217189266e-09,recent_2018_2023_damped
2029,coronary_heart_disease,Female,35-39,DALY,139011.6876618691,139011.68693386402,0.0007280050776898861,5.237006281610269e-09,recent_2018_2023_damped
2029,coronary_heart_disease,Female,35-39,Deaths,2100.183649229622,2100.183638230954,1.0998668130923761e-05,5.237003055689102e-09,recent_2018_2023_damped
2029,coronary_heart_disease,Female,35-39,YLD,27921.470469026863,27921.470322801808,0.00014622505477746017,5.237011270787085e-09,recent_2018_2023_damped
2029,coronary_heart_disease,Female,35-39,YLL,111090.21719284223,111090.21661106222,0.0005817800119984895,5.237004929384183e-09,recent_2018_2023_damped
2029,coronary_heart_disease,Female,40-44,DALY,164501.34246175035,164501.343368618,-0.0009068676445167512,-5.5128281991267604e-09,recent_2018_2023_damped
2029,coronary_heart_disease,Female,40-44,Deaths,2811.3684764053796,2811.368491903972,-1.5498592347285012e-05,-5.512828500396524e-09,recent_2018_2023_damped
2029,coronary_heart_disease,Female,40-44,YLD,29928.33995849302,29928.34012348271,-0.00016498969125677831,-5.512824653022513e-09,recent_2018_2023_damped
2029,coronary_heart_disease,Female,40-44,YLL,134573.00250325733,134573.00324513527,-0.0007418779423460364,-5.5128289066615216e-09,recent_2018_2023_damped
2029,coronary_heart_disease,Female,45-49,DALY,292696.0798774845,292696.085932393,-0.006054908502846956,-2.0686673972967033e-08,recent_2018_2023_damped
2029,coronary_heart_disease,Female,45-49,Deaths,5665.89737695559,5665.897494164175,-0.00011720858583430527,-2.0686676021765145e-08,recent_2018_2023_damped
2029,coronary_heart_disease,Female,45-49,YLD,51094.81200603428,51094.813063016125,-0.0010569818477961235,-2.0686676091612848e-08,recent_2018_2023_damped
2029,coronary_heart_disease,Female,45-49,YLL,241601.2678714502,241601.27286937684,-0.004997926647774875,-2.06866734947917e-08,recent_2018_2023_damped
2029,coronary_heart_disease,Female,50-54,DALY,352314.5335403295,352314.5355881032,-0.0020477736834436655,-5.812345153529947e-09,recent_2018_2023_damped
2029,coronary_heart_disease,Female,50-54,Deaths,7759.889657958659,7759.88970306182,-4.510316102823708e-05,-5.8123456330108306e-09,recent_2018_2023_damped
2029,coronary_heart_disease,Female,50-54,YLD,57002.21562351695,57002.215954833526,-0.0003313165725558065,-5.81234548527604e-09,recent_2018_2023_damped
2029,coronary_heart_disease,Female,50-54,YLL,295312.31791681255,295312.3196332696,-0.001716457074508071,-5.812344966304265e-09,recent_2018_2023_damped
2029,coronary_heart_disease,Female,55-59,DALY,757153.9852655361,757153.9947716506,-0.009506114525720477,-1.2555060914110896e-08,recent_2018_2023_damped
2029,coronary_heart_disease,Female,55-59,Deaths,19074.83613473389,19074.83637421967,-0.00023948578018462285,-1.2555063408475499e-08,recent_2018_2023_damped
2029,coronary_heart_disease,Female,55-59,YLD,123617.55232953998,123617.55388156572,-0.0015520257438765839,-1.2555059497161165e-08,recent_2018_2023_damped
2029,coronary_heart_disease,Female,55-59,YLL,633536.4329359961,633536.440890085,-0.00795408885460347,-1.255506130543714e-08,recent_2018_2023_damped
2029,coronary_heart_disease,Female,60-64,DALY,1639396.9412844758,1639397.009965757,-0.06868128105998039,-4.1894233454418084e-08,recent_2018_2023_damped
2029,coronary_heart_disease,Female,60-64,Deaths,48049.844626959195,48049.846639970754,-0.0020130115590291098,-4.189423483725681e-08,recent_2018_2023_damped
2029,coronary_heart_disease,Female,60-64,YLD,231021.0045144008,231021.01419285097,-0.009678450180217624,-4.1894241586777374e-08,recent_2018_2023_damped
2029,coronary_heart_disease,Female,60-64,YLL,1408375.936770075,1408375.995772906,-0.05900283111259341,-4.1894232285756265e-08,recent_2018_2023_damped
2029,coronary_heart_disease,Female,65-69,DALY,1398567.8895950639,1398567.910263001,-0.020667937118560076,-1.4777928884893022e-08,recent_2018_2023_damped
2029,coronary_heart_disease,Female,65-69,Deaths,50384.278777020365,50384.27952159569,-0.0007445753217325546,-1.4777929322446996e-08,recent_2018_2023_damped
2029,coronary_heart_disease,Female,65-69,YLD,192981.98548324232,192981.9883351179,-0.002851875586202368,-1.4777936587791897e-08,recent_2018_2023_damped
2029,coronary_heart_disease,Female,65-69,YLL,1205585.9041118214,1205585.921927883,-0.0178160616196692,-1.4777927724287858e-08,recent_2018_2023_damped
2029,coronary_heart_disease,Female,70+,DALY,12046609.90485738,12046609.438372524,0.4664848558604717,3.8723331925625453e-08,recent_2018_2023_damped
2029,coronary_heart_disease,Female,70+,Deaths,927620.0482214431,927620.0123009036,0.03592053952161223,3.8723333957094746e-08,recent_2018_2023_damped
2029,coronary_heart_disease,Female,70+,YLD,873819.8545031461,873819.8206659367,0.033837209455668926,3.872332562779549e-08,recent_2018_2023_damped
2029,coronary_heart_disease,Female,70+,YLL,11172790.050354235,11172789.617706586,0.4326476491987705,3.8723332668245404e-08,recent_2018_2023_damped
2029,coronary_heart_disease,Male,20-24,DALY,63382.78000935554,63382.77980309988,0.00020625565957743675,3.2541277018485914e-09,recent_2018_2023_damped
2029,coronary_heart_disease,Male,20-24,Deaths,814.9631445642648,814.9631419122736,2.6519911671130103e-06,3.254124058776738e-09,recent_2018_2023_damped
2029,coronary_heart_disease,Male,20-24,YLD,8191.885276984522,8191.885250327039,2.6657482521841303e-05,3.2541328042622515e-09,recent_2018_2023_damped
2029,coronary_heart_disease,Male,20-24,YLL,55190.89473237102,55190.89455277284,0.00017959818069357425,3.254127010422792e-09,recent_2018_2023_damped
2029,coronary_heart_disease,Male,25-29,DALY,105624.56003694107,105624.55697843766,0.0030585034110117704,2.8956366762666162e-08,recent_2018_2023_damped
2029,coronary_heart_disease,Male,25-29,Deaths,1434.6747899702552,1434.6747484272885,4.15429667555145e-05,2.8956365755412165e-08,recent_2018_2023_damped
2029,coronary_heart_disease,Male,25-29,YLD,15721.666439417382,15721.665984175052,0.0004552423306449782,2.8956367035351803e-08,recent_2018_2023_damped
2029,coronary_heart_disease,Male,25-29,YLL,89902.89359752368,89902.8909942626,0.0026032610767288134,2.895636667451492e-08,recent_2018_2023_damped
2029,coronary_heart_disease,Male,30-34,DALY,202503.15590623734,202503.1561787804,-0.0002725430531427264,-1.3458706436264684e-09,recent_2018_2023_damped
2029,coronary_heart_disease,Male,30-34,Deaths,3061.366562870123,3061.366566990334,-4.120211087865755e-06,-1.3458731575279414e-09,recent_2018_2023_damped
2029,coronary_heart_disease,Male,30-34,YLD,27532.18151170848,27532.181548763318,-3.705483686644584e-05,-1.3458736206869977e-09,recent_2018_2023_damped
2029,coronary_heart_disease,Male,30-34,YLL,174970.97439452886,174970.97463001712,-0.00023548825993202627,-1.345870424680295e-09,recent_2018_2023_damped
2029,coronary_heart_disease,Male,35-39,DALY,655386.8440148891,655386.8219100388,0.022104850271716714,3.372794437229456e-08,recent_2018_2023_damped
2029,coronary_heart_disease,Male,35-39,Deaths,11135.991487850468,11135.991112256408,0.00037559405973297544,3.3727941765290384e-08,recent_2018_2023_damped
2029,coronary_heart_disease,Male,35-39,YLD,66472.74828235169,66472.74604036234,0.0022419893502956256,3.372794842768022e-08,recent_2018_2023_damped
2029,coronary_heart_disease,Male,35-39,YLL,588914.0957325374,588914.0758696765,0.019862860906869173,3.372794388983957e-08,recent_2018_2023_damped
2029,coronary_heart_disease,Male,40-44,DALY,791761.8191676756,791761.8487000167,-0.02953234117012471,-3.729952537952349e-08,recent_2018_2023_damped
2029,coronary_heart_disease,Male,40-44,Deaths,15174.149942850834,15174.15050883945,-0.0005659886155626737,-3.729952561317791e-08,recent_2018_2023_damped
2029,coronary_heart_disease,Male,40-44,YLD,65410.34404175871,65410.3464815336,-0.002439774885715451,-3.729952548721385e-08,recent_2018_2023_damped
2029,coronary_heart_disease,Male,40-44,YLL,726351.4751259169,726351.5022184831,-0.02709256624802947,-3.729952531973996e-08,recent_2018_2023_damped
2029,coronary_heart_disease,Male,45-49,DALY,1103523.5920481216,1103523.580450879,0.011597242671996355,1.0509283967686435e-08,recent_2018_2023_damped
2029,coronary_heart_disease,Male,45-49,Deaths,23674.303488037018,23674.30323923708,0.00024879993725335225,1.0509282353070425e-08,recent_2018_2023_damped
2029,coronary_heart_disease,Male,45-49,YLD,92314.66715061934,92314.66618045884,0.0009701605013106018,1.0509278118539797e-08,recent_2018_2023_damped
2029,coronary_heart_disease,Male,45-49,YLL,1011208.9248975022,1011208.9142704202,0.01062708196695894,1.0509284300194586e-08,recent_2018_2023_damped
2029,coronary_heart_disease,Male,50-54,DALY,1183938.1347150549,1183938.1366296478,-0.0019145929254591465,-1.6171393303618681e-09,recent_2018_2023_damped
2029,coronary_heart_disease,Male,50-54,Deaths,28611.23231501871,28611.23236128705,-4.6268338337540627e-05,-1.617138952747273e-09,recent_2018_2023_damped
2029,coronary_heart_disease,Male,50-54,YLD,94772.12436021742,94772.12451347812,-0.00015326069842558354,-1.6171495491143855e-09,recent_2018_2023_damped
2029,coronary_heart_disease,Male,50-54,YLL,1089166.0103548374,1089166.0121161698,-0.0017613323871046305,-1.6171385881592932e-09,recent_2018_2023_damped
2029,coronary_heart_disease,Male,55-59,DALY,2166016.7114882497,2166016.713404828,-0.0019165785051882267,-8.848401276532618e-10,recent_2018_2023_damped
2029,coronary_heart_disease,Male,55-59,Deaths,60228.14686362425,60228.14691691649,-5.329224222805351e-05,-8.848394804769451e-10,recent_2018_2023_damped
2029,coronary_heart_disease,Male,55-59,YLD,164452.54995911662,164452.55010463056,-0.00014551394269801676,-8.848384692449927e-10,recent_2018_2023_damped
2029,coronary_heart_disease,Male,55-59,YLL,2001564.1615291329,2001564.1633001976,-0.0017710647080093622,-8.848403366141479e-10,recent_2018_2023_damped
2029,coronary_heart_disease,Male,60-64,DALY,3783191.3479660563,3783191.420034774,-0.07206871779635549,-1.904971485574289e-08,recent_2018_2023_damped
2029,coronary_heart_disease,Male,60-64,Deaths,119604.28524270719,119604.28752113474,-0.0022784275497542694,-1.904971466304382e-08,recent_2018_2023_damped
2029,coronary_heart_disease,Male,60-64,YLD,279412.77632330306,279412.7816460398,-0.005322736746165901,-1.904972533757867e-08,recent_2018_2023_damped
2029,coronary_heart_disease,Male,60-64,YLL,3503778.571642753,3503778.6383887343,-0.06674598110839725,-1.9049714036469894e-08,recent_2018_2023_damped
2029,coronary_heart_disease,Male,65-69,DALY,2782189.4695337815,2782189.4566557487,0.012878032866865396,4.628740446146708e-09,recent_2018_2023_damped
2029,coronary_heart_disease,Male,65-69,Deaths,106598.43968159531,106598.43918817872,0.0004934165917802602,4.6287412417852535e-09,recent_2018_2023_damped
2029,coronary_heart_disease,Male,65-69,YLD,223656.7279539007,223656.72691865388,0.0010352468234486878,4.628730991959912e-09,recent_2018_2023_damped
2029,coronary_heart_disease,Male,65-69,YLL,2558532.741579881,2558532.7297370946,0.011842786334455013,4.628741386346046e-09,recent_2018_2023_damped
2029,coronary_heart_disease,Male,70+,DALY,13410939.884290205,13410940.52232884,-0.6380386352539062,-4.757597978990286e-08,recent_2018_2023_damped
2029,coronary_heart_disease,Male,70+,Deaths,962595.9519317029,962595.9977281505,-0.045796447549946606,-4.757597959895124e-08,recent_2018_2023_damped
2029,coronary_heart_disease,Male,70+,YLD,739389.7955373334,739389.8307145356,-0.03517720219679177,-4.757598865377555e-08,recent_2018_2023_damped
2029,coronary_heart_disease,Male,70+,YLL,12671550.088752871,12671550.691614306,-0.6028614342212677,-4.7575979364563906e-08,recent_2018_2023_damped
2029,ischemic_stroke,Female,20-24,DALY,10473.417770777764,10473.41805785847,-0.00028708070567518007,-2.741041215859575e-08,recent_2018_2023_damped
2029,ischemic_stroke,Female,20-24,Deaths,21.873057599045836,21.87305819859549,-5.995496543675927e-07,-2.7410417369350337e-08,recent_2018_2023_damped
2029,ischemic_stroke,Female,20-24,YLD,8991.444615295562,8991.444861754759,-0.0002464591962052509,-2.7410410673102018e-08,recent_2018_2023_damped
2029,ischemic_stroke,Female,20-24,YLL,1481.9731554822006,1481.9731961037107,-4.062151015205018e-05,-2.7410421631679377e-08,recent_2018_2023_damped
2029,ischemic_stroke,Female,25-29,DALY,12941.093605536771,12941.09347829671,0.00012724006046482828,9.832249545080594e-09,recent_2018_2023_damped
2029,ischemic_stroke,Female,25-29,Deaths,32.4590914727097,32.45909115356381,3.1914589015968886e-07,9.832249727813114e-09,recent_2018_2023_damped
2029,ischemic_stroke,Female,25-29,YLD,10905.168158922046,10905.16805169972,0.0001072223258233862,9.832248830560123e-09,recent_2018_2023_damped
2029,ischemic_stroke,Female,25-29,YLL,2035.925446614725,2035.925426596991,2.001773395932105e-05,9.832253037273716e-09,recent_2018_2023_damped
2029,ischemic_stroke,Female,30-34,DALY,19191.243713193508,19191.243619459747,9.37337608775124e-05,4.884194205239895e-09,recent_2018_2023_damped
2029,ischemic_stroke,Female,30-34,Deaths,63.286290268956385,63.286289959853725,3.091026599122415e-07,4.884196247059573e-09,recent_2018_2023_damped
2029,ischemic_stroke,Female,30-34,YLD,15576.574958416937,15576.57488233792,7.607901716255583e-05,4.8841942299408106e-09,recent_2018_2023_damped
2029,ischemic_stroke,Female,30-34,YLL,3614.66875477657,3614.6687371218254,1.765474462445127e-05,4.884194350409225e-09,recent_2018_2023_damped
2029,ischemic_stroke,Female,35-39,DALY,53823.78597867377,53823.78569679845,0.0002818753200699575,5.237002868171052e-09,recent_2018_2023_damped
2029,ischemic_stroke,Female,35-39,Deaths,270.0539485833518,270.053947169079,1.4142728446131514e-06,5.237001197126308e-09,recent_2018_2023_damped
2029,ischemic_stroke,Female,35-39,YLD,39540.18056191625,39540.18035484423,0.0002070720147457905,5.237002281918556e-09,recent_2018_2023_damped
2029,ischemic_stroke,Female,35-39,YLL,14283.60541675752,14283.605341954224,7.480329622922e-05,5.237003854307397e-09,recent_2018_2023_damped
2029,ischemic_stroke,Female,40-44,DALY,60725.97769725482,60725.97803202693,-0.00033477210672572255,-5.512831864958412e-09,recent_2018_2023_damped
2029,ischemic_stroke,Female,40-44,Deaths,454.51454525348214,454.5145477591444,-2.5056622803276696e-06,-5.512831861336737e-09,recent_2018_2023_damped
2029,ischemic_stroke,Female,40-44,YLD,38972.34079003244,38972.34100488043,-0.00021484799071913585,-5.512832567390059e-09,recent_2018_2023_damped
2029,ischemic_stroke,Female,40-44,YLL,21753.636907222382,21753.6370271465,-0.0001199241160065867,-5.512830606529504e-09,recent_2018_2023_damped
2029,ischemic_stroke,Female,45-49,DALY,109999.95910454041,109999.96138007448,-0.0022755340760340914,-2.068668068138326e-08,recent_2018_2023_damped
2029,ischemic_stroke,Female,45-49,Deaths,1121.2993354226464,1121.2993586186017,-2.3195955236587906e-05,-2.068667484583639e-08,recent_2018_2023_damped
2029,ischemic_stroke,Female,45-49,YLD,62173.90385342986,62173.90513960162,-0.0012861717623309232,-2.0686681324633364e-08,recent_2018_2023_damped
2029,ischemic_stroke,Female,45-49,YLL,47826.05525111054,47826.05624047285,-0.0009893623064272106,-2.068667969302394e-08,recent_2018_2023_damped
2029,ischemic_stroke,Female,50-54,DALY,139728.7799412755,139728.78075342794,-0.0008121524297166616,-5.8123489329648156e-09,recent_2018_2023_damped
2029,ischemic_stroke,Female,50-54,Deaths,1860.9434914770407,1860.943502293491,-1.0816450412676204e-05,-5.812347553456425e-09,recent_2018_2023_damped
2029,ischemic_stroke,Female,50-54,YLD,68909.43640641945,68909.43680694533,-0.000400525881559588,-5.812351691128889e-09,recent_2018_2023_damped
2029,ischemic_stroke,Female,50-54,YLL,70819.34353485606,70819.34394648261,-0.00041162654815707356,-5.8123462491849e-09,recent_2018_2023_damped
2029,ischemic_stroke,Female,55-59,DALY,343269.3891765751,343269.39348634466,-0.004309769545216113,-1.2555064992671876e-08,recent_2018_2023_damped
2029,ischemic_stroke,Female,55-59,Deaths,5513.90813224792,5513.908201475391,-6.922747161297593e-05,-1.2555064227302932e-08,recent_2018_2023_damped
2029,ischemic_stroke,Female,55-59,YLD,160167.47763191463,160167.47964282776,-0.0020109131291974336,-1.255506507114774e-08,recent_2018_2023_damped
2029,ischemic_stroke,Female,55-59,YLL,183101.91154466046,183101.9138435169,-0.00229885644512251,-1.2555065082974313e-08,recent_2018_2023_damped
2029,ischemic_stroke,Female,60-64,DALY,781911.9229861286,781911.955743734,-0.03275760542601347,-4.1894237817166126e-08,recent_2018_2023_damped
2029,ischemic_stroke,Female,60-64,Deaths,15961.953987853649,15961.95465656749,-0.0006687138411507476,-4.189423260111866e-08,recent_2018_2023_damped
2029,ischemic_stroke,Female,60-64,YLD,314190.4439514505,314190.4571142222,-0.013162771705538034,-4.189424410415107e-08,recent_2018_2023_damped
2029,ischemic_stroke,Female,60-64,YLL,467721.4790346781,467721.4986295118,-0.019594833720475435,-4.189423359390361e-08,recent_2018_2023_damped
2029,ischemic_stroke,Female,65-69,DALY,729460.1706874245,729460.1814673387,-0.010779914213344455,-1.4777933720330315e-08,recent_2018_2023_damped
2029,ischemic_stroke,Female,65-69,Deaths,19523.463317217534,19523.46360573397,-0.0002885164358303882,-1.4777932935304163e-08,recent_2018_2023_damped
2029,ischemic_stroke,Female,65-69,YLD,262472.94175915327,262472.945637963,-0.003878809744492173,-1.4777941151475224e-08,recent_2018_2023_damped
2029,ischemic_stroke,Female,65-69,YLL,466987.2289282713,466987.2358293757,-0.006901104410644621,-1.4777929418966164e-08,recent_2018_2023_damped
2029,ischemic_stroke,Female,70+,DALY,5288465.85666878,5288465.651881797,0.2047869823873043,3.872332655019417e-08,recent_2018_2023_damped
2029,ischemic_stroke,Female,70+,Deaths,322562.84286892414,322562.8303782174,0.01249070675112307,3.872332945639531e-08,recent_2018_2023_damped
2029,ischemic_stroke,Female,70+,YLD,1166140.9475162793,1166140.9023594295,0.04515684978105128,3.872332210428974e-08,recent_2018_2023_damped
2029,ischemic_stroke,Female,70+,YLL,4122324.9091525003,4122324.749522367,0.15963013330474496,3.872332797731195e-08,recent_2018_2023_damped
2029,ischemic_stroke,Male,20-24,DALY,11810.735982045926,11810.735943612295,3.84336308343336e-05,3.254126670668647e-09,recent_2018_2023_damped
2029,ischemic_stroke,Male,20-24,Deaths,44.796526559469406,44.79652641369615,1.4577325657683105e-07,3.254119643800376e-09,recent_2018_2023_damped
2029,ischemic_stroke,Male,20-24,YLD,8777.65010091686,8777.650072353243,2.8563617888721637e-05,3.254130394043366e-09,recent_2018_2023_damped
2029,ischemic_stroke,Male,20-24,YLL,3033.0858811290655,3033.085871259053,9.87001249086461e-06,3.254115745416567e-09,recent_2018_2023_damped
2029,ischemic_stroke,Male,25-29,DALY,16407.83363738839,16407.833162277228,0.000475111162813846,2.8956362373683826e-08,recent_2018_2023_damped
2029,ischemic_stroke,Male,25-29,Deaths,80.77952122705713,80.77951888797568,2.3390814476442756e-06,2.8956367651658e-08,recent_2018_2023_damped
2029,ischemic_stroke,Male,25-29,YLD,11344.824345663063,11344.82401715823,0.0003285048333054874,2.8956362197302267e-08,recent_2018_2023_damped
2029,ischemic_stroke,Male,25-29,YLL,5063.009291725329,5063.009145118997,0.00014660633132734802,2.8956363128177262e-08,recent_2018_2023_damped
2029,ischemic_stroke,Male,30-34,DALY,28056.122482989398,28056.12252074944,-3.776004086830653e-05,-1.3458752484553195e-09,recent_2018_2023_damped
2029,ischemic_stroke,Male,30-34,Deaths,195.21974067719174,195.21974093993407,-2.6274233277945314e-07,-1.3458799377276842e-09,recent_2018_2023_damped
2029,ischemic_stroke,Male,30-34,YLD,16900.30360384893,16900.30362659464,-2.2745709429727867e-05,-1.3458757861565745e-09,recent_2018_2023_damped
2029,ischemic_stroke,Male,30-34,YLL,11155.818879140466,11155.8188941548,-1.5014333257568069e-05,-1.3458745969276155e-09,recent_2018_2023_damped
2029,ischemic_stroke,Male,35-39,DALY,83211.88681028168,83211.88400371603,0.002806565651553683,3.372794265093612e-08,recent_2018_2023_damped
2029,ischemic_stroke,Male,35-39,Deaths,800.9512268218998,800.9511998074645,2.7014435318051255e-05,3.372794163307962e-08,recent_2018_2023_damped
2029,ischemic_stroke,Male,35-39,YLD,40849.80434215272,40849.80296437279,0.001377779924951028,3.3727945423694226e-08,recent_2018_2023_damped
2029,ischemic_stroke,Male,35-39,YLL,42362.08246812896,42362.08103934324,0.0014287857193266973,3.372793980540594e-08,recent_2018_2023_damped
2029,ischemic_stroke,Male,40-44,DALY,118597.786284184,118597.79070782562,-0.0044236416288185865,-3.729952811445327e-08,recent_2018_2023_damped
2029,ischemic_stroke,Male,40-44,Deaths,1549.8391608483225,1549.8392186565925,-5.780826995760435e-05,-3.729952711334329e-08,recent_2018_2023_damped
2029,ischemic_stroke,Male,40-44,YLD,44423.688109352915,44423.68976633551,-0.001656982596614398,-3.7299526566342704e-08,recent_2018_2023_damped
2029,ischemic_stroke,Male,40-44,YLL,74174.09817483107,74174.10094149012,-0.0027666590467561036,-3.729952923781974e-08,recent_2018_2023_damped
2029,ischemic_stroke,Male,45-49,DALY,221461.56075927184,221461.5584318706,0.002327401249203831,1.0509278746540663e-08,recent_2018_2023_damped
2029,ischemic_stroke,Male,45-49,Deaths,3480.5586188983298,3480.558582320164,3.657816569102579e-05,1.0509280285304819e-08,recent_2018_2023_damped
2029,ischemic_stroke,Male,45-49,YLD,72790.4238885498,72790.42312357514,0.0007649746694369242,1.0509276311503767e-08,recent_2018_2023_damped
2029,ischemic_stroke,Male,45-49,YLL,148671.13687072205,148671.13530829546,0.001562426594318822,1.0509280036631581e-08,recent_2018_2023_damped
2029,ischemic_stroke,Male,50-54,DALY,301520.83769808715,301520.8381856898,-0.0004876026650890708,-1.6171441682872465e-09,recent_2018_2023_damped
2029,ischemic_stroke,Male,50-54,Deaths,5561.671706739931,5561.671715733967,-8.99403585208347e-06,-1.617146122925477e-09,recent_2018_2023_damped
2029,ischemic_stroke,Male,50-54,YLD,89776.16455030581,89776.1646954873,-0.0001451814896427095,-1.6171496090878029e-09,recent_2018_2023_damped
2029,ischemic_stroke,Male,50-54,YLL,211744.67314778134,211744.6734902025,-0.00034242114634253085,-1.6171417240319615e-09,recent_2018_2023_damped
2029,ischemic_stroke,Male,55-59,DALY,681263.3170310801,681263.3176338917,-0.0006028115749359131,-8.848437297777153e-10,recent_2018_2023_damped
2029,ischemic_stroke,Male,55-59,Deaths,14494.546183770664,14494.54619659608,-1.2825415979023091e-05,-8.848442583207627e-10,recent_2018_2023_damped
2029,ischemic_stroke,Male,55-59,YLD,199581.33588730186,199581.3360638995,-0.00017659764853306115,-8.848404966911348e-10,recent_2018_2023_damped
2029,ischemic_stroke,Male,55-59,YLL,481681.9811437783,481681.98156999226,-0.0004262139555066824,-8.848451298042796e-10,recent_2018_2023_damped
2029,ischemic_stroke,Male,60-64,DALY,1555020.2022698796,1555020.2318925802,-0.02962270053103566,-1.9049720333852208e-08,recent_2018_2023_damped
2029,ischemic_stroke,Male,60-64,Deaths,39379.21529694741,39379.21604711044,-0.0007501630316255614,-1.9049719799604967e-08,recent_2018_2023_damped
2029,ischemic_stroke,Male,60-64,YLD,402050.7874851644,402050.79514412186,-0.007658957445528358,-1.9049725900387477e-08,recent_2018_2023_damped
2029,ischemic_stroke,Male,60-64,YLL,1152969.4147847153,1152969.4367484583,-0.021963743027299643,-1.9049718342266378e-08,recent_2018_2023_damped
2029,ischemic_stroke,Male,65-69,DALY,1398656.6333345342,1398656.6268605222,0.006474012043327093,4.6287358305082406e-09,recent_2018_2023_damped
2029,ischemic_stroke,Male,65-69,Deaths,43280.23408332986,43280.233882997054,0.0002003328045248054,4.628736643761705e-09,recent_2018_2023_damped
2029,ischemic_stroke,Male,65-69,YLD,359927.29547794414,359927.2938119384,0.0016660057590343058,4.6287286006845374e-09,recent_2018_2023_damped
2029,ischemic_stroke,Male,65-69,YLL,1038729.3378565902,1038729.333048584,0.004808006109669805,4.628738167582798e-09,recent_2018_2023_damped
2029,ischemic_stroke,Male,70+,DALY,7022201.6526133595,7022201.986701515,-0.3340881550684571,-4.757598196422513e-08,recent_2018_2023_damped
2029,ischemic_stroke,Male,70+,Deaths,411112.0893109789,411112.1088700416,-0.019559062726330012,-4.7575983057489827e-08,recent_2018_2023_damped
2029,ischemic_stroke,Male,70+,YLD,1325122.202150157,1325122.2651941546,-0.06304399762302637,-4.7575985461076886e-08,recent_2018_2023_damped
2029,ischemic_stroke,Male,70+,YLL,5697079.450463203,5697079.72150736,-0.27104415744543076,-4.757598115086875e-08,recent_2018_2023_damped
2030,coronary_heart_disease,Female,20-24,DALY,18579.11832604318,18579.11887823906,-0.0005521958810277283,-2.9721316960541768e-08,recent_2018_2023_damped
2030,coronary_heart_disease,Female,20-24,Deaths,231.85700667126892,231.8570135623659,-6.891096973049571e-06,-2.9721322064712846e-08,recent_2018_2023_damped
2030,coronary_heart_disease,Female,20-24,YLD,2864.530557952163,2864.5306430897454,-8.513758257322479e-05,-2.9721302782571575e-08,recent_2018_2023_damped
2030,coronary_heart_disease,Female,20-24,YLL,15714.587768091016,15714.588235149313,-0.0004670582966355141,-2.972131942921865e-08,recent_2018_2023_damped
2030,coronary_heart_disease,Female,25-29,DALY,24458.750983028396,24458.75070246297,0.0002805654257826973,1.1470963059222997e-08,recent_2018_2023_damped
2030,coronary_heart_disease,Female,25-29,Deaths,307.5877030370178,307.5876995086926,3.528325180468528e-06,1.1470956693340773e-08,recent_2018_2023_damped
2030,coronary_heart_disease,Female,25-29,YLD,5156.825318283713,5156.825259129955,5.915375822951319e-05,1.1470964257472908e-08,recent_2018_2023_damped
2030,coronary_heart_disease,Female,25-29,YLL,19301.925664744682,19301.92544333302,0.00022141166118672118,1.1470962409255283e-08,recent_2018_2023_damped
2030,coronary_heart_disease,Female,30-34,DALY,42163.03975795886,42163.039517704005,0.00024025485618039966,5.698233783157832e-09,recent_2018_2023_damped
2030,coronary_heart_disease,Female,30-34,Deaths,578.5293106293484,578.5293073327534,3.2965949685603846e-06,5.6982333077627094e-09,recent_2018_2023_damped
2030,coronary_heart_disease,Female,30-34,YLD,9157.291677950665,9157.291625770256,5.218040860199835e-05,5.698235977890379e-09,recent_2018_2023_damped
2030,coronary_heart_disease,Female,30-34,YLL,33005.7480800082,33005.747891933745,0.00018807445303536952,5.698233339573345e-09,recent_2018_2023_damped
2030,coronary_heart_disease,Female,35-39,DALY,132234.35226190888,132234.35145397804,0.000807930831797421,6.1098407706760506e-09,recent_2018_2023_damped
2030,coronary_heart_disease,Female,35-39,Deaths,1989.2877493155547,1989.287737161331,1.2154223668403574e-05,6.109836923715912e-09,recent_2018_2023_damped
2030,coronary_heart_disease,Female,35-39,YLD,26974.338861901655,26974.338697092586,0.00016480906924698502,6.109846513670004e-09,recent_2018_2023_damped
2030,coronary_heart_disease,Female,35-39,YLL,105260.01340000723,105260.01275688548,0.0006431217479985207,6.109839160706843e-09,recent_2018_2023_damped
2030,coronary_heart_disease,Female,40-44,DALY,166121.96125171686,166121.96232015232,-0.0010684354638215154,-6.431632813019709e-09,recent_2018_2023_damped
2030,coronary_heart_disease,Female,40-44,Deaths,2825.194424292792,2825.194442463406,-1.817061411202303e-05,-6.4316331077656045e-09,recent_2018_2023_damped
2030,coronary_heart_disease,Female,40-44,YLD,30824.46621529767,30824.46641354919,-0.00019825152048724703,-6.431628623426995e-09,recent_2018_2023_damped
2030,coronary_heart_disease,Female,40-44,YLL,135297.4950364192,135297.49590660314,-0.0008701839542482048,-6.431633848189616e-09,recent_2018_2023_damped
2030,coronary_heart_disease,Female,45-49,DALY,298917.3820524338,298917.38875378616,-0.006701352365780622,-2.2418743833268352e-08,recent_2018_2023_damped
2030,coronary_heart_disease,Female,45-49,Deaths,5749.42569553889,5749.425824433806,-0.00012889491608802928,-2.2418745805929696e-08,recent_2018_2023_damped
2030,coronary_heart_disease,Female,45-49,YLD,53870.26744291175,53870.26865061562,-0.0012077038700226694,-2.2418746003578137e-08,recent_2018_2023_damped
2030,coronary_heart_disease,Female,45-49,YLL,245047.11460952208,245047.1201031705,-0.005493648437550291,-2.241874311861873e-08,recent_2018_2023_damped
2030,coronary_heart_disease,Female,50-54,DALY,336058.2922272934,336058.29450612795,-0.002278834523167461,-6.781069119321818e-09,recent_2018_2023_damped
2030,coronary_heart_disease,Female,50-54,Deaths,7360.4844115973165,7360.484461509274,-4.9911957830772735e-05,-6.7810696553713316e-09,recent_2018_2023_damped
2030,coronary_heart_disease,Female,50-54,YLD,56012.05349106116,56012.05387088281,-0.0003798216494033113,-6.781069843981511e-09,recent_2018_2023_damped
2030,coronary_heart_disease,Female,50-54,YLL,280046.2387362323,280046.2406352452,-0.001899012946523726,-6.781069234195339e-09,recent_2018_2023_damped
2030,coronary_heart_disease,Female,55-59,DALY,719667.0466698552,719667.0572112298,-0.010541374562308192,-1.4647571341054435e-08,recent_2018_2023_damped
2030,coronary_heart_disease,Female,55-59,Deaths,18077.271679153477,18077.271943941658,-0.000264788181084441,-1.4647574142025397e-08,recent_2018_2023_damped
2030,coronary_heart_disease,Female,55-59,YLD,119964.7097595952,119964.71151678669,-0.0017571914941072464,-1.464756987192323e-08,recent_2018_2023_damped
2030,coronary_heart_disease,Female,55-59,YLL,599702.33691026,599702.3456944431,-0.008784183068200946,-1.4647571634940065e-08,recent_2018_2023_damped
2030,coronary_heart_disease,Female,60-64,DALY,1696880.5205663356,1696880.5997916008,-0.07922526518814266,-4.6688768318685804e-08,recent_2018_2023_damped
2030,coronary_heart_disease,Female,60-64,Deaths,49392.95563843456,49392.95794453103,-0.002306096466782037,-4.668877027716816e-08,recent_2018_2023_damped
2030,coronary_heart_disease,Female,60-64,YLD,245968.08663398988,245968.0981179397,-0.011483949812827632,-4.668877753130884e-08,recent_2018_2023_damped
2030,coronary_heart_disease,Female,60-64,YLL,1450912.4339323458,1450912.5016736612,-0.0677413153462112,-4.6688766736843206e-08,recent_2018_2023_damped
2030,coronary_heart_disease,Female,65-69,DALY,1529342.1572849029,1529342.1836521649,-0.02636726200580597,-1.7240917230726807e-08,recent_2018_2023_damped
2030,coronary_heart_disease,Female,65-69,Deaths,54866.80815493616,54866.809100890285,-0.0009459541251999326,-1.7240917427155124e-08,recent_2018_2023_damped
2030,coronary_heart_disease,Female,65-69,YLD,218218.85021393327,218218.8539762284,-0.00376229512039572,-1.7240926032933728e-08,recent_2018_2023_damped
2030,coronary_heart_disease,Female,65-69,YLL,1311123.3070709696,1311123.3296759364,-0.022604966768994927,-1.7240915676927266e-08,recent_2018_2023_damped
2030,coronary_heart_disease,Female,70+,DALY,12033466.219119754,12033465.70347916,0.5156405940651894,4.28505475289721e-08,recent_2018_2023_damped
2030,coronary_heart_disease,Female,70+,Deaths,927202.9528809539,927202.9131497996,0.0397311543347314,4.285054950891036e-08,recent_2018_2023_damped
2030,coronary_heart_disease,Female,70+,YLD,889703.8521087846,889703.8139844963,0.03812428831588477,4.28505393779835e-08,recent_2018_2023_damped
2030,coronary_heart_disease,Female,70+,YLL,11143762.36701097,11143761.889494663,0.47751630656421185,4.285054825286345e-08,recent_2018_2023_damped
2030,coronary_heart_disease,Male,20-24,DALY,63776.775089736075,63776.77484760867,0.00024212740390794352,3.796482410509069e-09,recent_2018_2023_damped
2030,coronary_heart_disease,Male,20-24,Deaths,818.1297549065858,818.1297518005742,3.1060116043590824e-06,3.796478000614502e-09,recent_2018_2023_damped
2030,coronary_heart_disease,Male,20-24,YLD,8357.78994306267,8357.789911332415,3.173025470459834e-05,3.796488669998148e-09,recent_2018_2023_damped
2030,coronary_heart_disease,Male,20-24,YLL,55418.9851466734,55418.984936276254,0.00021039714920334518,3.796481466509558e-09,recent_2018_2023_damped
2030,coronary_heart_disease,Male,25-29,DALY,103213.45965805049,103213.45635668168,0.003301368808024563,3.19858371627029e-08,recent_2018_2023_damped
2030,coronary_heart_disease,Male,25-29,Deaths,1395.7967902356631,1395.796745589937,4.464572612050688e-05,3.1985836234083815e-08,recent_2018_2023_damped
2030,coronary_heart_disease,Male,25-29,YLD,15719.290715801108,15719.290213006445,0.000502794662679662,3.198583751979081e-08,recent_2018_2023_damped
2030,coronary_heart_disease,Male,25-29,YLL,87494.16894224938,87494.16614367522,0.0027985741617158055,3.1985837285656664e-08,recent_2018_2023_damped
2030,coronary_heart_disease,Male,30-34,DALY,194875.73092340303,194875.7312293935,-0.00030599048477597535,-1.5701826125069707e-09,recent_2018_2023_damped
2030,coronary_heart_disease,Male,30-34,Deaths,2939.953456396997,2939.953461013269,-4.616272235580254e-06,-1.5701854797351908e-09,recent_2018_2023_damped
2030,coronary_heart_disease,Male,30-34,YLD,27008.460242974343,27008.460285382647,-4.240830458002165e-05,-1.5701859392174833e-09,recent_2018_2023_damped
2030,coronary_heart_disease,Male,30-34,YLL,167867.2706804287,167867.27094401087,-0.0002635821874719113,-1.570182120610184e-09,recent_2018_2023_damped
2030,coronary_heart_disease,Male,35-39,DALY,634896.1831442838,634896.1590636191,0.024080664734356105,3.7928509080715875e-08,recent_2018_2023_damped
2030,coronary_heart_disease,Male,35-39,Deaths,10783.689114663648,10783.688705654446,0.000409009202485322,3.7928506065912064e-08,recent_2018_2023_damped
2030,coronary_heart_disease,Male,35-39,YLD,64425.673669918586,64425.67122634863,0.002443569952447433,3.792851367993305e-08,recent_2018_2023_damped
2030,coronary_heart_disease,Male,35-39,YLL,570470.5094743653,570470.4878372705,0.02163709478918463,3.792850857406092e-08,recent_2018_2023_damped
2030,coronary_heart_disease,Male,40-44,DALY,817522.0569207312,817522.0911484199,-0.034227688680402935,-4.186760095047872e-08,recent_2018_2023_damped
2030,coronary_heart_disease,Male,40-44,Deaths,15663.702968601334,15663.703624403031,-0.0006558016975759529,-4.186760125838033e-08,recent_2018_2023_damped
2030,coronary_heart_disease,Male,40-44,YLD,67422.20184186299,67422.20466466896,-0.0028228059672983363,-4.186760105721613e-08,recent_2018_2023_damped
2030,coronary_heart_disease,Male,40-44,YLL,750099.8550788682,750099.8864837509,-0.03140488266944885,-4.1867600882684795e-08,recent_2018_2023_damped
2030,coronary_heart_disease,Male,45-49,DALY,1136349.4753686371,1136349.4614360484,0.013932588743045926,1.226083103470545e-08,recent_2018_2023_damped
2030,coronary_heart_disease,Male,45-49,Deaths,24359.124001440396,24359.12370277733,0.0002986630643135868,1.2260829574896999e-08,recent_2018_2023_damped
2030,coronary_heart_disease,Male,45-49,YLD,96253.12087901734,96253.11969887478,0.0011801425571320578,1.2260823969385107e-08,recent_2018_2023_damped
2030,coronary_heart_disease,Male,45-49,YLL,1040096.3544896197,1040096.3417371736,0.012752446113154292,1.2260831618593234e-08,recent_2018_2023_damped
2030,coronary_heart_disease,Male,50-54,DALY,1142691.8857388769,1142691.8878947513,-0.002155874390155077,-1.8866628992413446e-09,recent_2018_2023_damped
2030,coronary_heart_disease,Male,50-54,Deaths,27592.9485114983,27592.948563556864,-5.205856359680183e-05,-1.8866618577167104e-09,recent_2018_2023_damped
2030,coronary_heart_disease,Male,50-54,YLD,92551.67547683531,92551.6756514502,-0.00017461489187553525,-1.886674559336292e-09,recent_2018_2023_damped
2030,coronary_heart_disease,Male,50-54,YLL,1050140.2102620415,1050140.212243301,-0.0019812595564872026,-1.8866619270343452e-09,recent_2018_2023_damped
2030,coronary_heart_disease,Male,55-59,DALY,2077166.7195989392,2077166.7186941227,0.000904816435649991,4.3560125795720086e-10,recent_2018_2023_damped
2030,coronary_heart_disease,Male,55-59,Deaths,57844.289552362476,57844.289527165376,2.5197099603246897e-05,4.3560219702263954e-10,recent_2018_2023_damped
2030,coronary_heart_disease,Male,55-59,YLD,156986.0673388465,156986.06727046287,6.83836406096816e-05,4.356032468274213e-10,recent_2018_2023_damped
2030,coronary_heart_disease,Male,55-59,YLL,1920180.6522600926,1920180.65142366,0.000836432445794344,4.3560091347352986e-10,recent_2018_2023_damped
2030,coronary_heart_disease,Male,60-64,DALY,3937850.01257216,3937850.100089568,-0.08751740818843246,-2.222466725852308e-08,recent_2018_2023_damped
2030,coronary_heart_disease,Male,60-64,Deaths,124176.56579342949,124176.5685532124,-0.002759782917564735,-2.222466725984707e-08,recent_2018_2023_damped
2030,coronary_heart_disease,Male,60-64,YLD,292858.6397945492,292858.6463032387,-0.006508689490146935,-2.2224679285745085e-08,recent_2018_2023_damped
2030,coronary_heart_disease,Male,60-64,YLL,3644991.372777611,3644991.45378633,-0.08100871881470084,-2.2224666324128395e-08,recent_2018_2023_damped
2030,coronary_heart_disease,Male,65-69,DALY,3087063.808113846,3087063.7914430927,0.016670753248035908,5.40019720170503e-09,recent_2018_2023_damped
2030,coronary_heart_disease,Male,65-69,Deaths,118327.10913678826,118327.10849779844,0.0006389898189809173,5.40019803655395e-09,recent_2018_2023_damped
2030,coronary_heart_disease,Male,65-69,YLD,250468.64127033128,250468.63991775404,0.0013525772374123335,5.400185978797493e-09,recent_2018_2023_damped
2030,coronary_heart_disease,Male,65-69,YLL,2836595.166843515,2836595.151525338,0.015318176709115505,5.4001984389201175e-09,recent_2018_2023_damped
2030,coronary_heart_disease,Male,70+,DALY,13579948.470063873,13579949.183169322,-0.7131054494529963,-5.2511643440963886e-08,recent_2018_2023_damped
2030,coronary_heart_disease,Male,70+,Deaths,977046.7899133358,977046.8412196712,-0.051306335371918976,-5.2511643462121055e-08,recent_2018_2023_damped
2030,coronary_heart_disease,Male,70+,YLD,740066.2776146077,740066.3164767141,-0.03886210639029741,-5.251165405731608e-08,recent_2018_2023_damped
2030,coronary_heart_disease,Male,70+,YLL,12839882.192449264,12839882.866692608,-0.6742433439940214,-5.2511642901591205e-08,recent_2018_2023_damped
2030,ischemic_stroke,Female,20-24,DALY,10467.66019751451,10467.660508627128,-0.0003111126188741764,-2.9721313431761263e-08,recent_2018_2023_damped
2030,ischemic_stroke,Female,20-24,Deaths,21.189363571696713,21.189364201472586,-6.297758723405877e-07,-2.9721319920341006e-08,recent_2018_2023_damped
2030,ischemic_stroke,Female,20-24,YLD,9031.657257197136,9031.657525629844,-0.0002684327082533855,-2.9721311674145408e-08,recent_2018_2023_damped
2030,ischemic_stroke,Female,20-24,YLL,1436.0029403173746,1436.0029829972848,-4.2679910166043555e-05,-2.9721324169508537e-08,recent_2018_2023_damped
2030,ischemic_stroke,Female,25-29,DALY,12511.97385328148,12511.97370975716,0.00014352432117448188,1.1470957700507148e-08,recent_2018_2023_damped
2030,ischemic_stroke,Female,25-29,Deaths,30.49272001427887,30.492719664498168,3.497807021801691e-07,1.1470957855799565e-08,recent_2018_2023_damped
2030,ischemic_stroke,Female,25-29,YLD,10598.641415602853,10598.641294026294,0.0001215765587403439,1.1470957018695218e-08,recent_2018_2023_damped
2030,ischemic_stroke,Female,25-29,YLL,1913.3324376786277,1913.3324157308648,2.1947762888885336e-05,1.147096171498334e-08,recent_2018_2023_damped
2030,ischemic_stroke,Female,30-34,DALY,18142.095912107503,18142.09580872973,0.0001033777734846808,5.698226631287926e-09,recent_2018_2023_damped
2030,ischemic_stroke,Female,30-34,Deaths,58.353266933959226,58.353266601448944,3.325102824192072e-07,5.698229110124073e-09,recent_2018_2023_damped
2030,ischemic_stroke,Female,30-34,YLD,14812.662533343919,14812.662448938008,8.44059104565531e-05,5.6982268209726585e-09,recent_2018_2023_damped
2030,ischemic_stroke,Female,30-34,YLL,3329.433378763583,3329.433359791716,1.8971866666106507e-05,5.6982268800518525e-09,recent_2018_2023_damped
2030,ischemic_stroke,Female,35-39,DALY,50867.56294366293,50867.56263287042,0.0003107925149379298,6.109836973731801e-09,recent_2018_2023_damped
2030,ischemic_stroke,Female,35-39,Deaths,251.26533473669576,251.26533320150617,1.5351895967796736e-06,6.10983448141851e-09,recent_2018_2023_damped
2030,ischemic_stroke,Female,35-39,YLD,37573.27647348775,37573.27624392118,0.0002295665690326132,6.1098363513017785e-09,recent_2018_2023_damped
2030,ischemic_stroke,Female,35-39,YLL,13294.28647017518,13294.286388949246,8.12259349913802e-05,6.109837911939261e-09,recent_2018_2023_damped
2030,ischemic_stroke,Female,40-44,DALY,60928.497788443274,60928.4981803133,-0.0003918700240319595,-6.4316376693259314e-09,recent_2018_2023_damped
2030,ischemic_stroke,Female,40-44,Deaths,450.01196326719025,450.0119661615038,-2.8943135248482577e-06,-6.431636806318888e-09,recent_2018_2023_damped
2030,ischemic_stroke,Female,40-44,YLD,39380.85437674968,39380.85463003309,-0.00025328341143904254,-6.431638262260579e-09,recent_2018_2023_damped
2030,ischemic_stroke,Female,40-44,YLL,21547.643411693596,21547.6435502802,-0.00013858660531695932,-6.431636247999711e-09,recent_2018_2023_damped
2030,ischemic_stroke,Female,45-49,DALY,111865.74384496112,111865.74635285148,-0.0025078903563553467,-2.2418751388337025e-08,recent_2018_2023_damped
2030,ischemic_stroke,Female,45-49,Deaths,1118.7724001337615,1118.7724252152348,-2.508147326807375e-05,-2.241874460147555e-08,recent_2018_2023_damped
2030,ischemic_stroke,Female,45-49,YLD,64169.00261819106,64169.00405678007,-0.0014385890099219978,-2.2418752341068898e-08,recent_2018_2023_damped
2030,ischemic_stroke,Female,45-49,YLL,47696.741226770064,47696.74229607141,-0.001069301346433349,-2.2418750106575373e-08,recent_2018_2023_damped
2030,ischemic_stroke,Female,50-54,DALY,131857.46876256386,131857.4696566991,-0.0008941352425608784,-6.781073873848991e-09,recent_2018_2023_damped
2030,ischemic_stroke,Female,50-54,Deaths,1727.6735051647968,1727.6735168802754,-1.171547864942113e-05,-6.781072080433465e-09,recent_2018_2023_damped
2030,ischemic_stroke,Female,50-54,YLD,66125.37057537599,66125.3710237772,-0.00044840121699962765,-6.781076764596037e-09,recent_2018_2023_damped
2030,ischemic_stroke,Female,50-54,YLL,65732.09818718788,65732.09863292189,-0.0004457340110093355,-6.7810707444245494e-09,recent_2018_2023_damped
2030,ischemic_stroke,Female,55-59,DALY,322412.2836133591,322412.2883359176,-0.004722558485809714,-1.4647575966116203e-08,recent_2018_2023_damped
2030,ischemic_stroke,Female,55-59,Deaths,5144.957804756835,5144.957880117991,-7.536115663242526e-05,-1.4647575041119089e-08,recent_2018_2023_damped
2030,ischemic_stroke,Female,55-59,YLD,151764.5606738975,151764.56289688044,-0.002222982933744788,-1.4647575766783183e-08,recent_2018_2023_damped
2030,ischemic_stroke,Female,55-59,YLL,170647.72293946162,170647.72543903714,-0.002499575522961095,-1.464757597284268e-08,recent_2018_2023_damped
2030,ischemic_stroke,Female,60-64,DALY,799285.9625192023,799285.9998368854,-0.03731768310535699,-4.668877362167311e-08,recent_2018_2023_damped
2030,ischemic_stroke,Female,60-64,Deaths,16075.265298810666,16075.26604934503,-0.0007505343637603801,-4.6688767791246594e-08,recent_2018_2023_damped
2030,ischemic_stroke,Female,60-64,YLD,327222.57284843386,327222.5881260576,-0.015277623722795397,-4.668878090075469e-08,recent_2018_2023_damped
2030,ischemic_stroke,Female,60-64,YLL,472063.3896707684,472063.4117108277,-0.022040059324353933,-4.6688768452690486e-08,recent_2018_2023_damped
2030,ischemic_stroke,Female,65-69,DALY,788442.394026031,788442.4076195059,-0.013593474868685007,-1.7240923036759176e-08,recent_2018_2023_damped
2030,ischemic_stroke,Female,65-69,Deaths,20813.83618217104,20813.83654102077,-0.00035884973112843,-1.7240921942535396e-08,recent_2018_2023_damped
2030,ischemic_stroke,Female,65-69,YLD,291266.12491543964,291266.12993713905,-0.005021699413191527,-1.7240931564117355e-08,recent_2018_2023_damped
2030,ischemic_stroke,Female,65-69,YLL,497176.2691105914,497176.2776823669,-0.008571775513701141,-1.7240918158161657e-08,recent_2018_2023_damped
2030,ischemic_stroke,Female,70+,DALY,5192022.611955613,5192022.389474644,0.22248096857219934,4.285054105760725e-08,recent_2018_2023_damped
2030,ischemic_stroke,Female,70+,Deaths,314282.50212662684,314282.48865945113,0.013467175711411983,4.285054432671458e-08,recent_2018_2023_damped
2030,ischemic_stroke,Female,70+,YLD,1177653.5347259317,1177653.484262849,0.0504630827344954,4.28505357550763e-08,recent_2018_2023_damped
2030,ischemic_stroke,Female,70+,YLL,4014369.0772296814,4014368.905211795,0.17201788630336523,4.285054272915401e-08,recent_2018_2023_damped
2030,ischemic_stroke,Male,20-24,DALY,11779.83002801114,11779.82998328924,4.472189903026447e-05,3.796480856999341e-09,recent_2018_2023_damped
2030,ischemic_stroke,Male,20-24,Deaths,43.676014626318455,43.67601446050367,1.6581478234911629e-07,3.7964723749934414e-09,recent_2018_2023_damped
2030,ischemic_stroke,Male,20-24,YLD,8821.944473037258,8821.944439544877,3.349238068039995e-05,3.796485107100472e-09,recent_2018_2023_damped
2030,ischemic_stroke,Male,20-24,YLL,2957.885554973883,2957.8855437443635,1.1229519259359222e-05,3.796468488481087e-09,recent_2018_2023_damped
2030,ischemic_stroke,Male,25-29,DALY,15916.732466292035,15916.731957182115,0.0005091099192213733,3.198583230470545e-08,recent_2018_2023_damped
2030,ischemic_stroke,Male,25-29,Deaths,76.63031038311334,76.6303079320287,2.4510846401426534e-06,3.198583832283138e-08,recent_2018_2023_damped
2030,ischemic_stroke,Male,25-29,YLD,11112.172914959157,11112.172559527076,0.0003554320810508216,3.1985831676640956e-08,recent_2018_2023_damped
2030,ischemic_stroke,Male,25-29,YLL,4804.559551332877,4804.559397655042,0.0001536778354420676,3.198583318942275e-08,recent_2018_2023_damped
2030,ischemic_stroke,Male,30-34,DALY,26602.976982913868,26602.97702468554,-4.177167284069583e-05,-1.570187907989955e-09,recent_2018_2023_damped
2030,ischemic_stroke,Male,30-34,Deaths,181.61965606312074,181.61965634829875,-2.851780038781726e-07,-1.570193500043168e-09,recent_2018_2023_damped
2030,ischemic_stroke,Male,30-34,YLD,16234.63260459133,16234.632630082766,-2.5491435735602863e-05,-1.5701886403248354e-09,recent_2018_2023_damped
2030,ischemic_stroke,Male,30-34,YLL,10368.344378322536,10368.344394602776,-1.6280240743071772e-05,-1.570187112182194e-09,recent_2018_2023_damped
2030,ischemic_stroke,Male,35-39,DALY,78639.8295914112,78639.82660871999,0.0029826912068529055,3.7928506909019165e-08,recent_2018_2023_damped
2030,ischemic_stroke,Male,35-39,Deaths,751.0317193296303,751.0316908441204,2.848550991529919e-05,3.792850589737827e-08,recent_2018_2023_damped
2030,ischemic_stroke,Male,35-39,YLD,38904.06964334809,38904.06816777476,0.001475573328207247,3.7928509734349634e-08,recent_2018_2023_damped
2030,ischemic_stroke,Male,35-39,YLL,39735.759948063096,39735.75844094523,0.0015071178640937433,3.792850377660721e-08,recent_2018_2023_damped
2030,ischemic_stroke,Male,40-44,DALY,119557.54293732569,119557.5479429138,-0.0050055881147272885,-4.186760435332239e-08,recent_2018_2023_damped
2030,ischemic_stroke,Male,40-44,Deaths,1552.6973562930093,1552.697421300728,-6.500771860373789e-05,-4.1867602606874636e-08,recent_2018_2023_damped
2030,ischemic_stroke,Male,40-44,YLD,45216.49672304481,45216.49861615119,-0.0018931063823401928,-4.186760231947684e-08,recent_2018_2023_damped
2030,ischemic_stroke,Male,40-44,YLL,74341.04621428088,74341.0493267626,-0.0031124817178351805,-4.186760539462408e-08,recent_2018_2023_damped
2030,ischemic_stroke,Male,45-49,DALY,223871.34408296822,223871.34133812087,0.0027448473556432873,1.2260825075853038e-08,recent_2018_2023_damped
2030,ischemic_stroke,Male,45-49,Deaths,3483.0847340838013,3483.0846913783025,4.270549879947794e-05,1.2260826992001394e-08,recent_2018_2023_damped
2030,ischemic_stroke,Male,45-49,YLD,75144.02965258248,75144.02873125488,0.00092132760619279,1.2260822606248945e-08,recent_2018_2023_damped
2030,ischemic_stroke,Male,45-49,YLL,148727.31443038574,148727.31260686598,0.0018235197640024126,1.2260826421456028e-08,recent_2018_2023_damped
2030,ischemic_stroke,Male,50-54,DALY,285001.93980776495,285001.94034546905,-0.0005377040943130851,-1.886668187807071e-09,recent_2018_2023_damped
2030,ischemic_stroke,Male,50-54,Deaths,5210.7907259358035,5210.790735766848,-9.831044735619798e-06,-1.8866704180115205e-09,recent_2018_2023_damped
2030,ischemic_stroke,Male,50-54,YLD,86663.09127993375,86663.0914434388,-0.0001635050430195406,-1.8866744804073043e-09,recent_2018_2023_damped
2030,ischemic_stroke,Male,50-54,YLL,198338.84852783117,198338.84890203024,-0.0003741990658454597,-1.8866655116582627e-09,recent_2018_2023_damped
2030,ischemic_stroke,Male,55-59,DALY,636268.812716269,636268.8124391121,0.00027715694159269333,4.355972447089192e-10,recent_2018_2023_damped
2030,ischemic_stroke,Male,55-59,Deaths,13491.102969929681,13491.102964053009,5.876672730664723e-06,4.3559616632703004e-10,recent_2018_2023_damped
2030,ischemic_stroke,Male,55-59,YLD,188432.43022998565,188432.4301479043,8.208135841414332e-05,4.3560101809288383e-10,recent_2018_2023_damped
2030,ischemic_stroke,Male,55-59,YLL,447836.3824862834,447836.3822912078,0.00019507558317855,4.3559565701319275e-10,recent_2018_2023_damped
2030,ischemic_stroke,Male,60-64,DALY,1581432.7389951677,1581432.7741419948,-0.035146827111020684,-2.2224673527516572e-08,recent_2018_2023_damped
2030,ischemic_stroke,Male,60-64,Deaths,39681.67917223081,39681.68005414316,-0.0008819123468128964,-2.2224672584668353e-08,recent_2018_2023_damped
2030,ischemic_stroke,Male,60-64,YLD,417351.614787647,417351.6240631533,-0.009275506308767945,-2.222468003949682e-08,recent_2018_2023_damped
2030,ischemic_stroke,Male,60-64,YLL,1164081.1242075206,1164081.1500788415,-0.0258713208604604,-2.2224671242815136e-08,recent_2018_2023_damped
2030,ischemic_stroke,Male,65-69,DALY,1520232.4232012697,1520232.414991723,0.008209546795114875,5.400191914181473e-09,recent_2018_2023_damped
2030,ischemic_stroke,Male,65-69,Deaths,46660.23001742251,46660.22976544828,0.00025197422655764967,5.400192579939579e-09,recent_2018_2023_damped
2030,ischemic_stroke,Male,65-69,YLD,401762.72239495063,401762.7202253583,0.0021695923060178757,5.400183234524347e-09,recent_2018_2023_damped
2030,ischemic_stroke,Male,65-69,YLL,1118469.700806319,1118469.6947663648,0.0060399542562663555,5.4001948238106094e-09,recent_2018_2023_damped
2030,ischemic_stroke,Male,70+,DALY,6955126.77225454,6955127.137479715,-0.36522517539560795,-5.2511646182208004e-08,recent_2018_2023_damped
2030,ischemic_stroke,Male,70+,Deaths,405199.44202269334,405199.4633003847,-0.021277691354043782,-5.2511647426023576e-08,recent_2018_2023_damped
2030,ischemic_stroke,Male,70+,YLD,1342065.7937883104,1342065.8642624037,-0.07047409331426024,-5.2511650278052966e-08,recent_2018_2023_damped
2030,ischemic_stroke,Male,70+,YLL,5613060.9784662295,5613061.273217311,-0.2947510816156864,-5.2511645119943634e-08,recent_2018_2023_damped
2031,coronary_heart_disease,Female,20-24,DALY,18309.086316279063,18309.086902759736,-0.0005864806735189632,-3.2032218571782664e-08,recent_2018_2023_damped
2031,coronary_heart_disease,Female,20-24,Deaths,227.95521799267206,227.95522529458495,-7.3019128876694595e-06,-3.2032224215230196e-08,recent_2018_2023_damped
2031,coronary_heart_disease,Female,20-24,YLD,2855.075753004491,2855.07584445886,-9.145436888502445e-05,-3.203220294918588e-08,recent_2018_2023_damped
2031,coronary_heart_disease,Female,20-24,YLL,15454.010563274573,15454.011058300875,-0.0004950263028149493,-3.203222134030077e-08,recent_2018_2023_damped
2031,coronary_heart_disease,Female,25-29,DALY,23592.63608622992,23592.635776938205,0.0003092917140747886,1.3109671890799127e-08,recent_2018_2023_damped
2031,coronary_heart_disease,Female,25-29,Deaths,295.21681073513554,295.21680686494216,3.870193381771969e-06,1.3109664801511562e-08,recent_2018_2023_damped
2031,coronary_heart_disease,Female,25-29,YLD,5059.587272907572,5059.587206578035,6.632953682128573e-05,1.3109673598480492e-08,recent_2018_2023_damped
2031,coronary_heart_disease,Female,25-29,YLL,18533.048813322348,18533.04857036017,0.0002429621781629976,1.3109671473670339e-08,recent_2018_2023_damped
2031,coronary_heart_disease,Female,30-34,DALY,39885.11067825844,39885.11041851594,0.0002597424972918816,6.512267223693101e-09,recent_2018_2023_damped
2031,coronary_heart_disease,Female,30-34,Deaths,544.4957612758394,544.4957577299381,3.5459013361105463e-06,6.512266231226105e-09,recent_2018_2023_damped
2031,coronary_heart_disease,Female,30-34,YLD,8853.793796108943,8853.79373845065,5.7658293371787295e-05,6.512269776670569e-09,recent_2018_2023_damped
2031,coronary_heart_disease,Female,30-34,YLL,31031.3168821495,31031.31668006529,0.0002020842075580731,6.512266612518355e-09,recent_2018_2023_damped
2031,coronary_heart_disease,Female,35-39,DALY,127240.07183992771,127240.0709514516,0.0008884761045919731,6.98267533135038e-09,recent_2018_2023_damped
2031,coronary_heart_disease,Female,35-39,Deaths,1905.8909245266436,1905.890911218435,1.3308208735907101e-05,6.9826707591564994e-09,recent_2018_2023_damped
2031,coronary_heart_disease,Female,35-39,YLD,26358.666199828964,26358.666015774787,0.00018405417722533457,6.982681791073351e-09,recent_2018_2023_damped
2031,coronary_heart_disease,Female,35-39,YLL,100881.40564009875,100881.40493567682,0.0007044219237286597,6.98267360746817e-09,recent_2018_2023_damped
2031,coronary_heart_disease,Female,40-44,DALY,162850.33682666725,162850.3380236885,-0.0011970212508458644,-7.350437618813807e-09,recent_2018_2023_damped
2031,coronary_heart_disease,Female,40-44,Deaths,2755.7809376148516,2755.780957871048,-2.0256196421541972e-05,-7.3504377638165775e-09,recent_2018_2023_damped
2031,coronary_heart_disease,Female,40-44,YLD,30815.859301428445,30815.85952793835,-0.00022650990649708547,-7.35043286044728e-09,recent_2018_2023_damped
2031,coronary_heart_disease,Female,40-44,YLL,132034.4775252388,132034.47849575014,-0.0009705113479867578,-7.350438756934206e-09,recent_2018_2023_damped
2031,coronary_heart_disease,Female,45-49,DALY,307408.6746579779,307408.6820821476,-0.007424169743899256,-2.4150813482604644e-08,recent_2018_2023_damped
2031,coronary_heart_disease,Female,45-49,Deaths,5873.739018077012,5873.739159932606,-0.00014185559393808944,-2.415081604333909e-08,recent_2018_2023_damped
2031,coronary_heart_disease,Female,45-49,YLD,57181.54383942049,57181.54522040149,-0.0013809809970553033,-2.415081634699495e-08,recent_2018_2023_damped
2031,coronary_heart_disease,Female,45-49,YLL,250227.1308185574,250227.1368617461,-0.006043188710464165,-2.4150812682651237e-08,recent_2018_2023_damped
2031,coronary_heart_disease,Female,50-54,DALY,327822.37286382285,327822.3754043784,-0.002540555549785495,-7.749792998881318e-09,recent_2018_2023_damped
2031,coronary_heart_disease,Female,50-54,Deaths,7138.729177263183,7138.729232586864,-5.5323680498986505e-05,-7.749793933413951e-09,recent_2018_2023_damped
2031,coronary_heart_disease,Female,50-54,YLD,56277.51479837344,56277.51523451259,-0.0004361391474958509,-7.749793957292298e-09,recent_2018_2023_damped
2031,coronary_heart_disease,Female,50-54,YLL,271544.8580654494,271544.86016986583,-0.0021044164313934743,-7.749792907429915e-09,recent_2018_2023_damped
2031,coronary_heart_disease,Female,55-59,DALY,676182.459023742,676182.4703430914,-0.011319349403493106,-1.6740081117083276e-08,recent_2018_2023_damped
2031,coronary_heart_disease,Female,55-59,Deaths,16933.723431643382,16933.72371511535,-0.00028347196712275036,-1.6740084572758094e-08,recent_2018_2023_damped
2031,coronary_heart_disease,Female,55-59,YLD,115073.25114514156,115073.25307147698,-0.0019263354188296944,-1.6740079622439837e-08,recent_2018_2023_damped
2031,coronary_heart_disease,Female,55-59,YLL,561109.2078786005,561109.2172716145,-0.009393014013767242,-1.6740081475475734e-08,recent_2018_2023_damped
2031,coronary_heart_disease,Female,60-64,DALY,1753414.5548587919,1753414.6451303698,-0.09027157793752849,-5.1483303272408005e-08,recent_2018_2023_damped
2031,coronary_heart_disease,Female,60-64,Deaths,50681.07789802261,50681.08050725217,-0.0026092295593116432,-5.1483305667452724e-08,recent_2018_2023_damped
2031,coronary_heart_disease,Female,60-64,YLD,261404.98105276324,261404.99451075864,-0.013457995402859524,-5.148331395904386e-08,recent_2018_2023_damped
2031,coronary_heart_disease,Female,60-64,YLL,1492009.5738060286,1492009.6506196111,-0.0768135825637728,-5.148330141958075e-08,recent_2018_2023_damped
2031,coronary_heart_disease,Female,65-69,DALY,1658263.332852478,1658263.3655267418,-0.03267426392994821,-1.970390506671378e-08,recent_2018_2023_damped
2031,coronary_heart_disease,Female,65-69,Deaths,59234.03781285426,59234.038979996185,-0.0011671419269987382,-1.9703905846989287e-08,recent_2018_2023_damped
2031,coronary_heart_disease,Female,65-69,YLD,244632.83502336053,244632.83984358527,-0.004820224741706625,-1.9703915242077095e-08,recent_2018_2023_damped
2031,coronary_heart_disease,Female,65-69,YLL,1413630.4978291173,1413630.525683157,-0.027854039566591382,-1.970390357348185e-08,recent_2018_2023_damped
2031,coronary_heart_disease,Female,70+,DALY,11976135.691760872,11976135.129148835,0.5626120362430811,4.697776287391197e-08,recent_2018_2023_damped
2031,coronary_heart_disease,Female,70+,Deaths,923351.19662357,923351.1532465968,0.04337697324808687,4.697776473833277e-08,recent_2018_2023_damped
2031,coronary_heart_disease,Female,70+,YLD,902519.2296264349,902519.1872281109,0.04239832400344312,4.6977753607278144e-08,recent_2018_2023_damped
2031,coronary_heart_disease,Female,70+,YLL,11073616.462134436,11073615.941920726,0.5202137101441622,4.697776343992754e-08,recent_2018_2023_damped
2031,coronary_heart_disease,Male,20-24,DALY,63921.27073321049,63921.27045586649,0.00027734399918699637,4.338837404342339e-09,recent_2018_2023_damped
2031,coronary_heart_disease,Male,20-24,Deaths,818.0605264465386,818.0605228971115,3.5494271060088067e-06,4.338831916052772e-09,recent_2018_2023_damped
2031,coronary_heart_disease,Male,20-24,YLD,8493.33144163595,8493.331404784709,3.685124102048576e-05,4.338844119484806e-09,recent_2018_2023_damped
2031,coronary_heart_disease,Male,20-24,YLL,55427.93929157454,55427.93905108178,0.0002404927581665106,4.338836375367937e-09,recent_2018_2023_damped
2031,coronary_heart_disease,Male,25-29,DALY,101250.71500214779,101250.71145682292,0.0035453248710837215,3.5015308239049564e-08,recent_2018_2023_damped
2031,coronary_heart_disease,Male,25-29,Deaths,1363.1397065137417,1363.1396587829884,4.773075329467247e-05,3.5015306749483396e-08,recent_2018_2023_damped
2031,coronary_heart_disease,Male,25-29,YLD,15776.721491674469,15776.720939247723,0.000552426745343837,3.5015308153772676e-08,recent_2018_2023_damped
2031,coronary_heart_disease,Male,25-29,YLL,85473.99351047332,85473.9905175752,0.00299289810936898,3.5015308063259066e-08,recent_2018_2023_damped
2031,coronary_heart_disease,Male,30-34,DALY,188354.63731221267,188354.637650214,-0.00033800132223404944,-1.7944942925256688e-09,recent_2018_2023_damped
2031,coronary_heart_disease,Male,30-34,Deaths,2835.5187689111917,2835.5187739995245,-5.088332727609668e-06,-1.7944979854365518e-09,recent_2018_2023_damped
2031,coronary_heart_disease,Male,30-34,YLD,26608.8422047394,26608.842252488925,-4.774952321895398e-05,-1.7944983387801328e-09,recent_2018_2023_damped
2031,coronary_heart_disease,Male,30-34,YLL,161745.79510747327,161745.7953977251,-0.0002902518317569047,-1.7944938293028852e-09,recent_2018_2023_damped
2031,coronary_heart_disease,Male,35-39,DALY,622029.6416766456,622029.6154711142,0.02620553143788129,4.2129073578005906e-08,recent_2018_2023_damped
2031,coronary_heart_disease,Male,35-39,Deaths,10561.10070298695,10561.10025805762,0.0004449293301149737,4.2129069816898445e-08,recent_2018_2023_damped
2031,coronary_heart_disease,Male,35-39,YLD,63150.625733371984,63150.623072894414,0.0026604775703162886,4.212907871463618e-08,recent_2018_2023_damped
2031,coronary_heart_disease,Male,35-39,YLL,558879.0159432737,558878.9923982198,0.02354505390394479,4.2129073062685745e-08,recent_2018_2023_damped
2031,coronary_heart_disease,Male,40-44,DALY,819400.0147653803,819400.052814776,-0.0380493956618011,-4.6435676359911223e-08,recent_2018_2023_damped
2031,coronary_heart_disease,Male,40-44,Deaths,15695.528927221092,15695.529656053635,-0.0007288325432455167,-4.6435676859392384e-08,recent_2018_2023_damped
2031,coronary_heart_disease,Male,40-44,YLD,67460.70543381236,67460.708566396,-0.003132583646220155,-4.643567660035785e-08,recent_2018_2023_damped
2031,coronary_heart_disease,Male,40-44,YLL,751939.309331568,751939.3442483799,-0.0349168119719252,-4.643567628028187e-08,recent_2018_2023_damped
2031,coronary_heart_disease,Male,45-49,DALY,1178988.3166291697,1178988.3001087396,0.01652043010108173,1.4012378324329451e-08,recent_2018_2023_damped
2031,coronary_heart_disease,Male,45-49,Deaths,25252.66256570222,25252.6622118524,0.0003538498203852214,1.4012376889876629e-08,recent_2018_2023_damped
2031,coronary_heart_disease,Male,45-49,YLD,101116.02423792383,101116.02282104868,0.0014168751513352618,1.4012370263442757e-08,recent_2018_2023_damped
2031,coronary_heart_disease,Male,45-49,YLL,1077872.292391246,1077872.277287691,0.015103555051609874,1.4012379175031552e-08,recent_2018_2023_damped
2031,coronary_heart_disease,Male,50-54,DALY,1127700.2740905127,1127700.2765220443,-0.0024315316695719957,-2.1561861074213046e-09,recent_2018_2023_damped
2031,coronary_heart_disease,Male,50-54,Deaths,27209.388754744246,27209.38881341273,-5.8668483688961715e-05,-2.1561852818995105e-09,recent_2018_2023_damped
2031,coronary_heart_disease,Male,50-54,YLD,92415.9821153411,92415.9823146084,-0.00019926729146391153,-2.1561994632654888e-09,recent_2018_2023_damped
2031,coronary_heart_disease,Male,50-54,YLL,1035284.2919751715,1035284.294207436,-0.002232264494523406,-2.156185027642403e-09,recent_2018_2023_damped
2031,coronary_heart_disease,Male,55-59,DALY,1969010.245054753,1969010.2415970876,0.00345766544342041,1.7560423863594821e-09,recent_2018_2023_damped
2031,coronary_heart_disease,Male,55-59,Deaths,54914.59746283111,54914.59736639868,9.643242810852826e-05,1.756043615600351e-09,recent_2018_2023_damped
2031,coronary_heart_disease,Male,55-59,YLD,148131.67396330083,148131.67370317498,0.0002601258456707001,1.7560447348481195e-09,recent_2018_2023_damped
2031,coronary_heart_disease,Male,55-59,YLL,1820878.5710914521,1820878.5678939123,0.0031975398305803537,1.7560423231730014e-09,recent_2018_2023_damped
2031,coronary_heart_disease,Male,60-64,DALY,4092518.8850320773,4092518.988980503,-0.103948425501585,-2.5399619594063226e-08,recent_2018_2023_damped
2031,coronary_heart_disease,Male,60-64,Deaths,128724.59455763863,128724.59782719446,-0.003269555832957849,-2.5399619716404506e-08,recent_2018_2023_damped
2031,coronary_heart_disease,Male,60-64,YLD,306477.64660257346,306477.6543869936,-0.007784420158714056,-2.53996337001606e-08,recent_2018_2023_damped
2031,coronary_heart_disease,Male,60-64,YLL,3786041.238429504,3786041.334593509,-0.09616400487720966,-2.5399618329189316e-08,recent_2018_2023_damped
2031,coronary_heart_disease,Male,65-69,DALY,3392108.478735568,3392108.4578006472,0.020934920758008957,6.171654302463726e-09,recent_2018_2023_damped
2031,coronary_heart_disease,Male,65-69,Deaths,130070.74046044146,130070.73965768972,0.0008027517469599843,6.1716551245315075e-09,recent_2018_2023_damped
2031,coronary_heart_disease,Male,65-69,YLD,277770.87341763114,277770.871703329,0.0017143021686933935,6.17164124582631e-09,recent_2018_2023_damped
2031,coronary_heart_disease,Male,65-69,YLL,3114337.6053179367,3114337.586097318,0.019220618531107903,6.171655448308001e-09,recent_2018_2023_damped
2031,coronary_heart_disease,Male,70+,DALY,13700842.105695361,13700842.892771894,-0.7870765328407288,-5.7447307366466045e-08,recent_2018_2023_damped
2031,coronary_heart_disease,Male,70+,Deaths,988083.2807531173,988083.337515844,-0.05676272674463689,-5.744730691172767e-08,recent_2018_2023_damped
2031,coronary_heart_disease,Male,70+,YLD,738031.0530391663,738031.0954370742,-0.04239790793508291,-5.7447319221657144e-08,recent_2018_2023_damped
2031,coronary_heart_disease,Male,70+,YLL,12962811.052656194,12962811.79733482,-0.7446786258369684,-5.744730676334249e-08,recent_2018_2023_damped
2031,ischemic_stroke,Female,20-24,DALY,10427.47884267426,10427.479176689509,-0.00033401524888176937,-3.203221442325735e-08,recent_2018_2023_damped
2031,ischemic_stroke,Female,20-24,Deaths,20.456358071530634,20.45635872679325,-6.552626174993748e-07,-3.203222167985974e-08,recent_2018_2023_damped
2031,ischemic_stroke,Female,20-24,YLD,9040.811429962263,9040.811719559466,-0.0002895972029364202,-3.203221258439519e-08,recent_2018_2023_damped
2031,ischemic_stroke,Female,20-24,YLL,1386.6674127119963,1386.667457130043,-4.4418046627470176e-05,-3.2032226904207656e-08,recent_2018_2023_damped
2031,ischemic_stroke,Female,25-29,DALY,12149.981478514841,12149.981319232644,0.00015928219727356918,1.310966602240249e-08,recent_2018_2023_damped
2031,ischemic_stroke,Female,25-29,Deaths,28.766526446680395,28.76652606956084,3.7711955513941575e-07,1.3109666222035166e-08,recent_2018_2023_damped
2031,ischemic_stroke,Female,25-29,YLD,10344.261305362039,10344.26116975224,0.00013560979823523667,1.3109664963968104e-08,recent_2018_2023_damped
2031,ischemic_stroke,Female,25-29,YLL,1805.7201731528023,1805.720149480405,2.367239721934311e-05,1.3109671078408706e-08,recent_2018_2023_damped
2031,ischemic_stroke,Female,30-34,DALY,17234.786718751016,17234.786606513622,0.00011223739420529455,6.512259000809221e-09,recent_2018_2023_damped
2031,ischemic_stroke,Female,30-34,Deaths,54.061557820310846,54.06155746824784,3.52063004527281e-07,6.512261596126959e-09,recent_2018_2023_damped
2031,ischemic_stroke,Female,30-34,YLD,14153.444051165152,14153.443958994258,9.217089427693281e-05,6.512259104142626e-09,recent_2018_2023_damped
2031,ischemic_stroke,Female,30-34,YLL,3081.342667585866,3081.342647519364,2.006650174735114e-05,6.512259116494455e-09,recent_2018_2023_damped
2031,ischemic_stroke,Female,35-39,DALY,48629.950665823955,48629.95032625704,0.00033956691186176613,6.982670341705487e-09,recent_2018_2023_damped
2031,ischemic_stroke,Female,35-39,Deaths,236.46927488046447,236.4692732292781,1.6511863805135363e-06,6.982667802732085e-09,recent_2018_2023_damped
2031,ischemic_stroke,Female,35-39,YLD,36114.33206000029,36114.33180782583,0.000252174460911192,6.982669989661745e-09,recent_2018_2023_damped
2031,ischemic_stroke,Female,35-39,YLL,12515.618605823665,12515.618518431207,8.739245822653174e-05,6.982671938892406e-09,recent_2018_2023_damped
2031,ischemic_stroke,Female,40-44,DALY,59343.29899580589,59343.29943200541,-0.0004361995233921334,-7.350442721708181e-09,recent_2018_2023_damped
2031,ischemic_stroke,Female,40-44,Deaths,432.4800856196752,432.48008879859503,-3.1789198260412377e-06,-7.350442039706603e-09,recent_2018_2023_damped
2031,ischemic_stroke,Female,40-44,YLD,38625.98416191579,38625.98444583391,-0.00028391811792971566,-7.350443542166814e-09,recent_2018_2023_damped
2031,ischemic_stroke,Female,40-44,YLL,20717.314833890105,20717.31498617151,-0.00015228140546241775,-7.350441192020455e-09,recent_2018_2023_damped
2031,ischemic_stroke,Female,45-49,DALY,114567.39279429811,114567.39556119492,-0.00276689681049902,-2.4150822290632524e-08,recent_2018_2023_damped
2031,ischemic_stroke,Female,45-49,Deaths,1123.8189267682778,1123.818953909421,-2.714114316404448e-05,-2.4150814568155108e-08,recent_2018_2023_damped
2031,ischemic_stroke,Female,45-49,YLD,66677.12412995935,66677.12574026684,-0.001610307488590479,-2.415082340026546e-08,recent_2018_2023_damped
2031,ischemic_stroke,Female,45-49,YLL,47890.26866433876,47890.269820928086,-0.0011565893291844986,-2.4150820897631864e-08,recent_2018_2023_damped
2031,ischemic_stroke,Female,50-54,DALY,127264.6183353082,127264.6193215834,-0.000986275204923004,-7.749798885036518e-09,recent_2018_2023_damped
2031,ischemic_stroke,Female,50-54,Deaths,1640.037650305446,1640.0376630154046,-1.2709958582490799e-05,-7.749796769375421e-09,recent_2018_2023_damped
2031,ischemic_stroke,Female,50-54,YLD,64881.54717011595,64881.54767293511,-0.0005028191590099595,-7.749802170944622e-09,recent_2018_2023_damped
2031,ischemic_stroke,Female,50-54,YLL,62383.071165192254,62383.07164864828,-0.0004834560240851715,-7.749795117625425e-09,recent_2018_2023_damped
2031,ischemic_stroke,Female,55-59,DALY,299340.3302817549,299340.33529273805,-0.005010983149986714,-1.674008664781595e-08,recent_2018_2023_damped
2031,ischemic_stroke,Female,55-59,Deaths,4745.168261298008,4745.168340732532,-7.94345241956762e-05,-1.6740085596923957e-08,recent_2018_2023_damped
2031,ischemic_stroke,Female,55-59,YLD,142139.2141796929,142139.2165591157,-0.0023794228036422282,-1.674008666463014e-08,recent_2018_2023_damped
2031,ischemic_stroke,Female,55-59,YLL,157201.116102062,157201.11873362237,-0.0026315603754483163,-1.674008681775033e-08,recent_2018_2023_damped
2031,ischemic_stroke,Female,60-64,DALY,815751.4861356381,815751.5281332264,-0.04199758835602552,-5.1483309448568487e-08,recent_2018_2023_damped
2031,ischemic_stroke,Female,60-64,Deaths,16159.876767745964,16159.877599709827,-0.0008319638636749005,-5.148330230482931e-08,recent_2018_2023_damped
2031,ischemic_stroke,Female,60-64,YLD,340174.1742462157,340174.1917595117,-0.017513295984826982,-5.148331769156702e-08,recent_2018_2023_damped
2031,ischemic_stroke,Female,60-64,YLL,475577.3118894224,475577.33637371473,-0.024484292312990874,-5.1483303430066744e-08,recent_2018_2023_damped
2031,ischemic_stroke,Female,65-69,DALY,845199.290763235,845199.3074169676,-0.01665373262949288,-1.9703911826890537e-08,recent_2018_2023_damped
2031,ischemic_stroke,Female,65-69,Deaths,21998.567209529898,21998.567642987717,-0.00043345781887182966,-1.9703910995768813e-08,recent_2018_2023_damped
2031,ischemic_stroke,Female,65-69,YLD,320436.81711981364,320436.8234336756,-0.006313861988019198,-1.97039214169031e-08,recent_2018_2023_damped
2031,ischemic_stroke,Female,65-69,YLL,524762.4736434213,524762.483983292,-0.010339870699681342,-1.9703906081842837e-08,recent_2018_2023_damped
2031,ischemic_stroke,Female,70+,DALY,5079624.078755476,5079623.840126149,0.2386293262243271,4.697775538796607e-08,recent_2018_2023_damped
2031,ischemic_stroke,Female,70+,Deaths,305079.8306222472,305079.816290281,0.014331966172903776,4.697775928666164e-08,recent_2018_2023_damped
2031,ischemic_stroke,Female,70+,YLD,1184872.0775366684,1184872.0218740474,0.05566262104548514,4.697774951040418e-08,recent_2018_2023_damped
2031,ischemic_stroke,Female,70+,YLL,3894752.0012188074,3894751.818252102,0.1829667054116726,4.6977757235834583e-08,recent_2018_2023_damped
2031,ischemic_stroke,Male,20-24,DALY,11704.538710395605,11704.538659611537,5.078406866232399e-05,4.3388355696207735e-09,recent_2018_2023_damped
2031,ischemic_stroke,Male,20-24,Deaths,42.41511949349988,42.41511930946805,1.840318333279356e-07,4.338826256392385e-09,recent_2018_2023_damped
2031,ischemic_stroke,Male,20-24,YLD,8831.396941884617,8831.396903566596,3.8318021324812435e-05,4.3388403605026e-09,recent_2018_2023_damped
2031,ischemic_stroke,Male,20-24,YLL,2873.141768510988,2873.1417560449404,1.2466047792258905e-05,4.338821001793939e-09,recent_2018_2023_damped
2031,ischemic_stroke,Male,25-29,DALY,15502.361440249455,15502.360897429604,0.0005428198510344373,3.5015302161133437e-08,recent_2018_2023_damped
2031,ischemic_stroke,Male,25-29,Deaths,72.97083892623728,72.97083637114089,2.5550963869136467e-06,3.5015309046452937e-08,recent_2018_2023_damped
2031,ischemic_stroke,Male,25-29,YLD,10925.709533956273,10925.70915138927,0.0003825670028163586,3.501530175436831e-08,recent_2018_2023_damped
2031,ischemic_stroke,Male,25-29,YLL,4576.651906293182,4576.651746040333,0.00016025284912757343,3.501530333091706e-08,recent_2018_2023_damped
2031,ischemic_stroke,Male,30-34,DALY,25340.33735343533,25340.33739890858,-4.547325079329312e-05,-1.7945006050018761e-09,recent_2018_2023_damped
2031,ischemic_stroke,Male,30-34,Deaths,169.69494954556873,169.69494985008745,-3.0451872135017766e-07,-1.7945066816613972e-09,recent_2018_2023_damped
2031,ischemic_stroke,Male,30-34,YLD,15662.36619941729,15662.366227523426,-2.810613477777224e-05,-1.794501186441511e-09,recent_2018_2023_damped
2031,ischemic_stroke,Male,30-34,YLL,9677.97115401804,9677.971171385156,-1.7367116015520878e-05,-1.7944996640277466e-09,recent_2018_2023_damped
2031,ischemic_stroke,Male,35-39,DALY,75167.16873141393,75167.16556469107,0.0031667228613514453,4.21290710852476e-08,recent_2018_2023_damped
2031,ischemic_stroke,Male,35-39,Deaths,712.219473848752,712.2194438436094,3.0005142662048456e-05,4.212906979921914e-08,recent_2018_2023_damped
2031,ischemic_stroke,Male,35-39,YLD,37471.704046704544,37471.70246805639,0.001578648152644746,4.212907470618664e-08,recent_2018_2023_damped
2031,ischemic_stroke,Male,35-39,YLL,37695.464684709375,37695.463096634674,0.0015880747014307417,4.212906729278303e-08,recent_2018_2023_damped
2031,ischemic_stroke,Male,40-44,DALY,117001.9711665163,117001.97659958267,-0.005433066369732842,-4.6435680213561626e-08,recent_2018_2023_damped
2031,ischemic_stroke,Male,40-44,Deaths,1510.0052097914734,1510.0052799095936,-7.011812022028607e-05,-4.643567883715225e-08,recent_2018_2023_damped
2031,ischemic_stroke,Male,40-44,YLD,44675.62735189028,44675.62942643343,-0.002074543146591168,-4.6435678091727424e-08,recent_2018_2023_damped
2031,ischemic_stroke,Male,40-44,YLL,72326.34381462603,72326.34717314926,-0.0033585232304176316,-4.643568162480718e-08,recent_2018_2023_damped
2031,ischemic_stroke,Male,45-49,DALY,228063.33098914917,228063.32779344104,0.0031957081228028983,1.4012371711497954e-08,recent_2018_2023_damped
2031,ischemic_stroke,Male,45-49,Deaths,3511.884149915332,3511.8841007055,4.920983201373019e-05,1.4012373587113671e-08,recent_2018_2023_damped
2031,ischemic_stroke,Male,45-49,YLD,78158.41916823619,78158.41807305161,0.001095184576115571,1.401236876483279e-08,recent_2018_2023_damped
2031,ischemic_stroke,Male,45-49,YLL,149904.91182091297,149904.90972038943,0.002100523532135412,1.4012373150775512e-08,recent_2018_2023_damped
2031,ischemic_stroke,Male,50-54,DALY,275499.4674596376,275499.46805366746,-0.0005940298433415592,-2.156192342359956e-09,recent_2018_2023_damped
2031,ischemic_stroke,Male,50-54,Deaths,4991.8444224241775,4991.844433187566,-1.0763388672785368e-05,-2.156194732597537e-09,recent_2018_2023_damped
2031,ischemic_stroke,Male,50-54,YLD,85539.44606120145,85539.44624564156,-0.0001844401122070849,-2.1561995114795657e-09,recent_2018_2023_damped
2031,ischemic_stroke,Male,50-54,YLL,189960.02139843616,189960.0218080259,-0.0004095897311344743,-2.1561891140884727e-09,recent_2018_2023_damped
2031,ischemic_stroke,Male,55-59,DALY,587427.1116470756,587427.1106155313,0.001031544292345643,1.7560379385022708e-09,recent_2018_2023_damped
2031,ischemic_stroke,Male,55-59,Deaths,12412.42433391317,12412.424312116493,2.1796677174279466e-05,1.7560370662645215e-09,recent_2018_2023_damped
2031,ischemic_stroke,Male,55-59,YLD,175856.20457975016,175856.20427093923,0.0003088109369855374,1.7560423202911662e-09,recent_2018_2023_damped
2031,ischemic_stroke,Male,55-59,YLL,411570.90706732543,411570.9063445921,0.0007227333262562752,1.7560359955355032e-09,recent_2018_2023_damped
2031,ischemic_stroke,Male,60-64,DALY,1606051.281158274,1606051.3219513786,-0.04079310456290841,-2.5399627026454e-08,recent_2018_2023_damped
2031,ischemic_stroke,Male,60-64,Deaths,39924.73186480745,39924.732878880735,-0.0010140732847503386,-2.539962603699122e-08,recent_2018_2023_damped
2031,ischemic_stroke,Male,60-64,YLD,432565.8820214369,432565.8930084524,-0.010987015499267727,-2.539963431433333e-08,recent_2018_2023_damped
2031,ischemic_stroke,Male,60-64,YLL,1173485.399136837,1173485.4289429262,-0.029806089121848345,-2.5399624389625036e-08,recent_2018_2023_damped
2031,ischemic_stroke,Male,65-69,DALY,1636742.0373408124,1636742.027239417,0.01010139542631805,6.171647857882281e-09,recent_2018_2023_damped
2031,ischemic_stroke,Male,65-69,Deaths,49815.684414748604,49815.68410730371,0.0003074448977713473,6.171648613900525e-09,recent_2018_2023_damped
2031,ischemic_stroke,Male,65-69,YLD,444105.7999598294,444105.797218969,0.00274086045101285,6.171638533377335e-09,recent_2018_2023_damped
2031,ischemic_stroke,Male,65-69,YLL,1192636.2373809828,1192636.230020448,0.007360534742474556,6.171651134854722e-09,recent_2018_2023_damped
2031,ischemic_stroke,Male,70+,DALY,6864280.81057114,6864281.204905634,-0.39433449413627386,-5.7447310558089956e-08,recent_2018_2023_damped
2031,ischemic_stroke,Male,70+,Deaths,397909.48042907246,397909.5032879037,-0.022858831216581166,-5.744731158140215e-08,recent_2018_2023_damped
2031,ischemic_stroke,Male,70+,YLD,1354249.0555406422,1354249.1333386183,-0.07779797608964145,-5.7447314659044155e-08,recent_2018_2023_damped
2031,ischemic_stroke,Male,70+,YLL,5510031.755030498,5510032.071567016,-0.31653651781380177,-5.744730950790653e-08,recent_2018_2023_damped
2032,coronary_heart_disease,Female,20-24,DALY,18121.037182595825,18121.037804928805,-0.0006223329801287036,-3.434312023560997e-08,recent_2018_2023_damped
2032,coronary_heart_disease,Female,20-24,Deaths,225.08335094777644,225.0833586778428,-7.730066357680698e-06,-3.4343126933451284e-08,recent_2018_2023_damped
2032,coronary_heart_disease,Female,20-24,YLD,2857.8954246506178,2857.895522799616,-9.814899840421276e-05,-3.4343102335688347e-08,recent_2018_2023_damped
2032,coronary_heart_disease,Female,20-24,YLL,15263.141757945206,15263.142282129187,-0.0005241839808149962,-3.4343123527632686e-08,recent_2018_2023_damped
2032,coronary_heart_disease,Female,25-29,DALY,23016.28389516861,23016.283555715698,0.0003394529121578671,1.4748380699088572e-08,recent_2018_2023_damped
2032,coronary_heart_disease,Female,25-29,Deaths,286.5468024823519,286.5467982562529,4.226099008519668e-06,1.4748372811132773e-08,recent_2018_2023_damped
2032,coronary_heart_disease,Female,25-29,YLD,5020.305311330515,5020.305237289132,7.404138341371436e-05,1.4748382800264807e-08,recent_2018_2023_damped
2032,coronary_heart_disease,Female,25-29,YLL,17995.978583838096,17995.978318426565,0.00026541153056314215,1.4748380214004824e-08,recent_2018_2023_damped
2032,coronary_heart_disease,Female,30-34,DALY,37740.85511921857,37740.85484271772,0.00027650084666674957,7.32630057848575e-09,recent_2018_2023_damped
2032,coronary_heart_disease,Female,30-34,Deaths,512.5390560952659,512.5390523402511,3.75501474536577e-06,7.326299777978651e-09,recent_2018_2023_damped
2032,coronary_heart_disease,Female,30-34,YLD,8561.602960687325,8561.602897962424,6.272490099945571e-05,7.326303467588249e-09,recent_2018_2023_damped
2032,coronary_heart_disease,Female,30-34,YLL,29179.252158531246,29179.25194475529,0.00021377595476224087,7.326300042474707e-09,recent_2018_2023_damped
2032,coronary_heart_disease,Female,35-39,DALY,125694.69260135893,125694.69161396306,0.0009873958624666557,7.855509646335523e-09,recent_2018_2023_damped
2032,coronary_heart_disease,Female,35-39,Deaths,1874.4983130332737,1874.498298308144,1.4725129631187883e-05,7.855504400552545e-09,recent_2018_2023_damped
2032,coronary_heart_disease,Female,35-39,YLD,26441.2894051396,26441.289197429596,0.00020771000345121138,7.855517251836693e-09,recent_2018_2023_damped
2032,coronary_heart_disease,Female,35-39,YLL,99253.40319621933,99253.40241653348,0.0007796858408255503,7.855507436948794e-09,recent_2018_2023_damped
2032,coronary_heart_disease,Female,40-44,DALY,153395.17414367077,153395.17541213267,-0.0012684618995990604,-8.26924247252911e-09,recent_2018_2023_damped
2032,coronary_heart_disease,Female,40-44,Deaths,2582.6387299671605,2582.6387513236264,-2.1356465822464088e-05,-8.269242383015705e-09,recent_2018_2023_damped
2032,coronary_heart_disease,Female,40-44,YLD,29598.903107841543,29598.90335260189,-0.00024476034741383046,-8.269237021996452e-09,recent_2018_2023_damped
2032,coronary_heart_disease,Female,40-44,YLL,123796.27103582924,123796.27205953076,-0.0010237015230813995,-8.269243540622331e-09,recent_2018_2023_damped
2032,coronary_heart_disease,Female,45-49,DALY,316784.26263203006,316784.2708313204,-0.008199290314223617,-2.5882883303222883e-08,recent_2018_2023_damped
2032,coronary_heart_disease,Female,45-49,Deaths,6011.58095719002,6011.581112787089,-0.00015559706935164286,-2.5882886121369314e-08,recent_2018_2023_damped
2032,coronary_heart_disease,Female,45-49,YLD,60806.00841453661,60806.00998837165,-0.0015738350339233875,-2.588288615260832e-08,recent_2018_2023_damped
2032,coronary_heart_disease,Female,45-49,YLL,255978.25421749346,255978.26084294877,-0.00662545530940406,-2.5882882740065957e-08,recent_2018_2023_damped
2032,coronary_heart_disease,Female,50-54,DALY,327955.8054839301,327955.8083432185,-0.0028592884191311896,-8.718517392864203e-09,recent_2018_2023_damped
2032,coronary_heart_disease,Female,50-54,Deaths,7099.211290130778,7099.211352025381,-6.189460236782907e-05,-8.718518057667173e-09,recent_2018_2023_damped
2032,coronary_heart_disease,Female,50-54,YLD,57977.97108472601,57977.97159020802,-0.0005054820139775984,-8.718518432317317e-09,recent_2018_2023_damped
2032,coronary_heart_disease,Female,50-54,YLL,269977.8343992041,269977.8367530105,-0.0023538063978776336,-8.718517142690552e-09,recent_2018_2023_damped
2032,coronary_heart_disease,Female,55-59,DALY,633024.5552724538,633024.5671939469,-0.011921493103727698,-1.883259153206794e-08,recent_2018_2023_damped
2032,coronary_heart_disease,Female,55-59,Deaths,15803.68700526545,15803.687302889894,-0.00029762444319203496,-1.883259504493048e-08,recent_2018_2023_damped
2032,coronary_heart_disease,Female,55-59,YLD,109971.87733129635,109971.87940235158,-0.0020710552344098687,-1.883258925522721e-08,recent_2018_2023_damped
2032,coronary_heart_disease,Female,55-59,YLL,523052.6779411575,523052.6877915953,-0.009850437811110169,-1.8832591899489426e-08,recent_2018_2023_damped
2032,coronary_heart_disease,Female,60-64,DALY,1808779.510466873,1808779.61226108,-0.1017942070029676,-5.6277838556417e-08,recent_2018_2023_damped
2032,coronary_heart_disease,Female,60-64,Deaths,51908.03377843899,51908.036699711214,-0.0029212722220108844,-5.6277840730337944e-08,recent_2018_2023_damped
2032,coronary_heart_disease,Female,60-64,YLD,277304.4648287445,277304.4804348445,-0.015606100030709058,-5.6277850275758056e-08,recent_2018_2023_damped
2032,coronary_heart_disease,Female,60-64,YLL,1531475.0456381284,1531475.1318262352,-0.08618810679763556,-5.627783632037106e-08,recent_2018_2023_damped
2032,coronary_heart_disease,Female,65-69,DALY,1714307.0868420005,1714307.124842864,-0.03800086351111531,-2.2166893528251848e-08,recent_2018_2023_damped
2032,coronary_heart_disease,Female,65-69,Deaths,60958.779450283764,60958.780801550594,-0.0013512668301700614,-2.2166893963464728e-08,recent_2018_2023_damped
2032,coronary_heart_disease,Female,65-69,YLD,261421.02663191615,261421.03242681123,-0.0057948950852733105,-2.216690459630741e-08,recent_2018_2023_damped
2032,coronary_heart_disease,Female,65-69,YLL,1452886.0602100843,1452886.0924160527,-0.03220596839673817,-2.2166891516720208e-08,recent_2018_2023_damped
2032,coronary_heart_disease,Female,70+,DALY,12107120.400542997,12107119.781808903,0.6187340933829546,5.110497827176123e-08,recent_2018_2023_damped
2032,coronary_heart_disease,Female,70+,Deaths,933994.5737028108,933994.5259710388,0.04773177194874734,5.110498040566396e-08,recent_2018_2023_damped
2032,coronary_heart_disease,Female,70+,YLD,929935.4068170164,929935.3592927,0.047524316469207406,5.1104967667165547e-08,recent_2018_2023_damped
2032,coronary_heart_disease,Female,70+,YLL,11177184.99372598,11177184.422516206,0.5712097734212875,5.110497884159425e-08,recent_2018_2023_damped
2032,coronary_heart_disease,Male,20-24,DALY,64307.615340279364,64307.61502638155,0.00031389781361212954,4.881191962776977e-09,recent_2018_2023_damped
2032,coronary_heart_disease,Male,20-24,Deaths,821.0510406814518,821.0510366737489,4.007702955277637e-06,4.881186158065993e-09,recent_2018_2023_damped
2032,coronary_heart_disease,Male,20-24,YLD,8663.356016142287,8663.355973854717,4.228756915836129e-05,4.881199535835955e-09,recent_2018_2023_damped
2032,coronary_heart_disease,Male,20-24,YLL,55644.25932413708,55644.25905252683,0.00027161024627275765,4.881190816403255e-09,recent_2018_2023_damped
2032,coronary_heart_disease,Male,25-29,DALY,100395.98502308165,100395.98120353874,0.003819542907876894,3.804477890537578e-08,recent_2018_2023_damped
2032,coronary_heart_disease,Male,25-29,Deaths,1345.467952231482,1345.4679010434554,5.1188026645831997e-05,3.80447772898439e-08,recent_2018_2023_damped
2032,coronary_heart_disease,Male,25-29,YLD,16003.515253560927,16003.51464471075,0.0006088501759222709,3.8044778877588565e-08,recent_2018_2023_damped
2032,coronary_heart_disease,Male,25-29,YLL,84392.46976952073,84392.46655882799,0.0032106927392305806,3.804477899686085e-08,recent_2018_2023_damped
2032,coronary_heart_disease,Male,30-34,DALY,182015.99879335612,182015.9991608112,-0.00036745506804436445,-2.018806422174557e-09,recent_2018_2023_damped
2032,coronary_heart_disease,Male,30-34,Deaths,2734.092615149114,2734.092620668728,-5.519614205695689e-06,-2.0188102495026863e-09,recent_2018_2023_damped
2032,coronary_heart_disease,Male,30-34,YLD,26208.41485768197,26208.414910591797,-5.2909825171809644e-05,-2.018810574859558e-09,recent_2018_2023_damped
2032,coronary_heart_disease,Male,30-34,YLL,155807.58393567416,155807.58425021937,-0.00031454520649276674,-2.018805490159083e-09,recent_2018_2023_damped
2032,coronary_heart_disease,Male,35-39,DALY,625107.5069353015,625107.4779742983,0.02896100317593664,4.632963801646825e-08,recent_2018_2023_damped
2032,coronary_heart_disease,Male,35-39,Deaths,10609.288666484166,10609.288174959724,0.0004915244426229037,4.632963442194082e-08,recent_2018_2023_damped
2032,coronary_heart_disease,Male,35-39,YLD,63493.841796644614,63493.83885499766,0.0029416469551506452,4.632964407568035e-08,recent_2018_2023_damped
2032,coronary_heart_disease,Male,35-39,YLL,561613.6651386569,561613.6391193006,0.026019356213510036,4.6329637318482005e-08,recent_2018_2023_damped
2032,coronary_heart_disease,Male,40-44,DALY,789181.2046310836,789181.2448822882,-0.04025120451115072,-5.1003752017896044e-08,recent_2018_2023_damped
2032,coronary_heart_disease,Male,40-44,Deaths,15112.685128879535,15112.685899683229,-0.000770803693740163,-5.100375266558802e-08,recent_2018_2023_damped
2032,coronary_heart_disease,Male,40-44,YLD,64860.902417752906,64860.90572590248,-0.0033081495712394826,-5.1003752325314185e-08,recent_2018_2023_damped
2032,coronary_heart_disease,Male,40-44,YLL,724320.3022133308,724320.3391563856,-0.03694305487442762,-5.100375189996061e-08,recent_2018_2023_damped
2032,coronary_heart_disease,Male,45-49,DALY,1226535.9624583533,1226535.9431233318,0.019335021497681737,1.5763925717860146e-08,recent_2018_2023_damped
2032,coronary_heart_disease,Male,45-49,Deaths,26249.411740167623,26249.411326373905,0.00041379371759830974,1.576392371064541e-08,recent_2018_2023_damped
2032,coronary_heart_disease,Male,45-49,YLD,106510.40621243702,106510.40453341589,0.0016790211375337094,1.576391663226614e-08,recent_2018_2023_damped
2032,coronary_heart_disease,Male,45-49,YLL,1120025.5562459163,1120025.538589916,0.017656000331044197,1.576392655588252e-08,recent_2018_2023_damped
2032,coronary_heart_disease,Male,50-54,DALY,1141217.885911087,1141217.88867935,-0.0027682629879564047,-2.425709424481523e-09,recent_2018_2023_damped
2032,coronary_heart_disease,Male,50-54,Deaths,27513.41284441617,27513.412911155687,-6.673951793345623e-05,-2.4257084407872852e-09,recent_2018_2023_damped
2032,coronary_heart_disease,Male,50-54,YLD,94626.95935897947,94626.95958851838,-0.00022953891311772168,-2.425724276843118e-09,recent_2018_2023_damped
2032,coronary_heart_disease,Male,50-54,YLL,1046590.9265521076,1046590.9290908315,-0.0025387239875271916,-2.425707998188527e-09,recent_2018_2023_damped
2032,coronary_heart_disease,Male,55-59,DALY,1859524.3950611341,1859524.389340337,0.005720797227695584,3.076484105554016e-09,recent_2018_2023_damped
2032,coronary_heart_disease,Male,55-59,Deaths,51938.76991331383,51938.76975352496,0.00015978886949596927,3.0764854511234314e-09,recent_2018_2023_damped
2032,coronary_heart_disease,Male,55-59,YLD,139255.15899141753,139255.15856300088,0.00042841664981096983,3.076486747290934e-09,recent_2018_2023_damped
2032,coronary_heart_disease,Male,55-59,YLL,1720269.2360697165,1720269.2307773358,0.005292380694299936,3.0764839593791228e-09,recent_2018_2023_damped
2032,coronary_heart_disease,Male,60-64,DALY,4245572.254570971,4245572.375886385,-0.12131541408598423,-2.8574572129548526e-08,recent_2018_2023_damped
2032,coronary_heart_disease,Male,60-64,Deaths,133197.4025801221,133197.406386181,-0.003806058899499476,-2.8574572153939085e-08,recent_2018_2023_damped
2032,coronary_heart_disease,Male,60-64,YLD,320148.8181252564,320148.8272733771,-0.00914812070550397,-2.8574587586080185e-08,recent_2018_2023_damped
2032,coronary_heart_disease,Male,60-64,YLL,3925423.436445715,3925423.5486130086,-0.11216729367151856,-2.8574570943090012e-08,recent_2018_2023_damped
2032,coronary_heart_disease,Male,65-69,DALY,3553140.6330711017,3553140.6084012524,0.024669849313795567,6.9431109074222225e-09,recent_2018_2023_damped
2032,coronary_heart_disease,Male,65-69,Deaths,136298.22841622928,136298.22746989544,0.000946333835599944,6.943111830335162e-09,recent_2018_2023_damped
2032,coronary_heart_disease,Male,65-69,YLD,293653.57278856233,293653.5707496974,0.0020388649427331984,6.943096034991086e-09,recent_2018_2023_damped
2032,coronary_heart_disease,Male,65-69,YLL,3259487.0602825396,3259487.037651555,0.02263098442927003,6.9431122651665905e-09,recent_2018_2023_damped
2032,coronary_heart_disease,Male,70+,DALY,14092379.691174485,14092380.570299055,-0.8791245706379414,-6.238297115611357e-08,recent_2018_2023_damped
2032,coronary_heart_disease,Male,70+,Deaths,1018723.5250114442,1018723.5885624478,-0.0635510035790503,-6.238297050599278e-08,recent_2018_2023_damped
2032,coronary_heart_disease,Male,70+,YLD,750348.9022639688,750348.9490729758,-0.046809006948024035,-6.238298461782957e-08,recent_2018_2023_damped
2032,coronary_heart_disease,Male,70+,YLL,13342030.788910516,13342031.621226082,-0.8323155660182238,-6.238297057354277e-08,recent_2018_2023_damped
2032,ischemic_stroke,Female,20-24,DALY,10433.699881644176,10433.700239969949,-0.000358325773049728,-3.4343115559045437e-08,recent_2018_2023_damped
2032,ischemic_stroke,Female,20-24,Deaths,19.83367728457289,19.83367796572335,-6.811504604797847e-07,-3.434312393581019e-08,recent_2018_2023_damped
2032,ischemic_stroke,Female,20-24,YLD,9088.911924843349,9088.912236984894,-0.00031214154478220735,-3.434311352595429e-08,recent_2018_2023_damped
2032,ischemic_stroke,Female,20-24,YLL,1344.7879568008261,1344.788002985055,-4.618422894964169e-05,-3.4343129807170766e-08,recent_2018_2023_damped
2032,ischemic_stroke,Female,25-29,DALY,11933.553515578691,11933.553339578182,0.0001760005088726757,1.4748374089799547e-08,recent_2018_2023_damped
2032,ischemic_stroke,Female,25-29,Deaths,27.44486186585516,27.444861461088063,4.04767096284786e-07,1.474837454940969e-08,recent_2018_2023_damped
2032,ischemic_stroke,Female,25-29,YLD,10210.12675315453,10210.126602571772,0.00015058275857882109,1.4748373300375299e-08,recent_2018_2023_damped
2032,ischemic_stroke,Female,25-29,YLL,1723.4267624241606,1723.426737006409,2.5417751658096677e-05,1.474837955818609e-08,recent_2018_2023_damped
2032,ischemic_stroke,Female,30-34,DALY,16377.689408000595,16377.689288012867,0.0001199877278850181,7.326291626062251e-09,recent_2018_2023_damped
2032,ischemic_stroke,Female,30-34,Deaths,50.092794718460766,50.09279435146622,3.6699454852850977e-07,7.326294196198457e-09,recent_2018_2023_damped
2032,ischemic_stroke,Female,30-34,YLD,13525.535275634911,13525.535176542897,9.909201435220893e-05,7.326291570633191e-09,recent_2018_2023_damped
2032,ischemic_stroke,Female,30-34,YLL,2852.1541323656834,2852.1541114699703,2.0895713078061817e-05,7.326291729478947e-09,recent_2018_2023_damped
2032,ischemic_stroke,Female,35-39,DALY,47729.73868199878,47729.73830705761,0.0003749411698663607,7.855504412244381e-09,recent_2018_2023_damped
2032,ischemic_stroke,Female,35-39,Deaths,228.45645893519705,228.45645714055703,1.7946400134860596e-06,7.855501376272826e-09,recent_2018_2023_damped
2032,ischemic_stroke,Female,35-39,YLD,35634.172961455515,35634.172681531134,0.00027992438117507845,7.855503863575335e-09,recent_2018_2023_damped
2032,ischemic_stroke,Female,35-39,YLL,12095.565720543267,12095.565625526478,9.501678869128227e-05,7.855506028652258e-09,recent_2018_2023_damped
2032,ischemic_stroke,Female,40-44,DALY,55537.30011698142,55537.300576233145,-0.00045925172162242234,-8.26924817838475e-09,recent_2018_2023_damped
2032,ischemic_stroke,Female,40-44,Deaths,399.32894054057095,399.3289438427208,-3.3021498211383005e-06,-8.269247376265522e-09,recent_2018_2023_damped
2032,ischemic_stroke,Female,40-44,YLD,36399.59896094967,36399.59926194702,-0.00030099735158728436,-8.269249049177141e-09,recent_2018_2023_damped
2032,ischemic_stroke,Female,40-44,YLL,19137.701156031755,19137.70131428612,-0.00015825436639715917,-8.269246332056803e-09,recent_2018_2023_damped
2032,ischemic_stroke,Female,45-49,DALY,117579.89260225327,117579.89564556118,-0.0030433079082285985,-2.588289342765281e-08,recent_2018_2023_damped
2032,ischemic_stroke,Female,45-49,Deaths,1130.9276276519456,1130.9276569236154,-2.9271669745867257e-05,-2.5882884344249715e-08,recent_2018_2023_damped
2032,ischemic_stroke,Female,45-49,YLD,69408.44332492365,69408.4451214151,-0.0017964914586627856,-2.5882894444908125e-08,recent_2018_2023_damped
2032,ischemic_stroke,Female,45-49,YLL,48171.44927732963,48171.45052414607,-0.0012468164422898553,-2.5882891810884647e-08,recent_2018_2023_damped
2032,ischemic_stroke,Female,50-54,DALY,125981.18392058072,125981.18501895064,-0.0010983699175994843,-8.718523463914574e-09,recent_2018_2023_damped
2032,ischemic_stroke,Female,50-54,Deaths,1596.322554580955,1596.3225684985275,-1.3917572459831717e-05,-8.718521390649972e-09,recent_2018_2023_damped
2032,ischemic_stroke,Female,50-54,YLD,65275.31296172553,65275.31353083013,-0.000569104595342651,-8.71852718216141e-09,recent_2018_2023_damped
2032,ischemic_stroke,Female,50-54,YLL,60705.87095885519,60705.8714881205,-0.0005292653149808757,-8.718519345932581e-09,recent_2018_2023_damped
2032,ischemic_stroke,Female,55-59,DALY,276907.6393065241,276907.6445214144,-0.00521489029051736,-1.883259777652715e-08,recent_2018_2023_damped
2032,ischemic_stroke,Female,55-59,Deaths,4360.213913502834,4360.213995616984,-8.211415024561575e-05,-1.8832596365260814e-08,recent_2018_2023_damped
2032,ischemic_stroke,Female,55-59,YLD,132630.6295635637,132630.63206134303,-0.0024977793218567967,-1.8832597591041774e-08,recent_2018_2023_damped
2032,ischemic_stroke,Female,55-59,YLL,144277.00974296042,144277.01246007136,-0.0027171109395567328,-1.8832597745317834e-08,recent_2018_2023_damped
2032,ischemic_stroke,Female,60-64,DALY,831238.349825898,831238.3966062039,-0.04678030591458082,-5.627784532761763e-08,recent_2018_2023_damped
2032,ischemic_stroke,Female,60-64,Deaths,16215.33209324329,16215.333005807166,-0.0009125638753175735,-5.627783746351424e-08,recent_2018_2023_damped
2032,ischemic_stroke,Female,60-64,YLD,352994.00590808707,352994.0257738336,-0.019865746551658958,-5.627785486768299e-08,recent_2018_2023_damped
2032,ischemic_stroke,Female,60-64,YLL,478244.34391781094,478244.3708323704,-0.026914559479337186,-5.6277838529480604e-08,recent_2018_2023_damped
2032,ischemic_stroke,Female,65-69,DALY,864026.6981987341,864026.7173515289,-0.01915279484819621,-2.2166901165862793e-08,recent_2018_2023_damped
2032,ischemic_stroke,Female,65-69,Deaths,22163.58152780966,22163.58201910756,-0.0004912979020446073,-2.2166899809834526e-08,recent_2018_2023_damped
2032,ischemic_stroke,Female,65-69,YLD,336045.53008399764,336045.5375330894,-0.0074490917613729835,-2.2166911711004327e-08,recent_2018_2023_damped
2032,ischemic_stroke,Female,65-69,YLL,527981.1681147364,527981.1798184395,-0.011703703086823225,-2.2166894454169476e-08,recent_2018_2023_damped
2032,ischemic_stroke,Female,70+,DALY,5049107.194076544,5049106.936042086,0.25803445745259523,5.11049697938987e-08,recent_2018_2023_damped
2032,ischemic_stroke,Female,70+,Deaths,300809.89465471514,300809.8792818341,0.015372881025541574,5.110497388664037e-08,recent_2018_2023_damped
2032,ischemic_stroke,Female,70+,YLD,1210906.7962414923,1210906.734358148,0.06188334431499243,5.11049633791939e-08,recent_2018_2023_damped
2032,ischemic_stroke,Female,70+,YLL,3838200.3978350516,3838200.201683938,0.1961511136032641,5.1104971938984965e-08,recent_2018_2023_damped
2032,ischemic_stroke,Male,20-24,DALY,11675.194334160271,11675.194277171428,5.69888434256427e-05,4.881190160327636e-09,recent_2018_2023_damped
2032,ischemic_stroke,Male,20-24,Deaths,41.34470106367781,41.34470086186691,2.0181089865900503e-07,4.881179315657825e-09,recent_2018_2023_damped
2032,ischemic_stroke,Male,20-24,YLD,8873.92921016001,8873.929166844628,4.3315381844877265e-05,4.881195356698937e-09,recent_2018_2023_damped
2032,ischemic_stroke,Male,20-24,YLL,2801.265124000261,2801.2651103267995,1.3673461580765434e-05,4.881173699111352e-09,recent_2018_2023_damped
2032,ischemic_stroke,Male,25-29,DALY,15263.259085675058,15263.258504987867,0.0005806871904496802,3.8044772042609246e-08,recent_2018_2023_damped
2032,ischemic_stroke,Male,25-29,Deaths,70.22842198812508,70.22841931630032,2.6718247596591027e-06,3.8044779957605574e-08,recent_2018_2023_damped
2032,ischemic_stroke,Male,25-29,YLD,10857.13220449705,10857.13179143995,0.0004130570996494498,3.804477163804118e-08,recent_2018_2023_damped
2032,ischemic_stroke,Male,25-29,YLL,4406.126881178009,4406.1267135479175,0.0001676300917097251,3.804477324592088e-08,recent_2018_2023_damped
2032,ischemic_stroke,Male,30-34,DALY,24137.647313299043,24137.64736202844,-4.8729398258728907e-05,-2.0188130818161834e-09,recent_2018_2023_damped
2032,ischemic_stroke,Male,30-34,Deaths,158.5125342459348,158.51253456594304,-3.200082403509441e-07,-2.0188197812067474e-09,recent_2018_2023_damped
2032,ischemic_stroke,Male,30-34,YLD,15106.397463034717,15106.397493531718,-3.049700171686709e-05,-2.0188136668537515e-09,recent_2018_2023_damped
2032,ischemic_stroke,Male,30-34,YLL,9031.249850264325,9031.24986849672,-1.8232394722872414e-05,-2.0188119018245315e-09,recent_2018_2023_damped
2032,ischemic_stroke,Male,35-39,DALY,73701.13220020433,73701.12878565791,0.0034145464160246775,4.632963527539813e-08,recent_2018_2023_damped
2032,ischemic_stroke,Male,35-39,Deaths,692.7948754095081,692.7948433125765,3.209693159078597e-05,4.632963409097492e-08,recent_2018_2023_damped
2032,ischemic_stroke,Male,35-39,YLD,37020.91175127851,37020.91003611309,0.0017151654174085706,4.632963953980235e-08,recent_2018_2023_damped
2032,ischemic_stroke,Male,35-39,YLL,36680.22044892583,36680.21874954482,0.0016993810058920644,4.632963116974739e-08,recent_2018_2023_damped
2032,ischemic_stroke,Male,40-44,DALY,110031.73925301817,110031.74486505044,-0.0056120322697097436,-5.100375602143434e-08,recent_2018_2023_damped
2032,ischemic_stroke,Male,40-44,Deaths,1411.0884576140181,1411.0885295848311,-7.19708129963692e-05,-5.100375453944366e-08,recent_2018_2023_damped
2032,ischemic_stroke,Male,40-44,YLD,42415.88862225585,42415.890785625495,-0.002163369645131752,-5.100375366547543e-08,recent_2018_2023_damped
2032,ischemic_stroke,Male,40-44,YLL,67615.85063076232,67615.85407942496,-0.003448662639129907,-5.100375771455812e-08,recent_2018_2023_damped
2032,ischemic_stroke,Male,45-49,DALY,233010.7915789331,233010.7879057701,0.0036731630098074675,1.5763918240956725e-08,recent_2018_2023_damped
2032,ischemic_stroke,Male,45-49,Deaths,3550.4484574417334,3550.448401472747,5.5968986544030486e-05,1.576392055741867e-08,recent_2018_2023_damped
2032,ischemic_stroke,Male,45-49,YLD,81512.44928303364,81512.44799807835,0.0012849552877014503,1.5763914828465744e-08,recent_2018_2023_damped
2032,ischemic_stroke,Male,45-49,YLL,151498.34229589946,151498.33990769178,0.0023882076784502715,1.5763919788859805e-08,recent_2018_2023_damped
2032,ischemic_stroke,Male,50-54,DALY,273138.5646285697,273138.5652911264,-0.0006625566747970879,-2.425716317616657e-09,recent_2018_2023_damped
2032,ischemic_stroke,Male,50-54,Deaths,4903.695061781428,4903.695073676415,-1.1894986528204754e-05,-2.4257190444117083e-09,recent_2018_2023_damped
2032,ischemic_stroke,Male,50-54,YLD,86577.23162836795,86577.23183838045,-0.00021001249842811376,-2.4257243384745566e-09,recent_2018_2023_damped
2032,ischemic_stroke,Male,50-54,YLL,186561.33300020173,186561.33345274592,-0.0004525441909208894,-2.4257126733901385e-09,recent_2018_2023_damped
2032,ischemic_stroke,Male,55-59,DALY,540337.8732400724,540337.8715777344,0.0016623380361124873,3.0764788543483377e-09,recent_2018_2023_damped
2032,ischemic_stroke,Male,55-59,Deaths,11377.381304931432,11377.38126992917,3.500226193864364e-05,3.0764778913717066e-09,recent_2018_2023_damped
2032,ischemic_stroke,Male,55-59,YLD,163506.97525928266,163506.9747562561,0.0005030265601817518,3.076483807076891e-09,recent_2018_2023_damped
2032,ischemic_stroke,Male,55-59,YLL,376830.8979807897,376830.8968214782,0.001159311505034566,3.0764767825919116e-09,recent_2018_2023_damped
2032,ischemic_stroke,Male,60-64,DALY,1628344.4735385492,1628344.5200678108,-0.04652926162816584,-2.8574580535468118e-08,recent_2018_2023_damped
2032,ischemic_stroke,Male,60-64,Deaths,40096.485721191006,40096.48686693126,-0.0011457402506493963,-2.8574579475049268e-08,recent_2018_2023_damped
2032,ischemic_stroke,Male,60-64,YLD,447522.383119644,447522.3959074125,-0.012787768500857055,-2.8574588931863658e-08,recent_2018_2023_damped
2032,ischemic_stroke,Male,60-64,YLL,1180822.0904189053,1180822.1241603985,-0.03374149324372411,-2.857457745188791e-08,recent_2018_2023_damped
2032,ischemic_stroke,Male,65-69,DALY,1680261.8999795292,1680261.8883132965,0.011666232720017433,6.94310381087581e-09,recent_2018_2023_damped
2032,ischemic_stroke,Male,65-69,Deaths,50699.13709678162,50699.1367447722,0.000352009417838417,6.943104763508901e-09,recent_2018_2023_damped
2032,ischemic_stroke,Male,65-69,YLD,467970.5163869843,467970.5131378214,0.003249162924475968,6.94309327886875e-09,recent_2018_2023_damped
2032,ischemic_stroke,Male,65-69,YLL,1212291.3835925448,1212291.3751754751,0.008417069679126143,6.943107780427622e-09,recent_2018_2023_damped
2032,ischemic_stroke,Male,70+,DALY,6907515.695287757,6907516.126199159,-0.4309114022180438,-6.238297447959076e-08,recent_2018_2023_damped
2032,ischemic_stroke,Male,70+,Deaths,398367.89482526685,398367.9196766432,-0.024851376365404576,-6.238297598254531e-08,recent_2018_2023_damped
2032,ischemic_stroke,Male,70+,YLD,1393182.0538563838,1393182.140767237,-0.08691085316240788,-6.238297966879288e-08,recent_2018_2023_damped
2032,ischemic_stroke,Male,70+,YLL,5514333.641431373,5514333.985431922,-0.34400054905563593,-6.238297316855235e-08,recent_2018_2023_damped
2033,coronary_heart_disease,Female,20-24,DALY,17893.213784209245,17893.21444006752,-0.0006558582754223607,-3.6654021982418374e-08,recent_2018_2023_damped
2033,coronary_heart_disease,Female,20-24,Deaths,221.72555183771476,221.72555996485,-8.12713523146158e-06,-3.6654029570384077e-08,recent_2018_2023_damped
2033,coronary_heart_disease,Female,20-24,YLD,2853.9973701768063,2853.997474787236,-0.00010461042984388769,-3.6654002243532586e-08,recent_2018_2023_damped
2033,coronary_heart_disease,Female,20-24,YLL,15039.21641403244,15039.216965280286,-0.0005512478455784731,-3.6654025728273644e-08,recent_2018_2023_damped
2033,coronary_heart_disease,Female,25-29,DALY,22636.23614568074,22636.235774738718,0.00037094202343723737,1.6387089581881643e-08,recent_2018_2023_damped
2033,coronary_heart_disease,Female,25-29,Deaths,280.3662444377349,280.36623984335057,4.594384336087387e-06,1.63870811929939e-08,recent_2018_2023_damped
2033,coronary_heart_disease,Female,25-29,YLD,5021.354038709518,5021.353956424129,8.228538899857085e-05,1.638709195022949e-08,recent_2018_2023_damped
2033,coronary_heart_disease,Female,25-29,YLL,17614.882106971225,17614.881818314585,0.0002886566398956347,1.6387089216545976e-08,recent_2018_2023_damped
2033,coronary_heart_disease,Female,30-34,DALY,35850.82935102245,35850.82905918472,0.0002918377285823226,8.140334163556978e-09,recent_2018_2023_damped
2033,coronary_heart_disease,Female,30-34,Deaths,484.26861999143546,484.2686160493277,3.942107753118762e-06,8.14033291126431e-09,recent_2018_2023_damped
2033,coronary_heart_disease,Female,30-34,YLD,8310.12710601737,8310.127038370132,6.76472373015713e-05,8.140337324474761e-09,recent_2018_2023_damped
2033,coronary_heart_disease,Female,30-34,YLL,27540.702245005075,27540.702020814584,0.0002241904912807513,8.14033320978215e-09,recent_2018_2023_damped
2033,coronary_heart_disease,Female,35-39,DALY,124918.80598547483,124918.8048951405,0.0010903343209065497,8.72834415780554e-09,recent_2018_2023_damped
2033,coronary_heart_disease,Female,35-39,Deaths,1854.6534309647816,1854.6534147767388,1.618804276404262e-05,8.728338478265665e-09,recent_2018_2023_damped
2033,coronary_heart_disease,Female,35-39,YLD,26682.86939202863,26682.869159131147,0.00023289748423849232,8.728352369062698e-09,recent_2018_2023_damped
2033,coronary_heart_disease,Female,35-39,YLL,98235.9365934462,98235.93573600936,0.0008574368403060362,8.728341964494915e-09,recent_2018_2023_damped
2033,coronary_heart_disease,Female,40-44,DALY,142647.4503102104,142647.4516208619,-0.001310651481617242,-9.188046941776295e-09,recent_2018_2023_damped
2033,coronary_heart_disease,Female,40-44,Deaths,2389.310093856552,2389.310115809646,-2.1953093892079778e-05,-9.188047104819087e-09,recent_2018_2023_damped
2033,coronary_heart_disease,Female,40-44,YLD,28065.116022496448,28065.116280359885,-0.00025786343758227304,-9.188040947570461e-09,recent_2018_2023_damped
2033,coronary_heart_disease,Female,40-44,YLL,114582.33428771397,114582.335340502,-0.0010527880367590114,-9.18804834646163e-09,recent_2018_2023_damped
2033,coronary_heart_disease,Female,45-49,DALY,327685.4843115829,327685.49336060253,-0.009049019601661712,-2.7614953316543953e-08,recent_2018_2023_damped
2033,coronary_heart_disease,Female,45-49,Deaths,6174.585604729404,6174.585775240318,-0.00017051091435860144,-2.7614955976859042e-08,recent_2018_2023_damped
2033,coronary_heart_disease,Female,45-49,YLD,64890.657682217854,64890.6594741706,-0.0017919527454068884,-2.7614956604350218e-08,recent_2018_2023_damped
2033,coronary_heart_disease,Female,45-49,YLL,262794.8266293651,262794.83388643194,-0.007257066841702908,-2.7614952449328152e-08,recent_2018_2023_damped
2033,coronary_heart_disease,Female,50-54,DALY,329070.23238572554,329070.2355735084,-0.0031877828878350556,-9.687241637881168e-09,recent_2018_2023_damped
2033,coronary_heart_disease,Female,50-54,Deaths,7079.717610793261,7079.717679376203,-6.858294182165992e-05,-9.687242475988504e-09,recent_2018_2023_damped
2033,coronary_heart_disease,Female,50-54,YLD,59897.36997178594,59897.370552026296,-0.0005802403538837098,-9.687242503904548e-09,recent_2018_2023_damped
2033,coronary_heart_disease,Female,50-54,YLL,269172.8624139396,269172.8650214821,-0.0026075424975715578,-9.687241310016355e-09,recent_2018_2023_damped
2033,coronary_heart_disease,Female,55-59,DALY,590730.4400758846,590730.4524369792,-0.012361094588413835,-2.092510135108119e-08,recent_2018_2023_damped
2033,coronary_heart_disease,Female,55-59,Deaths,14700.695979687924,14700.696287301544,-0.0003076136199524626,-2.0925105446752147e-08,recent_2018_2023_damped
2033,coronary_heart_disease,Female,55-59,YLD,104752.02170715992,104752.02389910644,-0.002191946521634236,-2.092509948777165e-08,recent_2018_2023_damped
2033,coronary_heart_disease,Female,55-59,YLL,485978.41836872464,485978.4285378728,-0.01016914815409109,-2.0925101932376403e-08,recent_2018_2023_damped
2033,coronary_heart_disease,Female,60-64,DALY,1838224.0666866852,1838224.1789513985,-0.11226471327245235,-6.107237330350694e-08,recent_2018_2023_damped
2033,coronary_heart_disease,Female,60-64,Deaths,52368.959885051394,52368.96308334839,-0.003198296995833516,-6.107237584107274e-08,recent_2018_2023_damped
2033,coronary_heart_disease,Female,60-64,YLD,289768.0509824143,289768.0686792417,-0.017696827417239547,-6.107238626361217e-08,recent_2018_2023_damped
2033,coronary_heart_disease,Female,60-64,YLL,1548456.015704271,1548456.1102721563,-0.09456788538955152,-6.107237057751045e-08,recent_2018_2023_damped
2033,coronary_heart_disease,Female,65-69,DALY,1689863.5619601356,1689863.6035812765,-0.04162114090286195,-2.4629881852390654e-08,recent_2018_2023_damped
2033,coronary_heart_disease,Female,65-69,Deaths,59805.866463076236,59805.86793608771,-0.0014730114708072506,-2.462988201059807e-08,recent_2018_2023_damped
2033,coronary_heart_disease,Female,65-69,YLD,266323.12793826696,266323.1344977776,-0.006559510657098144,-2.4629894317922582e-08,recent_2018_2023_damped
2033,coronary_heart_disease,Female,65-69,YLL,1423540.4340218685,1423540.4690834987,-0.03506163018755615,-2.4629879479386675e-08,recent_2018_2023_damped
2033,coronary_heart_disease,Female,70+,DALY,12574840.242681036,12574839.548145069,0.6945359669625759,5.523219316663391e-08,recent_2018_2023_damped
2033,coronary_heart_disease,Female,70+,Deaths,970613.1315149387,970613.0779058468,0.05360909190494567,5.523219615030364e-08,recent_2018_2023_damped
2033,coronary_heart_disease,Female,70+,YLD,984404.2407043424,984404.1863335512,0.05437079118564725,5.52321820045821e-08,recent_2018_2023_damped
2033,coronary_heart_disease,Female,70+,YLL,11590436.001976693,11590435.361811517,0.64016517624259,5.523219415483077e-08,recent_2018_2023_damped
2033,coronary_heart_disease,Male,20-24,DALY,64516.542320554014,64516.54197064555,0.0003499084632494487,5.423546466713202e-09,recent_2018_2023_damped
2033,coronary_heart_disease,Male,20-24,Deaths,821.738637492908,821.7386330361757,4.456732312974054e-06,5.423539960032345e-09,recent_2018_2023_damped
2033,coronary_heart_disease,Male,20-24,YLD,8811.971516722397,8811.971468930185,4.7792211262276396e-05,5.423554925340514e-09,recent_2018_2023_damped
2033,coronary_heart_disease,Male,20-24,YLL,55704.570803831615,55704.57050171537,0.0003021162483491935,5.423545063324564e-09,recent_2018_2023_damped
2033,coronary_heart_disease,Male,25-29,DALY,100292.58640922923,100292.58228978667,0.004119442557566799,4.107424959568823e-08,recent_2018_2023_damped
2033,coronary_heart_disease,Male,25-29,Deaths,1337.8214106631506,1337.8213557131446,5.495000596056343e-05,4.1074247862691315e-08,recent_2018_2023_damped
2033,coronary_heart_disease,Male,25-29,YLD,16353.315382204544,16353.314710504412,0.0006717001324432204,4.1074249736768016e-08,recent_2018_2023_damped
2033,coronary_heart_disease,Male,25-29,YLL,83939.27102702469,83939.26757928227,0.0034477424196666107,4.1074249503191706e-08,recent_2018_2023_damped
2033,coronary_heart_disease,Male,30-34,DALY,176498.247885952,176498.2482818584,-0.0003959063906222582,-2.2431179599585405e-09,recent_2018_2023_damped
2033,coronary_heart_disease,Male,30-34,Deaths,2645.239669327709,2645.2396752613045,-5.933595275564585e-06,-2.2431219866602248e-09,recent_2018_2023_damped
2033,coronary_heart_disease,Male,30-34,YLD,25901.602897123412,25901.602955223883,-5.810047150589526e-05,-2.2431226208792397e-09,recent_2018_2023_damped
2033,coronary_heart_disease,Male,30-34,YLL,150596.6449888286,150596.64532663452,-0.00033780591911636293,-2.24311715831175e-09,recent_2018_2023_damped
2033,coronary_heart_disease,Male,35-39,DALY,631598.4928225435,631598.4609077454,0.03191479807719588,5.053020241899786e-08,recent_2018_2023_damped
2033,coronary_heart_disease,Male,35-39,Deaths,10715.342916640602,10715.342375192226,0.0005414483766799094,5.0530198450163495e-08,recent_2018_2023_damped
2033,coronary_heart_disease,Male,35-39,YLD,64184.2215559584,64184.21831271642,0.003243241983000189,5.0530209267308716e-08,recent_2018_2023_damped
2033,coronary_heart_disease,Male,35-39,YLL,567414.2712665851,567414.242595029,0.028671556152403355,5.0530201746921294e-08,recent_2018_2023_damped
2033,coronary_heart_disease,Male,40-44,DALY,750536.2455711184,750536.2872797915,-0.04170867311768234,-5.557182753794529e-08,recent_2018_2023_damped
2033,coronary_heart_disease,Male,40-44,Deaths,14368.8287130277,14368.829511529822,-0.0007985021220520139,-5.557182799136705e-08,recent_2018_2023_damped
2033,coronary_heart_disease,Male,40-44,YLD,61578.506389047434,61578.509811077776,-0.003422030342335347,-5.557182778268101e-08,recent_2018_2023_damped
2033,coronary_heart_disease,Male,40-44,YLL,688957.739182071,688957.7774687138,-0.03828664286993444,-5.5571827653361634e-08,recent_2018_2023_damped
2033,coronary_heart_disease,Male,45-49,DALY,1281128.6294530756,1281128.6070135022,0.022439573425799608,1.7515472922042956e-08,recent_2018_2023_damped
2033,coronary_heart_disease,Male,45-49,Deaths,27394.744807715244,27394.744327883396,0.0004798318477696739,1.7515470924884052e-08,recent_2018_2023_damped
2033,coronary_heart_disease,Male,45-49,YLD,112641.74796181507,112641.74598884273,0.0019729723426280543,1.7515463075505586e-08,recent_2018_2023_damped
2033,coronary_heart_disease,Male,45-49,YLL,1168486.8814912606,1168486.8610246594,0.02046660124324262,1.751547400823594e-08,recent_2018_2023_damped
2033,coronary_heart_disease,Male,50-54,DALY,1158122.1800511966,1158122.1831726057,-0.003121409099549055,-2.695232977057864e-09,recent_2018_2023_damped
2033,coronary_heart_disease,Male,50-54,Deaths,27898.167397963807,27898.167473155823,-7.519201608374715e-05,-2.695231368013631e-09,recent_2018_2023_damped
2033,coronary_heart_disease,Male,50-54,YLD,97160.15946047087,97160.15972234172,-0.0002618708531372249,-2.695249306769186e-09,recent_2018_2023_damped
2033,coronary_heart_disease,Male,50-54,YLL,1060962.0205907258,1060962.0234502638,-0.0028595379553735256,-2.695231207309633e-09,recent_2018_2023_damped
2033,coronary_heart_disease,Male,55-59,DALY,1750728.894123907,1750728.8864260826,0.007697824388742447,4.396925445410737e-09,recent_2018_2023_damped
2033,coronary_heart_disease,Male,55-59,Deaths,48973.13331725085,48973.13310191957,0.00021533128165174276,4.396926804817855e-09,recent_2018_2023_damped
2033,coronary_heart_disease,Male,55-59,YLD,130507.96935985475,130507.96878602056,0.0005738341860705987,4.396928336318305e-09,recent_2018_2023_damped
2033,coronary_heart_disease,Male,55-59,YLL,1620220.9247640523,1620220.917640062,0.0071239902172237635,4.396925221531045e-09,recent_2018_2023_damped
2033,coronary_heart_disease,Male,60-64,DALY,4339644.730749753,4339644.868531415,-0.13778166193515062,-3.174952469826811e-08,recent_2018_2023_damped
2033,coronary_heart_disease,Male,60-64,Deaths,135800.28389006096,135800.28820165555,-0.004311594588216394,-3.1749524579903145e-08,recent_2018_2023_damped
2033,coronary_heart_disease,Male,60-64,YLD,329515.3878408872,329515.3983028501,-0.010461962898261845,-3.174954175782248e-08,recent_2018_2023_damped
2033,coronary_heart_disease,Male,60-64,YLL,4010129.3429088662,4010129.470228565,-0.1273196986876428,-3.174952320938056e-08,recent_2018_2023_damped
2033,coronary_heart_disease,Male,65-69,DALY,3554121.4933713274,3554121.4659528155,0.027418511919677258,7.714568053550387e-09,recent_2018_2023_damped
2033,coronary_heart_disease,Male,65-69,Deaths,136387.5383207043,136387.53726853328,0.0010521710210014135,7.714568662749552e-09,recent_2018_2023_damped
2033,coronary_heart_disease,Male,65-69,YLD,296454.30083639413,296454.2985493822,0.0022870119428262115,7.714551463807666e-09,recent_2018_2023_damped
2033,coronary_heart_disease,Male,65-69,YLL,3257667.1925349333,3257667.167403433,0.02513150032609701,7.714569670457896e-09,recent_2018_2023_damped
2033,coronary_heart_disease,Male,70+,DALY,14974270.656087397,14974271.664134922,-1.0080475248396397,-6.73186347523017e-08,recent_2018_2023_damped
2033,coronary_heart_disease,Male,70+,Deaths,1085025.8509058552,1085025.9239483182,-0.07304246304556727,-6.731863399150122e-08,recent_2018_2023_damped
2033,coronary_heart_disease,Male,70+,YLD,788084.5859050088,788084.6389578026,-0.053052793722599745,-6.731864967290705e-08,recent_2018_2023_damped
2033,coronary_heart_disease,Male,70+,YLL,14186186.070182389,14186187.02517712,-0.9549947306513786,-6.731863389059297e-08,recent_2018_2023_damped
2033,ischemic_stroke,Female,20-24,DALY,10416.912211292198,10416.912593113888,-0.0003818216900981497,-3.665401688697603e-08,recent_2018_2023_damped
2033,ischemic_stroke,Female,20-24,Deaths,19.18477481814578,19.18477552134504,-7.031992588224512e-07,-3.6654025898821154e-08,recent_2018_2023_damped
2033,ischemic_stroke,Female,20-24,YLD,9115.80270261503,9115.803036745809,-0.0003341307783557568,-3.6654014682949526e-08,recent_2018_2023_damped
2033,ischemic_stroke,Female,20-24,YLL,1301.1095086771672,1301.109556368079,-4.769091174239293e-05,-3.665403232877443e-08,recent_2018_2023_damped
2033,ischemic_stroke,Female,25-29,DALY,11816.808245837417,11816.808052194408,0.000193643008969957,1.6387082545019174e-08,recent_2018_2023_damped
2033,ischemic_stroke,Female,25-29,Deaths,26.39431221484056,26.394311782314787,4.3252577341945653e-07,1.638708283006892e-08,recent_2018_2023_damped
2033,ischemic_stroke,Female,25-29,YLD,10158.707592042496,10158.707425570929,0.00016647156735416502,1.6387081582360776e-08,recent_2018_2023_damped
2033,ischemic_stroke,Female,25-29,YLL,1658.100653794921,1658.1006266234792,2.7171441843165667e-05,1.6387088580080338e-08,recent_2018_2023_damped
2033,ischemic_stroke,Female,30-34,DALY,15623.91474404421,15623.914616860488,0.00012718372272502165,8.140323718088668e-09,recent_2018_2023_damped
2033,ischemic_stroke,Female,30-34,Deaths,46.5895880045519,46.58958762529742,3.7925448026499e-07,8.140327047219038e-09,recent_2018_2023_damped
2033,ischemic_stroke,Female,30-34,YLD,12973.993986897676,12973.993881285163,0.0001056125129252905,8.140323935071015e-09,recent_2018_2023_damped
2033,ischemic_stroke,Female,30-34,YLL,2649.920757146535,2649.920735575322,2.1571212982962606e-05,8.140323856999933e-09,recent_2018_2023_damped
2033,ischemic_stroke,Female,35-39,DALY,47130.31869707805,47130.31828570871,0.0004113693430554122,8.728337894126876e-09,recent_2018_2023_damped
2033,ischemic_stroke,Female,35-39,Deaths,222.03572847905716,222.0357265410549,1.9380022422410548e-06,8.728335175748006e-09,recent_2018_2023_damped
2033,ischemic_stroke,Female,35-39,YLD,35370.76736232965,35370.76705360167,0.0003087279837927781,8.728337254460009e-09,recent_2018_2023_damped
2033,ischemic_stroke,Female,35-39,YLL,11759.551334748403,11759.551232107042,0.00010264136108162347,8.728339972819907e-09,recent_2018_2023_damped
2033,ischemic_stroke,Female,40-44,DALY,51312.92098079337,51312.92145225925,-0.00047146587894530967,-9.188053722179008e-09,recent_2018_2023_damped
2033,ischemic_stroke,Female,40-44,Deaths,363.9865600805374,363.9865634248652,-3.3443278084632766e-06,-9.188052924249274e-09,recent_2018_2023_damped
2033,ischemic_stroke,Female,40-44,YLD,33861.29238881381,33861.29269993322,-0.00031111940916161984,-9.18805468883453e-09,recent_2018_2023_damped
2033,ischemic_stroke,Female,40-44,YLL,17451.628591979563,17451.62875232603,-0.00016034646614571102,-9.188051638122279e-09,recent_2018_2023_damped
2033,ischemic_stroke,Female,45-49,DALY,121136.11995581788,121136.1233009876,-0.0033451697236159816,-2.761496432657185e-08,recent_2018_2023_damped
2033,ischemic_stroke,Female,45-49,Deaths,1142.1373850719285,1142.137416612001,-3.1540072541247355e-05,-2.7614954280025944e-08,recent_2018_2023_damped
2033,ischemic_stroke,Female,45-49,YLD,72509.14942616357,72509.15142850128,-0.0020023377146571875,-2.761496549344702e-08,recent_2018_2023_damped
2033,ischemic_stroke,Female,45-49,YLL,48626.9705296543,48626.97187248631,-0.0013428320089587942,-2.7614962586608926e-08,recent_2018_2023_damped
2033,ischemic_stroke,Female,50-54,DALY,125095.18432969495,125095.18554152308,-0.0012118281301809475,-9.687248353604329e-09,recent_2018_2023_damped
2033,ischemic_stroke,Female,50-54,Deaths,1558.1315413051948,1558.1315563991989,-1.5094004083948676e-05,-9.687246254629823e-09,recent_2018_2023_damped
2033,ischemic_stroke,Female,50-54,YLD,65855.69926239995,65855.69990036073,-0.0006379607802955434,-9.687252299508988e-09,recent_2018_2023_damped
2033,ischemic_stroke,Female,50-54,YLL,59239.48506729499,59239.48564116233,-0.0005738673426094465,-9.687243844175057e-09,recent_2018_2023_damped
2033,ischemic_stroke,Female,55-59,DALY,255333.5317635713,255333.5371064533,-0.005342881981050596,-2.0925108552516738e-08,recent_2018_2023_damped
2033,ischemic_stroke,Female,55-59,Deaths,3993.3510940851147,3993.351177646416,-8.356130138054141e-05,-2.0925107175219788e-08,recent_2018_2023_damped
2033,ischemic_stroke,Female,55-59,YLD,123352.3055175066,123352.308098667,-0.002581160399131477,-2.0925108244159155e-08,recent_2018_2023_damped
2033,ischemic_stroke,Female,55-59,YLL,131981.22624606473,131981.22900778629,-0.0027617215528152883,-2.0925108620199008e-08,recent_2018_2023_damped
2033,ischemic_stroke,Female,60-64,DALY,834542.6276798649,834542.6786473733,-0.05096750846132636,-6.107238103620355e-08,recent_2018_2023_damped
2033,ischemic_stroke,Female,60-64,Deaths,16027.444610088856,16027.44558892298,-0.0009788341230887454,-6.10723722416032e-08,recent_2018_2023_damped
2033,ischemic_stroke,Female,60-64,YLD,360814.47876325424,360814.5007990585,-0.022035804286133498,-6.107239104119453e-08,recent_2018_2023_damped
2033,ischemic_stroke,Female,60-64,YLL,473728.1489166106,473728.1778483148,-0.028931704233400524,-6.107237353878557e-08,recent_2018_2023_damped
2033,ischemic_stroke,Female,65-69,DALY,842393.6726956393,842393.6934437037,-0.020748064387589693,-2.4629890452730776e-08,recent_2018_2023_damped
2033,ischemic_stroke,Female,65-69,Deaths,21287.667938010625,21287.668462323523,-0.0005243128980509937,-2.4629888377816532e-08,recent_2018_2023_damped
2033,ischemic_stroke,Female,65-69,YLD,335966.85682413465,335966.86509896565,-0.008274830994196236,-2.4629902093942275e-08,recent_2018_2023_damped
2033,ischemic_stroke,Female,65-69,YLL,506426.8158715047,506426.8283447381,-0.012473233393393457,-2.462988272987504e-08,recent_2018_2023_damped
2033,ischemic_stroke,Female,70+,DALY,5157350.662662148,5157350.377810422,0.28485172521322966,5.5232184037526035e-08,recent_2018_2023_damped
2033,ischemic_stroke,Female,70+,Deaths,304715.89660205675,304715.8797719318,0.016830124950502068,5.523218863125471e-08,recent_2018_2023_damped
2033,ischemic_stroke,Female,70+,YLD,1271376.9724332462,1271376.9022123322,0.07022091397084296,5.523217690100475e-08,recent_2018_2023_damped
2033,ischemic_stroke,Female,70+,YLL,3885973.6902289013,3885973.47559809,0.21463081147521734,5.5232186432302794e-08,recent_2018_2023_damped
2033,ischemic_stroke,Male,20-24,DALY,11615.147012221907,11615.146949226635,6.299527194641996e-05,5.423544981547938e-09,recent_2018_2023_damped
2033,ischemic_stroke,Male,20-24,Deaths,40.18813483328359,40.188134615321935,2.179616558350972e-07,5.4235325406717976e-09,recent_2018_2023_damped
2033,ischemic_stroke,Male,20-24,YLD,8891.629287676027,8891.629239451826,4.82242012367351e-05,5.42355061575961e-09,recent_2018_2023_damped
2033,ischemic_stroke,Male,20-24,YLL,2723.51772454588,2723.517709774809,1.4771070709684864e-05,5.4235265872040874e-09,recent_2018_2023_damped
2033,ischemic_stroke,Male,25-29,DALY,15141.815920760975,15141.815298822388,0.0006219385868462268,4.107424206228406e-08,recent_2018_2023_damped
2033,ischemic_stroke,Male,25-29,Deaths,68.08763917167232,68.08763637502368,2.7966486442210226e-06,4.107425067331176e-08,recent_2018_2023_damped
2033,ischemic_stroke,Male,25-29,YLD,10868.569755193634,10868.569308775392,0.00044641824206337333,4.10742416394153e-08,recent_2018_2023_damped
2033,ischemic_stroke,Male,25-29,YLL,4273.2461655673405,4273.245990046994,0.0001755203466018429,4.1074243563477295e-08,recent_2018_2023_damped
2033,ischemic_stroke,Male,30-34,DALY,23075.94327137885,23075.943323141088,-5.176223930902779e-05,-2.2431256041922855e-09,recent_2018_2023_damped
2033,ischemic_stroke,Male,30-34,Deaths,148.56941431819592,148.56941465145692,-3.332609992412472e-07,-2.2431332856973004e-09,recent_2018_2023_damped
2033,ischemic_stroke,Male,30-34,YLD,14619.602013078793,14619.602045872409,-3.2793615901027806e-05,-2.243126440660299e-09,recent_2018_2023_damped
2033,ischemic_stroke,Male,30-34,YLL,8456.341258300054,8456.34127726868,-1.8968627045978792e-05,-2.24312458828595e-09,recent_2018_2023_damped
2033,ischemic_stroke,Male,35-39,DALY,72658.75180486433,72658.74813340328,0.003671461046906188,5.0530199614302384e-08,recent_2018_2023_damped
2033,ischemic_stroke,Male,35-39,Deaths,677.5451085494262,677.5450743129393,3.4236486953886924e-05,5.053019828769951e-08,recent_2018_2023_damped
2033,ischemic_stroke,Male,35-39,YLD,36773.376035610796,36773.3741774447,0.0018581660988274962,5.053020399654325e-08,recent_2018_2023_damped
2033,ischemic_stroke,Male,35-39,YLL,35885.37576925352,35885.37395595858,0.0018132949408027343,5.0530194920865413e-08,recent_2018_2023_damped
2033,ischemic_stroke,Male,40-44,DALY,102183.63807764626,102183.64375617856,-0.00567853229586035,-5.5571832116399707e-08,recent_2018_2023_damped
2033,ischemic_stroke,Male,40-44,Deaths,1302.0992496751655,1302.0993220352082,-7.23600426226767e-05,-5.5571830349758924e-08,recent_2018_2023_damped
2033,ischemic_stroke,Male,40-44,YLD,39764.95869680498,39764.960906616594,-0.0022098116169217974,-5.557182923205392e-08,recent_2018_2023_damped
2033,ischemic_stroke,Male,40-44,YLL,62418.67938084129,62418.68284956196,-0.003468720671662595,-5.5571833837357845e-08,recent_2018_2023_damped
2033,ischemic_stroke,Male,45-49,DALY,239072.46364276554,239072.4594553003,0.004187465237919241,1.7515464756835268e-08,recent_2018_2023_damped
2033,ischemic_stroke,Male,45-49,Deaths,3603.807029856186,3603.806966733823,6.312236291705631e-05,1.7515467254414272e-08,recent_2018_2023_damped
2033,ischemic_stroke,Male,45-49,YLD,85350.76218304857,85350.76068809064,0.0014949579344829544,1.751546116789973e-08,recent_2018_2023_damped
2033,ischemic_stroke,Male,45-49,YLL,153721.70145971695,153721.69876720966,0.0026925072888843715,1.7515466654852697e-08,recent_2018_2023_damped
2033,ischemic_stroke,Male,50-54,DALY,271603.94394684385,271603.94467888185,-0.0007320379954762757,-2.6952406613304765e-09,recent_2018_2023_damped
2033,ischemic_stroke,Male,50-54,Deaths,4830.4923803679285,4830.492393387282,-1.3019353900745045e-05,-2.695243639875705e-09,recent_2018_2023_damped
2033,ischemic_stroke,Male,50-54,YLD,87871.1859446187,87871.18618145345,-0.00023683474864810705,-2.6952492499537308e-09,recent_2018_2023_damped
2033,ischemic_stroke,Male,50-54,YLL,183732.75800222516,183732.7584974284,-0.0004952032468281686,-2.6952365537749202e-09,recent_2018_2023_damped
2033,ischemic_stroke,Male,55-59,DALY,495519.63632264757,495519.6341438875,0.0021787600708194077,4.39691975996807e-09,recent_2018_2023_damped
2033,ischemic_stroke,Male,55-59,Deaths,10396.577342794444,10396.57729708154,4.571290446619969e-05,4.396918635812184e-09,recent_2018_2023_damped
2033,ischemic_stroke,Male,55-59,YLD,151557.43596048918,151557.43529410247,0.0006663867097813636,4.396925221703686e-09,recent_2018_2023_damped
2033,ischemic_stroke,Male,55-59,YLL,343962.20036215836,343962.198849785,0.0015123733319342136,4.3969172687917855e-09,recent_2018_2023_damped
2033,ischemic_stroke,Male,60-64,DALY,1626936.3255154504,1626936.3771699222,-0.05165447178296745,-3.174953397552097e-08,recent_2018_2023_damped
2033,ischemic_stroke,Male,60-64,Deaths,39677.226901731396,39677.228161464845,-0.0012597334498423152,-3.174953262147955e-08,recent_2018_2023_damped
2033,ischemic_stroke,Male,60-64,YLD,456192.30970106646,456192.3241849642,-0.014483897713944316,-3.174954278290704e-08,recent_2018_2023_damped
2033,ischemic_stroke,Male,60-64,YLL,1170744.015814384,1170744.052984958,-0.03717057406902313,-3.174953054363344e-08,recent_2018_2023_damped
2033,ischemic_stroke,Male,65-69,DALY,1647633.7470470662,1647633.734336298,0.012710768263787031,7.71455937014254e-09,recent_2018_2023_damped
2033,ischemic_stroke,Male,65-69,Deaths,49272.98980218202,49272.98942206255,0.00038011946890037507,7.714560723002777e-09,recent_2018_2023_damped
2033,ischemic_stroke,Male,65-69,YLD,470895.3701078324,470895.36647508753,0.003632744890637696,7.714547963873168e-09,recent_2018_2023_damped
2033,ischemic_stroke,Male,65-69,YLL,1176738.3769392339,1176738.3678612104,0.009078023489564657,7.714564033519607e-09,recent_2018_2023_damped
2033,ischemic_stroke,Male,70+,DALY,7181626.399216975,7181626.88267432,-0.483457344584167,-6.731863858738028e-08,recent_2018_2023_damped
2033,ischemic_stroke,Male,70+,Deaths,412007.70718349307,412007.7349192936,-0.027735800540540367,-6.731864037934484e-08,recent_2018_2023_damped
2033,ischemic_stroke,Male,70+,YLD,1480601.4392385671,1480601.5389106548,-0.09967208770103753,-6.73186438630685e-08,recent_2018_2023_damped
2033,ischemic_stroke,Male,70+,YLL,5701024.959978408,5701025.343763665,-0.3837852571159601,-6.73186372580823e-08,recent_2018_2023_damped
2034,coronary_heart_disease,Female,20-24,DALY,17537.232583253808,17537.23326659076,-0.0006833369516243692,-3.896492344240854e-08,recent_2018_2023_damped
2034,coronary_heart_disease,Female,20-24,Deaths,216.79289803840723,216.79290648572805,-8.44732082327937e-06,-3.89649318338535e-08,recent_2018_2023_damped
2034,coronary_heart_disease,Female,20-24,YLD,2828.900928492002,2828.901038719853,-0.00011022785110981204,-3.8964901776731234e-08,recent_2018_2023_damped
2034,coronary_heart_disease,Female,20-24,YLL,14708.331654761805,14708.332227870906,-0.0005731091005145572,-3.896492760943823e-08,recent_2018_2023_damped
2034,coronary_heart_disease,Female,25-29,DALY,22376.67748858486,22376.67708522738,0.000403357480536215,1.8025798870847686e-08,recent_2018_2023_damped
2034,coronary_heart_disease,Female,25-29,Deaths,275.704109012806,275.7041040430219,4.969784072272887e-06,1.8025789240690385e-08,recent_2018_2023_damped
2034,coronary_heart_disease,Female,25-29,YLD,5047.762505889706,5047.762414899743,9.098996270040516e-05,1.802580137920623e-08,recent_2018_2023_damped
2034,coronary_heart_disease,Female,25-29,YLL,17328.914982695154,17328.91467032764,0.00031236751601682045,1.802579803521616e-08,recent_2018_2023_damped
2034,coronary_heart_disease,Female,30-34,DALY,34226.56482779476,34226.56452131752,0.0003064772390644066,8.95436756071506e-09,recent_2018_2023_damped
2034,coronary_heart_disease,Female,30-34,Deaths,459.7923939052118,459.7923897880622,4.117149558169331e-06,8.954366469760622e-09,recent_2018_2023_damped
2034,coronary_heart_disease,Female,30-34,YLD,8105.435239455626,8105.435166876552,7.25790741853416e-05,8.954371072134564e-09,recent_2018_2023_damped
2034,coronary_heart_disease,Female,30-34,YLL,26121.129588339132,26121.12935444097,0.0002338981612410862,8.954366331841626e-09,recent_2018_2023_damped
2034,coronary_heart_disease,Female,35-39,DALY,124552.16115680768,124552.15996096015,0.0011958475224673748,9.601178517034175e-09,recent_2018_2023_damped
2034,coronary_heart_disease,Female,35-39,Deaths,1840.8804527500197,1840.8804350754087,1.767461094459577e-05,9.601172682283278e-09,recent_2018_2023_damped
2034,coronary_heart_disease,Female,35-39,YLD,27012.671476150274,27012.671216796545,0.00025935372832464054,9.601187762703518e-09,recent_2018_2023_damped
2034,coronary_heart_disease,Female,35-39,YLL,97539.48968065741,97539.4887441636,0.0009364938159706071,9.601176180315415e-09,recent_2018_2023_damped
2034,coronary_heart_disease,Female,40-44,DALY,131637.3572917291,131637.35862216834,-0.0013304392341524363,-1.010685149016948e-08,recent_2018_2023_damped
2034,coronary_heart_disease,Female,40-44,Deaths,2193.3312475929056,2193.33126976058,-2.2167674615047872e-05,-1.0106852038574024e-08,recent_2018_2023_damped
2034,coronary_heart_disease,Female,40-44,YLD,26404.680490341776,26404.6807572098,-0.0002668680244823918,-1.0106845333076917e-08,recent_2018_2023_damped
2034,coronary_heart_disease,Female,40-44,YLL,105232.67680138732,105232.67786495856,-0.001063571238773875,-1.01068533116559e-08,recent_2018_2023_damped
2034,coronary_heart_disease,Female,45-49,DALY,340063.0476410132,340063.0576208516,-0.009979838388971984,-2.9347023045646025e-08,recent_2018_2023_damped
2034,coronary_heart_disease,Female,45-49,Deaths,6361.097996872736,6361.098183552051,-0.0001866793145381962,-2.9347026118995397e-08,recent_2018_2023_damped
2034,coronary_heart_disease,Female,45-49,YLD,69458.11781664385,69458.11985503315,-0.002038389298832044,-2.9347026713167446e-08,recent_2018_2023_damped
2034,coronary_heart_disease,Female,45-49,YLL,270604.9298243694,270604.9377658184,-0.007941449002828449,-2.934702178162389e-08,recent_2018_2023_damped
2034,coronary_heart_disease,Female,50-54,DALY,326410.7047563831,326410.7082346044,-0.0034782213042490184,-1.0655965679131709e-08,recent_2018_2023_damped
2034,coronary_heart_disease,Female,50-54,Deaths,6978.186033922471,6978.18610828179,-7.435931911459193e-05,-1.06559667456191e-08,recent_2018_2023_damped
2034,coronary_heart_disease,Female,50-54,YLD,61160.815596539775,61160.8162482674,-0.0006517276269732974,-1.0655966792983408e-08,recent_2018_2023_damped
2034,coronary_heart_disease,Female,50-54,YLL,265249.8891598433,265249.89198633697,-0.002826493640895933,-1.0655965285149016e-08,recent_2018_2023_damped
2034,coronary_heart_disease,Female,55-59,DALY,558535.8325310586,558535.8453872198,-0.01285616122186184,-2.301761172185639e-08,recent_2018_2023_damped
2034,coronary_heart_disease,Female,55-59,Deaths,13853.867241377633,13853.86756026064,-0.00031888300691207405,-2.3017616237849665e-08,recent_2018_2023_damped
2034,coronary_heart_disease,Female,55-59,YLD,101087.35594401436,101087.35827080366,-0.0023267892975127324,-2.3017609098849727e-08,recent_2018_2023_damped
2034,coronary_heart_disease,Female,55-59,YLL,457448.4765870442,457448.4871164161,-0.010529371909797192,-2.3017612269679604e-08,recent_2018_2023_damped
2034,coronary_heart_disease,Female,60-64,DALY,1827847.4842347293,1827847.6046294,-0.12039467063732445,-6.586690834203037e-08,recent_2018_2023_damped
2034,coronary_heart_disease,Female,60-64,Deaths,51686.77587052283,51686.77927497134,-0.0034044485073536634,-6.586691132837182e-08,recent_2018_2023_damped
2034,coronary_heart_disease,Female,60-64,YLD,296217.19260887825,296217.21211979445,-0.019510916201397777,-6.586692266048094e-08,recent_2018_2023_damped
2034,coronary_heart_disease,Female,60-64,YLL,1531630.291625851,1531630.3925096055,-0.10088375443592668,-6.586690557284303e-08,recent_2018_2023_damped
2034,coronary_heart_disease,Female,65-69,DALY,1669296.040794476,1669296.086020498,-0.04522602213546634,-2.7092870170972765e-08,recent_2018_2023_damped
2034,coronary_heart_disease,Female,65-69,Deaths,58787.147530092174,58787.14912280478,-0.001592712607816793,-2.7092870322553983e-08,recent_2018_2023_damped
2034,coronary_heart_disease,Female,65-69,YLD,271836.84874602535,271836.8561108697,-0.007364844321273267,-2.7092883675308133e-08,recent_2018_2023_damped
2034,coronary_heart_disease,Female,65-69,YLL,1397459.1920484507,1397459.2299096284,-0.03786117769777775,-2.7092867460774634e-08,recent_2018_2023_damped
2034,coronary_heart_disease,Female,70+,DALY,13077676.441110933,13077675.66482784,0.7762830927968025,5.935940855947369e-08,recent_2018_2023_damped
2034,coronary_heart_disease,Female,70+,Deaths,1009952.969221486,1009952.9092712756,0.05995021038688719,5.93594115493403e-08,recent_2018_2023_damped
2034,coronary_heart_disease,Female,70+,YLD,1043391.6250040106,1043391.5630689176,0.06193509302102029,5.935939604385069e-08,recent_2018_2023_damped
2034,coronary_heart_disease,Female,70+,YLL,12034284.816106923,12034284.101758923,0.7143479995429516,5.935940962525082e-08,recent_2018_2023_damped
2034,coronary_heart_disease,Male,20-24,DALY,64215.31560849983,64215.315225397615,0.0003831022186204791,5.965901082565417e-09,recent_2018_2023_damped
2034,coronary_heart_disease,Male,20-24,Deaths,815.9116389187159,815.9116340510734,4.867642473982414e-06,5.965894186131578e-09,recent_2018_2023_damped
2034,coronary_heart_disease,Male,20-24,YLD,8892.131498452307,8892.131445402647,5.304965998220723e-05,5.965910457794079e-09,recent_2018_2023_damped
2034,coronary_heart_disease,Male,20-24,YLL,55323.18411004753,55323.18377999496,0.0003300525713711977,5.965899805834128e-09,recent_2018_2023_damped
2034,coronary_heart_disease,Male,25-29,DALY,100643.41388592598,100643.40944717715,0.004438748830580153,4.410372079962013e-08,recent_2018_2023_damped
2034,coronary_heart_disease,Male,25-29,Deaths,1336.1146947249717,1336.1146357973482,5.8927623513227445e-05,4.4103718299636335e-08,recent_2018_2023_damped
2034,coronary_heart_disease,Male,25-29,YLD,16784.834002299198,16784.833262025604,0.000740273593692109,4.410372043235729e-08,recent_2018_2023_damped
2034,coronary_heart_disease,Male,25-29,YLL,83858.57988362678,83858.57618515157,0.003698475207784213,4.4103720526071655e-08,recent_2018_2023_damped
2034,coronary_heart_disease,Male,30-34,DALY,171933.27698492925,171933.27740916258,-0.00042423332342877984,-2.467429981103657e-09,recent_2018_2023_damped
2034,coronary_heart_disease,Male,30-34,Deaths,2570.861251079724,2570.861257423156,-6.343432232824853e-06,-2.4674346834193014e-09,recent_2018_2023_damped
2034,coronary_heart_disease,Male,30-34,YLD,25714.277915985727,25714.277979434035,-6.344830762827769e-05,-2.4674349277480346e-09,recent_2018_2023_damped
2034,coronary_heart_disease,Male,30-34,YLL,146218.99906894352,146218.99942972854,-0.00036078502307645977,-2.467429160940536e-09,recent_2018_2023_damped
2034,coronary_heart_disease,Male,35-39,DALY,639820.6541472386,639820.6191293652,0.0350178733933717,5.473076725945815e-08,recent_2018_2023_damped
2034,coronary_heart_disease,Male,35-39,Deaths,10850.67286739638,10850.672273530816,0.0005938655649515567,5.473076229573677e-08,recent_2018_2023_damped
2034,coronary_heart_disease,Male,35-39,YLD,65051.26397344046,65051.26041313461,0.0035603058495325968,5.473077426819127e-08,recent_2018_2023_damped
2034,coronary_heart_disease,Male,35-39,YLL,574769.3901737981,574769.3587162306,0.03145756747107953,5.4730766339634404e-08,recent_2018_2023_damped
2034,coronary_heart_disease,Male,40-44,DALY,708460.455407727,708460.4980144727,-0.042606745613738894,-6.013990297715726e-08,recent_2018_2023_damped
2034,coronary_heart_disease,Male,40-44,Deaths,13559.697234688658,13559.698050167592,-0.0008154789338732371,-6.013990362146435e-08,recent_2018_2023_damped
2034,coronary_heart_disease,Male,40-44,YLD,58026.21004947749,58026.21353916838,-0.003489690883725416,-6.01399035173962e-08,recent_2018_2023_damped
2034,coronary_heart_disease,Male,40-44,YLL,650434.2453582495,650434.2844753043,-0.03911705478094518,-6.013990300726588e-08,recent_2018_2023_damped
2034,coronary_heart_disease,Male,45-49,DALY,1342431.5279996693,1342431.5021350142,0.025864655151963234,1.9267020410969106e-08,recent_2018_2023_damped
2034,coronary_heart_disease,Male,45-49,Deaths,28681.076456650313,28681.075904051508,0.0005525988053705078,1.926701798841679e-08,recent_2018_2023_damped
2034,coronary_heart_disease,Male,45-49,YLD,119505.3162097043,119505.31390719429,0.0023025100090308115,1.9267009422015325e-08,recent_2018_2023_damped
2034,coronary_heart_disease,Male,45-49,YLL,1222926.211789965,1222926.18822782,0.023562144953757524,1.926702133012799e-08,recent_2018_2023_damped
2034,coronary_heart_disease,Male,50-54,DALY,1161964.5399271713,1161964.5433721128,-0.00344494148157537,-2.964756111729432e-09,recent_2018_2023_damped
2034,coronary_heart_disease,Male,50-54,Deaths,27967.530524696413,27967.53060761328,-8.291686754091643e-05,-2.964754690152906e-09,recent_2018_2023_damped
2034,coronary_heart_disease,Male,50-54,YLD,98629.94401135157,98629.94430376709,-0.0002924155123764649,-2.9647741813162146e-09,recent_2018_2023_damped
2034,coronary_heart_disease,Male,50-54,YLL,1063334.5959158198,1063334.5990683455,-0.0031525257509201765,-2.9647542304015153e-09,recent_2018_2023_damped
2034,coronary_heart_disease,Male,55-59,DALY,1670329.2722500085,1670329.2627001232,0.009549885289743543,5.7173669305810686e-09,recent_2018_2023_damped
2034,coronary_heart_disease,Male,55-59,Deaths,46793.93423693763,46793.93396939947,0.0002675381620065309,5.717368455951693e-09,recent_2018_2023_damped
2034,coronary_heart_disease,Male,55-59,YLD,123944.7708702988,123944.77016166068,0.0007086381228873506,5.71737009930372e-09,recent_2018_2023_damped
2034,coronary_heart_disease,Male,55-59,YLL,1546384.5013797097,1546384.4925384626,0.008841247064992785,5.717366610731762e-09,recent_2018_2023_damped
2034,coronary_heart_disease,Male,60-64,DALY,4341169.10423592,4341169.255848987,-0.1516130669042468,-3.492447724768483e-08,recent_2018_2023_damped
2034,coronary_heart_disease,Male,60-64,Deaths,135499.74475003337,135499.74948229126,-0.004732257890282199,-3.492447704414883e-08,recent_2018_2023_damped
2034,coronary_heart_disease,Male,60-64,YLD,331919.1999351982,331919.2115273093,-0.011592111142817885,-3.4924495902112374e-08,recent_2018_2023_damped
2034,coronary_heart_disease,Male,60-64,YLL,4009249.9043007223,4009250.044321678,-0.14002095581963658,-3.492447571783381e-08,recent_2018_2023_damped
2034,coronary_heart_disease,Male,65-69,DALY,3564969.6182790417,3564969.588026624,0.03025241754949093,8.486024018577125e-09,recent_2018_2023_damped
2034,coronary_heart_disease,Male,65-69,Deaths,136854.63399512562,136854.6328337737,0.0011613519163802266,8.486025590312511e-09,recent_2018_2023_damped
2034,coronary_heart_disease,Male,65-69,YLD,300110.06322106,300110.060674324,0.002546735981013626,8.486006684651984e-09,recent_2018_2023_damped
2034,coronary_heart_disease,Male,65-69,YLL,3264859.5550579815,3264859.5273522995,0.02770568197593093,8.486025736733422e-09,recent_2018_2023_damped
2034,coronary_heart_disease,Male,70+,DALY,15938478.202845544,15938479.354469191,-1.151623647660017,-7.225429867229453e-08,recent_2018_2023_damped
2034,coronary_heart_disease,Male,70+,Deaths,1157605.0174055623,1157605.101047506,-0.0836419437546283,-7.225429784210651e-08,recent_2018_2023_damped
2034,coronary_heart_disease,Male,70+,YLD,829123.0327488235,829123.0926565445,-0.059907721006311476,-7.225431487424222e-08,recent_2018_2023_damped
2034,coronary_heart_disease,Male,70+,YLL,15109355.17009672,15109356.261812646,-1.0917159263044596,-7.225429776010113e-08,recent_2018_2023_damped
2034,ischemic_stroke,Female,20-24,DALY,10324.238616274653,10324.23901855778,-0.0004022831271868199,-3.896491804032409e-08,recent_2018_2023_damped
2034,ischemic_stroke,Female,20-24,Deaths,18.419044778440966,18.419045496137752,-7.176967855571093e-07,-3.8964928215612556e-08,recent_2018_2023_damped
2034,ischemic_stroke,Female,20-24,YLD,9074.75425572426,9074.754609321306,-0.00035359704634174705,-3.8964915478655825e-08,recent_2018_2023_damped
2034,ischemic_stroke,Female,20-24,YLL,1249.4843605503931,1249.4844092364722,-4.868607902608346e-05,-3.8964935189414865e-08,recent_2018_2023_damped
2034,ischemic_stroke,Female,25-29,DALY,11761.888808013391,11761.888595996048,0.0002120173430739669,1.802579078551563e-08,recent_2018_2023_damped
2034,ischemic_stroke,Female,25-29,Deaths,25.512146898062923,25.512146438186303,4.598766203400828e-07,1.802579102680849e-08,recent_2018_2023_damped
2034,ischemic_stroke,Female,25-29,YLD,10158.583223105332,10158.583039988853,0.00018311647909285966,1.8025789460206117e-08,recent_2018_2023_damped
2034,ischemic_stroke,Female,25-29,YLL,1603.3055849080583,1603.3055560071969,2.890086147999682e-05,1.802579762273779e-08,recent_2018_2023_damped
2034,ischemic_stroke,Female,30-34,DALY,14979.781314786436,14979.781180652137,0.0001341342995146988,8.954356401944407e-09,recent_2018_2023_damped
2034,ischemic_stroke,Female,30-34,Deaths,43.543022201691926,43.54302181179204,3.8989988837556666e-07,8.954359898604385e-09,recent_2018_2023_damped
2034,ischemic_stroke,Female,30-34,YLD,12505.729028334403,12505.728916353648,0.00011198075480933767,8.954356484003205e-09,recent_2018_2023_damped
2034,ischemic_stroke,Female,30-34,YLL,2474.0522864520326,2474.0522642984865,2.215354606960318e-05,8.954356538577321e-09,recent_2018_2023_damped
2034,ischemic_stroke,Female,35-39,DALY,46690.85528583473,46690.854837547806,0.00044828692625742406,9.601171960058464e-09,recent_2018_2023_damped
2034,ischemic_stroke,Female,35-39,Deaths,216.48479175347455,216.4847896749676,2.078506952329917e-06,9.601168541450916e-09,recent_2018_2023_damped
2034,ischemic_stroke,Female,35-39,YLD,35221.46253585342,35221.46219768612,0.0003381672941031866,9.601171359813747e-09,recent_2018_2023_damped
2034,ischemic_stroke,Female,35-39,YLL,11469.392749981316,11469.392639861682,0.00011011963397322688,9.601173961950516e-09,recent_2018_2023_damped
2034,ischemic_stroke,Female,40-44,DALY,47046.825400507725,47046.82587600336,-0.0004754956316901371,-1.0106858918460379e-08,recent_2018_2023_damped
2034,ischemic_stroke,Female,40-44,Deaths,329.20222345099376,329.2022267781939,-3.32720014739607e-06,-1.0106857963745892e-08,recent_2018_2023_damped
2034,ischemic_stroke,Female,40-44,YLD,31255.993707916394,31255.99402381635,-0.00031589995705871843,-1.0106860041565464e-08,recent_2018_2023_damped
2034,ischemic_stroke,Female,40-44,YLL,15790.83169259133,15790.831852187004,-0.00015959567463141866,-1.01068566954131e-08,recent_2018_2023_damped
2034,ischemic_stroke,Female,45-49,DALY,125210.8961868285,125210.89986139716,-0.003674568666610867,-2.9347035047894786e-08,recent_2018_2023_damped
2034,ischemic_stroke,Female,45-49,Deaths,1156.9298730654482,1156.929907017898,-3.395244971216016e-05,-2.9347023969391527e-08,recent_2018_2023_damped
2034,ischemic_stroke,Female,45-49,YLD,75976.35795383451,75976.3601835155,-0.0022296809911495075,-2.934703618025227e-08,recent_2018_2023_damped
2034,ischemic_stroke,Female,45-49,YLL,49234.53823299399,49234.53967788166,-0.0014448876681854017,-2.9347033152713915e-08,recent_2018_2023_damped
2034,ischemic_stroke,Female,50-54,DALY,122805.08674752241,122805.08805613016,-0.0013086077524349093,-1.065597340589657e-08,recent_2018_2023_damped
2034,ischemic_stroke,Female,50-54,Deaths,1503.170911791957,1503.1709278097026,-1.6017745565477526e-05,-1.0655970834146767e-08,recent_2018_2023_damped
2034,ischemic_stroke,Female,50-54,YLD,65668.71875935464,65668.71945911905,-0.0006997644086368382,-1.0655977677050101e-08,recent_2018_2023_damped
2034,ischemic_stroke,Female,50-54,YLL,57136.36798816776,57136.368597011104,-0.0006088433437980711,-1.0655968496918454e-08,recent_2018_2023_damped
2034,ischemic_stroke,Female,55-59,DALY,238541.5999928438,238541.6054835036,-0.00549065979430452,-2.3017619015246493e-08,recent_2018_2023_damped
2034,ischemic_stroke,Female,55-59,Deaths,3705.278380364397,3705.27846565108,-8.528668286089669e-05,-2.301761760999261e-08,recent_2018_2023_damped
2034,ischemic_stroke,Female,55-59,YLD,116226.28597587232,116226.28865112472,-0.002675252399058081,-2.301761873416056e-08,recent_2018_2023_damped
2034,ischemic_stroke,Female,55-59,YLL,122315.31401697149,122315.31683237889,-0.0028154073952464387,-2.3017619282339576e-08,recent_2018_2023_damped
2034,ischemic_stroke,Female,60-64,DALY,819865.657161691,819865.7111637178,-0.0540020267944783,-6.586691705624302e-08,recent_2018_2023_damped
2034,ischemic_stroke,Female,60-64,Deaths,15497.7569701865,15497.757990975886,-0.0010207893865299411,-6.586690714388052e-08,recent_2018_2023_damped
2034,ischemic_stroke,Female,60-64,YLD,360800.14777404885,360800.1715388477,-0.023764798825141042,-6.586692773393615e-08,recent_2018_2023_damped
2034,ischemic_stroke,Female,60-64,YLL,459065.5093876422,459065.53962487,-0.030237227794714272,-6.58669082837778e-08,recent_2018_2023_damped
2034,ischemic_stroke,Female,65-69,DALY,823214.4203165434,823214.4426197931,-0.022303249686956406,-2.7092879488336802e-08,recent_2018_2023_damped
2034,ischemic_stroke,Female,65-69,Deaths,20485.534961563237,20485.53551657533,-0.0005550120949919801,-2.70928770469733e-08,recent_2018_2023_damped
2034,ischemic_stroke,Female,65-69,YLD,336531.58162932436,336531.5907469384,-0.009117614070419222,-2.709289208238222e-08,recent_2018_2023_damped
2034,ischemic_stroke,Female,65-69,YLL,486682.838687219,486682.8518728547,-0.013185635674744844,-2.7092870899403656e-08,recent_2018_2023_damped
2034,ischemic_stroke,Female,70+,DALY,5275924.387654029,5275924.074478349,0.313175680115819,5.935939859915135e-08,recent_2018_2023_damped
2034,ischemic_stroke,Female,70+,Deaths,309066.0368934685,309066.018547494,0.018345974502153695,5.9359403496940825e-08,recent_2018_2023_damped
2034,ischemic_stroke,Female,70+,YLD,1336568.2603154266,1336568.1809775538,0.07933787279762328,5.935939065943967e-08,recent_2018_2023_damped
2034,ischemic_stroke,Female,70+,YLL,3939356.127338602,3939355.893500794,0.23383780801668763,5.935940147029533e-08,recent_2018_2023_damped
2034,ischemic_stroke,Male,20-24,DALY,11465.737273389163,11465.737204985728,6.840343485237099e-05,5.965899412261659e-09,recent_2018_2023_damped
2034,ischemic_stroke,Male,20-24,Deaths,38.75446216723588,38.75446193603119,2.3120468739534772e-07,5.965885625685587e-09,recent_2018_2023_damped
2034,ischemic_stroke,Male,20-24,YLD,8838.785701104554,8838.785648373196,5.273135866445955e-05,5.965905358748564e-09,recent_2018_2023_damped
2034,ischemic_stroke,Male,20-24,YLL,2626.951572284608,2626.951556612532,1.5672076187911443e-05,5.965879404384856e-09,recent_2018_2023_damped
2034,ischemic_stroke,Male,25-29,DALY,15090.989852566428,15090.989186997787,0.0006655686411249917,4.410371201501076e-08,recent_2018_2023_damped
2034,ischemic_stroke,Male,25-29,Deaths,66.3047215772985,66.30471865301365,2.924284842720226e-06,4.410372145644136e-08,recent_2018_2023_damped
2034,ischemic_stroke,Male,25-29,YLD,10928.246481844264,10928.245999868055,0.00048197620890277904,4.410371151130733e-08,recent_2018_2023_damped
2034,ischemic_stroke,Male,25-29,YLL,4162.743370722164,4162.743187129731,0.00018359243313170737,4.410371355584318e-08,recent_2018_2023_damped
2034,ischemic_stroke,Male,30-34,DALY,22166.42825913854,22166.42831383284,-5.4694297432433814e-05,-2.46743844601713e-09,recent_2018_2023_damped
2034,ischemic_stroke,Male,30-34,Deaths,139.8804496238352,139.88044996898273,-3.4514752655923076e-07,-2.4674464990337405e-09,recent_2018_2023_damped
2034,ischemic_stroke,Male,30-34,YLD,14212.54979537779,14212.54983044639,-3.506860048219096e-05,-2.4674390521443483e-09,recent_2018_2023_damped
2034,ischemic_stroke,Male,30-34,YLL,7953.878463760753,7953.878483386446,-1.9625692402769346e-05,-2.467436791216039e-09,recent_2018_2023_damped
2034,ischemic_stroke,Male,35-39,DALY,71822.01282236437,71822.00889149099,0.003930873383069411,5.473076350465485e-08,recent_2018_2023_damped
2034,ischemic_stroke,Male,35-39,Deaths,664.3585834773493,664.3585471164997,3.6360849549055274e-05,5.47307620363604e-08,recent_2018_2023_damped
2034,ischemic_stroke,Male,35-39,YLD,36622.72733602299,36622.72533163308,0.0020043899057782255,5.4730768604130144e-08,recent_2018_2023_damped
2034,ischemic_stroke,Male,35-39,YLL,35199.28548634139,35199.2835598579,0.0019264834918431006,5.4730758612374385e-08,recent_2018_2023_damped
2034,ischemic_stroke,Male,40-44,DALY,94192.91755153799,94192.92321629172,-0.00566475372761488,-6.01399079058956e-08,recent_2018_2023_damped
2034,ischemic_stroke,Male,40-44,Deaths,1192.5671135031362,1192.5671852240148,-7.172087862272747e-05,-6.013990617162188e-08,recent_2018_2023_damped
2034,ischemic_stroke,Male,40-44,YLD,37001.67570473272,37001.67793001012,-0.0022252773997024633,-6.013990511218567e-08,recent_2018_2023_damped
2034,ischemic_stroke,Male,40-44,YLL,57191.24184680527,57191.24528628162,-0.003439476349740289,-6.013991009503882e-08,recent_2018_2023_damped
2034,ischemic_stroke,Male,45-49,DALY,246128.6401553098,246128.63541314675,0.004742163058836013,1.9267010727443032e-08,recent_2018_2023_damped
2034,ischemic_stroke,Male,45-49,Deaths,3669.6136952529005,3669.6136245504026,7.070249785101623e-05,1.9267014210434385e-08,recent_2018_2023_damped
2034,ischemic_stroke,Male,45-49,YLD,89654.3504576398,89654.34873026884,0.0017273709527216852,1.9267006867883198e-08,recent_2018_2023_damped
2034,ischemic_stroke,Male,45-49,YLL,156474.28969767003,156474.2866828779,0.0030147921352181584,1.9267013124834717e-08,recent_2018_2023_damped
2034,ischemic_stroke,Male,50-54,DALY,267068.422666915,267068.42345871,-0.0007917950279079378,-2.964764675859753e-09,recent_2018_2023_damped
2034,ischemic_stroke,Male,50-54,Deaths,4704.425345960361,4704.425359907889,-1.3947528714197688e-05,-2.9647677765411024e-09,recent_2018_2023_damped
2034,ischemic_stroke,Male,50-54,YLD,88173.1821865026,88173.18244791617,-0.0002614135737530887,-2.9647741693740667e-09,recent_2018_2023_damped
2034,ischemic_stroke,Male,50-54,YLL,178895.24048041238,178895.24101079386,-0.0005303814832586795,-2.964760159420218e-09,recent_2018_2023_damped
2034,ischemic_stroke,Male,55-59,DALY,460514.7658796903,460514.7632467614,0.002632928895764053,5.717360453769489e-09,recent_2018_2023_damped
2034,ischemic_stroke,Male,55-59,Deaths,9627.286624855014,9627.286569812357,5.504265755007509e-05,5.71735941907751e-09,recent_2018_2023_damped
2034,ischemic_stroke,Male,55-59,YLD,142358.5814802095,142358.58066629336,0.0008139161509461701,5.717366295285657e-09,recent_2018_2023_damped
2034,ischemic_stroke,Male,55-59,YLL,318156.18439948076,318156.18258046807,0.0018190126866102219,5.71735765703738e-09,recent_2018_2023_damped
2034,ischemic_stroke,Male,60-64,DALY,1591091.7720217379,1591091.8275898043,-0.05556806642562151,-3.492448736274157e-08,recent_2018_2023_damped
2034,ischemic_stroke,Male,60-64,Deaths,38424.585315936165,38424.58665789509,-0.0013419589231489226,-3.4924485592955384e-08,recent_2018_2023_damped
2034,ischemic_stroke,Male,60-64,YLD,455107.54483105295,455107.5607254557,-0.015894402749836445,-3.4924497243025954e-08,recent_2018_2023_damped
2034,ischemic_stroke,Male,60-64,YLL,1135984.227190685,1135984.266864349,-0.03967366390861571,-3.492448360937841e-08,recent_2018_2023_damped
2034,ischemic_stroke,Male,65-69,DALY,1620539.330462509,1620539.3167105876,0.01375192147679627,8.486015325262378e-09,recent_2018_2023_damped
2034,ischemic_stroke,Male,65-69,Deaths,48019.4962623107,48019.49585481644,0.00040749425534158945,8.486016941402709e-09,recent_2018_2023_damped
2034,ischemic_stroke,Male,65-69,YLD,475149.94762810087,475149.9435959772,0.004032123659271747,8.486002605317123e-09,recent_2018_2023_damped
2034,ischemic_stroke,Male,65-69,YLL,1145389.3828344082,1145389.3731146106,0.00971979764290154,8.486020449509576e-09,recent_2018_2023_damped
2034,ischemic_stroke,Male,70+,DALY,7480218.7731605945,7480219.313638626,-0.5404780311509967,-7.225430278034058e-08,recent_2018_2023_damped
2034,ischemic_stroke,Male,70+,Deaths,426837.8411470442,426837.87198791787,-0.030840873660054058,-7.225430469985814e-08,recent_2018_2023_damped
2034,ischemic_stroke,Male,70+,YLD,1576177.1521382437,1576177.2660238424,-0.11388559872284532,-7.22543086858116e-08,recent_2018_2023_damped
2034,ischemic_stroke,Male,70+,YLL,5904041.621022351,5904042.047614783,-0.4265924319624901,-7.225430112491023e-08,recent_2018_2023_damped
