scenario_id,cost_structure_scenario,year,perspective,annual_programme_cost_2025_cny,cost_status,payer_path_id,payer_path_status,architecture_id,architecture_status,transfer_payment,transfer_payment_status,capital_cash,capital_annuity,capital_cost_selected,capital_cost_status,recurrent_cost,recurrent_cost_status,resource_dedup_level,price_year,currency,cost_boundary,source_model,gap_resolution_method,formal_CEA_allowed,formal_cost_PSA_allowed,missing_is_zero,psa_level,model_version,integration_version,temporal_cost_adjustment,analysis_interpretation_cn,paper_reporting_lock,maintenance_scenario,maintenance_adequacy,effect_retention_relative_to_2034,formal_use_status,long_term_cost_status,capital_renewal_reserve_included
S0,STRUCTURAL_ANCHOR,2025,payer,0.0,modelled,NOT_APPLICABLE,NOT_APPLICABLE,NOT_APPLICABLE,NOT_APPLICABLE,,not_applicable,,,,not_applicable,,not_applicable,NOT_APPLICABLE,2025,CNY,REFERENCE,REFERENCE_NO_ADDITIONAL_POLICY,NONE_STRUCTURAL_ZERO,YES,YES,NO,STRATEGY_AGGREGATE_MULTIPLIER,v1.4_FINAL_MODEL_BASED,ALLdis_CEA_v3.0,NONE,基线参照：无新增政策成本,STANDARD_LABEL,D9_MAIN_FULL_MAINTENANCE,,,FORMAL_PARENT_2025_2034,CVD_V16_LOCKED,
S1,STRUCTURAL_ANCHOR,2025,payer,209032160.00000003,modelled,NOT_APPLICABLE,NOT_APPLICABLE,NOT_APPLICABLE,NOT_APPLICABLE,,not_applicable,,,,conditional_not_standardized_across_all_modules,,conditional_not_standardized_across_all_modules,NOT_APPLICABLE,2025,CNY,FULL_MODELLED_INCREMENTAL,S1_COMPLETION_MODEL,MODEL_ASSUMPTION_RESOLVES_S1_GAPS,YES,YES,NO,STRATEGY_AGGREGATE_MULTIPLIER,v1.4_FINAL_MODEL_BASED,ALLdis_CEA_v3.0,NONE,完整建模的增量政策成本；v16主分析补入持续传播维护成本,STANDARD_LABEL,D9_MAIN_FULL_MAINTENANCE,1.0,1.0,FORMAL_PARENT_2025_2034,CVD_V16_LOCKED,
S2,STRUCTURAL_ANCHOR,2025,payer,341073640.971,modelled,S2_COMPONENT_METHOD,FORMAL_SELECTED; PROCUREMENT_PACKAGE_EXCLUDED,NOT_APPLICABLE,NOT_APPLICABLE,,not_applicable,,,,conditional_not_standardized_across_all_modules,,conditional_not_standardized_across_all_modules,NOT_APPLICABLE,2025,CNY,AUDITED_CORE,S2_AUDITED_CORE_WITH_S0_INCREMENTAL_FACTOR,MODEL_ASSUMPTION_RESOLVES_S0_DEDUCTION,YES,YES,NO,STRATEGY_AGGREGATE_MULTIPLIER,v1.4_FINAL_MODEL_BASED,ALLdis_CEA_v3.0,NONE,可审计核心成本，不得表述为完整社区组织政策总成本,MUST_LABEL_AUDITED_CORE,D9_MAIN_FULL_MAINTENANCE,1.0,1.0,FORMAL_PARENT_2025_2034,CVD_V16_LOCKED,
S3,STRUCTURAL_ANCHOR,2025,payer,0.0,modelled,NOT_APPLICABLE,NOT_APPLICABLE,NOT_APPLICABLE,NOT_APPLICABLE,,not_applicable,,,,conditional_not_standardized_across_all_modules,,conditional_not_standardized_across_all_modules,NOT_APPLICABLE,2025,CNY,AUDITED_CORE,S3_AUDITED_QUANTIFIED_CORE,EXPLICIT_CORE_COST_BOUNDARY,YES,YES,NO,STRATEGY_AGGREGATE_MULTIPLIER,v1.4_FINAL_MODEL_BASED,ALLdis_CEA_v3.0,NONE,可审计量化核心成本，不得表述为完整设施政策总成本,MUST_LABEL_AUDITED_CORE,D9_MAIN_FULL_MAINTENANCE,1.0,1.0,FORMAL_PARENT_2025_2034,CVD_V16_LOCKED,0.0
S4,STRUCTURAL_ANCHOR,2025,payer,101698499.84,modelled,NOT_APPLICABLE,NOT_APPLICABLE,NOT_APPLICABLE,NOT_APPLICABLE,,not_applicable,,,,conditional_not_standardized_across_all_modules,,conditional_not_standardized_across_all_modules,NOT_APPLICABLE,2025,CNY,AUDITED_CORE,S4_AUDITED_QUANTIFIED_CORE,EXPLICIT_CORE_COST_BOUNDARY,YES,YES,NO,STRATEGY_AGGREGATE_MULTIPLIER,v1.4_FINAL_MODEL_BASED,ALLdis_CEA_v3.0,NONE,可审计量化核心成本，不得表述为完整体卫融合政策总成本,MUST_LABEL_AUDITED_CORE,D9_MAIN_FULL_MAINTENANCE,1.0,1.0,FORMAL_PARENT_2025_2034,CVD_V16_LOCKED,
S5,STRUCTURAL_ANCHOR,2025,payer,332397560.0,modelled,NOT_APPLICABLE,NOT_APPLICABLE,MODEL_UNSPECIFIED,conditional_metadata_gap,6000000.0,identified_cash_transfer_in_payer_cost,,,,conditional_not_standardized_across_all_modules,,conditional_not_standardized_across_all_modules,NOT_APPLICABLE,2025,CNY,FULL_MODELLED_INCREMENTAL,S5_NATIONAL_DEPLOYMENT_COMPLETION_MODEL,MODEL_ASSUMPTION_RESOLVES_S5_GAPS,YES,YES,NO,STRATEGY_AGGREGATE_MULTIPLIER,v1.4_FINAL_MODEL_BASED,ALLdis_CEA_v3.0,NONE,完整建模的增量部署成本；支付方成本含可识别转移支付,STANDARD_LABEL,D9_MAIN_FULL_MAINTENANCE,1.0,1.0,FORMAL_PARENT_2025_2034,CVD_V16_LOCKED,0.0
S6,STRUCTURAL_ANCHOR,2025,payer,976964360.811,modelled,NOT_APPLICABLE,NOT_APPLICABLE,S6_COMPOSITE_INCLUDES_S5_MODEL_UNSPECIFIED,conditional_metadata_gap,,conditional_embedded_composite_not_separately_estimable,,,,conditional_not_standardized_across_all_modules,,conditional_not_standardized_across_all_modules,SHARED_POOL_LEVEL,2025,CNY,DEDUPLICATED_COMPOSITE,S6_DEDUP_CORE_PLUS_MODULE_DELTAS_AND_MICROCOST_COORDINATION,MODEL_ASSUMPTION_RESOLVES_COORDINATION_AND_SHARED_POOL_GAPS,YES,YES,NO,STRATEGY_AGGREGATE_MULTIPLIER,v1.4_FINAL_MODEL_BASED,ALLdis_CEA_v3.0,NONE,跨模块去重后的综合政策包成本,STANDARD_LABEL,D9_MAIN_FULL_MAINTENANCE,1.0,1.0,FORMAL_PARENT_2025_2034,CVD_V16_LOCKED,0.0
S7,STRUCTURAL_ANCHOR,2025,payer,,missing_intentionally_undefined,NOT_APPLICABLE,NOT_APPLICABLE,NOT_APPLICABLE,NOT_APPLICABLE,,missing_intentionally_undefined,,,,missing_intentionally_undefined,,missing_intentionally_undefined,NOT_APPLICABLE,2025,CNY,THRESHOLD_ONLY,BUDGET_THRESHOLD_STRATEGY,INTENTIONALLY_UNDEFINED,NOT_APPLICABLE,NOT_APPLICABLE,NO,STRATEGY_AGGREGATE_MULTIPLIER,v1.4_FINAL_MODEL_BASED,ALLdis_CEA_v3.0,NONE,目标阈值情景，成本有意不估计,STANDARD_LABEL,D9_MAIN_FULL_MAINTENANCE,,,FORMAL_PARENT_2025_2034,CVD_V16_LOCKED,
S0,STRUCTURAL_ANCHOR,2026,payer,0.0,modelled,NOT_APPLICABLE,NOT_APPLICABLE,NOT_APPLICABLE,NOT_APPLICABLE,,not_applicable,,,,not_applicable,,not_applicable,NOT_APPLICABLE,2025,CNY,REFERENCE,REFERENCE_NO_ADDITIONAL_POLICY,NONE_STRUCTURAL_ZERO,YES,YES,NO,STRATEGY_AGGREGATE_MULTIPLIER,v1.4_FINAL_MODEL_BASED,ALLdis_CEA_v3.0,NONE,基线参照：无新增政策成本,STANDARD_LABEL,D9_MAIN_FULL_MAINTENANCE,,,FORMAL_PARENT_2025_2034,CVD_V16_LOCKED,
S1,STRUCTURAL_ANCHOR,2026,payer,169032160.00000003,modelled,NOT_APPLICABLE,NOT_APPLICABLE,NOT_APPLICABLE,NOT_APPLICABLE,,not_applicable,,,,conditional_not_standardized_across_all_modules,,conditional_not_standardized_across_all_modules,NOT_APPLICABLE,2025,CNY,FULL_MODELLED_INCREMENTAL,S1_COMPLETION_MODEL,MODEL_ASSUMPTION_RESOLVES_S1_GAPS,YES,YES,NO,STRATEGY_AGGREGATE_MULTIPLIER,v1.4_FINAL_MODEL_BASED,ALLdis_CEA_v3.0,NONE,完整建模的增量政策成本；v16主分析补入持续传播维护成本,STANDARD_LABEL,D9_MAIN_FULL_MAINTENANCE,1.0,1.0,FORMAL_PARENT_2025_2034,CVD_V16_LOCKED,
S2,STRUCTURAL_ANCHOR,2026,payer,672454023.9210001,modelled,S2_COMPONENT_METHOD,FORMAL_SELECTED; PROCUREMENT_PACKAGE_EXCLUDED,NOT_APPLICABLE,NOT_APPLICABLE,,not_applicable,,,,conditional_not_standardized_across_all_modules,,conditional_not_standardized_across_all_modules,NOT_APPLICABLE,2025,CNY,AUDITED_CORE,S2_AUDITED_CORE_WITH_S0_INCREMENTAL_FACTOR,MODEL_ASSUMPTION_RESOLVES_S0_DEDUCTION,YES,YES,NO,STRATEGY_AGGREGATE_MULTIPLIER,v1.4_FINAL_MODEL_BASED,ALLdis_CEA_v3.0,NONE,可审计核心成本，不得表述为完整社区组织政策总成本,MUST_LABEL_AUDITED_CORE,D9_MAIN_FULL_MAINTENANCE,1.0,1.0,FORMAL_PARENT_2025_2034,CVD_V16_LOCKED,
S3,STRUCTURAL_ANCHOR,2026,payer,2368156624.66,modelled,NOT_APPLICABLE,NOT_APPLICABLE,NOT_APPLICABLE,NOT_APPLICABLE,,not_applicable,,,,conditional_not_standardized_across_all_modules,,conditional_not_standardized_across_all_modules,NOT_APPLICABLE,2025,CNY,AUDITED_CORE,S3_AUDITED_QUANTIFIED_CORE,EXPLICIT_CORE_COST_BOUNDARY,YES,YES,NO,STRATEGY_AGGREGATE_MULTIPLIER,v1.4_FINAL_MODEL_BASED,ALLdis_CEA_v3.0,NONE,可审计量化核心成本，不得表述为完整设施政策总成本,MUST_LABEL_AUDITED_CORE,D9_MAIN_FULL_MAINTENANCE,1.0,1.0,FORMAL_PARENT_2025_2034,CVD_V16_LOCKED,0.0
S4,STRUCTURAL_ANCHOR,2026,payer,198222689.04,modelled,NOT_APPLICABLE,NOT_APPLICABLE,NOT_APPLICABLE,NOT_APPLICABLE,,not_applicable,,,,conditional_not_standardized_across_all_modules,,conditional_not_standardized_across_all_modules,NOT_APPLICABLE,2025,CNY,AUDITED_CORE,S4_AUDITED_QUANTIFIED_CORE,EXPLICIT_CORE_COST_BOUNDARY,YES,YES,NO,STRATEGY_AGGREGATE_MULTIPLIER,v1.4_FINAL_MODEL_BASED,ALLdis_CEA_v3.0,NONE,可审计量化核心成本，不得表述为完整体卫融合政策总成本,MUST_LABEL_AUDITED_CORE,D9_MAIN_FULL_MAINTENANCE,1.0,1.0,FORMAL_PARENT_2025_2034,CVD_V16_LOCKED,
S5,STRUCTURAL_ANCHOR,2026,payer,126093560.0,modelled,NOT_APPLICABLE,NOT_APPLICABLE,MODEL_UNSPECIFIED,conditional_metadata_gap,26000000.0,identified_cash_transfer_in_payer_cost,,,,conditional_not_standardized_across_all_modules,,conditional_not_standardized_across_all_modules,NOT_APPLICABLE,2025,CNY,FULL_MODELLED_INCREMENTAL,S5_NATIONAL_DEPLOYMENT_COMPLETION_MODEL,MODEL_ASSUMPTION_RESOLVES_S5_GAPS,YES,YES,NO,STRATEGY_AGGREGATE_MULTIPLIER,v1.4_FINAL_MODEL_BASED,ALLdis_CEA_v3.0,NONE,完整建模的增量部署成本；支付方成本含可识别转移支付,STANDARD_LABEL,D9_MAIN_FULL_MAINTENANCE,1.0,1.0,FORMAL_PARENT_2025_2034,CVD_V16_LOCKED,0.0
S6,STRUCTURAL_ANCHOR,2026,payer,3519004057.621,modelled,NOT_APPLICABLE,NOT_APPLICABLE,S6_COMPOSITE_INCLUDES_S5_MODEL_UNSPECIFIED,conditional_metadata_gap,,conditional_embedded_composite_not_separately_estimable,,,,conditional_not_standardized_across_all_modules,,conditional_not_standardized_across_all_modules,SHARED_POOL_LEVEL,2025,CNY,DEDUPLICATED_COMPOSITE,S6_DEDUP_CORE_PLUS_MODULE_DELTAS_AND_MICROCOST_COORDINATION,MODEL_ASSUMPTION_RESOLVES_COORDINATION_AND_SHARED_POOL_GAPS,YES,YES,NO,STRATEGY_AGGREGATE_MULTIPLIER,v1.4_FINAL_MODEL_BASED,ALLdis_CEA_v3.0,NONE,跨模块去重后的综合政策包成本,STANDARD_LABEL,D9_MAIN_FULL_MAINTENANCE,1.0,1.0,FORMAL_PARENT_2025_2034,CVD_V16_LOCKED,0.0
S7,STRUCTURAL_ANCHOR,2026,payer,,missing_intentionally_undefined,NOT_APPLICABLE,NOT_APPLICABLE,NOT_APPLICABLE,NOT_APPLICABLE,,missing_intentionally_undefined,,,,missing_intentionally_undefined,,missing_intentionally_undefined,NOT_APPLICABLE,2025,CNY,THRESHOLD_ONLY,BUDGET_THRESHOLD_STRATEGY,INTENTIONALLY_UNDEFINED,NOT_APPLICABLE,NOT_APPLICABLE,NO,STRATEGY_AGGREGATE_MULTIPLIER,v1.4_FINAL_MODEL_BASED,ALLdis_CEA_v3.0,NONE,目标阈值情景，成本有意不估计,STANDARD_LABEL,D9_MAIN_FULL_MAINTENANCE,,,FORMAL_PARENT_2025_2034,CVD_V16_LOCKED,
S0,STRUCTURAL_ANCHOR,2027,payer,0.0,modelled,NOT_APPLICABLE,NOT_APPLICABLE,NOT_APPLICABLE,NOT_APPLICABLE,,not_applicable,,,,not_applicable,,not_applicable,NOT_APPLICABLE,2025,CNY,REFERENCE,REFERENCE_NO_ADDITIONAL_POLICY,NONE_STRUCTURAL_ZERO,YES,YES,NO,STRATEGY_AGGREGATE_MULTIPLIER,v1.4_FINAL_MODEL_BASED,ALLdis_CEA_v3.0,NONE,基线参照：无新增政策成本,STANDARD_LABEL,D9_MAIN_FULL_MAINTENANCE,,,FORMAL_PARENT_2025_2034,CVD_V16_LOCKED,
S1,STRUCTURAL_ANCHOR,2027,payer,169032160.00000003,modelled,NOT_APPLICABLE,NOT_APPLICABLE,NOT_APPLICABLE,NOT_APPLICABLE,,not_applicable,,,,conditional_not_standardized_across_all_modules,,conditional_not_standardized_across_all_modules,NOT_APPLICABLE,2025,CNY,FULL_MODELLED_INCREMENTAL,S1_COMPLETION_MODEL,MODEL_ASSUMPTION_RESOLVES_S1_GAPS,YES,YES,NO,STRATEGY_AGGREGATE_MULTIPLIER,v1.4_FINAL_MODEL_BASED,ALLdis_CEA_v3.0,NONE,完整建模的增量政策成本；v16主分析补入持续传播维护成本,STANDARD_LABEL,D9_MAIN_FULL_MAINTENANCE,1.0,1.0,FORMAL_PARENT_2025_2034,CVD_V16_LOCKED,
S2,STRUCTURAL_ANCHOR,2027,payer,1006763232.969,modelled,S2_COMPONENT_METHOD,FORMAL_SELECTED; PROCUREMENT_PACKAGE_EXCLUDED,NOT_APPLICABLE,NOT_APPLICABLE,,not_applicable,,,,conditional_not_standardized_across_all_modules,,conditional_not_standardized_across_all_modules,NOT_APPLICABLE,2025,CNY,AUDITED_CORE,S2_AUDITED_CORE_WITH_S0_INCREMENTAL_FACTOR,MODEL_ASSUMPTION_RESOLVES_S0_DEDUCTION,YES,YES,NO,STRATEGY_AGGREGATE_MULTIPLIER,v1.4_FINAL_MODEL_BASED,ALLdis_CEA_v3.0,NONE,可审计核心成本，不得表述为完整社区组织政策总成本,MUST_LABEL_AUDITED_CORE,D9_MAIN_FULL_MAINTENANCE,1.0,1.0,FORMAL_PARENT_2025_2034,CVD_V16_LOCKED,
S3,STRUCTURAL_ANCHOR,2027,payer,2385756624.66,modelled,NOT_APPLICABLE,NOT_APPLICABLE,NOT_APPLICABLE,NOT_APPLICABLE,,not_applicable,,,,conditional_not_standardized_across_all_modules,,conditional_not_standardized_across_all_modules,NOT_APPLICABLE,2025,CNY,AUDITED_CORE,S3_AUDITED_QUANTIFIED_CORE,EXPLICIT_CORE_COST_BOUNDARY,YES,YES,NO,STRATEGY_AGGREGATE_MULTIPLIER,v1.4_FINAL_MODEL_BASED,ALLdis_CEA_v3.0,NONE,可审计量化核心成本，不得表述为完整设施政策总成本,MUST_LABEL_AUDITED_CORE,D9_MAIN_FULL_MAINTENANCE,1.0,1.0,FORMAL_PARENT_2025_2034,CVD_V16_LOCKED,0.0
S4,STRUCTURAL_ANCHOR,2027,payer,368678183.94,modelled,NOT_APPLICABLE,NOT_APPLICABLE,NOT_APPLICABLE,NOT_APPLICABLE,,not_applicable,,,,conditional_not_standardized_across_all_modules,,conditional_not_standardized_across_all_modules,NOT_APPLICABLE,2025,CNY,AUDITED_CORE,S4_AUDITED_QUANTIFIED_CORE,EXPLICIT_CORE_COST_BOUNDARY,YES,YES,NO,STRATEGY_AGGREGATE_MULTIPLIER,v1.4_FINAL_MODEL_BASED,ALLdis_CEA_v3.0,NONE,可审计量化核心成本，不得表述为完整体卫融合政策总成本,MUST_LABEL_AUDITED_CORE,D9_MAIN_FULL_MAINTENANCE,1.0,1.0,FORMAL_PARENT_2025_2034,CVD_V16_LOCKED,
S5,STRUCTURAL_ANCHOR,2027,payer,149680760.0,modelled,NOT_APPLICABLE,NOT_APPLICABLE,MODEL_UNSPECIFIED,conditional_metadata_gap,40000000.0,identified_cash_transfer_in_payer_cost,,,,conditional_not_standardized_across_all_modules,,conditional_not_standardized_across_all_modules,NOT_APPLICABLE,2025,CNY,FULL_MODELLED_INCREMENTAL,S5_NATIONAL_DEPLOYMENT_COMPLETION_MODEL,MODEL_ASSUMPTION_RESOLVES_S5_GAPS,YES,YES,NO,STRATEGY_AGGREGATE_MULTIPLIER,v1.4_FINAL_MODEL_BASED,ALLdis_CEA_v3.0,NONE,完整建模的增量部署成本；支付方成本含可识别转移支付,STANDARD_LABEL,D9_MAIN_FULL_MAINTENANCE,1.0,1.0,FORMAL_PARENT_2025_2034,CVD_V16_LOCKED,0.0
S6,STRUCTURAL_ANCHOR,2027,payer,4058568461.569,modelled,NOT_APPLICABLE,NOT_APPLICABLE,S6_COMPOSITE_INCLUDES_S5_MODEL_UNSPECIFIED,conditional_metadata_gap,,conditional_embedded_composite_not_separately_estimable,,,,conditional_not_standardized_across_all_modules,,conditional_not_standardized_across_all_modules,SHARED_POOL_LEVEL,2025,CNY,DEDUPLICATED_COMPOSITE,S6_DEDUP_CORE_PLUS_MODULE_DELTAS_AND_MICROCOST_COORDINATION,MODEL_ASSUMPTION_RESOLVES_COORDINATION_AND_SHARED_POOL_GAPS,YES,YES,NO,STRATEGY_AGGREGATE_MULTIPLIER,v1.4_FINAL_MODEL_BASED,ALLdis_CEA_v3.0,NONE,跨模块去重后的综合政策包成本,STANDARD_LABEL,D9_MAIN_FULL_MAINTENANCE,1.0,1.0,FORMAL_PARENT_2025_2034,CVD_V16_LOCKED,0.0
S7,STRUCTURAL_ANCHOR,2027,payer,,missing_intentionally_undefined,NOT_APPLICABLE,NOT_APPLICABLE,NOT_APPLICABLE,NOT_APPLICABLE,,missing_intentionally_undefined,,,,missing_intentionally_undefined,,missing_intentionally_undefined,NOT_APPLICABLE,2025,CNY,THRESHOLD_ONLY,BUDGET_THRESHOLD_STRATEGY,INTENTIONALLY_UNDEFINED,NOT_APPLICABLE,NOT_APPLICABLE,NO,STRATEGY_AGGREGATE_MULTIPLIER,v1.4_FINAL_MODEL_BASED,ALLdis_CEA_v3.0,NONE,目标阈值情景，成本有意不估计,STANDARD_LABEL,D9_MAIN_FULL_MAINTENANCE,,,FORMAL_PARENT_2025_2034,CVD_V16_LOCKED,
S0,STRUCTURAL_ANCHOR,2028,payer,0.0,modelled,NOT_APPLICABLE,NOT_APPLICABLE,NOT_APPLICABLE,NOT_APPLICABLE,,not_applicable,,,,not_applicable,,not_applicable,NOT_APPLICABLE,2025,CNY,REFERENCE,REFERENCE_NO_ADDITIONAL_POLICY,NONE_STRUCTURAL_ZERO,YES,YES,NO,STRATEGY_AGGREGATE_MULTIPLIER,v1.4_FINAL_MODEL_BASED,ALLdis_CEA_v3.0,NONE,基线参照：无新增政策成本,STANDARD_LABEL,D9_MAIN_FULL_MAINTENANCE,,,FORMAL_PARENT_2025_2034,CVD_V16_LOCKED,
S1,STRUCTURAL_ANCHOR,2028,payer,169032160.00000003,modelled_v16_temporal_alignment,NOT_APPLICABLE,NOT_APPLICABLE,NOT_APPLICABLE,NOT_APPLICABLE,,not_applicable,,,,conditional_not_standardized_across_all_modules,,conditional_not_standardized_across_all_modules,NOT_APPLICABLE,2025,CNY,FULL_MODELLED_INCREMENTAL,S1_COMPLETION_MODEL,MODEL_ASSUMPTION_RESOLVES_S1_GAPS,YES,YES,NO,STRATEGY_AGGREGATE_MULTIPLIER,v1.4_FINAL_MODEL_BASED,ALLdis_CEA_v3.0,S1_RECURRING_MAINTENANCE_FROM_2027,完整建模的增量政策成本；v16主分析补入持续传播维护成本,STANDARD_LABEL,D9_MAIN_FULL_MAINTENANCE,1.0,1.0,FORMAL_PARENT_2025_2034,CVD_V16_LOCKED,
S2,STRUCTURAL_ANCHOR,2028,payer,1344153519.837,modelled,S2_COMPONENT_METHOD,FORMAL_SELECTED; PROCUREMENT_PACKAGE_EXCLUDED,NOT_APPLICABLE,NOT_APPLICABLE,,not_applicable,,,,conditional_not_standardized_across_all_modules,,conditional_not_standardized_across_all_modules,NOT_APPLICABLE,2025,CNY,AUDITED_CORE,S2_AUDITED_CORE_WITH_S0_INCREMENTAL_FACTOR,MODEL_ASSUMPTION_RESOLVES_S0_DEDUCTION,YES,YES,NO,STRATEGY_AGGREGATE_MULTIPLIER,v1.4_FINAL_MODEL_BASED,ALLdis_CEA_v3.0,NONE,可审计核心成本，不得表述为完整社区组织政策总成本,MUST_LABEL_AUDITED_CORE,D9_MAIN_FULL_MAINTENANCE,1.0,1.0,FORMAL_PARENT_2025_2034,CVD_V16_LOCKED,
S3,STRUCTURAL_ANCHOR,2028,payer,2403356624.66,modelled,NOT_APPLICABLE,NOT_APPLICABLE,NOT_APPLICABLE,NOT_APPLICABLE,,not_applicable,,,,conditional_not_standardized_across_all_modules,,conditional_not_standardized_across_all_modules,NOT_APPLICABLE,2025,CNY,AUDITED_CORE,S3_AUDITED_QUANTIFIED_CORE,EXPLICIT_CORE_COST_BOUNDARY,YES,YES,NO,STRATEGY_AGGREGATE_MULTIPLIER,v1.4_FINAL_MODEL_BASED,ALLdis_CEA_v3.0,NONE,可审计量化核心成本，不得表述为完整设施政策总成本,MUST_LABEL_AUDITED_CORE,D9_MAIN_FULL_MAINTENANCE,1.0,1.0,FORMAL_PARENT_2025_2034,CVD_V16_LOCKED,0.0
S4,STRUCTURAL_ANCHOR,2028,payer,483343371.72,modelled,NOT_APPLICABLE,NOT_APPLICABLE,NOT_APPLICABLE,NOT_APPLICABLE,,not_applicable,,,,conditional_not_standardized_across_all_modules,,conditional_not_standardized_across_all_modules,NOT_APPLICABLE,2025,CNY,AUDITED_CORE,S4_AUDITED_QUANTIFIED_CORE,EXPLICIT_CORE_COST_BOUNDARY,YES,YES,NO,STRATEGY_AGGREGATE_MULTIPLIER,v1.4_FINAL_MODEL_BASED,ALLdis_CEA_v3.0,NONE,可审计量化核心成本，不得表述为完整体卫融合政策总成本,MUST_LABEL_AUDITED_CORE,D9_MAIN_FULL_MAINTENANCE,1.0,1.0,FORMAL_PARENT_2025_2034,CVD_V16_LOCKED,
S5,STRUCTURAL_ANCHOR,2028,payer,149680760.0,modelled,NOT_APPLICABLE,NOT_APPLICABLE,MODEL_UNSPECIFIED,conditional_metadata_gap,40000000.0,identified_cash_transfer_in_payer_cost,,,,conditional_not_standardized_across_all_modules,,conditional_not_standardized_across_all_modules,NOT_APPLICABLE,2025,CNY,FULL_MODELLED_INCREMENTAL,S5_NATIONAL_DEPLOYMENT_COMPLETION_MODEL,MODEL_ASSUMPTION_RESOLVES_S5_GAPS,YES,YES,NO,STRATEGY_AGGREGATE_MULTIPLIER,v1.4_FINAL_MODEL_BASED,ALLdis_CEA_v3.0,NONE,完整建模的增量部署成本；支付方成本含可识别转移支付,STANDARD_LABEL,D9_MAIN_FULL_MAINTENANCE,1.0,1.0,FORMAL_PARENT_2025_2034,CVD_V16_LOCKED,0.0
S6,STRUCTURAL_ANCHOR,2028,payer,4352804276.217001,modelled,NOT_APPLICABLE,NOT_APPLICABLE,S6_COMPOSITE_INCLUDES_S5_MODEL_UNSPECIFIED,conditional_metadata_gap,,conditional_embedded_composite_not_separately_estimable,,,,conditional_not_standardized_across_all_modules,,conditional_not_standardized_across_all_modules,SHARED_POOL_LEVEL,2025,CNY,DEDUPLICATED_COMPOSITE,S6_DEDUP_CORE_PLUS_MODULE_DELTAS_AND_MICROCOST_COORDINATION,MODEL_ASSUMPTION_RESOLVES_COORDINATION_AND_SHARED_POOL_GAPS,YES,YES,NO,STRATEGY_AGGREGATE_MULTIPLIER,v1.4_FINAL_MODEL_BASED,ALLdis_CEA_v3.0,NONE,跨模块去重后的综合政策包成本,STANDARD_LABEL,D9_MAIN_FULL_MAINTENANCE,1.0,1.0,FORMAL_PARENT_2025_2034,CVD_V16_LOCKED,0.0
S7,STRUCTURAL_ANCHOR,2028,payer,,missing_intentionally_undefined,NOT_APPLICABLE,NOT_APPLICABLE,NOT_APPLICABLE,NOT_APPLICABLE,,missing_intentionally_undefined,,,,missing_intentionally_undefined,,missing_intentionally_undefined,NOT_APPLICABLE,2025,CNY,THRESHOLD_ONLY,BUDGET_THRESHOLD_STRATEGY,INTENTIONALLY_UNDEFINED,NOT_APPLICABLE,NOT_APPLICABLE,NO,STRATEGY_AGGREGATE_MULTIPLIER,v1.4_FINAL_MODEL_BASED,ALLdis_CEA_v3.0,NONE,目标阈值情景，成本有意不估计,STANDARD_LABEL,D9_MAIN_FULL_MAINTENANCE,,,FORMAL_PARENT_2025_2034,CVD_V16_LOCKED,
S0,STRUCTURAL_ANCHOR,2029,payer,0.0,modelled,NOT_APPLICABLE,NOT_APPLICABLE,NOT_APPLICABLE,NOT_APPLICABLE,,not_applicable,,,,not_applicable,,not_applicable,NOT_APPLICABLE,2025,CNY,REFERENCE,REFERENCE_NO_ADDITIONAL_POLICY,NONE_STRUCTURAL_ZERO,YES,YES,NO,STRATEGY_AGGREGATE_MULTIPLIER,v1.4_FINAL_MODEL_BASED,ALLdis_CEA_v3.0,NONE,基线参照：无新增政策成本,STANDARD_LABEL,D9_MAIN_FULL_MAINTENANCE,,,FORMAL_PARENT_2025_2034,CVD_V16_LOCKED,
S1,STRUCTURAL_ANCHOR,2029,payer,169032160.00000003,modelled_v16_temporal_alignment,NOT_APPLICABLE,NOT_APPLICABLE,NOT_APPLICABLE,NOT_APPLICABLE,,not_applicable,,,,conditional_not_standardized_across_all_modules,,conditional_not_standardized_across_all_modules,NOT_APPLICABLE,2025,CNY,FULL_MODELLED_INCREMENTAL,S1_COMPLETION_MODEL,MODEL_ASSUMPTION_RESOLVES_S1_GAPS,YES,YES,NO,STRATEGY_AGGREGATE_MULTIPLIER,v1.4_FINAL_MODEL_BASED,ALLdis_CEA_v3.0,S1_RECURRING_MAINTENANCE_FROM_2027,完整建模的增量政策成本；v16主分析补入持续传播维护成本,STANDARD_LABEL,D9_MAIN_FULL_MAINTENANCE,1.0,1.0,FORMAL_PARENT_2025_2034,CVD_V16_LOCKED,
S2,STRUCTURAL_ANCHOR,2029,payer,1684788986.952,modelled,S2_COMPONENT_METHOD,FORMAL_SELECTED; PROCUREMENT_PACKAGE_EXCLUDED,NOT_APPLICABLE,NOT_APPLICABLE,,not_applicable,,,,conditional_not_standardized_across_all_modules,,conditional_not_standardized_across_all_modules,NOT_APPLICABLE,2025,CNY,AUDITED_CORE,S2_AUDITED_CORE_WITH_S0_INCREMENTAL_FACTOR,MODEL_ASSUMPTION_RESOLVES_S0_DEDUCTION,YES,YES,NO,STRATEGY_AGGREGATE_MULTIPLIER,v1.4_FINAL_MODEL_BASED,ALLdis_CEA_v3.0,NONE,可审计核心成本，不得表述为完整社区组织政策总成本,MUST_LABEL_AUDITED_CORE,D9_MAIN_FULL_MAINTENANCE,1.0,1.0,FORMAL_PARENT_2025_2034,CVD_V16_LOCKED,
S3,STRUCTURAL_ANCHOR,2029,payer,2420956624.66,modelled,NOT_APPLICABLE,NOT_APPLICABLE,NOT_APPLICABLE,NOT_APPLICABLE,,not_applicable,,,,conditional_not_standardized_across_all_modules,,conditional_not_standardized_across_all_modules,NOT_APPLICABLE,2025,CNY,AUDITED_CORE,S3_AUDITED_QUANTIFIED_CORE,EXPLICIT_CORE_COST_BOUNDARY,YES,YES,NO,STRATEGY_AGGREGATE_MULTIPLIER,v1.4_FINAL_MODEL_BASED,ALLdis_CEA_v3.0,NONE,可审计量化核心成本，不得表述为完整设施政策总成本,MUST_LABEL_AUDITED_CORE,D9_MAIN_FULL_MAINTENANCE,1.0,1.0,FORMAL_PARENT_2025_2034,CVD_V16_LOCKED,0.0
S4,STRUCTURAL_ANCHOR,2029,payer,598008559.5,modelled,NOT_APPLICABLE,NOT_APPLICABLE,NOT_APPLICABLE,NOT_APPLICABLE,,not_applicable,,,,conditional_not_standardized_across_all_modules,,conditional_not_standardized_across_all_modules,NOT_APPLICABLE,2025,CNY,AUDITED_CORE,S4_AUDITED_QUANTIFIED_CORE,EXPLICIT_CORE_COST_BOUNDARY,YES,YES,NO,STRATEGY_AGGREGATE_MULTIPLIER,v1.4_FINAL_MODEL_BASED,ALLdis_CEA_v3.0,NONE,可审计量化核心成本，不得表述为完整体卫融合政策总成本,MUST_LABEL_AUDITED_CORE,D9_MAIN_FULL_MAINTENANCE,1.0,1.0,FORMAL_PARENT_2025_2034,CVD_V16_LOCKED,
S5,STRUCTURAL_ANCHOR,2029,payer,149680760.0,modelled,NOT_APPLICABLE,NOT_APPLICABLE,MODEL_UNSPECIFIED,conditional_metadata_gap,40000000.0,identified_cash_transfer_in_payer_cost,,,,conditional_not_standardized_across_all_modules,,conditional_not_standardized_across_all_modules,NOT_APPLICABLE,2025,CNY,FULL_MODELLED_INCREMENTAL,S5_NATIONAL_DEPLOYMENT_COMPLETION_MODEL,MODEL_ASSUMPTION_RESOLVES_S5_GAPS,YES,YES,NO,STRATEGY_AGGREGATE_MULTIPLIER,v1.4_FINAL_MODEL_BASED,ALLdis_CEA_v3.0,NONE,完整建模的增量部署成本；支付方成本含可识别转移支付,STANDARD_LABEL,D9_MAIN_FULL_MAINTENANCE,1.0,1.0,FORMAL_PARENT_2025_2034,CVD_V16_LOCKED,0.0
S6,STRUCTURAL_ANCHOR,2029,payer,4819317431.112,modelled,NOT_APPLICABLE,NOT_APPLICABLE,S6_COMPOSITE_INCLUDES_S5_MODEL_UNSPECIFIED,conditional_metadata_gap,,conditional_embedded_composite_not_separately_estimable,,,,conditional_not_standardized_across_all_modules,,conditional_not_standardized_across_all_modules,SHARED_POOL_LEVEL,2025,CNY,DEDUPLICATED_COMPOSITE,S6_DEDUP_CORE_PLUS_MODULE_DELTAS_AND_MICROCOST_COORDINATION,MODEL_ASSUMPTION_RESOLVES_COORDINATION_AND_SHARED_POOL_GAPS,YES,YES,NO,STRATEGY_AGGREGATE_MULTIPLIER,v1.4_FINAL_MODEL_BASED,ALLdis_CEA_v3.0,NONE,跨模块去重后的综合政策包成本,STANDARD_LABEL,D9_MAIN_FULL_MAINTENANCE,1.0,1.0,FORMAL_PARENT_2025_2034,CVD_V16_LOCKED,0.0
S7,STRUCTURAL_ANCHOR,2029,payer,,missing_intentionally_undefined,NOT_APPLICABLE,NOT_APPLICABLE,NOT_APPLICABLE,NOT_APPLICABLE,,missing_intentionally_undefined,,,,missing_intentionally_undefined,,missing_intentionally_undefined,NOT_APPLICABLE,2025,CNY,THRESHOLD_ONLY,BUDGET_THRESHOLD_STRATEGY,INTENTIONALLY_UNDEFINED,NOT_APPLICABLE,NOT_APPLICABLE,NO,STRATEGY_AGGREGATE_MULTIPLIER,v1.4_FINAL_MODEL_BASED,ALLdis_CEA_v3.0,NONE,目标阈值情景，成本有意不估计,STANDARD_LABEL,D9_MAIN_FULL_MAINTENANCE,,,FORMAL_PARENT_2025_2034,CVD_V16_LOCKED,
S0,STRUCTURAL_ANCHOR,2030,payer,0.0,modelled,NOT_APPLICABLE,NOT_APPLICABLE,NOT_APPLICABLE,NOT_APPLICABLE,,not_applicable,,,,not_applicable,,not_applicable,NOT_APPLICABLE,2025,CNY,REFERENCE,REFERENCE_NO_ADDITIONAL_POLICY,NONE_STRUCTURAL_ZERO,YES,YES,NO,STRATEGY_AGGREGATE_MULTIPLIER,v1.4_FINAL_MODEL_BASED,ALLdis_CEA_v3.0,NONE,基线参照：无新增政策成本,STANDARD_LABEL,D9_MAIN_FULL_MAINTENANCE,,,FORMAL_PARENT_2025_2034,CVD_V16_LOCKED,
S1,STRUCTURAL_ANCHOR,2030,payer,169032160.00000003,modelled_v16_temporal_alignment,NOT_APPLICABLE,NOT_APPLICABLE,NOT_APPLICABLE,NOT_APPLICABLE,,not_applicable,,,,conditional_not_standardized_across_all_modules,,conditional_not_standardized_across_all_modules,NOT_APPLICABLE,2025,CNY,FULL_MODELLED_INCREMENTAL,S1_COMPLETION_MODEL,MODEL_ASSUMPTION_RESOLVES_S1_GAPS,YES,YES,NO,STRATEGY_AGGREGATE_MULTIPLIER,v1.4_FINAL_MODEL_BASED,ALLdis_CEA_v3.0,S1_RECURRING_MAINTENANCE_FROM_2027,完整建模的增量政策成本；v16主分析补入持续传播维护成本,STANDARD_LABEL,D9_MAIN_FULL_MAINTENANCE,1.0,1.0,FORMAL_PARENT_2025_2034,CVD_V16_LOCKED,
S2,STRUCTURAL_ANCHOR,2030,payer,1684788986.952,modelled,S2_COMPONENT_METHOD,FORMAL_SELECTED; PROCUREMENT_PACKAGE_EXCLUDED,NOT_APPLICABLE,NOT_APPLICABLE,,not_applicable,,,,conditional_not_standardized_across_all_modules,,conditional_not_standardized_across_all_modules,NOT_APPLICABLE,2025,CNY,AUDITED_CORE,S2_AUDITED_CORE_WITH_S0_INCREMENTAL_FACTOR,MODEL_ASSUMPTION_RESOLVES_S0_DEDUCTION,YES,YES,NO,STRATEGY_AGGREGATE_MULTIPLIER,v1.4_FINAL_MODEL_BASED,ALLdis_CEA_v3.0,NONE,可审计核心成本，不得表述为完整社区组织政策总成本,MUST_LABEL_AUDITED_CORE,D9_MAIN_FULL_MAINTENANCE,1.0,1.0,FORMAL_PARENT_2025_2034,CVD_V16_LOCKED,
S3,STRUCTURAL_ANCHOR,2030,payer,70400000.0,modelled,NOT_APPLICABLE,NOT_APPLICABLE,NOT_APPLICABLE,NOT_APPLICABLE,,not_applicable,,,,conditional_not_standardized_across_all_modules,,conditional_not_standardized_across_all_modules,NOT_APPLICABLE,2025,CNY,AUDITED_CORE,S3_AUDITED_QUANTIFIED_CORE,EXPLICIT_CORE_COST_BOUNDARY,YES,YES,NO,STRATEGY_AGGREGATE_MULTIPLIER,v1.4_FINAL_MODEL_BASED,ALLdis_CEA_v3.0,NONE,可审计量化核心成本，不得表述为完整设施政策总成本,MUST_LABEL_AUDITED_CORE,D9_MAIN_FULL_MAINTENANCE,1.0,1.0,FORMAL_PARENT_2025_2034,CVD_V16_LOCKED,0.0
S4,STRUCTURAL_ANCHOR,2030,payer,458660751.12,modelled,NOT_APPLICABLE,NOT_APPLICABLE,NOT_APPLICABLE,NOT_APPLICABLE,,not_applicable,,,,conditional_not_standardized_across_all_modules,,conditional_not_standardized_across_all_modules,NOT_APPLICABLE,2025,CNY,AUDITED_CORE,S4_AUDITED_QUANTIFIED_CORE,EXPLICIT_CORE_COST_BOUNDARY,YES,YES,NO,STRATEGY_AGGREGATE_MULTIPLIER,v1.4_FINAL_MODEL_BASED,ALLdis_CEA_v3.0,NONE,可审计量化核心成本，不得表述为完整体卫融合政策总成本,MUST_LABEL_AUDITED_CORE,D9_MAIN_FULL_MAINTENANCE,1.0,1.0,FORMAL_PARENT_2025_2034,CVD_V16_LOCKED,
S5,STRUCTURAL_ANCHOR,2030,payer,149680760.0,modelled,NOT_APPLICABLE,NOT_APPLICABLE,MODEL_UNSPECIFIED,conditional_metadata_gap,40000000.0,identified_cash_transfer_in_payer_cost,,,,conditional_not_standardized_across_all_modules,,conditional_not_standardized_across_all_modules,NOT_APPLICABLE,2025,CNY,FULL_MODELLED_INCREMENTAL,S5_NATIONAL_DEPLOYMENT_COMPLETION_MODEL,MODEL_ASSUMPTION_RESOLVES_S5_GAPS,YES,YES,NO,STRATEGY_AGGREGATE_MULTIPLIER,v1.4_FINAL_MODEL_BASED,ALLdis_CEA_v3.0,NONE,完整建模的增量部署成本；支付方成本含可识别转移支付,STANDARD_LABEL,D9_MAIN_FULL_MAINTENANCE,1.0,1.0,FORMAL_PARENT_2025_2034,CVD_V16_LOCKED,0.0
S6,STRUCTURAL_ANCHOR,2030,payer,2329532998.072,modelled,NOT_APPLICABLE,NOT_APPLICABLE,S6_COMPOSITE_INCLUDES_S5_MODEL_UNSPECIFIED,conditional_metadata_gap,,conditional_embedded_composite_not_separately_estimable,,,,conditional_not_standardized_across_all_modules,,conditional_not_standardized_across_all_modules,SHARED_POOL_LEVEL,2025,CNY,DEDUPLICATED_COMPOSITE,S6_DEDUP_CORE_PLUS_MODULE_DELTAS_AND_MICROCOST_COORDINATION,MODEL_ASSUMPTION_RESOLVES_COORDINATION_AND_SHARED_POOL_GAPS,YES,YES,NO,STRATEGY_AGGREGATE_MULTIPLIER,v1.4_FINAL_MODEL_BASED,ALLdis_CEA_v3.0,NONE,跨模块去重后的综合政策包成本,STANDARD_LABEL,D9_MAIN_FULL_MAINTENANCE,1.0,1.0,FORMAL_PARENT_2025_2034,CVD_V16_LOCKED,0.0
S7,STRUCTURAL_ANCHOR,2030,payer,,missing_intentionally_undefined,NOT_APPLICABLE,NOT_APPLICABLE,NOT_APPLICABLE,NOT_APPLICABLE,,missing_intentionally_undefined,,,,missing_intentionally_undefined,,missing_intentionally_undefined,NOT_APPLICABLE,2025,CNY,THRESHOLD_ONLY,BUDGET_THRESHOLD_STRATEGY,INTENTIONALLY_UNDEFINED,NOT_APPLICABLE,NOT_APPLICABLE,NO,STRATEGY_AGGREGATE_MULTIPLIER,v1.4_FINAL_MODEL_BASED,ALLdis_CEA_v3.0,NONE,目标阈值情景，成本有意不估计,STANDARD_LABEL,D9_MAIN_FULL_MAINTENANCE,,,FORMAL_PARENT_2025_2034,CVD_V16_LOCKED,
S0,STRUCTURAL_ANCHOR,2031,payer,0.0,modelled,NOT_APPLICABLE,NOT_APPLICABLE,NOT_APPLICABLE,NOT_APPLICABLE,,not_applicable,,,,not_applicable,,not_applicable,NOT_APPLICABLE,2025,CNY,REFERENCE,REFERENCE_NO_ADDITIONAL_POLICY,NONE_STRUCTURAL_ZERO,YES,YES,NO,STRATEGY_AGGREGATE_MULTIPLIER,v1.4_FINAL_MODEL_BASED,ALLdis_CEA_v3.0,NONE,基线参照：无新增政策成本,STANDARD_LABEL,D9_MAIN_FULL_MAINTENANCE,,,FORMAL_PARENT_2025_2034,CVD_V16_LOCKED,
S1,STRUCTURAL_ANCHOR,2031,payer,169032160.00000003,modelled_v16_temporal_alignment,NOT_APPLICABLE,NOT_APPLICABLE,NOT_APPLICABLE,NOT_APPLICABLE,,not_applicable,,,,conditional_not_standardized_across_all_modules,,conditional_not_standardized_across_all_modules,NOT_APPLICABLE,2025,CNY,FULL_MODELLED_INCREMENTAL,S1_COMPLETION_MODEL,MODEL_ASSUMPTION_RESOLVES_S1_GAPS,YES,YES,NO,STRATEGY_AGGREGATE_MULTIPLIER,v1.4_FINAL_MODEL_BASED,ALLdis_CEA_v3.0,S1_RECURRING_MAINTENANCE_FROM_2027,完整建模的增量政策成本；v16主分析补入持续传播维护成本,STANDARD_LABEL,D9_MAIN_FULL_MAINTENANCE,1.0,1.0,FORMAL_PARENT_2025_2034,CVD_V16_LOCKED,
S2,STRUCTURAL_ANCHOR,2031,payer,1684788986.952,modelled,S2_COMPONENT_METHOD,FORMAL_SELECTED; PROCUREMENT_PACKAGE_EXCLUDED,NOT_APPLICABLE,NOT_APPLICABLE,,not_applicable,,,,conditional_not_standardized_across_all_modules,,conditional_not_standardized_across_all_modules,NOT_APPLICABLE,2025,CNY,AUDITED_CORE,S2_AUDITED_CORE_WITH_S0_INCREMENTAL_FACTOR,MODEL_ASSUMPTION_RESOLVES_S0_DEDUCTION,YES,YES,NO,STRATEGY_AGGREGATE_MULTIPLIER,v1.4_FINAL_MODEL_BASED,ALLdis_CEA_v3.0,NONE,可审计核心成本，不得表述为完整社区组织政策总成本,MUST_LABEL_AUDITED_CORE,D9_MAIN_FULL_MAINTENANCE,1.0,1.0,FORMAL_PARENT_2025_2034,CVD_V16_LOCKED,
S3,STRUCTURAL_ANCHOR,2031,payer,70400000.0,modelled,NOT_APPLICABLE,NOT_APPLICABLE,NOT_APPLICABLE,NOT_APPLICABLE,,not_applicable,,,,conditional_not_standardized_across_all_modules,,conditional_not_standardized_across_all_modules,NOT_APPLICABLE,2025,CNY,AUDITED_CORE,S3_AUDITED_QUANTIFIED_CORE,EXPLICIT_CORE_COST_BOUNDARY,YES,YES,NO,STRATEGY_AGGREGATE_MULTIPLIER,v1.4_FINAL_MODEL_BASED,ALLdis_CEA_v3.0,NONE,可审计量化核心成本，不得表述为完整设施政策总成本,MUST_LABEL_AUDITED_CORE,D9_MAIN_FULL_MAINTENANCE,1.0,1.0,FORMAL_PARENT_2025_2034,CVD_V16_LOCKED,0.0
S4,STRUCTURAL_ANCHOR,2031,payer,458660751.12,modelled,NOT_APPLICABLE,NOT_APPLICABLE,NOT_APPLICABLE,NOT_APPLICABLE,,not_applicable,,,,conditional_not_standardized_across_all_modules,,conditional_not_standardized_across_all_modules,NOT_APPLICABLE,2025,CNY,AUDITED_CORE,S4_AUDITED_QUANTIFIED_CORE,EXPLICIT_CORE_COST_BOUNDARY,YES,YES,NO,STRATEGY_AGGREGATE_MULTIPLIER,v1.4_FINAL_MODEL_BASED,ALLdis_CEA_v3.0,NONE,可审计量化核心成本，不得表述为完整体卫融合政策总成本,MUST_LABEL_AUDITED_CORE,D9_MAIN_FULL_MAINTENANCE,1.0,1.0,FORMAL_PARENT_2025_2034,CVD_V16_LOCKED,
S5,STRUCTURAL_ANCHOR,2031,payer,149680760.0,modelled,NOT_APPLICABLE,NOT_APPLICABLE,MODEL_UNSPECIFIED,conditional_metadata_gap,40000000.0,identified_cash_transfer_in_payer_cost,,,,conditional_not_standardized_across_all_modules,,conditional_not_standardized_across_all_modules,NOT_APPLICABLE,2025,CNY,FULL_MODELLED_INCREMENTAL,S5_NATIONAL_DEPLOYMENT_COMPLETION_MODEL,MODEL_ASSUMPTION_RESOLVES_S5_GAPS,YES,YES,NO,STRATEGY_AGGREGATE_MULTIPLIER,v1.4_FINAL_MODEL_BASED,ALLdis_CEA_v3.0,NONE,完整建模的增量部署成本；支付方成本含可识别转移支付,STANDARD_LABEL,D9_MAIN_FULL_MAINTENANCE,1.0,1.0,FORMAL_PARENT_2025_2034,CVD_V16_LOCKED,0.0
S6,STRUCTURAL_ANCHOR,2031,payer,2329412998.072,modelled,NOT_APPLICABLE,NOT_APPLICABLE,S6_COMPOSITE_INCLUDES_S5_MODEL_UNSPECIFIED,conditional_metadata_gap,,conditional_embedded_composite_not_separately_estimable,,,,conditional_not_standardized_across_all_modules,,conditional_not_standardized_across_all_modules,SHARED_POOL_LEVEL,2025,CNY,DEDUPLICATED_COMPOSITE,S6_DEDUP_CORE_PLUS_MODULE_DELTAS_AND_MICROCOST_COORDINATION,MODEL_ASSUMPTION_RESOLVES_COORDINATION_AND_SHARED_POOL_GAPS,YES,YES,NO,STRATEGY_AGGREGATE_MULTIPLIER,v1.4_FINAL_MODEL_BASED,ALLdis_CEA_v3.0,NONE,跨模块去重后的综合政策包成本,STANDARD_LABEL,D9_MAIN_FULL_MAINTENANCE,1.0,1.0,FORMAL_PARENT_2025_2034,CVD_V16_LOCKED,0.0
S7,STRUCTURAL_ANCHOR,2031,payer,,missing_intentionally_undefined,NOT_APPLICABLE,NOT_APPLICABLE,NOT_APPLICABLE,NOT_APPLICABLE,,missing_intentionally_undefined,,,,missing_intentionally_undefined,,missing_intentionally_undefined,NOT_APPLICABLE,2025,CNY,THRESHOLD_ONLY,BUDGET_THRESHOLD_STRATEGY,INTENTIONALLY_UNDEFINED,NOT_APPLICABLE,NOT_APPLICABLE,NO,STRATEGY_AGGREGATE_MULTIPLIER,v1.4_FINAL_MODEL_BASED,ALLdis_CEA_v3.0,NONE,目标阈值情景，成本有意不估计,STANDARD_LABEL,D9_MAIN_FULL_MAINTENANCE,,,FORMAL_PARENT_2025_2034,CVD_V16_LOCKED,
S0,STRUCTURAL_ANCHOR,2032,payer,0.0,modelled,NOT_APPLICABLE,NOT_APPLICABLE,NOT_APPLICABLE,NOT_APPLICABLE,,not_applicable,,,,not_applicable,,not_applicable,NOT_APPLICABLE,2025,CNY,REFERENCE,REFERENCE_NO_ADDITIONAL_POLICY,NONE_STRUCTURAL_ZERO,YES,YES,NO,STRATEGY_AGGREGATE_MULTIPLIER,v1.4_FINAL_MODEL_BASED,ALLdis_CEA_v3.0,NONE,基线参照：无新增政策成本,STANDARD_LABEL,D9_MAIN_FULL_MAINTENANCE,,,FORMAL_PARENT_2025_2034,CVD_V16_LOCKED,
S1,STRUCTURAL_ANCHOR,2032,payer,169032160.00000003,modelled_v16_temporal_alignment,NOT_APPLICABLE,NOT_APPLICABLE,NOT_APPLICABLE,NOT_APPLICABLE,,not_applicable,,,,conditional_not_standardized_across_all_modules,,conditional_not_standardized_across_all_modules,NOT_APPLICABLE,2025,CNY,FULL_MODELLED_INCREMENTAL,S1_COMPLETION_MODEL,MODEL_ASSUMPTION_RESOLVES_S1_GAPS,YES,YES,NO,STRATEGY_AGGREGATE_MULTIPLIER,v1.4_FINAL_MODEL_BASED,ALLdis_CEA_v3.0,S1_RECURRING_MAINTENANCE_FROM_2027,完整建模的增量政策成本；v16主分析补入持续传播维护成本,STANDARD_LABEL,D9_MAIN_FULL_MAINTENANCE,1.0,1.0,FORMAL_PARENT_2025_2034,CVD_V16_LOCKED,
S2,STRUCTURAL_ANCHOR,2032,payer,1684788986.952,modelled,S2_COMPONENT_METHOD,FORMAL_SELECTED; PROCUREMENT_PACKAGE_EXCLUDED,NOT_APPLICABLE,NOT_APPLICABLE,,not_applicable,,,,conditional_not_standardized_across_all_modules,,conditional_not_standardized_across_all_modules,NOT_APPLICABLE,2025,CNY,AUDITED_CORE,S2_AUDITED_CORE_WITH_S0_INCREMENTAL_FACTOR,MODEL_ASSUMPTION_RESOLVES_S0_DEDUCTION,YES,YES,NO,STRATEGY_AGGREGATE_MULTIPLIER,v1.4_FINAL_MODEL_BASED,ALLdis_CEA_v3.0,NONE,可审计核心成本，不得表述为完整社区组织政策总成本,MUST_LABEL_AUDITED_CORE,D9_MAIN_FULL_MAINTENANCE,1.0,1.0,FORMAL_PARENT_2025_2034,CVD_V16_LOCKED,
S3,STRUCTURAL_ANCHOR,2032,payer,70400000.0,modelled,NOT_APPLICABLE,NOT_APPLICABLE,NOT_APPLICABLE,NOT_APPLICABLE,,not_applicable,,,,conditional_not_standardized_across_all_modules,,conditional_not_standardized_across_all_modules,NOT_APPLICABLE,2025,CNY,AUDITED_CORE,S3_AUDITED_QUANTIFIED_CORE,EXPLICIT_CORE_COST_BOUNDARY,YES,YES,NO,STRATEGY_AGGREGATE_MULTIPLIER,v1.4_FINAL_MODEL_BASED,ALLdis_CEA_v3.0,NONE,可审计量化核心成本，不得表述为完整设施政策总成本,MUST_LABEL_AUDITED_CORE,D9_MAIN_FULL_MAINTENANCE,1.0,1.0,FORMAL_PARENT_2025_2034,CVD_V16_LOCKED,0.0
S4,STRUCTURAL_ANCHOR,2032,payer,458660751.12,modelled,NOT_APPLICABLE,NOT_APPLICABLE,NOT_APPLICABLE,NOT_APPLICABLE,,not_applicable,,,,conditional_not_standardized_across_all_modules,,conditional_not_standardized_across_all_modules,NOT_APPLICABLE,2025,CNY,AUDITED_CORE,S4_AUDITED_QUANTIFIED_CORE,EXPLICIT_CORE_COST_BOUNDARY,YES,YES,NO,STRATEGY_AGGREGATE_MULTIPLIER,v1.4_FINAL_MODEL_BASED,ALLdis_CEA_v3.0,NONE,可审计量化核心成本，不得表述为完整体卫融合政策总成本,MUST_LABEL_AUDITED_CORE,D9_MAIN_FULL_MAINTENANCE,1.0,1.0,FORMAL_PARENT_2025_2034,CVD_V16_LOCKED,
S5,STRUCTURAL_ANCHOR,2032,payer,149680760.0,modelled,NOT_APPLICABLE,NOT_APPLICABLE,MODEL_UNSPECIFIED,conditional_metadata_gap,40000000.0,identified_cash_transfer_in_payer_cost,,,,conditional_not_standardized_across_all_modules,,conditional_not_standardized_across_all_modules,NOT_APPLICABLE,2025,CNY,FULL_MODELLED_INCREMENTAL,S5_NATIONAL_DEPLOYMENT_COMPLETION_MODEL,MODEL_ASSUMPTION_RESOLVES_S5_GAPS,YES,YES,NO,STRATEGY_AGGREGATE_MULTIPLIER,v1.4_FINAL_MODEL_BASED,ALLdis_CEA_v3.0,NONE,完整建模的增量部署成本；支付方成本含可识别转移支付,STANDARD_LABEL,D9_MAIN_FULL_MAINTENANCE,1.0,1.0,FORMAL_PARENT_2025_2034,CVD_V16_LOCKED,0.0
S6,STRUCTURAL_ANCHOR,2032,payer,2329412998.072,modelled,NOT_APPLICABLE,NOT_APPLICABLE,S6_COMPOSITE_INCLUDES_S5_MODEL_UNSPECIFIED,conditional_metadata_gap,,conditional_embedded_composite_not_separately_estimable,,,,conditional_not_standardized_across_all_modules,,conditional_not_standardized_across_all_modules,SHARED_POOL_LEVEL,2025,CNY,DEDUPLICATED_COMPOSITE,S6_DEDUP_CORE_PLUS_MODULE_DELTAS_AND_MICROCOST_COORDINATION,MODEL_ASSUMPTION_RESOLVES_COORDINATION_AND_SHARED_POOL_GAPS,YES,YES,NO,STRATEGY_AGGREGATE_MULTIPLIER,v1.4_FINAL_MODEL_BASED,ALLdis_CEA_v3.0,NONE,跨模块去重后的综合政策包成本,STANDARD_LABEL,D9_MAIN_FULL_MAINTENANCE,1.0,1.0,FORMAL_PARENT_2025_2034,CVD_V16_LOCKED,0.0
S7,STRUCTURAL_ANCHOR,2032,payer,,missing_intentionally_undefined,NOT_APPLICABLE,NOT_APPLICABLE,NOT_APPLICABLE,NOT_APPLICABLE,,missing_intentionally_undefined,,,,missing_intentionally_undefined,,missing_intentionally_undefined,NOT_APPLICABLE,2025,CNY,THRESHOLD_ONLY,BUDGET_THRESHOLD_STRATEGY,INTENTIONALLY_UNDEFINED,NOT_APPLICABLE,NOT_APPLICABLE,NO,STRATEGY_AGGREGATE_MULTIPLIER,v1.4_FINAL_MODEL_BASED,ALLdis_CEA_v3.0,NONE,目标阈值情景，成本有意不估计,STANDARD_LABEL,D9_MAIN_FULL_MAINTENANCE,,,FORMAL_PARENT_2025_2034,CVD_V16_LOCKED,
S0,STRUCTURAL_ANCHOR,2033,payer,0.0,modelled,NOT_APPLICABLE,NOT_APPLICABLE,NOT_APPLICABLE,NOT_APPLICABLE,,not_applicable,,,,not_applicable,,not_applicable,NOT_APPLICABLE,2025,CNY,REFERENCE,REFERENCE_NO_ADDITIONAL_POLICY,NONE_STRUCTURAL_ZERO,YES,YES,NO,STRATEGY_AGGREGATE_MULTIPLIER,v1.4_FINAL_MODEL_BASED,ALLdis_CEA_v3.0,NONE,基线参照：无新增政策成本,STANDARD_LABEL,D9_MAIN_FULL_MAINTENANCE,,,FORMAL_PARENT_2025_2034,CVD_V16_LOCKED,
S1,STRUCTURAL_ANCHOR,2033,payer,169032160.00000003,modelled_v16_temporal_alignment,NOT_APPLICABLE,NOT_APPLICABLE,NOT_APPLICABLE,NOT_APPLICABLE,,not_applicable,,,,conditional_not_standardized_across_all_modules,,conditional_not_standardized_across_all_modules,NOT_APPLICABLE,2025,CNY,FULL_MODELLED_INCREMENTAL,S1_COMPLETION_MODEL,MODEL_ASSUMPTION_RESOLVES_S1_GAPS,YES,YES,NO,STRATEGY_AGGREGATE_MULTIPLIER,v1.4_FINAL_MODEL_BASED,ALLdis_CEA_v3.0,S1_RECURRING_MAINTENANCE_FROM_2027,完整建模的增量政策成本；v16主分析补入持续传播维护成本,STANDARD_LABEL,D9_MAIN_FULL_MAINTENANCE,1.0,1.0,FORMAL_PARENT_2025_2034,CVD_V16_LOCKED,
S2,STRUCTURAL_ANCHOR,2033,payer,1684788986.952,modelled,S2_COMPONENT_METHOD,FORMAL_SELECTED; PROCUREMENT_PACKAGE_EXCLUDED,NOT_APPLICABLE,NOT_APPLICABLE,,not_applicable,,,,conditional_not_standardized_across_all_modules,,conditional_not_standardized_across_all_modules,NOT_APPLICABLE,2025,CNY,AUDITED_CORE,S2_AUDITED_CORE_WITH_S0_INCREMENTAL_FACTOR,MODEL_ASSUMPTION_RESOLVES_S0_DEDUCTION,YES,YES,NO,STRATEGY_AGGREGATE_MULTIPLIER,v1.4_FINAL_MODEL_BASED,ALLdis_CEA_v3.0,NONE,可审计核心成本，不得表述为完整社区组织政策总成本,MUST_LABEL_AUDITED_CORE,D9_MAIN_FULL_MAINTENANCE,1.0,1.0,FORMAL_PARENT_2025_2034,CVD_V16_LOCKED,
S3,STRUCTURAL_ANCHOR,2033,payer,70400000.0,modelled,NOT_APPLICABLE,NOT_APPLICABLE,NOT_APPLICABLE,NOT_APPLICABLE,,not_applicable,,,,conditional_not_standardized_across_all_modules,,conditional_not_standardized_across_all_modules,NOT_APPLICABLE,2025,CNY,AUDITED_CORE,S3_AUDITED_QUANTIFIED_CORE,EXPLICIT_CORE_COST_BOUNDARY,YES,YES,NO,STRATEGY_AGGREGATE_MULTIPLIER,v1.4_FINAL_MODEL_BASED,ALLdis_CEA_v3.0,NONE,可审计量化核心成本，不得表述为完整设施政策总成本,MUST_LABEL_AUDITED_CORE,D9_MAIN_FULL_MAINTENANCE,1.0,1.0,FORMAL_PARENT_2025_2034,CVD_V16_LOCKED,0.0
S4,STRUCTURAL_ANCHOR,2033,payer,458660751.12,modelled,NOT_APPLICABLE,NOT_APPLICABLE,NOT_APPLICABLE,NOT_APPLICABLE,,not_applicable,,,,conditional_not_standardized_across_all_modules,,conditional_not_standardized_across_all_modules,NOT_APPLICABLE,2025,CNY,AUDITED_CORE,S4_AUDITED_QUANTIFIED_CORE,EXPLICIT_CORE_COST_BOUNDARY,YES,YES,NO,STRATEGY_AGGREGATE_MULTIPLIER,v1.4_FINAL_MODEL_BASED,ALLdis_CEA_v3.0,NONE,可审计量化核心成本，不得表述为完整体卫融合政策总成本,MUST_LABEL_AUDITED_CORE,D9_MAIN_FULL_MAINTENANCE,1.0,1.0,FORMAL_PARENT_2025_2034,CVD_V16_LOCKED,
S5,STRUCTURAL_ANCHOR,2033,payer,149680760.0,modelled,NOT_APPLICABLE,NOT_APPLICABLE,MODEL_UNSPECIFIED,conditional_metadata_gap,40000000.0,identified_cash_transfer_in_payer_cost,,,,conditional_not_standardized_across_all_modules,,conditional_not_standardized_across_all_modules,NOT_APPLICABLE,2025,CNY,FULL_MODELLED_INCREMENTAL,S5_NATIONAL_DEPLOYMENT_COMPLETION_MODEL,MODEL_ASSUMPTION_RESOLVES_S5_GAPS,YES,YES,NO,STRATEGY_AGGREGATE_MULTIPLIER,v1.4_FINAL_MODEL_BASED,ALLdis_CEA_v3.0,NONE,完整建模的增量部署成本；支付方成本含可识别转移支付,STANDARD_LABEL,D9_MAIN_FULL_MAINTENANCE,1.0,1.0,FORMAL_PARENT_2025_2034,CVD_V16_LOCKED,0.0
S6,STRUCTURAL_ANCHOR,2033,payer,2329412998.072,modelled,NOT_APPLICABLE,NOT_APPLICABLE,S6_COMPOSITE_INCLUDES_S5_MODEL_UNSPECIFIED,conditional_metadata_gap,,conditional_embedded_composite_not_separately_estimable,,,,conditional_not_standardized_across_all_modules,,conditional_not_standardized_across_all_modules,SHARED_POOL_LEVEL,2025,CNY,DEDUPLICATED_COMPOSITE,S6_DEDUP_CORE_PLUS_MODULE_DELTAS_AND_MICROCOST_COORDINATION,MODEL_ASSUMPTION_RESOLVES_COORDINATION_AND_SHARED_POOL_GAPS,YES,YES,NO,STRATEGY_AGGREGATE_MULTIPLIER,v1.4_FINAL_MODEL_BASED,ALLdis_CEA_v3.0,NONE,跨模块去重后的综合政策包成本,STANDARD_LABEL,D9_MAIN_FULL_MAINTENANCE,1.0,1.0,FORMAL_PARENT_2025_2034,CVD_V16_LOCKED,0.0
S7,STRUCTURAL_ANCHOR,2033,payer,,missing_intentionally_undefined,NOT_APPLICABLE,NOT_APPLICABLE,NOT_APPLICABLE,NOT_APPLICABLE,,missing_intentionally_undefined,,,,missing_intentionally_undefined,,missing_intentionally_undefined,NOT_APPLICABLE,2025,CNY,THRESHOLD_ONLY,BUDGET_THRESHOLD_STRATEGY,INTENTIONALLY_UNDEFINED,NOT_APPLICABLE,NOT_APPLICABLE,NO,STRATEGY_AGGREGATE_MULTIPLIER,v1.4_FINAL_MODEL_BASED,ALLdis_CEA_v3.0,NONE,目标阈值情景，成本有意不估计,STANDARD_LABEL,D9_MAIN_FULL_MAINTENANCE,,,FORMAL_PARENT_2025_2034,CVD_V16_LOCKED,
S0,STRUCTURAL_ANCHOR,2034,payer,0.0,modelled,NOT_APPLICABLE,NOT_APPLICABLE,NOT_APPLICABLE,NOT_APPLICABLE,,not_applicable,,,,not_applicable,,not_applicable,NOT_APPLICABLE,2025,CNY,REFERENCE,REFERENCE_NO_ADDITIONAL_POLICY,NONE_STRUCTURAL_ZERO,YES,YES,NO,STRATEGY_AGGREGATE_MULTIPLIER,v1.4_FINAL_MODEL_BASED,ALLdis_CEA_v3.0,NONE,基线参照：无新增政策成本,STANDARD_LABEL,D9_MAIN_FULL_MAINTENANCE,,,FORMAL_PARENT_2025_2034,CVD_V16_LOCKED,
S1,STRUCTURAL_ANCHOR,2034,payer,169032160.00000003,modelled_v16_temporal_alignment,NOT_APPLICABLE,NOT_APPLICABLE,NOT_APPLICABLE,NOT_APPLICABLE,,not_applicable,,,,conditional_not_standardized_across_all_modules,,conditional_not_standardized_across_all_modules,NOT_APPLICABLE,2025,CNY,FULL_MODELLED_INCREMENTAL,S1_COMPLETION_MODEL,MODEL_ASSUMPTION_RESOLVES_S1_GAPS,YES,YES,NO,STRATEGY_AGGREGATE_MULTIPLIER,v1.4_FINAL_MODEL_BASED,ALLdis_CEA_v3.0,S1_RECURRING_MAINTENANCE_FROM_2027,完整建模的增量政策成本；v16主分析补入持续传播维护成本,STANDARD_LABEL,D9_MAIN_FULL_MAINTENANCE,1.0,1.0,FORMAL_PARENT_2025_2034,CVD_V16_LOCKED,
S2,STRUCTURAL_ANCHOR,2034,payer,1684788986.952,modelled,S2_COMPONENT_METHOD,FORMAL_SELECTED; PROCUREMENT_PACKAGE_EXCLUDED,NOT_APPLICABLE,NOT_APPLICABLE,,not_applicable,,,,conditional_not_standardized_across_all_modules,,conditional_not_standardized_across_all_modules,NOT_APPLICABLE,2025,CNY,AUDITED_CORE,S2_AUDITED_CORE_WITH_S0_INCREMENTAL_FACTOR,MODEL_ASSUMPTION_RESOLVES_S0_DEDUCTION,YES,YES,NO,STRATEGY_AGGREGATE_MULTIPLIER,v1.4_FINAL_MODEL_BASED,ALLdis_CEA_v3.0,NONE,可审计核心成本，不得表述为完整社区组织政策总成本,MUST_LABEL_AUDITED_CORE,D9_MAIN_FULL_MAINTENANCE,1.0,1.0,FORMAL_PARENT_2025_2034,CVD_V16_LOCKED,
S3,STRUCTURAL_ANCHOR,2034,payer,70400000.0,modelled,NOT_APPLICABLE,NOT_APPLICABLE,NOT_APPLICABLE,NOT_APPLICABLE,,not_applicable,,,,conditional_not_standardized_across_all_modules,,conditional_not_standardized_across_all_modules,NOT_APPLICABLE,2025,CNY,AUDITED_CORE,S3_AUDITED_QUANTIFIED_CORE,EXPLICIT_CORE_COST_BOUNDARY,YES,YES,NO,STRATEGY_AGGREGATE_MULTIPLIER,v1.4_FINAL_MODEL_BASED,ALLdis_CEA_v3.0,NONE,可审计量化核心成本，不得表述为完整设施政策总成本,MUST_LABEL_AUDITED_CORE,D9_MAIN_FULL_MAINTENANCE,1.0,1.0,FORMAL_PARENT_2025_2034,CVD_V16_LOCKED,0.0
S4,STRUCTURAL_ANCHOR,2034,payer,458660751.12,modelled,NOT_APPLICABLE,NOT_APPLICABLE,NOT_APPLICABLE,NOT_APPLICABLE,,not_applicable,,,,conditional_not_standardized_across_all_modules,,conditional_not_standardized_across_all_modules,NOT_APPLICABLE,2025,CNY,AUDITED_CORE,S4_AUDITED_QUANTIFIED_CORE,EXPLICIT_CORE_COST_BOUNDARY,YES,YES,NO,STRATEGY_AGGREGATE_MULTIPLIER,v1.4_FINAL_MODEL_BASED,ALLdis_CEA_v3.0,NONE,可审计量化核心成本，不得表述为完整体卫融合政策总成本,MUST_LABEL_AUDITED_CORE,D9_MAIN_FULL_MAINTENANCE,1.0,1.0,FORMAL_PARENT_2025_2034,CVD_V16_LOCKED,
S5,STRUCTURAL_ANCHOR,2034,payer,149680760.0,modelled,NOT_APPLICABLE,NOT_APPLICABLE,MODEL_UNSPECIFIED,conditional_metadata_gap,40000000.0,identified_cash_transfer_in_payer_cost,,,,conditional_not_standardized_across_all_modules,,conditional_not_standardized_across_all_modules,NOT_APPLICABLE,2025,CNY,FULL_MODELLED_INCREMENTAL,S5_NATIONAL_DEPLOYMENT_COMPLETION_MODEL,MODEL_ASSUMPTION_RESOLVES_S5_GAPS,YES,YES,NO,STRATEGY_AGGREGATE_MULTIPLIER,v1.4_FINAL_MODEL_BASED,ALLdis_CEA_v3.0,NONE,完整建模的增量部署成本；支付方成本含可识别转移支付,STANDARD_LABEL,D9_MAIN_FULL_MAINTENANCE,1.0,1.0,FORMAL_PARENT_2025_2034,CVD_V16_LOCKED,0.0
S6,STRUCTURAL_ANCHOR,2034,payer,2329412998.072,modelled,NOT_APPLICABLE,NOT_APPLICABLE,S6_COMPOSITE_INCLUDES_S5_MODEL_UNSPECIFIED,conditional_metadata_gap,,conditional_embedded_composite_not_separately_estimable,,,,conditional_not_standardized_across_all_modules,,conditional_not_standardized_across_all_modules,SHARED_POOL_LEVEL,2025,CNY,DEDUPLICATED_COMPOSITE,S6_DEDUP_CORE_PLUS_MODULE_DELTAS_AND_MICROCOST_COORDINATION,MODEL_ASSUMPTION_RESOLVES_COORDINATION_AND_SHARED_POOL_GAPS,YES,YES,NO,STRATEGY_AGGREGATE_MULTIPLIER,v1.4_FINAL_MODEL_BASED,ALLdis_CEA_v3.0,NONE,跨模块去重后的综合政策包成本,STANDARD_LABEL,D9_MAIN_FULL_MAINTENANCE,1.0,1.0,FORMAL_PARENT_2025_2034,CVD_V16_LOCKED,0.0
S7,STRUCTURAL_ANCHOR,2034,payer,,missing_intentionally_undefined,NOT_APPLICABLE,NOT_APPLICABLE,NOT_APPLICABLE,NOT_APPLICABLE,,missing_intentionally_undefined,,,,missing_intentionally_undefined,,missing_intentionally_undefined,NOT_APPLICABLE,2025,CNY,THRESHOLD_ONLY,BUDGET_THRESHOLD_STRATEGY,INTENTIONALLY_UNDEFINED,NOT_APPLICABLE,NOT_APPLICABLE,NO,STRATEGY_AGGREGATE_MULTIPLIER,v1.4_FINAL_MODEL_BASED,ALLdis_CEA_v3.0,NONE,目标阈值情景，成本有意不估计,STANDARD_LABEL,D9_MAIN_FULL_MAINTENANCE,,,FORMAL_PARENT_2025_2034,CVD_V16_LOCKED,
S0,STRUCTURAL_ANCHOR,2035,payer,0.0,modelled,NOT_APPLICABLE,NOT_APPLICABLE,NOT_APPLICABLE,NOT_APPLICABLE,,not_applicable,,,,not_applicable,,not_applicable,NOT_APPLICABLE,2025,CNY,REFERENCE,REFERENCE_NO_ADDITIONAL_POLICY,NONE_STRUCTURAL_ZERO,YES,YES,NO,STRATEGY_AGGREGATE_MULTIPLIER,v1.4_FINAL_MODEL_BASED,ALLdis_CEA_v3.0,D9_MAIN_CARRY_FORWARD_2034_STEADY_STATE,基线参照：无新增政策成本,STANDARD_LABEL,D9_MAIN_FULL_MAINTENANCE,,,INTERIM_NOT_FINAL_2035_2050,STRUCTURAL_ZERO,
S1,STRUCTURAL_ANCHOR,2035,payer,169032160.00000003,modelled_v16_temporal_alignment,NOT_APPLICABLE,NOT_APPLICABLE,NOT_APPLICABLE,NOT_APPLICABLE,,not_applicable,,,,conditional_not_standardized_across_all_modules,,conditional_not_standardized_across_all_modules,NOT_APPLICABLE,2025,CNY,FULL_MODELLED_INCREMENTAL,S1_COMPLETION_MODEL,MODEL_ASSUMPTION_RESOLVES_S1_GAPS,YES,YES,NO,STRATEGY_AGGREGATE_MULTIPLIER,v1.4_FINAL_MODEL_BASED,ALLdis_CEA_v3.0,D9_MAIN_CARRY_FORWARD_2034_STEADY_STATE,完整建模的增量政策成本；v16主分析补入持续传播维护成本,STANDARD_LABEL,D9_MAIN_FULL_MAINTENANCE,1.0,1.0,INTERIM_NOT_FINAL_2035_2050,INTERIM_STEADY_STATE_PARENT_EXTENSION,
S2,STRUCTURAL_ANCHOR,2035,payer,1684788986.952,modelled,S2_COMPONENT_METHOD,FORMAL_SELECTED; PROCUREMENT_PACKAGE_EXCLUDED,NOT_APPLICABLE,NOT_APPLICABLE,,not_applicable,,,,conditional_not_standardized_across_all_modules,,conditional_not_standardized_across_all_modules,NOT_APPLICABLE,2025,CNY,AUDITED_CORE,S2_AUDITED_CORE_WITH_S0_INCREMENTAL_FACTOR,MODEL_ASSUMPTION_RESOLVES_S0_DEDUCTION,YES,YES,NO,STRATEGY_AGGREGATE_MULTIPLIER,v1.4_FINAL_MODEL_BASED,ALLdis_CEA_v3.0,D9_MAIN_CARRY_FORWARD_2034_STEADY_STATE,可审计核心成本，不得表述为完整社区组织政策总成本,MUST_LABEL_AUDITED_CORE,D9_MAIN_FULL_MAINTENANCE,1.0,1.0,INTERIM_NOT_FINAL_2035_2050,INTERIM_STEADY_STATE_PARENT_EXTENSION,
S3,STRUCTURAL_ANCHOR,2035,payer,70400000.0,modelled,NOT_APPLICABLE,NOT_APPLICABLE,NOT_APPLICABLE,NOT_APPLICABLE,,not_applicable,,,,conditional_not_standardized_across_all_modules,,conditional_not_standardized_across_all_modules,NOT_APPLICABLE,2025,CNY,AUDITED_CORE,S3_AUDITED_QUANTIFIED_CORE,EXPLICIT_CORE_COST_BOUNDARY,YES,YES,NO,STRATEGY_AGGREGATE_MULTIPLIER,v1.4_FINAL_MODEL_BASED,ALLdis_CEA_v3.0,D9_MAIN_CARRY_FORWARD_2034_STEADY_STATE,可审计量化核心成本，不得表述为完整设施政策总成本,MUST_LABEL_AUDITED_CORE,D9_MAIN_FULL_MAINTENANCE,1.0,1.0,INTERIM_NOT_FINAL_2035_2050,INTERIM_EXCLUDES_CAPITAL_REPLACEMENT_CASH,0.0
S4,STRUCTURAL_ANCHOR,2035,payer,458660751.12,modelled,NOT_APPLICABLE,NOT_APPLICABLE,NOT_APPLICABLE,NOT_APPLICABLE,,not_applicable,,,,conditional_not_standardized_across_all_modules,,conditional_not_standardized_across_all_modules,NOT_APPLICABLE,2025,CNY,AUDITED_CORE,S4_AUDITED_QUANTIFIED_CORE,EXPLICIT_CORE_COST_BOUNDARY,YES,YES,NO,STRATEGY_AGGREGATE_MULTIPLIER,v1.4_FINAL_MODEL_BASED,ALLdis_CEA_v3.0,D9_MAIN_CARRY_FORWARD_2034_STEADY_STATE,可审计量化核心成本，不得表述为完整体卫融合政策总成本,MUST_LABEL_AUDITED_CORE,D9_MAIN_FULL_MAINTENANCE,1.0,1.0,INTERIM_NOT_FINAL_2035_2050,INTERIM_STEADY_STATE_PARENT_EXTENSION,
S5,STRUCTURAL_ANCHOR,2035,payer,149680760.0,modelled,NOT_APPLICABLE,NOT_APPLICABLE,MODEL_UNSPECIFIED,conditional_metadata_gap,40000000.0,identified_cash_transfer_in_payer_cost,,,,conditional_not_standardized_across_all_modules,,conditional_not_standardized_across_all_modules,NOT_APPLICABLE,2025,CNY,FULL_MODELLED_INCREMENTAL,S5_NATIONAL_DEPLOYMENT_COMPLETION_MODEL,MODEL_ASSUMPTION_RESOLVES_S5_GAPS,YES,YES,NO,STRATEGY_AGGREGATE_MULTIPLIER,v1.4_FINAL_MODEL_BASED,ALLdis_CEA_v3.0,D9_MAIN_CARRY_FORWARD_2034_STEADY_STATE,完整建模的增量部署成本；支付方成本含可识别转移支付,STANDARD_LABEL,D9_MAIN_FULL_MAINTENANCE,1.0,1.0,INTERIM_NOT_FINAL_2035_2050,INTERIM_SOFTWARE_HARDWARE_RENEWAL_UNCALIBRATED,0.0
S6,STRUCTURAL_ANCHOR,2035,payer,2329412998.072,modelled,NOT_APPLICABLE,NOT_APPLICABLE,S6_COMPOSITE_INCLUDES_S5_MODEL_UNSPECIFIED,conditional_metadata_gap,,conditional_embedded_composite_not_separately_estimable,,,,conditional_not_standardized_across_all_modules,,conditional_not_standardized_across_all_modules,SHARED_POOL_LEVEL,2025,CNY,DEDUPLICATED_COMPOSITE,S6_DEDUP_CORE_PLUS_MODULE_DELTAS_AND_MICROCOST_COORDINATION,MODEL_ASSUMPTION_RESOLVES_COORDINATION_AND_SHARED_POOL_GAPS,YES,YES,NO,STRATEGY_AGGREGATE_MULTIPLIER,v1.4_FINAL_MODEL_BASED,ALLdis_CEA_v3.0,D9_MAIN_CARRY_FORWARD_2034_STEADY_STATE,跨模块去重后的综合政策包成本,STANDARD_LABEL,D9_MAIN_FULL_MAINTENANCE,1.0,1.0,INTERIM_NOT_FINAL_2035_2050,INTERIM_INDEPENDENT_COMPOSITE_NOT_SUM_OF_S1_S5,0.0
S7,STRUCTURAL_ANCHOR,2035,payer,,missing_intentionally_undefined,NOT_APPLICABLE,NOT_APPLICABLE,NOT_APPLICABLE,NOT_APPLICABLE,,missing_intentionally_undefined,,,,missing_intentionally_undefined,,missing_intentionally_undefined,NOT_APPLICABLE,2025,CNY,THRESHOLD_ONLY,BUDGET_THRESHOLD_STRATEGY,INTENTIONALLY_UNDEFINED,NOT_APPLICABLE,NOT_APPLICABLE,NO,STRATEGY_AGGREGATE_MULTIPLIER,v1.4_FINAL_MODEL_BASED,ALLdis_CEA_v3.0,D9_MAIN_CARRY_FORWARD_2034_STEADY_STATE,目标阈值情景，成本有意不估计,STANDARD_LABEL,D9_MAIN_FULL_MAINTENANCE,,,INTERIM_NOT_FINAL_2035_2050,INTENTIONALLY_UNDEFINED,
S0,STRUCTURAL_ANCHOR,2036,payer,0.0,modelled,NOT_APPLICABLE,NOT_APPLICABLE,NOT_APPLICABLE,NOT_APPLICABLE,,not_applicable,,,,not_applicable,,not_applicable,NOT_APPLICABLE,2025,CNY,REFERENCE,REFERENCE_NO_ADDITIONAL_POLICY,NONE_STRUCTURAL_ZERO,YES,YES,NO,STRATEGY_AGGREGATE_MULTIPLIER,v1.4_FINAL_MODEL_BASED,ALLdis_CEA_v3.0,D9_MAIN_CARRY_FORWARD_2034_STEADY_STATE,基线参照：无新增政策成本,STANDARD_LABEL,D9_MAIN_FULL_MAINTENANCE,,,INTERIM_NOT_FINAL_2035_2050,STRUCTURAL_ZERO,
S1,STRUCTURAL_ANCHOR,2036,payer,169032160.00000003,modelled_v16_temporal_alignment,NOT_APPLICABLE,NOT_APPLICABLE,NOT_APPLICABLE,NOT_APPLICABLE,,not_applicable,,,,conditional_not_standardized_across_all_modules,,conditional_not_standardized_across_all_modules,NOT_APPLICABLE,2025,CNY,FULL_MODELLED_INCREMENTAL,S1_COMPLETION_MODEL,MODEL_ASSUMPTION_RESOLVES_S1_GAPS,YES,YES,NO,STRATEGY_AGGREGATE_MULTIPLIER,v1.4_FINAL_MODEL_BASED,ALLdis_CEA_v3.0,D9_MAIN_CARRY_FORWARD_2034_STEADY_STATE,完整建模的增量政策成本；v16主分析补入持续传播维护成本,STANDARD_LABEL,D9_MAIN_FULL_MAINTENANCE,1.0,1.0,INTERIM_NOT_FINAL_2035_2050,INTERIM_STEADY_STATE_PARENT_EXTENSION,
S2,STRUCTURAL_ANCHOR,2036,payer,1684788986.952,modelled,S2_COMPONENT_METHOD,FORMAL_SELECTED; PROCUREMENT_PACKAGE_EXCLUDED,NOT_APPLICABLE,NOT_APPLICABLE,,not_applicable,,,,conditional_not_standardized_across_all_modules,,conditional_not_standardized_across_all_modules,NOT_APPLICABLE,2025,CNY,AUDITED_CORE,S2_AUDITED_CORE_WITH_S0_INCREMENTAL_FACTOR,MODEL_ASSUMPTION_RESOLVES_S0_DEDUCTION,YES,YES,NO,STRATEGY_AGGREGATE_MULTIPLIER,v1.4_FINAL_MODEL_BASED,ALLdis_CEA_v3.0,D9_MAIN_CARRY_FORWARD_2034_STEADY_STATE,可审计核心成本，不得表述为完整社区组织政策总成本,MUST_LABEL_AUDITED_CORE,D9_MAIN_FULL_MAINTENANCE,1.0,1.0,INTERIM_NOT_FINAL_2035_2050,INTERIM_STEADY_STATE_PARENT_EXTENSION,
S3,STRUCTURAL_ANCHOR,2036,payer,70400000.0,modelled,NOT_APPLICABLE,NOT_APPLICABLE,NOT_APPLICABLE,NOT_APPLICABLE,,not_applicable,,,,conditional_not_standardized_across_all_modules,,conditional_not_standardized_across_all_modules,NOT_APPLICABLE,2025,CNY,AUDITED_CORE,S3_AUDITED_QUANTIFIED_CORE,EXPLICIT_CORE_COST_BOUNDARY,YES,YES,NO,STRATEGY_AGGREGATE_MULTIPLIER,v1.4_FINAL_MODEL_BASED,ALLdis_CEA_v3.0,D9_MAIN_CARRY_FORWARD_2034_STEADY_STATE,可审计量化核心成本，不得表述为完整设施政策总成本,MUST_LABEL_AUDITED_CORE,D9_MAIN_FULL_MAINTENANCE,1.0,1.0,INTERIM_NOT_FINAL_2035_2050,INTERIM_EXCLUDES_CAPITAL_REPLACEMENT_CASH,0.0
S4,STRUCTURAL_ANCHOR,2036,payer,458660751.12,modelled,NOT_APPLICABLE,NOT_APPLICABLE,NOT_APPLICABLE,NOT_APPLICABLE,,not_applicable,,,,conditional_not_standardized_across_all_modules,,conditional_not_standardized_across_all_modules,NOT_APPLICABLE,2025,CNY,AUDITED_CORE,S4_AUDITED_QUANTIFIED_CORE,EXPLICIT_CORE_COST_BOUNDARY,YES,YES,NO,STRATEGY_AGGREGATE_MULTIPLIER,v1.4_FINAL_MODEL_BASED,ALLdis_CEA_v3.0,D9_MAIN_CARRY_FORWARD_2034_STEADY_STATE,可审计量化核心成本，不得表述为完整体卫融合政策总成本,MUST_LABEL_AUDITED_CORE,D9_MAIN_FULL_MAINTENANCE,1.0,1.0,INTERIM_NOT_FINAL_2035_2050,INTERIM_STEADY_STATE_PARENT_EXTENSION,
S5,STRUCTURAL_ANCHOR,2036,payer,149680760.0,modelled,NOT_APPLICABLE,NOT_APPLICABLE,MODEL_UNSPECIFIED,conditional_metadata_gap,40000000.0,identified_cash_transfer_in_payer_cost,,,,conditional_not_standardized_across_all_modules,,conditional_not_standardized_across_all_modules,NOT_APPLICABLE,2025,CNY,FULL_MODELLED_INCREMENTAL,S5_NATIONAL_DEPLOYMENT_COMPLETION_MODEL,MODEL_ASSUMPTION_RESOLVES_S5_GAPS,YES,YES,NO,STRATEGY_AGGREGATE_MULTIPLIER,v1.4_FINAL_MODEL_BASED,ALLdis_CEA_v3.0,D9_MAIN_CARRY_FORWARD_2034_STEADY_STATE,完整建模的增量部署成本；支付方成本含可识别转移支付,STANDARD_LABEL,D9_MAIN_FULL_MAINTENANCE,1.0,1.0,INTERIM_NOT_FINAL_2035_2050,INTERIM_SOFTWARE_HARDWARE_RENEWAL_UNCALIBRATED,0.0
S6,STRUCTURAL_ANCHOR,2036,payer,2329412998.072,modelled,NOT_APPLICABLE,NOT_APPLICABLE,S6_COMPOSITE_INCLUDES_S5_MODEL_UNSPECIFIED,conditional_metadata_gap,,conditional_embedded_composite_not_separately_estimable,,,,conditional_not_standardized_across_all_modules,,conditional_not_standardized_across_all_modules,SHARED_POOL_LEVEL,2025,CNY,DEDUPLICATED_COMPOSITE,S6_DEDUP_CORE_PLUS_MODULE_DELTAS_AND_MICROCOST_COORDINATION,MODEL_ASSUMPTION_RESOLVES_COORDINATION_AND_SHARED_POOL_GAPS,YES,YES,NO,STRATEGY_AGGREGATE_MULTIPLIER,v1.4_FINAL_MODEL_BASED,ALLdis_CEA_v3.0,D9_MAIN_CARRY_FORWARD_2034_STEADY_STATE,跨模块去重后的综合政策包成本,STANDARD_LABEL,D9_MAIN_FULL_MAINTENANCE,1.0,1.0,INTERIM_NOT_FINAL_2035_2050,INTERIM_INDEPENDENT_COMPOSITE_NOT_SUM_OF_S1_S5,0.0
S7,STRUCTURAL_ANCHOR,2036,payer,,missing_intentionally_undefined,NOT_APPLICABLE,NOT_APPLICABLE,NOT_APPLICABLE,NOT_APPLICABLE,,missing_intentionally_undefined,,,,missing_intentionally_undefined,,missing_intentionally_undefined,NOT_APPLICABLE,2025,CNY,THRESHOLD_ONLY,BUDGET_THRESHOLD_STRATEGY,INTENTIONALLY_UNDEFINED,NOT_APPLICABLE,NOT_APPLICABLE,NO,STRATEGY_AGGREGATE_MULTIPLIER,v1.4_FINAL_MODEL_BASED,ALLdis_CEA_v3.0,D9_MAIN_CARRY_FORWARD_2034_STEADY_STATE,目标阈值情景，成本有意不估计,STANDARD_LABEL,D9_MAIN_FULL_MAINTENANCE,,,INTERIM_NOT_FINAL_2035_2050,INTENTIONALLY_UNDEFINED,
S0,STRUCTURAL_ANCHOR,2037,payer,0.0,modelled,NOT_APPLICABLE,NOT_APPLICABLE,NOT_APPLICABLE,NOT_APPLICABLE,,not_applicable,,,,not_applicable,,not_applicable,NOT_APPLICABLE,2025,CNY,REFERENCE,REFERENCE_NO_ADDITIONAL_POLICY,NONE_STRUCTURAL_ZERO,YES,YES,NO,STRATEGY_AGGREGATE_MULTIPLIER,v1.4_FINAL_MODEL_BASED,ALLdis_CEA_v3.0,D9_MAIN_CARRY_FORWARD_2034_STEADY_STATE,基线参照：无新增政策成本,STANDARD_LABEL,D9_MAIN_FULL_MAINTENANCE,,,INTERIM_NOT_FINAL_2035_2050,STRUCTURAL_ZERO,
S1,STRUCTURAL_ANCHOR,2037,payer,169032160.00000003,modelled_v16_temporal_alignment,NOT_APPLICABLE,NOT_APPLICABLE,NOT_APPLICABLE,NOT_APPLICABLE,,not_applicable,,,,conditional_not_standardized_across_all_modules,,conditional_not_standardized_across_all_modules,NOT_APPLICABLE,2025,CNY,FULL_MODELLED_INCREMENTAL,S1_COMPLETION_MODEL,MODEL_ASSUMPTION_RESOLVES_S1_GAPS,YES,YES,NO,STRATEGY_AGGREGATE_MULTIPLIER,v1.4_FINAL_MODEL_BASED,ALLdis_CEA_v3.0,D9_MAIN_CARRY_FORWARD_2034_STEADY_STATE,完整建模的增量政策成本；v16主分析补入持续传播维护成本,STANDARD_LABEL,D9_MAIN_FULL_MAINTENANCE,1.0,1.0,INTERIM_NOT_FINAL_2035_2050,INTERIM_STEADY_STATE_PARENT_EXTENSION,
S2,STRUCTURAL_ANCHOR,2037,payer,1684788986.952,modelled,S2_COMPONENT_METHOD,FORMAL_SELECTED; PROCUREMENT_PACKAGE_EXCLUDED,NOT_APPLICABLE,NOT_APPLICABLE,,not_applicable,,,,conditional_not_standardized_across_all_modules,,conditional_not_standardized_across_all_modules,NOT_APPLICABLE,2025,CNY,AUDITED_CORE,S2_AUDITED_CORE_WITH_S0_INCREMENTAL_FACTOR,MODEL_ASSUMPTION_RESOLVES_S0_DEDUCTION,YES,YES,NO,STRATEGY_AGGREGATE_MULTIPLIER,v1.4_FINAL_MODEL_BASED,ALLdis_CEA_v3.0,D9_MAIN_CARRY_FORWARD_2034_STEADY_STATE,可审计核心成本，不得表述为完整社区组织政策总成本,MUST_LABEL_AUDITED_CORE,D9_MAIN_FULL_MAINTENANCE,1.0,1.0,INTERIM_NOT_FINAL_2035_2050,INTERIM_STEADY_STATE_PARENT_EXTENSION,
S3,STRUCTURAL_ANCHOR,2037,payer,70400000.0,modelled,NOT_APPLICABLE,NOT_APPLICABLE,NOT_APPLICABLE,NOT_APPLICABLE,,not_applicable,,,,conditional_not_standardized_across_all_modules,,conditional_not_standardized_across_all_modules,NOT_APPLICABLE,2025,CNY,AUDITED_CORE,S3_AUDITED_QUANTIFIED_CORE,EXPLICIT_CORE_COST_BOUNDARY,YES,YES,NO,STRATEGY_AGGREGATE_MULTIPLIER,v1.4_FINAL_MODEL_BASED,ALLdis_CEA_v3.0,D9_MAIN_CARRY_FORWARD_2034_STEADY_STATE,可审计量化核心成本，不得表述为完整设施政策总成本,MUST_LABEL_AUDITED_CORE,D9_MAIN_FULL_MAINTENANCE,1.0,1.0,INTERIM_NOT_FINAL_2035_2050,INTERIM_EXCLUDES_CAPITAL_REPLACEMENT_CASH,0.0
S4,STRUCTURAL_ANCHOR,2037,payer,458660751.12,modelled,NOT_APPLICABLE,NOT_APPLICABLE,NOT_APPLICABLE,NOT_APPLICABLE,,not_applicable,,,,conditional_not_standardized_across_all_modules,,conditional_not_standardized_across_all_modules,NOT_APPLICABLE,2025,CNY,AUDITED_CORE,S4_AUDITED_QUANTIFIED_CORE,EXPLICIT_CORE_COST_BOUNDARY,YES,YES,NO,STRATEGY_AGGREGATE_MULTIPLIER,v1.4_FINAL_MODEL_BASED,ALLdis_CEA_v3.0,D9_MAIN_CARRY_FORWARD_2034_STEADY_STATE,可审计量化核心成本，不得表述为完整体卫融合政策总成本,MUST_LABEL_AUDITED_CORE,D9_MAIN_FULL_MAINTENANCE,1.0,1.0,INTERIM_NOT_FINAL_2035_2050,INTERIM_STEADY_STATE_PARENT_EXTENSION,
S5,STRUCTURAL_ANCHOR,2037,payer,149680760.0,modelled,NOT_APPLICABLE,NOT_APPLICABLE,MODEL_UNSPECIFIED,conditional_metadata_gap,40000000.0,identified_cash_transfer_in_payer_cost,,,,conditional_not_standardized_across_all_modules,,conditional_not_standardized_across_all_modules,NOT_APPLICABLE,2025,CNY,FULL_MODELLED_INCREMENTAL,S5_NATIONAL_DEPLOYMENT_COMPLETION_MODEL,MODEL_ASSUMPTION_RESOLVES_S5_GAPS,YES,YES,NO,STRATEGY_AGGREGATE_MULTIPLIER,v1.4_FINAL_MODEL_BASED,ALLdis_CEA_v3.0,D9_MAIN_CARRY_FORWARD_2034_STEADY_STATE,完整建模的增量部署成本；支付方成本含可识别转移支付,STANDARD_LABEL,D9_MAIN_FULL_MAINTENANCE,1.0,1.0,INTERIM_NOT_FINAL_2035_2050,INTERIM_SOFTWARE_HARDWARE_RENEWAL_UNCALIBRATED,0.0
S6,STRUCTURAL_ANCHOR,2037,payer,2329412998.072,modelled,NOT_APPLICABLE,NOT_APPLICABLE,S6_COMPOSITE_INCLUDES_S5_MODEL_UNSPECIFIED,conditional_metadata_gap,,conditional_embedded_composite_not_separately_estimable,,,,conditional_not_standardized_across_all_modules,,conditional_not_standardized_across_all_modules,SHARED_POOL_LEVEL,2025,CNY,DEDUPLICATED_COMPOSITE,S6_DEDUP_CORE_PLUS_MODULE_DELTAS_AND_MICROCOST_COORDINATION,MODEL_ASSUMPTION_RESOLVES_COORDINATION_AND_SHARED_POOL_GAPS,YES,YES,NO,STRATEGY_AGGREGATE_MULTIPLIER,v1.4_FINAL_MODEL_BASED,ALLdis_CEA_v3.0,D9_MAIN_CARRY_FORWARD_2034_STEADY_STATE,跨模块去重后的综合政策包成本,STANDARD_LABEL,D9_MAIN_FULL_MAINTENANCE,1.0,1.0,INTERIM_NOT_FINAL_2035_2050,INTERIM_INDEPENDENT_COMPOSITE_NOT_SUM_OF_S1_S5,0.0
S7,STRUCTURAL_ANCHOR,2037,payer,,missing_intentionally_undefined,NOT_APPLICABLE,NOT_APPLICABLE,NOT_APPLICABLE,NOT_APPLICABLE,,missing_intentionally_undefined,,,,missing_intentionally_undefined,,missing_intentionally_undefined,NOT_APPLICABLE,2025,CNY,THRESHOLD_ONLY,BUDGET_THRESHOLD_STRATEGY,INTENTIONALLY_UNDEFINED,NOT_APPLICABLE,NOT_APPLICABLE,NO,STRATEGY_AGGREGATE_MULTIPLIER,v1.4_FINAL_MODEL_BASED,ALLdis_CEA_v3.0,D9_MAIN_CARRY_FORWARD_2034_STEADY_STATE,目标阈值情景，成本有意不估计,STANDARD_LABEL,D9_MAIN_FULL_MAINTENANCE,,,INTERIM_NOT_FINAL_2035_2050,INTENTIONALLY_UNDEFINED,
S0,STRUCTURAL_ANCHOR,2038,payer,0.0,modelled,NOT_APPLICABLE,NOT_APPLICABLE,NOT_APPLICABLE,NOT_APPLICABLE,,not_applicable,,,,not_applicable,,not_applicable,NOT_APPLICABLE,2025,CNY,REFERENCE,REFERENCE_NO_ADDITIONAL_POLICY,NONE_STRUCTURAL_ZERO,YES,YES,NO,STRATEGY_AGGREGATE_MULTIPLIER,v1.4_FINAL_MODEL_BASED,ALLdis_CEA_v3.0,D9_MAIN_CARRY_FORWARD_2034_STEADY_STATE,基线参照：无新增政策成本,STANDARD_LABEL,D9_MAIN_FULL_MAINTENANCE,,,INTERIM_NOT_FINAL_2035_2050,STRUCTURAL_ZERO,
S1,STRUCTURAL_ANCHOR,2038,payer,169032160.00000003,modelled_v16_temporal_alignment,NOT_APPLICABLE,NOT_APPLICABLE,NOT_APPLICABLE,NOT_APPLICABLE,,not_applicable,,,,conditional_not_standardized_across_all_modules,,conditional_not_standardized_across_all_modules,NOT_APPLICABLE,2025,CNY,FULL_MODELLED_INCREMENTAL,S1_COMPLETION_MODEL,MODEL_ASSUMPTION_RESOLVES_S1_GAPS,YES,YES,NO,STRATEGY_AGGREGATE_MULTIPLIER,v1.4_FINAL_MODEL_BASED,ALLdis_CEA_v3.0,D9_MAIN_CARRY_FORWARD_2034_STEADY_STATE,完整建模的增量政策成本；v16主分析补入持续传播维护成本,STANDARD_LABEL,D9_MAIN_FULL_MAINTENANCE,1.0,1.0,INTERIM_NOT_FINAL_2035_2050,INTERIM_STEADY_STATE_PARENT_EXTENSION,
S2,STRUCTURAL_ANCHOR,2038,payer,1684788986.952,modelled,S2_COMPONENT_METHOD,FORMAL_SELECTED; PROCUREMENT_PACKAGE_EXCLUDED,NOT_APPLICABLE,NOT_APPLICABLE,,not_applicable,,,,conditional_not_standardized_across_all_modules,,conditional_not_standardized_across_all_modules,NOT_APPLICABLE,2025,CNY,AUDITED_CORE,S2_AUDITED_CORE_WITH_S0_INCREMENTAL_FACTOR,MODEL_ASSUMPTION_RESOLVES_S0_DEDUCTION,YES,YES,NO,STRATEGY_AGGREGATE_MULTIPLIER,v1.4_FINAL_MODEL_BASED,ALLdis_CEA_v3.0,D9_MAIN_CARRY_FORWARD_2034_STEADY_STATE,可审计核心成本，不得表述为完整社区组织政策总成本,MUST_LABEL_AUDITED_CORE,D9_MAIN_FULL_MAINTENANCE,1.0,1.0,INTERIM_NOT_FINAL_2035_2050,INTERIM_STEADY_STATE_PARENT_EXTENSION,
S3,STRUCTURAL_ANCHOR,2038,payer,70400000.0,modelled,NOT_APPLICABLE,NOT_APPLICABLE,NOT_APPLICABLE,NOT_APPLICABLE,,not_applicable,,,,conditional_not_standardized_across_all_modules,,conditional_not_standardized_across_all_modules,NOT_APPLICABLE,2025,CNY,AUDITED_CORE,S3_AUDITED_QUANTIFIED_CORE,EXPLICIT_CORE_COST_BOUNDARY,YES,YES,NO,STRATEGY_AGGREGATE_MULTIPLIER,v1.4_FINAL_MODEL_BASED,ALLdis_CEA_v3.0,D9_MAIN_CARRY_FORWARD_2034_STEADY_STATE,可审计量化核心成本，不得表述为完整设施政策总成本,MUST_LABEL_AUDITED_CORE,D9_MAIN_FULL_MAINTENANCE,1.0,1.0,INTERIM_NOT_FINAL_2035_2050,INTERIM_EXCLUDES_CAPITAL_REPLACEMENT_CASH,0.0
S4,STRUCTURAL_ANCHOR,2038,payer,458660751.12,modelled,NOT_APPLICABLE,NOT_APPLICABLE,NOT_APPLICABLE,NOT_APPLICABLE,,not_applicable,,,,conditional_not_standardized_across_all_modules,,conditional_not_standardized_across_all_modules,NOT_APPLICABLE,2025,CNY,AUDITED_CORE,S4_AUDITED_QUANTIFIED_CORE,EXPLICIT_CORE_COST_BOUNDARY,YES,YES,NO,STRATEGY_AGGREGATE_MULTIPLIER,v1.4_FINAL_MODEL_BASED,ALLdis_CEA_v3.0,D9_MAIN_CARRY_FORWARD_2034_STEADY_STATE,可审计量化核心成本，不得表述为完整体卫融合政策总成本,MUST_LABEL_AUDITED_CORE,D9_MAIN_FULL_MAINTENANCE,1.0,1.0,INTERIM_NOT_FINAL_2035_2050,INTERIM_STEADY_STATE_PARENT_EXTENSION,
S5,STRUCTURAL_ANCHOR,2038,payer,149680760.0,modelled,NOT_APPLICABLE,NOT_APPLICABLE,MODEL_UNSPECIFIED,conditional_metadata_gap,40000000.0,identified_cash_transfer_in_payer_cost,,,,conditional_not_standardized_across_all_modules,,conditional_not_standardized_across_all_modules,NOT_APPLICABLE,2025,CNY,FULL_MODELLED_INCREMENTAL,S5_NATIONAL_DEPLOYMENT_COMPLETION_MODEL,MODEL_ASSUMPTION_RESOLVES_S5_GAPS,YES,YES,NO,STRATEGY_AGGREGATE_MULTIPLIER,v1.4_FINAL_MODEL_BASED,ALLdis_CEA_v3.0,D9_MAIN_CARRY_FORWARD_2034_STEADY_STATE,完整建模的增量部署成本；支付方成本含可识别转移支付,STANDARD_LABEL,D9_MAIN_FULL_MAINTENANCE,1.0,1.0,INTERIM_NOT_FINAL_2035_2050,INTERIM_SOFTWARE_HARDWARE_RENEWAL_UNCALIBRATED,0.0
S6,STRUCTURAL_ANCHOR,2038,payer,2329412998.072,modelled,NOT_APPLICABLE,NOT_APPLICABLE,S6_COMPOSITE_INCLUDES_S5_MODEL_UNSPECIFIED,conditional_metadata_gap,,conditional_embedded_composite_not_separately_estimable,,,,conditional_not_standardized_across_all_modules,,conditional_not_standardized_across_all_modules,SHARED_POOL_LEVEL,2025,CNY,DEDUPLICATED_COMPOSITE,S6_DEDUP_CORE_PLUS_MODULE_DELTAS_AND_MICROCOST_COORDINATION,MODEL_ASSUMPTION_RESOLVES_COORDINATION_AND_SHARED_POOL_GAPS,YES,YES,NO,STRATEGY_AGGREGATE_MULTIPLIER,v1.4_FINAL_MODEL_BASED,ALLdis_CEA_v3.0,D9_MAIN_CARRY_FORWARD_2034_STEADY_STATE,跨模块去重后的综合政策包成本,STANDARD_LABEL,D9_MAIN_FULL_MAINTENANCE,1.0,1.0,INTERIM_NOT_FINAL_2035_2050,INTERIM_INDEPENDENT_COMPOSITE_NOT_SUM_OF_S1_S5,0.0
S7,STRUCTURAL_ANCHOR,2038,payer,,missing_intentionally_undefined,NOT_APPLICABLE,NOT_APPLICABLE,NOT_APPLICABLE,NOT_APPLICABLE,,missing_intentionally_undefined,,,,missing_intentionally_undefined,,missing_intentionally_undefined,NOT_APPLICABLE,2025,CNY,THRESHOLD_ONLY,BUDGET_THRESHOLD_STRATEGY,INTENTIONALLY_UNDEFINED,NOT_APPLICABLE,NOT_APPLICABLE,NO,STRATEGY_AGGREGATE_MULTIPLIER,v1.4_FINAL_MODEL_BASED,ALLdis_CEA_v3.0,D9_MAIN_CARRY_FORWARD_2034_STEADY_STATE,目标阈值情景，成本有意不估计,STANDARD_LABEL,D9_MAIN_FULL_MAINTENANCE,,,INTERIM_NOT_FINAL_2035_2050,INTENTIONALLY_UNDEFINED,
S0,STRUCTURAL_ANCHOR,2039,payer,0.0,modelled,NOT_APPLICABLE,NOT_APPLICABLE,NOT_APPLICABLE,NOT_APPLICABLE,,not_applicable,,,,not_applicable,,not_applicable,NOT_APPLICABLE,2025,CNY,REFERENCE,REFERENCE_NO_ADDITIONAL_POLICY,NONE_STRUCTURAL_ZERO,YES,YES,NO,STRATEGY_AGGREGATE_MULTIPLIER,v1.4_FINAL_MODEL_BASED,ALLdis_CEA_v3.0,D9_MAIN_CARRY_FORWARD_2034_STEADY_STATE,基线参照：无新增政策成本,STANDARD_LABEL,D9_MAIN_FULL_MAINTENANCE,,,INTERIM_NOT_FINAL_2035_2050,STRUCTURAL_ZERO,
S1,STRUCTURAL_ANCHOR,2039,payer,169032160.00000003,modelled_v16_temporal_alignment,NOT_APPLICABLE,NOT_APPLICABLE,NOT_APPLICABLE,NOT_APPLICABLE,,not_applicable,,,,conditional_not_standardized_across_all_modules,,conditional_not_standardized_across_all_modules,NOT_APPLICABLE,2025,CNY,FULL_MODELLED_INCREMENTAL,S1_COMPLETION_MODEL,MODEL_ASSUMPTION_RESOLVES_S1_GAPS,YES,YES,NO,STRATEGY_AGGREGATE_MULTIPLIER,v1.4_FINAL_MODEL_BASED,ALLdis_CEA_v3.0,D9_MAIN_CARRY_FORWARD_2034_STEADY_STATE,完整建模的增量政策成本；v16主分析补入持续传播维护成本,STANDARD_LABEL,D9_MAIN_FULL_MAINTENANCE,1.0,1.0,INTERIM_NOT_FINAL_2035_2050,INTERIM_STEADY_STATE_PARENT_EXTENSION,
S2,STRUCTURAL_ANCHOR,2039,payer,1684788986.952,modelled,S2_COMPONENT_METHOD,FORMAL_SELECTED; PROCUREMENT_PACKAGE_EXCLUDED,NOT_APPLICABLE,NOT_APPLICABLE,,not_applicable,,,,conditional_not_standardized_across_all_modules,,conditional_not_standardized_across_all_modules,NOT_APPLICABLE,2025,CNY,AUDITED_CORE,S2_AUDITED_CORE_WITH_S0_INCREMENTAL_FACTOR,MODEL_ASSUMPTION_RESOLVES_S0_DEDUCTION,YES,YES,NO,STRATEGY_AGGREGATE_MULTIPLIER,v1.4_FINAL_MODEL_BASED,ALLdis_CEA_v3.0,D9_MAIN_CARRY_FORWARD_2034_STEADY_STATE,可审计核心成本，不得表述为完整社区组织政策总成本,MUST_LABEL_AUDITED_CORE,D9_MAIN_FULL_MAINTENANCE,1.0,1.0,INTERIM_NOT_FINAL_2035_2050,INTERIM_STEADY_STATE_PARENT_EXTENSION,
S3,STRUCTURAL_ANCHOR,2039,payer,70400000.0,modelled,NOT_APPLICABLE,NOT_APPLICABLE,NOT_APPLICABLE,NOT_APPLICABLE,,not_applicable,,,,conditional_not_standardized_across_all_modules,,conditional_not_standardized_across_all_modules,NOT_APPLICABLE,2025,CNY,AUDITED_CORE,S3_AUDITED_QUANTIFIED_CORE,EXPLICIT_CORE_COST_BOUNDARY,YES,YES,NO,STRATEGY_AGGREGATE_MULTIPLIER,v1.4_FINAL_MODEL_BASED,ALLdis_CEA_v3.0,D9_MAIN_CARRY_FORWARD_2034_STEADY_STATE,可审计量化核心成本，不得表述为完整设施政策总成本,MUST_LABEL_AUDITED_CORE,D9_MAIN_FULL_MAINTENANCE,1.0,1.0,INTERIM_NOT_FINAL_2035_2050,INTERIM_EXCLUDES_CAPITAL_REPLACEMENT_CASH,0.0
S4,STRUCTURAL_ANCHOR,2039,payer,458660751.12,modelled,NOT_APPLICABLE,NOT_APPLICABLE,NOT_APPLICABLE,NOT_APPLICABLE,,not_applicable,,,,conditional_not_standardized_across_all_modules,,conditional_not_standardized_across_all_modules,NOT_APPLICABLE,2025,CNY,AUDITED_CORE,S4_AUDITED_QUANTIFIED_CORE,EXPLICIT_CORE_COST_BOUNDARY,YES,YES,NO,STRATEGY_AGGREGATE_MULTIPLIER,v1.4_FINAL_MODEL_BASED,ALLdis_CEA_v3.0,D9_MAIN_CARRY_FORWARD_2034_STEADY_STATE,可审计量化核心成本，不得表述为完整体卫融合政策总成本,MUST_LABEL_AUDITED_CORE,D9_MAIN_FULL_MAINTENANCE,1.0,1.0,INTERIM_NOT_FINAL_2035_2050,INTERIM_STEADY_STATE_PARENT_EXTENSION,
S5,STRUCTURAL_ANCHOR,2039,payer,149680760.0,modelled,NOT_APPLICABLE,NOT_APPLICABLE,MODEL_UNSPECIFIED,conditional_metadata_gap,40000000.0,identified_cash_transfer_in_payer_cost,,,,conditional_not_standardized_across_all_modules,,conditional_not_standardized_across_all_modules,NOT_APPLICABLE,2025,CNY,FULL_MODELLED_INCREMENTAL,S5_NATIONAL_DEPLOYMENT_COMPLETION_MODEL,MODEL_ASSUMPTION_RESOLVES_S5_GAPS,YES,YES,NO,STRATEGY_AGGREGATE_MULTIPLIER,v1.4_FINAL_MODEL_BASED,ALLdis_CEA_v3.0,D9_MAIN_CARRY_FORWARD_2034_STEADY_STATE,完整建模的增量部署成本；支付方成本含可识别转移支付,STANDARD_LABEL,D9_MAIN_FULL_MAINTENANCE,1.0,1.0,INTERIM_NOT_FINAL_2035_2050,INTERIM_SOFTWARE_HARDWARE_RENEWAL_UNCALIBRATED,0.0
S6,STRUCTURAL_ANCHOR,2039,payer,2329412998.072,modelled,NOT_APPLICABLE,NOT_APPLICABLE,S6_COMPOSITE_INCLUDES_S5_MODEL_UNSPECIFIED,conditional_metadata_gap,,conditional_embedded_composite_not_separately_estimable,,,,conditional_not_standardized_across_all_modules,,conditional_not_standardized_across_all_modules,SHARED_POOL_LEVEL,2025,CNY,DEDUPLICATED_COMPOSITE,S6_DEDUP_CORE_PLUS_MODULE_DELTAS_AND_MICROCOST_COORDINATION,MODEL_ASSUMPTION_RESOLVES_COORDINATION_AND_SHARED_POOL_GAPS,YES,YES,NO,STRATEGY_AGGREGATE_MULTIPLIER,v1.4_FINAL_MODEL_BASED,ALLdis_CEA_v3.0,D9_MAIN_CARRY_FORWARD_2034_STEADY_STATE,跨模块去重后的综合政策包成本,STANDARD_LABEL,D9_MAIN_FULL_MAINTENANCE,1.0,1.0,INTERIM_NOT_FINAL_2035_2050,INTERIM_INDEPENDENT_COMPOSITE_NOT_SUM_OF_S1_S5,0.0
S7,STRUCTURAL_ANCHOR,2039,payer,,missing_intentionally_undefined,NOT_APPLICABLE,NOT_APPLICABLE,NOT_APPLICABLE,NOT_APPLICABLE,,missing_intentionally_undefined,,,,missing_intentionally_undefined,,missing_intentionally_undefined,NOT_APPLICABLE,2025,CNY,THRESHOLD_ONLY,BUDGET_THRESHOLD_STRATEGY,INTENTIONALLY_UNDEFINED,NOT_APPLICABLE,NOT_APPLICABLE,NO,STRATEGY_AGGREGATE_MULTIPLIER,v1.4_FINAL_MODEL_BASED,ALLdis_CEA_v3.0,D9_MAIN_CARRY_FORWARD_2034_STEADY_STATE,目标阈值情景，成本有意不估计,STANDARD_LABEL,D9_MAIN_FULL_MAINTENANCE,,,INTERIM_NOT_FINAL_2035_2050,INTENTIONALLY_UNDEFINED,
S0,STRUCTURAL_ANCHOR,2040,payer,0.0,modelled,NOT_APPLICABLE,NOT_APPLICABLE,NOT_APPLICABLE,NOT_APPLICABLE,,not_applicable,,,,not_applicable,,not_applicable,NOT_APPLICABLE,2025,CNY,REFERENCE,REFERENCE_NO_ADDITIONAL_POLICY,NONE_STRUCTURAL_ZERO,YES,YES,NO,STRATEGY_AGGREGATE_MULTIPLIER,v1.4_FINAL_MODEL_BASED,ALLdis_CEA_v3.0,D9_MAIN_CARRY_FORWARD_2034_STEADY_STATE,基线参照：无新增政策成本,STANDARD_LABEL,D9_MAIN_FULL_MAINTENANCE,,,INTERIM_NOT_FINAL_2035_2050,STRUCTURAL_ZERO,
S1,STRUCTURAL_ANCHOR,2040,payer,169032160.00000003,modelled_v16_temporal_alignment,NOT_APPLICABLE,NOT_APPLICABLE,NOT_APPLICABLE,NOT_APPLICABLE,,not_applicable,,,,conditional_not_standardized_across_all_modules,,conditional_not_standardized_across_all_modules,NOT_APPLICABLE,2025,CNY,FULL_MODELLED_INCREMENTAL,S1_COMPLETION_MODEL,MODEL_ASSUMPTION_RESOLVES_S1_GAPS,YES,YES,NO,STRATEGY_AGGREGATE_MULTIPLIER,v1.4_FINAL_MODEL_BASED,ALLdis_CEA_v3.0,D9_MAIN_CARRY_FORWARD_2034_STEADY_STATE,完整建模的增量政策成本；v16主分析补入持续传播维护成本,STANDARD_LABEL,D9_MAIN_FULL_MAINTENANCE,1.0,1.0,INTERIM_NOT_FINAL_2035_2050,INTERIM_STEADY_STATE_PARENT_EXTENSION,
S2,STRUCTURAL_ANCHOR,2040,payer,1684788986.952,modelled,S2_COMPONENT_METHOD,FORMAL_SELECTED; PROCUREMENT_PACKAGE_EXCLUDED,NOT_APPLICABLE,NOT_APPLICABLE,,not_applicable,,,,conditional_not_standardized_across_all_modules,,conditional_not_standardized_across_all_modules,NOT_APPLICABLE,2025,CNY,AUDITED_CORE,S2_AUDITED_CORE_WITH_S0_INCREMENTAL_FACTOR,MODEL_ASSUMPTION_RESOLVES_S0_DEDUCTION,YES,YES,NO,STRATEGY_AGGREGATE_MULTIPLIER,v1.4_FINAL_MODEL_BASED,ALLdis_CEA_v3.0,D9_MAIN_CARRY_FORWARD_2034_STEADY_STATE,可审计核心成本，不得表述为完整社区组织政策总成本,MUST_LABEL_AUDITED_CORE,D9_MAIN_FULL_MAINTENANCE,1.0,1.0,INTERIM_NOT_FINAL_2035_2050,INTERIM_STEADY_STATE_PARENT_EXTENSION,
S3,STRUCTURAL_ANCHOR,2040,payer,70400000.0,modelled,NOT_APPLICABLE,NOT_APPLICABLE,NOT_APPLICABLE,NOT_APPLICABLE,,not_applicable,,,,conditional_not_standardized_across_all_modules,,conditional_not_standardized_across_all_modules,NOT_APPLICABLE,2025,CNY,AUDITED_CORE,S3_AUDITED_QUANTIFIED_CORE,EXPLICIT_CORE_COST_BOUNDARY,YES,YES,NO,STRATEGY_AGGREGATE_MULTIPLIER,v1.4_FINAL_MODEL_BASED,ALLdis_CEA_v3.0,D9_MAIN_CARRY_FORWARD_2034_STEADY_STATE,可审计量化核心成本，不得表述为完整设施政策总成本,MUST_LABEL_AUDITED_CORE,D9_MAIN_FULL_MAINTENANCE,1.0,1.0,INTERIM_NOT_FINAL_2035_2050,INTERIM_EXCLUDES_CAPITAL_REPLACEMENT_CASH,0.0
S4,STRUCTURAL_ANCHOR,2040,payer,458660751.12,modelled,NOT_APPLICABLE,NOT_APPLICABLE,NOT_APPLICABLE,NOT_APPLICABLE,,not_applicable,,,,conditional_not_standardized_across_all_modules,,conditional_not_standardized_across_all_modules,NOT_APPLICABLE,2025,CNY,AUDITED_CORE,S4_AUDITED_QUANTIFIED_CORE,EXPLICIT_CORE_COST_BOUNDARY,YES,YES,NO,STRATEGY_AGGREGATE_MULTIPLIER,v1.4_FINAL_MODEL_BASED,ALLdis_CEA_v3.0,D9_MAIN_CARRY_FORWARD_2034_STEADY_STATE,可审计量化核心成本，不得表述为完整体卫融合政策总成本,MUST_LABEL_AUDITED_CORE,D9_MAIN_FULL_MAINTENANCE,1.0,1.0,INTERIM_NOT_FINAL_2035_2050,INTERIM_STEADY_STATE_PARENT_EXTENSION,
S5,STRUCTURAL_ANCHOR,2040,payer,149680760.0,modelled,NOT_APPLICABLE,NOT_APPLICABLE,MODEL_UNSPECIFIED,conditional_metadata_gap,40000000.0,identified_cash_transfer_in_payer_cost,,,,conditional_not_standardized_across_all_modules,,conditional_not_standardized_across_all_modules,NOT_APPLICABLE,2025,CNY,FULL_MODELLED_INCREMENTAL,S5_NATIONAL_DEPLOYMENT_COMPLETION_MODEL,MODEL_ASSUMPTION_RESOLVES_S5_GAPS,YES,YES,NO,STRATEGY_AGGREGATE_MULTIPLIER,v1.4_FINAL_MODEL_BASED,ALLdis_CEA_v3.0,D9_MAIN_CARRY_FORWARD_2034_STEADY_STATE,完整建模的增量部署成本；支付方成本含可识别转移支付,STANDARD_LABEL,D9_MAIN_FULL_MAINTENANCE,1.0,1.0,INTERIM_NOT_FINAL_2035_2050,INTERIM_SOFTWARE_HARDWARE_RENEWAL_UNCALIBRATED,0.0
S6,STRUCTURAL_ANCHOR,2040,payer,2329412998.072,modelled,NOT_APPLICABLE,NOT_APPLICABLE,S6_COMPOSITE_INCLUDES_S5_MODEL_UNSPECIFIED,conditional_metadata_gap,,conditional_embedded_composite_not_separately_estimable,,,,conditional_not_standardized_across_all_modules,,conditional_not_standardized_across_all_modules,SHARED_POOL_LEVEL,2025,CNY,DEDUPLICATED_COMPOSITE,S6_DEDUP_CORE_PLUS_MODULE_DELTAS_AND_MICROCOST_COORDINATION,MODEL_ASSUMPTION_RESOLVES_COORDINATION_AND_SHARED_POOL_GAPS,YES,YES,NO,STRATEGY_AGGREGATE_MULTIPLIER,v1.4_FINAL_MODEL_BASED,ALLdis_CEA_v3.0,D9_MAIN_CARRY_FORWARD_2034_STEADY_STATE,跨模块去重后的综合政策包成本,STANDARD_LABEL,D9_MAIN_FULL_MAINTENANCE,1.0,1.0,INTERIM_NOT_FINAL_2035_2050,INTERIM_INDEPENDENT_COMPOSITE_NOT_SUM_OF_S1_S5,0.0
S7,STRUCTURAL_ANCHOR,2040,payer,,missing_intentionally_undefined,NOT_APPLICABLE,NOT_APPLICABLE,NOT_APPLICABLE,NOT_APPLICABLE,,missing_intentionally_undefined,,,,missing_intentionally_undefined,,missing_intentionally_undefined,NOT_APPLICABLE,2025,CNY,THRESHOLD_ONLY,BUDGET_THRESHOLD_STRATEGY,INTENTIONALLY_UNDEFINED,NOT_APPLICABLE,NOT_APPLICABLE,NO,STRATEGY_AGGREGATE_MULTIPLIER,v1.4_FINAL_MODEL_BASED,ALLdis_CEA_v3.0,D9_MAIN_CARRY_FORWARD_2034_STEADY_STATE,目标阈值情景，成本有意不估计,STANDARD_LABEL,D9_MAIN_FULL_MAINTENANCE,,,INTERIM_NOT_FINAL_2035_2050,INTENTIONALLY_UNDEFINED,
S0,STRUCTURAL_ANCHOR,2041,payer,0.0,modelled,NOT_APPLICABLE,NOT_APPLICABLE,NOT_APPLICABLE,NOT_APPLICABLE,,not_applicable,,,,not_applicable,,not_applicable,NOT_APPLICABLE,2025,CNY,REFERENCE,REFERENCE_NO_ADDITIONAL_POLICY,NONE_STRUCTURAL_ZERO,YES,YES,NO,STRATEGY_AGGREGATE_MULTIPLIER,v1.4_FINAL_MODEL_BASED,ALLdis_CEA_v3.0,D9_MAIN_CARRY_FORWARD_2034_STEADY_STATE,基线参照：无新增政策成本,STANDARD_LABEL,D9_MAIN_FULL_MAINTENANCE,,,INTERIM_NOT_FINAL_2035_2050,STRUCTURAL_ZERO,
S1,STRUCTURAL_ANCHOR,2041,payer,169032160.00000003,modelled_v16_temporal_alignment,NOT_APPLICABLE,NOT_APPLICABLE,NOT_APPLICABLE,NOT_APPLICABLE,,not_applicable,,,,conditional_not_standardized_across_all_modules,,conditional_not_standardized_across_all_modules,NOT_APPLICABLE,2025,CNY,FULL_MODELLED_INCREMENTAL,S1_COMPLETION_MODEL,MODEL_ASSUMPTION_RESOLVES_S1_GAPS,YES,YES,NO,STRATEGY_AGGREGATE_MULTIPLIER,v1.4_FINAL_MODEL_BASED,ALLdis_CEA_v3.0,D9_MAIN_CARRY_FORWARD_2034_STEADY_STATE,完整建模的增量政策成本；v16主分析补入持续传播维护成本,STANDARD_LABEL,D9_MAIN_FULL_MAINTENANCE,1.0,1.0,INTERIM_NOT_FINAL_2035_2050,INTERIM_STEADY_STATE_PARENT_EXTENSION,
S2,STRUCTURAL_ANCHOR,2041,payer,1684788986.952,modelled,S2_COMPONENT_METHOD,FORMAL_SELECTED; PROCUREMENT_PACKAGE_EXCLUDED,NOT_APPLICABLE,NOT_APPLICABLE,,not_applicable,,,,conditional_not_standardized_across_all_modules,,conditional_not_standardized_across_all_modules,NOT_APPLICABLE,2025,CNY,AUDITED_CORE,S2_AUDITED_CORE_WITH_S0_INCREMENTAL_FACTOR,MODEL_ASSUMPTION_RESOLVES_S0_DEDUCTION,YES,YES,NO,STRATEGY_AGGREGATE_MULTIPLIER,v1.4_FINAL_MODEL_BASED,ALLdis_CEA_v3.0,D9_MAIN_CARRY_FORWARD_2034_STEADY_STATE,可审计核心成本，不得表述为完整社区组织政策总成本,MUST_LABEL_AUDITED_CORE,D9_MAIN_FULL_MAINTENANCE,1.0,1.0,INTERIM_NOT_FINAL_2035_2050,INTERIM_STEADY_STATE_PARENT_EXTENSION,
S3,STRUCTURAL_ANCHOR,2041,payer,70400000.0,modelled,NOT_APPLICABLE,NOT_APPLICABLE,NOT_APPLICABLE,NOT_APPLICABLE,,not_applicable,,,,conditional_not_standardized_across_all_modules,,conditional_not_standardized_across_all_modules,NOT_APPLICABLE,2025,CNY,AUDITED_CORE,S3_AUDITED_QUANTIFIED_CORE,EXPLICIT_CORE_COST_BOUNDARY,YES,YES,NO,STRATEGY_AGGREGATE_MULTIPLIER,v1.4_FINAL_MODEL_BASED,ALLdis_CEA_v3.0,D9_MAIN_CARRY_FORWARD_2034_STEADY_STATE,可审计量化核心成本，不得表述为完整设施政策总成本,MUST_LABEL_AUDITED_CORE,D9_MAIN_FULL_MAINTENANCE,1.0,1.0,INTERIM_NOT_FINAL_2035_2050,INTERIM_EXCLUDES_CAPITAL_REPLACEMENT_CASH,0.0
S4,STRUCTURAL_ANCHOR,2041,payer,458660751.12,modelled,NOT_APPLICABLE,NOT_APPLICABLE,NOT_APPLICABLE,NOT_APPLICABLE,,not_applicable,,,,conditional_not_standardized_across_all_modules,,conditional_not_standardized_across_all_modules,NOT_APPLICABLE,2025,CNY,AUDITED_CORE,S4_AUDITED_QUANTIFIED_CORE,EXPLICIT_CORE_COST_BOUNDARY,YES,YES,NO,STRATEGY_AGGREGATE_MULTIPLIER,v1.4_FINAL_MODEL_BASED,ALLdis_CEA_v3.0,D9_MAIN_CARRY_FORWARD_2034_STEADY_STATE,可审计量化核心成本，不得表述为完整体卫融合政策总成本,MUST_LABEL_AUDITED_CORE,D9_MAIN_FULL_MAINTENANCE,1.0,1.0,INTERIM_NOT_FINAL_2035_2050,INTERIM_STEADY_STATE_PARENT_EXTENSION,
S5,STRUCTURAL_ANCHOR,2041,payer,149680760.0,modelled,NOT_APPLICABLE,NOT_APPLICABLE,MODEL_UNSPECIFIED,conditional_metadata_gap,40000000.0,identified_cash_transfer_in_payer_cost,,,,conditional_not_standardized_across_all_modules,,conditional_not_standardized_across_all_modules,NOT_APPLICABLE,2025,CNY,FULL_MODELLED_INCREMENTAL,S5_NATIONAL_DEPLOYMENT_COMPLETION_MODEL,MODEL_ASSUMPTION_RESOLVES_S5_GAPS,YES,YES,NO,STRATEGY_AGGREGATE_MULTIPLIER,v1.4_FINAL_MODEL_BASED,ALLdis_CEA_v3.0,D9_MAIN_CARRY_FORWARD_2034_STEADY_STATE,完整建模的增量部署成本；支付方成本含可识别转移支付,STANDARD_LABEL,D9_MAIN_FULL_MAINTENANCE,1.0,1.0,INTERIM_NOT_FINAL_2035_2050,INTERIM_SOFTWARE_HARDWARE_RENEWAL_UNCALIBRATED,0.0
S6,STRUCTURAL_ANCHOR,2041,payer,2329412998.072,modelled,NOT_APPLICABLE,NOT_APPLICABLE,S6_COMPOSITE_INCLUDES_S5_MODEL_UNSPECIFIED,conditional_metadata_gap,,conditional_embedded_composite_not_separately_estimable,,,,conditional_not_standardized_across_all_modules,,conditional_not_standardized_across_all_modules,SHARED_POOL_LEVEL,2025,CNY,DEDUPLICATED_COMPOSITE,S6_DEDUP_CORE_PLUS_MODULE_DELTAS_AND_MICROCOST_COORDINATION,MODEL_ASSUMPTION_RESOLVES_COORDINATION_AND_SHARED_POOL_GAPS,YES,YES,NO,STRATEGY_AGGREGATE_MULTIPLIER,v1.4_FINAL_MODEL_BASED,ALLdis_CEA_v3.0,D9_MAIN_CARRY_FORWARD_2034_STEADY_STATE,跨模块去重后的综合政策包成本,STANDARD_LABEL,D9_MAIN_FULL_MAINTENANCE,1.0,1.0,INTERIM_NOT_FINAL_2035_2050,INTERIM_INDEPENDENT_COMPOSITE_NOT_SUM_OF_S1_S5,0.0
S7,STRUCTURAL_ANCHOR,2041,payer,,missing_intentionally_undefined,NOT_APPLICABLE,NOT_APPLICABLE,NOT_APPLICABLE,NOT_APPLICABLE,,missing_intentionally_undefined,,,,missing_intentionally_undefined,,missing_intentionally_undefined,NOT_APPLICABLE,2025,CNY,THRESHOLD_ONLY,BUDGET_THRESHOLD_STRATEGY,INTENTIONALLY_UNDEFINED,NOT_APPLICABLE,NOT_APPLICABLE,NO,STRATEGY_AGGREGATE_MULTIPLIER,v1.4_FINAL_MODEL_BASED,ALLdis_CEA_v3.0,D9_MAIN_CARRY_FORWARD_2034_STEADY_STATE,目标阈值情景，成本有意不估计,STANDARD_LABEL,D9_MAIN_FULL_MAINTENANCE,,,INTERIM_NOT_FINAL_2035_2050,INTENTIONALLY_UNDEFINED,
S0,STRUCTURAL_ANCHOR,2042,payer,0.0,modelled,NOT_APPLICABLE,NOT_APPLICABLE,NOT_APPLICABLE,NOT_APPLICABLE,,not_applicable,,,,not_applicable,,not_applicable,NOT_APPLICABLE,2025,CNY,REFERENCE,REFERENCE_NO_ADDITIONAL_POLICY,NONE_STRUCTURAL_ZERO,YES,YES,NO,STRATEGY_AGGREGATE_MULTIPLIER,v1.4_FINAL_MODEL_BASED,ALLdis_CEA_v3.0,D9_MAIN_CARRY_FORWARD_2034_STEADY_STATE,基线参照：无新增政策成本,STANDARD_LABEL,D9_MAIN_FULL_MAINTENANCE,,,INTERIM_NOT_FINAL_2035_2050,STRUCTURAL_ZERO,
S1,STRUCTURAL_ANCHOR,2042,payer,169032160.00000003,modelled_v16_temporal_alignment,NOT_APPLICABLE,NOT_APPLICABLE,NOT_APPLICABLE,NOT_APPLICABLE,,not_applicable,,,,conditional_not_standardized_across_all_modules,,conditional_not_standardized_across_all_modules,NOT_APPLICABLE,2025,CNY,FULL_MODELLED_INCREMENTAL,S1_COMPLETION_MODEL,MODEL_ASSUMPTION_RESOLVES_S1_GAPS,YES,YES,NO,STRATEGY_AGGREGATE_MULTIPLIER,v1.4_FINAL_MODEL_BASED,ALLdis_CEA_v3.0,D9_MAIN_CARRY_FORWARD_2034_STEADY_STATE,完整建模的增量政策成本；v16主分析补入持续传播维护成本,STANDARD_LABEL,D9_MAIN_FULL_MAINTENANCE,1.0,1.0,INTERIM_NOT_FINAL_2035_2050,INTERIM_STEADY_STATE_PARENT_EXTENSION,
S2,STRUCTURAL_ANCHOR,2042,payer,1684788986.952,modelled,S2_COMPONENT_METHOD,FORMAL_SELECTED; PROCUREMENT_PACKAGE_EXCLUDED,NOT_APPLICABLE,NOT_APPLICABLE,,not_applicable,,,,conditional_not_standardized_across_all_modules,,conditional_not_standardized_across_all_modules,NOT_APPLICABLE,2025,CNY,AUDITED_CORE,S2_AUDITED_CORE_WITH_S0_INCREMENTAL_FACTOR,MODEL_ASSUMPTION_RESOLVES_S0_DEDUCTION,YES,YES,NO,STRATEGY_AGGREGATE_MULTIPLIER,v1.4_FINAL_MODEL_BASED,ALLdis_CEA_v3.0,D9_MAIN_CARRY_FORWARD_2034_STEADY_STATE,可审计核心成本，不得表述为完整社区组织政策总成本,MUST_LABEL_AUDITED_CORE,D9_MAIN_FULL_MAINTENANCE,1.0,1.0,INTERIM_NOT_FINAL_2035_2050,INTERIM_STEADY_STATE_PARENT_EXTENSION,
S3,STRUCTURAL_ANCHOR,2042,payer,70400000.0,modelled,NOT_APPLICABLE,NOT_APPLICABLE,NOT_APPLICABLE,NOT_APPLICABLE,,not_applicable,,,,conditional_not_standardized_across_all_modules,,conditional_not_standardized_across_all_modules,NOT_APPLICABLE,2025,CNY,AUDITED_CORE,S3_AUDITED_QUANTIFIED_CORE,EXPLICIT_CORE_COST_BOUNDARY,YES,YES,NO,STRATEGY_AGGREGATE_MULTIPLIER,v1.4_FINAL_MODEL_BASED,ALLdis_CEA_v3.0,D9_MAIN_CARRY_FORWARD_2034_STEADY_STATE,可审计量化核心成本，不得表述为完整设施政策总成本,MUST_LABEL_AUDITED_CORE,D9_MAIN_FULL_MAINTENANCE,1.0,1.0,INTERIM_NOT_FINAL_2035_2050,INTERIM_EXCLUDES_CAPITAL_REPLACEMENT_CASH,0.0
S4,STRUCTURAL_ANCHOR,2042,payer,458660751.12,modelled,NOT_APPLICABLE,NOT_APPLICABLE,NOT_APPLICABLE,NOT_APPLICABLE,,not_applicable,,,,conditional_not_standardized_across_all_modules,,conditional_not_standardized_across_all_modules,NOT_APPLICABLE,2025,CNY,AUDITED_CORE,S4_AUDITED_QUANTIFIED_CORE,EXPLICIT_CORE_COST_BOUNDARY,YES,YES,NO,STRATEGY_AGGREGATE_MULTIPLIER,v1.4_FINAL_MODEL_BASED,ALLdis_CEA_v3.0,D9_MAIN_CARRY_FORWARD_2034_STEADY_STATE,可审计量化核心成本，不得表述为完整体卫融合政策总成本,MUST_LABEL_AUDITED_CORE,D9_MAIN_FULL_MAINTENANCE,1.0,1.0,INTERIM_NOT_FINAL_2035_2050,INTERIM_STEADY_STATE_PARENT_EXTENSION,
S5,STRUCTURAL_ANCHOR,2042,payer,149680760.0,modelled,NOT_APPLICABLE,NOT_APPLICABLE,MODEL_UNSPECIFIED,conditional_metadata_gap,40000000.0,identified_cash_transfer_in_payer_cost,,,,conditional_not_standardized_across_all_modules,,conditional_not_standardized_across_all_modules,NOT_APPLICABLE,2025,CNY,FULL_MODELLED_INCREMENTAL,S5_NATIONAL_DEPLOYMENT_COMPLETION_MODEL,MODEL_ASSUMPTION_RESOLVES_S5_GAPS,YES,YES,NO,STRATEGY_AGGREGATE_MULTIPLIER,v1.4_FINAL_MODEL_BASED,ALLdis_CEA_v3.0,D9_MAIN_CARRY_FORWARD_2034_STEADY_STATE,完整建模的增量部署成本；支付方成本含可识别转移支付,STANDARD_LABEL,D9_MAIN_FULL_MAINTENANCE,1.0,1.0,INTERIM_NOT_FINAL_2035_2050,INTERIM_SOFTWARE_HARDWARE_RENEWAL_UNCALIBRATED,0.0
S6,STRUCTURAL_ANCHOR,2042,payer,2329412998.072,modelled,NOT_APPLICABLE,NOT_APPLICABLE,S6_COMPOSITE_INCLUDES_S5_MODEL_UNSPECIFIED,conditional_metadata_gap,,conditional_embedded_composite_not_separately_estimable,,,,conditional_not_standardized_across_all_modules,,conditional_not_standardized_across_all_modules,SHARED_POOL_LEVEL,2025,CNY,DEDUPLICATED_COMPOSITE,S6_DEDUP_CORE_PLUS_MODULE_DELTAS_AND_MICROCOST_COORDINATION,MODEL_ASSUMPTION_RESOLVES_COORDINATION_AND_SHARED_POOL_GAPS,YES,YES,NO,STRATEGY_AGGREGATE_MULTIPLIER,v1.4_FINAL_MODEL_BASED,ALLdis_CEA_v3.0,D9_MAIN_CARRY_FORWARD_2034_STEADY_STATE,跨模块去重后的综合政策包成本,STANDARD_LABEL,D9_MAIN_FULL_MAINTENANCE,1.0,1.0,INTERIM_NOT_FINAL_2035_2050,INTERIM_INDEPENDENT_COMPOSITE_NOT_SUM_OF_S1_S5,0.0
S7,STRUCTURAL_ANCHOR,2042,payer,,missing_intentionally_undefined,NOT_APPLICABLE,NOT_APPLICABLE,NOT_APPLICABLE,NOT_APPLICABLE,,missing_intentionally_undefined,,,,missing_intentionally_undefined,,missing_intentionally_undefined,NOT_APPLICABLE,2025,CNY,THRESHOLD_ONLY,BUDGET_THRESHOLD_STRATEGY,INTENTIONALLY_UNDEFINED,NOT_APPLICABLE,NOT_APPLICABLE,NO,STRATEGY_AGGREGATE_MULTIPLIER,v1.4_FINAL_MODEL_BASED,ALLdis_CEA_v3.0,D9_MAIN_CARRY_FORWARD_2034_STEADY_STATE,目标阈值情景，成本有意不估计,STANDARD_LABEL,D9_MAIN_FULL_MAINTENANCE,,,INTERIM_NOT_FINAL_2035_2050,INTENTIONALLY_UNDEFINED,
S0,STRUCTURAL_ANCHOR,2043,payer,0.0,modelled,NOT_APPLICABLE,NOT_APPLICABLE,NOT_APPLICABLE,NOT_APPLICABLE,,not_applicable,,,,not_applicable,,not_applicable,NOT_APPLICABLE,2025,CNY,REFERENCE,REFERENCE_NO_ADDITIONAL_POLICY,NONE_STRUCTURAL_ZERO,YES,YES,NO,STRATEGY_AGGREGATE_MULTIPLIER,v1.4_FINAL_MODEL_BASED,ALLdis_CEA_v3.0,D9_MAIN_CARRY_FORWARD_2034_STEADY_STATE,基线参照：无新增政策成本,STANDARD_LABEL,D9_MAIN_FULL_MAINTENANCE,,,INTERIM_NOT_FINAL_2035_2050,STRUCTURAL_ZERO,
S1,STRUCTURAL_ANCHOR,2043,payer,169032160.00000003,modelled_v16_temporal_alignment,NOT_APPLICABLE,NOT_APPLICABLE,NOT_APPLICABLE,NOT_APPLICABLE,,not_applicable,,,,conditional_not_standardized_across_all_modules,,conditional_not_standardized_across_all_modules,NOT_APPLICABLE,2025,CNY,FULL_MODELLED_INCREMENTAL,S1_COMPLETION_MODEL,MODEL_ASSUMPTION_RESOLVES_S1_GAPS,YES,YES,NO,STRATEGY_AGGREGATE_MULTIPLIER,v1.4_FINAL_MODEL_BASED,ALLdis_CEA_v3.0,D9_MAIN_CARRY_FORWARD_2034_STEADY_STATE,完整建模的增量政策成本；v16主分析补入持续传播维护成本,STANDARD_LABEL,D9_MAIN_FULL_MAINTENANCE,1.0,1.0,INTERIM_NOT_FINAL_2035_2050,INTERIM_STEADY_STATE_PARENT_EXTENSION,
S2,STRUCTURAL_ANCHOR,2043,payer,1684788986.952,modelled,S2_COMPONENT_METHOD,FORMAL_SELECTED; PROCUREMENT_PACKAGE_EXCLUDED,NOT_APPLICABLE,NOT_APPLICABLE,,not_applicable,,,,conditional_not_standardized_across_all_modules,,conditional_not_standardized_across_all_modules,NOT_APPLICABLE,2025,CNY,AUDITED_CORE,S2_AUDITED_CORE_WITH_S0_INCREMENTAL_FACTOR,MODEL_ASSUMPTION_RESOLVES_S0_DEDUCTION,YES,YES,NO,STRATEGY_AGGREGATE_MULTIPLIER,v1.4_FINAL_MODEL_BASED,ALLdis_CEA_v3.0,D9_MAIN_CARRY_FORWARD_2034_STEADY_STATE,可审计核心成本，不得表述为完整社区组织政策总成本,MUST_LABEL_AUDITED_CORE,D9_MAIN_FULL_MAINTENANCE,1.0,1.0,INTERIM_NOT_FINAL_2035_2050,INTERIM_STEADY_STATE_PARENT_EXTENSION,
S3,STRUCTURAL_ANCHOR,2043,payer,70400000.0,modelled,NOT_APPLICABLE,NOT_APPLICABLE,NOT_APPLICABLE,NOT_APPLICABLE,,not_applicable,,,,conditional_not_standardized_across_all_modules,,conditional_not_standardized_across_all_modules,NOT_APPLICABLE,2025,CNY,AUDITED_CORE,S3_AUDITED_QUANTIFIED_CORE,EXPLICIT_CORE_COST_BOUNDARY,YES,YES,NO,STRATEGY_AGGREGATE_MULTIPLIER,v1.4_FINAL_MODEL_BASED,ALLdis_CEA_v3.0,D9_MAIN_CARRY_FORWARD_2034_STEADY_STATE,可审计量化核心成本，不得表述为完整设施政策总成本,MUST_LABEL_AUDITED_CORE,D9_MAIN_FULL_MAINTENANCE,1.0,1.0,INTERIM_NOT_FINAL_2035_2050,INTERIM_EXCLUDES_CAPITAL_REPLACEMENT_CASH,0.0
S4,STRUCTURAL_ANCHOR,2043,payer,458660751.12,modelled,NOT_APPLICABLE,NOT_APPLICABLE,NOT_APPLICABLE,NOT_APPLICABLE,,not_applicable,,,,conditional_not_standardized_across_all_modules,,conditional_not_standardized_across_all_modules,NOT_APPLICABLE,2025,CNY,AUDITED_CORE,S4_AUDITED_QUANTIFIED_CORE,EXPLICIT_CORE_COST_BOUNDARY,YES,YES,NO,STRATEGY_AGGREGATE_MULTIPLIER,v1.4_FINAL_MODEL_BASED,ALLdis_CEA_v3.0,D9_MAIN_CARRY_FORWARD_2034_STEADY_STATE,可审计量化核心成本，不得表述为完整体卫融合政策总成本,MUST_LABEL_AUDITED_CORE,D9_MAIN_FULL_MAINTENANCE,1.0,1.0,INTERIM_NOT_FINAL_2035_2050,INTERIM_STEADY_STATE_PARENT_EXTENSION,
S5,STRUCTURAL_ANCHOR,2043,payer,149680760.0,modelled,NOT_APPLICABLE,NOT_APPLICABLE,MODEL_UNSPECIFIED,conditional_metadata_gap,40000000.0,identified_cash_transfer_in_payer_cost,,,,conditional_not_standardized_across_all_modules,,conditional_not_standardized_across_all_modules,NOT_APPLICABLE,2025,CNY,FULL_MODELLED_INCREMENTAL,S5_NATIONAL_DEPLOYMENT_COMPLETION_MODEL,MODEL_ASSUMPTION_RESOLVES_S5_GAPS,YES,YES,NO,STRATEGY_AGGREGATE_MULTIPLIER,v1.4_FINAL_MODEL_BASED,ALLdis_CEA_v3.0,D9_MAIN_CARRY_FORWARD_2034_STEADY_STATE,完整建模的增量部署成本；支付方成本含可识别转移支付,STANDARD_LABEL,D9_MAIN_FULL_MAINTENANCE,1.0,1.0,INTERIM_NOT_FINAL_2035_2050,INTERIM_SOFTWARE_HARDWARE_RENEWAL_UNCALIBRATED,0.0
S6,STRUCTURAL_ANCHOR,2043,payer,2329412998.072,modelled,NOT_APPLICABLE,NOT_APPLICABLE,S6_COMPOSITE_INCLUDES_S5_MODEL_UNSPECIFIED,conditional_metadata_gap,,conditional_embedded_composite_not_separately_estimable,,,,conditional_not_standardized_across_all_modules,,conditional_not_standardized_across_all_modules,SHARED_POOL_LEVEL,2025,CNY,DEDUPLICATED_COMPOSITE,S6_DEDUP_CORE_PLUS_MODULE_DELTAS_AND_MICROCOST_COORDINATION,MODEL_ASSUMPTION_RESOLVES_COORDINATION_AND_SHARED_POOL_GAPS,YES,YES,NO,STRATEGY_AGGREGATE_MULTIPLIER,v1.4_FINAL_MODEL_BASED,ALLdis_CEA_v3.0,D9_MAIN_CARRY_FORWARD_2034_STEADY_STATE,跨模块去重后的综合政策包成本,STANDARD_LABEL,D9_MAIN_FULL_MAINTENANCE,1.0,1.0,INTERIM_NOT_FINAL_2035_2050,INTERIM_INDEPENDENT_COMPOSITE_NOT_SUM_OF_S1_S5,0.0
S7,STRUCTURAL_ANCHOR,2043,payer,,missing_intentionally_undefined,NOT_APPLICABLE,NOT_APPLICABLE,NOT_APPLICABLE,NOT_APPLICABLE,,missing_intentionally_undefined,,,,missing_intentionally_undefined,,missing_intentionally_undefined,NOT_APPLICABLE,2025,CNY,THRESHOLD_ONLY,BUDGET_THRESHOLD_STRATEGY,INTENTIONALLY_UNDEFINED,NOT_APPLICABLE,NOT_APPLICABLE,NO,STRATEGY_AGGREGATE_MULTIPLIER,v1.4_FINAL_MODEL_BASED,ALLdis_CEA_v3.0,D9_MAIN_CARRY_FORWARD_2034_STEADY_STATE,目标阈值情景，成本有意不估计,STANDARD_LABEL,D9_MAIN_FULL_MAINTENANCE,,,INTERIM_NOT_FINAL_2035_2050,INTENTIONALLY_UNDEFINED,
S0,STRUCTURAL_ANCHOR,2044,payer,0.0,modelled,NOT_APPLICABLE,NOT_APPLICABLE,NOT_APPLICABLE,NOT_APPLICABLE,,not_applicable,,,,not_applicable,,not_applicable,NOT_APPLICABLE,2025,CNY,REFERENCE,REFERENCE_NO_ADDITIONAL_POLICY,NONE_STRUCTURAL_ZERO,YES,YES,NO,STRATEGY_AGGREGATE_MULTIPLIER,v1.4_FINAL_MODEL_BASED,ALLdis_CEA_v3.0,D9_MAIN_CARRY_FORWARD_2034_STEADY_STATE,基线参照：无新增政策成本,STANDARD_LABEL,D9_MAIN_FULL_MAINTENANCE,,,INTERIM_NOT_FINAL_2035_2050,STRUCTURAL_ZERO,
S1,STRUCTURAL_ANCHOR,2044,payer,169032160.00000003,modelled_v16_temporal_alignment,NOT_APPLICABLE,NOT_APPLICABLE,NOT_APPLICABLE,NOT_APPLICABLE,,not_applicable,,,,conditional_not_standardized_across_all_modules,,conditional_not_standardized_across_all_modules,NOT_APPLICABLE,2025,CNY,FULL_MODELLED_INCREMENTAL,S1_COMPLETION_MODEL,MODEL_ASSUMPTION_RESOLVES_S1_GAPS,YES,YES,NO,STRATEGY_AGGREGATE_MULTIPLIER,v1.4_FINAL_MODEL_BASED,ALLdis_CEA_v3.0,D9_MAIN_CARRY_FORWARD_2034_STEADY_STATE,完整建模的增量政策成本；v16主分析补入持续传播维护成本,STANDARD_LABEL,D9_MAIN_FULL_MAINTENANCE,1.0,1.0,INTERIM_NOT_FINAL_2035_2050,INTERIM_STEADY_STATE_PARENT_EXTENSION,
S2,STRUCTURAL_ANCHOR,2044,payer,1684788986.952,modelled,S2_COMPONENT_METHOD,FORMAL_SELECTED; PROCUREMENT_PACKAGE_EXCLUDED,NOT_APPLICABLE,NOT_APPLICABLE,,not_applicable,,,,conditional_not_standardized_across_all_modules,,conditional_not_standardized_across_all_modules,NOT_APPLICABLE,2025,CNY,AUDITED_CORE,S2_AUDITED_CORE_WITH_S0_INCREMENTAL_FACTOR,MODEL_ASSUMPTION_RESOLVES_S0_DEDUCTION,YES,YES,NO,STRATEGY_AGGREGATE_MULTIPLIER,v1.4_FINAL_MODEL_BASED,ALLdis_CEA_v3.0,D9_MAIN_CARRY_FORWARD_2034_STEADY_STATE,可审计核心成本，不得表述为完整社区组织政策总成本,MUST_LABEL_AUDITED_CORE,D9_MAIN_FULL_MAINTENANCE,1.0,1.0,INTERIM_NOT_FINAL_2035_2050,INTERIM_STEADY_STATE_PARENT_EXTENSION,
S3,STRUCTURAL_ANCHOR,2044,payer,70400000.0,modelled,NOT_APPLICABLE,NOT_APPLICABLE,NOT_APPLICABLE,NOT_APPLICABLE,,not_applicable,,,,conditional_not_standardized_across_all_modules,,conditional_not_standardized_across_all_modules,NOT_APPLICABLE,2025,CNY,AUDITED_CORE,S3_AUDITED_QUANTIFIED_CORE,EXPLICIT_CORE_COST_BOUNDARY,YES,YES,NO,STRATEGY_AGGREGATE_MULTIPLIER,v1.4_FINAL_MODEL_BASED,ALLdis_CEA_v3.0,D9_MAIN_CARRY_FORWARD_2034_STEADY_STATE,可审计量化核心成本，不得表述为完整设施政策总成本,MUST_LABEL_AUDITED_CORE,D9_MAIN_FULL_MAINTENANCE,1.0,1.0,INTERIM_NOT_FINAL_2035_2050,INTERIM_EXCLUDES_CAPITAL_REPLACEMENT_CASH,0.0
S4,STRUCTURAL_ANCHOR,2044,payer,458660751.12,modelled,NOT_APPLICABLE,NOT_APPLICABLE,NOT_APPLICABLE,NOT_APPLICABLE,,not_applicable,,,,conditional_not_standardized_across_all_modules,,conditional_not_standardized_across_all_modules,NOT_APPLICABLE,2025,CNY,AUDITED_CORE,S4_AUDITED_QUANTIFIED_CORE,EXPLICIT_CORE_COST_BOUNDARY,YES,YES,NO,STRATEGY_AGGREGATE_MULTIPLIER,v1.4_FINAL_MODEL_BASED,ALLdis_CEA_v3.0,D9_MAIN_CARRY_FORWARD_2034_STEADY_STATE,可审计量化核心成本，不得表述为完整体卫融合政策总成本,MUST_LABEL_AUDITED_CORE,D9_MAIN_FULL_MAINTENANCE,1.0,1.0,INTERIM_NOT_FINAL_2035_2050,INTERIM_STEADY_STATE_PARENT_EXTENSION,
S5,STRUCTURAL_ANCHOR,2044,payer,149680760.0,modelled,NOT_APPLICABLE,NOT_APPLICABLE,MODEL_UNSPECIFIED,conditional_metadata_gap,40000000.0,identified_cash_transfer_in_payer_cost,,,,conditional_not_standardized_across_all_modules,,conditional_not_standardized_across_all_modules,NOT_APPLICABLE,2025,CNY,FULL_MODELLED_INCREMENTAL,S5_NATIONAL_DEPLOYMENT_COMPLETION_MODEL,MODEL_ASSUMPTION_RESOLVES_S5_GAPS,YES,YES,NO,STRATEGY_AGGREGATE_MULTIPLIER,v1.4_FINAL_MODEL_BASED,ALLdis_CEA_v3.0,D9_MAIN_CARRY_FORWARD_2034_STEADY_STATE,完整建模的增量部署成本；支付方成本含可识别转移支付,STANDARD_LABEL,D9_MAIN_FULL_MAINTENANCE,1.0,1.0,INTERIM_NOT_FINAL_2035_2050,INTERIM_SOFTWARE_HARDWARE_RENEWAL_UNCALIBRATED,0.0
S6,STRUCTURAL_ANCHOR,2044,payer,2329412998.072,modelled,NOT_APPLICABLE,NOT_APPLICABLE,S6_COMPOSITE_INCLUDES_S5_MODEL_UNSPECIFIED,conditional_metadata_gap,,conditional_embedded_composite_not_separately_estimable,,,,conditional_not_standardized_across_all_modules,,conditional_not_standardized_across_all_modules,SHARED_POOL_LEVEL,2025,CNY,DEDUPLICATED_COMPOSITE,S6_DEDUP_CORE_PLUS_MODULE_DELTAS_AND_MICROCOST_COORDINATION,MODEL_ASSUMPTION_RESOLVES_COORDINATION_AND_SHARED_POOL_GAPS,YES,YES,NO,STRATEGY_AGGREGATE_MULTIPLIER,v1.4_FINAL_MODEL_BASED,ALLdis_CEA_v3.0,D9_MAIN_CARRY_FORWARD_2034_STEADY_STATE,跨模块去重后的综合政策包成本,STANDARD_LABEL,D9_MAIN_FULL_MAINTENANCE,1.0,1.0,INTERIM_NOT_FINAL_2035_2050,INTERIM_INDEPENDENT_COMPOSITE_NOT_SUM_OF_S1_S5,0.0
S7,STRUCTURAL_ANCHOR,2044,payer,,missing_intentionally_undefined,NOT_APPLICABLE,NOT_APPLICABLE,NOT_APPLICABLE,NOT_APPLICABLE,,missing_intentionally_undefined,,,,missing_intentionally_undefined,,missing_intentionally_undefined,NOT_APPLICABLE,2025,CNY,THRESHOLD_ONLY,BUDGET_THRESHOLD_STRATEGY,INTENTIONALLY_UNDEFINED,NOT_APPLICABLE,NOT_APPLICABLE,NO,STRATEGY_AGGREGATE_MULTIPLIER,v1.4_FINAL_MODEL_BASED,ALLdis_CEA_v3.0,D9_MAIN_CARRY_FORWARD_2034_STEADY_STATE,目标阈值情景，成本有意不估计,STANDARD_LABEL,D9_MAIN_FULL_MAINTENANCE,,,INTERIM_NOT_FINAL_2035_2050,INTENTIONALLY_UNDEFINED,
S0,STRUCTURAL_ANCHOR,2045,payer,0.0,modelled,NOT_APPLICABLE,NOT_APPLICABLE,NOT_APPLICABLE,NOT_APPLICABLE,,not_applicable,,,,not_applicable,,not_applicable,NOT_APPLICABLE,2025,CNY,REFERENCE,REFERENCE_NO_ADDITIONAL_POLICY,NONE_STRUCTURAL_ZERO,YES,YES,NO,STRATEGY_AGGREGATE_MULTIPLIER,v1.4_FINAL_MODEL_BASED,ALLdis_CEA_v3.0,D9_MAIN_CARRY_FORWARD_2034_STEADY_STATE,基线参照：无新增政策成本,STANDARD_LABEL,D9_MAIN_FULL_MAINTENANCE,,,INTERIM_NOT_FINAL_2035_2050,STRUCTURAL_ZERO,
S1,STRUCTURAL_ANCHOR,2045,payer,169032160.00000003,modelled_v16_temporal_alignment,NOT_APPLICABLE,NOT_APPLICABLE,NOT_APPLICABLE,NOT_APPLICABLE,,not_applicable,,,,conditional_not_standardized_across_all_modules,,conditional_not_standardized_across_all_modules,NOT_APPLICABLE,2025,CNY,FULL_MODELLED_INCREMENTAL,S1_COMPLETION_MODEL,MODEL_ASSUMPTION_RESOLVES_S1_GAPS,YES,YES,NO,STRATEGY_AGGREGATE_MULTIPLIER,v1.4_FINAL_MODEL_BASED,ALLdis_CEA_v3.0,D9_MAIN_CARRY_FORWARD_2034_STEADY_STATE,完整建模的增量政策成本；v16主分析补入持续传播维护成本,STANDARD_LABEL,D9_MAIN_FULL_MAINTENANCE,1.0,1.0,INTERIM_NOT_FINAL_2035_2050,INTERIM_STEADY_STATE_PARENT_EXTENSION,
S2,STRUCTURAL_ANCHOR,2045,payer,1684788986.952,modelled,S2_COMPONENT_METHOD,FORMAL_SELECTED; PROCUREMENT_PACKAGE_EXCLUDED,NOT_APPLICABLE,NOT_APPLICABLE,,not_applicable,,,,conditional_not_standardized_across_all_modules,,conditional_not_standardized_across_all_modules,NOT_APPLICABLE,2025,CNY,AUDITED_CORE,S2_AUDITED_CORE_WITH_S0_INCREMENTAL_FACTOR,MODEL_ASSUMPTION_RESOLVES_S0_DEDUCTION,YES,YES,NO,STRATEGY_AGGREGATE_MULTIPLIER,v1.4_FINAL_MODEL_BASED,ALLdis_CEA_v3.0,D9_MAIN_CARRY_FORWARD_2034_STEADY_STATE,可审计核心成本，不得表述为完整社区组织政策总成本,MUST_LABEL_AUDITED_CORE,D9_MAIN_FULL_MAINTENANCE,1.0,1.0,INTERIM_NOT_FINAL_2035_2050,INTERIM_STEADY_STATE_PARENT_EXTENSION,
S3,STRUCTURAL_ANCHOR,2045,payer,70400000.0,modelled,NOT_APPLICABLE,NOT_APPLICABLE,NOT_APPLICABLE,NOT_APPLICABLE,,not_applicable,,,,conditional_not_standardized_across_all_modules,,conditional_not_standardized_across_all_modules,NOT_APPLICABLE,2025,CNY,AUDITED_CORE,S3_AUDITED_QUANTIFIED_CORE,EXPLICIT_CORE_COST_BOUNDARY,YES,YES,NO,STRATEGY_AGGREGATE_MULTIPLIER,v1.4_FINAL_MODEL_BASED,ALLdis_CEA_v3.0,D9_MAIN_CARRY_FORWARD_2034_STEADY_STATE,可审计量化核心成本，不得表述为完整设施政策总成本,MUST_LABEL_AUDITED_CORE,D9_MAIN_FULL_MAINTENANCE,1.0,1.0,INTERIM_NOT_FINAL_2035_2050,INTERIM_EXCLUDES_CAPITAL_REPLACEMENT_CASH,0.0
S4,STRUCTURAL_ANCHOR,2045,payer,458660751.12,modelled,NOT_APPLICABLE,NOT_APPLICABLE,NOT_APPLICABLE,NOT_APPLICABLE,,not_applicable,,,,conditional_not_standardized_across_all_modules,,conditional_not_standardized_across_all_modules,NOT_APPLICABLE,2025,CNY,AUDITED_CORE,S4_AUDITED_QUANTIFIED_CORE,EXPLICIT_CORE_COST_BOUNDARY,YES,YES,NO,STRATEGY_AGGREGATE_MULTIPLIER,v1.4_FINAL_MODEL_BASED,ALLdis_CEA_v3.0,D9_MAIN_CARRY_FORWARD_2034_STEADY_STATE,可审计量化核心成本，不得表述为完整体卫融合政策总成本,MUST_LABEL_AUDITED_CORE,D9_MAIN_FULL_MAINTENANCE,1.0,1.0,INTERIM_NOT_FINAL_2035_2050,INTERIM_STEADY_STATE_PARENT_EXTENSION,
S5,STRUCTURAL_ANCHOR,2045,payer,149680760.0,modelled,NOT_APPLICABLE,NOT_APPLICABLE,MODEL_UNSPECIFIED,conditional_metadata_gap,40000000.0,identified_cash_transfer_in_payer_cost,,,,conditional_not_standardized_across_all_modules,,conditional_not_standardized_across_all_modules,NOT_APPLICABLE,2025,CNY,FULL_MODELLED_INCREMENTAL,S5_NATIONAL_DEPLOYMENT_COMPLETION_MODEL,MODEL_ASSUMPTION_RESOLVES_S5_GAPS,YES,YES,NO,STRATEGY_AGGREGATE_MULTIPLIER,v1.4_FINAL_MODEL_BASED,ALLdis_CEA_v3.0,D9_MAIN_CARRY_FORWARD_2034_STEADY_STATE,完整建模的增量部署成本；支付方成本含可识别转移支付,STANDARD_LABEL,D9_MAIN_FULL_MAINTENANCE,1.0,1.0,INTERIM_NOT_FINAL_2035_2050,INTERIM_SOFTWARE_HARDWARE_RENEWAL_UNCALIBRATED,0.0
S6,STRUCTURAL_ANCHOR,2045,payer,2329412998.072,modelled,NOT_APPLICABLE,NOT_APPLICABLE,S6_COMPOSITE_INCLUDES_S5_MODEL_UNSPECIFIED,conditional_metadata_gap,,conditional_embedded_composite_not_separately_estimable,,,,conditional_not_standardized_across_all_modules,,conditional_not_standardized_across_all_modules,SHARED_POOL_LEVEL,2025,CNY,DEDUPLICATED_COMPOSITE,S6_DEDUP_CORE_PLUS_MODULE_DELTAS_AND_MICROCOST_COORDINATION,MODEL_ASSUMPTION_RESOLVES_COORDINATION_AND_SHARED_POOL_GAPS,YES,YES,NO,STRATEGY_AGGREGATE_MULTIPLIER,v1.4_FINAL_MODEL_BASED,ALLdis_CEA_v3.0,D9_MAIN_CARRY_FORWARD_2034_STEADY_STATE,跨模块去重后的综合政策包成本,STANDARD_LABEL,D9_MAIN_FULL_MAINTENANCE,1.0,1.0,INTERIM_NOT_FINAL_2035_2050,INTERIM_INDEPENDENT_COMPOSITE_NOT_SUM_OF_S1_S5,0.0
S7,STRUCTURAL_ANCHOR,2045,payer,,missing_intentionally_undefined,NOT_APPLICABLE,NOT_APPLICABLE,NOT_APPLICABLE,NOT_APPLICABLE,,missing_intentionally_undefined,,,,missing_intentionally_undefined,,missing_intentionally_undefined,NOT_APPLICABLE,2025,CNY,THRESHOLD_ONLY,BUDGET_THRESHOLD_STRATEGY,INTENTIONALLY_UNDEFINED,NOT_APPLICABLE,NOT_APPLICABLE,NO,STRATEGY_AGGREGATE_MULTIPLIER,v1.4_FINAL_MODEL_BASED,ALLdis_CEA_v3.0,D9_MAIN_CARRY_FORWARD_2034_STEADY_STATE,目标阈值情景，成本有意不估计,STANDARD_LABEL,D9_MAIN_FULL_MAINTENANCE,,,INTERIM_NOT_FINAL_2035_2050,INTENTIONALLY_UNDEFINED,
S0,STRUCTURAL_ANCHOR,2046,payer,0.0,modelled,NOT_APPLICABLE,NOT_APPLICABLE,NOT_APPLICABLE,NOT_APPLICABLE,,not_applicable,,,,not_applicable,,not_applicable,NOT_APPLICABLE,2025,CNY,REFERENCE,REFERENCE_NO_ADDITIONAL_POLICY,NONE_STRUCTURAL_ZERO,YES,YES,NO,STRATEGY_AGGREGATE_MULTIPLIER,v1.4_FINAL_MODEL_BASED,ALLdis_CEA_v3.0,D9_MAIN_CARRY_FORWARD_2034_STEADY_STATE,基线参照：无新增政策成本,STANDARD_LABEL,D9_MAIN_FULL_MAINTENANCE,,,INTERIM_NOT_FINAL_2035_2050,STRUCTURAL_ZERO,
S1,STRUCTURAL_ANCHOR,2046,payer,169032160.00000003,modelled_v16_temporal_alignment,NOT_APPLICABLE,NOT_APPLICABLE,NOT_APPLICABLE,NOT_APPLICABLE,,not_applicable,,,,conditional_not_standardized_across_all_modules,,conditional_not_standardized_across_all_modules,NOT_APPLICABLE,2025,CNY,FULL_MODELLED_INCREMENTAL,S1_COMPLETION_MODEL,MODEL_ASSUMPTION_RESOLVES_S1_GAPS,YES,YES,NO,STRATEGY_AGGREGATE_MULTIPLIER,v1.4_FINAL_MODEL_BASED,ALLdis_CEA_v3.0,D9_MAIN_CARRY_FORWARD_2034_STEADY_STATE,完整建模的增量政策成本；v16主分析补入持续传播维护成本,STANDARD_LABEL,D9_MAIN_FULL_MAINTENANCE,1.0,1.0,INTERIM_NOT_FINAL_2035_2050,INTERIM_STEADY_STATE_PARENT_EXTENSION,
S2,STRUCTURAL_ANCHOR,2046,payer,1684788986.952,modelled,S2_COMPONENT_METHOD,FORMAL_SELECTED; PROCUREMENT_PACKAGE_EXCLUDED,NOT_APPLICABLE,NOT_APPLICABLE,,not_applicable,,,,conditional_not_standardized_across_all_modules,,conditional_not_standardized_across_all_modules,NOT_APPLICABLE,2025,CNY,AUDITED_CORE,S2_AUDITED_CORE_WITH_S0_INCREMENTAL_FACTOR,MODEL_ASSUMPTION_RESOLVES_S0_DEDUCTION,YES,YES,NO,STRATEGY_AGGREGATE_MULTIPLIER,v1.4_FINAL_MODEL_BASED,ALLdis_CEA_v3.0,D9_MAIN_CARRY_FORWARD_2034_STEADY_STATE,可审计核心成本，不得表述为完整社区组织政策总成本,MUST_LABEL_AUDITED_CORE,D9_MAIN_FULL_MAINTENANCE,1.0,1.0,INTERIM_NOT_FINAL_2035_2050,INTERIM_STEADY_STATE_PARENT_EXTENSION,
S3,STRUCTURAL_ANCHOR,2046,payer,70400000.0,modelled,NOT_APPLICABLE,NOT_APPLICABLE,NOT_APPLICABLE,NOT_APPLICABLE,,not_applicable,,,,conditional_not_standardized_across_all_modules,,conditional_not_standardized_across_all_modules,NOT_APPLICABLE,2025,CNY,AUDITED_CORE,S3_AUDITED_QUANTIFIED_CORE,EXPLICIT_CORE_COST_BOUNDARY,YES,YES,NO,STRATEGY_AGGREGATE_MULTIPLIER,v1.4_FINAL_MODEL_BASED,ALLdis_CEA_v3.0,D9_MAIN_CARRY_FORWARD_2034_STEADY_STATE,可审计量化核心成本，不得表述为完整设施政策总成本,MUST_LABEL_AUDITED_CORE,D9_MAIN_FULL_MAINTENANCE,1.0,1.0,INTERIM_NOT_FINAL_2035_2050,INTERIM_EXCLUDES_CAPITAL_REPLACEMENT_CASH,0.0
S4,STRUCTURAL_ANCHOR,2046,payer,458660751.12,modelled,NOT_APPLICABLE,NOT_APPLICABLE,NOT_APPLICABLE,NOT_APPLICABLE,,not_applicable,,,,conditional_not_standardized_across_all_modules,,conditional_not_standardized_across_all_modules,NOT_APPLICABLE,2025,CNY,AUDITED_CORE,S4_AUDITED_QUANTIFIED_CORE,EXPLICIT_CORE_COST_BOUNDARY,YES,YES,NO,STRATEGY_AGGREGATE_MULTIPLIER,v1.4_FINAL_MODEL_BASED,ALLdis_CEA_v3.0,D9_MAIN_CARRY_FORWARD_2034_STEADY_STATE,可审计量化核心成本，不得表述为完整体卫融合政策总成本,MUST_LABEL_AUDITED_CORE,D9_MAIN_FULL_MAINTENANCE,1.0,1.0,INTERIM_NOT_FINAL_2035_2050,INTERIM_STEADY_STATE_PARENT_EXTENSION,
S5,STRUCTURAL_ANCHOR,2046,payer,149680760.0,modelled,NOT_APPLICABLE,NOT_APPLICABLE,MODEL_UNSPECIFIED,conditional_metadata_gap,40000000.0,identified_cash_transfer_in_payer_cost,,,,conditional_not_standardized_across_all_modules,,conditional_not_standardized_across_all_modules,NOT_APPLICABLE,2025,CNY,FULL_MODELLED_INCREMENTAL,S5_NATIONAL_DEPLOYMENT_COMPLETION_MODEL,MODEL_ASSUMPTION_RESOLVES_S5_GAPS,YES,YES,NO,STRATEGY_AGGREGATE_MULTIPLIER,v1.4_FINAL_MODEL_BASED,ALLdis_CEA_v3.0,D9_MAIN_CARRY_FORWARD_2034_STEADY_STATE,完整建模的增量部署成本；支付方成本含可识别转移支付,STANDARD_LABEL,D9_MAIN_FULL_MAINTENANCE,1.0,1.0,INTERIM_NOT_FINAL_2035_2050,INTERIM_SOFTWARE_HARDWARE_RENEWAL_UNCALIBRATED,0.0
S6,STRUCTURAL_ANCHOR,2046,payer,2329412998.072,modelled,NOT_APPLICABLE,NOT_APPLICABLE,S6_COMPOSITE_INCLUDES_S5_MODEL_UNSPECIFIED,conditional_metadata_gap,,conditional_embedded_composite_not_separately_estimable,,,,conditional_not_standardized_across_all_modules,,conditional_not_standardized_across_all_modules,SHARED_POOL_LEVEL,2025,CNY,DEDUPLICATED_COMPOSITE,S6_DEDUP_CORE_PLUS_MODULE_DELTAS_AND_MICROCOST_COORDINATION,MODEL_ASSUMPTION_RESOLVES_COORDINATION_AND_SHARED_POOL_GAPS,YES,YES,NO,STRATEGY_AGGREGATE_MULTIPLIER,v1.4_FINAL_MODEL_BASED,ALLdis_CEA_v3.0,D9_MAIN_CARRY_FORWARD_2034_STEADY_STATE,跨模块去重后的综合政策包成本,STANDARD_LABEL,D9_MAIN_FULL_MAINTENANCE,1.0,1.0,INTERIM_NOT_FINAL_2035_2050,INTERIM_INDEPENDENT_COMPOSITE_NOT_SUM_OF_S1_S5,0.0
S7,STRUCTURAL_ANCHOR,2046,payer,,missing_intentionally_undefined,NOT_APPLICABLE,NOT_APPLICABLE,NOT_APPLICABLE,NOT_APPLICABLE,,missing_intentionally_undefined,,,,missing_intentionally_undefined,,missing_intentionally_undefined,NOT_APPLICABLE,2025,CNY,THRESHOLD_ONLY,BUDGET_THRESHOLD_STRATEGY,INTENTIONALLY_UNDEFINED,NOT_APPLICABLE,NOT_APPLICABLE,NO,STRATEGY_AGGREGATE_MULTIPLIER,v1.4_FINAL_MODEL_BASED,ALLdis_CEA_v3.0,D9_MAIN_CARRY_FORWARD_2034_STEADY_STATE,目标阈值情景，成本有意不估计,STANDARD_LABEL,D9_MAIN_FULL_MAINTENANCE,,,INTERIM_NOT_FINAL_2035_2050,INTENTIONALLY_UNDEFINED,
S0,STRUCTURAL_ANCHOR,2047,payer,0.0,modelled,NOT_APPLICABLE,NOT_APPLICABLE,NOT_APPLICABLE,NOT_APPLICABLE,,not_applicable,,,,not_applicable,,not_applicable,NOT_APPLICABLE,2025,CNY,REFERENCE,REFERENCE_NO_ADDITIONAL_POLICY,NONE_STRUCTURAL_ZERO,YES,YES,NO,STRATEGY_AGGREGATE_MULTIPLIER,v1.4_FINAL_MODEL_BASED,ALLdis_CEA_v3.0,D9_MAIN_CARRY_FORWARD_2034_STEADY_STATE,基线参照：无新增政策成本,STANDARD_LABEL,D9_MAIN_FULL_MAINTENANCE,,,INTERIM_NOT_FINAL_2035_2050,STRUCTURAL_ZERO,
S1,STRUCTURAL_ANCHOR,2047,payer,169032160.00000003,modelled_v16_temporal_alignment,NOT_APPLICABLE,NOT_APPLICABLE,NOT_APPLICABLE,NOT_APPLICABLE,,not_applicable,,,,conditional_not_standardized_across_all_modules,,conditional_not_standardized_across_all_modules,NOT_APPLICABLE,2025,CNY,FULL_MODELLED_INCREMENTAL,S1_COMPLETION_MODEL,MODEL_ASSUMPTION_RESOLVES_S1_GAPS,YES,YES,NO,STRATEGY_AGGREGATE_MULTIPLIER,v1.4_FINAL_MODEL_BASED,ALLdis_CEA_v3.0,D9_MAIN_CARRY_FORWARD_2034_STEADY_STATE,完整建模的增量政策成本；v16主分析补入持续传播维护成本,STANDARD_LABEL,D9_MAIN_FULL_MAINTENANCE,1.0,1.0,INTERIM_NOT_FINAL_2035_2050,INTERIM_STEADY_STATE_PARENT_EXTENSION,
S2,STRUCTURAL_ANCHOR,2047,payer,1684788986.952,modelled,S2_COMPONENT_METHOD,FORMAL_SELECTED; PROCUREMENT_PACKAGE_EXCLUDED,NOT_APPLICABLE,NOT_APPLICABLE,,not_applicable,,,,conditional_not_standardized_across_all_modules,,conditional_not_standardized_across_all_modules,NOT_APPLICABLE,2025,CNY,AUDITED_CORE,S2_AUDITED_CORE_WITH_S0_INCREMENTAL_FACTOR,MODEL_ASSUMPTION_RESOLVES_S0_DEDUCTION,YES,YES,NO,STRATEGY_AGGREGATE_MULTIPLIER,v1.4_FINAL_MODEL_BASED,ALLdis_CEA_v3.0,D9_MAIN_CARRY_FORWARD_2034_STEADY_STATE,可审计核心成本，不得表述为完整社区组织政策总成本,MUST_LABEL_AUDITED_CORE,D9_MAIN_FULL_MAINTENANCE,1.0,1.0,INTERIM_NOT_FINAL_2035_2050,INTERIM_STEADY_STATE_PARENT_EXTENSION,
S3,STRUCTURAL_ANCHOR,2047,payer,70400000.0,modelled,NOT_APPLICABLE,NOT_APPLICABLE,NOT_APPLICABLE,NOT_APPLICABLE,,not_applicable,,,,conditional_not_standardized_across_all_modules,,conditional_not_standardized_across_all_modules,NOT_APPLICABLE,2025,CNY,AUDITED_CORE,S3_AUDITED_QUANTIFIED_CORE,EXPLICIT_CORE_COST_BOUNDARY,YES,YES,NO,STRATEGY_AGGREGATE_MULTIPLIER,v1.4_FINAL_MODEL_BASED,ALLdis_CEA_v3.0,D9_MAIN_CARRY_FORWARD_2034_STEADY_STATE,可审计量化核心成本，不得表述为完整设施政策总成本,MUST_LABEL_AUDITED_CORE,D9_MAIN_FULL_MAINTENANCE,1.0,1.0,INTERIM_NOT_FINAL_2035_2050,INTERIM_EXCLUDES_CAPITAL_REPLACEMENT_CASH,0.0
S4,STRUCTURAL_ANCHOR,2047,payer,458660751.12,modelled,NOT_APPLICABLE,NOT_APPLICABLE,NOT_APPLICABLE,NOT_APPLICABLE,,not_applicable,,,,conditional_not_standardized_across_all_modules,,conditional_not_standardized_across_all_modules,NOT_APPLICABLE,2025,CNY,AUDITED_CORE,S4_AUDITED_QUANTIFIED_CORE,EXPLICIT_CORE_COST_BOUNDARY,YES,YES,NO,STRATEGY_AGGREGATE_MULTIPLIER,v1.4_FINAL_MODEL_BASED,ALLdis_CEA_v3.0,D9_MAIN_CARRY_FORWARD_2034_STEADY_STATE,可审计量化核心成本，不得表述为完整体卫融合政策总成本,MUST_LABEL_AUDITED_CORE,D9_MAIN_FULL_MAINTENANCE,1.0,1.0,INTERIM_NOT_FINAL_2035_2050,INTERIM_STEADY_STATE_PARENT_EXTENSION,
S5,STRUCTURAL_ANCHOR,2047,payer,149680760.0,modelled,NOT_APPLICABLE,NOT_APPLICABLE,MODEL_UNSPECIFIED,conditional_metadata_gap,40000000.0,identified_cash_transfer_in_payer_cost,,,,conditional_not_standardized_across_all_modules,,conditional_not_standardized_across_all_modules,NOT_APPLICABLE,2025,CNY,FULL_MODELLED_INCREMENTAL,S5_NATIONAL_DEPLOYMENT_COMPLETION_MODEL,MODEL_ASSUMPTION_RESOLVES_S5_GAPS,YES,YES,NO,STRATEGY_AGGREGATE_MULTIPLIER,v1.4_FINAL_MODEL_BASED,ALLdis_CEA_v3.0,D9_MAIN_CARRY_FORWARD_2034_STEADY_STATE,完整建模的增量部署成本；支付方成本含可识别转移支付,STANDARD_LABEL,D9_MAIN_FULL_MAINTENANCE,1.0,1.0,INTERIM_NOT_FINAL_2035_2050,INTERIM_SOFTWARE_HARDWARE_RENEWAL_UNCALIBRATED,0.0
S6,STRUCTURAL_ANCHOR,2047,payer,2329412998.072,modelled,NOT_APPLICABLE,NOT_APPLICABLE,S6_COMPOSITE_INCLUDES_S5_MODEL_UNSPECIFIED,conditional_metadata_gap,,conditional_embedded_composite_not_separately_estimable,,,,conditional_not_standardized_across_all_modules,,conditional_not_standardized_across_all_modules,SHARED_POOL_LEVEL,2025,CNY,DEDUPLICATED_COMPOSITE,S6_DEDUP_CORE_PLUS_MODULE_DELTAS_AND_MICROCOST_COORDINATION,MODEL_ASSUMPTION_RESOLVES_COORDINATION_AND_SHARED_POOL_GAPS,YES,YES,NO,STRATEGY_AGGREGATE_MULTIPLIER,v1.4_FINAL_MODEL_BASED,ALLdis_CEA_v3.0,D9_MAIN_CARRY_FORWARD_2034_STEADY_STATE,跨模块去重后的综合政策包成本,STANDARD_LABEL,D9_MAIN_FULL_MAINTENANCE,1.0,1.0,INTERIM_NOT_FINAL_2035_2050,INTERIM_INDEPENDENT_COMPOSITE_NOT_SUM_OF_S1_S5,0.0
S7,STRUCTURAL_ANCHOR,2047,payer,,missing_intentionally_undefined,NOT_APPLICABLE,NOT_APPLICABLE,NOT_APPLICABLE,NOT_APPLICABLE,,missing_intentionally_undefined,,,,missing_intentionally_undefined,,missing_intentionally_undefined,NOT_APPLICABLE,2025,CNY,THRESHOLD_ONLY,BUDGET_THRESHOLD_STRATEGY,INTENTIONALLY_UNDEFINED,NOT_APPLICABLE,NOT_APPLICABLE,NO,STRATEGY_AGGREGATE_MULTIPLIER,v1.4_FINAL_MODEL_BASED,ALLdis_CEA_v3.0,D9_MAIN_CARRY_FORWARD_2034_STEADY_STATE,目标阈值情景，成本有意不估计,STANDARD_LABEL,D9_MAIN_FULL_MAINTENANCE,,,INTERIM_NOT_FINAL_2035_2050,INTENTIONALLY_UNDEFINED,
S0,STRUCTURAL_ANCHOR,2048,payer,0.0,modelled,NOT_APPLICABLE,NOT_APPLICABLE,NOT_APPLICABLE,NOT_APPLICABLE,,not_applicable,,,,not_applicable,,not_applicable,NOT_APPLICABLE,2025,CNY,REFERENCE,REFERENCE_NO_ADDITIONAL_POLICY,NONE_STRUCTURAL_ZERO,YES,YES,NO,STRATEGY_AGGREGATE_MULTIPLIER,v1.4_FINAL_MODEL_BASED,ALLdis_CEA_v3.0,D9_MAIN_CARRY_FORWARD_2034_STEADY_STATE,基线参照：无新增政策成本,STANDARD_LABEL,D9_MAIN_FULL_MAINTENANCE,,,INTERIM_NOT_FINAL_2035_2050,STRUCTURAL_ZERO,
S1,STRUCTURAL_ANCHOR,2048,payer,169032160.00000003,modelled_v16_temporal_alignment,NOT_APPLICABLE,NOT_APPLICABLE,NOT_APPLICABLE,NOT_APPLICABLE,,not_applicable,,,,conditional_not_standardized_across_all_modules,,conditional_not_standardized_across_all_modules,NOT_APPLICABLE,2025,CNY,FULL_MODELLED_INCREMENTAL,S1_COMPLETION_MODEL,MODEL_ASSUMPTION_RESOLVES_S1_GAPS,YES,YES,NO,STRATEGY_AGGREGATE_MULTIPLIER,v1.4_FINAL_MODEL_BASED,ALLdis_CEA_v3.0,D9_MAIN_CARRY_FORWARD_2034_STEADY_STATE,完整建模的增量政策成本；v16主分析补入持续传播维护成本,STANDARD_LABEL,D9_MAIN_FULL_MAINTENANCE,1.0,1.0,INTERIM_NOT_FINAL_2035_2050,INTERIM_STEADY_STATE_PARENT_EXTENSION,
S2,STRUCTURAL_ANCHOR,2048,payer,1684788986.952,modelled,S2_COMPONENT_METHOD,FORMAL_SELECTED; PROCUREMENT_PACKAGE_EXCLUDED,NOT_APPLICABLE,NOT_APPLICABLE,,not_applicable,,,,conditional_not_standardized_across_all_modules,,conditional_not_standardized_across_all_modules,NOT_APPLICABLE,2025,CNY,AUDITED_CORE,S2_AUDITED_CORE_WITH_S0_INCREMENTAL_FACTOR,MODEL_ASSUMPTION_RESOLVES_S0_DEDUCTION,YES,YES,NO,STRATEGY_AGGREGATE_MULTIPLIER,v1.4_FINAL_MODEL_BASED,ALLdis_CEA_v3.0,D9_MAIN_CARRY_FORWARD_2034_STEADY_STATE,可审计核心成本，不得表述为完整社区组织政策总成本,MUST_LABEL_AUDITED_CORE,D9_MAIN_FULL_MAINTENANCE,1.0,1.0,INTERIM_NOT_FINAL_2035_2050,INTERIM_STEADY_STATE_PARENT_EXTENSION,
S3,STRUCTURAL_ANCHOR,2048,payer,70400000.0,modelled,NOT_APPLICABLE,NOT_APPLICABLE,NOT_APPLICABLE,NOT_APPLICABLE,,not_applicable,,,,conditional_not_standardized_across_all_modules,,conditional_not_standardized_across_all_modules,NOT_APPLICABLE,2025,CNY,AUDITED_CORE,S3_AUDITED_QUANTIFIED_CORE,EXPLICIT_CORE_COST_BOUNDARY,YES,YES,NO,STRATEGY_AGGREGATE_MULTIPLIER,v1.4_FINAL_MODEL_BASED,ALLdis_CEA_v3.0,D9_MAIN_CARRY_FORWARD_2034_STEADY_STATE,可审计量化核心成本，不得表述为完整设施政策总成本,MUST_LABEL_AUDITED_CORE,D9_MAIN_FULL_MAINTENANCE,1.0,1.0,INTERIM_NOT_FINAL_2035_2050,INTERIM_EXCLUDES_CAPITAL_REPLACEMENT_CASH,0.0
S4,STRUCTURAL_ANCHOR,2048,payer,458660751.12,modelled,NOT_APPLICABLE,NOT_APPLICABLE,NOT_APPLICABLE,NOT_APPLICABLE,,not_applicable,,,,conditional_not_standardized_across_all_modules,,conditional_not_standardized_across_all_modules,NOT_APPLICABLE,2025,CNY,AUDITED_CORE,S4_AUDITED_QUANTIFIED_CORE,EXPLICIT_CORE_COST_BOUNDARY,YES,YES,NO,STRATEGY_AGGREGATE_MULTIPLIER,v1.4_FINAL_MODEL_BASED,ALLdis_CEA_v3.0,D9_MAIN_CARRY_FORWARD_2034_STEADY_STATE,可审计量化核心成本，不得表述为完整体卫融合政策总成本,MUST_LABEL_AUDITED_CORE,D9_MAIN_FULL_MAINTENANCE,1.0,1.0,INTERIM_NOT_FINAL_2035_2050,INTERIM_STEADY_STATE_PARENT_EXTENSION,
S5,STRUCTURAL_ANCHOR,2048,payer,149680760.0,modelled,NOT_APPLICABLE,NOT_APPLICABLE,MODEL_UNSPECIFIED,conditional_metadata_gap,40000000.0,identified_cash_transfer_in_payer_cost,,,,conditional_not_standardized_across_all_modules,,conditional_not_standardized_across_all_modules,NOT_APPLICABLE,2025,CNY,FULL_MODELLED_INCREMENTAL,S5_NATIONAL_DEPLOYMENT_COMPLETION_MODEL,MODEL_ASSUMPTION_RESOLVES_S5_GAPS,YES,YES,NO,STRATEGY_AGGREGATE_MULTIPLIER,v1.4_FINAL_MODEL_BASED,ALLdis_CEA_v3.0,D9_MAIN_CARRY_FORWARD_2034_STEADY_STATE,完整建模的增量部署成本；支付方成本含可识别转移支付,STANDARD_LABEL,D9_MAIN_FULL_MAINTENANCE,1.0,1.0,INTERIM_NOT_FINAL_2035_2050,INTERIM_SOFTWARE_HARDWARE_RENEWAL_UNCALIBRATED,0.0
S6,STRUCTURAL_ANCHOR,2048,payer,2329412998.072,modelled,NOT_APPLICABLE,NOT_APPLICABLE,S6_COMPOSITE_INCLUDES_S5_MODEL_UNSPECIFIED,conditional_metadata_gap,,conditional_embedded_composite_not_separately_estimable,,,,conditional_not_standardized_across_all_modules,,conditional_not_standardized_across_all_modules,SHARED_POOL_LEVEL,2025,CNY,DEDUPLICATED_COMPOSITE,S6_DEDUP_CORE_PLUS_MODULE_DELTAS_AND_MICROCOST_COORDINATION,MODEL_ASSUMPTION_RESOLVES_COORDINATION_AND_SHARED_POOL_GAPS,YES,YES,NO,STRATEGY_AGGREGATE_MULTIPLIER,v1.4_FINAL_MODEL_BASED,ALLdis_CEA_v3.0,D9_MAIN_CARRY_FORWARD_2034_STEADY_STATE,跨模块去重后的综合政策包成本,STANDARD_LABEL,D9_MAIN_FULL_MAINTENANCE,1.0,1.0,INTERIM_NOT_FINAL_2035_2050,INTERIM_INDEPENDENT_COMPOSITE_NOT_SUM_OF_S1_S5,0.0
S7,STRUCTURAL_ANCHOR,2048,payer,,missing_intentionally_undefined,NOT_APPLICABLE,NOT_APPLICABLE,NOT_APPLICABLE,NOT_APPLICABLE,,missing_intentionally_undefined,,,,missing_intentionally_undefined,,missing_intentionally_undefined,NOT_APPLICABLE,2025,CNY,THRESHOLD_ONLY,BUDGET_THRESHOLD_STRATEGY,INTENTIONALLY_UNDEFINED,NOT_APPLICABLE,NOT_APPLICABLE,NO,STRATEGY_AGGREGATE_MULTIPLIER,v1.4_FINAL_MODEL_BASED,ALLdis_CEA_v3.0,D9_MAIN_CARRY_FORWARD_2034_STEADY_STATE,目标阈值情景，成本有意不估计,STANDARD_LABEL,D9_MAIN_FULL_MAINTENANCE,,,INTERIM_NOT_FINAL_2035_2050,INTENTIONALLY_UNDEFINED,
S0,STRUCTURAL_ANCHOR,2049,payer,0.0,modelled,NOT_APPLICABLE,NOT_APPLICABLE,NOT_APPLICABLE,NOT_APPLICABLE,,not_applicable,,,,not_applicable,,not_applicable,NOT_APPLICABLE,2025,CNY,REFERENCE,REFERENCE_NO_ADDITIONAL_POLICY,NONE_STRUCTURAL_ZERO,YES,YES,NO,STRATEGY_AGGREGATE_MULTIPLIER,v1.4_FINAL_MODEL_BASED,ALLdis_CEA_v3.0,D9_MAIN_CARRY_FORWARD_2034_STEADY_STATE,基线参照：无新增政策成本,STANDARD_LABEL,D9_MAIN_FULL_MAINTENANCE,,,INTERIM_NOT_FINAL_2035_2050,STRUCTURAL_ZERO,
S1,STRUCTURAL_ANCHOR,2049,payer,169032160.00000003,modelled_v16_temporal_alignment,NOT_APPLICABLE,NOT_APPLICABLE,NOT_APPLICABLE,NOT_APPLICABLE,,not_applicable,,,,conditional_not_standardized_across_all_modules,,conditional_not_standardized_across_all_modules,NOT_APPLICABLE,2025,CNY,FULL_MODELLED_INCREMENTAL,S1_COMPLETION_MODEL,MODEL_ASSUMPTION_RESOLVES_S1_GAPS,YES,YES,NO,STRATEGY_AGGREGATE_MULTIPLIER,v1.4_FINAL_MODEL_BASED,ALLdis_CEA_v3.0,D9_MAIN_CARRY_FORWARD_2034_STEADY_STATE,完整建模的增量政策成本；v16主分析补入持续传播维护成本,STANDARD_LABEL,D9_MAIN_FULL_MAINTENANCE,1.0,1.0,INTERIM_NOT_FINAL_2035_2050,INTERIM_STEADY_STATE_PARENT_EXTENSION,
S2,STRUCTURAL_ANCHOR,2049,payer,1684788986.952,modelled,S2_COMPONENT_METHOD,FORMAL_SELECTED; PROCUREMENT_PACKAGE_EXCLUDED,NOT_APPLICABLE,NOT_APPLICABLE,,not_applicable,,,,conditional_not_standardized_across_all_modules,,conditional_not_standardized_across_all_modules,NOT_APPLICABLE,2025,CNY,AUDITED_CORE,S2_AUDITED_CORE_WITH_S0_INCREMENTAL_FACTOR,MODEL_ASSUMPTION_RESOLVES_S0_DEDUCTION,YES,YES,NO,STRATEGY_AGGREGATE_MULTIPLIER,v1.4_FINAL_MODEL_BASED,ALLdis_CEA_v3.0,D9_MAIN_CARRY_FORWARD_2034_STEADY_STATE,可审计核心成本，不得表述为完整社区组织政策总成本,MUST_LABEL_AUDITED_CORE,D9_MAIN_FULL_MAINTENANCE,1.0,1.0,INTERIM_NOT_FINAL_2035_2050,INTERIM_STEADY_STATE_PARENT_EXTENSION,
S3,STRUCTURAL_ANCHOR,2049,payer,70400000.0,modelled,NOT_APPLICABLE,NOT_APPLICABLE,NOT_APPLICABLE,NOT_APPLICABLE,,not_applicable,,,,conditional_not_standardized_across_all_modules,,conditional_not_standardized_across_all_modules,NOT_APPLICABLE,2025,CNY,AUDITED_CORE,S3_AUDITED_QUANTIFIED_CORE,EXPLICIT_CORE_COST_BOUNDARY,YES,YES,NO,STRATEGY_AGGREGATE_MULTIPLIER,v1.4_FINAL_MODEL_BASED,ALLdis_CEA_v3.0,D9_MAIN_CARRY_FORWARD_2034_STEADY_STATE,可审计量化核心成本，不得表述为完整设施政策总成本,MUST_LABEL_AUDITED_CORE,D9_MAIN_FULL_MAINTENANCE,1.0,1.0,INTERIM_NOT_FINAL_2035_2050,INTERIM_EXCLUDES_CAPITAL_REPLACEMENT_CASH,0.0
S4,STRUCTURAL_ANCHOR,2049,payer,458660751.12,modelled,NOT_APPLICABLE,NOT_APPLICABLE,NOT_APPLICABLE,NOT_APPLICABLE,,not_applicable,,,,conditional_not_standardized_across_all_modules,,conditional_not_standardized_across_all_modules,NOT_APPLICABLE,2025,CNY,AUDITED_CORE,S4_AUDITED_QUANTIFIED_CORE,EXPLICIT_CORE_COST_BOUNDARY,YES,YES,NO,STRATEGY_AGGREGATE_MULTIPLIER,v1.4_FINAL_MODEL_BASED,ALLdis_CEA_v3.0,D9_MAIN_CARRY_FORWARD_2034_STEADY_STATE,可审计量化核心成本，不得表述为完整体卫融合政策总成本,MUST_LABEL_AUDITED_CORE,D9_MAIN_FULL_MAINTENANCE,1.0,1.0,INTERIM_NOT_FINAL_2035_2050,INTERIM_STEADY_STATE_PARENT_EXTENSION,
S5,STRUCTURAL_ANCHOR,2049,payer,149680760.0,modelled,NOT_APPLICABLE,NOT_APPLICABLE,MODEL_UNSPECIFIED,conditional_metadata_gap,40000000.0,identified_cash_transfer_in_payer_cost,,,,conditional_not_standardized_across_all_modules,,conditional_not_standardized_across_all_modules,NOT_APPLICABLE,2025,CNY,FULL_MODELLED_INCREMENTAL,S5_NATIONAL_DEPLOYMENT_COMPLETION_MODEL,MODEL_ASSUMPTION_RESOLVES_S5_GAPS,YES,YES,NO,STRATEGY_AGGREGATE_MULTIPLIER,v1.4_FINAL_MODEL_BASED,ALLdis_CEA_v3.0,D9_MAIN_CARRY_FORWARD_2034_STEADY_STATE,完整建模的增量部署成本；支付方成本含可识别转移支付,STANDARD_LABEL,D9_MAIN_FULL_MAINTENANCE,1.0,1.0,INTERIM_NOT_FINAL_2035_2050,INTERIM_SOFTWARE_HARDWARE_RENEWAL_UNCALIBRATED,0.0
S6,STRUCTURAL_ANCHOR,2049,payer,2329412998.072,modelled,NOT_APPLICABLE,NOT_APPLICABLE,S6_COMPOSITE_INCLUDES_S5_MODEL_UNSPECIFIED,conditional_metadata_gap,,conditional_embedded_composite_not_separately_estimable,,,,conditional_not_standardized_across_all_modules,,conditional_not_standardized_across_all_modules,SHARED_POOL_LEVEL,2025,CNY,DEDUPLICATED_COMPOSITE,S6_DEDUP_CORE_PLUS_MODULE_DELTAS_AND_MICROCOST_COORDINATION,MODEL_ASSUMPTION_RESOLVES_COORDINATION_AND_SHARED_POOL_GAPS,YES,YES,NO,STRATEGY_AGGREGATE_MULTIPLIER,v1.4_FINAL_MODEL_BASED,ALLdis_CEA_v3.0,D9_MAIN_CARRY_FORWARD_2034_STEADY_STATE,跨模块去重后的综合政策包成本,STANDARD_LABEL,D9_MAIN_FULL_MAINTENANCE,1.0,1.0,INTERIM_NOT_FINAL_2035_2050,INTERIM_INDEPENDENT_COMPOSITE_NOT_SUM_OF_S1_S5,0.0
S7,STRUCTURAL_ANCHOR,2049,payer,,missing_intentionally_undefined,NOT_APPLICABLE,NOT_APPLICABLE,NOT_APPLICABLE,NOT_APPLICABLE,,missing_intentionally_undefined,,,,missing_intentionally_undefined,,missing_intentionally_undefined,NOT_APPLICABLE,2025,CNY,THRESHOLD_ONLY,BUDGET_THRESHOLD_STRATEGY,INTENTIONALLY_UNDEFINED,NOT_APPLICABLE,NOT_APPLICABLE,NO,STRATEGY_AGGREGATE_MULTIPLIER,v1.4_FINAL_MODEL_BASED,ALLdis_CEA_v3.0,D9_MAIN_CARRY_FORWARD_2034_STEADY_STATE,目标阈值情景，成本有意不估计,STANDARD_LABEL,D9_MAIN_FULL_MAINTENANCE,,,INTERIM_NOT_FINAL_2035_2050,INTENTIONALLY_UNDEFINED,
S0,STRUCTURAL_ANCHOR,2050,payer,0.0,modelled,NOT_APPLICABLE,NOT_APPLICABLE,NOT_APPLICABLE,NOT_APPLICABLE,,not_applicable,,,,not_applicable,,not_applicable,NOT_APPLICABLE,2025,CNY,REFERENCE,REFERENCE_NO_ADDITIONAL_POLICY,NONE_STRUCTURAL_ZERO,YES,YES,NO,STRATEGY_AGGREGATE_MULTIPLIER,v1.4_FINAL_MODEL_BASED,ALLdis_CEA_v3.0,D9_MAIN_CARRY_FORWARD_2034_STEADY_STATE,基线参照：无新增政策成本,STANDARD_LABEL,D9_MAIN_FULL_MAINTENANCE,,,INTERIM_NOT_FINAL_2035_2050,STRUCTURAL_ZERO,
S1,STRUCTURAL_ANCHOR,2050,payer,169032160.00000003,modelled_v16_temporal_alignment,NOT_APPLICABLE,NOT_APPLICABLE,NOT_APPLICABLE,NOT_APPLICABLE,,not_applicable,,,,conditional_not_standardized_across_all_modules,,conditional_not_standardized_across_all_modules,NOT_APPLICABLE,2025,CNY,FULL_MODELLED_INCREMENTAL,S1_COMPLETION_MODEL,MODEL_ASSUMPTION_RESOLVES_S1_GAPS,YES,YES,NO,STRATEGY_AGGREGATE_MULTIPLIER,v1.4_FINAL_MODEL_BASED,ALLdis_CEA_v3.0,D9_MAIN_CARRY_FORWARD_2034_STEADY_STATE,完整建模的增量政策成本；v16主分析补入持续传播维护成本,STANDARD_LABEL,D9_MAIN_FULL_MAINTENANCE,1.0,1.0,INTERIM_NOT_FINAL_2035_2050,INTERIM_STEADY_STATE_PARENT_EXTENSION,
S2,STRUCTURAL_ANCHOR,2050,payer,1684788986.952,modelled,S2_COMPONENT_METHOD,FORMAL_SELECTED; PROCUREMENT_PACKAGE_EXCLUDED,NOT_APPLICABLE,NOT_APPLICABLE,,not_applicable,,,,conditional_not_standardized_across_all_modules,,conditional_not_standardized_across_all_modules,NOT_APPLICABLE,2025,CNY,AUDITED_CORE,S2_AUDITED_CORE_WITH_S0_INCREMENTAL_FACTOR,MODEL_ASSUMPTION_RESOLVES_S0_DEDUCTION,YES,YES,NO,STRATEGY_AGGREGATE_MULTIPLIER,v1.4_FINAL_MODEL_BASED,ALLdis_CEA_v3.0,D9_MAIN_CARRY_FORWARD_2034_STEADY_STATE,可审计核心成本，不得表述为完整社区组织政策总成本,MUST_LABEL_AUDITED_CORE,D9_MAIN_FULL_MAINTENANCE,1.0,1.0,INTERIM_NOT_FINAL_2035_2050,INTERIM_STEADY_STATE_PARENT_EXTENSION,
S3,STRUCTURAL_ANCHOR,2050,payer,70400000.0,modelled,NOT_APPLICABLE,NOT_APPLICABLE,NOT_APPLICABLE,NOT_APPLICABLE,,not_applicable,,,,conditional_not_standardized_across_all_modules,,conditional_not_standardized_across_all_modules,NOT_APPLICABLE,2025,CNY,AUDITED_CORE,S3_AUDITED_QUANTIFIED_CORE,EXPLICIT_CORE_COST_BOUNDARY,YES,YES,NO,STRATEGY_AGGREGATE_MULTIPLIER,v1.4_FINAL_MODEL_BASED,ALLdis_CEA_v3.0,D9_MAIN_CARRY_FORWARD_2034_STEADY_STATE,可审计量化核心成本，不得表述为完整设施政策总成本,MUST_LABEL_AUDITED_CORE,D9_MAIN_FULL_MAINTENANCE,1.0,1.0,INTERIM_NOT_FINAL_2035_2050,INTERIM_EXCLUDES_CAPITAL_REPLACEMENT_CASH,0.0
S4,STRUCTURAL_ANCHOR,2050,payer,458660751.12,modelled,NOT_APPLICABLE,NOT_APPLICABLE,NOT_APPLICABLE,NOT_APPLICABLE,,not_applicable,,,,conditional_not_standardized_across_all_modules,,conditional_not_standardized_across_all_modules,NOT_APPLICABLE,2025,CNY,AUDITED_CORE,S4_AUDITED_QUANTIFIED_CORE,EXPLICIT_CORE_COST_BOUNDARY,YES,YES,NO,STRATEGY_AGGREGATE_MULTIPLIER,v1.4_FINAL_MODEL_BASED,ALLdis_CEA_v3.0,D9_MAIN_CARRY_FORWARD_2034_STEADY_STATE,可审计量化核心成本，不得表述为完整体卫融合政策总成本,MUST_LABEL_AUDITED_CORE,D9_MAIN_FULL_MAINTENANCE,1.0,1.0,INTERIM_NOT_FINAL_2035_2050,INTERIM_STEADY_STATE_PARENT_EXTENSION,
S5,STRUCTURAL_ANCHOR,2050,payer,149680760.0,modelled,NOT_APPLICABLE,NOT_APPLICABLE,MODEL_UNSPECIFIED,conditional_metadata_gap,40000000.0,identified_cash_transfer_in_payer_cost,,,,conditional_not_standardized_across_all_modules,,conditional_not_standardized_across_all_modules,NOT_APPLICABLE,2025,CNY,FULL_MODELLED_INCREMENTAL,S5_NATIONAL_DEPLOYMENT_COMPLETION_MODEL,MODEL_ASSUMPTION_RESOLVES_S5_GAPS,YES,YES,NO,STRATEGY_AGGREGATE_MULTIPLIER,v1.4_FINAL_MODEL_BASED,ALLdis_CEA_v3.0,D9_MAIN_CARRY_FORWARD_2034_STEADY_STATE,完整建模的增量部署成本；支付方成本含可识别转移支付,STANDARD_LABEL,D9_MAIN_FULL_MAINTENANCE,1.0,1.0,INTERIM_NOT_FINAL_2035_2050,INTERIM_SOFTWARE_HARDWARE_RENEWAL_UNCALIBRATED,0.0
S6,STRUCTURAL_ANCHOR,2050,payer,2329412998.072,modelled,NOT_APPLICABLE,NOT_APPLICABLE,S6_COMPOSITE_INCLUDES_S5_MODEL_UNSPECIFIED,conditional_metadata_gap,,conditional_embedded_composite_not_separately_estimable,,,,conditional_not_standardized_across_all_modules,,conditional_not_standardized_across_all_modules,SHARED_POOL_LEVEL,2025,CNY,DEDUPLICATED_COMPOSITE,S6_DEDUP_CORE_PLUS_MODULE_DELTAS_AND_MICROCOST_COORDINATION,MODEL_ASSUMPTION_RESOLVES_COORDINATION_AND_SHARED_POOL_GAPS,YES,YES,NO,STRATEGY_AGGREGATE_MULTIPLIER,v1.4_FINAL_MODEL_BASED,ALLdis_CEA_v3.0,D9_MAIN_CARRY_FORWARD_2034_STEADY_STATE,跨模块去重后的综合政策包成本,STANDARD_LABEL,D9_MAIN_FULL_MAINTENANCE,1.0,1.0,INTERIM_NOT_FINAL_2035_2050,INTERIM_INDEPENDENT_COMPOSITE_NOT_SUM_OF_S1_S5,0.0
S7,STRUCTURAL_ANCHOR,2050,payer,,missing_intentionally_undefined,NOT_APPLICABLE,NOT_APPLICABLE,NOT_APPLICABLE,NOT_APPLICABLE,,missing_intentionally_undefined,,,,missing_intentionally_undefined,,missing_intentionally_undefined,NOT_APPLICABLE,2025,CNY,THRESHOLD_ONLY,BUDGET_THRESHOLD_STRATEGY,INTENTIONALLY_UNDEFINED,NOT_APPLICABLE,NOT_APPLICABLE,NO,STRATEGY_AGGREGATE_MULTIPLIER,v1.4_FINAL_MODEL_BASED,ALLdis_CEA_v3.0,D9_MAIN_CARRY_FORWARD_2034_STEADY_STATE,目标阈值情景，成本有意不估计,STANDARD_LABEL,D9_MAIN_FULL_MAINTENANCE,,,INTERIM_NOT_FINAL_2035_2050,INTENTIONALLY_UNDEFINED,
