scenario_id,cost_structure_scenario,year,perspective,annual_programme_cost_2025_cny,cost_status,payer_path_id,payer_path_status,architecture_id,architecture_status,transfer_payment,transfer_payment_status,capital_cash,capital_annuity,capital_cost_selected,capital_cost_status,recurrent_cost,recurrent_cost_status,resource_dedup_level,price_year,currency,cost_boundary,source_model,gap_resolution_method,formal_CEA_allowed,formal_cost_PSA_allowed,missing_is_zero,psa_level,model_version,integration_version,temporal_cost_adjustment,analysis_interpretation_cn,paper_reporting_lock,maintenance_scenario,maintenance_adequacy,effect_retention_relative_to_2034,formal_use_status,long_term_cost_status,capital_renewal_reserve_included
S0,STRUCTURAL_ANCHOR,2025,societal,0.0,modelled,NOT_APPLICABLE,NOT_APPLICABLE,NOT_APPLICABLE,NOT_APPLICABLE,,not_applicable,,,,not_applicable,,not_applicable,NOT_APPLICABLE,2025,CNY,REFERENCE,REFERENCE_NO_ADDITIONAL_POLICY,NONE_STRUCTURAL_ZERO,YES,YES,NO,STRATEGY_AGGREGATE_MULTIPLIER,v1.4_FINAL_MODEL_BASED,ALLdis_CEA_v3.0,NONE,基线参照：无新增政策成本,STANDARD_LABEL,D9_MAIN_FULL_MAINTENANCE,,,FORMAL_PARENT_2025_2034,CVD_V16_LOCKED,
S1,STRUCTURAL_ANCHOR,2025,societal,177677336.00000003,modelled,NOT_APPLICABLE,NOT_APPLICABLE,NOT_APPLICABLE,NOT_APPLICABLE,,not_applicable,,,,conditional_not_standardized_across_all_modules,,conditional_not_standardized_across_all_modules,NOT_APPLICABLE,2025,CNY,FULL_MODELLED_INCREMENTAL,S1_COMPLETION_MODEL,MODEL_ASSUMPTION_RESOLVES_S1_GAPS,YES,YES,NO,STRATEGY_AGGREGATE_MULTIPLIER,v1.4_FINAL_MODEL_BASED,ALLdis_CEA_v3.0,NONE,完整建模的增量政策成本；v16主分析补入持续传播维护成本,STANDARD_LABEL,D9_MAIN_FULL_MAINTENANCE,1.0,1.0,FORMAL_PARENT_2025_2034,CVD_V16_LOCKED,
S2,STRUCTURAL_ANCHOR,2025,societal,335977603.254,modelled,S2_COMPONENT_METHOD,FORMAL_SELECTED; PROCUREMENT_PACKAGE_EXCLUDED,NOT_APPLICABLE,NOT_APPLICABLE,,not_applicable,,,,conditional_not_standardized_across_all_modules,,conditional_not_standardized_across_all_modules,NOT_APPLICABLE,2025,CNY,AUDITED_CORE,S2_AUDITED_CORE_WITH_S0_INCREMENTAL_FACTOR,MODEL_ASSUMPTION_RESOLVES_S0_DEDUCTION,YES,YES,NO,STRATEGY_AGGREGATE_MULTIPLIER,v1.4_FINAL_MODEL_BASED,ALLdis_CEA_v3.0,NONE,可审计核心成本，不得表述为完整社区组织政策总成本,MUST_LABEL_AUDITED_CORE,D9_MAIN_FULL_MAINTENANCE,1.0,1.0,FORMAL_PARENT_2025_2034,CVD_V16_LOCKED,
S3,STRUCTURAL_ANCHOR,2025,societal,0.0,modelled,NOT_APPLICABLE,NOT_APPLICABLE,NOT_APPLICABLE,NOT_APPLICABLE,,not_applicable,,,,conditional_not_standardized_across_all_modules,,conditional_not_standardized_across_all_modules,NOT_APPLICABLE,2025,CNY,AUDITED_CORE,S3_AUDITED_QUANTIFIED_CORE,EXPLICIT_CORE_COST_BOUNDARY,YES,YES,NO,STRATEGY_AGGREGATE_MULTIPLIER,v1.4_FINAL_MODEL_BASED,ALLdis_CEA_v3.0,NONE,可审计量化核心成本，不得表述为完整设施政策总成本,MUST_LABEL_AUDITED_CORE,D9_MAIN_FULL_MAINTENANCE,1.0,1.0,FORMAL_PARENT_2025_2034,CVD_V16_LOCKED,0.0
S4,STRUCTURAL_ANCHOR,2025,societal,131239121.76,modelled,NOT_APPLICABLE,NOT_APPLICABLE,NOT_APPLICABLE,NOT_APPLICABLE,,not_applicable,,,,conditional_not_standardized_across_all_modules,,conditional_not_standardized_across_all_modules,NOT_APPLICABLE,2025,CNY,AUDITED_CORE,S4_AUDITED_QUANTIFIED_CORE,EXPLICIT_CORE_COST_BOUNDARY,YES,YES,NO,STRATEGY_AGGREGATE_MULTIPLIER,v1.4_FINAL_MODEL_BASED,ALLdis_CEA_v3.0,NONE,可审计量化核心成本，不得表述为完整体卫融合政策总成本,MUST_LABEL_AUDITED_CORE,D9_MAIN_FULL_MAINTENANCE,1.0,1.0,FORMAL_PARENT_2025_2034,CVD_V16_LOCKED,
S5,STRUCTURAL_ANCHOR,2025,societal,277437926.0,modelled,NOT_APPLICABLE,NOT_APPLICABLE,MODEL_UNSPECIFIED,conditional_metadata_gap,0.0,pure_transfer_excluded_from_societal_resource_cost,,,,conditional_not_standardized_across_all_modules,,conditional_not_standardized_across_all_modules,NOT_APPLICABLE,2025,CNY,FULL_MODELLED_INCREMENTAL,S5_NATIONAL_DEPLOYMENT_COMPLETION_MODEL,MODEL_ASSUMPTION_RESOLVES_S5_GAPS,YES,YES,NO,STRATEGY_AGGREGATE_MULTIPLIER,v1.4_FINAL_MODEL_BASED,ALLdis_CEA_v3.0,NONE,完整建模的增量部署成本；支付方成本含可识别转移支付,STANDARD_LABEL,D9_MAIN_FULL_MAINTENANCE,1.0,1.0,FORMAL_PARENT_2025_2034,CVD_V16_LOCKED,0.0
S6,STRUCTURAL_ANCHOR,2025,societal,915080035.6040002,modelled,NOT_APPLICABLE,NOT_APPLICABLE,S6_COMPOSITE_INCLUDES_S5_MODEL_UNSPECIFIED,conditional_metadata_gap,,conditional_embedded_composite_not_separately_estimable,,,,conditional_not_standardized_across_all_modules,,conditional_not_standardized_across_all_modules,SHARED_POOL_LEVEL,2025,CNY,DEDUPLICATED_COMPOSITE,S6_DEDUP_CORE_PLUS_MODULE_DELTAS_AND_MICROCOST_COORDINATION,MODEL_ASSUMPTION_RESOLVES_COORDINATION_AND_SHARED_POOL_GAPS,YES,YES,NO,STRATEGY_AGGREGATE_MULTIPLIER,v1.4_FINAL_MODEL_BASED,ALLdis_CEA_v3.0,NONE,跨模块去重后的综合政策包成本,STANDARD_LABEL,D9_MAIN_FULL_MAINTENANCE,1.0,1.0,FORMAL_PARENT_2025_2034,CVD_V16_LOCKED,0.0
S7,STRUCTURAL_ANCHOR,2025,societal,,missing_intentionally_undefined,NOT_APPLICABLE,NOT_APPLICABLE,NOT_APPLICABLE,NOT_APPLICABLE,,missing_intentionally_undefined,,,,missing_intentionally_undefined,,missing_intentionally_undefined,NOT_APPLICABLE,2025,CNY,THRESHOLD_ONLY,BUDGET_THRESHOLD_STRATEGY,INTENTIONALLY_UNDEFINED,NOT_APPLICABLE,NOT_APPLICABLE,NO,STRATEGY_AGGREGATE_MULTIPLIER,v1.4_FINAL_MODEL_BASED,ALLdis_CEA_v3.0,NONE,目标阈值情景，成本有意不估计,STANDARD_LABEL,D9_MAIN_FULL_MAINTENANCE,,,FORMAL_PARENT_2025_2034,CVD_V16_LOCKED,
S0,STRUCTURAL_ANCHOR,2026,societal,0.0,modelled,NOT_APPLICABLE,NOT_APPLICABLE,NOT_APPLICABLE,NOT_APPLICABLE,,not_applicable,,,,not_applicable,,not_applicable,NOT_APPLICABLE,2025,CNY,REFERENCE,REFERENCE_NO_ADDITIONAL_POLICY,NONE_STRUCTURAL_ZERO,YES,YES,NO,STRATEGY_AGGREGATE_MULTIPLIER,v1.4_FINAL_MODEL_BASED,ALLdis_CEA_v3.0,NONE,基线参照：无新增政策成本,STANDARD_LABEL,D9_MAIN_FULL_MAINTENANCE,,,FORMAL_PARENT_2025_2034,CVD_V16_LOCKED,
S1,STRUCTURAL_ANCHOR,2026,societal,143677336.00000003,modelled,NOT_APPLICABLE,NOT_APPLICABLE,NOT_APPLICABLE,NOT_APPLICABLE,,not_applicable,,,,conditional_not_standardized_across_all_modules,,conditional_not_standardized_across_all_modules,NOT_APPLICABLE,2025,CNY,FULL_MODELLED_INCREMENTAL,S1_COMPLETION_MODEL,MODEL_ASSUMPTION_RESOLVES_S1_GAPS,YES,YES,NO,STRATEGY_AGGREGATE_MULTIPLIER,v1.4_FINAL_MODEL_BASED,ALLdis_CEA_v3.0,NONE,完整建模的增量政策成本；v16主分析补入持续传播维护成本,STANDARD_LABEL,D9_MAIN_FULL_MAINTENANCE,1.0,1.0,FORMAL_PARENT_2025_2034,CVD_V16_LOCKED,
S2,STRUCTURAL_ANCHOR,2026,societal,662220023.931,modelled,S2_COMPONENT_METHOD,FORMAL_SELECTED; PROCUREMENT_PACKAGE_EXCLUDED,NOT_APPLICABLE,NOT_APPLICABLE,,not_applicable,,,,conditional_not_standardized_across_all_modules,,conditional_not_standardized_across_all_modules,NOT_APPLICABLE,2025,CNY,AUDITED_CORE,S2_AUDITED_CORE_WITH_S0_INCREMENTAL_FACTOR,MODEL_ASSUMPTION_RESOLVES_S0_DEDUCTION,YES,YES,NO,STRATEGY_AGGREGATE_MULTIPLIER,v1.4_FINAL_MODEL_BASED,ALLdis_CEA_v3.0,NONE,可审计核心成本，不得表述为完整社区组织政策总成本,MUST_LABEL_AUDITED_CORE,D9_MAIN_FULL_MAINTENANCE,1.0,1.0,FORMAL_PARENT_2025_2034,CVD_V16_LOCKED,
S3,STRUCTURAL_ANCHOR,2026,societal,281413743.93,modelled,NOT_APPLICABLE,NOT_APPLICABLE,NOT_APPLICABLE,NOT_APPLICABLE,,not_applicable,,,,conditional_not_standardized_across_all_modules,,conditional_not_standardized_across_all_modules,NOT_APPLICABLE,2025,CNY,AUDITED_CORE,S3_AUDITED_QUANTIFIED_CORE,EXPLICIT_CORE_COST_BOUNDARY,YES,YES,NO,STRATEGY_AGGREGATE_MULTIPLIER,v1.4_FINAL_MODEL_BASED,ALLdis_CEA_v3.0,NONE,可审计量化核心成本，不得表述为完整设施政策总成本,MUST_LABEL_AUDITED_CORE,D9_MAIN_FULL_MAINTENANCE,1.0,1.0,FORMAL_PARENT_2025_2034,CVD_V16_LOCKED,0.0
S4,STRUCTURAL_ANCHOR,2026,societal,313801179.8,modelled,NOT_APPLICABLE,NOT_APPLICABLE,NOT_APPLICABLE,NOT_APPLICABLE,,not_applicable,,,,conditional_not_standardized_across_all_modules,,conditional_not_standardized_across_all_modules,NOT_APPLICABLE,2025,CNY,AUDITED_CORE,S4_AUDITED_QUANTIFIED_CORE,EXPLICIT_CORE_COST_BOUNDARY,YES,YES,NO,STRATEGY_AGGREGATE_MULTIPLIER,v1.4_FINAL_MODEL_BASED,ALLdis_CEA_v3.0,NONE,可审计量化核心成本，不得表述为完整体卫融合政策总成本,MUST_LABEL_AUDITED_CORE,D9_MAIN_FULL_MAINTENANCE,1.0,1.0,FORMAL_PARENT_2025_2034,CVD_V16_LOCKED,
S5,STRUCTURAL_ANCHOR,2026,societal,85079526.0,modelled,NOT_APPLICABLE,NOT_APPLICABLE,MODEL_UNSPECIFIED,conditional_metadata_gap,0.0,pure_transfer_excluded_from_societal_resource_cost,,,,conditional_not_standardized_across_all_modules,,conditional_not_standardized_across_all_modules,NOT_APPLICABLE,2025,CNY,FULL_MODELLED_INCREMENTAL,S5_NATIONAL_DEPLOYMENT_COMPLETION_MODEL,MODEL_ASSUMPTION_RESOLVES_S5_GAPS,YES,YES,NO,STRATEGY_AGGREGATE_MULTIPLIER,v1.4_FINAL_MODEL_BASED,ALLdis_CEA_v3.0,NONE,完整建模的增量部署成本；支付方成本含可识别转移支付,STANDARD_LABEL,D9_MAIN_FULL_MAINTENANCE,1.0,1.0,FORMAL_PARENT_2025_2034,CVD_V16_LOCKED,0.0
S6,STRUCTURAL_ANCHOR,2026,societal,1471207906.841,modelled,NOT_APPLICABLE,NOT_APPLICABLE,S6_COMPOSITE_INCLUDES_S5_MODEL_UNSPECIFIED,conditional_metadata_gap,,conditional_embedded_composite_not_separately_estimable,,,,conditional_not_standardized_across_all_modules,,conditional_not_standardized_across_all_modules,SHARED_POOL_LEVEL,2025,CNY,DEDUPLICATED_COMPOSITE,S6_DEDUP_CORE_PLUS_MODULE_DELTAS_AND_MICROCOST_COORDINATION,MODEL_ASSUMPTION_RESOLVES_COORDINATION_AND_SHARED_POOL_GAPS,YES,YES,NO,STRATEGY_AGGREGATE_MULTIPLIER,v1.4_FINAL_MODEL_BASED,ALLdis_CEA_v3.0,NONE,跨模块去重后的综合政策包成本,STANDARD_LABEL,D9_MAIN_FULL_MAINTENANCE,1.0,1.0,FORMAL_PARENT_2025_2034,CVD_V16_LOCKED,0.0
S7,STRUCTURAL_ANCHOR,2026,societal,,missing_intentionally_undefined,NOT_APPLICABLE,NOT_APPLICABLE,NOT_APPLICABLE,NOT_APPLICABLE,,missing_intentionally_undefined,,,,missing_intentionally_undefined,,missing_intentionally_undefined,NOT_APPLICABLE,2025,CNY,THRESHOLD_ONLY,BUDGET_THRESHOLD_STRATEGY,INTENTIONALLY_UNDEFINED,NOT_APPLICABLE,NOT_APPLICABLE,NO,STRATEGY_AGGREGATE_MULTIPLIER,v1.4_FINAL_MODEL_BASED,ALLdis_CEA_v3.0,NONE,目标阈值情景，成本有意不估计,STANDARD_LABEL,D9_MAIN_FULL_MAINTENANCE,,,FORMAL_PARENT_2025_2034,CVD_V16_LOCKED,
S0,STRUCTURAL_ANCHOR,2027,societal,0.0,modelled,NOT_APPLICABLE,NOT_APPLICABLE,NOT_APPLICABLE,NOT_APPLICABLE,,not_applicable,,,,not_applicable,,not_applicable,NOT_APPLICABLE,2025,CNY,REFERENCE,REFERENCE_NO_ADDITIONAL_POLICY,NONE_STRUCTURAL_ZERO,YES,YES,NO,STRATEGY_AGGREGATE_MULTIPLIER,v1.4_FINAL_MODEL_BASED,ALLdis_CEA_v3.0,NONE,基线参照：无新增政策成本,STANDARD_LABEL,D9_MAIN_FULL_MAINTENANCE,,,FORMAL_PARENT_2025_2034,CVD_V16_LOCKED,
S1,STRUCTURAL_ANCHOR,2027,societal,143677336.00000003,modelled,NOT_APPLICABLE,NOT_APPLICABLE,NOT_APPLICABLE,NOT_APPLICABLE,,not_applicable,,,,conditional_not_standardized_across_all_modules,,conditional_not_standardized_across_all_modules,NOT_APPLICABLE,2025,CNY,FULL_MODELLED_INCREMENTAL,S1_COMPLETION_MODEL,MODEL_ASSUMPTION_RESOLVES_S1_GAPS,YES,YES,NO,STRATEGY_AGGREGATE_MULTIPLIER,v1.4_FINAL_MODEL_BASED,ALLdis_CEA_v3.0,NONE,完整建模的增量政策成本；v16主分析补入持续传播维护成本,STANDARD_LABEL,D9_MAIN_FULL_MAINTENANCE,1.0,1.0,FORMAL_PARENT_2025_2034,CVD_V16_LOCKED,
S2,STRUCTURAL_ANCHOR,2027,societal,991344817.206,modelled,S2_COMPONENT_METHOD,FORMAL_SELECTED; PROCUREMENT_PACKAGE_EXCLUDED,NOT_APPLICABLE,NOT_APPLICABLE,,not_applicable,,,,conditional_not_standardized_across_all_modules,,conditional_not_standardized_across_all_modules,NOT_APPLICABLE,2025,CNY,AUDITED_CORE,S2_AUDITED_CORE_WITH_S0_INCREMENTAL_FACTOR,MODEL_ASSUMPTION_RESOLVES_S0_DEDUCTION,YES,YES,NO,STRATEGY_AGGREGATE_MULTIPLIER,v1.4_FINAL_MODEL_BASED,ALLdis_CEA_v3.0,NONE,可审计核心成本，不得表述为完整社区组织政策总成本,MUST_LABEL_AUDITED_CORE,D9_MAIN_FULL_MAINTENANCE,1.0,1.0,FORMAL_PARENT_2025_2034,CVD_V16_LOCKED,
S3,STRUCTURAL_ANCHOR,2027,societal,562827483.63,modelled,NOT_APPLICABLE,NOT_APPLICABLE,NOT_APPLICABLE,NOT_APPLICABLE,,not_applicable,,,,conditional_not_standardized_across_all_modules,,conditional_not_standardized_across_all_modules,NOT_APPLICABLE,2025,CNY,AUDITED_CORE,S3_AUDITED_QUANTIFIED_CORE,EXPLICIT_CORE_COST_BOUNDARY,YES,YES,NO,STRATEGY_AGGREGATE_MULTIPLIER,v1.4_FINAL_MODEL_BASED,ALLdis_CEA_v3.0,NONE,可审计量化核心成本，不得表述为完整设施政策总成本,MUST_LABEL_AUDITED_CORE,D9_MAIN_FULL_MAINTENANCE,1.0,1.0,FORMAL_PARENT_2025_2034,CVD_V16_LOCKED,0.0
S4,STRUCTURAL_ANCHOR,2027,societal,620636650.92,modelled,NOT_APPLICABLE,NOT_APPLICABLE,NOT_APPLICABLE,NOT_APPLICABLE,,not_applicable,,,,conditional_not_standardized_across_all_modules,,conditional_not_standardized_across_all_modules,NOT_APPLICABLE,2025,CNY,AUDITED_CORE,S4_AUDITED_QUANTIFIED_CORE,EXPLICIT_CORE_COST_BOUNDARY,YES,YES,NO,STRATEGY_AGGREGATE_MULTIPLIER,v1.4_FINAL_MODEL_BASED,ALLdis_CEA_v3.0,NONE,可审计量化核心成本，不得表述为完整体卫融合政策总成本,MUST_LABEL_AUDITED_CORE,D9_MAIN_FULL_MAINTENANCE,1.0,1.0,FORMAL_PARENT_2025_2034,CVD_V16_LOCKED,
S5,STRUCTURAL_ANCHOR,2027,societal,93228646.0,modelled,NOT_APPLICABLE,NOT_APPLICABLE,MODEL_UNSPECIFIED,conditional_metadata_gap,0.0,pure_transfer_excluded_from_societal_resource_cost,,,,conditional_not_standardized_across_all_modules,,conditional_not_standardized_across_all_modules,NOT_APPLICABLE,2025,CNY,FULL_MODELLED_INCREMENTAL,S5_NATIONAL_DEPLOYMENT_COMPLETION_MODEL,MODEL_ASSUMPTION_RESOLVES_S5_GAPS,YES,YES,NO,STRATEGY_AGGREGATE_MULTIPLIER,v1.4_FINAL_MODEL_BASED,ALLdis_CEA_v3.0,NONE,完整建模的增量部署成本；支付方成本含可识别转移支付,STANDARD_LABEL,D9_MAIN_FULL_MAINTENANCE,1.0,1.0,FORMAL_PARENT_2025_2034,CVD_V16_LOCKED,0.0
S6,STRUCTURAL_ANCHOR,2027,societal,2390343530.936,modelled,NOT_APPLICABLE,NOT_APPLICABLE,S6_COMPOSITE_INCLUDES_S5_MODEL_UNSPECIFIED,conditional_metadata_gap,,conditional_embedded_composite_not_separately_estimable,,,,conditional_not_standardized_across_all_modules,,conditional_not_standardized_across_all_modules,SHARED_POOL_LEVEL,2025,CNY,DEDUPLICATED_COMPOSITE,S6_DEDUP_CORE_PLUS_MODULE_DELTAS_AND_MICROCOST_COORDINATION,MODEL_ASSUMPTION_RESOLVES_COORDINATION_AND_SHARED_POOL_GAPS,YES,YES,NO,STRATEGY_AGGREGATE_MULTIPLIER,v1.4_FINAL_MODEL_BASED,ALLdis_CEA_v3.0,NONE,跨模块去重后的综合政策包成本,STANDARD_LABEL,D9_MAIN_FULL_MAINTENANCE,1.0,1.0,FORMAL_PARENT_2025_2034,CVD_V16_LOCKED,0.0
S7,STRUCTURAL_ANCHOR,2027,societal,,missing_intentionally_undefined,NOT_APPLICABLE,NOT_APPLICABLE,NOT_APPLICABLE,NOT_APPLICABLE,,missing_intentionally_undefined,,,,missing_intentionally_undefined,,missing_intentionally_undefined,NOT_APPLICABLE,2025,CNY,THRESHOLD_ONLY,BUDGET_THRESHOLD_STRATEGY,INTENTIONALLY_UNDEFINED,NOT_APPLICABLE,NOT_APPLICABLE,NO,STRATEGY_AGGREGATE_MULTIPLIER,v1.4_FINAL_MODEL_BASED,ALLdis_CEA_v3.0,NONE,目标阈值情景，成本有意不估计,STANDARD_LABEL,D9_MAIN_FULL_MAINTENANCE,,,FORMAL_PARENT_2025_2034,CVD_V16_LOCKED,
S0,STRUCTURAL_ANCHOR,2028,societal,0.0,modelled,NOT_APPLICABLE,NOT_APPLICABLE,NOT_APPLICABLE,NOT_APPLICABLE,,not_applicable,,,,not_applicable,,not_applicable,NOT_APPLICABLE,2025,CNY,REFERENCE,REFERENCE_NO_ADDITIONAL_POLICY,NONE_STRUCTURAL_ZERO,YES,YES,NO,STRATEGY_AGGREGATE_MULTIPLIER,v1.4_FINAL_MODEL_BASED,ALLdis_CEA_v3.0,NONE,基线参照：无新增政策成本,STANDARD_LABEL,D9_MAIN_FULL_MAINTENANCE,,,FORMAL_PARENT_2025_2034,CVD_V16_LOCKED,
S1,STRUCTURAL_ANCHOR,2028,societal,143677336.00000003,modelled_v16_temporal_alignment,NOT_APPLICABLE,NOT_APPLICABLE,NOT_APPLICABLE,NOT_APPLICABLE,,not_applicable,,,,conditional_not_standardized_across_all_modules,,conditional_not_standardized_across_all_modules,NOT_APPLICABLE,2025,CNY,FULL_MODELLED_INCREMENTAL,S1_COMPLETION_MODEL,MODEL_ASSUMPTION_RESOLVES_S1_GAPS,YES,YES,NO,STRATEGY_AGGREGATE_MULTIPLIER,v1.4_FINAL_MODEL_BASED,ALLdis_CEA_v3.0,S1_RECURRING_MAINTENANCE_FROM_2027,完整建模的增量政策成本；v16主分析补入持续传播维护成本,STANDARD_LABEL,D9_MAIN_FULL_MAINTENANCE,1.0,1.0,FORMAL_PARENT_2025_2034,CVD_V16_LOCKED,
S2,STRUCTURAL_ANCHOR,2028,societal,1323501772.329,modelled,S2_COMPONENT_METHOD,FORMAL_SELECTED; PROCUREMENT_PACKAGE_EXCLUDED,NOT_APPLICABLE,NOT_APPLICABLE,,not_applicable,,,,conditional_not_standardized_across_all_modules,,conditional_not_standardized_across_all_modules,NOT_APPLICABLE,2025,CNY,AUDITED_CORE,S2_AUDITED_CORE_WITH_S0_INCREMENTAL_FACTOR,MODEL_ASSUMPTION_RESOLVES_S0_DEDUCTION,YES,YES,NO,STRATEGY_AGGREGATE_MULTIPLIER,v1.4_FINAL_MODEL_BASED,ALLdis_CEA_v3.0,NONE,可审计核心成本，不得表述为完整社区组织政策总成本,MUST_LABEL_AUDITED_CORE,D9_MAIN_FULL_MAINTENANCE,1.0,1.0,FORMAL_PARENT_2025_2034,CVD_V16_LOCKED,
S3,STRUCTURAL_ANCHOR,2028,societal,844241227.56,modelled,NOT_APPLICABLE,NOT_APPLICABLE,NOT_APPLICABLE,NOT_APPLICABLE,,not_applicable,,,,conditional_not_standardized_across_all_modules,,conditional_not_standardized_across_all_modules,NOT_APPLICABLE,2025,CNY,AUDITED_CORE,S3_AUDITED_QUANTIFIED_CORE,EXPLICIT_CORE_COST_BOUNDARY,YES,YES,NO,STRATEGY_AGGREGATE_MULTIPLIER,v1.4_FINAL_MODEL_BASED,ALLdis_CEA_v3.0,NONE,可审计量化核心成本，不得表述为完整设施政策总成本,MUST_LABEL_AUDITED_CORE,D9_MAIN_FULL_MAINTENANCE,1.0,1.0,FORMAL_PARENT_2025_2034,CVD_V16_LOCKED,0.0
S4,STRUCTURAL_ANCHOR,2028,societal,913476504.6,modelled,NOT_APPLICABLE,NOT_APPLICABLE,NOT_APPLICABLE,NOT_APPLICABLE,,not_applicable,,,,conditional_not_standardized_across_all_modules,,conditional_not_standardized_across_all_modules,NOT_APPLICABLE,2025,CNY,AUDITED_CORE,S4_AUDITED_QUANTIFIED_CORE,EXPLICIT_CORE_COST_BOUNDARY,YES,YES,NO,STRATEGY_AGGREGATE_MULTIPLIER,v1.4_FINAL_MODEL_BASED,ALLdis_CEA_v3.0,NONE,可审计量化核心成本，不得表述为完整体卫融合政策总成本,MUST_LABEL_AUDITED_CORE,D9_MAIN_FULL_MAINTENANCE,1.0,1.0,FORMAL_PARENT_2025_2034,CVD_V16_LOCKED,
S5,STRUCTURAL_ANCHOR,2028,societal,93228646.0,modelled,NOT_APPLICABLE,NOT_APPLICABLE,MODEL_UNSPECIFIED,conditional_metadata_gap,0.0,pure_transfer_excluded_from_societal_resource_cost,,,,conditional_not_standardized_across_all_modules,,conditional_not_standardized_across_all_modules,NOT_APPLICABLE,2025,CNY,FULL_MODELLED_INCREMENTAL,S5_NATIONAL_DEPLOYMENT_COMPLETION_MODEL,MODEL_ASSUMPTION_RESOLVES_S5_GAPS,YES,YES,NO,STRATEGY_AGGREGATE_MULTIPLIER,v1.4_FINAL_MODEL_BASED,ALLdis_CEA_v3.0,NONE,完整建模的增量部署成本；支付方成本含可识别转移支付,STANDARD_LABEL,D9_MAIN_FULL_MAINTENANCE,1.0,1.0,FORMAL_PARENT_2025_2034,CVD_V16_LOCKED,0.0
S6,STRUCTURAL_ANCHOR,2028,societal,3146689247.669,modelled,NOT_APPLICABLE,NOT_APPLICABLE,S6_COMPOSITE_INCLUDES_S5_MODEL_UNSPECIFIED,conditional_metadata_gap,,conditional_embedded_composite_not_separately_estimable,,,,conditional_not_standardized_across_all_modules,,conditional_not_standardized_across_all_modules,SHARED_POOL_LEVEL,2025,CNY,DEDUPLICATED_COMPOSITE,S6_DEDUP_CORE_PLUS_MODULE_DELTAS_AND_MICROCOST_COORDINATION,MODEL_ASSUMPTION_RESOLVES_COORDINATION_AND_SHARED_POOL_GAPS,YES,YES,NO,STRATEGY_AGGREGATE_MULTIPLIER,v1.4_FINAL_MODEL_BASED,ALLdis_CEA_v3.0,NONE,跨模块去重后的综合政策包成本,STANDARD_LABEL,D9_MAIN_FULL_MAINTENANCE,1.0,1.0,FORMAL_PARENT_2025_2034,CVD_V16_LOCKED,0.0
S7,STRUCTURAL_ANCHOR,2028,societal,,missing_intentionally_undefined,NOT_APPLICABLE,NOT_APPLICABLE,NOT_APPLICABLE,NOT_APPLICABLE,,missing_intentionally_undefined,,,,missing_intentionally_undefined,,missing_intentionally_undefined,NOT_APPLICABLE,2025,CNY,THRESHOLD_ONLY,BUDGET_THRESHOLD_STRATEGY,INTENTIONALLY_UNDEFINED,NOT_APPLICABLE,NOT_APPLICABLE,NO,STRATEGY_AGGREGATE_MULTIPLIER,v1.4_FINAL_MODEL_BASED,ALLdis_CEA_v3.0,NONE,目标阈值情景，成本有意不估计,STANDARD_LABEL,D9_MAIN_FULL_MAINTENANCE,,,FORMAL_PARENT_2025_2034,CVD_V16_LOCKED,
S0,STRUCTURAL_ANCHOR,2029,societal,0.0,modelled,NOT_APPLICABLE,NOT_APPLICABLE,NOT_APPLICABLE,NOT_APPLICABLE,,not_applicable,,,,not_applicable,,not_applicable,NOT_APPLICABLE,2025,CNY,REFERENCE,REFERENCE_NO_ADDITIONAL_POLICY,NONE_STRUCTURAL_ZERO,YES,YES,NO,STRATEGY_AGGREGATE_MULTIPLIER,v1.4_FINAL_MODEL_BASED,ALLdis_CEA_v3.0,NONE,基线参照：无新增政策成本,STANDARD_LABEL,D9_MAIN_FULL_MAINTENANCE,,,FORMAL_PARENT_2025_2034,CVD_V16_LOCKED,
S1,STRUCTURAL_ANCHOR,2029,societal,143677336.00000003,modelled_v16_temporal_alignment,NOT_APPLICABLE,NOT_APPLICABLE,NOT_APPLICABLE,NOT_APPLICABLE,,not_applicable,,,,conditional_not_standardized_across_all_modules,,conditional_not_standardized_across_all_modules,NOT_APPLICABLE,2025,CNY,FULL_MODELLED_INCREMENTAL,S1_COMPLETION_MODEL,MODEL_ASSUMPTION_RESOLVES_S1_GAPS,YES,YES,NO,STRATEGY_AGGREGATE_MULTIPLIER,v1.4_FINAL_MODEL_BASED,ALLdis_CEA_v3.0,S1_RECURRING_MAINTENANCE_FROM_2027,完整建模的增量政策成本；v16主分析补入持续传播维护成本,STANDARD_LABEL,D9_MAIN_FULL_MAINTENANCE,1.0,1.0,FORMAL_PARENT_2025_2034,CVD_V16_LOCKED,
S2,STRUCTURAL_ANCHOR,2029,societal,1658852386.614,modelled,S2_COMPONENT_METHOD,FORMAL_SELECTED; PROCUREMENT_PACKAGE_EXCLUDED,NOT_APPLICABLE,NOT_APPLICABLE,,not_applicable,,,,conditional_not_standardized_across_all_modules,,conditional_not_standardized_across_all_modules,NOT_APPLICABLE,2025,CNY,AUDITED_CORE,S2_AUDITED_CORE_WITH_S0_INCREMENTAL_FACTOR,MODEL_ASSUMPTION_RESOLVES_S0_DEDUCTION,YES,YES,NO,STRATEGY_AGGREGATE_MULTIPLIER,v1.4_FINAL_MODEL_BASED,ALLdis_CEA_v3.0,NONE,可审计核心成本，不得表述为完整社区组织政策总成本,MUST_LABEL_AUDITED_CORE,D9_MAIN_FULL_MAINTENANCE,1.0,1.0,FORMAL_PARENT_2025_2034,CVD_V16_LOCKED,
S3,STRUCTURAL_ANCHOR,2029,societal,1125654976.11,modelled,NOT_APPLICABLE,NOT_APPLICABLE,NOT_APPLICABLE,NOT_APPLICABLE,,not_applicable,,,,conditional_not_standardized_across_all_modules,,conditional_not_standardized_across_all_modules,NOT_APPLICABLE,2025,CNY,AUDITED_CORE,S3_AUDITED_QUANTIFIED_CORE,EXPLICIT_CORE_COST_BOUNDARY,YES,YES,NO,STRATEGY_AGGREGATE_MULTIPLIER,v1.4_FINAL_MODEL_BASED,ALLdis_CEA_v3.0,NONE,可审计量化核心成本，不得表述为完整设施政策总成本,MUST_LABEL_AUDITED_CORE,D9_MAIN_FULL_MAINTENANCE,1.0,1.0,FORMAL_PARENT_2025_2034,CVD_V16_LOCKED,0.0
S4,STRUCTURAL_ANCHOR,2029,societal,1206316358.28,modelled,NOT_APPLICABLE,NOT_APPLICABLE,NOT_APPLICABLE,NOT_APPLICABLE,,not_applicable,,,,conditional_not_standardized_across_all_modules,,conditional_not_standardized_across_all_modules,NOT_APPLICABLE,2025,CNY,AUDITED_CORE,S4_AUDITED_QUANTIFIED_CORE,EXPLICIT_CORE_COST_BOUNDARY,YES,YES,NO,STRATEGY_AGGREGATE_MULTIPLIER,v1.4_FINAL_MODEL_BASED,ALLdis_CEA_v3.0,NONE,可审计量化核心成本，不得表述为完整体卫融合政策总成本,MUST_LABEL_AUDITED_CORE,D9_MAIN_FULL_MAINTENANCE,1.0,1.0,FORMAL_PARENT_2025_2034,CVD_V16_LOCKED,
S5,STRUCTURAL_ANCHOR,2029,societal,93228646.0,modelled,NOT_APPLICABLE,NOT_APPLICABLE,MODEL_UNSPECIFIED,conditional_metadata_gap,0.0,pure_transfer_excluded_from_societal_resource_cost,,,,conditional_not_standardized_across_all_modules,,conditional_not_standardized_across_all_modules,NOT_APPLICABLE,2025,CNY,FULL_MODELLED_INCREMENTAL,S5_NATIONAL_DEPLOYMENT_COMPLETION_MODEL,MODEL_ASSUMPTION_RESOLVES_S5_GAPS,YES,YES,NO,STRATEGY_AGGREGATE_MULTIPLIER,v1.4_FINAL_MODEL_BASED,ALLdis_CEA_v3.0,NONE,完整建模的增量部署成本；支付方成本含可识别转移支付,STANDARD_LABEL,D9_MAIN_FULL_MAINTENANCE,1.0,1.0,FORMAL_PARENT_2025_2034,CVD_V16_LOCKED,0.0
S6,STRUCTURAL_ANCHOR,2029,societal,4049905964.184,modelled,NOT_APPLICABLE,NOT_APPLICABLE,S6_COMPOSITE_INCLUDES_S5_MODEL_UNSPECIFIED,conditional_metadata_gap,,conditional_embedded_composite_not_separately_estimable,,,,conditional_not_standardized_across_all_modules,,conditional_not_standardized_across_all_modules,SHARED_POOL_LEVEL,2025,CNY,DEDUPLICATED_COMPOSITE,S6_DEDUP_CORE_PLUS_MODULE_DELTAS_AND_MICROCOST_COORDINATION,MODEL_ASSUMPTION_RESOLVES_COORDINATION_AND_SHARED_POOL_GAPS,YES,YES,NO,STRATEGY_AGGREGATE_MULTIPLIER,v1.4_FINAL_MODEL_BASED,ALLdis_CEA_v3.0,NONE,跨模块去重后的综合政策包成本,STANDARD_LABEL,D9_MAIN_FULL_MAINTENANCE,1.0,1.0,FORMAL_PARENT_2025_2034,CVD_V16_LOCKED,0.0
S7,STRUCTURAL_ANCHOR,2029,societal,,missing_intentionally_undefined,NOT_APPLICABLE,NOT_APPLICABLE,NOT_APPLICABLE,NOT_APPLICABLE,,missing_intentionally_undefined,,,,missing_intentionally_undefined,,missing_intentionally_undefined,NOT_APPLICABLE,2025,CNY,THRESHOLD_ONLY,BUDGET_THRESHOLD_STRATEGY,INTENTIONALLY_UNDEFINED,NOT_APPLICABLE,NOT_APPLICABLE,NO,STRATEGY_AGGREGATE_MULTIPLIER,v1.4_FINAL_MODEL_BASED,ALLdis_CEA_v3.0,NONE,目标阈值情景，成本有意不估计,STANDARD_LABEL,D9_MAIN_FULL_MAINTENANCE,,,FORMAL_PARENT_2025_2034,CVD_V16_LOCKED,
S0,STRUCTURAL_ANCHOR,2030,societal,0.0,modelled,NOT_APPLICABLE,NOT_APPLICABLE,NOT_APPLICABLE,NOT_APPLICABLE,,not_applicable,,,,not_applicable,,not_applicable,NOT_APPLICABLE,2025,CNY,REFERENCE,REFERENCE_NO_ADDITIONAL_POLICY,NONE_STRUCTURAL_ZERO,YES,YES,NO,STRATEGY_AGGREGATE_MULTIPLIER,v1.4_FINAL_MODEL_BASED,ALLdis_CEA_v3.0,NONE,基线参照：无新增政策成本,STANDARD_LABEL,D9_MAIN_FULL_MAINTENANCE,,,FORMAL_PARENT_2025_2034,CVD_V16_LOCKED,
S1,STRUCTURAL_ANCHOR,2030,societal,143677336.00000003,modelled_v16_temporal_alignment,NOT_APPLICABLE,NOT_APPLICABLE,NOT_APPLICABLE,NOT_APPLICABLE,,not_applicable,,,,conditional_not_standardized_across_all_modules,,conditional_not_standardized_across_all_modules,NOT_APPLICABLE,2025,CNY,FULL_MODELLED_INCREMENTAL,S1_COMPLETION_MODEL,MODEL_ASSUMPTION_RESOLVES_S1_GAPS,YES,YES,NO,STRATEGY_AGGREGATE_MULTIPLIER,v1.4_FINAL_MODEL_BASED,ALLdis_CEA_v3.0,S1_RECURRING_MAINTENANCE_FROM_2027,完整建模的增量政策成本；v16主分析补入持续传播维护成本,STANDARD_LABEL,D9_MAIN_FULL_MAINTENANCE,1.0,1.0,FORMAL_PARENT_2025_2034,CVD_V16_LOCKED,
S2,STRUCTURAL_ANCHOR,2030,societal,1658852386.614,modelled,S2_COMPONENT_METHOD,FORMAL_SELECTED; PROCUREMENT_PACKAGE_EXCLUDED,NOT_APPLICABLE,NOT_APPLICABLE,,not_applicable,,,,conditional_not_standardized_across_all_modules,,conditional_not_standardized_across_all_modules,NOT_APPLICABLE,2025,CNY,AUDITED_CORE,S2_AUDITED_CORE_WITH_S0_INCREMENTAL_FACTOR,MODEL_ASSUMPTION_RESOLVES_S0_DEDUCTION,YES,YES,NO,STRATEGY_AGGREGATE_MULTIPLIER,v1.4_FINAL_MODEL_BASED,ALLdis_CEA_v3.0,NONE,可审计核心成本，不得表述为完整社区组织政策总成本,MUST_LABEL_AUDITED_CORE,D9_MAIN_FULL_MAINTENANCE,1.0,1.0,FORMAL_PARENT_2025_2034,CVD_V16_LOCKED,
S3,STRUCTURAL_ANCHOR,2030,societal,1125654976.11,modelled,NOT_APPLICABLE,NOT_APPLICABLE,NOT_APPLICABLE,NOT_APPLICABLE,,not_applicable,,,,conditional_not_standardized_across_all_modules,,conditional_not_standardized_across_all_modules,NOT_APPLICABLE,2025,CNY,AUDITED_CORE,S3_AUDITED_QUANTIFIED_CORE,EXPLICIT_CORE_COST_BOUNDARY,YES,YES,NO,STRATEGY_AGGREGATE_MULTIPLIER,v1.4_FINAL_MODEL_BASED,ALLdis_CEA_v3.0,NONE,可审计量化核心成本，不得表述为完整设施政策总成本,MUST_LABEL_AUDITED_CORE,D9_MAIN_FULL_MAINTENANCE,1.0,1.0,FORMAL_PARENT_2025_2034,CVD_V16_LOCKED,0.0
S4,STRUCTURAL_ANCHOR,2030,societal,1171359414.72,modelled,NOT_APPLICABLE,NOT_APPLICABLE,NOT_APPLICABLE,NOT_APPLICABLE,,not_applicable,,,,conditional_not_standardized_across_all_modules,,conditional_not_standardized_across_all_modules,NOT_APPLICABLE,2025,CNY,AUDITED_CORE,S4_AUDITED_QUANTIFIED_CORE,EXPLICIT_CORE_COST_BOUNDARY,YES,YES,NO,STRATEGY_AGGREGATE_MULTIPLIER,v1.4_FINAL_MODEL_BASED,ALLdis_CEA_v3.0,NONE,可审计量化核心成本，不得表述为完整体卫融合政策总成本,MUST_LABEL_AUDITED_CORE,D9_MAIN_FULL_MAINTENANCE,1.0,1.0,FORMAL_PARENT_2025_2034,CVD_V16_LOCKED,
S5,STRUCTURAL_ANCHOR,2030,societal,93228646.0,modelled,NOT_APPLICABLE,NOT_APPLICABLE,MODEL_UNSPECIFIED,conditional_metadata_gap,0.0,pure_transfer_excluded_from_societal_resource_cost,,,,conditional_not_standardized_across_all_modules,,conditional_not_standardized_across_all_modules,NOT_APPLICABLE,2025,CNY,FULL_MODELLED_INCREMENTAL,S5_NATIONAL_DEPLOYMENT_COMPLETION_MODEL,MODEL_ASSUMPTION_RESOLVES_S5_GAPS,YES,YES,NO,STRATEGY_AGGREGATE_MULTIPLIER,v1.4_FINAL_MODEL_BASED,ALLdis_CEA_v3.0,NONE,完整建模的增量部署成本；支付方成本含可识别转移支付,STANDARD_LABEL,D9_MAIN_FULL_MAINTENANCE,1.0,1.0,FORMAL_PARENT_2025_2034,CVD_V16_LOCKED,0.0
S6,STRUCTURAL_ANCHOR,2030,societal,4015069020.624,modelled,NOT_APPLICABLE,NOT_APPLICABLE,S6_COMPOSITE_INCLUDES_S5_MODEL_UNSPECIFIED,conditional_metadata_gap,,conditional_embedded_composite_not_separately_estimable,,,,conditional_not_standardized_across_all_modules,,conditional_not_standardized_across_all_modules,SHARED_POOL_LEVEL,2025,CNY,DEDUPLICATED_COMPOSITE,S6_DEDUP_CORE_PLUS_MODULE_DELTAS_AND_MICROCOST_COORDINATION,MODEL_ASSUMPTION_RESOLVES_COORDINATION_AND_SHARED_POOL_GAPS,YES,YES,NO,STRATEGY_AGGREGATE_MULTIPLIER,v1.4_FINAL_MODEL_BASED,ALLdis_CEA_v3.0,NONE,跨模块去重后的综合政策包成本,STANDARD_LABEL,D9_MAIN_FULL_MAINTENANCE,1.0,1.0,FORMAL_PARENT_2025_2034,CVD_V16_LOCKED,0.0
S7,STRUCTURAL_ANCHOR,2030,societal,,missing_intentionally_undefined,NOT_APPLICABLE,NOT_APPLICABLE,NOT_APPLICABLE,NOT_APPLICABLE,,missing_intentionally_undefined,,,,missing_intentionally_undefined,,missing_intentionally_undefined,NOT_APPLICABLE,2025,CNY,THRESHOLD_ONLY,BUDGET_THRESHOLD_STRATEGY,INTENTIONALLY_UNDEFINED,NOT_APPLICABLE,NOT_APPLICABLE,NO,STRATEGY_AGGREGATE_MULTIPLIER,v1.4_FINAL_MODEL_BASED,ALLdis_CEA_v3.0,NONE,目标阈值情景，成本有意不估计,STANDARD_LABEL,D9_MAIN_FULL_MAINTENANCE,,,FORMAL_PARENT_2025_2034,CVD_V16_LOCKED,
S0,STRUCTURAL_ANCHOR,2031,societal,0.0,modelled,NOT_APPLICABLE,NOT_APPLICABLE,NOT_APPLICABLE,NOT_APPLICABLE,,not_applicable,,,,not_applicable,,not_applicable,NOT_APPLICABLE,2025,CNY,REFERENCE,REFERENCE_NO_ADDITIONAL_POLICY,NONE_STRUCTURAL_ZERO,YES,YES,NO,STRATEGY_AGGREGATE_MULTIPLIER,v1.4_FINAL_MODEL_BASED,ALLdis_CEA_v3.0,NONE,基线参照：无新增政策成本,STANDARD_LABEL,D9_MAIN_FULL_MAINTENANCE,,,FORMAL_PARENT_2025_2034,CVD_V16_LOCKED,
S1,STRUCTURAL_ANCHOR,2031,societal,143677336.00000003,modelled_v16_temporal_alignment,NOT_APPLICABLE,NOT_APPLICABLE,NOT_APPLICABLE,NOT_APPLICABLE,,not_applicable,,,,conditional_not_standardized_across_all_modules,,conditional_not_standardized_across_all_modules,NOT_APPLICABLE,2025,CNY,FULL_MODELLED_INCREMENTAL,S1_COMPLETION_MODEL,MODEL_ASSUMPTION_RESOLVES_S1_GAPS,YES,YES,NO,STRATEGY_AGGREGATE_MULTIPLIER,v1.4_FINAL_MODEL_BASED,ALLdis_CEA_v3.0,S1_RECURRING_MAINTENANCE_FROM_2027,完整建模的增量政策成本；v16主分析补入持续传播维护成本,STANDARD_LABEL,D9_MAIN_FULL_MAINTENANCE,1.0,1.0,FORMAL_PARENT_2025_2034,CVD_V16_LOCKED,
S2,STRUCTURAL_ANCHOR,2031,societal,1658852386.614,modelled,S2_COMPONENT_METHOD,FORMAL_SELECTED; PROCUREMENT_PACKAGE_EXCLUDED,NOT_APPLICABLE,NOT_APPLICABLE,,not_applicable,,,,conditional_not_standardized_across_all_modules,,conditional_not_standardized_across_all_modules,NOT_APPLICABLE,2025,CNY,AUDITED_CORE,S2_AUDITED_CORE_WITH_S0_INCREMENTAL_FACTOR,MODEL_ASSUMPTION_RESOLVES_S0_DEDUCTION,YES,YES,NO,STRATEGY_AGGREGATE_MULTIPLIER,v1.4_FINAL_MODEL_BASED,ALLdis_CEA_v3.0,NONE,可审计核心成本，不得表述为完整社区组织政策总成本,MUST_LABEL_AUDITED_CORE,D9_MAIN_FULL_MAINTENANCE,1.0,1.0,FORMAL_PARENT_2025_2034,CVD_V16_LOCKED,
S3,STRUCTURAL_ANCHOR,2031,societal,1125654976.11,modelled,NOT_APPLICABLE,NOT_APPLICABLE,NOT_APPLICABLE,NOT_APPLICABLE,,not_applicable,,,,conditional_not_standardized_across_all_modules,,conditional_not_standardized_across_all_modules,NOT_APPLICABLE,2025,CNY,AUDITED_CORE,S3_AUDITED_QUANTIFIED_CORE,EXPLICIT_CORE_COST_BOUNDARY,YES,YES,NO,STRATEGY_AGGREGATE_MULTIPLIER,v1.4_FINAL_MODEL_BASED,ALLdis_CEA_v3.0,NONE,可审计量化核心成本，不得表述为完整设施政策总成本,MUST_LABEL_AUDITED_CORE,D9_MAIN_FULL_MAINTENANCE,1.0,1.0,FORMAL_PARENT_2025_2034,CVD_V16_LOCKED,0.0
S4,STRUCTURAL_ANCHOR,2031,societal,1171359414.72,modelled,NOT_APPLICABLE,NOT_APPLICABLE,NOT_APPLICABLE,NOT_APPLICABLE,,not_applicable,,,,conditional_not_standardized_across_all_modules,,conditional_not_standardized_across_all_modules,NOT_APPLICABLE,2025,CNY,AUDITED_CORE,S4_AUDITED_QUANTIFIED_CORE,EXPLICIT_CORE_COST_BOUNDARY,YES,YES,NO,STRATEGY_AGGREGATE_MULTIPLIER,v1.4_FINAL_MODEL_BASED,ALLdis_CEA_v3.0,NONE,可审计量化核心成本，不得表述为完整体卫融合政策总成本,MUST_LABEL_AUDITED_CORE,D9_MAIN_FULL_MAINTENANCE,1.0,1.0,FORMAL_PARENT_2025_2034,CVD_V16_LOCKED,
S5,STRUCTURAL_ANCHOR,2031,societal,93228646.0,modelled,NOT_APPLICABLE,NOT_APPLICABLE,MODEL_UNSPECIFIED,conditional_metadata_gap,0.0,pure_transfer_excluded_from_societal_resource_cost,,,,conditional_not_standardized_across_all_modules,,conditional_not_standardized_across_all_modules,NOT_APPLICABLE,2025,CNY,FULL_MODELLED_INCREMENTAL,S5_NATIONAL_DEPLOYMENT_COMPLETION_MODEL,MODEL_ASSUMPTION_RESOLVES_S5_GAPS,YES,YES,NO,STRATEGY_AGGREGATE_MULTIPLIER,v1.4_FINAL_MODEL_BASED,ALLdis_CEA_v3.0,NONE,完整建模的增量部署成本；支付方成本含可识别转移支付,STANDARD_LABEL,D9_MAIN_FULL_MAINTENANCE,1.0,1.0,FORMAL_PARENT_2025_2034,CVD_V16_LOCKED,0.0
S6,STRUCTURAL_ANCHOR,2031,societal,4014949020.624,modelled,NOT_APPLICABLE,NOT_APPLICABLE,S6_COMPOSITE_INCLUDES_S5_MODEL_UNSPECIFIED,conditional_metadata_gap,,conditional_embedded_composite_not_separately_estimable,,,,conditional_not_standardized_across_all_modules,,conditional_not_standardized_across_all_modules,SHARED_POOL_LEVEL,2025,CNY,DEDUPLICATED_COMPOSITE,S6_DEDUP_CORE_PLUS_MODULE_DELTAS_AND_MICROCOST_COORDINATION,MODEL_ASSUMPTION_RESOLVES_COORDINATION_AND_SHARED_POOL_GAPS,YES,YES,NO,STRATEGY_AGGREGATE_MULTIPLIER,v1.4_FINAL_MODEL_BASED,ALLdis_CEA_v3.0,NONE,跨模块去重后的综合政策包成本,STANDARD_LABEL,D9_MAIN_FULL_MAINTENANCE,1.0,1.0,FORMAL_PARENT_2025_2034,CVD_V16_LOCKED,0.0
S7,STRUCTURAL_ANCHOR,2031,societal,,missing_intentionally_undefined,NOT_APPLICABLE,NOT_APPLICABLE,NOT_APPLICABLE,NOT_APPLICABLE,,missing_intentionally_undefined,,,,missing_intentionally_undefined,,missing_intentionally_undefined,NOT_APPLICABLE,2025,CNY,THRESHOLD_ONLY,BUDGET_THRESHOLD_STRATEGY,INTENTIONALLY_UNDEFINED,NOT_APPLICABLE,NOT_APPLICABLE,NO,STRATEGY_AGGREGATE_MULTIPLIER,v1.4_FINAL_MODEL_BASED,ALLdis_CEA_v3.0,NONE,目标阈值情景，成本有意不估计,STANDARD_LABEL,D9_MAIN_FULL_MAINTENANCE,,,FORMAL_PARENT_2025_2034,CVD_V16_LOCKED,
S0,STRUCTURAL_ANCHOR,2032,societal,0.0,modelled,NOT_APPLICABLE,NOT_APPLICABLE,NOT_APPLICABLE,NOT_APPLICABLE,,not_applicable,,,,not_applicable,,not_applicable,NOT_APPLICABLE,2025,CNY,REFERENCE,REFERENCE_NO_ADDITIONAL_POLICY,NONE_STRUCTURAL_ZERO,YES,YES,NO,STRATEGY_AGGREGATE_MULTIPLIER,v1.4_FINAL_MODEL_BASED,ALLdis_CEA_v3.0,NONE,基线参照：无新增政策成本,STANDARD_LABEL,D9_MAIN_FULL_MAINTENANCE,,,FORMAL_PARENT_2025_2034,CVD_V16_LOCKED,
S1,STRUCTURAL_ANCHOR,2032,societal,143677336.00000003,modelled_v16_temporal_alignment,NOT_APPLICABLE,NOT_APPLICABLE,NOT_APPLICABLE,NOT_APPLICABLE,,not_applicable,,,,conditional_not_standardized_across_all_modules,,conditional_not_standardized_across_all_modules,NOT_APPLICABLE,2025,CNY,FULL_MODELLED_INCREMENTAL,S1_COMPLETION_MODEL,MODEL_ASSUMPTION_RESOLVES_S1_GAPS,YES,YES,NO,STRATEGY_AGGREGATE_MULTIPLIER,v1.4_FINAL_MODEL_BASED,ALLdis_CEA_v3.0,S1_RECURRING_MAINTENANCE_FROM_2027,完整建模的增量政策成本；v16主分析补入持续传播维护成本,STANDARD_LABEL,D9_MAIN_FULL_MAINTENANCE,1.0,1.0,FORMAL_PARENT_2025_2034,CVD_V16_LOCKED,
S2,STRUCTURAL_ANCHOR,2032,societal,1658852386.614,modelled,S2_COMPONENT_METHOD,FORMAL_SELECTED; PROCUREMENT_PACKAGE_EXCLUDED,NOT_APPLICABLE,NOT_APPLICABLE,,not_applicable,,,,conditional_not_standardized_across_all_modules,,conditional_not_standardized_across_all_modules,NOT_APPLICABLE,2025,CNY,AUDITED_CORE,S2_AUDITED_CORE_WITH_S0_INCREMENTAL_FACTOR,MODEL_ASSUMPTION_RESOLVES_S0_DEDUCTION,YES,YES,NO,STRATEGY_AGGREGATE_MULTIPLIER,v1.4_FINAL_MODEL_BASED,ALLdis_CEA_v3.0,NONE,可审计核心成本，不得表述为完整社区组织政策总成本,MUST_LABEL_AUDITED_CORE,D9_MAIN_FULL_MAINTENANCE,1.0,1.0,FORMAL_PARENT_2025_2034,CVD_V16_LOCKED,
S3,STRUCTURAL_ANCHOR,2032,societal,1125654976.11,modelled,NOT_APPLICABLE,NOT_APPLICABLE,NOT_APPLICABLE,NOT_APPLICABLE,,not_applicable,,,,conditional_not_standardized_across_all_modules,,conditional_not_standardized_across_all_modules,NOT_APPLICABLE,2025,CNY,AUDITED_CORE,S3_AUDITED_QUANTIFIED_CORE,EXPLICIT_CORE_COST_BOUNDARY,YES,YES,NO,STRATEGY_AGGREGATE_MULTIPLIER,v1.4_FINAL_MODEL_BASED,ALLdis_CEA_v3.0,NONE,可审计量化核心成本，不得表述为完整设施政策总成本,MUST_LABEL_AUDITED_CORE,D9_MAIN_FULL_MAINTENANCE,1.0,1.0,FORMAL_PARENT_2025_2034,CVD_V16_LOCKED,0.0
S4,STRUCTURAL_ANCHOR,2032,societal,1171359414.72,modelled,NOT_APPLICABLE,NOT_APPLICABLE,NOT_APPLICABLE,NOT_APPLICABLE,,not_applicable,,,,conditional_not_standardized_across_all_modules,,conditional_not_standardized_across_all_modules,NOT_APPLICABLE,2025,CNY,AUDITED_CORE,S4_AUDITED_QUANTIFIED_CORE,EXPLICIT_CORE_COST_BOUNDARY,YES,YES,NO,STRATEGY_AGGREGATE_MULTIPLIER,v1.4_FINAL_MODEL_BASED,ALLdis_CEA_v3.0,NONE,可审计量化核心成本，不得表述为完整体卫融合政策总成本,MUST_LABEL_AUDITED_CORE,D9_MAIN_FULL_MAINTENANCE,1.0,1.0,FORMAL_PARENT_2025_2034,CVD_V16_LOCKED,
S5,STRUCTURAL_ANCHOR,2032,societal,93228646.0,modelled,NOT_APPLICABLE,NOT_APPLICABLE,MODEL_UNSPECIFIED,conditional_metadata_gap,0.0,pure_transfer_excluded_from_societal_resource_cost,,,,conditional_not_standardized_across_all_modules,,conditional_not_standardized_across_all_modules,NOT_APPLICABLE,2025,CNY,FULL_MODELLED_INCREMENTAL,S5_NATIONAL_DEPLOYMENT_COMPLETION_MODEL,MODEL_ASSUMPTION_RESOLVES_S5_GAPS,YES,YES,NO,STRATEGY_AGGREGATE_MULTIPLIER,v1.4_FINAL_MODEL_BASED,ALLdis_CEA_v3.0,NONE,完整建模的增量部署成本；支付方成本含可识别转移支付,STANDARD_LABEL,D9_MAIN_FULL_MAINTENANCE,1.0,1.0,FORMAL_PARENT_2025_2034,CVD_V16_LOCKED,0.0
S6,STRUCTURAL_ANCHOR,2032,societal,4014949020.624,modelled,NOT_APPLICABLE,NOT_APPLICABLE,S6_COMPOSITE_INCLUDES_S5_MODEL_UNSPECIFIED,conditional_metadata_gap,,conditional_embedded_composite_not_separately_estimable,,,,conditional_not_standardized_across_all_modules,,conditional_not_standardized_across_all_modules,SHARED_POOL_LEVEL,2025,CNY,DEDUPLICATED_COMPOSITE,S6_DEDUP_CORE_PLUS_MODULE_DELTAS_AND_MICROCOST_COORDINATION,MODEL_ASSUMPTION_RESOLVES_COORDINATION_AND_SHARED_POOL_GAPS,YES,YES,NO,STRATEGY_AGGREGATE_MULTIPLIER,v1.4_FINAL_MODEL_BASED,ALLdis_CEA_v3.0,NONE,跨模块去重后的综合政策包成本,STANDARD_LABEL,D9_MAIN_FULL_MAINTENANCE,1.0,1.0,FORMAL_PARENT_2025_2034,CVD_V16_LOCKED,0.0
S7,STRUCTURAL_ANCHOR,2032,societal,,missing_intentionally_undefined,NOT_APPLICABLE,NOT_APPLICABLE,NOT_APPLICABLE,NOT_APPLICABLE,,missing_intentionally_undefined,,,,missing_intentionally_undefined,,missing_intentionally_undefined,NOT_APPLICABLE,2025,CNY,THRESHOLD_ONLY,BUDGET_THRESHOLD_STRATEGY,INTENTIONALLY_UNDEFINED,NOT_APPLICABLE,NOT_APPLICABLE,NO,STRATEGY_AGGREGATE_MULTIPLIER,v1.4_FINAL_MODEL_BASED,ALLdis_CEA_v3.0,NONE,目标阈值情景，成本有意不估计,STANDARD_LABEL,D9_MAIN_FULL_MAINTENANCE,,,FORMAL_PARENT_2025_2034,CVD_V16_LOCKED,
S0,STRUCTURAL_ANCHOR,2033,societal,0.0,modelled,NOT_APPLICABLE,NOT_APPLICABLE,NOT_APPLICABLE,NOT_APPLICABLE,,not_applicable,,,,not_applicable,,not_applicable,NOT_APPLICABLE,2025,CNY,REFERENCE,REFERENCE_NO_ADDITIONAL_POLICY,NONE_STRUCTURAL_ZERO,YES,YES,NO,STRATEGY_AGGREGATE_MULTIPLIER,v1.4_FINAL_MODEL_BASED,ALLdis_CEA_v3.0,NONE,基线参照：无新增政策成本,STANDARD_LABEL,D9_MAIN_FULL_MAINTENANCE,,,FORMAL_PARENT_2025_2034,CVD_V16_LOCKED,
S1,STRUCTURAL_ANCHOR,2033,societal,143677336.00000003,modelled_v16_temporal_alignment,NOT_APPLICABLE,NOT_APPLICABLE,NOT_APPLICABLE,NOT_APPLICABLE,,not_applicable,,,,conditional_not_standardized_across_all_modules,,conditional_not_standardized_across_all_modules,NOT_APPLICABLE,2025,CNY,FULL_MODELLED_INCREMENTAL,S1_COMPLETION_MODEL,MODEL_ASSUMPTION_RESOLVES_S1_GAPS,YES,YES,NO,STRATEGY_AGGREGATE_MULTIPLIER,v1.4_FINAL_MODEL_BASED,ALLdis_CEA_v3.0,S1_RECURRING_MAINTENANCE_FROM_2027,完整建模的增量政策成本；v16主分析补入持续传播维护成本,STANDARD_LABEL,D9_MAIN_FULL_MAINTENANCE,1.0,1.0,FORMAL_PARENT_2025_2034,CVD_V16_LOCKED,
S2,STRUCTURAL_ANCHOR,2033,societal,1658852386.614,modelled,S2_COMPONENT_METHOD,FORMAL_SELECTED; PROCUREMENT_PACKAGE_EXCLUDED,NOT_APPLICABLE,NOT_APPLICABLE,,not_applicable,,,,conditional_not_standardized_across_all_modules,,conditional_not_standardized_across_all_modules,NOT_APPLICABLE,2025,CNY,AUDITED_CORE,S2_AUDITED_CORE_WITH_S0_INCREMENTAL_FACTOR,MODEL_ASSUMPTION_RESOLVES_S0_DEDUCTION,YES,YES,NO,STRATEGY_AGGREGATE_MULTIPLIER,v1.4_FINAL_MODEL_BASED,ALLdis_CEA_v3.0,NONE,可审计核心成本，不得表述为完整社区组织政策总成本,MUST_LABEL_AUDITED_CORE,D9_MAIN_FULL_MAINTENANCE,1.0,1.0,FORMAL_PARENT_2025_2034,CVD_V16_LOCKED,
S3,STRUCTURAL_ANCHOR,2033,societal,1125654976.11,modelled,NOT_APPLICABLE,NOT_APPLICABLE,NOT_APPLICABLE,NOT_APPLICABLE,,not_applicable,,,,conditional_not_standardized_across_all_modules,,conditional_not_standardized_across_all_modules,NOT_APPLICABLE,2025,CNY,AUDITED_CORE,S3_AUDITED_QUANTIFIED_CORE,EXPLICIT_CORE_COST_BOUNDARY,YES,YES,NO,STRATEGY_AGGREGATE_MULTIPLIER,v1.4_FINAL_MODEL_BASED,ALLdis_CEA_v3.0,NONE,可审计量化核心成本，不得表述为完整设施政策总成本,MUST_LABEL_AUDITED_CORE,D9_MAIN_FULL_MAINTENANCE,1.0,1.0,FORMAL_PARENT_2025_2034,CVD_V16_LOCKED,0.0
S4,STRUCTURAL_ANCHOR,2033,societal,1171359414.72,modelled,NOT_APPLICABLE,NOT_APPLICABLE,NOT_APPLICABLE,NOT_APPLICABLE,,not_applicable,,,,conditional_not_standardized_across_all_modules,,conditional_not_standardized_across_all_modules,NOT_APPLICABLE,2025,CNY,AUDITED_CORE,S4_AUDITED_QUANTIFIED_CORE,EXPLICIT_CORE_COST_BOUNDARY,YES,YES,NO,STRATEGY_AGGREGATE_MULTIPLIER,v1.4_FINAL_MODEL_BASED,ALLdis_CEA_v3.0,NONE,可审计量化核心成本，不得表述为完整体卫融合政策总成本,MUST_LABEL_AUDITED_CORE,D9_MAIN_FULL_MAINTENANCE,1.0,1.0,FORMAL_PARENT_2025_2034,CVD_V16_LOCKED,
S5,STRUCTURAL_ANCHOR,2033,societal,93228646.0,modelled,NOT_APPLICABLE,NOT_APPLICABLE,MODEL_UNSPECIFIED,conditional_metadata_gap,0.0,pure_transfer_excluded_from_societal_resource_cost,,,,conditional_not_standardized_across_all_modules,,conditional_not_standardized_across_all_modules,NOT_APPLICABLE,2025,CNY,FULL_MODELLED_INCREMENTAL,S5_NATIONAL_DEPLOYMENT_COMPLETION_MODEL,MODEL_ASSUMPTION_RESOLVES_S5_GAPS,YES,YES,NO,STRATEGY_AGGREGATE_MULTIPLIER,v1.4_FINAL_MODEL_BASED,ALLdis_CEA_v3.0,NONE,完整建模的增量部署成本；支付方成本含可识别转移支付,STANDARD_LABEL,D9_MAIN_FULL_MAINTENANCE,1.0,1.0,FORMAL_PARENT_2025_2034,CVD_V16_LOCKED,0.0
S6,STRUCTURAL_ANCHOR,2033,societal,4014949020.624,modelled,NOT_APPLICABLE,NOT_APPLICABLE,S6_COMPOSITE_INCLUDES_S5_MODEL_UNSPECIFIED,conditional_metadata_gap,,conditional_embedded_composite_not_separately_estimable,,,,conditional_not_standardized_across_all_modules,,conditional_not_standardized_across_all_modules,SHARED_POOL_LEVEL,2025,CNY,DEDUPLICATED_COMPOSITE,S6_DEDUP_CORE_PLUS_MODULE_DELTAS_AND_MICROCOST_COORDINATION,MODEL_ASSUMPTION_RESOLVES_COORDINATION_AND_SHARED_POOL_GAPS,YES,YES,NO,STRATEGY_AGGREGATE_MULTIPLIER,v1.4_FINAL_MODEL_BASED,ALLdis_CEA_v3.0,NONE,跨模块去重后的综合政策包成本,STANDARD_LABEL,D9_MAIN_FULL_MAINTENANCE,1.0,1.0,FORMAL_PARENT_2025_2034,CVD_V16_LOCKED,0.0
S7,STRUCTURAL_ANCHOR,2033,societal,,missing_intentionally_undefined,NOT_APPLICABLE,NOT_APPLICABLE,NOT_APPLICABLE,NOT_APPLICABLE,,missing_intentionally_undefined,,,,missing_intentionally_undefined,,missing_intentionally_undefined,NOT_APPLICABLE,2025,CNY,THRESHOLD_ONLY,BUDGET_THRESHOLD_STRATEGY,INTENTIONALLY_UNDEFINED,NOT_APPLICABLE,NOT_APPLICABLE,NO,STRATEGY_AGGREGATE_MULTIPLIER,v1.4_FINAL_MODEL_BASED,ALLdis_CEA_v3.0,NONE,目标阈值情景，成本有意不估计,STANDARD_LABEL,D9_MAIN_FULL_MAINTENANCE,,,FORMAL_PARENT_2025_2034,CVD_V16_LOCKED,
S0,STRUCTURAL_ANCHOR,2034,societal,0.0,modelled,NOT_APPLICABLE,NOT_APPLICABLE,NOT_APPLICABLE,NOT_APPLICABLE,,not_applicable,,,,not_applicable,,not_applicable,NOT_APPLICABLE,2025,CNY,REFERENCE,REFERENCE_NO_ADDITIONAL_POLICY,NONE_STRUCTURAL_ZERO,YES,YES,NO,STRATEGY_AGGREGATE_MULTIPLIER,v1.4_FINAL_MODEL_BASED,ALLdis_CEA_v3.0,NONE,基线参照：无新增政策成本,STANDARD_LABEL,D9_MAIN_FULL_MAINTENANCE,,,FORMAL_PARENT_2025_2034,CVD_V16_LOCKED,
S1,STRUCTURAL_ANCHOR,2034,societal,143677336.00000003,modelled_v16_temporal_alignment,NOT_APPLICABLE,NOT_APPLICABLE,NOT_APPLICABLE,NOT_APPLICABLE,,not_applicable,,,,conditional_not_standardized_across_all_modules,,conditional_not_standardized_across_all_modules,NOT_APPLICABLE,2025,CNY,FULL_MODELLED_INCREMENTAL,S1_COMPLETION_MODEL,MODEL_ASSUMPTION_RESOLVES_S1_GAPS,YES,YES,NO,STRATEGY_AGGREGATE_MULTIPLIER,v1.4_FINAL_MODEL_BASED,ALLdis_CEA_v3.0,S1_RECURRING_MAINTENANCE_FROM_2027,完整建模的增量政策成本；v16主分析补入持续传播维护成本,STANDARD_LABEL,D9_MAIN_FULL_MAINTENANCE,1.0,1.0,FORMAL_PARENT_2025_2034,CVD_V16_LOCKED,
S2,STRUCTURAL_ANCHOR,2034,societal,1658852386.614,modelled,S2_COMPONENT_METHOD,FORMAL_SELECTED; PROCUREMENT_PACKAGE_EXCLUDED,NOT_APPLICABLE,NOT_APPLICABLE,,not_applicable,,,,conditional_not_standardized_across_all_modules,,conditional_not_standardized_across_all_modules,NOT_APPLICABLE,2025,CNY,AUDITED_CORE,S2_AUDITED_CORE_WITH_S0_INCREMENTAL_FACTOR,MODEL_ASSUMPTION_RESOLVES_S0_DEDUCTION,YES,YES,NO,STRATEGY_AGGREGATE_MULTIPLIER,v1.4_FINAL_MODEL_BASED,ALLdis_CEA_v3.0,NONE,可审计核心成本，不得表述为完整社区组织政策总成本,MUST_LABEL_AUDITED_CORE,D9_MAIN_FULL_MAINTENANCE,1.0,1.0,FORMAL_PARENT_2025_2034,CVD_V16_LOCKED,
S3,STRUCTURAL_ANCHOR,2034,societal,1125654976.11,modelled,NOT_APPLICABLE,NOT_APPLICABLE,NOT_APPLICABLE,NOT_APPLICABLE,,not_applicable,,,,conditional_not_standardized_across_all_modules,,conditional_not_standardized_across_all_modules,NOT_APPLICABLE,2025,CNY,AUDITED_CORE,S3_AUDITED_QUANTIFIED_CORE,EXPLICIT_CORE_COST_BOUNDARY,YES,YES,NO,STRATEGY_AGGREGATE_MULTIPLIER,v1.4_FINAL_MODEL_BASED,ALLdis_CEA_v3.0,NONE,可审计量化核心成本，不得表述为完整设施政策总成本,MUST_LABEL_AUDITED_CORE,D9_MAIN_FULL_MAINTENANCE,1.0,1.0,FORMAL_PARENT_2025_2034,CVD_V16_LOCKED,0.0
S4,STRUCTURAL_ANCHOR,2034,societal,1171359414.72,modelled,NOT_APPLICABLE,NOT_APPLICABLE,NOT_APPLICABLE,NOT_APPLICABLE,,not_applicable,,,,conditional_not_standardized_across_all_modules,,conditional_not_standardized_across_all_modules,NOT_APPLICABLE,2025,CNY,AUDITED_CORE,S4_AUDITED_QUANTIFIED_CORE,EXPLICIT_CORE_COST_BOUNDARY,YES,YES,NO,STRATEGY_AGGREGATE_MULTIPLIER,v1.4_FINAL_MODEL_BASED,ALLdis_CEA_v3.0,NONE,可审计量化核心成本，不得表述为完整体卫融合政策总成本,MUST_LABEL_AUDITED_CORE,D9_MAIN_FULL_MAINTENANCE,1.0,1.0,FORMAL_PARENT_2025_2034,CVD_V16_LOCKED,
S5,STRUCTURAL_ANCHOR,2034,societal,93228646.0,modelled,NOT_APPLICABLE,NOT_APPLICABLE,MODEL_UNSPECIFIED,conditional_metadata_gap,0.0,pure_transfer_excluded_from_societal_resource_cost,,,,conditional_not_standardized_across_all_modules,,conditional_not_standardized_across_all_modules,NOT_APPLICABLE,2025,CNY,FULL_MODELLED_INCREMENTAL,S5_NATIONAL_DEPLOYMENT_COMPLETION_MODEL,MODEL_ASSUMPTION_RESOLVES_S5_GAPS,YES,YES,NO,STRATEGY_AGGREGATE_MULTIPLIER,v1.4_FINAL_MODEL_BASED,ALLdis_CEA_v3.0,NONE,完整建模的增量部署成本；支付方成本含可识别转移支付,STANDARD_LABEL,D9_MAIN_FULL_MAINTENANCE,1.0,1.0,FORMAL_PARENT_2025_2034,CVD_V16_LOCKED,0.0
S6,STRUCTURAL_ANCHOR,2034,societal,4014949020.624,modelled,NOT_APPLICABLE,NOT_APPLICABLE,S6_COMPOSITE_INCLUDES_S5_MODEL_UNSPECIFIED,conditional_metadata_gap,,conditional_embedded_composite_not_separately_estimable,,,,conditional_not_standardized_across_all_modules,,conditional_not_standardized_across_all_modules,SHARED_POOL_LEVEL,2025,CNY,DEDUPLICATED_COMPOSITE,S6_DEDUP_CORE_PLUS_MODULE_DELTAS_AND_MICROCOST_COORDINATION,MODEL_ASSUMPTION_RESOLVES_COORDINATION_AND_SHARED_POOL_GAPS,YES,YES,NO,STRATEGY_AGGREGATE_MULTIPLIER,v1.4_FINAL_MODEL_BASED,ALLdis_CEA_v3.0,NONE,跨模块去重后的综合政策包成本,STANDARD_LABEL,D9_MAIN_FULL_MAINTENANCE,1.0,1.0,FORMAL_PARENT_2025_2034,CVD_V16_LOCKED,0.0
S7,STRUCTURAL_ANCHOR,2034,societal,,missing_intentionally_undefined,NOT_APPLICABLE,NOT_APPLICABLE,NOT_APPLICABLE,NOT_APPLICABLE,,missing_intentionally_undefined,,,,missing_intentionally_undefined,,missing_intentionally_undefined,NOT_APPLICABLE,2025,CNY,THRESHOLD_ONLY,BUDGET_THRESHOLD_STRATEGY,INTENTIONALLY_UNDEFINED,NOT_APPLICABLE,NOT_APPLICABLE,NO,STRATEGY_AGGREGATE_MULTIPLIER,v1.4_FINAL_MODEL_BASED,ALLdis_CEA_v3.0,NONE,目标阈值情景，成本有意不估计,STANDARD_LABEL,D9_MAIN_FULL_MAINTENANCE,,,FORMAL_PARENT_2025_2034,CVD_V16_LOCKED,
S0,STRUCTURAL_ANCHOR,2035,societal,0.0,modelled,NOT_APPLICABLE,NOT_APPLICABLE,NOT_APPLICABLE,NOT_APPLICABLE,,not_applicable,,,,not_applicable,,not_applicable,NOT_APPLICABLE,2025,CNY,REFERENCE,REFERENCE_NO_ADDITIONAL_POLICY,NONE_STRUCTURAL_ZERO,YES,YES,NO,STRATEGY_AGGREGATE_MULTIPLIER,v1.4_FINAL_MODEL_BASED,ALLdis_CEA_v3.0,D9_MAIN_CARRY_FORWARD_2034_STEADY_STATE,基线参照：无新增政策成本,STANDARD_LABEL,D9_MAIN_FULL_MAINTENANCE,,,INTERIM_NOT_FINAL_2035_2050,STRUCTURAL_ZERO,
S1,STRUCTURAL_ANCHOR,2035,societal,143677336.00000003,modelled_v16_temporal_alignment,NOT_APPLICABLE,NOT_APPLICABLE,NOT_APPLICABLE,NOT_APPLICABLE,,not_applicable,,,,conditional_not_standardized_across_all_modules,,conditional_not_standardized_across_all_modules,NOT_APPLICABLE,2025,CNY,FULL_MODELLED_INCREMENTAL,S1_COMPLETION_MODEL,MODEL_ASSUMPTION_RESOLVES_S1_GAPS,YES,YES,NO,STRATEGY_AGGREGATE_MULTIPLIER,v1.4_FINAL_MODEL_BASED,ALLdis_CEA_v3.0,D9_MAIN_CARRY_FORWARD_2034_STEADY_STATE,完整建模的增量政策成本；v16主分析补入持续传播维护成本,STANDARD_LABEL,D9_MAIN_FULL_MAINTENANCE,1.0,1.0,INTERIM_NOT_FINAL_2035_2050,INTERIM_STEADY_STATE_PARENT_EXTENSION,
S2,STRUCTURAL_ANCHOR,2035,societal,1658852386.614,modelled,S2_COMPONENT_METHOD,FORMAL_SELECTED; PROCUREMENT_PACKAGE_EXCLUDED,NOT_APPLICABLE,NOT_APPLICABLE,,not_applicable,,,,conditional_not_standardized_across_all_modules,,conditional_not_standardized_across_all_modules,NOT_APPLICABLE,2025,CNY,AUDITED_CORE,S2_AUDITED_CORE_WITH_S0_INCREMENTAL_FACTOR,MODEL_ASSUMPTION_RESOLVES_S0_DEDUCTION,YES,YES,NO,STRATEGY_AGGREGATE_MULTIPLIER,v1.4_FINAL_MODEL_BASED,ALLdis_CEA_v3.0,D9_MAIN_CARRY_FORWARD_2034_STEADY_STATE,可审计核心成本，不得表述为完整社区组织政策总成本,MUST_LABEL_AUDITED_CORE,D9_MAIN_FULL_MAINTENANCE,1.0,1.0,INTERIM_NOT_FINAL_2035_2050,INTERIM_STEADY_STATE_PARENT_EXTENSION,
S3,STRUCTURAL_ANCHOR,2035,societal,1125654976.11,modelled,NOT_APPLICABLE,NOT_APPLICABLE,NOT_APPLICABLE,NOT_APPLICABLE,,not_applicable,,,,conditional_not_standardized_across_all_modules,,conditional_not_standardized_across_all_modules,NOT_APPLICABLE,2025,CNY,AUDITED_CORE,S3_AUDITED_QUANTIFIED_CORE,EXPLICIT_CORE_COST_BOUNDARY,YES,YES,NO,STRATEGY_AGGREGATE_MULTIPLIER,v1.4_FINAL_MODEL_BASED,ALLdis_CEA_v3.0,D9_MAIN_CARRY_FORWARD_2034_STEADY_STATE,可审计量化核心成本，不得表述为完整设施政策总成本,MUST_LABEL_AUDITED_CORE,D9_MAIN_FULL_MAINTENANCE,1.0,1.0,INTERIM_NOT_FINAL_2035_2050,INTERIM_EXCLUDES_CAPITAL_REPLACEMENT_CASH,0.0
S4,STRUCTURAL_ANCHOR,2035,societal,1171359414.72,modelled,NOT_APPLICABLE,NOT_APPLICABLE,NOT_APPLICABLE,NOT_APPLICABLE,,not_applicable,,,,conditional_not_standardized_across_all_modules,,conditional_not_standardized_across_all_modules,NOT_APPLICABLE,2025,CNY,AUDITED_CORE,S4_AUDITED_QUANTIFIED_CORE,EXPLICIT_CORE_COST_BOUNDARY,YES,YES,NO,STRATEGY_AGGREGATE_MULTIPLIER,v1.4_FINAL_MODEL_BASED,ALLdis_CEA_v3.0,D9_MAIN_CARRY_FORWARD_2034_STEADY_STATE,可审计量化核心成本，不得表述为完整体卫融合政策总成本,MUST_LABEL_AUDITED_CORE,D9_MAIN_FULL_MAINTENANCE,1.0,1.0,INTERIM_NOT_FINAL_2035_2050,INTERIM_STEADY_STATE_PARENT_EXTENSION,
S5,STRUCTURAL_ANCHOR,2035,societal,93228646.0,modelled,NOT_APPLICABLE,NOT_APPLICABLE,MODEL_UNSPECIFIED,conditional_metadata_gap,0.0,pure_transfer_excluded_from_societal_resource_cost,,,,conditional_not_standardized_across_all_modules,,conditional_not_standardized_across_all_modules,NOT_APPLICABLE,2025,CNY,FULL_MODELLED_INCREMENTAL,S5_NATIONAL_DEPLOYMENT_COMPLETION_MODEL,MODEL_ASSUMPTION_RESOLVES_S5_GAPS,YES,YES,NO,STRATEGY_AGGREGATE_MULTIPLIER,v1.4_FINAL_MODEL_BASED,ALLdis_CEA_v3.0,D9_MAIN_CARRY_FORWARD_2034_STEADY_STATE,完整建模的增量部署成本；支付方成本含可识别转移支付,STANDARD_LABEL,D9_MAIN_FULL_MAINTENANCE,1.0,1.0,INTERIM_NOT_FINAL_2035_2050,INTERIM_SOFTWARE_HARDWARE_RENEWAL_UNCALIBRATED,0.0
S6,STRUCTURAL_ANCHOR,2035,societal,4014949020.624,modelled,NOT_APPLICABLE,NOT_APPLICABLE,S6_COMPOSITE_INCLUDES_S5_MODEL_UNSPECIFIED,conditional_metadata_gap,,conditional_embedded_composite_not_separately_estimable,,,,conditional_not_standardized_across_all_modules,,conditional_not_standardized_across_all_modules,SHARED_POOL_LEVEL,2025,CNY,DEDUPLICATED_COMPOSITE,S6_DEDUP_CORE_PLUS_MODULE_DELTAS_AND_MICROCOST_COORDINATION,MODEL_ASSUMPTION_RESOLVES_COORDINATION_AND_SHARED_POOL_GAPS,YES,YES,NO,STRATEGY_AGGREGATE_MULTIPLIER,v1.4_FINAL_MODEL_BASED,ALLdis_CEA_v3.0,D9_MAIN_CARRY_FORWARD_2034_STEADY_STATE,跨模块去重后的综合政策包成本,STANDARD_LABEL,D9_MAIN_FULL_MAINTENANCE,1.0,1.0,INTERIM_NOT_FINAL_2035_2050,INTERIM_INDEPENDENT_COMPOSITE_NOT_SUM_OF_S1_S5,0.0
S7,STRUCTURAL_ANCHOR,2035,societal,,missing_intentionally_undefined,NOT_APPLICABLE,NOT_APPLICABLE,NOT_APPLICABLE,NOT_APPLICABLE,,missing_intentionally_undefined,,,,missing_intentionally_undefined,,missing_intentionally_undefined,NOT_APPLICABLE,2025,CNY,THRESHOLD_ONLY,BUDGET_THRESHOLD_STRATEGY,INTENTIONALLY_UNDEFINED,NOT_APPLICABLE,NOT_APPLICABLE,NO,STRATEGY_AGGREGATE_MULTIPLIER,v1.4_FINAL_MODEL_BASED,ALLdis_CEA_v3.0,D9_MAIN_CARRY_FORWARD_2034_STEADY_STATE,目标阈值情景，成本有意不估计,STANDARD_LABEL,D9_MAIN_FULL_MAINTENANCE,,,INTERIM_NOT_FINAL_2035_2050,INTENTIONALLY_UNDEFINED,
S0,STRUCTURAL_ANCHOR,2036,societal,0.0,modelled,NOT_APPLICABLE,NOT_APPLICABLE,NOT_APPLICABLE,NOT_APPLICABLE,,not_applicable,,,,not_applicable,,not_applicable,NOT_APPLICABLE,2025,CNY,REFERENCE,REFERENCE_NO_ADDITIONAL_POLICY,NONE_STRUCTURAL_ZERO,YES,YES,NO,STRATEGY_AGGREGATE_MULTIPLIER,v1.4_FINAL_MODEL_BASED,ALLdis_CEA_v3.0,D9_MAIN_CARRY_FORWARD_2034_STEADY_STATE,基线参照：无新增政策成本,STANDARD_LABEL,D9_MAIN_FULL_MAINTENANCE,,,INTERIM_NOT_FINAL_2035_2050,STRUCTURAL_ZERO,
S1,STRUCTURAL_ANCHOR,2036,societal,143677336.00000003,modelled_v16_temporal_alignment,NOT_APPLICABLE,NOT_APPLICABLE,NOT_APPLICABLE,NOT_APPLICABLE,,not_applicable,,,,conditional_not_standardized_across_all_modules,,conditional_not_standardized_across_all_modules,NOT_APPLICABLE,2025,CNY,FULL_MODELLED_INCREMENTAL,S1_COMPLETION_MODEL,MODEL_ASSUMPTION_RESOLVES_S1_GAPS,YES,YES,NO,STRATEGY_AGGREGATE_MULTIPLIER,v1.4_FINAL_MODEL_BASED,ALLdis_CEA_v3.0,D9_MAIN_CARRY_FORWARD_2034_STEADY_STATE,完整建模的增量政策成本；v16主分析补入持续传播维护成本,STANDARD_LABEL,D9_MAIN_FULL_MAINTENANCE,1.0,1.0,INTERIM_NOT_FINAL_2035_2050,INTERIM_STEADY_STATE_PARENT_EXTENSION,
S2,STRUCTURAL_ANCHOR,2036,societal,1658852386.614,modelled,S2_COMPONENT_METHOD,FORMAL_SELECTED; PROCUREMENT_PACKAGE_EXCLUDED,NOT_APPLICABLE,NOT_APPLICABLE,,not_applicable,,,,conditional_not_standardized_across_all_modules,,conditional_not_standardized_across_all_modules,NOT_APPLICABLE,2025,CNY,AUDITED_CORE,S2_AUDITED_CORE_WITH_S0_INCREMENTAL_FACTOR,MODEL_ASSUMPTION_RESOLVES_S0_DEDUCTION,YES,YES,NO,STRATEGY_AGGREGATE_MULTIPLIER,v1.4_FINAL_MODEL_BASED,ALLdis_CEA_v3.0,D9_MAIN_CARRY_FORWARD_2034_STEADY_STATE,可审计核心成本，不得表述为完整社区组织政策总成本,MUST_LABEL_AUDITED_CORE,D9_MAIN_FULL_MAINTENANCE,1.0,1.0,INTERIM_NOT_FINAL_2035_2050,INTERIM_STEADY_STATE_PARENT_EXTENSION,
S3,STRUCTURAL_ANCHOR,2036,societal,1125654976.11,modelled,NOT_APPLICABLE,NOT_APPLICABLE,NOT_APPLICABLE,NOT_APPLICABLE,,not_applicable,,,,conditional_not_standardized_across_all_modules,,conditional_not_standardized_across_all_modules,NOT_APPLICABLE,2025,CNY,AUDITED_CORE,S3_AUDITED_QUANTIFIED_CORE,EXPLICIT_CORE_COST_BOUNDARY,YES,YES,NO,STRATEGY_AGGREGATE_MULTIPLIER,v1.4_FINAL_MODEL_BASED,ALLdis_CEA_v3.0,D9_MAIN_CARRY_FORWARD_2034_STEADY_STATE,可审计量化核心成本，不得表述为完整设施政策总成本,MUST_LABEL_AUDITED_CORE,D9_MAIN_FULL_MAINTENANCE,1.0,1.0,INTERIM_NOT_FINAL_2035_2050,INTERIM_EXCLUDES_CAPITAL_REPLACEMENT_CASH,0.0
S4,STRUCTURAL_ANCHOR,2036,societal,1171359414.72,modelled,NOT_APPLICABLE,NOT_APPLICABLE,NOT_APPLICABLE,NOT_APPLICABLE,,not_applicable,,,,conditional_not_standardized_across_all_modules,,conditional_not_standardized_across_all_modules,NOT_APPLICABLE,2025,CNY,AUDITED_CORE,S4_AUDITED_QUANTIFIED_CORE,EXPLICIT_CORE_COST_BOUNDARY,YES,YES,NO,STRATEGY_AGGREGATE_MULTIPLIER,v1.4_FINAL_MODEL_BASED,ALLdis_CEA_v3.0,D9_MAIN_CARRY_FORWARD_2034_STEADY_STATE,可审计量化核心成本，不得表述为完整体卫融合政策总成本,MUST_LABEL_AUDITED_CORE,D9_MAIN_FULL_MAINTENANCE,1.0,1.0,INTERIM_NOT_FINAL_2035_2050,INTERIM_STEADY_STATE_PARENT_EXTENSION,
S5,STRUCTURAL_ANCHOR,2036,societal,93228646.0,modelled,NOT_APPLICABLE,NOT_APPLICABLE,MODEL_UNSPECIFIED,conditional_metadata_gap,0.0,pure_transfer_excluded_from_societal_resource_cost,,,,conditional_not_standardized_across_all_modules,,conditional_not_standardized_across_all_modules,NOT_APPLICABLE,2025,CNY,FULL_MODELLED_INCREMENTAL,S5_NATIONAL_DEPLOYMENT_COMPLETION_MODEL,MODEL_ASSUMPTION_RESOLVES_S5_GAPS,YES,YES,NO,STRATEGY_AGGREGATE_MULTIPLIER,v1.4_FINAL_MODEL_BASED,ALLdis_CEA_v3.0,D9_MAIN_CARRY_FORWARD_2034_STEADY_STATE,完整建模的增量部署成本；支付方成本含可识别转移支付,STANDARD_LABEL,D9_MAIN_FULL_MAINTENANCE,1.0,1.0,INTERIM_NOT_FINAL_2035_2050,INTERIM_SOFTWARE_HARDWARE_RENEWAL_UNCALIBRATED,0.0
S6,STRUCTURAL_ANCHOR,2036,societal,4014949020.624,modelled,NOT_APPLICABLE,NOT_APPLICABLE,S6_COMPOSITE_INCLUDES_S5_MODEL_UNSPECIFIED,conditional_metadata_gap,,conditional_embedded_composite_not_separately_estimable,,,,conditional_not_standardized_across_all_modules,,conditional_not_standardized_across_all_modules,SHARED_POOL_LEVEL,2025,CNY,DEDUPLICATED_COMPOSITE,S6_DEDUP_CORE_PLUS_MODULE_DELTAS_AND_MICROCOST_COORDINATION,MODEL_ASSUMPTION_RESOLVES_COORDINATION_AND_SHARED_POOL_GAPS,YES,YES,NO,STRATEGY_AGGREGATE_MULTIPLIER,v1.4_FINAL_MODEL_BASED,ALLdis_CEA_v3.0,D9_MAIN_CARRY_FORWARD_2034_STEADY_STATE,跨模块去重后的综合政策包成本,STANDARD_LABEL,D9_MAIN_FULL_MAINTENANCE,1.0,1.0,INTERIM_NOT_FINAL_2035_2050,INTERIM_INDEPENDENT_COMPOSITE_NOT_SUM_OF_S1_S5,0.0
S7,STRUCTURAL_ANCHOR,2036,societal,,missing_intentionally_undefined,NOT_APPLICABLE,NOT_APPLICABLE,NOT_APPLICABLE,NOT_APPLICABLE,,missing_intentionally_undefined,,,,missing_intentionally_undefined,,missing_intentionally_undefined,NOT_APPLICABLE,2025,CNY,THRESHOLD_ONLY,BUDGET_THRESHOLD_STRATEGY,INTENTIONALLY_UNDEFINED,NOT_APPLICABLE,NOT_APPLICABLE,NO,STRATEGY_AGGREGATE_MULTIPLIER,v1.4_FINAL_MODEL_BASED,ALLdis_CEA_v3.0,D9_MAIN_CARRY_FORWARD_2034_STEADY_STATE,目标阈值情景，成本有意不估计,STANDARD_LABEL,D9_MAIN_FULL_MAINTENANCE,,,INTERIM_NOT_FINAL_2035_2050,INTENTIONALLY_UNDEFINED,
S0,STRUCTURAL_ANCHOR,2037,societal,0.0,modelled,NOT_APPLICABLE,NOT_APPLICABLE,NOT_APPLICABLE,NOT_APPLICABLE,,not_applicable,,,,not_applicable,,not_applicable,NOT_APPLICABLE,2025,CNY,REFERENCE,REFERENCE_NO_ADDITIONAL_POLICY,NONE_STRUCTURAL_ZERO,YES,YES,NO,STRATEGY_AGGREGATE_MULTIPLIER,v1.4_FINAL_MODEL_BASED,ALLdis_CEA_v3.0,D9_MAIN_CARRY_FORWARD_2034_STEADY_STATE,基线参照：无新增政策成本,STANDARD_LABEL,D9_MAIN_FULL_MAINTENANCE,,,INTERIM_NOT_FINAL_2035_2050,STRUCTURAL_ZERO,
S1,STRUCTURAL_ANCHOR,2037,societal,143677336.00000003,modelled_v16_temporal_alignment,NOT_APPLICABLE,NOT_APPLICABLE,NOT_APPLICABLE,NOT_APPLICABLE,,not_applicable,,,,conditional_not_standardized_across_all_modules,,conditional_not_standardized_across_all_modules,NOT_APPLICABLE,2025,CNY,FULL_MODELLED_INCREMENTAL,S1_COMPLETION_MODEL,MODEL_ASSUMPTION_RESOLVES_S1_GAPS,YES,YES,NO,STRATEGY_AGGREGATE_MULTIPLIER,v1.4_FINAL_MODEL_BASED,ALLdis_CEA_v3.0,D9_MAIN_CARRY_FORWARD_2034_STEADY_STATE,完整建模的增量政策成本；v16主分析补入持续传播维护成本,STANDARD_LABEL,D9_MAIN_FULL_MAINTENANCE,1.0,1.0,INTERIM_NOT_FINAL_2035_2050,INTERIM_STEADY_STATE_PARENT_EXTENSION,
S2,STRUCTURAL_ANCHOR,2037,societal,1658852386.614,modelled,S2_COMPONENT_METHOD,FORMAL_SELECTED; PROCUREMENT_PACKAGE_EXCLUDED,NOT_APPLICABLE,NOT_APPLICABLE,,not_applicable,,,,conditional_not_standardized_across_all_modules,,conditional_not_standardized_across_all_modules,NOT_APPLICABLE,2025,CNY,AUDITED_CORE,S2_AUDITED_CORE_WITH_S0_INCREMENTAL_FACTOR,MODEL_ASSUMPTION_RESOLVES_S0_DEDUCTION,YES,YES,NO,STRATEGY_AGGREGATE_MULTIPLIER,v1.4_FINAL_MODEL_BASED,ALLdis_CEA_v3.0,D9_MAIN_CARRY_FORWARD_2034_STEADY_STATE,可审计核心成本，不得表述为完整社区组织政策总成本,MUST_LABEL_AUDITED_CORE,D9_MAIN_FULL_MAINTENANCE,1.0,1.0,INTERIM_NOT_FINAL_2035_2050,INTERIM_STEADY_STATE_PARENT_EXTENSION,
S3,STRUCTURAL_ANCHOR,2037,societal,1125654976.11,modelled,NOT_APPLICABLE,NOT_APPLICABLE,NOT_APPLICABLE,NOT_APPLICABLE,,not_applicable,,,,conditional_not_standardized_across_all_modules,,conditional_not_standardized_across_all_modules,NOT_APPLICABLE,2025,CNY,AUDITED_CORE,S3_AUDITED_QUANTIFIED_CORE,EXPLICIT_CORE_COST_BOUNDARY,YES,YES,NO,STRATEGY_AGGREGATE_MULTIPLIER,v1.4_FINAL_MODEL_BASED,ALLdis_CEA_v3.0,D9_MAIN_CARRY_FORWARD_2034_STEADY_STATE,可审计量化核心成本，不得表述为完整设施政策总成本,MUST_LABEL_AUDITED_CORE,D9_MAIN_FULL_MAINTENANCE,1.0,1.0,INTERIM_NOT_FINAL_2035_2050,INTERIM_EXCLUDES_CAPITAL_REPLACEMENT_CASH,0.0
S4,STRUCTURAL_ANCHOR,2037,societal,1171359414.72,modelled,NOT_APPLICABLE,NOT_APPLICABLE,NOT_APPLICABLE,NOT_APPLICABLE,,not_applicable,,,,conditional_not_standardized_across_all_modules,,conditional_not_standardized_across_all_modules,NOT_APPLICABLE,2025,CNY,AUDITED_CORE,S4_AUDITED_QUANTIFIED_CORE,EXPLICIT_CORE_COST_BOUNDARY,YES,YES,NO,STRATEGY_AGGREGATE_MULTIPLIER,v1.4_FINAL_MODEL_BASED,ALLdis_CEA_v3.0,D9_MAIN_CARRY_FORWARD_2034_STEADY_STATE,可审计量化核心成本，不得表述为完整体卫融合政策总成本,MUST_LABEL_AUDITED_CORE,D9_MAIN_FULL_MAINTENANCE,1.0,1.0,INTERIM_NOT_FINAL_2035_2050,INTERIM_STEADY_STATE_PARENT_EXTENSION,
S5,STRUCTURAL_ANCHOR,2037,societal,93228646.0,modelled,NOT_APPLICABLE,NOT_APPLICABLE,MODEL_UNSPECIFIED,conditional_metadata_gap,0.0,pure_transfer_excluded_from_societal_resource_cost,,,,conditional_not_standardized_across_all_modules,,conditional_not_standardized_across_all_modules,NOT_APPLICABLE,2025,CNY,FULL_MODELLED_INCREMENTAL,S5_NATIONAL_DEPLOYMENT_COMPLETION_MODEL,MODEL_ASSUMPTION_RESOLVES_S5_GAPS,YES,YES,NO,STRATEGY_AGGREGATE_MULTIPLIER,v1.4_FINAL_MODEL_BASED,ALLdis_CEA_v3.0,D9_MAIN_CARRY_FORWARD_2034_STEADY_STATE,完整建模的增量部署成本；支付方成本含可识别转移支付,STANDARD_LABEL,D9_MAIN_FULL_MAINTENANCE,1.0,1.0,INTERIM_NOT_FINAL_2035_2050,INTERIM_SOFTWARE_HARDWARE_RENEWAL_UNCALIBRATED,0.0
S6,STRUCTURAL_ANCHOR,2037,societal,4014949020.624,modelled,NOT_APPLICABLE,NOT_APPLICABLE,S6_COMPOSITE_INCLUDES_S5_MODEL_UNSPECIFIED,conditional_metadata_gap,,conditional_embedded_composite_not_separately_estimable,,,,conditional_not_standardized_across_all_modules,,conditional_not_standardized_across_all_modules,SHARED_POOL_LEVEL,2025,CNY,DEDUPLICATED_COMPOSITE,S6_DEDUP_CORE_PLUS_MODULE_DELTAS_AND_MICROCOST_COORDINATION,MODEL_ASSUMPTION_RESOLVES_COORDINATION_AND_SHARED_POOL_GAPS,YES,YES,NO,STRATEGY_AGGREGATE_MULTIPLIER,v1.4_FINAL_MODEL_BASED,ALLdis_CEA_v3.0,D9_MAIN_CARRY_FORWARD_2034_STEADY_STATE,跨模块去重后的综合政策包成本,STANDARD_LABEL,D9_MAIN_FULL_MAINTENANCE,1.0,1.0,INTERIM_NOT_FINAL_2035_2050,INTERIM_INDEPENDENT_COMPOSITE_NOT_SUM_OF_S1_S5,0.0
S7,STRUCTURAL_ANCHOR,2037,societal,,missing_intentionally_undefined,NOT_APPLICABLE,NOT_APPLICABLE,NOT_APPLICABLE,NOT_APPLICABLE,,missing_intentionally_undefined,,,,missing_intentionally_undefined,,missing_intentionally_undefined,NOT_APPLICABLE,2025,CNY,THRESHOLD_ONLY,BUDGET_THRESHOLD_STRATEGY,INTENTIONALLY_UNDEFINED,NOT_APPLICABLE,NOT_APPLICABLE,NO,STRATEGY_AGGREGATE_MULTIPLIER,v1.4_FINAL_MODEL_BASED,ALLdis_CEA_v3.0,D9_MAIN_CARRY_FORWARD_2034_STEADY_STATE,目标阈值情景，成本有意不估计,STANDARD_LABEL,D9_MAIN_FULL_MAINTENANCE,,,INTERIM_NOT_FINAL_2035_2050,INTENTIONALLY_UNDEFINED,
S0,STRUCTURAL_ANCHOR,2038,societal,0.0,modelled,NOT_APPLICABLE,NOT_APPLICABLE,NOT_APPLICABLE,NOT_APPLICABLE,,not_applicable,,,,not_applicable,,not_applicable,NOT_APPLICABLE,2025,CNY,REFERENCE,REFERENCE_NO_ADDITIONAL_POLICY,NONE_STRUCTURAL_ZERO,YES,YES,NO,STRATEGY_AGGREGATE_MULTIPLIER,v1.4_FINAL_MODEL_BASED,ALLdis_CEA_v3.0,D9_MAIN_CARRY_FORWARD_2034_STEADY_STATE,基线参照：无新增政策成本,STANDARD_LABEL,D9_MAIN_FULL_MAINTENANCE,,,INTERIM_NOT_FINAL_2035_2050,STRUCTURAL_ZERO,
S1,STRUCTURAL_ANCHOR,2038,societal,143677336.00000003,modelled_v16_temporal_alignment,NOT_APPLICABLE,NOT_APPLICABLE,NOT_APPLICABLE,NOT_APPLICABLE,,not_applicable,,,,conditional_not_standardized_across_all_modules,,conditional_not_standardized_across_all_modules,NOT_APPLICABLE,2025,CNY,FULL_MODELLED_INCREMENTAL,S1_COMPLETION_MODEL,MODEL_ASSUMPTION_RESOLVES_S1_GAPS,YES,YES,NO,STRATEGY_AGGREGATE_MULTIPLIER,v1.4_FINAL_MODEL_BASED,ALLdis_CEA_v3.0,D9_MAIN_CARRY_FORWARD_2034_STEADY_STATE,完整建模的增量政策成本；v16主分析补入持续传播维护成本,STANDARD_LABEL,D9_MAIN_FULL_MAINTENANCE,1.0,1.0,INTERIM_NOT_FINAL_2035_2050,INTERIM_STEADY_STATE_PARENT_EXTENSION,
S2,STRUCTURAL_ANCHOR,2038,societal,1658852386.614,modelled,S2_COMPONENT_METHOD,FORMAL_SELECTED; PROCUREMENT_PACKAGE_EXCLUDED,NOT_APPLICABLE,NOT_APPLICABLE,,not_applicable,,,,conditional_not_standardized_across_all_modules,,conditional_not_standardized_across_all_modules,NOT_APPLICABLE,2025,CNY,AUDITED_CORE,S2_AUDITED_CORE_WITH_S0_INCREMENTAL_FACTOR,MODEL_ASSUMPTION_RESOLVES_S0_DEDUCTION,YES,YES,NO,STRATEGY_AGGREGATE_MULTIPLIER,v1.4_FINAL_MODEL_BASED,ALLdis_CEA_v3.0,D9_MAIN_CARRY_FORWARD_2034_STEADY_STATE,可审计核心成本，不得表述为完整社区组织政策总成本,MUST_LABEL_AUDITED_CORE,D9_MAIN_FULL_MAINTENANCE,1.0,1.0,INTERIM_NOT_FINAL_2035_2050,INTERIM_STEADY_STATE_PARENT_EXTENSION,
S3,STRUCTURAL_ANCHOR,2038,societal,1125654976.11,modelled,NOT_APPLICABLE,NOT_APPLICABLE,NOT_APPLICABLE,NOT_APPLICABLE,,not_applicable,,,,conditional_not_standardized_across_all_modules,,conditional_not_standardized_across_all_modules,NOT_APPLICABLE,2025,CNY,AUDITED_CORE,S3_AUDITED_QUANTIFIED_CORE,EXPLICIT_CORE_COST_BOUNDARY,YES,YES,NO,STRATEGY_AGGREGATE_MULTIPLIER,v1.4_FINAL_MODEL_BASED,ALLdis_CEA_v3.0,D9_MAIN_CARRY_FORWARD_2034_STEADY_STATE,可审计量化核心成本，不得表述为完整设施政策总成本,MUST_LABEL_AUDITED_CORE,D9_MAIN_FULL_MAINTENANCE,1.0,1.0,INTERIM_NOT_FINAL_2035_2050,INTERIM_EXCLUDES_CAPITAL_REPLACEMENT_CASH,0.0
S4,STRUCTURAL_ANCHOR,2038,societal,1171359414.72,modelled,NOT_APPLICABLE,NOT_APPLICABLE,NOT_APPLICABLE,NOT_APPLICABLE,,not_applicable,,,,conditional_not_standardized_across_all_modules,,conditional_not_standardized_across_all_modules,NOT_APPLICABLE,2025,CNY,AUDITED_CORE,S4_AUDITED_QUANTIFIED_CORE,EXPLICIT_CORE_COST_BOUNDARY,YES,YES,NO,STRATEGY_AGGREGATE_MULTIPLIER,v1.4_FINAL_MODEL_BASED,ALLdis_CEA_v3.0,D9_MAIN_CARRY_FORWARD_2034_STEADY_STATE,可审计量化核心成本，不得表述为完整体卫融合政策总成本,MUST_LABEL_AUDITED_CORE,D9_MAIN_FULL_MAINTENANCE,1.0,1.0,INTERIM_NOT_FINAL_2035_2050,INTERIM_STEADY_STATE_PARENT_EXTENSION,
S5,STRUCTURAL_ANCHOR,2038,societal,93228646.0,modelled,NOT_APPLICABLE,NOT_APPLICABLE,MODEL_UNSPECIFIED,conditional_metadata_gap,0.0,pure_transfer_excluded_from_societal_resource_cost,,,,conditional_not_standardized_across_all_modules,,conditional_not_standardized_across_all_modules,NOT_APPLICABLE,2025,CNY,FULL_MODELLED_INCREMENTAL,S5_NATIONAL_DEPLOYMENT_COMPLETION_MODEL,MODEL_ASSUMPTION_RESOLVES_S5_GAPS,YES,YES,NO,STRATEGY_AGGREGATE_MULTIPLIER,v1.4_FINAL_MODEL_BASED,ALLdis_CEA_v3.0,D9_MAIN_CARRY_FORWARD_2034_STEADY_STATE,完整建模的增量部署成本；支付方成本含可识别转移支付,STANDARD_LABEL,D9_MAIN_FULL_MAINTENANCE,1.0,1.0,INTERIM_NOT_FINAL_2035_2050,INTERIM_SOFTWARE_HARDWARE_RENEWAL_UNCALIBRATED,0.0
S6,STRUCTURAL_ANCHOR,2038,societal,4014949020.624,modelled,NOT_APPLICABLE,NOT_APPLICABLE,S6_COMPOSITE_INCLUDES_S5_MODEL_UNSPECIFIED,conditional_metadata_gap,,conditional_embedded_composite_not_separately_estimable,,,,conditional_not_standardized_across_all_modules,,conditional_not_standardized_across_all_modules,SHARED_POOL_LEVEL,2025,CNY,DEDUPLICATED_COMPOSITE,S6_DEDUP_CORE_PLUS_MODULE_DELTAS_AND_MICROCOST_COORDINATION,MODEL_ASSUMPTION_RESOLVES_COORDINATION_AND_SHARED_POOL_GAPS,YES,YES,NO,STRATEGY_AGGREGATE_MULTIPLIER,v1.4_FINAL_MODEL_BASED,ALLdis_CEA_v3.0,D9_MAIN_CARRY_FORWARD_2034_STEADY_STATE,跨模块去重后的综合政策包成本,STANDARD_LABEL,D9_MAIN_FULL_MAINTENANCE,1.0,1.0,INTERIM_NOT_FINAL_2035_2050,INTERIM_INDEPENDENT_COMPOSITE_NOT_SUM_OF_S1_S5,0.0
S7,STRUCTURAL_ANCHOR,2038,societal,,missing_intentionally_undefined,NOT_APPLICABLE,NOT_APPLICABLE,NOT_APPLICABLE,NOT_APPLICABLE,,missing_intentionally_undefined,,,,missing_intentionally_undefined,,missing_intentionally_undefined,NOT_APPLICABLE,2025,CNY,THRESHOLD_ONLY,BUDGET_THRESHOLD_STRATEGY,INTENTIONALLY_UNDEFINED,NOT_APPLICABLE,NOT_APPLICABLE,NO,STRATEGY_AGGREGATE_MULTIPLIER,v1.4_FINAL_MODEL_BASED,ALLdis_CEA_v3.0,D9_MAIN_CARRY_FORWARD_2034_STEADY_STATE,目标阈值情景，成本有意不估计,STANDARD_LABEL,D9_MAIN_FULL_MAINTENANCE,,,INTERIM_NOT_FINAL_2035_2050,INTENTIONALLY_UNDEFINED,
S0,STRUCTURAL_ANCHOR,2039,societal,0.0,modelled,NOT_APPLICABLE,NOT_APPLICABLE,NOT_APPLICABLE,NOT_APPLICABLE,,not_applicable,,,,not_applicable,,not_applicable,NOT_APPLICABLE,2025,CNY,REFERENCE,REFERENCE_NO_ADDITIONAL_POLICY,NONE_STRUCTURAL_ZERO,YES,YES,NO,STRATEGY_AGGREGATE_MULTIPLIER,v1.4_FINAL_MODEL_BASED,ALLdis_CEA_v3.0,D9_MAIN_CARRY_FORWARD_2034_STEADY_STATE,基线参照：无新增政策成本,STANDARD_LABEL,D9_MAIN_FULL_MAINTENANCE,,,INTERIM_NOT_FINAL_2035_2050,STRUCTURAL_ZERO,
S1,STRUCTURAL_ANCHOR,2039,societal,143677336.00000003,modelled_v16_temporal_alignment,NOT_APPLICABLE,NOT_APPLICABLE,NOT_APPLICABLE,NOT_APPLICABLE,,not_applicable,,,,conditional_not_standardized_across_all_modules,,conditional_not_standardized_across_all_modules,NOT_APPLICABLE,2025,CNY,FULL_MODELLED_INCREMENTAL,S1_COMPLETION_MODEL,MODEL_ASSUMPTION_RESOLVES_S1_GAPS,YES,YES,NO,STRATEGY_AGGREGATE_MULTIPLIER,v1.4_FINAL_MODEL_BASED,ALLdis_CEA_v3.0,D9_MAIN_CARRY_FORWARD_2034_STEADY_STATE,完整建模的增量政策成本；v16主分析补入持续传播维护成本,STANDARD_LABEL,D9_MAIN_FULL_MAINTENANCE,1.0,1.0,INTERIM_NOT_FINAL_2035_2050,INTERIM_STEADY_STATE_PARENT_EXTENSION,
S2,STRUCTURAL_ANCHOR,2039,societal,1658852386.614,modelled,S2_COMPONENT_METHOD,FORMAL_SELECTED; PROCUREMENT_PACKAGE_EXCLUDED,NOT_APPLICABLE,NOT_APPLICABLE,,not_applicable,,,,conditional_not_standardized_across_all_modules,,conditional_not_standardized_across_all_modules,NOT_APPLICABLE,2025,CNY,AUDITED_CORE,S2_AUDITED_CORE_WITH_S0_INCREMENTAL_FACTOR,MODEL_ASSUMPTION_RESOLVES_S0_DEDUCTION,YES,YES,NO,STRATEGY_AGGREGATE_MULTIPLIER,v1.4_FINAL_MODEL_BASED,ALLdis_CEA_v3.0,D9_MAIN_CARRY_FORWARD_2034_STEADY_STATE,可审计核心成本，不得表述为完整社区组织政策总成本,MUST_LABEL_AUDITED_CORE,D9_MAIN_FULL_MAINTENANCE,1.0,1.0,INTERIM_NOT_FINAL_2035_2050,INTERIM_STEADY_STATE_PARENT_EXTENSION,
S3,STRUCTURAL_ANCHOR,2039,societal,1125654976.11,modelled,NOT_APPLICABLE,NOT_APPLICABLE,NOT_APPLICABLE,NOT_APPLICABLE,,not_applicable,,,,conditional_not_standardized_across_all_modules,,conditional_not_standardized_across_all_modules,NOT_APPLICABLE,2025,CNY,AUDITED_CORE,S3_AUDITED_QUANTIFIED_CORE,EXPLICIT_CORE_COST_BOUNDARY,YES,YES,NO,STRATEGY_AGGREGATE_MULTIPLIER,v1.4_FINAL_MODEL_BASED,ALLdis_CEA_v3.0,D9_MAIN_CARRY_FORWARD_2034_STEADY_STATE,可审计量化核心成本，不得表述为完整设施政策总成本,MUST_LABEL_AUDITED_CORE,D9_MAIN_FULL_MAINTENANCE,1.0,1.0,INTERIM_NOT_FINAL_2035_2050,INTERIM_EXCLUDES_CAPITAL_REPLACEMENT_CASH,0.0
S4,STRUCTURAL_ANCHOR,2039,societal,1171359414.72,modelled,NOT_APPLICABLE,NOT_APPLICABLE,NOT_APPLICABLE,NOT_APPLICABLE,,not_applicable,,,,conditional_not_standardized_across_all_modules,,conditional_not_standardized_across_all_modules,NOT_APPLICABLE,2025,CNY,AUDITED_CORE,S4_AUDITED_QUANTIFIED_CORE,EXPLICIT_CORE_COST_BOUNDARY,YES,YES,NO,STRATEGY_AGGREGATE_MULTIPLIER,v1.4_FINAL_MODEL_BASED,ALLdis_CEA_v3.0,D9_MAIN_CARRY_FORWARD_2034_STEADY_STATE,可审计量化核心成本，不得表述为完整体卫融合政策总成本,MUST_LABEL_AUDITED_CORE,D9_MAIN_FULL_MAINTENANCE,1.0,1.0,INTERIM_NOT_FINAL_2035_2050,INTERIM_STEADY_STATE_PARENT_EXTENSION,
S5,STRUCTURAL_ANCHOR,2039,societal,93228646.0,modelled,NOT_APPLICABLE,NOT_APPLICABLE,MODEL_UNSPECIFIED,conditional_metadata_gap,0.0,pure_transfer_excluded_from_societal_resource_cost,,,,conditional_not_standardized_across_all_modules,,conditional_not_standardized_across_all_modules,NOT_APPLICABLE,2025,CNY,FULL_MODELLED_INCREMENTAL,S5_NATIONAL_DEPLOYMENT_COMPLETION_MODEL,MODEL_ASSUMPTION_RESOLVES_S5_GAPS,YES,YES,NO,STRATEGY_AGGREGATE_MULTIPLIER,v1.4_FINAL_MODEL_BASED,ALLdis_CEA_v3.0,D9_MAIN_CARRY_FORWARD_2034_STEADY_STATE,完整建模的增量部署成本；支付方成本含可识别转移支付,STANDARD_LABEL,D9_MAIN_FULL_MAINTENANCE,1.0,1.0,INTERIM_NOT_FINAL_2035_2050,INTERIM_SOFTWARE_HARDWARE_RENEWAL_UNCALIBRATED,0.0
S6,STRUCTURAL_ANCHOR,2039,societal,4014949020.624,modelled,NOT_APPLICABLE,NOT_APPLICABLE,S6_COMPOSITE_INCLUDES_S5_MODEL_UNSPECIFIED,conditional_metadata_gap,,conditional_embedded_composite_not_separately_estimable,,,,conditional_not_standardized_across_all_modules,,conditional_not_standardized_across_all_modules,SHARED_POOL_LEVEL,2025,CNY,DEDUPLICATED_COMPOSITE,S6_DEDUP_CORE_PLUS_MODULE_DELTAS_AND_MICROCOST_COORDINATION,MODEL_ASSUMPTION_RESOLVES_COORDINATION_AND_SHARED_POOL_GAPS,YES,YES,NO,STRATEGY_AGGREGATE_MULTIPLIER,v1.4_FINAL_MODEL_BASED,ALLdis_CEA_v3.0,D9_MAIN_CARRY_FORWARD_2034_STEADY_STATE,跨模块去重后的综合政策包成本,STANDARD_LABEL,D9_MAIN_FULL_MAINTENANCE,1.0,1.0,INTERIM_NOT_FINAL_2035_2050,INTERIM_INDEPENDENT_COMPOSITE_NOT_SUM_OF_S1_S5,0.0
S7,STRUCTURAL_ANCHOR,2039,societal,,missing_intentionally_undefined,NOT_APPLICABLE,NOT_APPLICABLE,NOT_APPLICABLE,NOT_APPLICABLE,,missing_intentionally_undefined,,,,missing_intentionally_undefined,,missing_intentionally_undefined,NOT_APPLICABLE,2025,CNY,THRESHOLD_ONLY,BUDGET_THRESHOLD_STRATEGY,INTENTIONALLY_UNDEFINED,NOT_APPLICABLE,NOT_APPLICABLE,NO,STRATEGY_AGGREGATE_MULTIPLIER,v1.4_FINAL_MODEL_BASED,ALLdis_CEA_v3.0,D9_MAIN_CARRY_FORWARD_2034_STEADY_STATE,目标阈值情景，成本有意不估计,STANDARD_LABEL,D9_MAIN_FULL_MAINTENANCE,,,INTERIM_NOT_FINAL_2035_2050,INTENTIONALLY_UNDEFINED,
S0,STRUCTURAL_ANCHOR,2040,societal,0.0,modelled,NOT_APPLICABLE,NOT_APPLICABLE,NOT_APPLICABLE,NOT_APPLICABLE,,not_applicable,,,,not_applicable,,not_applicable,NOT_APPLICABLE,2025,CNY,REFERENCE,REFERENCE_NO_ADDITIONAL_POLICY,NONE_STRUCTURAL_ZERO,YES,YES,NO,STRATEGY_AGGREGATE_MULTIPLIER,v1.4_FINAL_MODEL_BASED,ALLdis_CEA_v3.0,D9_MAIN_CARRY_FORWARD_2034_STEADY_STATE,基线参照：无新增政策成本,STANDARD_LABEL,D9_MAIN_FULL_MAINTENANCE,,,INTERIM_NOT_FINAL_2035_2050,STRUCTURAL_ZERO,
S1,STRUCTURAL_ANCHOR,2040,societal,143677336.00000003,modelled_v16_temporal_alignment,NOT_APPLICABLE,NOT_APPLICABLE,NOT_APPLICABLE,NOT_APPLICABLE,,not_applicable,,,,conditional_not_standardized_across_all_modules,,conditional_not_standardized_across_all_modules,NOT_APPLICABLE,2025,CNY,FULL_MODELLED_INCREMENTAL,S1_COMPLETION_MODEL,MODEL_ASSUMPTION_RESOLVES_S1_GAPS,YES,YES,NO,STRATEGY_AGGREGATE_MULTIPLIER,v1.4_FINAL_MODEL_BASED,ALLdis_CEA_v3.0,D9_MAIN_CARRY_FORWARD_2034_STEADY_STATE,完整建模的增量政策成本；v16主分析补入持续传播维护成本,STANDARD_LABEL,D9_MAIN_FULL_MAINTENANCE,1.0,1.0,INTERIM_NOT_FINAL_2035_2050,INTERIM_STEADY_STATE_PARENT_EXTENSION,
S2,STRUCTURAL_ANCHOR,2040,societal,1658852386.614,modelled,S2_COMPONENT_METHOD,FORMAL_SELECTED; PROCUREMENT_PACKAGE_EXCLUDED,NOT_APPLICABLE,NOT_APPLICABLE,,not_applicable,,,,conditional_not_standardized_across_all_modules,,conditional_not_standardized_across_all_modules,NOT_APPLICABLE,2025,CNY,AUDITED_CORE,S2_AUDITED_CORE_WITH_S0_INCREMENTAL_FACTOR,MODEL_ASSUMPTION_RESOLVES_S0_DEDUCTION,YES,YES,NO,STRATEGY_AGGREGATE_MULTIPLIER,v1.4_FINAL_MODEL_BASED,ALLdis_CEA_v3.0,D9_MAIN_CARRY_FORWARD_2034_STEADY_STATE,可审计核心成本，不得表述为完整社区组织政策总成本,MUST_LABEL_AUDITED_CORE,D9_MAIN_FULL_MAINTENANCE,1.0,1.0,INTERIM_NOT_FINAL_2035_2050,INTERIM_STEADY_STATE_PARENT_EXTENSION,
S3,STRUCTURAL_ANCHOR,2040,societal,1125654976.11,modelled,NOT_APPLICABLE,NOT_APPLICABLE,NOT_APPLICABLE,NOT_APPLICABLE,,not_applicable,,,,conditional_not_standardized_across_all_modules,,conditional_not_standardized_across_all_modules,NOT_APPLICABLE,2025,CNY,AUDITED_CORE,S3_AUDITED_QUANTIFIED_CORE,EXPLICIT_CORE_COST_BOUNDARY,YES,YES,NO,STRATEGY_AGGREGATE_MULTIPLIER,v1.4_FINAL_MODEL_BASED,ALLdis_CEA_v3.0,D9_MAIN_CARRY_FORWARD_2034_STEADY_STATE,可审计量化核心成本，不得表述为完整设施政策总成本,MUST_LABEL_AUDITED_CORE,D9_MAIN_FULL_MAINTENANCE,1.0,1.0,INTERIM_NOT_FINAL_2035_2050,INTERIM_EXCLUDES_CAPITAL_REPLACEMENT_CASH,0.0
S4,STRUCTURAL_ANCHOR,2040,societal,1171359414.72,modelled,NOT_APPLICABLE,NOT_APPLICABLE,NOT_APPLICABLE,NOT_APPLICABLE,,not_applicable,,,,conditional_not_standardized_across_all_modules,,conditional_not_standardized_across_all_modules,NOT_APPLICABLE,2025,CNY,AUDITED_CORE,S4_AUDITED_QUANTIFIED_CORE,EXPLICIT_CORE_COST_BOUNDARY,YES,YES,NO,STRATEGY_AGGREGATE_MULTIPLIER,v1.4_FINAL_MODEL_BASED,ALLdis_CEA_v3.0,D9_MAIN_CARRY_FORWARD_2034_STEADY_STATE,可审计量化核心成本，不得表述为完整体卫融合政策总成本,MUST_LABEL_AUDITED_CORE,D9_MAIN_FULL_MAINTENANCE,1.0,1.0,INTERIM_NOT_FINAL_2035_2050,INTERIM_STEADY_STATE_PARENT_EXTENSION,
S5,STRUCTURAL_ANCHOR,2040,societal,93228646.0,modelled,NOT_APPLICABLE,NOT_APPLICABLE,MODEL_UNSPECIFIED,conditional_metadata_gap,0.0,pure_transfer_excluded_from_societal_resource_cost,,,,conditional_not_standardized_across_all_modules,,conditional_not_standardized_across_all_modules,NOT_APPLICABLE,2025,CNY,FULL_MODELLED_INCREMENTAL,S5_NATIONAL_DEPLOYMENT_COMPLETION_MODEL,MODEL_ASSUMPTION_RESOLVES_S5_GAPS,YES,YES,NO,STRATEGY_AGGREGATE_MULTIPLIER,v1.4_FINAL_MODEL_BASED,ALLdis_CEA_v3.0,D9_MAIN_CARRY_FORWARD_2034_STEADY_STATE,完整建模的增量部署成本；支付方成本含可识别转移支付,STANDARD_LABEL,D9_MAIN_FULL_MAINTENANCE,1.0,1.0,INTERIM_NOT_FINAL_2035_2050,INTERIM_SOFTWARE_HARDWARE_RENEWAL_UNCALIBRATED,0.0
S6,STRUCTURAL_ANCHOR,2040,societal,4014949020.624,modelled,NOT_APPLICABLE,NOT_APPLICABLE,S6_COMPOSITE_INCLUDES_S5_MODEL_UNSPECIFIED,conditional_metadata_gap,,conditional_embedded_composite_not_separately_estimable,,,,conditional_not_standardized_across_all_modules,,conditional_not_standardized_across_all_modules,SHARED_POOL_LEVEL,2025,CNY,DEDUPLICATED_COMPOSITE,S6_DEDUP_CORE_PLUS_MODULE_DELTAS_AND_MICROCOST_COORDINATION,MODEL_ASSUMPTION_RESOLVES_COORDINATION_AND_SHARED_POOL_GAPS,YES,YES,NO,STRATEGY_AGGREGATE_MULTIPLIER,v1.4_FINAL_MODEL_BASED,ALLdis_CEA_v3.0,D9_MAIN_CARRY_FORWARD_2034_STEADY_STATE,跨模块去重后的综合政策包成本,STANDARD_LABEL,D9_MAIN_FULL_MAINTENANCE,1.0,1.0,INTERIM_NOT_FINAL_2035_2050,INTERIM_INDEPENDENT_COMPOSITE_NOT_SUM_OF_S1_S5,0.0
S7,STRUCTURAL_ANCHOR,2040,societal,,missing_intentionally_undefined,NOT_APPLICABLE,NOT_APPLICABLE,NOT_APPLICABLE,NOT_APPLICABLE,,missing_intentionally_undefined,,,,missing_intentionally_undefined,,missing_intentionally_undefined,NOT_APPLICABLE,2025,CNY,THRESHOLD_ONLY,BUDGET_THRESHOLD_STRATEGY,INTENTIONALLY_UNDEFINED,NOT_APPLICABLE,NOT_APPLICABLE,NO,STRATEGY_AGGREGATE_MULTIPLIER,v1.4_FINAL_MODEL_BASED,ALLdis_CEA_v3.0,D9_MAIN_CARRY_FORWARD_2034_STEADY_STATE,目标阈值情景，成本有意不估计,STANDARD_LABEL,D9_MAIN_FULL_MAINTENANCE,,,INTERIM_NOT_FINAL_2035_2050,INTENTIONALLY_UNDEFINED,
S0,STRUCTURAL_ANCHOR,2041,societal,0.0,modelled,NOT_APPLICABLE,NOT_APPLICABLE,NOT_APPLICABLE,NOT_APPLICABLE,,not_applicable,,,,not_applicable,,not_applicable,NOT_APPLICABLE,2025,CNY,REFERENCE,REFERENCE_NO_ADDITIONAL_POLICY,NONE_STRUCTURAL_ZERO,YES,YES,NO,STRATEGY_AGGREGATE_MULTIPLIER,v1.4_FINAL_MODEL_BASED,ALLdis_CEA_v3.0,D9_MAIN_CARRY_FORWARD_2034_STEADY_STATE,基线参照：无新增政策成本,STANDARD_LABEL,D9_MAIN_FULL_MAINTENANCE,,,INTERIM_NOT_FINAL_2035_2050,STRUCTURAL_ZERO,
S1,STRUCTURAL_ANCHOR,2041,societal,143677336.00000003,modelled_v16_temporal_alignment,NOT_APPLICABLE,NOT_APPLICABLE,NOT_APPLICABLE,NOT_APPLICABLE,,not_applicable,,,,conditional_not_standardized_across_all_modules,,conditional_not_standardized_across_all_modules,NOT_APPLICABLE,2025,CNY,FULL_MODELLED_INCREMENTAL,S1_COMPLETION_MODEL,MODEL_ASSUMPTION_RESOLVES_S1_GAPS,YES,YES,NO,STRATEGY_AGGREGATE_MULTIPLIER,v1.4_FINAL_MODEL_BASED,ALLdis_CEA_v3.0,D9_MAIN_CARRY_FORWARD_2034_STEADY_STATE,完整建模的增量政策成本；v16主分析补入持续传播维护成本,STANDARD_LABEL,D9_MAIN_FULL_MAINTENANCE,1.0,1.0,INTERIM_NOT_FINAL_2035_2050,INTERIM_STEADY_STATE_PARENT_EXTENSION,
S2,STRUCTURAL_ANCHOR,2041,societal,1658852386.614,modelled,S2_COMPONENT_METHOD,FORMAL_SELECTED; PROCUREMENT_PACKAGE_EXCLUDED,NOT_APPLICABLE,NOT_APPLICABLE,,not_applicable,,,,conditional_not_standardized_across_all_modules,,conditional_not_standardized_across_all_modules,NOT_APPLICABLE,2025,CNY,AUDITED_CORE,S2_AUDITED_CORE_WITH_S0_INCREMENTAL_FACTOR,MODEL_ASSUMPTION_RESOLVES_S0_DEDUCTION,YES,YES,NO,STRATEGY_AGGREGATE_MULTIPLIER,v1.4_FINAL_MODEL_BASED,ALLdis_CEA_v3.0,D9_MAIN_CARRY_FORWARD_2034_STEADY_STATE,可审计核心成本，不得表述为完整社区组织政策总成本,MUST_LABEL_AUDITED_CORE,D9_MAIN_FULL_MAINTENANCE,1.0,1.0,INTERIM_NOT_FINAL_2035_2050,INTERIM_STEADY_STATE_PARENT_EXTENSION,
S3,STRUCTURAL_ANCHOR,2041,societal,1125654976.11,modelled,NOT_APPLICABLE,NOT_APPLICABLE,NOT_APPLICABLE,NOT_APPLICABLE,,not_applicable,,,,conditional_not_standardized_across_all_modules,,conditional_not_standardized_across_all_modules,NOT_APPLICABLE,2025,CNY,AUDITED_CORE,S3_AUDITED_QUANTIFIED_CORE,EXPLICIT_CORE_COST_BOUNDARY,YES,YES,NO,STRATEGY_AGGREGATE_MULTIPLIER,v1.4_FINAL_MODEL_BASED,ALLdis_CEA_v3.0,D9_MAIN_CARRY_FORWARD_2034_STEADY_STATE,可审计量化核心成本，不得表述为完整设施政策总成本,MUST_LABEL_AUDITED_CORE,D9_MAIN_FULL_MAINTENANCE,1.0,1.0,INTERIM_NOT_FINAL_2035_2050,INTERIM_EXCLUDES_CAPITAL_REPLACEMENT_CASH,0.0
S4,STRUCTURAL_ANCHOR,2041,societal,1171359414.72,modelled,NOT_APPLICABLE,NOT_APPLICABLE,NOT_APPLICABLE,NOT_APPLICABLE,,not_applicable,,,,conditional_not_standardized_across_all_modules,,conditional_not_standardized_across_all_modules,NOT_APPLICABLE,2025,CNY,AUDITED_CORE,S4_AUDITED_QUANTIFIED_CORE,EXPLICIT_CORE_COST_BOUNDARY,YES,YES,NO,STRATEGY_AGGREGATE_MULTIPLIER,v1.4_FINAL_MODEL_BASED,ALLdis_CEA_v3.0,D9_MAIN_CARRY_FORWARD_2034_STEADY_STATE,可审计量化核心成本，不得表述为完整体卫融合政策总成本,MUST_LABEL_AUDITED_CORE,D9_MAIN_FULL_MAINTENANCE,1.0,1.0,INTERIM_NOT_FINAL_2035_2050,INTERIM_STEADY_STATE_PARENT_EXTENSION,
S5,STRUCTURAL_ANCHOR,2041,societal,93228646.0,modelled,NOT_APPLICABLE,NOT_APPLICABLE,MODEL_UNSPECIFIED,conditional_metadata_gap,0.0,pure_transfer_excluded_from_societal_resource_cost,,,,conditional_not_standardized_across_all_modules,,conditional_not_standardized_across_all_modules,NOT_APPLICABLE,2025,CNY,FULL_MODELLED_INCREMENTAL,S5_NATIONAL_DEPLOYMENT_COMPLETION_MODEL,MODEL_ASSUMPTION_RESOLVES_S5_GAPS,YES,YES,NO,STRATEGY_AGGREGATE_MULTIPLIER,v1.4_FINAL_MODEL_BASED,ALLdis_CEA_v3.0,D9_MAIN_CARRY_FORWARD_2034_STEADY_STATE,完整建模的增量部署成本；支付方成本含可识别转移支付,STANDARD_LABEL,D9_MAIN_FULL_MAINTENANCE,1.0,1.0,INTERIM_NOT_FINAL_2035_2050,INTERIM_SOFTWARE_HARDWARE_RENEWAL_UNCALIBRATED,0.0
S6,STRUCTURAL_ANCHOR,2041,societal,4014949020.624,modelled,NOT_APPLICABLE,NOT_APPLICABLE,S6_COMPOSITE_INCLUDES_S5_MODEL_UNSPECIFIED,conditional_metadata_gap,,conditional_embedded_composite_not_separately_estimable,,,,conditional_not_standardized_across_all_modules,,conditional_not_standardized_across_all_modules,SHARED_POOL_LEVEL,2025,CNY,DEDUPLICATED_COMPOSITE,S6_DEDUP_CORE_PLUS_MODULE_DELTAS_AND_MICROCOST_COORDINATION,MODEL_ASSUMPTION_RESOLVES_COORDINATION_AND_SHARED_POOL_GAPS,YES,YES,NO,STRATEGY_AGGREGATE_MULTIPLIER,v1.4_FINAL_MODEL_BASED,ALLdis_CEA_v3.0,D9_MAIN_CARRY_FORWARD_2034_STEADY_STATE,跨模块去重后的综合政策包成本,STANDARD_LABEL,D9_MAIN_FULL_MAINTENANCE,1.0,1.0,INTERIM_NOT_FINAL_2035_2050,INTERIM_INDEPENDENT_COMPOSITE_NOT_SUM_OF_S1_S5,0.0
S7,STRUCTURAL_ANCHOR,2041,societal,,missing_intentionally_undefined,NOT_APPLICABLE,NOT_APPLICABLE,NOT_APPLICABLE,NOT_APPLICABLE,,missing_intentionally_undefined,,,,missing_intentionally_undefined,,missing_intentionally_undefined,NOT_APPLICABLE,2025,CNY,THRESHOLD_ONLY,BUDGET_THRESHOLD_STRATEGY,INTENTIONALLY_UNDEFINED,NOT_APPLICABLE,NOT_APPLICABLE,NO,STRATEGY_AGGREGATE_MULTIPLIER,v1.4_FINAL_MODEL_BASED,ALLdis_CEA_v3.0,D9_MAIN_CARRY_FORWARD_2034_STEADY_STATE,目标阈值情景，成本有意不估计,STANDARD_LABEL,D9_MAIN_FULL_MAINTENANCE,,,INTERIM_NOT_FINAL_2035_2050,INTENTIONALLY_UNDEFINED,
S0,STRUCTURAL_ANCHOR,2042,societal,0.0,modelled,NOT_APPLICABLE,NOT_APPLICABLE,NOT_APPLICABLE,NOT_APPLICABLE,,not_applicable,,,,not_applicable,,not_applicable,NOT_APPLICABLE,2025,CNY,REFERENCE,REFERENCE_NO_ADDITIONAL_POLICY,NONE_STRUCTURAL_ZERO,YES,YES,NO,STRATEGY_AGGREGATE_MULTIPLIER,v1.4_FINAL_MODEL_BASED,ALLdis_CEA_v3.0,D9_MAIN_CARRY_FORWARD_2034_STEADY_STATE,基线参照：无新增政策成本,STANDARD_LABEL,D9_MAIN_FULL_MAINTENANCE,,,INTERIM_NOT_FINAL_2035_2050,STRUCTURAL_ZERO,
S1,STRUCTURAL_ANCHOR,2042,societal,143677336.00000003,modelled_v16_temporal_alignment,NOT_APPLICABLE,NOT_APPLICABLE,NOT_APPLICABLE,NOT_APPLICABLE,,not_applicable,,,,conditional_not_standardized_across_all_modules,,conditional_not_standardized_across_all_modules,NOT_APPLICABLE,2025,CNY,FULL_MODELLED_INCREMENTAL,S1_COMPLETION_MODEL,MODEL_ASSUMPTION_RESOLVES_S1_GAPS,YES,YES,NO,STRATEGY_AGGREGATE_MULTIPLIER,v1.4_FINAL_MODEL_BASED,ALLdis_CEA_v3.0,D9_MAIN_CARRY_FORWARD_2034_STEADY_STATE,完整建模的增量政策成本；v16主分析补入持续传播维护成本,STANDARD_LABEL,D9_MAIN_FULL_MAINTENANCE,1.0,1.0,INTERIM_NOT_FINAL_2035_2050,INTERIM_STEADY_STATE_PARENT_EXTENSION,
S2,STRUCTURAL_ANCHOR,2042,societal,1658852386.614,modelled,S2_COMPONENT_METHOD,FORMAL_SELECTED; PROCUREMENT_PACKAGE_EXCLUDED,NOT_APPLICABLE,NOT_APPLICABLE,,not_applicable,,,,conditional_not_standardized_across_all_modules,,conditional_not_standardized_across_all_modules,NOT_APPLICABLE,2025,CNY,AUDITED_CORE,S2_AUDITED_CORE_WITH_S0_INCREMENTAL_FACTOR,MODEL_ASSUMPTION_RESOLVES_S0_DEDUCTION,YES,YES,NO,STRATEGY_AGGREGATE_MULTIPLIER,v1.4_FINAL_MODEL_BASED,ALLdis_CEA_v3.0,D9_MAIN_CARRY_FORWARD_2034_STEADY_STATE,可审计核心成本，不得表述为完整社区组织政策总成本,MUST_LABEL_AUDITED_CORE,D9_MAIN_FULL_MAINTENANCE,1.0,1.0,INTERIM_NOT_FINAL_2035_2050,INTERIM_STEADY_STATE_PARENT_EXTENSION,
S3,STRUCTURAL_ANCHOR,2042,societal,1125654976.11,modelled,NOT_APPLICABLE,NOT_APPLICABLE,NOT_APPLICABLE,NOT_APPLICABLE,,not_applicable,,,,conditional_not_standardized_across_all_modules,,conditional_not_standardized_across_all_modules,NOT_APPLICABLE,2025,CNY,AUDITED_CORE,S3_AUDITED_QUANTIFIED_CORE,EXPLICIT_CORE_COST_BOUNDARY,YES,YES,NO,STRATEGY_AGGREGATE_MULTIPLIER,v1.4_FINAL_MODEL_BASED,ALLdis_CEA_v3.0,D9_MAIN_CARRY_FORWARD_2034_STEADY_STATE,可审计量化核心成本，不得表述为完整设施政策总成本,MUST_LABEL_AUDITED_CORE,D9_MAIN_FULL_MAINTENANCE,1.0,1.0,INTERIM_NOT_FINAL_2035_2050,INTERIM_EXCLUDES_CAPITAL_REPLACEMENT_CASH,0.0
S4,STRUCTURAL_ANCHOR,2042,societal,1171359414.72,modelled,NOT_APPLICABLE,NOT_APPLICABLE,NOT_APPLICABLE,NOT_APPLICABLE,,not_applicable,,,,conditional_not_standardized_across_all_modules,,conditional_not_standardized_across_all_modules,NOT_APPLICABLE,2025,CNY,AUDITED_CORE,S4_AUDITED_QUANTIFIED_CORE,EXPLICIT_CORE_COST_BOUNDARY,YES,YES,NO,STRATEGY_AGGREGATE_MULTIPLIER,v1.4_FINAL_MODEL_BASED,ALLdis_CEA_v3.0,D9_MAIN_CARRY_FORWARD_2034_STEADY_STATE,可审计量化核心成本，不得表述为完整体卫融合政策总成本,MUST_LABEL_AUDITED_CORE,D9_MAIN_FULL_MAINTENANCE,1.0,1.0,INTERIM_NOT_FINAL_2035_2050,INTERIM_STEADY_STATE_PARENT_EXTENSION,
S5,STRUCTURAL_ANCHOR,2042,societal,93228646.0,modelled,NOT_APPLICABLE,NOT_APPLICABLE,MODEL_UNSPECIFIED,conditional_metadata_gap,0.0,pure_transfer_excluded_from_societal_resource_cost,,,,conditional_not_standardized_across_all_modules,,conditional_not_standardized_across_all_modules,NOT_APPLICABLE,2025,CNY,FULL_MODELLED_INCREMENTAL,S5_NATIONAL_DEPLOYMENT_COMPLETION_MODEL,MODEL_ASSUMPTION_RESOLVES_S5_GAPS,YES,YES,NO,STRATEGY_AGGREGATE_MULTIPLIER,v1.4_FINAL_MODEL_BASED,ALLdis_CEA_v3.0,D9_MAIN_CARRY_FORWARD_2034_STEADY_STATE,完整建模的增量部署成本；支付方成本含可识别转移支付,STANDARD_LABEL,D9_MAIN_FULL_MAINTENANCE,1.0,1.0,INTERIM_NOT_FINAL_2035_2050,INTERIM_SOFTWARE_HARDWARE_RENEWAL_UNCALIBRATED,0.0
S6,STRUCTURAL_ANCHOR,2042,societal,4014949020.624,modelled,NOT_APPLICABLE,NOT_APPLICABLE,S6_COMPOSITE_INCLUDES_S5_MODEL_UNSPECIFIED,conditional_metadata_gap,,conditional_embedded_composite_not_separately_estimable,,,,conditional_not_standardized_across_all_modules,,conditional_not_standardized_across_all_modules,SHARED_POOL_LEVEL,2025,CNY,DEDUPLICATED_COMPOSITE,S6_DEDUP_CORE_PLUS_MODULE_DELTAS_AND_MICROCOST_COORDINATION,MODEL_ASSUMPTION_RESOLVES_COORDINATION_AND_SHARED_POOL_GAPS,YES,YES,NO,STRATEGY_AGGREGATE_MULTIPLIER,v1.4_FINAL_MODEL_BASED,ALLdis_CEA_v3.0,D9_MAIN_CARRY_FORWARD_2034_STEADY_STATE,跨模块去重后的综合政策包成本,STANDARD_LABEL,D9_MAIN_FULL_MAINTENANCE,1.0,1.0,INTERIM_NOT_FINAL_2035_2050,INTERIM_INDEPENDENT_COMPOSITE_NOT_SUM_OF_S1_S5,0.0
S7,STRUCTURAL_ANCHOR,2042,societal,,missing_intentionally_undefined,NOT_APPLICABLE,NOT_APPLICABLE,NOT_APPLICABLE,NOT_APPLICABLE,,missing_intentionally_undefined,,,,missing_intentionally_undefined,,missing_intentionally_undefined,NOT_APPLICABLE,2025,CNY,THRESHOLD_ONLY,BUDGET_THRESHOLD_STRATEGY,INTENTIONALLY_UNDEFINED,NOT_APPLICABLE,NOT_APPLICABLE,NO,STRATEGY_AGGREGATE_MULTIPLIER,v1.4_FINAL_MODEL_BASED,ALLdis_CEA_v3.0,D9_MAIN_CARRY_FORWARD_2034_STEADY_STATE,目标阈值情景，成本有意不估计,STANDARD_LABEL,D9_MAIN_FULL_MAINTENANCE,,,INTERIM_NOT_FINAL_2035_2050,INTENTIONALLY_UNDEFINED,
S0,STRUCTURAL_ANCHOR,2043,societal,0.0,modelled,NOT_APPLICABLE,NOT_APPLICABLE,NOT_APPLICABLE,NOT_APPLICABLE,,not_applicable,,,,not_applicable,,not_applicable,NOT_APPLICABLE,2025,CNY,REFERENCE,REFERENCE_NO_ADDITIONAL_POLICY,NONE_STRUCTURAL_ZERO,YES,YES,NO,STRATEGY_AGGREGATE_MULTIPLIER,v1.4_FINAL_MODEL_BASED,ALLdis_CEA_v3.0,D9_MAIN_CARRY_FORWARD_2034_STEADY_STATE,基线参照：无新增政策成本,STANDARD_LABEL,D9_MAIN_FULL_MAINTENANCE,,,INTERIM_NOT_FINAL_2035_2050,STRUCTURAL_ZERO,
S1,STRUCTURAL_ANCHOR,2043,societal,143677336.00000003,modelled_v16_temporal_alignment,NOT_APPLICABLE,NOT_APPLICABLE,NOT_APPLICABLE,NOT_APPLICABLE,,not_applicable,,,,conditional_not_standardized_across_all_modules,,conditional_not_standardized_across_all_modules,NOT_APPLICABLE,2025,CNY,FULL_MODELLED_INCREMENTAL,S1_COMPLETION_MODEL,MODEL_ASSUMPTION_RESOLVES_S1_GAPS,YES,YES,NO,STRATEGY_AGGREGATE_MULTIPLIER,v1.4_FINAL_MODEL_BASED,ALLdis_CEA_v3.0,D9_MAIN_CARRY_FORWARD_2034_STEADY_STATE,完整建模的增量政策成本；v16主分析补入持续传播维护成本,STANDARD_LABEL,D9_MAIN_FULL_MAINTENANCE,1.0,1.0,INTERIM_NOT_FINAL_2035_2050,INTERIM_STEADY_STATE_PARENT_EXTENSION,
S2,STRUCTURAL_ANCHOR,2043,societal,1658852386.614,modelled,S2_COMPONENT_METHOD,FORMAL_SELECTED; PROCUREMENT_PACKAGE_EXCLUDED,NOT_APPLICABLE,NOT_APPLICABLE,,not_applicable,,,,conditional_not_standardized_across_all_modules,,conditional_not_standardized_across_all_modules,NOT_APPLICABLE,2025,CNY,AUDITED_CORE,S2_AUDITED_CORE_WITH_S0_INCREMENTAL_FACTOR,MODEL_ASSUMPTION_RESOLVES_S0_DEDUCTION,YES,YES,NO,STRATEGY_AGGREGATE_MULTIPLIER,v1.4_FINAL_MODEL_BASED,ALLdis_CEA_v3.0,D9_MAIN_CARRY_FORWARD_2034_STEADY_STATE,可审计核心成本，不得表述为完整社区组织政策总成本,MUST_LABEL_AUDITED_CORE,D9_MAIN_FULL_MAINTENANCE,1.0,1.0,INTERIM_NOT_FINAL_2035_2050,INTERIM_STEADY_STATE_PARENT_EXTENSION,
S3,STRUCTURAL_ANCHOR,2043,societal,1125654976.11,modelled,NOT_APPLICABLE,NOT_APPLICABLE,NOT_APPLICABLE,NOT_APPLICABLE,,not_applicable,,,,conditional_not_standardized_across_all_modules,,conditional_not_standardized_across_all_modules,NOT_APPLICABLE,2025,CNY,AUDITED_CORE,S3_AUDITED_QUANTIFIED_CORE,EXPLICIT_CORE_COST_BOUNDARY,YES,YES,NO,STRATEGY_AGGREGATE_MULTIPLIER,v1.4_FINAL_MODEL_BASED,ALLdis_CEA_v3.0,D9_MAIN_CARRY_FORWARD_2034_STEADY_STATE,可审计量化核心成本，不得表述为完整设施政策总成本,MUST_LABEL_AUDITED_CORE,D9_MAIN_FULL_MAINTENANCE,1.0,1.0,INTERIM_NOT_FINAL_2035_2050,INTERIM_EXCLUDES_CAPITAL_REPLACEMENT_CASH,0.0
S4,STRUCTURAL_ANCHOR,2043,societal,1171359414.72,modelled,NOT_APPLICABLE,NOT_APPLICABLE,NOT_APPLICABLE,NOT_APPLICABLE,,not_applicable,,,,conditional_not_standardized_across_all_modules,,conditional_not_standardized_across_all_modules,NOT_APPLICABLE,2025,CNY,AUDITED_CORE,S4_AUDITED_QUANTIFIED_CORE,EXPLICIT_CORE_COST_BOUNDARY,YES,YES,NO,STRATEGY_AGGREGATE_MULTIPLIER,v1.4_FINAL_MODEL_BASED,ALLdis_CEA_v3.0,D9_MAIN_CARRY_FORWARD_2034_STEADY_STATE,可审计量化核心成本，不得表述为完整体卫融合政策总成本,MUST_LABEL_AUDITED_CORE,D9_MAIN_FULL_MAINTENANCE,1.0,1.0,INTERIM_NOT_FINAL_2035_2050,INTERIM_STEADY_STATE_PARENT_EXTENSION,
S5,STRUCTURAL_ANCHOR,2043,societal,93228646.0,modelled,NOT_APPLICABLE,NOT_APPLICABLE,MODEL_UNSPECIFIED,conditional_metadata_gap,0.0,pure_transfer_excluded_from_societal_resource_cost,,,,conditional_not_standardized_across_all_modules,,conditional_not_standardized_across_all_modules,NOT_APPLICABLE,2025,CNY,FULL_MODELLED_INCREMENTAL,S5_NATIONAL_DEPLOYMENT_COMPLETION_MODEL,MODEL_ASSUMPTION_RESOLVES_S5_GAPS,YES,YES,NO,STRATEGY_AGGREGATE_MULTIPLIER,v1.4_FINAL_MODEL_BASED,ALLdis_CEA_v3.0,D9_MAIN_CARRY_FORWARD_2034_STEADY_STATE,完整建模的增量部署成本；支付方成本含可识别转移支付,STANDARD_LABEL,D9_MAIN_FULL_MAINTENANCE,1.0,1.0,INTERIM_NOT_FINAL_2035_2050,INTERIM_SOFTWARE_HARDWARE_RENEWAL_UNCALIBRATED,0.0
S6,STRUCTURAL_ANCHOR,2043,societal,4014949020.624,modelled,NOT_APPLICABLE,NOT_APPLICABLE,S6_COMPOSITE_INCLUDES_S5_MODEL_UNSPECIFIED,conditional_metadata_gap,,conditional_embedded_composite_not_separately_estimable,,,,conditional_not_standardized_across_all_modules,,conditional_not_standardized_across_all_modules,SHARED_POOL_LEVEL,2025,CNY,DEDUPLICATED_COMPOSITE,S6_DEDUP_CORE_PLUS_MODULE_DELTAS_AND_MICROCOST_COORDINATION,MODEL_ASSUMPTION_RESOLVES_COORDINATION_AND_SHARED_POOL_GAPS,YES,YES,NO,STRATEGY_AGGREGATE_MULTIPLIER,v1.4_FINAL_MODEL_BASED,ALLdis_CEA_v3.0,D9_MAIN_CARRY_FORWARD_2034_STEADY_STATE,跨模块去重后的综合政策包成本,STANDARD_LABEL,D9_MAIN_FULL_MAINTENANCE,1.0,1.0,INTERIM_NOT_FINAL_2035_2050,INTERIM_INDEPENDENT_COMPOSITE_NOT_SUM_OF_S1_S5,0.0
S7,STRUCTURAL_ANCHOR,2043,societal,,missing_intentionally_undefined,NOT_APPLICABLE,NOT_APPLICABLE,NOT_APPLICABLE,NOT_APPLICABLE,,missing_intentionally_undefined,,,,missing_intentionally_undefined,,missing_intentionally_undefined,NOT_APPLICABLE,2025,CNY,THRESHOLD_ONLY,BUDGET_THRESHOLD_STRATEGY,INTENTIONALLY_UNDEFINED,NOT_APPLICABLE,NOT_APPLICABLE,NO,STRATEGY_AGGREGATE_MULTIPLIER,v1.4_FINAL_MODEL_BASED,ALLdis_CEA_v3.0,D9_MAIN_CARRY_FORWARD_2034_STEADY_STATE,目标阈值情景，成本有意不估计,STANDARD_LABEL,D9_MAIN_FULL_MAINTENANCE,,,INTERIM_NOT_FINAL_2035_2050,INTENTIONALLY_UNDEFINED,
S0,STRUCTURAL_ANCHOR,2044,societal,0.0,modelled,NOT_APPLICABLE,NOT_APPLICABLE,NOT_APPLICABLE,NOT_APPLICABLE,,not_applicable,,,,not_applicable,,not_applicable,NOT_APPLICABLE,2025,CNY,REFERENCE,REFERENCE_NO_ADDITIONAL_POLICY,NONE_STRUCTURAL_ZERO,YES,YES,NO,STRATEGY_AGGREGATE_MULTIPLIER,v1.4_FINAL_MODEL_BASED,ALLdis_CEA_v3.0,D9_MAIN_CARRY_FORWARD_2034_STEADY_STATE,基线参照：无新增政策成本,STANDARD_LABEL,D9_MAIN_FULL_MAINTENANCE,,,INTERIM_NOT_FINAL_2035_2050,STRUCTURAL_ZERO,
S1,STRUCTURAL_ANCHOR,2044,societal,143677336.00000003,modelled_v16_temporal_alignment,NOT_APPLICABLE,NOT_APPLICABLE,NOT_APPLICABLE,NOT_APPLICABLE,,not_applicable,,,,conditional_not_standardized_across_all_modules,,conditional_not_standardized_across_all_modules,NOT_APPLICABLE,2025,CNY,FULL_MODELLED_INCREMENTAL,S1_COMPLETION_MODEL,MODEL_ASSUMPTION_RESOLVES_S1_GAPS,YES,YES,NO,STRATEGY_AGGREGATE_MULTIPLIER,v1.4_FINAL_MODEL_BASED,ALLdis_CEA_v3.0,D9_MAIN_CARRY_FORWARD_2034_STEADY_STATE,完整建模的增量政策成本；v16主分析补入持续传播维护成本,STANDARD_LABEL,D9_MAIN_FULL_MAINTENANCE,1.0,1.0,INTERIM_NOT_FINAL_2035_2050,INTERIM_STEADY_STATE_PARENT_EXTENSION,
S2,STRUCTURAL_ANCHOR,2044,societal,1658852386.614,modelled,S2_COMPONENT_METHOD,FORMAL_SELECTED; PROCUREMENT_PACKAGE_EXCLUDED,NOT_APPLICABLE,NOT_APPLICABLE,,not_applicable,,,,conditional_not_standardized_across_all_modules,,conditional_not_standardized_across_all_modules,NOT_APPLICABLE,2025,CNY,AUDITED_CORE,S2_AUDITED_CORE_WITH_S0_INCREMENTAL_FACTOR,MODEL_ASSUMPTION_RESOLVES_S0_DEDUCTION,YES,YES,NO,STRATEGY_AGGREGATE_MULTIPLIER,v1.4_FINAL_MODEL_BASED,ALLdis_CEA_v3.0,D9_MAIN_CARRY_FORWARD_2034_STEADY_STATE,可审计核心成本，不得表述为完整社区组织政策总成本,MUST_LABEL_AUDITED_CORE,D9_MAIN_FULL_MAINTENANCE,1.0,1.0,INTERIM_NOT_FINAL_2035_2050,INTERIM_STEADY_STATE_PARENT_EXTENSION,
S3,STRUCTURAL_ANCHOR,2044,societal,1125654976.11,modelled,NOT_APPLICABLE,NOT_APPLICABLE,NOT_APPLICABLE,NOT_APPLICABLE,,not_applicable,,,,conditional_not_standardized_across_all_modules,,conditional_not_standardized_across_all_modules,NOT_APPLICABLE,2025,CNY,AUDITED_CORE,S3_AUDITED_QUANTIFIED_CORE,EXPLICIT_CORE_COST_BOUNDARY,YES,YES,NO,STRATEGY_AGGREGATE_MULTIPLIER,v1.4_FINAL_MODEL_BASED,ALLdis_CEA_v3.0,D9_MAIN_CARRY_FORWARD_2034_STEADY_STATE,可审计量化核心成本，不得表述为完整设施政策总成本,MUST_LABEL_AUDITED_CORE,D9_MAIN_FULL_MAINTENANCE,1.0,1.0,INTERIM_NOT_FINAL_2035_2050,INTERIM_EXCLUDES_CAPITAL_REPLACEMENT_CASH,0.0
S4,STRUCTURAL_ANCHOR,2044,societal,1171359414.72,modelled,NOT_APPLICABLE,NOT_APPLICABLE,NOT_APPLICABLE,NOT_APPLICABLE,,not_applicable,,,,conditional_not_standardized_across_all_modules,,conditional_not_standardized_across_all_modules,NOT_APPLICABLE,2025,CNY,AUDITED_CORE,S4_AUDITED_QUANTIFIED_CORE,EXPLICIT_CORE_COST_BOUNDARY,YES,YES,NO,STRATEGY_AGGREGATE_MULTIPLIER,v1.4_FINAL_MODEL_BASED,ALLdis_CEA_v3.0,D9_MAIN_CARRY_FORWARD_2034_STEADY_STATE,可审计量化核心成本，不得表述为完整体卫融合政策总成本,MUST_LABEL_AUDITED_CORE,D9_MAIN_FULL_MAINTENANCE,1.0,1.0,INTERIM_NOT_FINAL_2035_2050,INTERIM_STEADY_STATE_PARENT_EXTENSION,
S5,STRUCTURAL_ANCHOR,2044,societal,93228646.0,modelled,NOT_APPLICABLE,NOT_APPLICABLE,MODEL_UNSPECIFIED,conditional_metadata_gap,0.0,pure_transfer_excluded_from_societal_resource_cost,,,,conditional_not_standardized_across_all_modules,,conditional_not_standardized_across_all_modules,NOT_APPLICABLE,2025,CNY,FULL_MODELLED_INCREMENTAL,S5_NATIONAL_DEPLOYMENT_COMPLETION_MODEL,MODEL_ASSUMPTION_RESOLVES_S5_GAPS,YES,YES,NO,STRATEGY_AGGREGATE_MULTIPLIER,v1.4_FINAL_MODEL_BASED,ALLdis_CEA_v3.0,D9_MAIN_CARRY_FORWARD_2034_STEADY_STATE,完整建模的增量部署成本；支付方成本含可识别转移支付,STANDARD_LABEL,D9_MAIN_FULL_MAINTENANCE,1.0,1.0,INTERIM_NOT_FINAL_2035_2050,INTERIM_SOFTWARE_HARDWARE_RENEWAL_UNCALIBRATED,0.0
S6,STRUCTURAL_ANCHOR,2044,societal,4014949020.624,modelled,NOT_APPLICABLE,NOT_APPLICABLE,S6_COMPOSITE_INCLUDES_S5_MODEL_UNSPECIFIED,conditional_metadata_gap,,conditional_embedded_composite_not_separately_estimable,,,,conditional_not_standardized_across_all_modules,,conditional_not_standardized_across_all_modules,SHARED_POOL_LEVEL,2025,CNY,DEDUPLICATED_COMPOSITE,S6_DEDUP_CORE_PLUS_MODULE_DELTAS_AND_MICROCOST_COORDINATION,MODEL_ASSUMPTION_RESOLVES_COORDINATION_AND_SHARED_POOL_GAPS,YES,YES,NO,STRATEGY_AGGREGATE_MULTIPLIER,v1.4_FINAL_MODEL_BASED,ALLdis_CEA_v3.0,D9_MAIN_CARRY_FORWARD_2034_STEADY_STATE,跨模块去重后的综合政策包成本,STANDARD_LABEL,D9_MAIN_FULL_MAINTENANCE,1.0,1.0,INTERIM_NOT_FINAL_2035_2050,INTERIM_INDEPENDENT_COMPOSITE_NOT_SUM_OF_S1_S5,0.0
S7,STRUCTURAL_ANCHOR,2044,societal,,missing_intentionally_undefined,NOT_APPLICABLE,NOT_APPLICABLE,NOT_APPLICABLE,NOT_APPLICABLE,,missing_intentionally_undefined,,,,missing_intentionally_undefined,,missing_intentionally_undefined,NOT_APPLICABLE,2025,CNY,THRESHOLD_ONLY,BUDGET_THRESHOLD_STRATEGY,INTENTIONALLY_UNDEFINED,NOT_APPLICABLE,NOT_APPLICABLE,NO,STRATEGY_AGGREGATE_MULTIPLIER,v1.4_FINAL_MODEL_BASED,ALLdis_CEA_v3.0,D9_MAIN_CARRY_FORWARD_2034_STEADY_STATE,目标阈值情景，成本有意不估计,STANDARD_LABEL,D9_MAIN_FULL_MAINTENANCE,,,INTERIM_NOT_FINAL_2035_2050,INTENTIONALLY_UNDEFINED,
S0,STRUCTURAL_ANCHOR,2045,societal,0.0,modelled,NOT_APPLICABLE,NOT_APPLICABLE,NOT_APPLICABLE,NOT_APPLICABLE,,not_applicable,,,,not_applicable,,not_applicable,NOT_APPLICABLE,2025,CNY,REFERENCE,REFERENCE_NO_ADDITIONAL_POLICY,NONE_STRUCTURAL_ZERO,YES,YES,NO,STRATEGY_AGGREGATE_MULTIPLIER,v1.4_FINAL_MODEL_BASED,ALLdis_CEA_v3.0,D9_MAIN_CARRY_FORWARD_2034_STEADY_STATE,基线参照：无新增政策成本,STANDARD_LABEL,D9_MAIN_FULL_MAINTENANCE,,,INTERIM_NOT_FINAL_2035_2050,STRUCTURAL_ZERO,
S1,STRUCTURAL_ANCHOR,2045,societal,143677336.00000003,modelled_v16_temporal_alignment,NOT_APPLICABLE,NOT_APPLICABLE,NOT_APPLICABLE,NOT_APPLICABLE,,not_applicable,,,,conditional_not_standardized_across_all_modules,,conditional_not_standardized_across_all_modules,NOT_APPLICABLE,2025,CNY,FULL_MODELLED_INCREMENTAL,S1_COMPLETION_MODEL,MODEL_ASSUMPTION_RESOLVES_S1_GAPS,YES,YES,NO,STRATEGY_AGGREGATE_MULTIPLIER,v1.4_FINAL_MODEL_BASED,ALLdis_CEA_v3.0,D9_MAIN_CARRY_FORWARD_2034_STEADY_STATE,完整建模的增量政策成本；v16主分析补入持续传播维护成本,STANDARD_LABEL,D9_MAIN_FULL_MAINTENANCE,1.0,1.0,INTERIM_NOT_FINAL_2035_2050,INTERIM_STEADY_STATE_PARENT_EXTENSION,
S2,STRUCTURAL_ANCHOR,2045,societal,1658852386.614,modelled,S2_COMPONENT_METHOD,FORMAL_SELECTED; PROCUREMENT_PACKAGE_EXCLUDED,NOT_APPLICABLE,NOT_APPLICABLE,,not_applicable,,,,conditional_not_standardized_across_all_modules,,conditional_not_standardized_across_all_modules,NOT_APPLICABLE,2025,CNY,AUDITED_CORE,S2_AUDITED_CORE_WITH_S0_INCREMENTAL_FACTOR,MODEL_ASSUMPTION_RESOLVES_S0_DEDUCTION,YES,YES,NO,STRATEGY_AGGREGATE_MULTIPLIER,v1.4_FINAL_MODEL_BASED,ALLdis_CEA_v3.0,D9_MAIN_CARRY_FORWARD_2034_STEADY_STATE,可审计核心成本，不得表述为完整社区组织政策总成本,MUST_LABEL_AUDITED_CORE,D9_MAIN_FULL_MAINTENANCE,1.0,1.0,INTERIM_NOT_FINAL_2035_2050,INTERIM_STEADY_STATE_PARENT_EXTENSION,
S3,STRUCTURAL_ANCHOR,2045,societal,1125654976.11,modelled,NOT_APPLICABLE,NOT_APPLICABLE,NOT_APPLICABLE,NOT_APPLICABLE,,not_applicable,,,,conditional_not_standardized_across_all_modules,,conditional_not_standardized_across_all_modules,NOT_APPLICABLE,2025,CNY,AUDITED_CORE,S3_AUDITED_QUANTIFIED_CORE,EXPLICIT_CORE_COST_BOUNDARY,YES,YES,NO,STRATEGY_AGGREGATE_MULTIPLIER,v1.4_FINAL_MODEL_BASED,ALLdis_CEA_v3.0,D9_MAIN_CARRY_FORWARD_2034_STEADY_STATE,可审计量化核心成本，不得表述为完整设施政策总成本,MUST_LABEL_AUDITED_CORE,D9_MAIN_FULL_MAINTENANCE,1.0,1.0,INTERIM_NOT_FINAL_2035_2050,INTERIM_EXCLUDES_CAPITAL_REPLACEMENT_CASH,0.0
S4,STRUCTURAL_ANCHOR,2045,societal,1171359414.72,modelled,NOT_APPLICABLE,NOT_APPLICABLE,NOT_APPLICABLE,NOT_APPLICABLE,,not_applicable,,,,conditional_not_standardized_across_all_modules,,conditional_not_standardized_across_all_modules,NOT_APPLICABLE,2025,CNY,AUDITED_CORE,S4_AUDITED_QUANTIFIED_CORE,EXPLICIT_CORE_COST_BOUNDARY,YES,YES,NO,STRATEGY_AGGREGATE_MULTIPLIER,v1.4_FINAL_MODEL_BASED,ALLdis_CEA_v3.0,D9_MAIN_CARRY_FORWARD_2034_STEADY_STATE,可审计量化核心成本，不得表述为完整体卫融合政策总成本,MUST_LABEL_AUDITED_CORE,D9_MAIN_FULL_MAINTENANCE,1.0,1.0,INTERIM_NOT_FINAL_2035_2050,INTERIM_STEADY_STATE_PARENT_EXTENSION,
S5,STRUCTURAL_ANCHOR,2045,societal,93228646.0,modelled,NOT_APPLICABLE,NOT_APPLICABLE,MODEL_UNSPECIFIED,conditional_metadata_gap,0.0,pure_transfer_excluded_from_societal_resource_cost,,,,conditional_not_standardized_across_all_modules,,conditional_not_standardized_across_all_modules,NOT_APPLICABLE,2025,CNY,FULL_MODELLED_INCREMENTAL,S5_NATIONAL_DEPLOYMENT_COMPLETION_MODEL,MODEL_ASSUMPTION_RESOLVES_S5_GAPS,YES,YES,NO,STRATEGY_AGGREGATE_MULTIPLIER,v1.4_FINAL_MODEL_BASED,ALLdis_CEA_v3.0,D9_MAIN_CARRY_FORWARD_2034_STEADY_STATE,完整建模的增量部署成本；支付方成本含可识别转移支付,STANDARD_LABEL,D9_MAIN_FULL_MAINTENANCE,1.0,1.0,INTERIM_NOT_FINAL_2035_2050,INTERIM_SOFTWARE_HARDWARE_RENEWAL_UNCALIBRATED,0.0
S6,STRUCTURAL_ANCHOR,2045,societal,4014949020.624,modelled,NOT_APPLICABLE,NOT_APPLICABLE,S6_COMPOSITE_INCLUDES_S5_MODEL_UNSPECIFIED,conditional_metadata_gap,,conditional_embedded_composite_not_separately_estimable,,,,conditional_not_standardized_across_all_modules,,conditional_not_standardized_across_all_modules,SHARED_POOL_LEVEL,2025,CNY,DEDUPLICATED_COMPOSITE,S6_DEDUP_CORE_PLUS_MODULE_DELTAS_AND_MICROCOST_COORDINATION,MODEL_ASSUMPTION_RESOLVES_COORDINATION_AND_SHARED_POOL_GAPS,YES,YES,NO,STRATEGY_AGGREGATE_MULTIPLIER,v1.4_FINAL_MODEL_BASED,ALLdis_CEA_v3.0,D9_MAIN_CARRY_FORWARD_2034_STEADY_STATE,跨模块去重后的综合政策包成本,STANDARD_LABEL,D9_MAIN_FULL_MAINTENANCE,1.0,1.0,INTERIM_NOT_FINAL_2035_2050,INTERIM_INDEPENDENT_COMPOSITE_NOT_SUM_OF_S1_S5,0.0
S7,STRUCTURAL_ANCHOR,2045,societal,,missing_intentionally_undefined,NOT_APPLICABLE,NOT_APPLICABLE,NOT_APPLICABLE,NOT_APPLICABLE,,missing_intentionally_undefined,,,,missing_intentionally_undefined,,missing_intentionally_undefined,NOT_APPLICABLE,2025,CNY,THRESHOLD_ONLY,BUDGET_THRESHOLD_STRATEGY,INTENTIONALLY_UNDEFINED,NOT_APPLICABLE,NOT_APPLICABLE,NO,STRATEGY_AGGREGATE_MULTIPLIER,v1.4_FINAL_MODEL_BASED,ALLdis_CEA_v3.0,D9_MAIN_CARRY_FORWARD_2034_STEADY_STATE,目标阈值情景，成本有意不估计,STANDARD_LABEL,D9_MAIN_FULL_MAINTENANCE,,,INTERIM_NOT_FINAL_2035_2050,INTENTIONALLY_UNDEFINED,
S0,STRUCTURAL_ANCHOR,2046,societal,0.0,modelled,NOT_APPLICABLE,NOT_APPLICABLE,NOT_APPLICABLE,NOT_APPLICABLE,,not_applicable,,,,not_applicable,,not_applicable,NOT_APPLICABLE,2025,CNY,REFERENCE,REFERENCE_NO_ADDITIONAL_POLICY,NONE_STRUCTURAL_ZERO,YES,YES,NO,STRATEGY_AGGREGATE_MULTIPLIER,v1.4_FINAL_MODEL_BASED,ALLdis_CEA_v3.0,D9_MAIN_CARRY_FORWARD_2034_STEADY_STATE,基线参照：无新增政策成本,STANDARD_LABEL,D9_MAIN_FULL_MAINTENANCE,,,INTERIM_NOT_FINAL_2035_2050,STRUCTURAL_ZERO,
S1,STRUCTURAL_ANCHOR,2046,societal,143677336.00000003,modelled_v16_temporal_alignment,NOT_APPLICABLE,NOT_APPLICABLE,NOT_APPLICABLE,NOT_APPLICABLE,,not_applicable,,,,conditional_not_standardized_across_all_modules,,conditional_not_standardized_across_all_modules,NOT_APPLICABLE,2025,CNY,FULL_MODELLED_INCREMENTAL,S1_COMPLETION_MODEL,MODEL_ASSUMPTION_RESOLVES_S1_GAPS,YES,YES,NO,STRATEGY_AGGREGATE_MULTIPLIER,v1.4_FINAL_MODEL_BASED,ALLdis_CEA_v3.0,D9_MAIN_CARRY_FORWARD_2034_STEADY_STATE,完整建模的增量政策成本；v16主分析补入持续传播维护成本,STANDARD_LABEL,D9_MAIN_FULL_MAINTENANCE,1.0,1.0,INTERIM_NOT_FINAL_2035_2050,INTERIM_STEADY_STATE_PARENT_EXTENSION,
S2,STRUCTURAL_ANCHOR,2046,societal,1658852386.614,modelled,S2_COMPONENT_METHOD,FORMAL_SELECTED; PROCUREMENT_PACKAGE_EXCLUDED,NOT_APPLICABLE,NOT_APPLICABLE,,not_applicable,,,,conditional_not_standardized_across_all_modules,,conditional_not_standardized_across_all_modules,NOT_APPLICABLE,2025,CNY,AUDITED_CORE,S2_AUDITED_CORE_WITH_S0_INCREMENTAL_FACTOR,MODEL_ASSUMPTION_RESOLVES_S0_DEDUCTION,YES,YES,NO,STRATEGY_AGGREGATE_MULTIPLIER,v1.4_FINAL_MODEL_BASED,ALLdis_CEA_v3.0,D9_MAIN_CARRY_FORWARD_2034_STEADY_STATE,可审计核心成本，不得表述为完整社区组织政策总成本,MUST_LABEL_AUDITED_CORE,D9_MAIN_FULL_MAINTENANCE,1.0,1.0,INTERIM_NOT_FINAL_2035_2050,INTERIM_STEADY_STATE_PARENT_EXTENSION,
S3,STRUCTURAL_ANCHOR,2046,societal,1125654976.11,modelled,NOT_APPLICABLE,NOT_APPLICABLE,NOT_APPLICABLE,NOT_APPLICABLE,,not_applicable,,,,conditional_not_standardized_across_all_modules,,conditional_not_standardized_across_all_modules,NOT_APPLICABLE,2025,CNY,AUDITED_CORE,S3_AUDITED_QUANTIFIED_CORE,EXPLICIT_CORE_COST_BOUNDARY,YES,YES,NO,STRATEGY_AGGREGATE_MULTIPLIER,v1.4_FINAL_MODEL_BASED,ALLdis_CEA_v3.0,D9_MAIN_CARRY_FORWARD_2034_STEADY_STATE,可审计量化核心成本，不得表述为完整设施政策总成本,MUST_LABEL_AUDITED_CORE,D9_MAIN_FULL_MAINTENANCE,1.0,1.0,INTERIM_NOT_FINAL_2035_2050,INTERIM_EXCLUDES_CAPITAL_REPLACEMENT_CASH,0.0
S4,STRUCTURAL_ANCHOR,2046,societal,1171359414.72,modelled,NOT_APPLICABLE,NOT_APPLICABLE,NOT_APPLICABLE,NOT_APPLICABLE,,not_applicable,,,,conditional_not_standardized_across_all_modules,,conditional_not_standardized_across_all_modules,NOT_APPLICABLE,2025,CNY,AUDITED_CORE,S4_AUDITED_QUANTIFIED_CORE,EXPLICIT_CORE_COST_BOUNDARY,YES,YES,NO,STRATEGY_AGGREGATE_MULTIPLIER,v1.4_FINAL_MODEL_BASED,ALLdis_CEA_v3.0,D9_MAIN_CARRY_FORWARD_2034_STEADY_STATE,可审计量化核心成本，不得表述为完整体卫融合政策总成本,MUST_LABEL_AUDITED_CORE,D9_MAIN_FULL_MAINTENANCE,1.0,1.0,INTERIM_NOT_FINAL_2035_2050,INTERIM_STEADY_STATE_PARENT_EXTENSION,
S5,STRUCTURAL_ANCHOR,2046,societal,93228646.0,modelled,NOT_APPLICABLE,NOT_APPLICABLE,MODEL_UNSPECIFIED,conditional_metadata_gap,0.0,pure_transfer_excluded_from_societal_resource_cost,,,,conditional_not_standardized_across_all_modules,,conditional_not_standardized_across_all_modules,NOT_APPLICABLE,2025,CNY,FULL_MODELLED_INCREMENTAL,S5_NATIONAL_DEPLOYMENT_COMPLETION_MODEL,MODEL_ASSUMPTION_RESOLVES_S5_GAPS,YES,YES,NO,STRATEGY_AGGREGATE_MULTIPLIER,v1.4_FINAL_MODEL_BASED,ALLdis_CEA_v3.0,D9_MAIN_CARRY_FORWARD_2034_STEADY_STATE,完整建模的增量部署成本；支付方成本含可识别转移支付,STANDARD_LABEL,D9_MAIN_FULL_MAINTENANCE,1.0,1.0,INTERIM_NOT_FINAL_2035_2050,INTERIM_SOFTWARE_HARDWARE_RENEWAL_UNCALIBRATED,0.0
S6,STRUCTURAL_ANCHOR,2046,societal,4014949020.624,modelled,NOT_APPLICABLE,NOT_APPLICABLE,S6_COMPOSITE_INCLUDES_S5_MODEL_UNSPECIFIED,conditional_metadata_gap,,conditional_embedded_composite_not_separately_estimable,,,,conditional_not_standardized_across_all_modules,,conditional_not_standardized_across_all_modules,SHARED_POOL_LEVEL,2025,CNY,DEDUPLICATED_COMPOSITE,S6_DEDUP_CORE_PLUS_MODULE_DELTAS_AND_MICROCOST_COORDINATION,MODEL_ASSUMPTION_RESOLVES_COORDINATION_AND_SHARED_POOL_GAPS,YES,YES,NO,STRATEGY_AGGREGATE_MULTIPLIER,v1.4_FINAL_MODEL_BASED,ALLdis_CEA_v3.0,D9_MAIN_CARRY_FORWARD_2034_STEADY_STATE,跨模块去重后的综合政策包成本,STANDARD_LABEL,D9_MAIN_FULL_MAINTENANCE,1.0,1.0,INTERIM_NOT_FINAL_2035_2050,INTERIM_INDEPENDENT_COMPOSITE_NOT_SUM_OF_S1_S5,0.0
S7,STRUCTURAL_ANCHOR,2046,societal,,missing_intentionally_undefined,NOT_APPLICABLE,NOT_APPLICABLE,NOT_APPLICABLE,NOT_APPLICABLE,,missing_intentionally_undefined,,,,missing_intentionally_undefined,,missing_intentionally_undefined,NOT_APPLICABLE,2025,CNY,THRESHOLD_ONLY,BUDGET_THRESHOLD_STRATEGY,INTENTIONALLY_UNDEFINED,NOT_APPLICABLE,NOT_APPLICABLE,NO,STRATEGY_AGGREGATE_MULTIPLIER,v1.4_FINAL_MODEL_BASED,ALLdis_CEA_v3.0,D9_MAIN_CARRY_FORWARD_2034_STEADY_STATE,目标阈值情景，成本有意不估计,STANDARD_LABEL,D9_MAIN_FULL_MAINTENANCE,,,INTERIM_NOT_FINAL_2035_2050,INTENTIONALLY_UNDEFINED,
S0,STRUCTURAL_ANCHOR,2047,societal,0.0,modelled,NOT_APPLICABLE,NOT_APPLICABLE,NOT_APPLICABLE,NOT_APPLICABLE,,not_applicable,,,,not_applicable,,not_applicable,NOT_APPLICABLE,2025,CNY,REFERENCE,REFERENCE_NO_ADDITIONAL_POLICY,NONE_STRUCTURAL_ZERO,YES,YES,NO,STRATEGY_AGGREGATE_MULTIPLIER,v1.4_FINAL_MODEL_BASED,ALLdis_CEA_v3.0,D9_MAIN_CARRY_FORWARD_2034_STEADY_STATE,基线参照：无新增政策成本,STANDARD_LABEL,D9_MAIN_FULL_MAINTENANCE,,,INTERIM_NOT_FINAL_2035_2050,STRUCTURAL_ZERO,
S1,STRUCTURAL_ANCHOR,2047,societal,143677336.00000003,modelled_v16_temporal_alignment,NOT_APPLICABLE,NOT_APPLICABLE,NOT_APPLICABLE,NOT_APPLICABLE,,not_applicable,,,,conditional_not_standardized_across_all_modules,,conditional_not_standardized_across_all_modules,NOT_APPLICABLE,2025,CNY,FULL_MODELLED_INCREMENTAL,S1_COMPLETION_MODEL,MODEL_ASSUMPTION_RESOLVES_S1_GAPS,YES,YES,NO,STRATEGY_AGGREGATE_MULTIPLIER,v1.4_FINAL_MODEL_BASED,ALLdis_CEA_v3.0,D9_MAIN_CARRY_FORWARD_2034_STEADY_STATE,完整建模的增量政策成本；v16主分析补入持续传播维护成本,STANDARD_LABEL,D9_MAIN_FULL_MAINTENANCE,1.0,1.0,INTERIM_NOT_FINAL_2035_2050,INTERIM_STEADY_STATE_PARENT_EXTENSION,
S2,STRUCTURAL_ANCHOR,2047,societal,1658852386.614,modelled,S2_COMPONENT_METHOD,FORMAL_SELECTED; PROCUREMENT_PACKAGE_EXCLUDED,NOT_APPLICABLE,NOT_APPLICABLE,,not_applicable,,,,conditional_not_standardized_across_all_modules,,conditional_not_standardized_across_all_modules,NOT_APPLICABLE,2025,CNY,AUDITED_CORE,S2_AUDITED_CORE_WITH_S0_INCREMENTAL_FACTOR,MODEL_ASSUMPTION_RESOLVES_S0_DEDUCTION,YES,YES,NO,STRATEGY_AGGREGATE_MULTIPLIER,v1.4_FINAL_MODEL_BASED,ALLdis_CEA_v3.0,D9_MAIN_CARRY_FORWARD_2034_STEADY_STATE,可审计核心成本，不得表述为完整社区组织政策总成本,MUST_LABEL_AUDITED_CORE,D9_MAIN_FULL_MAINTENANCE,1.0,1.0,INTERIM_NOT_FINAL_2035_2050,INTERIM_STEADY_STATE_PARENT_EXTENSION,
S3,STRUCTURAL_ANCHOR,2047,societal,1125654976.11,modelled,NOT_APPLICABLE,NOT_APPLICABLE,NOT_APPLICABLE,NOT_APPLICABLE,,not_applicable,,,,conditional_not_standardized_across_all_modules,,conditional_not_standardized_across_all_modules,NOT_APPLICABLE,2025,CNY,AUDITED_CORE,S3_AUDITED_QUANTIFIED_CORE,EXPLICIT_CORE_COST_BOUNDARY,YES,YES,NO,STRATEGY_AGGREGATE_MULTIPLIER,v1.4_FINAL_MODEL_BASED,ALLdis_CEA_v3.0,D9_MAIN_CARRY_FORWARD_2034_STEADY_STATE,可审计量化核心成本，不得表述为完整设施政策总成本,MUST_LABEL_AUDITED_CORE,D9_MAIN_FULL_MAINTENANCE,1.0,1.0,INTERIM_NOT_FINAL_2035_2050,INTERIM_EXCLUDES_CAPITAL_REPLACEMENT_CASH,0.0
S4,STRUCTURAL_ANCHOR,2047,societal,1171359414.72,modelled,NOT_APPLICABLE,NOT_APPLICABLE,NOT_APPLICABLE,NOT_APPLICABLE,,not_applicable,,,,conditional_not_standardized_across_all_modules,,conditional_not_standardized_across_all_modules,NOT_APPLICABLE,2025,CNY,AUDITED_CORE,S4_AUDITED_QUANTIFIED_CORE,EXPLICIT_CORE_COST_BOUNDARY,YES,YES,NO,STRATEGY_AGGREGATE_MULTIPLIER,v1.4_FINAL_MODEL_BASED,ALLdis_CEA_v3.0,D9_MAIN_CARRY_FORWARD_2034_STEADY_STATE,可审计量化核心成本，不得表述为完整体卫融合政策总成本,MUST_LABEL_AUDITED_CORE,D9_MAIN_FULL_MAINTENANCE,1.0,1.0,INTERIM_NOT_FINAL_2035_2050,INTERIM_STEADY_STATE_PARENT_EXTENSION,
S5,STRUCTURAL_ANCHOR,2047,societal,93228646.0,modelled,NOT_APPLICABLE,NOT_APPLICABLE,MODEL_UNSPECIFIED,conditional_metadata_gap,0.0,pure_transfer_excluded_from_societal_resource_cost,,,,conditional_not_standardized_across_all_modules,,conditional_not_standardized_across_all_modules,NOT_APPLICABLE,2025,CNY,FULL_MODELLED_INCREMENTAL,S5_NATIONAL_DEPLOYMENT_COMPLETION_MODEL,MODEL_ASSUMPTION_RESOLVES_S5_GAPS,YES,YES,NO,STRATEGY_AGGREGATE_MULTIPLIER,v1.4_FINAL_MODEL_BASED,ALLdis_CEA_v3.0,D9_MAIN_CARRY_FORWARD_2034_STEADY_STATE,完整建模的增量部署成本；支付方成本含可识别转移支付,STANDARD_LABEL,D9_MAIN_FULL_MAINTENANCE,1.0,1.0,INTERIM_NOT_FINAL_2035_2050,INTERIM_SOFTWARE_HARDWARE_RENEWAL_UNCALIBRATED,0.0
S6,STRUCTURAL_ANCHOR,2047,societal,4014949020.624,modelled,NOT_APPLICABLE,NOT_APPLICABLE,S6_COMPOSITE_INCLUDES_S5_MODEL_UNSPECIFIED,conditional_metadata_gap,,conditional_embedded_composite_not_separately_estimable,,,,conditional_not_standardized_across_all_modules,,conditional_not_standardized_across_all_modules,SHARED_POOL_LEVEL,2025,CNY,DEDUPLICATED_COMPOSITE,S6_DEDUP_CORE_PLUS_MODULE_DELTAS_AND_MICROCOST_COORDINATION,MODEL_ASSUMPTION_RESOLVES_COORDINATION_AND_SHARED_POOL_GAPS,YES,YES,NO,STRATEGY_AGGREGATE_MULTIPLIER,v1.4_FINAL_MODEL_BASED,ALLdis_CEA_v3.0,D9_MAIN_CARRY_FORWARD_2034_STEADY_STATE,跨模块去重后的综合政策包成本,STANDARD_LABEL,D9_MAIN_FULL_MAINTENANCE,1.0,1.0,INTERIM_NOT_FINAL_2035_2050,INTERIM_INDEPENDENT_COMPOSITE_NOT_SUM_OF_S1_S5,0.0
S7,STRUCTURAL_ANCHOR,2047,societal,,missing_intentionally_undefined,NOT_APPLICABLE,NOT_APPLICABLE,NOT_APPLICABLE,NOT_APPLICABLE,,missing_intentionally_undefined,,,,missing_intentionally_undefined,,missing_intentionally_undefined,NOT_APPLICABLE,2025,CNY,THRESHOLD_ONLY,BUDGET_THRESHOLD_STRATEGY,INTENTIONALLY_UNDEFINED,NOT_APPLICABLE,NOT_APPLICABLE,NO,STRATEGY_AGGREGATE_MULTIPLIER,v1.4_FINAL_MODEL_BASED,ALLdis_CEA_v3.0,D9_MAIN_CARRY_FORWARD_2034_STEADY_STATE,目标阈值情景，成本有意不估计,STANDARD_LABEL,D9_MAIN_FULL_MAINTENANCE,,,INTERIM_NOT_FINAL_2035_2050,INTENTIONALLY_UNDEFINED,
S0,STRUCTURAL_ANCHOR,2048,societal,0.0,modelled,NOT_APPLICABLE,NOT_APPLICABLE,NOT_APPLICABLE,NOT_APPLICABLE,,not_applicable,,,,not_applicable,,not_applicable,NOT_APPLICABLE,2025,CNY,REFERENCE,REFERENCE_NO_ADDITIONAL_POLICY,NONE_STRUCTURAL_ZERO,YES,YES,NO,STRATEGY_AGGREGATE_MULTIPLIER,v1.4_FINAL_MODEL_BASED,ALLdis_CEA_v3.0,D9_MAIN_CARRY_FORWARD_2034_STEADY_STATE,基线参照：无新增政策成本,STANDARD_LABEL,D9_MAIN_FULL_MAINTENANCE,,,INTERIM_NOT_FINAL_2035_2050,STRUCTURAL_ZERO,
S1,STRUCTURAL_ANCHOR,2048,societal,143677336.00000003,modelled_v16_temporal_alignment,NOT_APPLICABLE,NOT_APPLICABLE,NOT_APPLICABLE,NOT_APPLICABLE,,not_applicable,,,,conditional_not_standardized_across_all_modules,,conditional_not_standardized_across_all_modules,NOT_APPLICABLE,2025,CNY,FULL_MODELLED_INCREMENTAL,S1_COMPLETION_MODEL,MODEL_ASSUMPTION_RESOLVES_S1_GAPS,YES,YES,NO,STRATEGY_AGGREGATE_MULTIPLIER,v1.4_FINAL_MODEL_BASED,ALLdis_CEA_v3.0,D9_MAIN_CARRY_FORWARD_2034_STEADY_STATE,完整建模的增量政策成本；v16主分析补入持续传播维护成本,STANDARD_LABEL,D9_MAIN_FULL_MAINTENANCE,1.0,1.0,INTERIM_NOT_FINAL_2035_2050,INTERIM_STEADY_STATE_PARENT_EXTENSION,
S2,STRUCTURAL_ANCHOR,2048,societal,1658852386.614,modelled,S2_COMPONENT_METHOD,FORMAL_SELECTED; PROCUREMENT_PACKAGE_EXCLUDED,NOT_APPLICABLE,NOT_APPLICABLE,,not_applicable,,,,conditional_not_standardized_across_all_modules,,conditional_not_standardized_across_all_modules,NOT_APPLICABLE,2025,CNY,AUDITED_CORE,S2_AUDITED_CORE_WITH_S0_INCREMENTAL_FACTOR,MODEL_ASSUMPTION_RESOLVES_S0_DEDUCTION,YES,YES,NO,STRATEGY_AGGREGATE_MULTIPLIER,v1.4_FINAL_MODEL_BASED,ALLdis_CEA_v3.0,D9_MAIN_CARRY_FORWARD_2034_STEADY_STATE,可审计核心成本，不得表述为完整社区组织政策总成本,MUST_LABEL_AUDITED_CORE,D9_MAIN_FULL_MAINTENANCE,1.0,1.0,INTERIM_NOT_FINAL_2035_2050,INTERIM_STEADY_STATE_PARENT_EXTENSION,
S3,STRUCTURAL_ANCHOR,2048,societal,1125654976.11,modelled,NOT_APPLICABLE,NOT_APPLICABLE,NOT_APPLICABLE,NOT_APPLICABLE,,not_applicable,,,,conditional_not_standardized_across_all_modules,,conditional_not_standardized_across_all_modules,NOT_APPLICABLE,2025,CNY,AUDITED_CORE,S3_AUDITED_QUANTIFIED_CORE,EXPLICIT_CORE_COST_BOUNDARY,YES,YES,NO,STRATEGY_AGGREGATE_MULTIPLIER,v1.4_FINAL_MODEL_BASED,ALLdis_CEA_v3.0,D9_MAIN_CARRY_FORWARD_2034_STEADY_STATE,可审计量化核心成本，不得表述为完整设施政策总成本,MUST_LABEL_AUDITED_CORE,D9_MAIN_FULL_MAINTENANCE,1.0,1.0,INTERIM_NOT_FINAL_2035_2050,INTERIM_EXCLUDES_CAPITAL_REPLACEMENT_CASH,0.0
S4,STRUCTURAL_ANCHOR,2048,societal,1171359414.72,modelled,NOT_APPLICABLE,NOT_APPLICABLE,NOT_APPLICABLE,NOT_APPLICABLE,,not_applicable,,,,conditional_not_standardized_across_all_modules,,conditional_not_standardized_across_all_modules,NOT_APPLICABLE,2025,CNY,AUDITED_CORE,S4_AUDITED_QUANTIFIED_CORE,EXPLICIT_CORE_COST_BOUNDARY,YES,YES,NO,STRATEGY_AGGREGATE_MULTIPLIER,v1.4_FINAL_MODEL_BASED,ALLdis_CEA_v3.0,D9_MAIN_CARRY_FORWARD_2034_STEADY_STATE,可审计量化核心成本，不得表述为完整体卫融合政策总成本,MUST_LABEL_AUDITED_CORE,D9_MAIN_FULL_MAINTENANCE,1.0,1.0,INTERIM_NOT_FINAL_2035_2050,INTERIM_STEADY_STATE_PARENT_EXTENSION,
S5,STRUCTURAL_ANCHOR,2048,societal,93228646.0,modelled,NOT_APPLICABLE,NOT_APPLICABLE,MODEL_UNSPECIFIED,conditional_metadata_gap,0.0,pure_transfer_excluded_from_societal_resource_cost,,,,conditional_not_standardized_across_all_modules,,conditional_not_standardized_across_all_modules,NOT_APPLICABLE,2025,CNY,FULL_MODELLED_INCREMENTAL,S5_NATIONAL_DEPLOYMENT_COMPLETION_MODEL,MODEL_ASSUMPTION_RESOLVES_S5_GAPS,YES,YES,NO,STRATEGY_AGGREGATE_MULTIPLIER,v1.4_FINAL_MODEL_BASED,ALLdis_CEA_v3.0,D9_MAIN_CARRY_FORWARD_2034_STEADY_STATE,完整建模的增量部署成本；支付方成本含可识别转移支付,STANDARD_LABEL,D9_MAIN_FULL_MAINTENANCE,1.0,1.0,INTERIM_NOT_FINAL_2035_2050,INTERIM_SOFTWARE_HARDWARE_RENEWAL_UNCALIBRATED,0.0
S6,STRUCTURAL_ANCHOR,2048,societal,4014949020.624,modelled,NOT_APPLICABLE,NOT_APPLICABLE,S6_COMPOSITE_INCLUDES_S5_MODEL_UNSPECIFIED,conditional_metadata_gap,,conditional_embedded_composite_not_separately_estimable,,,,conditional_not_standardized_across_all_modules,,conditional_not_standardized_across_all_modules,SHARED_POOL_LEVEL,2025,CNY,DEDUPLICATED_COMPOSITE,S6_DEDUP_CORE_PLUS_MODULE_DELTAS_AND_MICROCOST_COORDINATION,MODEL_ASSUMPTION_RESOLVES_COORDINATION_AND_SHARED_POOL_GAPS,YES,YES,NO,STRATEGY_AGGREGATE_MULTIPLIER,v1.4_FINAL_MODEL_BASED,ALLdis_CEA_v3.0,D9_MAIN_CARRY_FORWARD_2034_STEADY_STATE,跨模块去重后的综合政策包成本,STANDARD_LABEL,D9_MAIN_FULL_MAINTENANCE,1.0,1.0,INTERIM_NOT_FINAL_2035_2050,INTERIM_INDEPENDENT_COMPOSITE_NOT_SUM_OF_S1_S5,0.0
S7,STRUCTURAL_ANCHOR,2048,societal,,missing_intentionally_undefined,NOT_APPLICABLE,NOT_APPLICABLE,NOT_APPLICABLE,NOT_APPLICABLE,,missing_intentionally_undefined,,,,missing_intentionally_undefined,,missing_intentionally_undefined,NOT_APPLICABLE,2025,CNY,THRESHOLD_ONLY,BUDGET_THRESHOLD_STRATEGY,INTENTIONALLY_UNDEFINED,NOT_APPLICABLE,NOT_APPLICABLE,NO,STRATEGY_AGGREGATE_MULTIPLIER,v1.4_FINAL_MODEL_BASED,ALLdis_CEA_v3.0,D9_MAIN_CARRY_FORWARD_2034_STEADY_STATE,目标阈值情景，成本有意不估计,STANDARD_LABEL,D9_MAIN_FULL_MAINTENANCE,,,INTERIM_NOT_FINAL_2035_2050,INTENTIONALLY_UNDEFINED,
S0,STRUCTURAL_ANCHOR,2049,societal,0.0,modelled,NOT_APPLICABLE,NOT_APPLICABLE,NOT_APPLICABLE,NOT_APPLICABLE,,not_applicable,,,,not_applicable,,not_applicable,NOT_APPLICABLE,2025,CNY,REFERENCE,REFERENCE_NO_ADDITIONAL_POLICY,NONE_STRUCTURAL_ZERO,YES,YES,NO,STRATEGY_AGGREGATE_MULTIPLIER,v1.4_FINAL_MODEL_BASED,ALLdis_CEA_v3.0,D9_MAIN_CARRY_FORWARD_2034_STEADY_STATE,基线参照：无新增政策成本,STANDARD_LABEL,D9_MAIN_FULL_MAINTENANCE,,,INTERIM_NOT_FINAL_2035_2050,STRUCTURAL_ZERO,
S1,STRUCTURAL_ANCHOR,2049,societal,143677336.00000003,modelled_v16_temporal_alignment,NOT_APPLICABLE,NOT_APPLICABLE,NOT_APPLICABLE,NOT_APPLICABLE,,not_applicable,,,,conditional_not_standardized_across_all_modules,,conditional_not_standardized_across_all_modules,NOT_APPLICABLE,2025,CNY,FULL_MODELLED_INCREMENTAL,S1_COMPLETION_MODEL,MODEL_ASSUMPTION_RESOLVES_S1_GAPS,YES,YES,NO,STRATEGY_AGGREGATE_MULTIPLIER,v1.4_FINAL_MODEL_BASED,ALLdis_CEA_v3.0,D9_MAIN_CARRY_FORWARD_2034_STEADY_STATE,完整建模的增量政策成本；v16主分析补入持续传播维护成本,STANDARD_LABEL,D9_MAIN_FULL_MAINTENANCE,1.0,1.0,INTERIM_NOT_FINAL_2035_2050,INTERIM_STEADY_STATE_PARENT_EXTENSION,
S2,STRUCTURAL_ANCHOR,2049,societal,1658852386.614,modelled,S2_COMPONENT_METHOD,FORMAL_SELECTED; PROCUREMENT_PACKAGE_EXCLUDED,NOT_APPLICABLE,NOT_APPLICABLE,,not_applicable,,,,conditional_not_standardized_across_all_modules,,conditional_not_standardized_across_all_modules,NOT_APPLICABLE,2025,CNY,AUDITED_CORE,S2_AUDITED_CORE_WITH_S0_INCREMENTAL_FACTOR,MODEL_ASSUMPTION_RESOLVES_S0_DEDUCTION,YES,YES,NO,STRATEGY_AGGREGATE_MULTIPLIER,v1.4_FINAL_MODEL_BASED,ALLdis_CEA_v3.0,D9_MAIN_CARRY_FORWARD_2034_STEADY_STATE,可审计核心成本，不得表述为完整社区组织政策总成本,MUST_LABEL_AUDITED_CORE,D9_MAIN_FULL_MAINTENANCE,1.0,1.0,INTERIM_NOT_FINAL_2035_2050,INTERIM_STEADY_STATE_PARENT_EXTENSION,
S3,STRUCTURAL_ANCHOR,2049,societal,1125654976.11,modelled,NOT_APPLICABLE,NOT_APPLICABLE,NOT_APPLICABLE,NOT_APPLICABLE,,not_applicable,,,,conditional_not_standardized_across_all_modules,,conditional_not_standardized_across_all_modules,NOT_APPLICABLE,2025,CNY,AUDITED_CORE,S3_AUDITED_QUANTIFIED_CORE,EXPLICIT_CORE_COST_BOUNDARY,YES,YES,NO,STRATEGY_AGGREGATE_MULTIPLIER,v1.4_FINAL_MODEL_BASED,ALLdis_CEA_v3.0,D9_MAIN_CARRY_FORWARD_2034_STEADY_STATE,可审计量化核心成本，不得表述为完整设施政策总成本,MUST_LABEL_AUDITED_CORE,D9_MAIN_FULL_MAINTENANCE,1.0,1.0,INTERIM_NOT_FINAL_2035_2050,INTERIM_EXCLUDES_CAPITAL_REPLACEMENT_CASH,0.0
S4,STRUCTURAL_ANCHOR,2049,societal,1171359414.72,modelled,NOT_APPLICABLE,NOT_APPLICABLE,NOT_APPLICABLE,NOT_APPLICABLE,,not_applicable,,,,conditional_not_standardized_across_all_modules,,conditional_not_standardized_across_all_modules,NOT_APPLICABLE,2025,CNY,AUDITED_CORE,S4_AUDITED_QUANTIFIED_CORE,EXPLICIT_CORE_COST_BOUNDARY,YES,YES,NO,STRATEGY_AGGREGATE_MULTIPLIER,v1.4_FINAL_MODEL_BASED,ALLdis_CEA_v3.0,D9_MAIN_CARRY_FORWARD_2034_STEADY_STATE,可审计量化核心成本，不得表述为完整体卫融合政策总成本,MUST_LABEL_AUDITED_CORE,D9_MAIN_FULL_MAINTENANCE,1.0,1.0,INTERIM_NOT_FINAL_2035_2050,INTERIM_STEADY_STATE_PARENT_EXTENSION,
S5,STRUCTURAL_ANCHOR,2049,societal,93228646.0,modelled,NOT_APPLICABLE,NOT_APPLICABLE,MODEL_UNSPECIFIED,conditional_metadata_gap,0.0,pure_transfer_excluded_from_societal_resource_cost,,,,conditional_not_standardized_across_all_modules,,conditional_not_standardized_across_all_modules,NOT_APPLICABLE,2025,CNY,FULL_MODELLED_INCREMENTAL,S5_NATIONAL_DEPLOYMENT_COMPLETION_MODEL,MODEL_ASSUMPTION_RESOLVES_S5_GAPS,YES,YES,NO,STRATEGY_AGGREGATE_MULTIPLIER,v1.4_FINAL_MODEL_BASED,ALLdis_CEA_v3.0,D9_MAIN_CARRY_FORWARD_2034_STEADY_STATE,完整建模的增量部署成本；支付方成本含可识别转移支付,STANDARD_LABEL,D9_MAIN_FULL_MAINTENANCE,1.0,1.0,INTERIM_NOT_FINAL_2035_2050,INTERIM_SOFTWARE_HARDWARE_RENEWAL_UNCALIBRATED,0.0
S6,STRUCTURAL_ANCHOR,2049,societal,4014949020.624,modelled,NOT_APPLICABLE,NOT_APPLICABLE,S6_COMPOSITE_INCLUDES_S5_MODEL_UNSPECIFIED,conditional_metadata_gap,,conditional_embedded_composite_not_separately_estimable,,,,conditional_not_standardized_across_all_modules,,conditional_not_standardized_across_all_modules,SHARED_POOL_LEVEL,2025,CNY,DEDUPLICATED_COMPOSITE,S6_DEDUP_CORE_PLUS_MODULE_DELTAS_AND_MICROCOST_COORDINATION,MODEL_ASSUMPTION_RESOLVES_COORDINATION_AND_SHARED_POOL_GAPS,YES,YES,NO,STRATEGY_AGGREGATE_MULTIPLIER,v1.4_FINAL_MODEL_BASED,ALLdis_CEA_v3.0,D9_MAIN_CARRY_FORWARD_2034_STEADY_STATE,跨模块去重后的综合政策包成本,STANDARD_LABEL,D9_MAIN_FULL_MAINTENANCE,1.0,1.0,INTERIM_NOT_FINAL_2035_2050,INTERIM_INDEPENDENT_COMPOSITE_NOT_SUM_OF_S1_S5,0.0
S7,STRUCTURAL_ANCHOR,2049,societal,,missing_intentionally_undefined,NOT_APPLICABLE,NOT_APPLICABLE,NOT_APPLICABLE,NOT_APPLICABLE,,missing_intentionally_undefined,,,,missing_intentionally_undefined,,missing_intentionally_undefined,NOT_APPLICABLE,2025,CNY,THRESHOLD_ONLY,BUDGET_THRESHOLD_STRATEGY,INTENTIONALLY_UNDEFINED,NOT_APPLICABLE,NOT_APPLICABLE,NO,STRATEGY_AGGREGATE_MULTIPLIER,v1.4_FINAL_MODEL_BASED,ALLdis_CEA_v3.0,D9_MAIN_CARRY_FORWARD_2034_STEADY_STATE,目标阈值情景，成本有意不估计,STANDARD_LABEL,D9_MAIN_FULL_MAINTENANCE,,,INTERIM_NOT_FINAL_2035_2050,INTENTIONALLY_UNDEFINED,
S0,STRUCTURAL_ANCHOR,2050,societal,0.0,modelled,NOT_APPLICABLE,NOT_APPLICABLE,NOT_APPLICABLE,NOT_APPLICABLE,,not_applicable,,,,not_applicable,,not_applicable,NOT_APPLICABLE,2025,CNY,REFERENCE,REFERENCE_NO_ADDITIONAL_POLICY,NONE_STRUCTURAL_ZERO,YES,YES,NO,STRATEGY_AGGREGATE_MULTIPLIER,v1.4_FINAL_MODEL_BASED,ALLdis_CEA_v3.0,D9_MAIN_CARRY_FORWARD_2034_STEADY_STATE,基线参照：无新增政策成本,STANDARD_LABEL,D9_MAIN_FULL_MAINTENANCE,,,INTERIM_NOT_FINAL_2035_2050,STRUCTURAL_ZERO,
S1,STRUCTURAL_ANCHOR,2050,societal,143677336.00000003,modelled_v16_temporal_alignment,NOT_APPLICABLE,NOT_APPLICABLE,NOT_APPLICABLE,NOT_APPLICABLE,,not_applicable,,,,conditional_not_standardized_across_all_modules,,conditional_not_standardized_across_all_modules,NOT_APPLICABLE,2025,CNY,FULL_MODELLED_INCREMENTAL,S1_COMPLETION_MODEL,MODEL_ASSUMPTION_RESOLVES_S1_GAPS,YES,YES,NO,STRATEGY_AGGREGATE_MULTIPLIER,v1.4_FINAL_MODEL_BASED,ALLdis_CEA_v3.0,D9_MAIN_CARRY_FORWARD_2034_STEADY_STATE,完整建模的增量政策成本；v16主分析补入持续传播维护成本,STANDARD_LABEL,D9_MAIN_FULL_MAINTENANCE,1.0,1.0,INTERIM_NOT_FINAL_2035_2050,INTERIM_STEADY_STATE_PARENT_EXTENSION,
S2,STRUCTURAL_ANCHOR,2050,societal,1658852386.614,modelled,S2_COMPONENT_METHOD,FORMAL_SELECTED; PROCUREMENT_PACKAGE_EXCLUDED,NOT_APPLICABLE,NOT_APPLICABLE,,not_applicable,,,,conditional_not_standardized_across_all_modules,,conditional_not_standardized_across_all_modules,NOT_APPLICABLE,2025,CNY,AUDITED_CORE,S2_AUDITED_CORE_WITH_S0_INCREMENTAL_FACTOR,MODEL_ASSUMPTION_RESOLVES_S0_DEDUCTION,YES,YES,NO,STRATEGY_AGGREGATE_MULTIPLIER,v1.4_FINAL_MODEL_BASED,ALLdis_CEA_v3.0,D9_MAIN_CARRY_FORWARD_2034_STEADY_STATE,可审计核心成本，不得表述为完整社区组织政策总成本,MUST_LABEL_AUDITED_CORE,D9_MAIN_FULL_MAINTENANCE,1.0,1.0,INTERIM_NOT_FINAL_2035_2050,INTERIM_STEADY_STATE_PARENT_EXTENSION,
S3,STRUCTURAL_ANCHOR,2050,societal,1125654976.11,modelled,NOT_APPLICABLE,NOT_APPLICABLE,NOT_APPLICABLE,NOT_APPLICABLE,,not_applicable,,,,conditional_not_standardized_across_all_modules,,conditional_not_standardized_across_all_modules,NOT_APPLICABLE,2025,CNY,AUDITED_CORE,S3_AUDITED_QUANTIFIED_CORE,EXPLICIT_CORE_COST_BOUNDARY,YES,YES,NO,STRATEGY_AGGREGATE_MULTIPLIER,v1.4_FINAL_MODEL_BASED,ALLdis_CEA_v3.0,D9_MAIN_CARRY_FORWARD_2034_STEADY_STATE,可审计量化核心成本，不得表述为完整设施政策总成本,MUST_LABEL_AUDITED_CORE,D9_MAIN_FULL_MAINTENANCE,1.0,1.0,INTERIM_NOT_FINAL_2035_2050,INTERIM_EXCLUDES_CAPITAL_REPLACEMENT_CASH,0.0
S4,STRUCTURAL_ANCHOR,2050,societal,1171359414.72,modelled,NOT_APPLICABLE,NOT_APPLICABLE,NOT_APPLICABLE,NOT_APPLICABLE,,not_applicable,,,,conditional_not_standardized_across_all_modules,,conditional_not_standardized_across_all_modules,NOT_APPLICABLE,2025,CNY,AUDITED_CORE,S4_AUDITED_QUANTIFIED_CORE,EXPLICIT_CORE_COST_BOUNDARY,YES,YES,NO,STRATEGY_AGGREGATE_MULTIPLIER,v1.4_FINAL_MODEL_BASED,ALLdis_CEA_v3.0,D9_MAIN_CARRY_FORWARD_2034_STEADY_STATE,可审计量化核心成本，不得表述为完整体卫融合政策总成本,MUST_LABEL_AUDITED_CORE,D9_MAIN_FULL_MAINTENANCE,1.0,1.0,INTERIM_NOT_FINAL_2035_2050,INTERIM_STEADY_STATE_PARENT_EXTENSION,
S5,STRUCTURAL_ANCHOR,2050,societal,93228646.0,modelled,NOT_APPLICABLE,NOT_APPLICABLE,MODEL_UNSPECIFIED,conditional_metadata_gap,0.0,pure_transfer_excluded_from_societal_resource_cost,,,,conditional_not_standardized_across_all_modules,,conditional_not_standardized_across_all_modules,NOT_APPLICABLE,2025,CNY,FULL_MODELLED_INCREMENTAL,S5_NATIONAL_DEPLOYMENT_COMPLETION_MODEL,MODEL_ASSUMPTION_RESOLVES_S5_GAPS,YES,YES,NO,STRATEGY_AGGREGATE_MULTIPLIER,v1.4_FINAL_MODEL_BASED,ALLdis_CEA_v3.0,D9_MAIN_CARRY_FORWARD_2034_STEADY_STATE,完整建模的增量部署成本；支付方成本含可识别转移支付,STANDARD_LABEL,D9_MAIN_FULL_MAINTENANCE,1.0,1.0,INTERIM_NOT_FINAL_2035_2050,INTERIM_SOFTWARE_HARDWARE_RENEWAL_UNCALIBRATED,0.0
S6,STRUCTURAL_ANCHOR,2050,societal,4014949020.624,modelled,NOT_APPLICABLE,NOT_APPLICABLE,S6_COMPOSITE_INCLUDES_S5_MODEL_UNSPECIFIED,conditional_metadata_gap,,conditional_embedded_composite_not_separately_estimable,,,,conditional_not_standardized_across_all_modules,,conditional_not_standardized_across_all_modules,SHARED_POOL_LEVEL,2025,CNY,DEDUPLICATED_COMPOSITE,S6_DEDUP_CORE_PLUS_MODULE_DELTAS_AND_MICROCOST_COORDINATION,MODEL_ASSUMPTION_RESOLVES_COORDINATION_AND_SHARED_POOL_GAPS,YES,YES,NO,STRATEGY_AGGREGATE_MULTIPLIER,v1.4_FINAL_MODEL_BASED,ALLdis_CEA_v3.0,D9_MAIN_CARRY_FORWARD_2034_STEADY_STATE,跨模块去重后的综合政策包成本,STANDARD_LABEL,D9_MAIN_FULL_MAINTENANCE,1.0,1.0,INTERIM_NOT_FINAL_2035_2050,INTERIM_INDEPENDENT_COMPOSITE_NOT_SUM_OF_S1_S5,0.0
S7,STRUCTURAL_ANCHOR,2050,societal,,missing_intentionally_undefined,NOT_APPLICABLE,NOT_APPLICABLE,NOT_APPLICABLE,NOT_APPLICABLE,,missing_intentionally_undefined,,,,missing_intentionally_undefined,,missing_intentionally_undefined,NOT_APPLICABLE,2025,CNY,THRESHOLD_ONLY,BUDGET_THRESHOLD_STRATEGY,INTENTIONALLY_UNDEFINED,NOT_APPLICABLE,NOT_APPLICABLE,NO,STRATEGY_AGGREGATE_MULTIPLIER,v1.4_FINAL_MODEL_BASED,ALLdis_CEA_v3.0,D9_MAIN_CARRY_FORWARD_2034_STEADY_STATE,目标阈值情景，成本有意不估计,STANDARD_LABEL,D9_MAIN_FULL_MAINTENANCE,,,INTERIM_NOT_FINAL_2035_2050,INTENTIONALLY_UNDEFINED,
