scenario_id,cost_structure_scenario,year,perspective,annual_programme_cost_2025_cny,cost_status,payer_path_id,payer_path_status,architecture_id,architecture_status,transfer_payment,transfer_payment_status,capital_cash,capital_annuity,capital_cost_selected,capital_cost_status,recurrent_cost,recurrent_cost_status,resource_dedup_level,price_year,currency,cost_boundary,source_model,gap_resolution_method,formal_CEA_allowed,formal_cost_PSA_allowed,missing_is_zero,psa_level,model_version,integration_version,temporal_cost_adjustment,analysis_interpretation_cn,paper_reporting_lock,maintenance_scenario,maintenance_adequacy,effect_retention_relative_to_2034,formal_use_status,long_term_cost_status,capital_renewal_reserve_included,discounted_cost
S0,STRUCTURAL_ANCHOR,2025,payer,0.0,modelled,NOT_APPLICABLE,NOT_APPLICABLE,NOT_APPLICABLE,NOT_APPLICABLE,,not_applicable,,,,not_applicable,,not_applicable,NOT_APPLICABLE,2025,CNY,REFERENCE,REFERENCE_NO_ADDITIONAL_POLICY,NONE_STRUCTURAL_ZERO,YES,YES,NO,STRATEGY_AGGREGATE_MULTIPLIER,v1.4_FINAL_MODEL_BASED,ALLdis_CEA_v3.0,NONE,基线参照：无新增政策成本,STANDARD_LABEL,D9_MAIN_FULL_MAINTENANCE,,,FORMAL_PARENT_2025_2034,CVD_V16_LOCKED,,0.0
S1,STRUCTURAL_ANCHOR,2025,payer,209032160.00000003,modelled,NOT_APPLICABLE,NOT_APPLICABLE,NOT_APPLICABLE,NOT_APPLICABLE,,not_applicable,,,,conditional_not_standardized_across_all_modules,,conditional_not_standardized_across_all_modules,NOT_APPLICABLE,2025,CNY,FULL_MODELLED_INCREMENTAL,S1_COMPLETION_MODEL,MODEL_ASSUMPTION_RESOLVES_S1_GAPS,YES,YES,NO,STRATEGY_AGGREGATE_MULTIPLIER,v1.4_FINAL_MODEL_BASED,ALLdis_CEA_v3.0,NONE,完整建模的增量政策成本；v16主分析补入持续传播维护成本,STANDARD_LABEL,D9_MAIN_FULL_MAINTENANCE,1.0,1.0,FORMAL_PARENT_2025_2034,CVD_V16_LOCKED,,209032160.00000003
S2,STRUCTURAL_ANCHOR,2025,payer,341073640.971,modelled,S2_COMPONENT_METHOD,FORMAL_SELECTED; PROCUREMENT_PACKAGE_EXCLUDED,NOT_APPLICABLE,NOT_APPLICABLE,,not_applicable,,,,conditional_not_standardized_across_all_modules,,conditional_not_standardized_across_all_modules,NOT_APPLICABLE,2025,CNY,AUDITED_CORE,S2_AUDITED_CORE_WITH_S0_INCREMENTAL_FACTOR,MODEL_ASSUMPTION_RESOLVES_S0_DEDUCTION,YES,YES,NO,STRATEGY_AGGREGATE_MULTIPLIER,v1.4_FINAL_MODEL_BASED,ALLdis_CEA_v3.0,NONE,可审计核心成本，不得表述为完整社区组织政策总成本,MUST_LABEL_AUDITED_CORE,D9_MAIN_FULL_MAINTENANCE,1.0,1.0,FORMAL_PARENT_2025_2034,CVD_V16_LOCKED,,341073640.971
S3,STRUCTURAL_ANCHOR,2025,payer,0.0,modelled,NOT_APPLICABLE,NOT_APPLICABLE,NOT_APPLICABLE,NOT_APPLICABLE,,not_applicable,,,,conditional_not_standardized_across_all_modules,,conditional_not_standardized_across_all_modules,NOT_APPLICABLE,2025,CNY,AUDITED_CORE,S3_AUDITED_QUANTIFIED_CORE,EXPLICIT_CORE_COST_BOUNDARY,YES,YES,NO,STRATEGY_AGGREGATE_MULTIPLIER,v1.4_FINAL_MODEL_BASED,ALLdis_CEA_v3.0,NONE,可审计量化核心成本，不得表述为完整设施政策总成本,MUST_LABEL_AUDITED_CORE,D9_MAIN_FULL_MAINTENANCE,1.0,1.0,FORMAL_PARENT_2025_2034,CVD_V16_LOCKED,0.0,0.0
S4,STRUCTURAL_ANCHOR,2025,payer,101698499.84,modelled,NOT_APPLICABLE,NOT_APPLICABLE,NOT_APPLICABLE,NOT_APPLICABLE,,not_applicable,,,,conditional_not_standardized_across_all_modules,,conditional_not_standardized_across_all_modules,NOT_APPLICABLE,2025,CNY,AUDITED_CORE,S4_AUDITED_QUANTIFIED_CORE,EXPLICIT_CORE_COST_BOUNDARY,YES,YES,NO,STRATEGY_AGGREGATE_MULTIPLIER,v1.4_FINAL_MODEL_BASED,ALLdis_CEA_v3.0,NONE,可审计量化核心成本，不得表述为完整体卫融合政策总成本,MUST_LABEL_AUDITED_CORE,D9_MAIN_FULL_MAINTENANCE,1.0,1.0,FORMAL_PARENT_2025_2034,CVD_V16_LOCKED,,101698499.84
S5,STRUCTURAL_ANCHOR,2025,payer,332397560.0,modelled,NOT_APPLICABLE,NOT_APPLICABLE,MODEL_UNSPECIFIED,conditional_metadata_gap,6000000.0,identified_cash_transfer_in_payer_cost,,,,conditional_not_standardized_across_all_modules,,conditional_not_standardized_across_all_modules,NOT_APPLICABLE,2025,CNY,FULL_MODELLED_INCREMENTAL,S5_NATIONAL_DEPLOYMENT_COMPLETION_MODEL,MODEL_ASSUMPTION_RESOLVES_S5_GAPS,YES,YES,NO,STRATEGY_AGGREGATE_MULTIPLIER,v1.4_FINAL_MODEL_BASED,ALLdis_CEA_v3.0,NONE,完整建模的增量部署成本；支付方成本含可识别转移支付,STANDARD_LABEL,D9_MAIN_FULL_MAINTENANCE,1.0,1.0,FORMAL_PARENT_2025_2034,CVD_V16_LOCKED,0.0,332397560.0
S6,STRUCTURAL_ANCHOR,2025,payer,976964360.811,modelled,NOT_APPLICABLE,NOT_APPLICABLE,S6_COMPOSITE_INCLUDES_S5_MODEL_UNSPECIFIED,conditional_metadata_gap,,conditional_embedded_composite_not_separately_estimable,,,,conditional_not_standardized_across_all_modules,,conditional_not_standardized_across_all_modules,SHARED_POOL_LEVEL,2025,CNY,DEDUPLICATED_COMPOSITE,S6_DEDUP_CORE_PLUS_MODULE_DELTAS_AND_MICROCOST_COORDINATION,MODEL_ASSUMPTION_RESOLVES_COORDINATION_AND_SHARED_POOL_GAPS,YES,YES,NO,STRATEGY_AGGREGATE_MULTIPLIER,v1.4_FINAL_MODEL_BASED,ALLdis_CEA_v3.0,NONE,跨模块去重后的综合政策包成本,STANDARD_LABEL,D9_MAIN_FULL_MAINTENANCE,1.0,1.0,FORMAL_PARENT_2025_2034,CVD_V16_LOCKED,0.0,976964360.811
S7,STRUCTURAL_ANCHOR,2025,payer,,missing_intentionally_undefined,NOT_APPLICABLE,NOT_APPLICABLE,NOT_APPLICABLE,NOT_APPLICABLE,,missing_intentionally_undefined,,,,missing_intentionally_undefined,,missing_intentionally_undefined,NOT_APPLICABLE,2025,CNY,THRESHOLD_ONLY,BUDGET_THRESHOLD_STRATEGY,INTENTIONALLY_UNDEFINED,NOT_APPLICABLE,NOT_APPLICABLE,NO,STRATEGY_AGGREGATE_MULTIPLIER,v1.4_FINAL_MODEL_BASED,ALLdis_CEA_v3.0,NONE,目标阈值情景，成本有意不估计,STANDARD_LABEL,D9_MAIN_FULL_MAINTENANCE,,,FORMAL_PARENT_2025_2034,CVD_V16_LOCKED,,
S0,STRUCTURAL_ANCHOR,2026,payer,0.0,modelled,NOT_APPLICABLE,NOT_APPLICABLE,NOT_APPLICABLE,NOT_APPLICABLE,,not_applicable,,,,not_applicable,,not_applicable,NOT_APPLICABLE,2025,CNY,REFERENCE,REFERENCE_NO_ADDITIONAL_POLICY,NONE_STRUCTURAL_ZERO,YES,YES,NO,STRATEGY_AGGREGATE_MULTIPLIER,v1.4_FINAL_MODEL_BASED,ALLdis_CEA_v3.0,NONE,基线参照：无新增政策成本,STANDARD_LABEL,D9_MAIN_FULL_MAINTENANCE,,,FORMAL_PARENT_2025_2034,CVD_V16_LOCKED,,0.0
S1,STRUCTURAL_ANCHOR,2026,payer,169032160.00000003,modelled,NOT_APPLICABLE,NOT_APPLICABLE,NOT_APPLICABLE,NOT_APPLICABLE,,not_applicable,,,,conditional_not_standardized_across_all_modules,,conditional_not_standardized_across_all_modules,NOT_APPLICABLE,2025,CNY,FULL_MODELLED_INCREMENTAL,S1_COMPLETION_MODEL,MODEL_ASSUMPTION_RESOLVES_S1_GAPS,YES,YES,NO,STRATEGY_AGGREGATE_MULTIPLIER,v1.4_FINAL_MODEL_BASED,ALLdis_CEA_v3.0,NONE,完整建模的增量政策成本；v16主分析补入持续传播维护成本,STANDARD_LABEL,D9_MAIN_FULL_MAINTENANCE,1.0,1.0,FORMAL_PARENT_2025_2034,CVD_V16_LOCKED,,164108893.20388353
S2,STRUCTURAL_ANCHOR,2026,payer,672454023.9210001,modelled,S2_COMPONENT_METHOD,FORMAL_SELECTED; PROCUREMENT_PACKAGE_EXCLUDED,NOT_APPLICABLE,NOT_APPLICABLE,,not_applicable,,,,conditional_not_standardized_across_all_modules,,conditional_not_standardized_across_all_modules,NOT_APPLICABLE,2025,CNY,AUDITED_CORE,S2_AUDITED_CORE_WITH_S0_INCREMENTAL_FACTOR,MODEL_ASSUMPTION_RESOLVES_S0_DEDUCTION,YES,YES,NO,STRATEGY_AGGREGATE_MULTIPLIER,v1.4_FINAL_MODEL_BASED,ALLdis_CEA_v3.0,NONE,可审计核心成本，不得表述为完整社区组织政策总成本,MUST_LABEL_AUDITED_CORE,D9_MAIN_FULL_MAINTENANCE,1.0,1.0,FORMAL_PARENT_2025_2034,CVD_V16_LOCKED,,652867984.3893205
S3,STRUCTURAL_ANCHOR,2026,payer,2368156624.66,modelled,NOT_APPLICABLE,NOT_APPLICABLE,NOT_APPLICABLE,NOT_APPLICABLE,,not_applicable,,,,conditional_not_standardized_across_all_modules,,conditional_not_standardized_across_all_modules,NOT_APPLICABLE,2025,CNY,AUDITED_CORE,S3_AUDITED_QUANTIFIED_CORE,EXPLICIT_CORE_COST_BOUNDARY,YES,YES,NO,STRATEGY_AGGREGATE_MULTIPLIER,v1.4_FINAL_MODEL_BASED,ALLdis_CEA_v3.0,NONE,可审计量化核心成本，不得表述为完整设施政策总成本,MUST_LABEL_AUDITED_CORE,D9_MAIN_FULL_MAINTENANCE,1.0,1.0,FORMAL_PARENT_2025_2034,CVD_V16_LOCKED,0.0,2299181188.990291
S4,STRUCTURAL_ANCHOR,2026,payer,198222689.04,modelled,NOT_APPLICABLE,NOT_APPLICABLE,NOT_APPLICABLE,NOT_APPLICABLE,,not_applicable,,,,conditional_not_standardized_across_all_modules,,conditional_not_standardized_across_all_modules,NOT_APPLICABLE,2025,CNY,AUDITED_CORE,S4_AUDITED_QUANTIFIED_CORE,EXPLICIT_CORE_COST_BOUNDARY,YES,YES,NO,STRATEGY_AGGREGATE_MULTIPLIER,v1.4_FINAL_MODEL_BASED,ALLdis_CEA_v3.0,NONE,可审计量化核心成本，不得表述为完整体卫融合政策总成本,MUST_LABEL_AUDITED_CORE,D9_MAIN_FULL_MAINTENANCE,1.0,1.0,FORMAL_PARENT_2025_2034,CVD_V16_LOCKED,,192449212.66019416
S5,STRUCTURAL_ANCHOR,2026,payer,126093560.0,modelled,NOT_APPLICABLE,NOT_APPLICABLE,MODEL_UNSPECIFIED,conditional_metadata_gap,26000000.0,identified_cash_transfer_in_payer_cost,,,,conditional_not_standardized_across_all_modules,,conditional_not_standardized_across_all_modules,NOT_APPLICABLE,2025,CNY,FULL_MODELLED_INCREMENTAL,S5_NATIONAL_DEPLOYMENT_COMPLETION_MODEL,MODEL_ASSUMPTION_RESOLVES_S5_GAPS,YES,YES,NO,STRATEGY_AGGREGATE_MULTIPLIER,v1.4_FINAL_MODEL_BASED,ALLdis_CEA_v3.0,NONE,完整建模的增量部署成本；支付方成本含可识别转移支付,STANDARD_LABEL,D9_MAIN_FULL_MAINTENANCE,1.0,1.0,FORMAL_PARENT_2025_2034,CVD_V16_LOCKED,0.0,122420932.03883494
S6,STRUCTURAL_ANCHOR,2026,payer,3519004057.621,modelled,NOT_APPLICABLE,NOT_APPLICABLE,S6_COMPOSITE_INCLUDES_S5_MODEL_UNSPECIFIED,conditional_metadata_gap,,conditional_embedded_composite_not_separately_estimable,,,,conditional_not_standardized_across_all_modules,,conditional_not_standardized_across_all_modules,SHARED_POOL_LEVEL,2025,CNY,DEDUPLICATED_COMPOSITE,S6_DEDUP_CORE_PLUS_MODULE_DELTAS_AND_MICROCOST_COORDINATION,MODEL_ASSUMPTION_RESOLVES_COORDINATION_AND_SHARED_POOL_GAPS,YES,YES,NO,STRATEGY_AGGREGATE_MULTIPLIER,v1.4_FINAL_MODEL_BASED,ALLdis_CEA_v3.0,NONE,跨模块去重后的综合政策包成本,STANDARD_LABEL,D9_MAIN_FULL_MAINTENANCE,1.0,1.0,FORMAL_PARENT_2025_2034,CVD_V16_LOCKED,0.0,3416508793.806796
S7,STRUCTURAL_ANCHOR,2026,payer,,missing_intentionally_undefined,NOT_APPLICABLE,NOT_APPLICABLE,NOT_APPLICABLE,NOT_APPLICABLE,,missing_intentionally_undefined,,,,missing_intentionally_undefined,,missing_intentionally_undefined,NOT_APPLICABLE,2025,CNY,THRESHOLD_ONLY,BUDGET_THRESHOLD_STRATEGY,INTENTIONALLY_UNDEFINED,NOT_APPLICABLE,NOT_APPLICABLE,NO,STRATEGY_AGGREGATE_MULTIPLIER,v1.4_FINAL_MODEL_BASED,ALLdis_CEA_v3.0,NONE,目标阈值情景，成本有意不估计,STANDARD_LABEL,D9_MAIN_FULL_MAINTENANCE,,,FORMAL_PARENT_2025_2034,CVD_V16_LOCKED,,
S0,STRUCTURAL_ANCHOR,2027,payer,0.0,modelled,NOT_APPLICABLE,NOT_APPLICABLE,NOT_APPLICABLE,NOT_APPLICABLE,,not_applicable,,,,not_applicable,,not_applicable,NOT_APPLICABLE,2025,CNY,REFERENCE,REFERENCE_NO_ADDITIONAL_POLICY,NONE_STRUCTURAL_ZERO,YES,YES,NO,STRATEGY_AGGREGATE_MULTIPLIER,v1.4_FINAL_MODEL_BASED,ALLdis_CEA_v3.0,NONE,基线参照：无新增政策成本,STANDARD_LABEL,D9_MAIN_FULL_MAINTENANCE,,,FORMAL_PARENT_2025_2034,CVD_V16_LOCKED,,0.0
S1,STRUCTURAL_ANCHOR,2027,payer,169032160.00000003,modelled,NOT_APPLICABLE,NOT_APPLICABLE,NOT_APPLICABLE,NOT_APPLICABLE,,not_applicable,,,,conditional_not_standardized_across_all_modules,,conditional_not_standardized_across_all_modules,NOT_APPLICABLE,2025,CNY,FULL_MODELLED_INCREMENTAL,S1_COMPLETION_MODEL,MODEL_ASSUMPTION_RESOLVES_S1_GAPS,YES,YES,NO,STRATEGY_AGGREGATE_MULTIPLIER,v1.4_FINAL_MODEL_BASED,ALLdis_CEA_v3.0,NONE,完整建模的增量政策成本；v16主分析补入持续传播维护成本,STANDARD_LABEL,D9_MAIN_FULL_MAINTENANCE,1.0,1.0,FORMAL_PARENT_2025_2034,CVD_V16_LOCKED,,159329022.52804226
S2,STRUCTURAL_ANCHOR,2027,payer,1006763232.969,modelled,S2_COMPONENT_METHOD,FORMAL_SELECTED; PROCUREMENT_PACKAGE_EXCLUDED,NOT_APPLICABLE,NOT_APPLICABLE,,not_applicable,,,,conditional_not_standardized_across_all_modules,,conditional_not_standardized_across_all_modules,NOT_APPLICABLE,2025,CNY,AUDITED_CORE,S2_AUDITED_CORE_WITH_S0_INCREMENTAL_FACTOR,MODEL_ASSUMPTION_RESOLVES_S0_DEDUCTION,YES,YES,NO,STRATEGY_AGGREGATE_MULTIPLIER,v1.4_FINAL_MODEL_BASED,ALLdis_CEA_v3.0,NONE,可审计核心成本，不得表述为完整社区组织政策总成本,MUST_LABEL_AUDITED_CORE,D9_MAIN_FULL_MAINTENANCE,1.0,1.0,FORMAL_PARENT_2025_2034,CVD_V16_LOCKED,,948970904.8628523
S3,STRUCTURAL_ANCHOR,2027,payer,2385756624.66,modelled,NOT_APPLICABLE,NOT_APPLICABLE,NOT_APPLICABLE,NOT_APPLICABLE,,not_applicable,,,,conditional_not_standardized_across_all_modules,,conditional_not_standardized_across_all_modules,NOT_APPLICABLE,2025,CNY,AUDITED_CORE,S3_AUDITED_QUANTIFIED_CORE,EXPLICIT_CORE_COST_BOUNDARY,YES,YES,NO,STRATEGY_AGGREGATE_MULTIPLIER,v1.4_FINAL_MODEL_BASED,ALLdis_CEA_v3.0,NONE,可审计量化核心成本，不得表述为完整设施政策总成本,MUST_LABEL_AUDITED_CORE,D9_MAIN_FULL_MAINTENANCE,1.0,1.0,FORMAL_PARENT_2025_2034,CVD_V16_LOCKED,0.0,2248804434.59327
S4,STRUCTURAL_ANCHOR,2027,payer,368678183.94,modelled,NOT_APPLICABLE,NOT_APPLICABLE,NOT_APPLICABLE,NOT_APPLICABLE,,not_applicable,,,,conditional_not_standardized_across_all_modules,,conditional_not_standardized_across_all_modules,NOT_APPLICABLE,2025,CNY,AUDITED_CORE,S4_AUDITED_QUANTIFIED_CORE,EXPLICIT_CORE_COST_BOUNDARY,YES,YES,NO,STRATEGY_AGGREGATE_MULTIPLIER,v1.4_FINAL_MODEL_BASED,ALLdis_CEA_v3.0,NONE,可审计量化核心成本，不得表述为完整体卫融合政策总成本,MUST_LABEL_AUDITED_CORE,D9_MAIN_FULL_MAINTENANCE,1.0,1.0,FORMAL_PARENT_2025_2034,CVD_V16_LOCKED,,347514547.96870583
S5,STRUCTURAL_ANCHOR,2027,payer,149680760.0,modelled,NOT_APPLICABLE,NOT_APPLICABLE,MODEL_UNSPECIFIED,conditional_metadata_gap,40000000.0,identified_cash_transfer_in_payer_cost,,,,conditional_not_standardized_across_all_modules,,conditional_not_standardized_across_all_modules,NOT_APPLICABLE,2025,CNY,FULL_MODELLED_INCREMENTAL,S5_NATIONAL_DEPLOYMENT_COMPLETION_MODEL,MODEL_ASSUMPTION_RESOLVES_S5_GAPS,YES,YES,NO,STRATEGY_AGGREGATE_MULTIPLIER,v1.4_FINAL_MODEL_BASED,ALLdis_CEA_v3.0,NONE,完整建模的增量部署成本；支付方成本含可识别转移支付,STANDARD_LABEL,D9_MAIN_FULL_MAINTENANCE,1.0,1.0,FORMAL_PARENT_2025_2034,CVD_V16_LOCKED,0.0,141088472.0520313
S6,STRUCTURAL_ANCHOR,2027,payer,4058568461.569,modelled,NOT_APPLICABLE,NOT_APPLICABLE,S6_COMPOSITE_INCLUDES_S5_MODEL_UNSPECIFIED,conditional_metadata_gap,,conditional_embedded_composite_not_separately_estimable,,,,conditional_not_standardized_across_all_modules,,conditional_not_standardized_across_all_modules,SHARED_POOL_LEVEL,2025,CNY,DEDUPLICATED_COMPOSITE,S6_DEDUP_CORE_PLUS_MODULE_DELTAS_AND_MICROCOST_COORDINATION,MODEL_ASSUMPTION_RESOLVES_COORDINATION_AND_SHARED_POOL_GAPS,YES,YES,NO,STRATEGY_AGGREGATE_MULTIPLIER,v1.4_FINAL_MODEL_BASED,ALLdis_CEA_v3.0,NONE,跨模块去重后的综合政策包成本,STANDARD_LABEL,D9_MAIN_FULL_MAINTENANCE,1.0,1.0,FORMAL_PARENT_2025_2034,CVD_V16_LOCKED,0.0,3825590028.814214
S7,STRUCTURAL_ANCHOR,2027,payer,,missing_intentionally_undefined,NOT_APPLICABLE,NOT_APPLICABLE,NOT_APPLICABLE,NOT_APPLICABLE,,missing_intentionally_undefined,,,,missing_intentionally_undefined,,missing_intentionally_undefined,NOT_APPLICABLE,2025,CNY,THRESHOLD_ONLY,BUDGET_THRESHOLD_STRATEGY,INTENTIONALLY_UNDEFINED,NOT_APPLICABLE,NOT_APPLICABLE,NO,STRATEGY_AGGREGATE_MULTIPLIER,v1.4_FINAL_MODEL_BASED,ALLdis_CEA_v3.0,NONE,目标阈值情景，成本有意不估计,STANDARD_LABEL,D9_MAIN_FULL_MAINTENANCE,,,FORMAL_PARENT_2025_2034,CVD_V16_LOCKED,,
S0,STRUCTURAL_ANCHOR,2028,payer,0.0,modelled,NOT_APPLICABLE,NOT_APPLICABLE,NOT_APPLICABLE,NOT_APPLICABLE,,not_applicable,,,,not_applicable,,not_applicable,NOT_APPLICABLE,2025,CNY,REFERENCE,REFERENCE_NO_ADDITIONAL_POLICY,NONE_STRUCTURAL_ZERO,YES,YES,NO,STRATEGY_AGGREGATE_MULTIPLIER,v1.4_FINAL_MODEL_BASED,ALLdis_CEA_v3.0,NONE,基线参照：无新增政策成本,STANDARD_LABEL,D9_MAIN_FULL_MAINTENANCE,,,FORMAL_PARENT_2025_2034,CVD_V16_LOCKED,,0.0
S1,STRUCTURAL_ANCHOR,2028,payer,169032160.00000003,modelled_v16_temporal_alignment,NOT_APPLICABLE,NOT_APPLICABLE,NOT_APPLICABLE,NOT_APPLICABLE,,not_applicable,,,,conditional_not_standardized_across_all_modules,,conditional_not_standardized_across_all_modules,NOT_APPLICABLE,2025,CNY,FULL_MODELLED_INCREMENTAL,S1_COMPLETION_MODEL,MODEL_ASSUMPTION_RESOLVES_S1_GAPS,YES,YES,NO,STRATEGY_AGGREGATE_MULTIPLIER,v1.4_FINAL_MODEL_BASED,ALLdis_CEA_v3.0,S1_RECURRING_MAINTENANCE_FROM_2027,完整建模的增量政策成本；v16主分析补入持续传播维护成本,STANDARD_LABEL,D9_MAIN_FULL_MAINTENANCE,1.0,1.0,FORMAL_PARENT_2025_2034,CVD_V16_LOCKED,,154688371.3864488
S2,STRUCTURAL_ANCHOR,2028,payer,1344153519.837,modelled,S2_COMPONENT_METHOD,FORMAL_SELECTED; PROCUREMENT_PACKAGE_EXCLUDED,NOT_APPLICABLE,NOT_APPLICABLE,,not_applicable,,,,conditional_not_standardized_across_all_modules,,conditional_not_standardized_across_all_modules,NOT_APPLICABLE,2025,CNY,AUDITED_CORE,S2_AUDITED_CORE_WITH_S0_INCREMENTAL_FACTOR,MODEL_ASSUMPTION_RESOLVES_S0_DEDUCTION,YES,YES,NO,STRATEGY_AGGREGATE_MULTIPLIER,v1.4_FINAL_MODEL_BASED,ALLdis_CEA_v3.0,NONE,可审计核心成本，不得表述为完整社区组织政策总成本,MUST_LABEL_AUDITED_CORE,D9_MAIN_FULL_MAINTENANCE,1.0,1.0,FORMAL_PARENT_2025_2034,CVD_V16_LOCKED,,1230090882.5690222
S3,STRUCTURAL_ANCHOR,2028,payer,2403356624.66,modelled,NOT_APPLICABLE,NOT_APPLICABLE,NOT_APPLICABLE,NOT_APPLICABLE,,not_applicable,,,,conditional_not_standardized_across_all_modules,,conditional_not_standardized_across_all_modules,NOT_APPLICABLE,2025,CNY,AUDITED_CORE,S3_AUDITED_QUANTIFIED_CORE,EXPLICIT_CORE_COST_BOUNDARY,YES,YES,NO,STRATEGY_AGGREGATE_MULTIPLIER,v1.4_FINAL_MODEL_BASED,ALLdis_CEA_v3.0,NONE,可审计量化核心成本，不得表述为完整设施政策总成本,MUST_LABEL_AUDITED_CORE,D9_MAIN_FULL_MAINTENANCE,1.0,1.0,FORMAL_PARENT_2025_2034,CVD_V16_LOCKED,0.0,2199411769.508761
S4,STRUCTURAL_ANCHOR,2028,payer,483343371.72,modelled,NOT_APPLICABLE,NOT_APPLICABLE,NOT_APPLICABLE,NOT_APPLICABLE,,not_applicable,,,,conditional_not_standardized_across_all_modules,,conditional_not_standardized_across_all_modules,NOT_APPLICABLE,2025,CNY,AUDITED_CORE,S4_AUDITED_QUANTIFIED_CORE,EXPLICIT_CORE_COST_BOUNDARY,YES,YES,NO,STRATEGY_AGGREGATE_MULTIPLIER,v1.4_FINAL_MODEL_BASED,ALLdis_CEA_v3.0,NONE,可审计量化核心成本，不得表述为完整体卫融合政策总成本,MUST_LABEL_AUDITED_CORE,D9_MAIN_FULL_MAINTENANCE,1.0,1.0,FORMAL_PARENT_2025_2034,CVD_V16_LOCKED,,442327655.23319185
S5,STRUCTURAL_ANCHOR,2028,payer,149680760.0,modelled,NOT_APPLICABLE,NOT_APPLICABLE,MODEL_UNSPECIFIED,conditional_metadata_gap,40000000.0,identified_cash_transfer_in_payer_cost,,,,conditional_not_standardized_across_all_modules,,conditional_not_standardized_across_all_modules,NOT_APPLICABLE,2025,CNY,FULL_MODELLED_INCREMENTAL,S5_NATIONAL_DEPLOYMENT_COMPLETION_MODEL,MODEL_ASSUMPTION_RESOLVES_S5_GAPS,YES,YES,NO,STRATEGY_AGGREGATE_MULTIPLIER,v1.4_FINAL_MODEL_BASED,ALLdis_CEA_v3.0,NONE,完整建模的增量部署成本；支付方成本含可识别转移支付,STANDARD_LABEL,D9_MAIN_FULL_MAINTENANCE,1.0,1.0,FORMAL_PARENT_2025_2034,CVD_V16_LOCKED,0.0,136979099.07964203
S6,STRUCTURAL_ANCHOR,2028,payer,4352804276.217001,modelled,NOT_APPLICABLE,NOT_APPLICABLE,S6_COMPOSITE_INCLUDES_S5_MODEL_UNSPECIFIED,conditional_metadata_gap,,conditional_embedded_composite_not_separately_estimable,,,,conditional_not_standardized_across_all_modules,,conditional_not_standardized_across_all_modules,SHARED_POOL_LEVEL,2025,CNY,DEDUPLICATED_COMPOSITE,S6_DEDUP_CORE_PLUS_MODULE_DELTAS_AND_MICROCOST_COORDINATION,MODEL_ASSUMPTION_RESOLVES_COORDINATION_AND_SHARED_POOL_GAPS,YES,YES,NO,STRATEGY_AGGREGATE_MULTIPLIER,v1.4_FINAL_MODEL_BASED,ALLdis_CEA_v3.0,NONE,跨模块去重后的综合政策包成本,STANDARD_LABEL,D9_MAIN_FULL_MAINTENANCE,1.0,1.0,FORMAL_PARENT_2025_2034,CVD_V16_LOCKED,0.0,3983432528.176755
S7,STRUCTURAL_ANCHOR,2028,payer,,missing_intentionally_undefined,NOT_APPLICABLE,NOT_APPLICABLE,NOT_APPLICABLE,NOT_APPLICABLE,,missing_intentionally_undefined,,,,missing_intentionally_undefined,,missing_intentionally_undefined,NOT_APPLICABLE,2025,CNY,THRESHOLD_ONLY,BUDGET_THRESHOLD_STRATEGY,INTENTIONALLY_UNDEFINED,NOT_APPLICABLE,NOT_APPLICABLE,NO,STRATEGY_AGGREGATE_MULTIPLIER,v1.4_FINAL_MODEL_BASED,ALLdis_CEA_v3.0,NONE,目标阈值情景，成本有意不估计,STANDARD_LABEL,D9_MAIN_FULL_MAINTENANCE,,,FORMAL_PARENT_2025_2034,CVD_V16_LOCKED,,
S0,STRUCTURAL_ANCHOR,2029,payer,0.0,modelled,NOT_APPLICABLE,NOT_APPLICABLE,NOT_APPLICABLE,NOT_APPLICABLE,,not_applicable,,,,not_applicable,,not_applicable,NOT_APPLICABLE,2025,CNY,REFERENCE,REFERENCE_NO_ADDITIONAL_POLICY,NONE_STRUCTURAL_ZERO,YES,YES,NO,STRATEGY_AGGREGATE_MULTIPLIER,v1.4_FINAL_MODEL_BASED,ALLdis_CEA_v3.0,NONE,基线参照：无新增政策成本,STANDARD_LABEL,D9_MAIN_FULL_MAINTENANCE,,,FORMAL_PARENT_2025_2034,CVD_V16_LOCKED,,0.0
S1,STRUCTURAL_ANCHOR,2029,payer,169032160.00000003,modelled_v16_temporal_alignment,NOT_APPLICABLE,NOT_APPLICABLE,NOT_APPLICABLE,NOT_APPLICABLE,,not_applicable,,,,conditional_not_standardized_across_all_modules,,conditional_not_standardized_across_all_modules,NOT_APPLICABLE,2025,CNY,FULL_MODELLED_INCREMENTAL,S1_COMPLETION_MODEL,MODEL_ASSUMPTION_RESOLVES_S1_GAPS,YES,YES,NO,STRATEGY_AGGREGATE_MULTIPLIER,v1.4_FINAL_MODEL_BASED,ALLdis_CEA_v3.0,S1_RECURRING_MAINTENANCE_FROM_2027,完整建模的增量政策成本；v16主分析补入持续传播维护成本,STANDARD_LABEL,D9_MAIN_FULL_MAINTENANCE,1.0,1.0,FORMAL_PARENT_2025_2034,CVD_V16_LOCKED,,150182884.8412124
S2,STRUCTURAL_ANCHOR,2029,payer,1684788986.952,modelled,S2_COMPONENT_METHOD,FORMAL_SELECTED; PROCUREMENT_PACKAGE_EXCLUDED,NOT_APPLICABLE,NOT_APPLICABLE,,not_applicable,,,,conditional_not_standardized_across_all_modules,,conditional_not_standardized_across_all_modules,NOT_APPLICABLE,2025,CNY,AUDITED_CORE,S2_AUDITED_CORE_WITH_S0_INCREMENTAL_FACTOR,MODEL_ASSUMPTION_RESOLVES_S0_DEDUCTION,YES,YES,NO,STRATEGY_AGGREGATE_MULTIPLIER,v1.4_FINAL_MODEL_BASED,ALLdis_CEA_v3.0,NONE,可审计核心成本，不得表述为完整社区组织政策总成本,MUST_LABEL_AUDITED_CORE,D9_MAIN_FULL_MAINTENANCE,1.0,1.0,FORMAL_PARENT_2025_2034,CVD_V16_LOCKED,,1496913193.3778462
S3,STRUCTURAL_ANCHOR,2029,payer,2420956624.66,modelled,NOT_APPLICABLE,NOT_APPLICABLE,NOT_APPLICABLE,NOT_APPLICABLE,,not_applicable,,,,conditional_not_standardized_across_all_modules,,conditional_not_standardized_across_all_modules,NOT_APPLICABLE,2025,CNY,AUDITED_CORE,S3_AUDITED_QUANTIFIED_CORE,EXPLICIT_CORE_COST_BOUNDARY,YES,YES,NO,STRATEGY_AGGREGATE_MULTIPLIER,v1.4_FINAL_MODEL_BASED,ALLdis_CEA_v3.0,NONE,可审计量化核心成本，不得表述为完整设施政策总成本,MUST_LABEL_AUDITED_CORE,D9_MAIN_FULL_MAINTENANCE,1.0,1.0,FORMAL_PARENT_2025_2034,CVD_V16_LOCKED,0.0,2150988604.5760937
S4,STRUCTURAL_ANCHOR,2029,payer,598008559.5,modelled,NOT_APPLICABLE,NOT_APPLICABLE,NOT_APPLICABLE,NOT_APPLICABLE,,not_applicable,,,,conditional_not_standardized_across_all_modules,,conditional_not_standardized_across_all_modules,NOT_APPLICABLE,2025,CNY,AUDITED_CORE,S4_AUDITED_QUANTIFIED_CORE,EXPLICIT_CORE_COST_BOUNDARY,YES,YES,NO,STRATEGY_AGGREGATE_MULTIPLIER,v1.4_FINAL_MODEL_BASED,ALLdis_CEA_v3.0,NONE,可审计量化核心成本，不得表述为完整体卫融合政策总成本,MUST_LABEL_AUDITED_CORE,D9_MAIN_FULL_MAINTENANCE,1.0,1.0,FORMAL_PARENT_2025_2034,CVD_V16_LOCKED,,531322859.65846854
S5,STRUCTURAL_ANCHOR,2029,payer,149680760.0,modelled,NOT_APPLICABLE,NOT_APPLICABLE,MODEL_UNSPECIFIED,conditional_metadata_gap,40000000.0,identified_cash_transfer_in_payer_cost,,,,conditional_not_standardized_across_all_modules,,conditional_not_standardized_across_all_modules,NOT_APPLICABLE,2025,CNY,FULL_MODELLED_INCREMENTAL,S5_NATIONAL_DEPLOYMENT_COMPLETION_MODEL,MODEL_ASSUMPTION_RESOLVES_S5_GAPS,YES,YES,NO,STRATEGY_AGGREGATE_MULTIPLIER,v1.4_FINAL_MODEL_BASED,ALLdis_CEA_v3.0,NONE,完整建模的增量部署成本；支付方成本含可识别转移支付,STANDARD_LABEL,D9_MAIN_FULL_MAINTENANCE,1.0,1.0,FORMAL_PARENT_2025_2034,CVD_V16_LOCKED,0.0,132989416.58217672
S6,STRUCTURAL_ANCHOR,2029,payer,4819317431.112,modelled,NOT_APPLICABLE,NOT_APPLICABLE,S6_COMPOSITE_INCLUDES_S5_MODEL_UNSPECIFIED,conditional_metadata_gap,,conditional_embedded_composite_not_separately_estimable,,,,conditional_not_standardized_across_all_modules,,conditional_not_standardized_across_all_modules,SHARED_POOL_LEVEL,2025,CNY,DEDUPLICATED_COMPOSITE,S6_DEDUP_CORE_PLUS_MODULE_DELTAS_AND_MICROCOST_COORDINATION,MODEL_ASSUMPTION_RESOLVES_COORDINATION_AND_SHARED_POOL_GAPS,YES,YES,NO,STRATEGY_AGGREGATE_MULTIPLIER,v1.4_FINAL_MODEL_BASED,ALLdis_CEA_v3.0,NONE,跨模块去重后的综合政策包成本,STANDARD_LABEL,D9_MAIN_FULL_MAINTENANCE,1.0,1.0,FORMAL_PARENT_2025_2034,CVD_V16_LOCKED,0.0,4281901117.337322
S7,STRUCTURAL_ANCHOR,2029,payer,,missing_intentionally_undefined,NOT_APPLICABLE,NOT_APPLICABLE,NOT_APPLICABLE,NOT_APPLICABLE,,missing_intentionally_undefined,,,,missing_intentionally_undefined,,missing_intentionally_undefined,NOT_APPLICABLE,2025,CNY,THRESHOLD_ONLY,BUDGET_THRESHOLD_STRATEGY,INTENTIONALLY_UNDEFINED,NOT_APPLICABLE,NOT_APPLICABLE,NO,STRATEGY_AGGREGATE_MULTIPLIER,v1.4_FINAL_MODEL_BASED,ALLdis_CEA_v3.0,NONE,目标阈值情景，成本有意不估计,STANDARD_LABEL,D9_MAIN_FULL_MAINTENANCE,,,FORMAL_PARENT_2025_2034,CVD_V16_LOCKED,,
S0,STRUCTURAL_ANCHOR,2030,payer,0.0,modelled,NOT_APPLICABLE,NOT_APPLICABLE,NOT_APPLICABLE,NOT_APPLICABLE,,not_applicable,,,,not_applicable,,not_applicable,NOT_APPLICABLE,2025,CNY,REFERENCE,REFERENCE_NO_ADDITIONAL_POLICY,NONE_STRUCTURAL_ZERO,YES,YES,NO,STRATEGY_AGGREGATE_MULTIPLIER,v1.4_FINAL_MODEL_BASED,ALLdis_CEA_v3.0,NONE,基线参照：无新增政策成本,STANDARD_LABEL,D9_MAIN_FULL_MAINTENANCE,,,FORMAL_PARENT_2025_2034,CVD_V16_LOCKED,,0.0
S1,STRUCTURAL_ANCHOR,2030,payer,169032160.00000003,modelled_v16_temporal_alignment,NOT_APPLICABLE,NOT_APPLICABLE,NOT_APPLICABLE,NOT_APPLICABLE,,not_applicable,,,,conditional_not_standardized_across_all_modules,,conditional_not_standardized_across_all_modules,NOT_APPLICABLE,2025,CNY,FULL_MODELLED_INCREMENTAL,S1_COMPLETION_MODEL,MODEL_ASSUMPTION_RESOLVES_S1_GAPS,YES,YES,NO,STRATEGY_AGGREGATE_MULTIPLIER,v1.4_FINAL_MODEL_BASED,ALLdis_CEA_v3.0,S1_RECURRING_MAINTENANCE_FROM_2027,完整建模的增量政策成本；v16主分析补入持续传播维护成本,STANDARD_LABEL,D9_MAIN_FULL_MAINTENANCE,1.0,1.0,FORMAL_PARENT_2025_2034,CVD_V16_LOCKED,,145808626.05942953
S2,STRUCTURAL_ANCHOR,2030,payer,1684788986.952,modelled,S2_COMPONENT_METHOD,FORMAL_SELECTED; PROCUREMENT_PACKAGE_EXCLUDED,NOT_APPLICABLE,NOT_APPLICABLE,,not_applicable,,,,conditional_not_standardized_across_all_modules,,conditional_not_standardized_across_all_modules,NOT_APPLICABLE,2025,CNY,AUDITED_CORE,S2_AUDITED_CORE_WITH_S0_INCREMENTAL_FACTOR,MODEL_ASSUMPTION_RESOLVES_S0_DEDUCTION,YES,YES,NO,STRATEGY_AGGREGATE_MULTIPLIER,v1.4_FINAL_MODEL_BASED,ALLdis_CEA_v3.0,NONE,可审计核心成本，不得表述为完整社区组织政策总成本,MUST_LABEL_AUDITED_CORE,D9_MAIN_FULL_MAINTENANCE,1.0,1.0,FORMAL_PARENT_2025_2034,CVD_V16_LOCKED,,1453313779.9784918
S3,STRUCTURAL_ANCHOR,2030,payer,70400000.0,modelled,NOT_APPLICABLE,NOT_APPLICABLE,NOT_APPLICABLE,NOT_APPLICABLE,,not_applicable,,,,conditional_not_standardized_across_all_modules,,conditional_not_standardized_across_all_modules,NOT_APPLICABLE,2025,CNY,AUDITED_CORE,S3_AUDITED_QUANTIFIED_CORE,EXPLICIT_CORE_COST_BOUNDARY,YES,YES,NO,STRATEGY_AGGREGATE_MULTIPLIER,v1.4_FINAL_MODEL_BASED,ALLdis_CEA_v3.0,NONE,可审计量化核心成本，不得表述为完整设施政策总成本,MUST_LABEL_AUDITED_CORE,D9_MAIN_FULL_MAINTENANCE,1.0,1.0,FORMAL_PARENT_2025_2034,CVD_V16_LOCKED,0.0,60727658.42064514
S4,STRUCTURAL_ANCHOR,2030,payer,458660751.12,modelled,NOT_APPLICABLE,NOT_APPLICABLE,NOT_APPLICABLE,NOT_APPLICABLE,,not_applicable,,,,conditional_not_standardized_across_all_modules,,conditional_not_standardized_across_all_modules,NOT_APPLICABLE,2025,CNY,AUDITED_CORE,S4_AUDITED_QUANTIFIED_CORE,EXPLICIT_CORE_COST_BOUNDARY,YES,YES,NO,STRATEGY_AGGREGATE_MULTIPLIER,v1.4_FINAL_MODEL_BASED,ALLdis_CEA_v3.0,NONE,可审计量化核心成本，不得表述为完整体卫融合政策总成本,MUST_LABEL_AUDITED_CORE,D9_MAIN_FULL_MAINTENANCE,1.0,1.0,FORMAL_PARENT_2025_2034,CVD_V16_LOCKED,,395644792.96835077
S5,STRUCTURAL_ANCHOR,2030,payer,149680760.0,modelled,NOT_APPLICABLE,NOT_APPLICABLE,MODEL_UNSPECIFIED,conditional_metadata_gap,40000000.0,identified_cash_transfer_in_payer_cost,,,,conditional_not_standardized_across_all_modules,,conditional_not_standardized_across_all_modules,NOT_APPLICABLE,2025,CNY,FULL_MODELLED_INCREMENTAL,S5_NATIONAL_DEPLOYMENT_COMPLETION_MODEL,MODEL_ASSUMPTION_RESOLVES_S5_GAPS,YES,YES,NO,STRATEGY_AGGREGATE_MULTIPLIER,v1.4_FINAL_MODEL_BASED,ALLdis_CEA_v3.0,NONE,完整建模的增量部署成本；支付方成本含可识别转移支付,STANDARD_LABEL,D9_MAIN_FULL_MAINTENANCE,1.0,1.0,FORMAL_PARENT_2025_2034,CVD_V16_LOCKED,0.0,129115938.42929779
S6,STRUCTURAL_ANCHOR,2030,payer,2329532998.072,modelled,NOT_APPLICABLE,NOT_APPLICABLE,S6_COMPOSITE_INCLUDES_S5_MODEL_UNSPECIFIED,conditional_metadata_gap,,conditional_embedded_composite_not_separately_estimable,,,,conditional_not_standardized_across_all_modules,,conditional_not_standardized_across_all_modules,SHARED_POOL_LEVEL,2025,CNY,DEDUPLICATED_COMPOSITE,S6_DEDUP_CORE_PLUS_MODULE_DELTAS_AND_MICROCOST_COORDINATION,MODEL_ASSUMPTION_RESOLVES_COORDINATION_AND_SHARED_POOL_GAPS,YES,YES,NO,STRATEGY_AGGREGATE_MULTIPLIER,v1.4_FINAL_MODEL_BASED,ALLdis_CEA_v3.0,NONE,跨模块去重后的综合政策包成本,STANDARD_LABEL,D9_MAIN_FULL_MAINTENANCE,1.0,1.0,FORMAL_PARENT_2025_2034,CVD_V16_LOCKED,0.0,2009475627.649685
S7,STRUCTURAL_ANCHOR,2030,payer,,missing_intentionally_undefined,NOT_APPLICABLE,NOT_APPLICABLE,NOT_APPLICABLE,NOT_APPLICABLE,,missing_intentionally_undefined,,,,missing_intentionally_undefined,,missing_intentionally_undefined,NOT_APPLICABLE,2025,CNY,THRESHOLD_ONLY,BUDGET_THRESHOLD_STRATEGY,INTENTIONALLY_UNDEFINED,NOT_APPLICABLE,NOT_APPLICABLE,NO,STRATEGY_AGGREGATE_MULTIPLIER,v1.4_FINAL_MODEL_BASED,ALLdis_CEA_v3.0,NONE,目标阈值情景，成本有意不估计,STANDARD_LABEL,D9_MAIN_FULL_MAINTENANCE,,,FORMAL_PARENT_2025_2034,CVD_V16_LOCKED,,
S0,STRUCTURAL_ANCHOR,2031,payer,0.0,modelled,NOT_APPLICABLE,NOT_APPLICABLE,NOT_APPLICABLE,NOT_APPLICABLE,,not_applicable,,,,not_applicable,,not_applicable,NOT_APPLICABLE,2025,CNY,REFERENCE,REFERENCE_NO_ADDITIONAL_POLICY,NONE_STRUCTURAL_ZERO,YES,YES,NO,STRATEGY_AGGREGATE_MULTIPLIER,v1.4_FINAL_MODEL_BASED,ALLdis_CEA_v3.0,NONE,基线参照：无新增政策成本,STANDARD_LABEL,D9_MAIN_FULL_MAINTENANCE,,,FORMAL_PARENT_2025_2034,CVD_V16_LOCKED,,0.0
S1,STRUCTURAL_ANCHOR,2031,payer,169032160.00000003,modelled_v16_temporal_alignment,NOT_APPLICABLE,NOT_APPLICABLE,NOT_APPLICABLE,NOT_APPLICABLE,,not_applicable,,,,conditional_not_standardized_across_all_modules,,conditional_not_standardized_across_all_modules,NOT_APPLICABLE,2025,CNY,FULL_MODELLED_INCREMENTAL,S1_COMPLETION_MODEL,MODEL_ASSUMPTION_RESOLVES_S1_GAPS,YES,YES,NO,STRATEGY_AGGREGATE_MULTIPLIER,v1.4_FINAL_MODEL_BASED,ALLdis_CEA_v3.0,S1_RECURRING_MAINTENANCE_FROM_2027,完整建模的增量政策成本；v16主分析补入持续传播维护成本,STANDARD_LABEL,D9_MAIN_FULL_MAINTENANCE,1.0,1.0,FORMAL_PARENT_2025_2034,CVD_V16_LOCKED,,141561772.87323254
S2,STRUCTURAL_ANCHOR,2031,payer,1684788986.952,modelled,S2_COMPONENT_METHOD,FORMAL_SELECTED; PROCUREMENT_PACKAGE_EXCLUDED,NOT_APPLICABLE,NOT_APPLICABLE,,not_applicable,,,,conditional_not_standardized_across_all_modules,,conditional_not_standardized_across_all_modules,NOT_APPLICABLE,2025,CNY,AUDITED_CORE,S2_AUDITED_CORE_WITH_S0_INCREMENTAL_FACTOR,MODEL_ASSUMPTION_RESOLVES_S0_DEDUCTION,YES,YES,NO,STRATEGY_AGGREGATE_MULTIPLIER,v1.4_FINAL_MODEL_BASED,ALLdis_CEA_v3.0,NONE,可审计核心成本，不得表述为完整社区组织政策总成本,MUST_LABEL_AUDITED_CORE,D9_MAIN_FULL_MAINTENANCE,1.0,1.0,FORMAL_PARENT_2025_2034,CVD_V16_LOCKED,,1410984252.4063025
S3,STRUCTURAL_ANCHOR,2031,payer,70400000.0,modelled,NOT_APPLICABLE,NOT_APPLICABLE,NOT_APPLICABLE,NOT_APPLICABLE,,not_applicable,,,,conditional_not_standardized_across_all_modules,,conditional_not_standardized_across_all_modules,NOT_APPLICABLE,2025,CNY,AUDITED_CORE,S3_AUDITED_QUANTIFIED_CORE,EXPLICIT_CORE_COST_BOUNDARY,YES,YES,NO,STRATEGY_AGGREGATE_MULTIPLIER,v1.4_FINAL_MODEL_BASED,ALLdis_CEA_v3.0,NONE,可审计量化核心成本，不得表述为完整设施政策总成本,MUST_LABEL_AUDITED_CORE,D9_MAIN_FULL_MAINTENANCE,1.0,1.0,FORMAL_PARENT_2025_2034,CVD_V16_LOCKED,0.0,58958891.67052926
S4,STRUCTURAL_ANCHOR,2031,payer,458660751.12,modelled,NOT_APPLICABLE,NOT_APPLICABLE,NOT_APPLICABLE,NOT_APPLICABLE,,not_applicable,,,,conditional_not_standardized_across_all_modules,,conditional_not_standardized_across_all_modules,NOT_APPLICABLE,2025,CNY,AUDITED_CORE,S4_AUDITED_QUANTIFIED_CORE,EXPLICIT_CORE_COST_BOUNDARY,YES,YES,NO,STRATEGY_AGGREGATE_MULTIPLIER,v1.4_FINAL_MODEL_BASED,ALLdis_CEA_v3.0,NONE,可审计量化核心成本，不得表述为完整体卫融合政策总成本,MUST_LABEL_AUDITED_CORE,D9_MAIN_FULL_MAINTENANCE,1.0,1.0,FORMAL_PARENT_2025_2034,CVD_V16_LOCKED,,384121158.2216998
S5,STRUCTURAL_ANCHOR,2031,payer,149680760.0,modelled,NOT_APPLICABLE,NOT_APPLICABLE,MODEL_UNSPECIFIED,conditional_metadata_gap,40000000.0,identified_cash_transfer_in_payer_cost,,,,conditional_not_standardized_across_all_modules,,conditional_not_standardized_across_all_modules,NOT_APPLICABLE,2025,CNY,FULL_MODELLED_INCREMENTAL,S5_NATIONAL_DEPLOYMENT_COMPLETION_MODEL,MODEL_ASSUMPTION_RESOLVES_S5_GAPS,YES,YES,NO,STRATEGY_AGGREGATE_MULTIPLIER,v1.4_FINAL_MODEL_BASED,ALLdis_CEA_v3.0,NONE,完整建模的增量部署成本；支付方成本含可识别转移支付,STANDARD_LABEL,D9_MAIN_FULL_MAINTENANCE,1.0,1.0,FORMAL_PARENT_2025_2034,CVD_V16_LOCKED,0.0,125355280.02844445
S6,STRUCTURAL_ANCHOR,2031,payer,2329412998.072,modelled,NOT_APPLICABLE,NOT_APPLICABLE,S6_COMPOSITE_INCLUDES_S5_MODEL_UNSPECIFIED,conditional_metadata_gap,,conditional_embedded_composite_not_separately_estimable,,,,conditional_not_standardized_across_all_modules,,conditional_not_standardized_across_all_modules,SHARED_POOL_LEVEL,2025,CNY,DEDUPLICATED_COMPOSITE,S6_DEDUP_CORE_PLUS_MODULE_DELTAS_AND_MICROCOST_COORDINATION,MODEL_ASSUMPTION_RESOLVES_COORDINATION_AND_SHARED_POOL_GAPS,YES,YES,NO,STRATEGY_AGGREGATE_MULTIPLIER,v1.4_FINAL_MODEL_BASED,ALLdis_CEA_v3.0,NONE,跨模块去重后的综合政策包成本,STANDARD_LABEL,D9_MAIN_FULL_MAINTENANCE,1.0,1.0,FORMAL_PARENT_2025_2034,CVD_V16_LOCKED,0.0,1950846713.1995716
S7,STRUCTURAL_ANCHOR,2031,payer,,missing_intentionally_undefined,NOT_APPLICABLE,NOT_APPLICABLE,NOT_APPLICABLE,NOT_APPLICABLE,,missing_intentionally_undefined,,,,missing_intentionally_undefined,,missing_intentionally_undefined,NOT_APPLICABLE,2025,CNY,THRESHOLD_ONLY,BUDGET_THRESHOLD_STRATEGY,INTENTIONALLY_UNDEFINED,NOT_APPLICABLE,NOT_APPLICABLE,NO,STRATEGY_AGGREGATE_MULTIPLIER,v1.4_FINAL_MODEL_BASED,ALLdis_CEA_v3.0,NONE,目标阈值情景，成本有意不估计,STANDARD_LABEL,D9_MAIN_FULL_MAINTENANCE,,,FORMAL_PARENT_2025_2034,CVD_V16_LOCKED,,
S0,STRUCTURAL_ANCHOR,2032,payer,0.0,modelled,NOT_APPLICABLE,NOT_APPLICABLE,NOT_APPLICABLE,NOT_APPLICABLE,,not_applicable,,,,not_applicable,,not_applicable,NOT_APPLICABLE,2025,CNY,REFERENCE,REFERENCE_NO_ADDITIONAL_POLICY,NONE_STRUCTURAL_ZERO,YES,YES,NO,STRATEGY_AGGREGATE_MULTIPLIER,v1.4_FINAL_MODEL_BASED,ALLdis_CEA_v3.0,NONE,基线参照：无新增政策成本,STANDARD_LABEL,D9_MAIN_FULL_MAINTENANCE,,,FORMAL_PARENT_2025_2034,CVD_V16_LOCKED,,0.0
S1,STRUCTURAL_ANCHOR,2032,payer,169032160.00000003,modelled_v16_temporal_alignment,NOT_APPLICABLE,NOT_APPLICABLE,NOT_APPLICABLE,NOT_APPLICABLE,,not_applicable,,,,conditional_not_standardized_across_all_modules,,conditional_not_standardized_across_all_modules,NOT_APPLICABLE,2025,CNY,FULL_MODELLED_INCREMENTAL,S1_COMPLETION_MODEL,MODEL_ASSUMPTION_RESOLVES_S1_GAPS,YES,YES,NO,STRATEGY_AGGREGATE_MULTIPLIER,v1.4_FINAL_MODEL_BASED,ALLdis_CEA_v3.0,S1_RECURRING_MAINTENANCE_FROM_2027,完整建模的增量政策成本；v16主分析补入持续传播维护成本,STANDARD_LABEL,D9_MAIN_FULL_MAINTENANCE,1.0,1.0,FORMAL_PARENT_2025_2034,CVD_V16_LOCKED,,137438614.4400316
S2,STRUCTURAL_ANCHOR,2032,payer,1684788986.952,modelled,S2_COMPONENT_METHOD,FORMAL_SELECTED; PROCUREMENT_PACKAGE_EXCLUDED,NOT_APPLICABLE,NOT_APPLICABLE,,not_applicable,,,,conditional_not_standardized_across_all_modules,,conditional_not_standardized_across_all_modules,NOT_APPLICABLE,2025,CNY,AUDITED_CORE,S2_AUDITED_CORE_WITH_S0_INCREMENTAL_FACTOR,MODEL_ASSUMPTION_RESOLVES_S0_DEDUCTION,YES,YES,NO,STRATEGY_AGGREGATE_MULTIPLIER,v1.4_FINAL_MODEL_BASED,ALLdis_CEA_v3.0,NONE,可审计核心成本，不得表述为完整社区组织政策总成本,MUST_LABEL_AUDITED_CORE,D9_MAIN_FULL_MAINTENANCE,1.0,1.0,FORMAL_PARENT_2025_2034,CVD_V16_LOCKED,,1369887623.6954393
S3,STRUCTURAL_ANCHOR,2032,payer,70400000.0,modelled,NOT_APPLICABLE,NOT_APPLICABLE,NOT_APPLICABLE,NOT_APPLICABLE,,not_applicable,,,,conditional_not_standardized_across_all_modules,,conditional_not_standardized_across_all_modules,NOT_APPLICABLE,2025,CNY,AUDITED_CORE,S3_AUDITED_QUANTIFIED_CORE,EXPLICIT_CORE_COST_BOUNDARY,YES,YES,NO,STRATEGY_AGGREGATE_MULTIPLIER,v1.4_FINAL_MODEL_BASED,ALLdis_CEA_v3.0,NONE,可审计量化核心成本，不得表述为完整设施政策总成本,MUST_LABEL_AUDITED_CORE,D9_MAIN_FULL_MAINTENANCE,1.0,1.0,FORMAL_PARENT_2025_2034,CVD_V16_LOCKED,0.0,57241642.398572095
S4,STRUCTURAL_ANCHOR,2032,payer,458660751.12,modelled,NOT_APPLICABLE,NOT_APPLICABLE,NOT_APPLICABLE,NOT_APPLICABLE,,not_applicable,,,,conditional_not_standardized_across_all_modules,,conditional_not_standardized_across_all_modules,NOT_APPLICABLE,2025,CNY,AUDITED_CORE,S4_AUDITED_QUANTIFIED_CORE,EXPLICIT_CORE_COST_BOUNDARY,YES,YES,NO,STRATEGY_AGGREGATE_MULTIPLIER,v1.4_FINAL_MODEL_BASED,ALLdis_CEA_v3.0,NONE,可审计量化核心成本，不得表述为完整体卫融合政策总成本,MUST_LABEL_AUDITED_CORE,D9_MAIN_FULL_MAINTENANCE,1.0,1.0,FORMAL_PARENT_2025_2034,CVD_V16_LOCKED,,372933163.3220386
S5,STRUCTURAL_ANCHOR,2032,payer,149680760.0,modelled,NOT_APPLICABLE,NOT_APPLICABLE,MODEL_UNSPECIFIED,conditional_metadata_gap,40000000.0,identified_cash_transfer_in_payer_cost,,,,conditional_not_standardized_across_all_modules,,conditional_not_standardized_across_all_modules,NOT_APPLICABLE,2025,CNY,FULL_MODELLED_INCREMENTAL,S5_NATIONAL_DEPLOYMENT_COMPLETION_MODEL,MODEL_ASSUMPTION_RESOLVES_S5_GAPS,YES,YES,NO,STRATEGY_AGGREGATE_MULTIPLIER,v1.4_FINAL_MODEL_BASED,ALLdis_CEA_v3.0,NONE,完整建模的增量部署成本；支付方成本含可识别转移支付,STANDARD_LABEL,D9_MAIN_FULL_MAINTENANCE,1.0,1.0,FORMAL_PARENT_2025_2034,CVD_V16_LOCKED,0.0,121704155.36742179
S6,STRUCTURAL_ANCHOR,2032,payer,2329412998.072,modelled,NOT_APPLICABLE,NOT_APPLICABLE,S6_COMPOSITE_INCLUDES_S5_MODEL_UNSPECIFIED,conditional_metadata_gap,,conditional_embedded_composite_not_separately_estimable,,,,conditional_not_standardized_across_all_modules,,conditional_not_standardized_across_all_modules,SHARED_POOL_LEVEL,2025,CNY,DEDUPLICATED_COMPOSITE,S6_DEDUP_CORE_PLUS_MODULE_DELTAS_AND_MICROCOST_COORDINATION,MODEL_ASSUMPTION_RESOLVES_COORDINATION_AND_SHARED_POOL_GAPS,YES,YES,NO,STRATEGY_AGGREGATE_MULTIPLIER,v1.4_FINAL_MODEL_BASED,ALLdis_CEA_v3.0,NONE,跨模块去重后的综合政策包成本,STANDARD_LABEL,D9_MAIN_FULL_MAINTENANCE,1.0,1.0,FORMAL_PARENT_2025_2034,CVD_V16_LOCKED,0.0,1894025935.145215
S7,STRUCTURAL_ANCHOR,2032,payer,,missing_intentionally_undefined,NOT_APPLICABLE,NOT_APPLICABLE,NOT_APPLICABLE,NOT_APPLICABLE,,missing_intentionally_undefined,,,,missing_intentionally_undefined,,missing_intentionally_undefined,NOT_APPLICABLE,2025,CNY,THRESHOLD_ONLY,BUDGET_THRESHOLD_STRATEGY,INTENTIONALLY_UNDEFINED,NOT_APPLICABLE,NOT_APPLICABLE,NO,STRATEGY_AGGREGATE_MULTIPLIER,v1.4_FINAL_MODEL_BASED,ALLdis_CEA_v3.0,NONE,目标阈值情景，成本有意不估计,STANDARD_LABEL,D9_MAIN_FULL_MAINTENANCE,,,FORMAL_PARENT_2025_2034,CVD_V16_LOCKED,,
S0,STRUCTURAL_ANCHOR,2033,payer,0.0,modelled,NOT_APPLICABLE,NOT_APPLICABLE,NOT_APPLICABLE,NOT_APPLICABLE,,not_applicable,,,,not_applicable,,not_applicable,NOT_APPLICABLE,2025,CNY,REFERENCE,REFERENCE_NO_ADDITIONAL_POLICY,NONE_STRUCTURAL_ZERO,YES,YES,NO,STRATEGY_AGGREGATE_MULTIPLIER,v1.4_FINAL_MODEL_BASED,ALLdis_CEA_v3.0,NONE,基线参照：无新增政策成本,STANDARD_LABEL,D9_MAIN_FULL_MAINTENANCE,,,FORMAL_PARENT_2025_2034,CVD_V16_LOCKED,,0.0
S1,STRUCTURAL_ANCHOR,2033,payer,169032160.00000003,modelled_v16_temporal_alignment,NOT_APPLICABLE,NOT_APPLICABLE,NOT_APPLICABLE,NOT_APPLICABLE,,not_applicable,,,,conditional_not_standardized_across_all_modules,,conditional_not_standardized_across_all_modules,NOT_APPLICABLE,2025,CNY,FULL_MODELLED_INCREMENTAL,S1_COMPLETION_MODEL,MODEL_ASSUMPTION_RESOLVES_S1_GAPS,YES,YES,NO,STRATEGY_AGGREGATE_MULTIPLIER,v1.4_FINAL_MODEL_BASED,ALLdis_CEA_v3.0,S1_RECURRING_MAINTENANCE_FROM_2027,完整建模的增量政策成本；v16主分析补入持续传播维护成本,STANDARD_LABEL,D9_MAIN_FULL_MAINTENANCE,1.0,1.0,FORMAL_PARENT_2025_2034,CVD_V16_LOCKED,,133435548.00003067
S2,STRUCTURAL_ANCHOR,2033,payer,1684788986.952,modelled,S2_COMPONENT_METHOD,FORMAL_SELECTED; PROCUREMENT_PACKAGE_EXCLUDED,NOT_APPLICABLE,NOT_APPLICABLE,,not_applicable,,,,conditional_not_standardized_across_all_modules,,conditional_not_standardized_across_all_modules,NOT_APPLICABLE,2025,CNY,AUDITED_CORE,S2_AUDITED_CORE_WITH_S0_INCREMENTAL_FACTOR,MODEL_ASSUMPTION_RESOLVES_S0_DEDUCTION,YES,YES,NO,STRATEGY_AGGREGATE_MULTIPLIER,v1.4_FINAL_MODEL_BASED,ALLdis_CEA_v3.0,NONE,可审计核心成本，不得表述为完整社区组织政策总成本,MUST_LABEL_AUDITED_CORE,D9_MAIN_FULL_MAINTENANCE,1.0,1.0,FORMAL_PARENT_2025_2034,CVD_V16_LOCKED,,1329987984.1703293
S3,STRUCTURAL_ANCHOR,2033,payer,70400000.0,modelled,NOT_APPLICABLE,NOT_APPLICABLE,NOT_APPLICABLE,NOT_APPLICABLE,,not_applicable,,,,conditional_not_standardized_across_all_modules,,conditional_not_standardized_across_all_modules,NOT_APPLICABLE,2025,CNY,AUDITED_CORE,S3_AUDITED_QUANTIFIED_CORE,EXPLICIT_CORE_COST_BOUNDARY,YES,YES,NO,STRATEGY_AGGREGATE_MULTIPLIER,v1.4_FINAL_MODEL_BASED,ALLdis_CEA_v3.0,NONE,可审计量化核心成本，不得表述为完整设施政策总成本,MUST_LABEL_AUDITED_CORE,D9_MAIN_FULL_MAINTENANCE,1.0,1.0,FORMAL_PARENT_2025_2034,CVD_V16_LOCKED,0.0,55574410.09570106
S4,STRUCTURAL_ANCHOR,2033,payer,458660751.12,modelled,NOT_APPLICABLE,NOT_APPLICABLE,NOT_APPLICABLE,NOT_APPLICABLE,,not_applicable,,,,conditional_not_standardized_across_all_modules,,conditional_not_standardized_across_all_modules,NOT_APPLICABLE,2025,CNY,AUDITED_CORE,S4_AUDITED_QUANTIFIED_CORE,EXPLICIT_CORE_COST_BOUNDARY,YES,YES,NO,STRATEGY_AGGREGATE_MULTIPLIER,v1.4_FINAL_MODEL_BASED,ALLdis_CEA_v3.0,NONE,可审计量化核心成本，不得表述为完整体卫融合政策总成本,MUST_LABEL_AUDITED_CORE,D9_MAIN_FULL_MAINTENANCE,1.0,1.0,FORMAL_PARENT_2025_2034,CVD_V16_LOCKED,,362071032.3514937
S5,STRUCTURAL_ANCHOR,2033,payer,149680760.0,modelled,NOT_APPLICABLE,NOT_APPLICABLE,MODEL_UNSPECIFIED,conditional_metadata_gap,40000000.0,identified_cash_transfer_in_payer_cost,,,,conditional_not_standardized_across_all_modules,,conditional_not_standardized_across_all_modules,NOT_APPLICABLE,2025,CNY,FULL_MODELLED_INCREMENTAL,S5_NATIONAL_DEPLOYMENT_COMPLETION_MODEL,MODEL_ASSUMPTION_RESOLVES_S5_GAPS,YES,YES,NO,STRATEGY_AGGREGATE_MULTIPLIER,v1.4_FINAL_MODEL_BASED,ALLdis_CEA_v3.0,NONE,完整建模的增量部署成本；支付方成本含可识别转移支付,STANDARD_LABEL,D9_MAIN_FULL_MAINTENANCE,1.0,1.0,FORMAL_PARENT_2025_2034,CVD_V16_LOCKED,0.0,118159374.14312795
S6,STRUCTURAL_ANCHOR,2033,payer,2329412998.072,modelled,NOT_APPLICABLE,NOT_APPLICABLE,S6_COMPOSITE_INCLUDES_S5_MODEL_UNSPECIFIED,conditional_metadata_gap,,conditional_embedded_composite_not_separately_estimable,,,,conditional_not_standardized_across_all_modules,,conditional_not_standardized_across_all_modules,SHARED_POOL_LEVEL,2025,CNY,DEDUPLICATED_COMPOSITE,S6_DEDUP_CORE_PLUS_MODULE_DELTAS_AND_MICROCOST_COORDINATION,MODEL_ASSUMPTION_RESOLVES_COORDINATION_AND_SHARED_POOL_GAPS,YES,YES,NO,STRATEGY_AGGREGATE_MULTIPLIER,v1.4_FINAL_MODEL_BASED,ALLdis_CEA_v3.0,NONE,跨模块去重后的综合政策包成本,STANDARD_LABEL,D9_MAIN_FULL_MAINTENANCE,1.0,1.0,FORMAL_PARENT_2025_2034,CVD_V16_LOCKED,0.0,1838860131.2089465
S7,STRUCTURAL_ANCHOR,2033,payer,,missing_intentionally_undefined,NOT_APPLICABLE,NOT_APPLICABLE,NOT_APPLICABLE,NOT_APPLICABLE,,missing_intentionally_undefined,,,,missing_intentionally_undefined,,missing_intentionally_undefined,NOT_APPLICABLE,2025,CNY,THRESHOLD_ONLY,BUDGET_THRESHOLD_STRATEGY,INTENTIONALLY_UNDEFINED,NOT_APPLICABLE,NOT_APPLICABLE,NO,STRATEGY_AGGREGATE_MULTIPLIER,v1.4_FINAL_MODEL_BASED,ALLdis_CEA_v3.0,NONE,目标阈值情景，成本有意不估计,STANDARD_LABEL,D9_MAIN_FULL_MAINTENANCE,,,FORMAL_PARENT_2025_2034,CVD_V16_LOCKED,,
S0,STRUCTURAL_ANCHOR,2034,payer,0.0,modelled,NOT_APPLICABLE,NOT_APPLICABLE,NOT_APPLICABLE,NOT_APPLICABLE,,not_applicable,,,,not_applicable,,not_applicable,NOT_APPLICABLE,2025,CNY,REFERENCE,REFERENCE_NO_ADDITIONAL_POLICY,NONE_STRUCTURAL_ZERO,YES,YES,NO,STRATEGY_AGGREGATE_MULTIPLIER,v1.4_FINAL_MODEL_BASED,ALLdis_CEA_v3.0,NONE,基线参照：无新增政策成本,STANDARD_LABEL,D9_MAIN_FULL_MAINTENANCE,,,FORMAL_PARENT_2025_2034,CVD_V16_LOCKED,,0.0
S1,STRUCTURAL_ANCHOR,2034,payer,169032160.00000003,modelled_v16_temporal_alignment,NOT_APPLICABLE,NOT_APPLICABLE,NOT_APPLICABLE,NOT_APPLICABLE,,not_applicable,,,,conditional_not_standardized_across_all_modules,,conditional_not_standardized_across_all_modules,NOT_APPLICABLE,2025,CNY,FULL_MODELLED_INCREMENTAL,S1_COMPLETION_MODEL,MODEL_ASSUMPTION_RESOLVES_S1_GAPS,YES,YES,NO,STRATEGY_AGGREGATE_MULTIPLIER,v1.4_FINAL_MODEL_BASED,ALLdis_CEA_v3.0,S1_RECURRING_MAINTENANCE_FROM_2027,完整建模的增量政策成本；v16主分析补入持续传播维护成本,STANDARD_LABEL,D9_MAIN_FULL_MAINTENANCE,1.0,1.0,FORMAL_PARENT_2025_2034,CVD_V16_LOCKED,,129549075.7281851
S2,STRUCTURAL_ANCHOR,2034,payer,1684788986.952,modelled,S2_COMPONENT_METHOD,FORMAL_SELECTED; PROCUREMENT_PACKAGE_EXCLUDED,NOT_APPLICABLE,NOT_APPLICABLE,,not_applicable,,,,conditional_not_standardized_across_all_modules,,conditional_not_standardized_across_all_modules,NOT_APPLICABLE,2025,CNY,AUDITED_CORE,S2_AUDITED_CORE_WITH_S0_INCREMENTAL_FACTOR,MODEL_ASSUMPTION_RESOLVES_S0_DEDUCTION,YES,YES,NO,STRATEGY_AGGREGATE_MULTIPLIER,v1.4_FINAL_MODEL_BASED,ALLdis_CEA_v3.0,NONE,可审计核心成本，不得表述为完整社区组织政策总成本,MUST_LABEL_AUDITED_CORE,D9_MAIN_FULL_MAINTENANCE,1.0,1.0,FORMAL_PARENT_2025_2034,CVD_V16_LOCKED,,1291250470.068281
S3,STRUCTURAL_ANCHOR,2034,payer,70400000.0,modelled,NOT_APPLICABLE,NOT_APPLICABLE,NOT_APPLICABLE,NOT_APPLICABLE,,not_applicable,,,,conditional_not_standardized_across_all_modules,,conditional_not_standardized_across_all_modules,NOT_APPLICABLE,2025,CNY,AUDITED_CORE,S3_AUDITED_QUANTIFIED_CORE,EXPLICIT_CORE_COST_BOUNDARY,YES,YES,NO,STRATEGY_AGGREGATE_MULTIPLIER,v1.4_FINAL_MODEL_BASED,ALLdis_CEA_v3.0,NONE,可审计量化核心成本，不得表述为完整设施政策总成本,MUST_LABEL_AUDITED_CORE,D9_MAIN_FULL_MAINTENANCE,1.0,1.0,FORMAL_PARENT_2025_2034,CVD_V16_LOCKED,0.0,53955737.956991315
S4,STRUCTURAL_ANCHOR,2034,payer,458660751.12,modelled,NOT_APPLICABLE,NOT_APPLICABLE,NOT_APPLICABLE,NOT_APPLICABLE,,not_applicable,,,,conditional_not_standardized_across_all_modules,,conditional_not_standardized_across_all_modules,NOT_APPLICABLE,2025,CNY,AUDITED_CORE,S4_AUDITED_QUANTIFIED_CORE,EXPLICIT_CORE_COST_BOUNDARY,YES,YES,NO,STRATEGY_AGGREGATE_MULTIPLIER,v1.4_FINAL_MODEL_BASED,ALLdis_CEA_v3.0,NONE,可审计量化核心成本，不得表述为完整体卫融合政策总成本,MUST_LABEL_AUDITED_CORE,D9_MAIN_FULL_MAINTENANCE,1.0,1.0,FORMAL_PARENT_2025_2034,CVD_V16_LOCKED,,351525274.1276638
S5,STRUCTURAL_ANCHOR,2034,payer,149680760.0,modelled,NOT_APPLICABLE,NOT_APPLICABLE,MODEL_UNSPECIFIED,conditional_metadata_gap,40000000.0,identified_cash_transfer_in_payer_cost,,,,conditional_not_standardized_across_all_modules,,conditional_not_standardized_across_all_modules,NOT_APPLICABLE,2025,CNY,FULL_MODELLED_INCREMENTAL,S5_NATIONAL_DEPLOYMENT_COMPLETION_MODEL,MODEL_ASSUMPTION_RESOLVES_S5_GAPS,YES,YES,NO,STRATEGY_AGGREGATE_MULTIPLIER,v1.4_FINAL_MODEL_BASED,ALLdis_CEA_v3.0,NONE,完整建模的增量部署成本；支付方成本含可识别转移支付,STANDARD_LABEL,D9_MAIN_FULL_MAINTENANCE,1.0,1.0,FORMAL_PARENT_2025_2034,CVD_V16_LOCKED,0.0,114717838.97391063
S6,STRUCTURAL_ANCHOR,2034,payer,2329412998.072,modelled,NOT_APPLICABLE,NOT_APPLICABLE,S6_COMPOSITE_INCLUDES_S5_MODEL_UNSPECIFIED,conditional_metadata_gap,,conditional_embedded_composite_not_separately_estimable,,,,conditional_not_standardized_across_all_modules,,conditional_not_standardized_across_all_modules,SHARED_POOL_LEVEL,2025,CNY,DEDUPLICATED_COMPOSITE,S6_DEDUP_CORE_PLUS_MODULE_DELTAS_AND_MICROCOST_COORDINATION,MODEL_ASSUMPTION_RESOLVES_COORDINATION_AND_SHARED_POOL_GAPS,YES,YES,NO,STRATEGY_AGGREGATE_MULTIPLIER,v1.4_FINAL_MODEL_BASED,ALLdis_CEA_v3.0,NONE,跨模块去重后的综合政策包成本,STANDARD_LABEL,D9_MAIN_FULL_MAINTENANCE,1.0,1.0,FORMAL_PARENT_2025_2034,CVD_V16_LOCKED,0.0,1785301098.261113
S7,STRUCTURAL_ANCHOR,2034,payer,,missing_intentionally_undefined,NOT_APPLICABLE,NOT_APPLICABLE,NOT_APPLICABLE,NOT_APPLICABLE,,missing_intentionally_undefined,,,,missing_intentionally_undefined,,missing_intentionally_undefined,NOT_APPLICABLE,2025,CNY,THRESHOLD_ONLY,BUDGET_THRESHOLD_STRATEGY,INTENTIONALLY_UNDEFINED,NOT_APPLICABLE,NOT_APPLICABLE,NO,STRATEGY_AGGREGATE_MULTIPLIER,v1.4_FINAL_MODEL_BASED,ALLdis_CEA_v3.0,NONE,目标阈值情景，成本有意不估计,STANDARD_LABEL,D9_MAIN_FULL_MAINTENANCE,,,FORMAL_PARENT_2025_2034,CVD_V16_LOCKED,,
S0,STRUCTURAL_ANCHOR,2035,payer,0.0,modelled,NOT_APPLICABLE,NOT_APPLICABLE,NOT_APPLICABLE,NOT_APPLICABLE,,not_applicable,,,,not_applicable,,not_applicable,NOT_APPLICABLE,2025,CNY,REFERENCE,REFERENCE_NO_ADDITIONAL_POLICY,NONE_STRUCTURAL_ZERO,YES,YES,NO,STRATEGY_AGGREGATE_MULTIPLIER,v1.4_FINAL_MODEL_BASED,ALLdis_CEA_v3.0,D9_MAIN_CARRY_FORWARD_2034_STEADY_STATE,基线参照：无新增政策成本,STANDARD_LABEL,D9_MAIN_FULL_MAINTENANCE,,,INTERIM_NOT_FINAL_2035_2050,STRUCTURAL_ZERO,,0.0
S1,STRUCTURAL_ANCHOR,2035,payer,169032160.00000003,modelled_v16_temporal_alignment,NOT_APPLICABLE,NOT_APPLICABLE,NOT_APPLICABLE,NOT_APPLICABLE,,not_applicable,,,,conditional_not_standardized_across_all_modules,,conditional_not_standardized_across_all_modules,NOT_APPLICABLE,2025,CNY,FULL_MODELLED_INCREMENTAL,S1_COMPLETION_MODEL,MODEL_ASSUMPTION_RESOLVES_S1_GAPS,YES,YES,NO,STRATEGY_AGGREGATE_MULTIPLIER,v1.4_FINAL_MODEL_BASED,ALLdis_CEA_v3.0,D9_MAIN_CARRY_FORWARD_2034_STEADY_STATE,完整建模的增量政策成本；v16主分析补入持续传播维护成本,STANDARD_LABEL,D9_MAIN_FULL_MAINTENANCE,1.0,1.0,INTERIM_NOT_FINAL_2035_2050,INTERIM_STEADY_STATE_PARENT_EXTENSION,,125775801.67784962
S2,STRUCTURAL_ANCHOR,2035,payer,1684788986.952,modelled,S2_COMPONENT_METHOD,FORMAL_SELECTED; PROCUREMENT_PACKAGE_EXCLUDED,NOT_APPLICABLE,NOT_APPLICABLE,,not_applicable,,,,conditional_not_standardized_across_all_modules,,conditional_not_standardized_across_all_modules,NOT_APPLICABLE,2025,CNY,AUDITED_CORE,S2_AUDITED_CORE_WITH_S0_INCREMENTAL_FACTOR,MODEL_ASSUMPTION_RESOLVES_S0_DEDUCTION,YES,YES,NO,STRATEGY_AGGREGATE_MULTIPLIER,v1.4_FINAL_MODEL_BASED,ALLdis_CEA_v3.0,D9_MAIN_CARRY_FORWARD_2034_STEADY_STATE,可审计核心成本，不得表述为完整社区组织政策总成本,MUST_LABEL_AUDITED_CORE,D9_MAIN_FULL_MAINTENANCE,1.0,1.0,INTERIM_NOT_FINAL_2035_2050,INTERIM_STEADY_STATE_PARENT_EXTENSION,,1253641233.076001
S3,STRUCTURAL_ANCHOR,2035,payer,70400000.0,modelled,NOT_APPLICABLE,NOT_APPLICABLE,NOT_APPLICABLE,NOT_APPLICABLE,,not_applicable,,,,conditional_not_standardized_across_all_modules,,conditional_not_standardized_across_all_modules,NOT_APPLICABLE,2025,CNY,AUDITED_CORE,S3_AUDITED_QUANTIFIED_CORE,EXPLICIT_CORE_COST_BOUNDARY,YES,YES,NO,STRATEGY_AGGREGATE_MULTIPLIER,v1.4_FINAL_MODEL_BASED,ALLdis_CEA_v3.0,D9_MAIN_CARRY_FORWARD_2034_STEADY_STATE,可审计量化核心成本，不得表述为完整设施政策总成本,MUST_LABEL_AUDITED_CORE,D9_MAIN_FULL_MAINTENANCE,1.0,1.0,INTERIM_NOT_FINAL_2035_2050,INTERIM_EXCLUDES_CAPITAL_REPLACEMENT_CASH,0.0,52384211.60872944
S4,STRUCTURAL_ANCHOR,2035,payer,458660751.12,modelled,NOT_APPLICABLE,NOT_APPLICABLE,NOT_APPLICABLE,NOT_APPLICABLE,,not_applicable,,,,conditional_not_standardized_across_all_modules,,conditional_not_standardized_across_all_modules,NOT_APPLICABLE,2025,CNY,AUDITED_CORE,S4_AUDITED_QUANTIFIED_CORE,EXPLICIT_CORE_COST_BOUNDARY,YES,YES,NO,STRATEGY_AGGREGATE_MULTIPLIER,v1.4_FINAL_MODEL_BASED,ALLdis_CEA_v3.0,D9_MAIN_CARRY_FORWARD_2034_STEADY_STATE,可审计量化核心成本，不得表述为完整体卫融合政策总成本,MUST_LABEL_AUDITED_CORE,D9_MAIN_FULL_MAINTENANCE,1.0,1.0,INTERIM_NOT_FINAL_2035_2050,INTERIM_STEADY_STATE_PARENT_EXTENSION,,341286673.91035324
S5,STRUCTURAL_ANCHOR,2035,payer,149680760.0,modelled,NOT_APPLICABLE,NOT_APPLICABLE,MODEL_UNSPECIFIED,conditional_metadata_gap,40000000.0,identified_cash_transfer_in_payer_cost,,,,conditional_not_standardized_across_all_modules,,conditional_not_standardized_across_all_modules,NOT_APPLICABLE,2025,CNY,FULL_MODELLED_INCREMENTAL,S5_NATIONAL_DEPLOYMENT_COMPLETION_MODEL,MODEL_ASSUMPTION_RESOLVES_S5_GAPS,YES,YES,NO,STRATEGY_AGGREGATE_MULTIPLIER,v1.4_FINAL_MODEL_BASED,ALLdis_CEA_v3.0,D9_MAIN_CARRY_FORWARD_2034_STEADY_STATE,完整建模的增量部署成本；支付方成本含可识别转移支付,STANDARD_LABEL,D9_MAIN_FULL_MAINTENANCE,1.0,1.0,INTERIM_NOT_FINAL_2035_2050,INTERIM_SOFTWARE_HARDWARE_RENEWAL_UNCALIBRATED,0.0,111376542.69311711
S6,STRUCTURAL_ANCHOR,2035,payer,2329412998.072,modelled,NOT_APPLICABLE,NOT_APPLICABLE,S6_COMPOSITE_INCLUDES_S5_MODEL_UNSPECIFIED,conditional_metadata_gap,,conditional_embedded_composite_not_separately_estimable,,,,conditional_not_standardized_across_all_modules,,conditional_not_standardized_across_all_modules,SHARED_POOL_LEVEL,2025,CNY,DEDUPLICATED_COMPOSITE,S6_DEDUP_CORE_PLUS_MODULE_DELTAS_AND_MICROCOST_COORDINATION,MODEL_ASSUMPTION_RESOLVES_COORDINATION_AND_SHARED_POOL_GAPS,YES,YES,NO,STRATEGY_AGGREGATE_MULTIPLIER,v1.4_FINAL_MODEL_BASED,ALLdis_CEA_v3.0,D9_MAIN_CARRY_FORWARD_2034_STEADY_STATE,跨模块去重后的综合政策包成本,STANDARD_LABEL,D9_MAIN_FULL_MAINTENANCE,1.0,1.0,INTERIM_NOT_FINAL_2035_2050,INTERIM_INDEPENDENT_COMPOSITE_NOT_SUM_OF_S1_S5,0.0,1733302037.1467116
S7,STRUCTURAL_ANCHOR,2035,payer,,missing_intentionally_undefined,NOT_APPLICABLE,NOT_APPLICABLE,NOT_APPLICABLE,NOT_APPLICABLE,,missing_intentionally_undefined,,,,missing_intentionally_undefined,,missing_intentionally_undefined,NOT_APPLICABLE,2025,CNY,THRESHOLD_ONLY,BUDGET_THRESHOLD_STRATEGY,INTENTIONALLY_UNDEFINED,NOT_APPLICABLE,NOT_APPLICABLE,NO,STRATEGY_AGGREGATE_MULTIPLIER,v1.4_FINAL_MODEL_BASED,ALLdis_CEA_v3.0,D9_MAIN_CARRY_FORWARD_2034_STEADY_STATE,目标阈值情景，成本有意不估计,STANDARD_LABEL,D9_MAIN_FULL_MAINTENANCE,,,INTERIM_NOT_FINAL_2035_2050,INTENTIONALLY_UNDEFINED,,
S0,STRUCTURAL_ANCHOR,2036,payer,0.0,modelled,NOT_APPLICABLE,NOT_APPLICABLE,NOT_APPLICABLE,NOT_APPLICABLE,,not_applicable,,,,not_applicable,,not_applicable,NOT_APPLICABLE,2025,CNY,REFERENCE,REFERENCE_NO_ADDITIONAL_POLICY,NONE_STRUCTURAL_ZERO,YES,YES,NO,STRATEGY_AGGREGATE_MULTIPLIER,v1.4_FINAL_MODEL_BASED,ALLdis_CEA_v3.0,D9_MAIN_CARRY_FORWARD_2034_STEADY_STATE,基线参照：无新增政策成本,STANDARD_LABEL,D9_MAIN_FULL_MAINTENANCE,,,INTERIM_NOT_FINAL_2035_2050,STRUCTURAL_ZERO,,0.0
S1,STRUCTURAL_ANCHOR,2036,payer,169032160.00000003,modelled_v16_temporal_alignment,NOT_APPLICABLE,NOT_APPLICABLE,NOT_APPLICABLE,NOT_APPLICABLE,,not_applicable,,,,conditional_not_standardized_across_all_modules,,conditional_not_standardized_across_all_modules,NOT_APPLICABLE,2025,CNY,FULL_MODELLED_INCREMENTAL,S1_COMPLETION_MODEL,MODEL_ASSUMPTION_RESOLVES_S1_GAPS,YES,YES,NO,STRATEGY_AGGREGATE_MULTIPLIER,v1.4_FINAL_MODEL_BASED,ALLdis_CEA_v3.0,D9_MAIN_CARRY_FORWARD_2034_STEADY_STATE,完整建模的增量政策成本；v16主分析补入持续传播维护成本,STANDARD_LABEL,D9_MAIN_FULL_MAINTENANCE,1.0,1.0,INTERIM_NOT_FINAL_2035_2050,INTERIM_STEADY_STATE_PARENT_EXTENSION,,122112428.81344622
S2,STRUCTURAL_ANCHOR,2036,payer,1684788986.952,modelled,S2_COMPONENT_METHOD,FORMAL_SELECTED; PROCUREMENT_PACKAGE_EXCLUDED,NOT_APPLICABLE,NOT_APPLICABLE,,not_applicable,,,,conditional_not_standardized_across_all_modules,,conditional_not_standardized_across_all_modules,NOT_APPLICABLE,2025,CNY,AUDITED_CORE,S2_AUDITED_CORE_WITH_S0_INCREMENTAL_FACTOR,MODEL_ASSUMPTION_RESOLVES_S0_DEDUCTION,YES,YES,NO,STRATEGY_AGGREGATE_MULTIPLIER,v1.4_FINAL_MODEL_BASED,ALLdis_CEA_v3.0,D9_MAIN_CARRY_FORWARD_2034_STEADY_STATE,可审计核心成本，不得表述为完整社区组织政策总成本,MUST_LABEL_AUDITED_CORE,D9_MAIN_FULL_MAINTENANCE,1.0,1.0,INTERIM_NOT_FINAL_2035_2050,INTERIM_STEADY_STATE_PARENT_EXTENSION,,1217127410.753399
S3,STRUCTURAL_ANCHOR,2036,payer,70400000.0,modelled,NOT_APPLICABLE,NOT_APPLICABLE,NOT_APPLICABLE,NOT_APPLICABLE,,not_applicable,,,,conditional_not_standardized_across_all_modules,,conditional_not_standardized_across_all_modules,NOT_APPLICABLE,2025,CNY,AUDITED_CORE,S3_AUDITED_QUANTIFIED_CORE,EXPLICIT_CORE_COST_BOUNDARY,YES,YES,NO,STRATEGY_AGGREGATE_MULTIPLIER,v1.4_FINAL_MODEL_BASED,ALLdis_CEA_v3.0,D9_MAIN_CARRY_FORWARD_2034_STEADY_STATE,可审计量化核心成本，不得表述为完整设施政策总成本,MUST_LABEL_AUDITED_CORE,D9_MAIN_FULL_MAINTENANCE,1.0,1.0,INTERIM_NOT_FINAL_2035_2050,INTERIM_EXCLUDES_CAPITAL_REPLACEMENT_CASH,0.0,50858457.87255285
S4,STRUCTURAL_ANCHOR,2036,payer,458660751.12,modelled,NOT_APPLICABLE,NOT_APPLICABLE,NOT_APPLICABLE,NOT_APPLICABLE,,not_applicable,,,,conditional_not_standardized_across_all_modules,,conditional_not_standardized_across_all_modules,NOT_APPLICABLE,2025,CNY,AUDITED_CORE,S4_AUDITED_QUANTIFIED_CORE,EXPLICIT_CORE_COST_BOUNDARY,YES,YES,NO,STRATEGY_AGGREGATE_MULTIPLIER,v1.4_FINAL_MODEL_BASED,ALLdis_CEA_v3.0,D9_MAIN_CARRY_FORWARD_2034_STEADY_STATE,可审计量化核心成本，不得表述为完整体卫融合政策总成本,MUST_LABEL_AUDITED_CORE,D9_MAIN_FULL_MAINTENANCE,1.0,1.0,INTERIM_NOT_FINAL_2035_2050,INTERIM_STEADY_STATE_PARENT_EXTENSION,,331346285.3498575
S5,STRUCTURAL_ANCHOR,2036,payer,149680760.0,modelled,NOT_APPLICABLE,NOT_APPLICABLE,MODEL_UNSPECIFIED,conditional_metadata_gap,40000000.0,identified_cash_transfer_in_payer_cost,,,,conditional_not_standardized_across_all_modules,,conditional_not_standardized_across_all_modules,NOT_APPLICABLE,2025,CNY,FULL_MODELLED_INCREMENTAL,S5_NATIONAL_DEPLOYMENT_COMPLETION_MODEL,MODEL_ASSUMPTION_RESOLVES_S5_GAPS,YES,YES,NO,STRATEGY_AGGREGATE_MULTIPLIER,v1.4_FINAL_MODEL_BASED,ALLdis_CEA_v3.0,D9_MAIN_CARRY_FORWARD_2034_STEADY_STATE,完整建模的增量部署成本；支付方成本含可识别转移支付,STANDARD_LABEL,D9_MAIN_FULL_MAINTENANCE,1.0,1.0,INTERIM_NOT_FINAL_2035_2050,INTERIM_SOFTWARE_HARDWARE_RENEWAL_UNCALIBRATED,0.0,108132565.72147292
S6,STRUCTURAL_ANCHOR,2036,payer,2329412998.072,modelled,NOT_APPLICABLE,NOT_APPLICABLE,S6_COMPOSITE_INCLUDES_S5_MODEL_UNSPECIFIED,conditional_metadata_gap,,conditional_embedded_composite_not_separately_estimable,,,,conditional_not_standardized_across_all_modules,,conditional_not_standardized_across_all_modules,SHARED_POOL_LEVEL,2025,CNY,DEDUPLICATED_COMPOSITE,S6_DEDUP_CORE_PLUS_MODULE_DELTAS_AND_MICROCOST_COORDINATION,MODEL_ASSUMPTION_RESOLVES_COORDINATION_AND_SHARED_POOL_GAPS,YES,YES,NO,STRATEGY_AGGREGATE_MULTIPLIER,v1.4_FINAL_MODEL_BASED,ALLdis_CEA_v3.0,D9_MAIN_CARRY_FORWARD_2034_STEADY_STATE,跨模块去重后的综合政策包成本,STANDARD_LABEL,D9_MAIN_FULL_MAINTENANCE,1.0,1.0,INTERIM_NOT_FINAL_2035_2050,INTERIM_INDEPENDENT_COMPOSITE_NOT_SUM_OF_S1_S5,0.0,1682817511.792924
S7,STRUCTURAL_ANCHOR,2036,payer,,missing_intentionally_undefined,NOT_APPLICABLE,NOT_APPLICABLE,NOT_APPLICABLE,NOT_APPLICABLE,,missing_intentionally_undefined,,,,missing_intentionally_undefined,,missing_intentionally_undefined,NOT_APPLICABLE,2025,CNY,THRESHOLD_ONLY,BUDGET_THRESHOLD_STRATEGY,INTENTIONALLY_UNDEFINED,NOT_APPLICABLE,NOT_APPLICABLE,NO,STRATEGY_AGGREGATE_MULTIPLIER,v1.4_FINAL_MODEL_BASED,ALLdis_CEA_v3.0,D9_MAIN_CARRY_FORWARD_2034_STEADY_STATE,目标阈值情景，成本有意不估计,STANDARD_LABEL,D9_MAIN_FULL_MAINTENANCE,,,INTERIM_NOT_FINAL_2035_2050,INTENTIONALLY_UNDEFINED,,
S0,STRUCTURAL_ANCHOR,2037,payer,0.0,modelled,NOT_APPLICABLE,NOT_APPLICABLE,NOT_APPLICABLE,NOT_APPLICABLE,,not_applicable,,,,not_applicable,,not_applicable,NOT_APPLICABLE,2025,CNY,REFERENCE,REFERENCE_NO_ADDITIONAL_POLICY,NONE_STRUCTURAL_ZERO,YES,YES,NO,STRATEGY_AGGREGATE_MULTIPLIER,v1.4_FINAL_MODEL_BASED,ALLdis_CEA_v3.0,D9_MAIN_CARRY_FORWARD_2034_STEADY_STATE,基线参照：无新增政策成本,STANDARD_LABEL,D9_MAIN_FULL_MAINTENANCE,,,INTERIM_NOT_FINAL_2035_2050,STRUCTURAL_ZERO,,0.0
S1,STRUCTURAL_ANCHOR,2037,payer,169032160.00000003,modelled_v16_temporal_alignment,NOT_APPLICABLE,NOT_APPLICABLE,NOT_APPLICABLE,NOT_APPLICABLE,,not_applicable,,,,conditional_not_standardized_across_all_modules,,conditional_not_standardized_across_all_modules,NOT_APPLICABLE,2025,CNY,FULL_MODELLED_INCREMENTAL,S1_COMPLETION_MODEL,MODEL_ASSUMPTION_RESOLVES_S1_GAPS,YES,YES,NO,STRATEGY_AGGREGATE_MULTIPLIER,v1.4_FINAL_MODEL_BASED,ALLdis_CEA_v3.0,D9_MAIN_CARRY_FORWARD_2034_STEADY_STATE,完整建模的增量政策成本；v16主分析补入持续传播维护成本,STANDARD_LABEL,D9_MAIN_FULL_MAINTENANCE,1.0,1.0,INTERIM_NOT_FINAL_2035_2050,INTERIM_STEADY_STATE_PARENT_EXTENSION,,118555756.12955944
S2,STRUCTURAL_ANCHOR,2037,payer,1684788986.952,modelled,S2_COMPONENT_METHOD,FORMAL_SELECTED; PROCUREMENT_PACKAGE_EXCLUDED,NOT_APPLICABLE,NOT_APPLICABLE,,not_applicable,,,,conditional_not_standardized_across_all_modules,,conditional_not_standardized_across_all_modules,NOT_APPLICABLE,2025,CNY,AUDITED_CORE,S2_AUDITED_CORE_WITH_S0_INCREMENTAL_FACTOR,MODEL_ASSUMPTION_RESOLVES_S0_DEDUCTION,YES,YES,NO,STRATEGY_AGGREGATE_MULTIPLIER,v1.4_FINAL_MODEL_BASED,ALLdis_CEA_v3.0,D9_MAIN_CARRY_FORWARD_2034_STEADY_STATE,可审计核心成本，不得表述为完整社区组织政策总成本,MUST_LABEL_AUDITED_CORE,D9_MAIN_FULL_MAINTENANCE,1.0,1.0,INTERIM_NOT_FINAL_2035_2050,INTERIM_STEADY_STATE_PARENT_EXTENSION,,1181677097.8188338
S3,STRUCTURAL_ANCHOR,2037,payer,70400000.0,modelled,NOT_APPLICABLE,NOT_APPLICABLE,NOT_APPLICABLE,NOT_APPLICABLE,,not_applicable,,,,conditional_not_standardized_across_all_modules,,conditional_not_standardized_across_all_modules,NOT_APPLICABLE,2025,CNY,AUDITED_CORE,S3_AUDITED_QUANTIFIED_CORE,EXPLICIT_CORE_COST_BOUNDARY,YES,YES,NO,STRATEGY_AGGREGATE_MULTIPLIER,v1.4_FINAL_MODEL_BASED,ALLdis_CEA_v3.0,D9_MAIN_CARRY_FORWARD_2034_STEADY_STATE,可审计量化核心成本，不得表述为完整设施政策总成本,MUST_LABEL_AUDITED_CORE,D9_MAIN_FULL_MAINTENANCE,1.0,1.0,INTERIM_NOT_FINAL_2035_2050,INTERIM_EXCLUDES_CAPITAL_REPLACEMENT_CASH,0.0,49377143.56558529
S4,STRUCTURAL_ANCHOR,2037,payer,458660751.12,modelled,NOT_APPLICABLE,NOT_APPLICABLE,NOT_APPLICABLE,NOT_APPLICABLE,,not_applicable,,,,conditional_not_standardized_across_all_modules,,conditional_not_standardized_across_all_modules,NOT_APPLICABLE,2025,CNY,AUDITED_CORE,S4_AUDITED_QUANTIFIED_CORE,EXPLICIT_CORE_COST_BOUNDARY,YES,YES,NO,STRATEGY_AGGREGATE_MULTIPLIER,v1.4_FINAL_MODEL_BASED,ALLdis_CEA_v3.0,D9_MAIN_CARRY_FORWARD_2034_STEADY_STATE,可审计量化核心成本，不得表述为完整体卫融合政策总成本,MUST_LABEL_AUDITED_CORE,D9_MAIN_FULL_MAINTENANCE,1.0,1.0,INTERIM_NOT_FINAL_2035_2050,INTERIM_STEADY_STATE_PARENT_EXTENSION,,321695422.6697646
S5,STRUCTURAL_ANCHOR,2037,payer,149680760.0,modelled,NOT_APPLICABLE,NOT_APPLICABLE,MODEL_UNSPECIFIED,conditional_metadata_gap,40000000.0,identified_cash_transfer_in_payer_cost,,,,conditional_not_standardized_across_all_modules,,conditional_not_standardized_across_all_modules,NOT_APPLICABLE,2025,CNY,FULL_MODELLED_INCREMENTAL,S5_NATIONAL_DEPLOYMENT_COMPLETION_MODEL,MODEL_ASSUMPTION_RESOLVES_S5_GAPS,YES,YES,NO,STRATEGY_AGGREGATE_MULTIPLIER,v1.4_FINAL_MODEL_BASED,ALLdis_CEA_v3.0,D9_MAIN_CARRY_FORWARD_2034_STEADY_STATE,完整建模的增量部署成本；支付方成本含可识别转移支付,STANDARD_LABEL,D9_MAIN_FULL_MAINTENANCE,1.0,1.0,INTERIM_NOT_FINAL_2035_2050,INTERIM_SOFTWARE_HARDWARE_RENEWAL_UNCALIBRATED,0.0,104983073.51599313
S6,STRUCTURAL_ANCHOR,2037,payer,2329412998.072,modelled,NOT_APPLICABLE,NOT_APPLICABLE,S6_COMPOSITE_INCLUDES_S5_MODEL_UNSPECIFIED,conditional_metadata_gap,,conditional_embedded_composite_not_separately_estimable,,,,conditional_not_standardized_across_all_modules,,conditional_not_standardized_across_all_modules,SHARED_POOL_LEVEL,2025,CNY,DEDUPLICATED_COMPOSITE,S6_DEDUP_CORE_PLUS_MODULE_DELTAS_AND_MICROCOST_COORDINATION,MODEL_ASSUMPTION_RESOLVES_COORDINATION_AND_SHARED_POOL_GAPS,YES,YES,NO,STRATEGY_AGGREGATE_MULTIPLIER,v1.4_FINAL_MODEL_BASED,ALLdis_CEA_v3.0,D9_MAIN_CARRY_FORWARD_2034_STEADY_STATE,跨模块去重后的综合政策包成本,STANDARD_LABEL,D9_MAIN_FULL_MAINTENANCE,1.0,1.0,INTERIM_NOT_FINAL_2035_2050,INTERIM_INDEPENDENT_COMPOSITE_NOT_SUM_OF_S1_S5,0.0,1633803409.507693
S7,STRUCTURAL_ANCHOR,2037,payer,,missing_intentionally_undefined,NOT_APPLICABLE,NOT_APPLICABLE,NOT_APPLICABLE,NOT_APPLICABLE,,missing_intentionally_undefined,,,,missing_intentionally_undefined,,missing_intentionally_undefined,NOT_APPLICABLE,2025,CNY,THRESHOLD_ONLY,BUDGET_THRESHOLD_STRATEGY,INTENTIONALLY_UNDEFINED,NOT_APPLICABLE,NOT_APPLICABLE,NO,STRATEGY_AGGREGATE_MULTIPLIER,v1.4_FINAL_MODEL_BASED,ALLdis_CEA_v3.0,D9_MAIN_CARRY_FORWARD_2034_STEADY_STATE,目标阈值情景，成本有意不估计,STANDARD_LABEL,D9_MAIN_FULL_MAINTENANCE,,,INTERIM_NOT_FINAL_2035_2050,INTENTIONALLY_UNDEFINED,,
S0,STRUCTURAL_ANCHOR,2038,payer,0.0,modelled,NOT_APPLICABLE,NOT_APPLICABLE,NOT_APPLICABLE,NOT_APPLICABLE,,not_applicable,,,,not_applicable,,not_applicable,NOT_APPLICABLE,2025,CNY,REFERENCE,REFERENCE_NO_ADDITIONAL_POLICY,NONE_STRUCTURAL_ZERO,YES,YES,NO,STRATEGY_AGGREGATE_MULTIPLIER,v1.4_FINAL_MODEL_BASED,ALLdis_CEA_v3.0,D9_MAIN_CARRY_FORWARD_2034_STEADY_STATE,基线参照：无新增政策成本,STANDARD_LABEL,D9_MAIN_FULL_MAINTENANCE,,,INTERIM_NOT_FINAL_2035_2050,STRUCTURAL_ZERO,,0.0
S1,STRUCTURAL_ANCHOR,2038,payer,169032160.00000003,modelled_v16_temporal_alignment,NOT_APPLICABLE,NOT_APPLICABLE,NOT_APPLICABLE,NOT_APPLICABLE,,not_applicable,,,,conditional_not_standardized_across_all_modules,,conditional_not_standardized_across_all_modules,NOT_APPLICABLE,2025,CNY,FULL_MODELLED_INCREMENTAL,S1_COMPLETION_MODEL,MODEL_ASSUMPTION_RESOLVES_S1_GAPS,YES,YES,NO,STRATEGY_AGGREGATE_MULTIPLIER,v1.4_FINAL_MODEL_BASED,ALLdis_CEA_v3.0,D9_MAIN_CARRY_FORWARD_2034_STEADY_STATE,完整建模的增量政策成本；v16主分析补入持续传播维护成本,STANDARD_LABEL,D9_MAIN_FULL_MAINTENANCE,1.0,1.0,INTERIM_NOT_FINAL_2035_2050,INTERIM_STEADY_STATE_PARENT_EXTENSION,,115102675.8539412
S2,STRUCTURAL_ANCHOR,2038,payer,1684788986.952,modelled,S2_COMPONENT_METHOD,FORMAL_SELECTED; PROCUREMENT_PACKAGE_EXCLUDED,NOT_APPLICABLE,NOT_APPLICABLE,,not_applicable,,,,conditional_not_standardized_across_all_modules,,conditional_not_standardized_across_all_modules,NOT_APPLICABLE,2025,CNY,AUDITED_CORE,S2_AUDITED_CORE_WITH_S0_INCREMENTAL_FACTOR,MODEL_ASSUMPTION_RESOLVES_S0_DEDUCTION,YES,YES,NO,STRATEGY_AGGREGATE_MULTIPLIER,v1.4_FINAL_MODEL_BASED,ALLdis_CEA_v3.0,D9_MAIN_CARRY_FORWARD_2034_STEADY_STATE,可审计核心成本，不得表述为完整社区组织政策总成本,MUST_LABEL_AUDITED_CORE,D9_MAIN_FULL_MAINTENANCE,1.0,1.0,INTERIM_NOT_FINAL_2035_2050,INTERIM_STEADY_STATE_PARENT_EXTENSION,,1147259318.2707124
S3,STRUCTURAL_ANCHOR,2038,payer,70400000.0,modelled,NOT_APPLICABLE,NOT_APPLICABLE,NOT_APPLICABLE,NOT_APPLICABLE,,not_applicable,,,,conditional_not_standardized_across_all_modules,,conditional_not_standardized_across_all_modules,NOT_APPLICABLE,2025,CNY,AUDITED_CORE,S3_AUDITED_QUANTIFIED_CORE,EXPLICIT_CORE_COST_BOUNDARY,YES,YES,NO,STRATEGY_AGGREGATE_MULTIPLIER,v1.4_FINAL_MODEL_BASED,ALLdis_CEA_v3.0,D9_MAIN_CARRY_FORWARD_2034_STEADY_STATE,可审计量化核心成本，不得表述为完整设施政策总成本,MUST_LABEL_AUDITED_CORE,D9_MAIN_FULL_MAINTENANCE,1.0,1.0,INTERIM_NOT_FINAL_2035_2050,INTERIM_EXCLUDES_CAPITAL_REPLACEMENT_CASH,0.0,47938974.335519694
S4,STRUCTURAL_ANCHOR,2038,payer,458660751.12,modelled,NOT_APPLICABLE,NOT_APPLICABLE,NOT_APPLICABLE,NOT_APPLICABLE,,not_applicable,,,,conditional_not_standardized_across_all_modules,,conditional_not_standardized_across_all_modules,NOT_APPLICABLE,2025,CNY,AUDITED_CORE,S4_AUDITED_QUANTIFIED_CORE,EXPLICIT_CORE_COST_BOUNDARY,YES,YES,NO,STRATEGY_AGGREGATE_MULTIPLIER,v1.4_FINAL_MODEL_BASED,ALLdis_CEA_v3.0,D9_MAIN_CARRY_FORWARD_2034_STEADY_STATE,可审计量化核心成本，不得表述为完整体卫融合政策总成本,MUST_LABEL_AUDITED_CORE,D9_MAIN_FULL_MAINTENANCE,1.0,1.0,INTERIM_NOT_FINAL_2035_2050,INTERIM_STEADY_STATE_PARENT_EXTENSION,,312325653.0774413
S5,STRUCTURAL_ANCHOR,2038,payer,149680760.0,modelled,NOT_APPLICABLE,NOT_APPLICABLE,MODEL_UNSPECIFIED,conditional_metadata_gap,40000000.0,identified_cash_transfer_in_payer_cost,,,,conditional_not_standardized_across_all_modules,,conditional_not_standardized_across_all_modules,NOT_APPLICABLE,2025,CNY,FULL_MODELLED_INCREMENTAL,S5_NATIONAL_DEPLOYMENT_COMPLETION_MODEL,MODEL_ASSUMPTION_RESOLVES_S5_GAPS,YES,YES,NO,STRATEGY_AGGREGATE_MULTIPLIER,v1.4_FINAL_MODEL_BASED,ALLdis_CEA_v3.0,D9_MAIN_CARRY_FORWARD_2034_STEADY_STATE,完整建模的增量部署成本；支付方成本含可识别转移支付,STANDARD_LABEL,D9_MAIN_FULL_MAINTENANCE,1.0,1.0,INTERIM_NOT_FINAL_2035_2050,INTERIM_SOFTWARE_HARDWARE_RENEWAL_UNCALIBRATED,0.0,101925314.0931972
S6,STRUCTURAL_ANCHOR,2038,payer,2329412998.072,modelled,NOT_APPLICABLE,NOT_APPLICABLE,S6_COMPOSITE_INCLUDES_S5_MODEL_UNSPECIFIED,conditional_metadata_gap,,conditional_embedded_composite_not_separately_estimable,,,,conditional_not_standardized_across_all_modules,,conditional_not_standardized_across_all_modules,SHARED_POOL_LEVEL,2025,CNY,DEDUPLICATED_COMPOSITE,S6_DEDUP_CORE_PLUS_MODULE_DELTAS_AND_MICROCOST_COORDINATION,MODEL_ASSUMPTION_RESOLVES_COORDINATION_AND_SHARED_POOL_GAPS,YES,YES,NO,STRATEGY_AGGREGATE_MULTIPLIER,v1.4_FINAL_MODEL_BASED,ALLdis_CEA_v3.0,D9_MAIN_CARRY_FORWARD_2034_STEADY_STATE,跨模块去重后的综合政策包成本,STANDARD_LABEL,D9_MAIN_FULL_MAINTENANCE,1.0,1.0,INTERIM_NOT_FINAL_2035_2050,INTERIM_INDEPENDENT_COMPOSITE_NOT_SUM_OF_S1_S5,0.0,1586216902.4346535
S7,STRUCTURAL_ANCHOR,2038,payer,,missing_intentionally_undefined,NOT_APPLICABLE,NOT_APPLICABLE,NOT_APPLICABLE,NOT_APPLICABLE,,missing_intentionally_undefined,,,,missing_intentionally_undefined,,missing_intentionally_undefined,NOT_APPLICABLE,2025,CNY,THRESHOLD_ONLY,BUDGET_THRESHOLD_STRATEGY,INTENTIONALLY_UNDEFINED,NOT_APPLICABLE,NOT_APPLICABLE,NO,STRATEGY_AGGREGATE_MULTIPLIER,v1.4_FINAL_MODEL_BASED,ALLdis_CEA_v3.0,D9_MAIN_CARRY_FORWARD_2034_STEADY_STATE,目标阈值情景，成本有意不估计,STANDARD_LABEL,D9_MAIN_FULL_MAINTENANCE,,,INTERIM_NOT_FINAL_2035_2050,INTENTIONALLY_UNDEFINED,,
S0,STRUCTURAL_ANCHOR,2039,payer,0.0,modelled,NOT_APPLICABLE,NOT_APPLICABLE,NOT_APPLICABLE,NOT_APPLICABLE,,not_applicable,,,,not_applicable,,not_applicable,NOT_APPLICABLE,2025,CNY,REFERENCE,REFERENCE_NO_ADDITIONAL_POLICY,NONE_STRUCTURAL_ZERO,YES,YES,NO,STRATEGY_AGGREGATE_MULTIPLIER,v1.4_FINAL_MODEL_BASED,ALLdis_CEA_v3.0,D9_MAIN_CARRY_FORWARD_2034_STEADY_STATE,基线参照：无新增政策成本,STANDARD_LABEL,D9_MAIN_FULL_MAINTENANCE,,,INTERIM_NOT_FINAL_2035_2050,STRUCTURAL_ZERO,,0.0
S1,STRUCTURAL_ANCHOR,2039,payer,169032160.00000003,modelled_v16_temporal_alignment,NOT_APPLICABLE,NOT_APPLICABLE,NOT_APPLICABLE,NOT_APPLICABLE,,not_applicable,,,,conditional_not_standardized_across_all_modules,,conditional_not_standardized_across_all_modules,NOT_APPLICABLE,2025,CNY,FULL_MODELLED_INCREMENTAL,S1_COMPLETION_MODEL,MODEL_ASSUMPTION_RESOLVES_S1_GAPS,YES,YES,NO,STRATEGY_AGGREGATE_MULTIPLIER,v1.4_FINAL_MODEL_BASED,ALLdis_CEA_v3.0,D9_MAIN_CARRY_FORWARD_2034_STEADY_STATE,完整建模的增量政策成本；v16主分析补入持续传播维护成本,STANDARD_LABEL,D9_MAIN_FULL_MAINTENANCE,1.0,1.0,INTERIM_NOT_FINAL_2035_2050,INTERIM_STEADY_STATE_PARENT_EXTENSION,,111750170.73198175
S2,STRUCTURAL_ANCHOR,2039,payer,1684788986.952,modelled,S2_COMPONENT_METHOD,FORMAL_SELECTED; PROCUREMENT_PACKAGE_EXCLUDED,NOT_APPLICABLE,NOT_APPLICABLE,,not_applicable,,,,conditional_not_standardized_across_all_modules,,conditional_not_standardized_across_all_modules,NOT_APPLICABLE,2025,CNY,AUDITED_CORE,S2_AUDITED_CORE_WITH_S0_INCREMENTAL_FACTOR,MODEL_ASSUMPTION_RESOLVES_S0_DEDUCTION,YES,YES,NO,STRATEGY_AGGREGATE_MULTIPLIER,v1.4_FINAL_MODEL_BASED,ALLdis_CEA_v3.0,D9_MAIN_CARRY_FORWARD_2034_STEADY_STATE,可审计核心成本，不得表述为完整社区组织政策总成本,MUST_LABEL_AUDITED_CORE,D9_MAIN_FULL_MAINTENANCE,1.0,1.0,INTERIM_NOT_FINAL_2035_2050,INTERIM_STEADY_STATE_PARENT_EXTENSION,,1113843998.32108
S3,STRUCTURAL_ANCHOR,2039,payer,70400000.0,modelled,NOT_APPLICABLE,NOT_APPLICABLE,NOT_APPLICABLE,NOT_APPLICABLE,,not_applicable,,,,conditional_not_standardized_across_all_modules,,conditional_not_standardized_across_all_modules,NOT_APPLICABLE,2025,CNY,AUDITED_CORE,S3_AUDITED_QUANTIFIED_CORE,EXPLICIT_CORE_COST_BOUNDARY,YES,YES,NO,STRATEGY_AGGREGATE_MULTIPLIER,v1.4_FINAL_MODEL_BASED,ALLdis_CEA_v3.0,D9_MAIN_CARRY_FORWARD_2034_STEADY_STATE,可审计量化核心成本，不得表述为完整设施政策总成本,MUST_LABEL_AUDITED_CORE,D9_MAIN_FULL_MAINTENANCE,1.0,1.0,INTERIM_NOT_FINAL_2035_2050,INTERIM_EXCLUDES_CAPITAL_REPLACEMENT_CASH,0.0,46542693.52963077
S4,STRUCTURAL_ANCHOR,2039,payer,458660751.12,modelled,NOT_APPLICABLE,NOT_APPLICABLE,NOT_APPLICABLE,NOT_APPLICABLE,,not_applicable,,,,conditional_not_standardized_across_all_modules,,conditional_not_standardized_across_all_modules,NOT_APPLICABLE,2025,CNY,AUDITED_CORE,S4_AUDITED_QUANTIFIED_CORE,EXPLICIT_CORE_COST_BOUNDARY,YES,YES,NO,STRATEGY_AGGREGATE_MULTIPLIER,v1.4_FINAL_MODEL_BASED,ALLdis_CEA_v3.0,D9_MAIN_CARRY_FORWARD_2034_STEADY_STATE,可审计量化核心成本，不得表述为完整体卫融合政策总成本,MUST_LABEL_AUDITED_CORE,D9_MAIN_FULL_MAINTENANCE,1.0,1.0,INTERIM_NOT_FINAL_2035_2050,INTERIM_STEADY_STATE_PARENT_EXTENSION,,303228789.3955741
S5,STRUCTURAL_ANCHOR,2039,payer,149680760.0,modelled,NOT_APPLICABLE,NOT_APPLICABLE,MODEL_UNSPECIFIED,conditional_metadata_gap,40000000.0,identified_cash_transfer_in_payer_cost,,,,conditional_not_standardized_across_all_modules,,conditional_not_standardized_across_all_modules,NOT_APPLICABLE,2025,CNY,FULL_MODELLED_INCREMENTAL,S5_NATIONAL_DEPLOYMENT_COMPLETION_MODEL,MODEL_ASSUMPTION_RESOLVES_S5_GAPS,YES,YES,NO,STRATEGY_AGGREGATE_MULTIPLIER,v1.4_FINAL_MODEL_BASED,ALLdis_CEA_v3.0,D9_MAIN_CARRY_FORWARD_2034_STEADY_STATE,完整建模的增量部署成本；支付方成本含可识别转移支付,STANDARD_LABEL,D9_MAIN_FULL_MAINTENANCE,1.0,1.0,INTERIM_NOT_FINAL_2035_2050,INTERIM_SOFTWARE_HARDWARE_RENEWAL_UNCALIBRATED,0.0,98956615.6244633
S6,STRUCTURAL_ANCHOR,2039,payer,2329412998.072,modelled,NOT_APPLICABLE,NOT_APPLICABLE,S6_COMPOSITE_INCLUDES_S5_MODEL_UNSPECIFIED,conditional_metadata_gap,,conditional_embedded_composite_not_separately_estimable,,,,conditional_not_standardized_across_all_modules,,conditional_not_standardized_across_all_modules,SHARED_POOL_LEVEL,2025,CNY,DEDUPLICATED_COMPOSITE,S6_DEDUP_CORE_PLUS_MODULE_DELTAS_AND_MICROCOST_COORDINATION,MODEL_ASSUMPTION_RESOLVES_COORDINATION_AND_SHARED_POOL_GAPS,YES,YES,NO,STRATEGY_AGGREGATE_MULTIPLIER,v1.4_FINAL_MODEL_BASED,ALLdis_CEA_v3.0,D9_MAIN_CARRY_FORWARD_2034_STEADY_STATE,跨模块去重后的综合政策包成本,STANDARD_LABEL,D9_MAIN_FULL_MAINTENANCE,1.0,1.0,INTERIM_NOT_FINAL_2035_2050,INTERIM_INDEPENDENT_COMPOSITE_NOT_SUM_OF_S1_S5,0.0,1540016410.1307316
S7,STRUCTURAL_ANCHOR,2039,payer,,missing_intentionally_undefined,NOT_APPLICABLE,NOT_APPLICABLE,NOT_APPLICABLE,NOT_APPLICABLE,,missing_intentionally_undefined,,,,missing_intentionally_undefined,,missing_intentionally_undefined,NOT_APPLICABLE,2025,CNY,THRESHOLD_ONLY,BUDGET_THRESHOLD_STRATEGY,INTENTIONALLY_UNDEFINED,NOT_APPLICABLE,NOT_APPLICABLE,NO,STRATEGY_AGGREGATE_MULTIPLIER,v1.4_FINAL_MODEL_BASED,ALLdis_CEA_v3.0,D9_MAIN_CARRY_FORWARD_2034_STEADY_STATE,目标阈值情景，成本有意不估计,STANDARD_LABEL,D9_MAIN_FULL_MAINTENANCE,,,INTERIM_NOT_FINAL_2035_2050,INTENTIONALLY_UNDEFINED,,
S0,STRUCTURAL_ANCHOR,2040,payer,0.0,modelled,NOT_APPLICABLE,NOT_APPLICABLE,NOT_APPLICABLE,NOT_APPLICABLE,,not_applicable,,,,not_applicable,,not_applicable,NOT_APPLICABLE,2025,CNY,REFERENCE,REFERENCE_NO_ADDITIONAL_POLICY,NONE_STRUCTURAL_ZERO,YES,YES,NO,STRATEGY_AGGREGATE_MULTIPLIER,v1.4_FINAL_MODEL_BASED,ALLdis_CEA_v3.0,D9_MAIN_CARRY_FORWARD_2034_STEADY_STATE,基线参照：无新增政策成本,STANDARD_LABEL,D9_MAIN_FULL_MAINTENANCE,,,INTERIM_NOT_FINAL_2035_2050,STRUCTURAL_ZERO,,0.0
S1,STRUCTURAL_ANCHOR,2040,payer,169032160.00000003,modelled_v16_temporal_alignment,NOT_APPLICABLE,NOT_APPLICABLE,NOT_APPLICABLE,NOT_APPLICABLE,,not_applicable,,,,conditional_not_standardized_across_all_modules,,conditional_not_standardized_across_all_modules,NOT_APPLICABLE,2025,CNY,FULL_MODELLED_INCREMENTAL,S1_COMPLETION_MODEL,MODEL_ASSUMPTION_RESOLVES_S1_GAPS,YES,YES,NO,STRATEGY_AGGREGATE_MULTIPLIER,v1.4_FINAL_MODEL_BASED,ALLdis_CEA_v3.0,D9_MAIN_CARRY_FORWARD_2034_STEADY_STATE,完整建模的增量政策成本；v16主分析补入持续传播维护成本,STANDARD_LABEL,D9_MAIN_FULL_MAINTENANCE,1.0,1.0,INTERIM_NOT_FINAL_2035_2050,INTERIM_STEADY_STATE_PARENT_EXTENSION,,108495311.39027354
S2,STRUCTURAL_ANCHOR,2040,payer,1684788986.952,modelled,S2_COMPONENT_METHOD,FORMAL_SELECTED; PROCUREMENT_PACKAGE_EXCLUDED,NOT_APPLICABLE,NOT_APPLICABLE,,not_applicable,,,,conditional_not_standardized_across_all_modules,,conditional_not_standardized_across_all_modules,NOT_APPLICABLE,2025,CNY,AUDITED_CORE,S2_AUDITED_CORE_WITH_S0_INCREMENTAL_FACTOR,MODEL_ASSUMPTION_RESOLVES_S0_DEDUCTION,YES,YES,NO,STRATEGY_AGGREGATE_MULTIPLIER,v1.4_FINAL_MODEL_BASED,ALLdis_CEA_v3.0,D9_MAIN_CARRY_FORWARD_2034_STEADY_STATE,可审计核心成本，不得表述为完整社区组织政策总成本,MUST_LABEL_AUDITED_CORE,D9_MAIN_FULL_MAINTENANCE,1.0,1.0,INTERIM_NOT_FINAL_2035_2050,INTERIM_STEADY_STATE_PARENT_EXTENSION,,1081401940.1175535
S3,STRUCTURAL_ANCHOR,2040,payer,70400000.0,modelled,NOT_APPLICABLE,NOT_APPLICABLE,NOT_APPLICABLE,NOT_APPLICABLE,,not_applicable,,,,conditional_not_standardized_across_all_modules,,conditional_not_standardized_across_all_modules,NOT_APPLICABLE,2025,CNY,AUDITED_CORE,S3_AUDITED_QUANTIFIED_CORE,EXPLICIT_CORE_COST_BOUNDARY,YES,YES,NO,STRATEGY_AGGREGATE_MULTIPLIER,v1.4_FINAL_MODEL_BASED,ALLdis_CEA_v3.0,D9_MAIN_CARRY_FORWARD_2034_STEADY_STATE,可审计量化核心成本，不得表述为完整设施政策总成本,MUST_LABEL_AUDITED_CORE,D9_MAIN_FULL_MAINTENANCE,1.0,1.0,INTERIM_NOT_FINAL_2035_2050,INTERIM_EXCLUDES_CAPITAL_REPLACEMENT_CASH,0.0,45187081.096728906
S4,STRUCTURAL_ANCHOR,2040,payer,458660751.12,modelled,NOT_APPLICABLE,NOT_APPLICABLE,NOT_APPLICABLE,NOT_APPLICABLE,,not_applicable,,,,conditional_not_standardized_across_all_modules,,conditional_not_standardized_across_all_modules,NOT_APPLICABLE,2025,CNY,AUDITED_CORE,S4_AUDITED_QUANTIFIED_CORE,EXPLICIT_CORE_COST_BOUNDARY,YES,YES,NO,STRATEGY_AGGREGATE_MULTIPLIER,v1.4_FINAL_MODEL_BASED,ALLdis_CEA_v3.0,D9_MAIN_CARRY_FORWARD_2034_STEADY_STATE,可审计量化核心成本，不得表述为完整体卫融合政策总成本,MUST_LABEL_AUDITED_CORE,D9_MAIN_FULL_MAINTENANCE,1.0,1.0,INTERIM_NOT_FINAL_2035_2050,INTERIM_STEADY_STATE_PARENT_EXTENSION,,294396882.90832436
S5,STRUCTURAL_ANCHOR,2040,payer,149680760.0,modelled,NOT_APPLICABLE,NOT_APPLICABLE,MODEL_UNSPECIFIED,conditional_metadata_gap,40000000.0,identified_cash_transfer_in_payer_cost,,,,conditional_not_standardized_across_all_modules,,conditional_not_standardized_across_all_modules,NOT_APPLICABLE,2025,CNY,FULL_MODELLED_INCREMENTAL,S5_NATIONAL_DEPLOYMENT_COMPLETION_MODEL,MODEL_ASSUMPTION_RESOLVES_S5_GAPS,YES,YES,NO,STRATEGY_AGGREGATE_MULTIPLIER,v1.4_FINAL_MODEL_BASED,ALLdis_CEA_v3.0,D9_MAIN_CARRY_FORWARD_2034_STEADY_STATE,完整建模的增量部署成本；支付方成本含可识别转移支付,STANDARD_LABEL,D9_MAIN_FULL_MAINTENANCE,1.0,1.0,INTERIM_NOT_FINAL_2035_2050,INTERIM_SOFTWARE_HARDWARE_RENEWAL_UNCALIBRATED,0.0,96074384.10142069
S6,STRUCTURAL_ANCHOR,2040,payer,2329412998.072,modelled,NOT_APPLICABLE,NOT_APPLICABLE,S6_COMPOSITE_INCLUDES_S5_MODEL_UNSPECIFIED,conditional_metadata_gap,,conditional_embedded_composite_not_separately_estimable,,,,conditional_not_standardized_across_all_modules,,conditional_not_standardized_across_all_modules,SHARED_POOL_LEVEL,2025,CNY,DEDUPLICATED_COMPOSITE,S6_DEDUP_CORE_PLUS_MODULE_DELTAS_AND_MICROCOST_COORDINATION,MODEL_ASSUMPTION_RESOLVES_COORDINATION_AND_SHARED_POOL_GAPS,YES,YES,NO,STRATEGY_AGGREGATE_MULTIPLIER,v1.4_FINAL_MODEL_BASED,ALLdis_CEA_v3.0,D9_MAIN_CARRY_FORWARD_2034_STEADY_STATE,跨模块去重后的综合政策包成本,STANDARD_LABEL,D9_MAIN_FULL_MAINTENANCE,1.0,1.0,INTERIM_NOT_FINAL_2035_2050,INTERIM_INDEPENDENT_COMPOSITE_NOT_SUM_OF_S1_S5,0.0,1495161563.2337198
S7,STRUCTURAL_ANCHOR,2040,payer,,missing_intentionally_undefined,NOT_APPLICABLE,NOT_APPLICABLE,NOT_APPLICABLE,NOT_APPLICABLE,,missing_intentionally_undefined,,,,missing_intentionally_undefined,,missing_intentionally_undefined,NOT_APPLICABLE,2025,CNY,THRESHOLD_ONLY,BUDGET_THRESHOLD_STRATEGY,INTENTIONALLY_UNDEFINED,NOT_APPLICABLE,NOT_APPLICABLE,NO,STRATEGY_AGGREGATE_MULTIPLIER,v1.4_FINAL_MODEL_BASED,ALLdis_CEA_v3.0,D9_MAIN_CARRY_FORWARD_2034_STEADY_STATE,目标阈值情景，成本有意不估计,STANDARD_LABEL,D9_MAIN_FULL_MAINTENANCE,,,INTERIM_NOT_FINAL_2035_2050,INTENTIONALLY_UNDEFINED,,
S0,STRUCTURAL_ANCHOR,2041,payer,0.0,modelled,NOT_APPLICABLE,NOT_APPLICABLE,NOT_APPLICABLE,NOT_APPLICABLE,,not_applicable,,,,not_applicable,,not_applicable,NOT_APPLICABLE,2025,CNY,REFERENCE,REFERENCE_NO_ADDITIONAL_POLICY,NONE_STRUCTURAL_ZERO,YES,YES,NO,STRATEGY_AGGREGATE_MULTIPLIER,v1.4_FINAL_MODEL_BASED,ALLdis_CEA_v3.0,D9_MAIN_CARRY_FORWARD_2034_STEADY_STATE,基线参照：无新增政策成本,STANDARD_LABEL,D9_MAIN_FULL_MAINTENANCE,,,INTERIM_NOT_FINAL_2035_2050,STRUCTURAL_ZERO,,0.0
S1,STRUCTURAL_ANCHOR,2041,payer,169032160.00000003,modelled_v16_temporal_alignment,NOT_APPLICABLE,NOT_APPLICABLE,NOT_APPLICABLE,NOT_APPLICABLE,,not_applicable,,,,conditional_not_standardized_across_all_modules,,conditional_not_standardized_across_all_modules,NOT_APPLICABLE,2025,CNY,FULL_MODELLED_INCREMENTAL,S1_COMPLETION_MODEL,MODEL_ASSUMPTION_RESOLVES_S1_GAPS,YES,YES,NO,STRATEGY_AGGREGATE_MULTIPLIER,v1.4_FINAL_MODEL_BASED,ALLdis_CEA_v3.0,D9_MAIN_CARRY_FORWARD_2034_STEADY_STATE,完整建模的增量政策成本；v16主分析补入持续传播维护成本,STANDARD_LABEL,D9_MAIN_FULL_MAINTENANCE,1.0,1.0,INTERIM_NOT_FINAL_2035_2050,INTERIM_STEADY_STATE_PARENT_EXTENSION,,105335253.77696459
S2,STRUCTURAL_ANCHOR,2041,payer,1684788986.952,modelled,S2_COMPONENT_METHOD,FORMAL_SELECTED; PROCUREMENT_PACKAGE_EXCLUDED,NOT_APPLICABLE,NOT_APPLICABLE,,not_applicable,,,,conditional_not_standardized_across_all_modules,,conditional_not_standardized_across_all_modules,NOT_APPLICABLE,2025,CNY,AUDITED_CORE,S2_AUDITED_CORE_WITH_S0_INCREMENTAL_FACTOR,MODEL_ASSUMPTION_RESOLVES_S0_DEDUCTION,YES,YES,NO,STRATEGY_AGGREGATE_MULTIPLIER,v1.4_FINAL_MODEL_BASED,ALLdis_CEA_v3.0,D9_MAIN_CARRY_FORWARD_2034_STEADY_STATE,可审计核心成本，不得表述为完整社区组织政策总成本,MUST_LABEL_AUDITED_CORE,D9_MAIN_FULL_MAINTENANCE,1.0,1.0,INTERIM_NOT_FINAL_2035_2050,INTERIM_STEADY_STATE_PARENT_EXTENSION,,1049904796.2306342
S3,STRUCTURAL_ANCHOR,2041,payer,70400000.0,modelled,NOT_APPLICABLE,NOT_APPLICABLE,NOT_APPLICABLE,NOT_APPLICABLE,,not_applicable,,,,conditional_not_standardized_across_all_modules,,conditional_not_standardized_across_all_modules,NOT_APPLICABLE,2025,CNY,AUDITED_CORE,S3_AUDITED_QUANTIFIED_CORE,EXPLICIT_CORE_COST_BOUNDARY,YES,YES,NO,STRATEGY_AGGREGATE_MULTIPLIER,v1.4_FINAL_MODEL_BASED,ALLdis_CEA_v3.0,D9_MAIN_CARRY_FORWARD_2034_STEADY_STATE,可审计量化核心成本，不得表述为完整设施政策总成本,MUST_LABEL_AUDITED_CORE,D9_MAIN_FULL_MAINTENANCE,1.0,1.0,INTERIM_NOT_FINAL_2035_2050,INTERIM_EXCLUDES_CAPITAL_REPLACEMENT_CASH,0.0,43870952.52109602
S4,STRUCTURAL_ANCHOR,2041,payer,458660751.12,modelled,NOT_APPLICABLE,NOT_APPLICABLE,NOT_APPLICABLE,NOT_APPLICABLE,,not_applicable,,,,conditional_not_standardized_across_all_modules,,conditional_not_standardized_across_all_modules,NOT_APPLICABLE,2025,CNY,AUDITED_CORE,S4_AUDITED_QUANTIFIED_CORE,EXPLICIT_CORE_COST_BOUNDARY,YES,YES,NO,STRATEGY_AGGREGATE_MULTIPLIER,v1.4_FINAL_MODEL_BASED,ALLdis_CEA_v3.0,D9_MAIN_CARRY_FORWARD_2034_STEADY_STATE,可审计量化核心成本，不得表述为完整体卫融合政策总成本,MUST_LABEL_AUDITED_CORE,D9_MAIN_FULL_MAINTENANCE,1.0,1.0,INTERIM_NOT_FINAL_2035_2050,INTERIM_STEADY_STATE_PARENT_EXTENSION,,285822216.41584885
S5,STRUCTURAL_ANCHOR,2041,payer,149680760.0,modelled,NOT_APPLICABLE,NOT_APPLICABLE,MODEL_UNSPECIFIED,conditional_metadata_gap,40000000.0,identified_cash_transfer_in_payer_cost,,,,conditional_not_standardized_across_all_modules,,conditional_not_standardized_across_all_modules,NOT_APPLICABLE,2025,CNY,FULL_MODELLED_INCREMENTAL,S5_NATIONAL_DEPLOYMENT_COMPLETION_MODEL,MODEL_ASSUMPTION_RESOLVES_S5_GAPS,YES,YES,NO,STRATEGY_AGGREGATE_MULTIPLIER,v1.4_FINAL_MODEL_BASED,ALLdis_CEA_v3.0,D9_MAIN_CARRY_FORWARD_2034_STEADY_STATE,完整建模的增量部署成本；支付方成本含可识别转移支付,STANDARD_LABEL,D9_MAIN_FULL_MAINTENANCE,1.0,1.0,INTERIM_NOT_FINAL_2035_2050,INTERIM_SOFTWARE_HARDWARE_RENEWAL_UNCALIBRATED,0.0,93276101.06934047
S6,STRUCTURAL_ANCHOR,2041,payer,2329412998.072,modelled,NOT_APPLICABLE,NOT_APPLICABLE,S6_COMPOSITE_INCLUDES_S5_MODEL_UNSPECIFIED,conditional_metadata_gap,,conditional_embedded_composite_not_separately_estimable,,,,conditional_not_standardized_across_all_modules,,conditional_not_standardized_across_all_modules,SHARED_POOL_LEVEL,2025,CNY,DEDUPLICATED_COMPOSITE,S6_DEDUP_CORE_PLUS_MODULE_DELTAS_AND_MICROCOST_COORDINATION,MODEL_ASSUMPTION_RESOLVES_COORDINATION_AND_SHARED_POOL_GAPS,YES,YES,NO,STRATEGY_AGGREGATE_MULTIPLIER,v1.4_FINAL_MODEL_BASED,ALLdis_CEA_v3.0,D9_MAIN_CARRY_FORWARD_2034_STEADY_STATE,跨模块去重后的综合政策包成本,STANDARD_LABEL,D9_MAIN_FULL_MAINTENANCE,1.0,1.0,INTERIM_NOT_FINAL_2035_2050,INTERIM_INDEPENDENT_COMPOSITE_NOT_SUM_OF_S1_S5,0.0,1451613168.1880774
S7,STRUCTURAL_ANCHOR,2041,payer,,missing_intentionally_undefined,NOT_APPLICABLE,NOT_APPLICABLE,NOT_APPLICABLE,NOT_APPLICABLE,,missing_intentionally_undefined,,,,missing_intentionally_undefined,,missing_intentionally_undefined,NOT_APPLICABLE,2025,CNY,THRESHOLD_ONLY,BUDGET_THRESHOLD_STRATEGY,INTENTIONALLY_UNDEFINED,NOT_APPLICABLE,NOT_APPLICABLE,NO,STRATEGY_AGGREGATE_MULTIPLIER,v1.4_FINAL_MODEL_BASED,ALLdis_CEA_v3.0,D9_MAIN_CARRY_FORWARD_2034_STEADY_STATE,目标阈值情景，成本有意不估计,STANDARD_LABEL,D9_MAIN_FULL_MAINTENANCE,,,INTERIM_NOT_FINAL_2035_2050,INTENTIONALLY_UNDEFINED,,
S0,STRUCTURAL_ANCHOR,2042,payer,0.0,modelled,NOT_APPLICABLE,NOT_APPLICABLE,NOT_APPLICABLE,NOT_APPLICABLE,,not_applicable,,,,not_applicable,,not_applicable,NOT_APPLICABLE,2025,CNY,REFERENCE,REFERENCE_NO_ADDITIONAL_POLICY,NONE_STRUCTURAL_ZERO,YES,YES,NO,STRATEGY_AGGREGATE_MULTIPLIER,v1.4_FINAL_MODEL_BASED,ALLdis_CEA_v3.0,D9_MAIN_CARRY_FORWARD_2034_STEADY_STATE,基线参照：无新增政策成本,STANDARD_LABEL,D9_MAIN_FULL_MAINTENANCE,,,INTERIM_NOT_FINAL_2035_2050,STRUCTURAL_ZERO,,0.0
S1,STRUCTURAL_ANCHOR,2042,payer,169032160.00000003,modelled_v16_temporal_alignment,NOT_APPLICABLE,NOT_APPLICABLE,NOT_APPLICABLE,NOT_APPLICABLE,,not_applicable,,,,conditional_not_standardized_across_all_modules,,conditional_not_standardized_across_all_modules,NOT_APPLICABLE,2025,CNY,FULL_MODELLED_INCREMENTAL,S1_COMPLETION_MODEL,MODEL_ASSUMPTION_RESOLVES_S1_GAPS,YES,YES,NO,STRATEGY_AGGREGATE_MULTIPLIER,v1.4_FINAL_MODEL_BASED,ALLdis_CEA_v3.0,D9_MAIN_CARRY_FORWARD_2034_STEADY_STATE,完整建模的增量政策成本；v16主分析补入持续传播维护成本,STANDARD_LABEL,D9_MAIN_FULL_MAINTENANCE,1.0,1.0,INTERIM_NOT_FINAL_2035_2050,INTERIM_STEADY_STATE_PARENT_EXTENSION,,102267236.67666465
S2,STRUCTURAL_ANCHOR,2042,payer,1684788986.952,modelled,S2_COMPONENT_METHOD,FORMAL_SELECTED; PROCUREMENT_PACKAGE_EXCLUDED,NOT_APPLICABLE,NOT_APPLICABLE,,not_applicable,,,,conditional_not_standardized_across_all_modules,,conditional_not_standardized_across_all_modules,NOT_APPLICABLE,2025,CNY,AUDITED_CORE,S2_AUDITED_CORE_WITH_S0_INCREMENTAL_FACTOR,MODEL_ASSUMPTION_RESOLVES_S0_DEDUCTION,YES,YES,NO,STRATEGY_AGGREGATE_MULTIPLIER,v1.4_FINAL_MODEL_BASED,ALLdis_CEA_v3.0,D9_MAIN_CARRY_FORWARD_2034_STEADY_STATE,可审计核心成本，不得表述为完整社区组织政策总成本,MUST_LABEL_AUDITED_CORE,D9_MAIN_FULL_MAINTENANCE,1.0,1.0,INTERIM_NOT_FINAL_2035_2050,INTERIM_STEADY_STATE_PARENT_EXTENSION,,1019325044.8841109
S3,STRUCTURAL_ANCHOR,2042,payer,70400000.0,modelled,NOT_APPLICABLE,NOT_APPLICABLE,NOT_APPLICABLE,NOT_APPLICABLE,,not_applicable,,,,conditional_not_standardized_across_all_modules,,conditional_not_standardized_across_all_modules,NOT_APPLICABLE,2025,CNY,AUDITED_CORE,S3_AUDITED_QUANTIFIED_CORE,EXPLICIT_CORE_COST_BOUNDARY,YES,YES,NO,STRATEGY_AGGREGATE_MULTIPLIER,v1.4_FINAL_MODEL_BASED,ALLdis_CEA_v3.0,D9_MAIN_CARRY_FORWARD_2034_STEADY_STATE,可审计量化核心成本，不得表述为完整设施政策总成本,MUST_LABEL_AUDITED_CORE,D9_MAIN_FULL_MAINTENANCE,1.0,1.0,INTERIM_NOT_FINAL_2035_2050,INTERIM_EXCLUDES_CAPITAL_REPLACEMENT_CASH,0.0,42593157.78747187
S4,STRUCTURAL_ANCHOR,2042,payer,458660751.12,modelled,NOT_APPLICABLE,NOT_APPLICABLE,NOT_APPLICABLE,NOT_APPLICABLE,,not_applicable,,,,conditional_not_standardized_across_all_modules,,conditional_not_standardized_across_all_modules,NOT_APPLICABLE,2025,CNY,AUDITED_CORE,S4_AUDITED_QUANTIFIED_CORE,EXPLICIT_CORE_COST_BOUNDARY,YES,YES,NO,STRATEGY_AGGREGATE_MULTIPLIER,v1.4_FINAL_MODEL_BASED,ALLdis_CEA_v3.0,D9_MAIN_CARRY_FORWARD_2034_STEADY_STATE,可审计量化核心成本，不得表述为完整体卫融合政策总成本,MUST_LABEL_AUDITED_CORE,D9_MAIN_FULL_MAINTENANCE,1.0,1.0,INTERIM_NOT_FINAL_2035_2050,INTERIM_STEADY_STATE_PARENT_EXTENSION,,277497297.4911154
S5,STRUCTURAL_ANCHOR,2042,payer,149680760.0,modelled,NOT_APPLICABLE,NOT_APPLICABLE,MODEL_UNSPECIFIED,conditional_metadata_gap,40000000.0,identified_cash_transfer_in_payer_cost,,,,conditional_not_standardized_across_all_modules,,conditional_not_standardized_across_all_modules,NOT_APPLICABLE,2025,CNY,FULL_MODELLED_INCREMENTAL,S5_NATIONAL_DEPLOYMENT_COMPLETION_MODEL,MODEL_ASSUMPTION_RESOLVES_S5_GAPS,YES,YES,NO,STRATEGY_AGGREGATE_MULTIPLIER,v1.4_FINAL_MODEL_BASED,ALLdis_CEA_v3.0,D9_MAIN_CARRY_FORWARD_2034_STEADY_STATE,完整建模的增量部署成本；支付方成本含可识别转移支付,STANDARD_LABEL,D9_MAIN_FULL_MAINTENANCE,1.0,1.0,INTERIM_NOT_FINAL_2035_2050,INTERIM_SOFTWARE_HARDWARE_RENEWAL_UNCALIBRATED,0.0,90559321.42654414
S6,STRUCTURAL_ANCHOR,2042,payer,2329412998.072,modelled,NOT_APPLICABLE,NOT_APPLICABLE,S6_COMPOSITE_INCLUDES_S5_MODEL_UNSPECIFIED,conditional_metadata_gap,,conditional_embedded_composite_not_separately_estimable,,,,conditional_not_standardized_across_all_modules,,conditional_not_standardized_across_all_modules,SHARED_POOL_LEVEL,2025,CNY,DEDUPLICATED_COMPOSITE,S6_DEDUP_CORE_PLUS_MODULE_DELTAS_AND_MICROCOST_COORDINATION,MODEL_ASSUMPTION_RESOLVES_COORDINATION_AND_SHARED_POOL_GAPS,YES,YES,NO,STRATEGY_AGGREGATE_MULTIPLIER,v1.4_FINAL_MODEL_BASED,ALLdis_CEA_v3.0,D9_MAIN_CARRY_FORWARD_2034_STEADY_STATE,跨模块去重后的综合政策包成本,STANDARD_LABEL,D9_MAIN_FULL_MAINTENANCE,1.0,1.0,INTERIM_NOT_FINAL_2035_2050,INTERIM_INDEPENDENT_COMPOSITE_NOT_SUM_OF_S1_S5,0.0,1409333172.9981334
S7,STRUCTURAL_ANCHOR,2042,payer,,missing_intentionally_undefined,NOT_APPLICABLE,NOT_APPLICABLE,NOT_APPLICABLE,NOT_APPLICABLE,,missing_intentionally_undefined,,,,missing_intentionally_undefined,,missing_intentionally_undefined,NOT_APPLICABLE,2025,CNY,THRESHOLD_ONLY,BUDGET_THRESHOLD_STRATEGY,INTENTIONALLY_UNDEFINED,NOT_APPLICABLE,NOT_APPLICABLE,NO,STRATEGY_AGGREGATE_MULTIPLIER,v1.4_FINAL_MODEL_BASED,ALLdis_CEA_v3.0,D9_MAIN_CARRY_FORWARD_2034_STEADY_STATE,目标阈值情景，成本有意不估计,STANDARD_LABEL,D9_MAIN_FULL_MAINTENANCE,,,INTERIM_NOT_FINAL_2035_2050,INTENTIONALLY_UNDEFINED,,
S0,STRUCTURAL_ANCHOR,2043,payer,0.0,modelled,NOT_APPLICABLE,NOT_APPLICABLE,NOT_APPLICABLE,NOT_APPLICABLE,,not_applicable,,,,not_applicable,,not_applicable,NOT_APPLICABLE,2025,CNY,REFERENCE,REFERENCE_NO_ADDITIONAL_POLICY,NONE_STRUCTURAL_ZERO,YES,YES,NO,STRATEGY_AGGREGATE_MULTIPLIER,v1.4_FINAL_MODEL_BASED,ALLdis_CEA_v3.0,D9_MAIN_CARRY_FORWARD_2034_STEADY_STATE,基线参照：无新增政策成本,STANDARD_LABEL,D9_MAIN_FULL_MAINTENANCE,,,INTERIM_NOT_FINAL_2035_2050,STRUCTURAL_ZERO,,0.0
S1,STRUCTURAL_ANCHOR,2043,payer,169032160.00000003,modelled_v16_temporal_alignment,NOT_APPLICABLE,NOT_APPLICABLE,NOT_APPLICABLE,NOT_APPLICABLE,,not_applicable,,,,conditional_not_standardized_across_all_modules,,conditional_not_standardized_across_all_modules,NOT_APPLICABLE,2025,CNY,FULL_MODELLED_INCREMENTAL,S1_COMPLETION_MODEL,MODEL_ASSUMPTION_RESOLVES_S1_GAPS,YES,YES,NO,STRATEGY_AGGREGATE_MULTIPLIER,v1.4_FINAL_MODEL_BASED,ALLdis_CEA_v3.0,D9_MAIN_CARRY_FORWARD_2034_STEADY_STATE,完整建模的增量政策成本；v16主分析补入持续传播维护成本,STANDARD_LABEL,D9_MAIN_FULL_MAINTENANCE,1.0,1.0,INTERIM_NOT_FINAL_2035_2050,INTERIM_STEADY_STATE_PARENT_EXTENSION,,99288579.29773267
S2,STRUCTURAL_ANCHOR,2043,payer,1684788986.952,modelled,S2_COMPONENT_METHOD,FORMAL_SELECTED; PROCUREMENT_PACKAGE_EXCLUDED,NOT_APPLICABLE,NOT_APPLICABLE,,not_applicable,,,,conditional_not_standardized_across_all_modules,,conditional_not_standardized_across_all_modules,NOT_APPLICABLE,2025,CNY,AUDITED_CORE,S2_AUDITED_CORE_WITH_S0_INCREMENTAL_FACTOR,MODEL_ASSUMPTION_RESOLVES_S0_DEDUCTION,YES,YES,NO,STRATEGY_AGGREGATE_MULTIPLIER,v1.4_FINAL_MODEL_BASED,ALLdis_CEA_v3.0,D9_MAIN_CARRY_FORWARD_2034_STEADY_STATE,可审计核心成本，不得表述为完整社区组织政策总成本,MUST_LABEL_AUDITED_CORE,D9_MAIN_FULL_MAINTENANCE,1.0,1.0,INTERIM_NOT_FINAL_2035_2050,INTERIM_STEADY_STATE_PARENT_EXTENSION,,989635965.9069037
S3,STRUCTURAL_ANCHOR,2043,payer,70400000.0,modelled,NOT_APPLICABLE,NOT_APPLICABLE,NOT_APPLICABLE,NOT_APPLICABLE,,not_applicable,,,,conditional_not_standardized_across_all_modules,,conditional_not_standardized_across_all_modules,NOT_APPLICABLE,2025,CNY,AUDITED_CORE,S3_AUDITED_QUANTIFIED_CORE,EXPLICIT_CORE_COST_BOUNDARY,YES,YES,NO,STRATEGY_AGGREGATE_MULTIPLIER,v1.4_FINAL_MODEL_BASED,ALLdis_CEA_v3.0,D9_MAIN_CARRY_FORWARD_2034_STEADY_STATE,可审计量化核心成本，不得表述为完整设施政策总成本,MUST_LABEL_AUDITED_CORE,D9_MAIN_FULL_MAINTENANCE,1.0,1.0,INTERIM_NOT_FINAL_2035_2050,INTERIM_EXCLUDES_CAPITAL_REPLACEMENT_CASH,0.0,41352580.376186274
S4,STRUCTURAL_ANCHOR,2043,payer,458660751.12,modelled,NOT_APPLICABLE,NOT_APPLICABLE,NOT_APPLICABLE,NOT_APPLICABLE,,not_applicable,,,,conditional_not_standardized_across_all_modules,,conditional_not_standardized_across_all_modules,NOT_APPLICABLE,2025,CNY,AUDITED_CORE,S4_AUDITED_QUANTIFIED_CORE,EXPLICIT_CORE_COST_BOUNDARY,YES,YES,NO,STRATEGY_AGGREGATE_MULTIPLIER,v1.4_FINAL_MODEL_BASED,ALLdis_CEA_v3.0,D9_MAIN_CARRY_FORWARD_2034_STEADY_STATE,可审计量化核心成本，不得表述为完整体卫融合政策总成本,MUST_LABEL_AUDITED_CORE,D9_MAIN_FULL_MAINTENANCE,1.0,1.0,INTERIM_NOT_FINAL_2035_2050,INTERIM_STEADY_STATE_PARENT_EXTENSION,,269414851.9331217
S5,STRUCTURAL_ANCHOR,2043,payer,149680760.0,modelled,NOT_APPLICABLE,NOT_APPLICABLE,MODEL_UNSPECIFIED,conditional_metadata_gap,40000000.0,identified_cash_transfer_in_payer_cost,,,,conditional_not_standardized_across_all_modules,,conditional_not_standardized_across_all_modules,NOT_APPLICABLE,2025,CNY,FULL_MODELLED_INCREMENTAL,S5_NATIONAL_DEPLOYMENT_COMPLETION_MODEL,MODEL_ASSUMPTION_RESOLVES_S5_GAPS,YES,YES,NO,STRATEGY_AGGREGATE_MULTIPLIER,v1.4_FINAL_MODEL_BASED,ALLdis_CEA_v3.0,D9_MAIN_CARRY_FORWARD_2034_STEADY_STATE,完整建模的增量部署成本；支付方成本含可识别转移支付,STANDARD_LABEL,D9_MAIN_FULL_MAINTENANCE,1.0,1.0,INTERIM_NOT_FINAL_2035_2050,INTERIM_SOFTWARE_HARDWARE_RENEWAL_UNCALIBRATED,0.0,87921671.28790691
S6,STRUCTURAL_ANCHOR,2043,payer,2329412998.072,modelled,NOT_APPLICABLE,NOT_APPLICABLE,S6_COMPOSITE_INCLUDES_S5_MODEL_UNSPECIFIED,conditional_metadata_gap,,conditional_embedded_composite_not_separately_estimable,,,,conditional_not_standardized_across_all_modules,,conditional_not_standardized_across_all_modules,SHARED_POOL_LEVEL,2025,CNY,DEDUPLICATED_COMPOSITE,S6_DEDUP_CORE_PLUS_MODULE_DELTAS_AND_MICROCOST_COORDINATION,MODEL_ASSUMPTION_RESOLVES_COORDINATION_AND_SHARED_POOL_GAPS,YES,YES,NO,STRATEGY_AGGREGATE_MULTIPLIER,v1.4_FINAL_MODEL_BASED,ALLdis_CEA_v3.0,D9_MAIN_CARRY_FORWARD_2034_STEADY_STATE,跨模块去重后的综合政策包成本,STANDARD_LABEL,D9_MAIN_FULL_MAINTENANCE,1.0,1.0,INTERIM_NOT_FINAL_2035_2050,INTERIM_INDEPENDENT_COMPOSITE_NOT_SUM_OF_S1_S5,0.0,1368284633.9787703
S7,STRUCTURAL_ANCHOR,2043,payer,,missing_intentionally_undefined,NOT_APPLICABLE,NOT_APPLICABLE,NOT_APPLICABLE,NOT_APPLICABLE,,missing_intentionally_undefined,,,,missing_intentionally_undefined,,missing_intentionally_undefined,NOT_APPLICABLE,2025,CNY,THRESHOLD_ONLY,BUDGET_THRESHOLD_STRATEGY,INTENTIONALLY_UNDEFINED,NOT_APPLICABLE,NOT_APPLICABLE,NO,STRATEGY_AGGREGATE_MULTIPLIER,v1.4_FINAL_MODEL_BASED,ALLdis_CEA_v3.0,D9_MAIN_CARRY_FORWARD_2034_STEADY_STATE,目标阈值情景，成本有意不估计,STANDARD_LABEL,D9_MAIN_FULL_MAINTENANCE,,,INTERIM_NOT_FINAL_2035_2050,INTENTIONALLY_UNDEFINED,,
S0,STRUCTURAL_ANCHOR,2044,payer,0.0,modelled,NOT_APPLICABLE,NOT_APPLICABLE,NOT_APPLICABLE,NOT_APPLICABLE,,not_applicable,,,,not_applicable,,not_applicable,NOT_APPLICABLE,2025,CNY,REFERENCE,REFERENCE_NO_ADDITIONAL_POLICY,NONE_STRUCTURAL_ZERO,YES,YES,NO,STRATEGY_AGGREGATE_MULTIPLIER,v1.4_FINAL_MODEL_BASED,ALLdis_CEA_v3.0,D9_MAIN_CARRY_FORWARD_2034_STEADY_STATE,基线参照：无新增政策成本,STANDARD_LABEL,D9_MAIN_FULL_MAINTENANCE,,,INTERIM_NOT_FINAL_2035_2050,STRUCTURAL_ZERO,,0.0
S1,STRUCTURAL_ANCHOR,2044,payer,169032160.00000003,modelled_v16_temporal_alignment,NOT_APPLICABLE,NOT_APPLICABLE,NOT_APPLICABLE,NOT_APPLICABLE,,not_applicable,,,,conditional_not_standardized_across_all_modules,,conditional_not_standardized_across_all_modules,NOT_APPLICABLE,2025,CNY,FULL_MODELLED_INCREMENTAL,S1_COMPLETION_MODEL,MODEL_ASSUMPTION_RESOLVES_S1_GAPS,YES,YES,NO,STRATEGY_AGGREGATE_MULTIPLIER,v1.4_FINAL_MODEL_BASED,ALLdis_CEA_v3.0,D9_MAIN_CARRY_FORWARD_2034_STEADY_STATE,完整建模的增量政策成本；v16主分析补入持续传播维护成本,STANDARD_LABEL,D9_MAIN_FULL_MAINTENANCE,1.0,1.0,INTERIM_NOT_FINAL_2035_2050,INTERIM_STEADY_STATE_PARENT_EXTENSION,,96396678.92983754
S2,STRUCTURAL_ANCHOR,2044,payer,1684788986.952,modelled,S2_COMPONENT_METHOD,FORMAL_SELECTED; PROCUREMENT_PACKAGE_EXCLUDED,NOT_APPLICABLE,NOT_APPLICABLE,,not_applicable,,,,conditional_not_standardized_across_all_modules,,conditional_not_standardized_across_all_modules,NOT_APPLICABLE,2025,CNY,AUDITED_CORE,S2_AUDITED_CORE_WITH_S0_INCREMENTAL_FACTOR,MODEL_ASSUMPTION_RESOLVES_S0_DEDUCTION,YES,YES,NO,STRATEGY_AGGREGATE_MULTIPLIER,v1.4_FINAL_MODEL_BASED,ALLdis_CEA_v3.0,D9_MAIN_CARRY_FORWARD_2034_STEADY_STATE,可审计核心成本，不得表述为完整社区组织政策总成本,MUST_LABEL_AUDITED_CORE,D9_MAIN_FULL_MAINTENANCE,1.0,1.0,INTERIM_NOT_FINAL_2035_2050,INTERIM_STEADY_STATE_PARENT_EXTENSION,,960811617.3853434
S3,STRUCTURAL_ANCHOR,2044,payer,70400000.0,modelled,NOT_APPLICABLE,NOT_APPLICABLE,NOT_APPLICABLE,NOT_APPLICABLE,,not_applicable,,,,conditional_not_standardized_across_all_modules,,conditional_not_standardized_across_all_modules,NOT_APPLICABLE,2025,CNY,AUDITED_CORE,S3_AUDITED_QUANTIFIED_CORE,EXPLICIT_CORE_COST_BOUNDARY,YES,YES,NO,STRATEGY_AGGREGATE_MULTIPLIER,v1.4_FINAL_MODEL_BASED,ALLdis_CEA_v3.0,D9_MAIN_CARRY_FORWARD_2034_STEADY_STATE,可审计量化核心成本，不得表述为完整设施政策总成本,MUST_LABEL_AUDITED_CORE,D9_MAIN_FULL_MAINTENANCE,1.0,1.0,INTERIM_NOT_FINAL_2035_2050,INTERIM_EXCLUDES_CAPITAL_REPLACEMENT_CASH,0.0,40148136.28755949
S4,STRUCTURAL_ANCHOR,2044,payer,458660751.12,modelled,NOT_APPLICABLE,NOT_APPLICABLE,NOT_APPLICABLE,NOT_APPLICABLE,,not_applicable,,,,conditional_not_standardized_across_all_modules,,conditional_not_standardized_across_all_modules,NOT_APPLICABLE,2025,CNY,AUDITED_CORE,S4_AUDITED_QUANTIFIED_CORE,EXPLICIT_CORE_COST_BOUNDARY,YES,YES,NO,STRATEGY_AGGREGATE_MULTIPLIER,v1.4_FINAL_MODEL_BASED,ALLdis_CEA_v3.0,D9_MAIN_CARRY_FORWARD_2034_STEADY_STATE,可审计量化核心成本，不得表述为完整体卫融合政策总成本,MUST_LABEL_AUDITED_CORE,D9_MAIN_FULL_MAINTENANCE,1.0,1.0,INTERIM_NOT_FINAL_2035_2050,INTERIM_STEADY_STATE_PARENT_EXTENSION,,261567817.41079777
S5,STRUCTURAL_ANCHOR,2044,payer,149680760.0,modelled,NOT_APPLICABLE,NOT_APPLICABLE,MODEL_UNSPECIFIED,conditional_metadata_gap,40000000.0,identified_cash_transfer_in_payer_cost,,,,conditional_not_standardized_across_all_modules,,conditional_not_standardized_across_all_modules,NOT_APPLICABLE,2025,CNY,FULL_MODELLED_INCREMENTAL,S5_NATIONAL_DEPLOYMENT_COMPLETION_MODEL,MODEL_ASSUMPTION_RESOLVES_S5_GAPS,YES,YES,NO,STRATEGY_AGGREGATE_MULTIPLIER,v1.4_FINAL_MODEL_BASED,ALLdis_CEA_v3.0,D9_MAIN_CARRY_FORWARD_2034_STEADY_STATE,完整建模的增量部署成本；支付方成本含可识别转移支付,STANDARD_LABEL,D9_MAIN_FULL_MAINTENANCE,1.0,1.0,INTERIM_NOT_FINAL_2035_2050,INTERIM_SOFTWARE_HARDWARE_RENEWAL_UNCALIBRATED,0.0,85360845.91058925
S6,STRUCTURAL_ANCHOR,2044,payer,2329412998.072,modelled,NOT_APPLICABLE,NOT_APPLICABLE,S6_COMPOSITE_INCLUDES_S5_MODEL_UNSPECIFIED,conditional_metadata_gap,,conditional_embedded_composite_not_separately_estimable,,,,conditional_not_standardized_across_all_modules,,conditional_not_standardized_across_all_modules,SHARED_POOL_LEVEL,2025,CNY,DEDUPLICATED_COMPOSITE,S6_DEDUP_CORE_PLUS_MODULE_DELTAS_AND_MICROCOST_COORDINATION,MODEL_ASSUMPTION_RESOLVES_COORDINATION_AND_SHARED_POOL_GAPS,YES,YES,NO,STRATEGY_AGGREGATE_MULTIPLIER,v1.4_FINAL_MODEL_BASED,ALLdis_CEA_v3.0,D9_MAIN_CARRY_FORWARD_2034_STEADY_STATE,跨模块去重后的综合政策包成本,STANDARD_LABEL,D9_MAIN_FULL_MAINTENANCE,1.0,1.0,INTERIM_NOT_FINAL_2035_2050,INTERIM_INDEPENDENT_COMPOSITE_NOT_SUM_OF_S1_S5,0.0,1328431683.4745343
S7,STRUCTURAL_ANCHOR,2044,payer,,missing_intentionally_undefined,NOT_APPLICABLE,NOT_APPLICABLE,NOT_APPLICABLE,NOT_APPLICABLE,,missing_intentionally_undefined,,,,missing_intentionally_undefined,,missing_intentionally_undefined,NOT_APPLICABLE,2025,CNY,THRESHOLD_ONLY,BUDGET_THRESHOLD_STRATEGY,INTENTIONALLY_UNDEFINED,NOT_APPLICABLE,NOT_APPLICABLE,NO,STRATEGY_AGGREGATE_MULTIPLIER,v1.4_FINAL_MODEL_BASED,ALLdis_CEA_v3.0,D9_MAIN_CARRY_FORWARD_2034_STEADY_STATE,目标阈值情景，成本有意不估计,STANDARD_LABEL,D9_MAIN_FULL_MAINTENANCE,,,INTERIM_NOT_FINAL_2035_2050,INTENTIONALLY_UNDEFINED,,
S0,STRUCTURAL_ANCHOR,2045,payer,0.0,modelled,NOT_APPLICABLE,NOT_APPLICABLE,NOT_APPLICABLE,NOT_APPLICABLE,,not_applicable,,,,not_applicable,,not_applicable,NOT_APPLICABLE,2025,CNY,REFERENCE,REFERENCE_NO_ADDITIONAL_POLICY,NONE_STRUCTURAL_ZERO,YES,YES,NO,STRATEGY_AGGREGATE_MULTIPLIER,v1.4_FINAL_MODEL_BASED,ALLdis_CEA_v3.0,D9_MAIN_CARRY_FORWARD_2034_STEADY_STATE,基线参照：无新增政策成本,STANDARD_LABEL,D9_MAIN_FULL_MAINTENANCE,,,INTERIM_NOT_FINAL_2035_2050,STRUCTURAL_ZERO,,0.0
S1,STRUCTURAL_ANCHOR,2045,payer,169032160.00000003,modelled_v16_temporal_alignment,NOT_APPLICABLE,NOT_APPLICABLE,NOT_APPLICABLE,NOT_APPLICABLE,,not_applicable,,,,conditional_not_standardized_across_all_modules,,conditional_not_standardized_across_all_modules,NOT_APPLICABLE,2025,CNY,FULL_MODELLED_INCREMENTAL,S1_COMPLETION_MODEL,MODEL_ASSUMPTION_RESOLVES_S1_GAPS,YES,YES,NO,STRATEGY_AGGREGATE_MULTIPLIER,v1.4_FINAL_MODEL_BASED,ALLdis_CEA_v3.0,D9_MAIN_CARRY_FORWARD_2034_STEADY_STATE,完整建模的增量政策成本；v16主分析补入持续传播维护成本,STANDARD_LABEL,D9_MAIN_FULL_MAINTENANCE,1.0,1.0,INTERIM_NOT_FINAL_2035_2050,INTERIM_STEADY_STATE_PARENT_EXTENSION,,93589008.66974518
S2,STRUCTURAL_ANCHOR,2045,payer,1684788986.952,modelled,S2_COMPONENT_METHOD,FORMAL_SELECTED; PROCUREMENT_PACKAGE_EXCLUDED,NOT_APPLICABLE,NOT_APPLICABLE,,not_applicable,,,,conditional_not_standardized_across_all_modules,,conditional_not_standardized_across_all_modules,NOT_APPLICABLE,2025,CNY,AUDITED_CORE,S2_AUDITED_CORE_WITH_S0_INCREMENTAL_FACTOR,MODEL_ASSUMPTION_RESOLVES_S0_DEDUCTION,YES,YES,NO,STRATEGY_AGGREGATE_MULTIPLIER,v1.4_FINAL_MODEL_BASED,ALLdis_CEA_v3.0,D9_MAIN_CARRY_FORWARD_2034_STEADY_STATE,可审计核心成本，不得表述为完整社区组织政策总成本,MUST_LABEL_AUDITED_CORE,D9_MAIN_FULL_MAINTENANCE,1.0,1.0,INTERIM_NOT_FINAL_2035_2050,INTERIM_STEADY_STATE_PARENT_EXTENSION,,932826812.995479
S3,STRUCTURAL_ANCHOR,2045,payer,70400000.0,modelled,NOT_APPLICABLE,NOT_APPLICABLE,NOT_APPLICABLE,NOT_APPLICABLE,,not_applicable,,,,conditional_not_standardized_across_all_modules,,conditional_not_standardized_across_all_modules,NOT_APPLICABLE,2025,CNY,AUDITED_CORE,S3_AUDITED_QUANTIFIED_CORE,EXPLICIT_CORE_COST_BOUNDARY,YES,YES,NO,STRATEGY_AGGREGATE_MULTIPLIER,v1.4_FINAL_MODEL_BASED,ALLdis_CEA_v3.0,D9_MAIN_CARRY_FORWARD_2034_STEADY_STATE,可审计量化核心成本，不得表述为完整设施政策总成本,MUST_LABEL_AUDITED_CORE,D9_MAIN_FULL_MAINTENANCE,1.0,1.0,INTERIM_NOT_FINAL_2035_2050,INTERIM_EXCLUDES_CAPITAL_REPLACEMENT_CASH,0.0,38978773.09471795
S4,STRUCTURAL_ANCHOR,2045,payer,458660751.12,modelled,NOT_APPLICABLE,NOT_APPLICABLE,NOT_APPLICABLE,NOT_APPLICABLE,,not_applicable,,,,conditional_not_standardized_across_all_modules,,conditional_not_standardized_across_all_modules,NOT_APPLICABLE,2025,CNY,AUDITED_CORE,S4_AUDITED_QUANTIFIED_CORE,EXPLICIT_CORE_COST_BOUNDARY,YES,YES,NO,STRATEGY_AGGREGATE_MULTIPLIER,v1.4_FINAL_MODEL_BASED,ALLdis_CEA_v3.0,D9_MAIN_CARRY_FORWARD_2034_STEADY_STATE,可审计量化核心成本，不得表述为完整体卫融合政策总成本,MUST_LABEL_AUDITED_CORE,D9_MAIN_FULL_MAINTENANCE,1.0,1.0,INTERIM_NOT_FINAL_2035_2050,INTERIM_STEADY_STATE_PARENT_EXTENSION,,253949337.29203665
S5,STRUCTURAL_ANCHOR,2045,payer,149680760.0,modelled,NOT_APPLICABLE,NOT_APPLICABLE,MODEL_UNSPECIFIED,conditional_metadata_gap,40000000.0,identified_cash_transfer_in_payer_cost,,,,conditional_not_standardized_across_all_modules,,conditional_not_standardized_across_all_modules,NOT_APPLICABLE,2025,CNY,FULL_MODELLED_INCREMENTAL,S5_NATIONAL_DEPLOYMENT_COMPLETION_MODEL,MODEL_ASSUMPTION_RESOLVES_S5_GAPS,YES,YES,NO,STRATEGY_AGGREGATE_MULTIPLIER,v1.4_FINAL_MODEL_BASED,ALLdis_CEA_v3.0,D9_MAIN_CARRY_FORWARD_2034_STEADY_STATE,完整建模的增量部署成本；支付方成本含可识别转移支付,STANDARD_LABEL,D9_MAIN_FULL_MAINTENANCE,1.0,1.0,INTERIM_NOT_FINAL_2035_2050,INTERIM_SOFTWARE_HARDWARE_RENEWAL_UNCALIBRATED,0.0,82874607.68018372
S6,STRUCTURAL_ANCHOR,2045,payer,2329412998.072,modelled,NOT_APPLICABLE,NOT_APPLICABLE,S6_COMPOSITE_INCLUDES_S5_MODEL_UNSPECIFIED,conditional_metadata_gap,,conditional_embedded_composite_not_separately_estimable,,,,conditional_not_standardized_across_all_modules,,conditional_not_standardized_across_all_modules,SHARED_POOL_LEVEL,2025,CNY,DEDUPLICATED_COMPOSITE,S6_DEDUP_CORE_PLUS_MODULE_DELTAS_AND_MICROCOST_COORDINATION,MODEL_ASSUMPTION_RESOLVES_COORDINATION_AND_SHARED_POOL_GAPS,YES,YES,NO,STRATEGY_AGGREGATE_MULTIPLIER,v1.4_FINAL_MODEL_BASED,ALLdis_CEA_v3.0,D9_MAIN_CARRY_FORWARD_2034_STEADY_STATE,跨模块去重后的综合政策包成本,STANDARD_LABEL,D9_MAIN_FULL_MAINTENANCE,1.0,1.0,INTERIM_NOT_FINAL_2035_2050,INTERIM_INDEPENDENT_COMPOSITE_NOT_SUM_OF_S1_S5,0.0,1289739498.5189652
S7,STRUCTURAL_ANCHOR,2045,payer,,missing_intentionally_undefined,NOT_APPLICABLE,NOT_APPLICABLE,NOT_APPLICABLE,NOT_APPLICABLE,,missing_intentionally_undefined,,,,missing_intentionally_undefined,,missing_intentionally_undefined,NOT_APPLICABLE,2025,CNY,THRESHOLD_ONLY,BUDGET_THRESHOLD_STRATEGY,INTENTIONALLY_UNDEFINED,NOT_APPLICABLE,NOT_APPLICABLE,NO,STRATEGY_AGGREGATE_MULTIPLIER,v1.4_FINAL_MODEL_BASED,ALLdis_CEA_v3.0,D9_MAIN_CARRY_FORWARD_2034_STEADY_STATE,目标阈值情景，成本有意不估计,STANDARD_LABEL,D9_MAIN_FULL_MAINTENANCE,,,INTERIM_NOT_FINAL_2035_2050,INTENTIONALLY_UNDEFINED,,
S0,STRUCTURAL_ANCHOR,2046,payer,0.0,modelled,NOT_APPLICABLE,NOT_APPLICABLE,NOT_APPLICABLE,NOT_APPLICABLE,,not_applicable,,,,not_applicable,,not_applicable,NOT_APPLICABLE,2025,CNY,REFERENCE,REFERENCE_NO_ADDITIONAL_POLICY,NONE_STRUCTURAL_ZERO,YES,YES,NO,STRATEGY_AGGREGATE_MULTIPLIER,v1.4_FINAL_MODEL_BASED,ALLdis_CEA_v3.0,D9_MAIN_CARRY_FORWARD_2034_STEADY_STATE,基线参照：无新增政策成本,STANDARD_LABEL,D9_MAIN_FULL_MAINTENANCE,,,INTERIM_NOT_FINAL_2035_2050,STRUCTURAL_ZERO,,0.0
S1,STRUCTURAL_ANCHOR,2046,payer,169032160.00000003,modelled_v16_temporal_alignment,NOT_APPLICABLE,NOT_APPLICABLE,NOT_APPLICABLE,NOT_APPLICABLE,,not_applicable,,,,conditional_not_standardized_across_all_modules,,conditional_not_standardized_across_all_modules,NOT_APPLICABLE,2025,CNY,FULL_MODELLED_INCREMENTAL,S1_COMPLETION_MODEL,MODEL_ASSUMPTION_RESOLVES_S1_GAPS,YES,YES,NO,STRATEGY_AGGREGATE_MULTIPLIER,v1.4_FINAL_MODEL_BASED,ALLdis_CEA_v3.0,D9_MAIN_CARRY_FORWARD_2034_STEADY_STATE,完整建模的增量政策成本；v16主分析补入持续传播维护成本,STANDARD_LABEL,D9_MAIN_FULL_MAINTENANCE,1.0,1.0,INTERIM_NOT_FINAL_2035_2050,INTERIM_STEADY_STATE_PARENT_EXTENSION,,90863115.21334484
S2,STRUCTURAL_ANCHOR,2046,payer,1684788986.952,modelled,S2_COMPONENT_METHOD,FORMAL_SELECTED; PROCUREMENT_PACKAGE_EXCLUDED,NOT_APPLICABLE,NOT_APPLICABLE,,not_applicable,,,,conditional_not_standardized_across_all_modules,,conditional_not_standardized_across_all_modules,NOT_APPLICABLE,2025,CNY,AUDITED_CORE,S2_AUDITED_CORE_WITH_S0_INCREMENTAL_FACTOR,MODEL_ASSUMPTION_RESOLVES_S0_DEDUCTION,YES,YES,NO,STRATEGY_AGGREGATE_MULTIPLIER,v1.4_FINAL_MODEL_BASED,ALLdis_CEA_v3.0,D9_MAIN_CARRY_FORWARD_2034_STEADY_STATE,可审计核心成本，不得表述为完整社区组织政策总成本,MUST_LABEL_AUDITED_CORE,D9_MAIN_FULL_MAINTENANCE,1.0,1.0,INTERIM_NOT_FINAL_2035_2050,INTERIM_STEADY_STATE_PARENT_EXTENSION,,905657099.9956107
S3,STRUCTURAL_ANCHOR,2046,payer,70400000.0,modelled,NOT_APPLICABLE,NOT_APPLICABLE,NOT_APPLICABLE,NOT_APPLICABLE,,not_applicable,,,,conditional_not_standardized_across_all_modules,,conditional_not_standardized_across_all_modules,NOT_APPLICABLE,2025,CNY,AUDITED_CORE,S3_AUDITED_QUANTIFIED_CORE,EXPLICIT_CORE_COST_BOUNDARY,YES,YES,NO,STRATEGY_AGGREGATE_MULTIPLIER,v1.4_FINAL_MODEL_BASED,ALLdis_CEA_v3.0,D9_MAIN_CARRY_FORWARD_2034_STEADY_STATE,可审计量化核心成本，不得表述为完整设施政策总成本,MUST_LABEL_AUDITED_CORE,D9_MAIN_FULL_MAINTENANCE,1.0,1.0,INTERIM_NOT_FINAL_2035_2050,INTERIM_EXCLUDES_CAPITAL_REPLACEMENT_CASH,0.0,37843469.02399801
S4,STRUCTURAL_ANCHOR,2046,payer,458660751.12,modelled,NOT_APPLICABLE,NOT_APPLICABLE,NOT_APPLICABLE,NOT_APPLICABLE,,not_applicable,,,,conditional_not_standardized_across_all_modules,,conditional_not_standardized_across_all_modules,NOT_APPLICABLE,2025,CNY,AUDITED_CORE,S4_AUDITED_QUANTIFIED_CORE,EXPLICIT_CORE_COST_BOUNDARY,YES,YES,NO,STRATEGY_AGGREGATE_MULTIPLIER,v1.4_FINAL_MODEL_BASED,ALLdis_CEA_v3.0,D9_MAIN_CARRY_FORWARD_2034_STEADY_STATE,可审计量化核心成本，不得表述为完整体卫融合政策总成本,MUST_LABEL_AUDITED_CORE,D9_MAIN_FULL_MAINTENANCE,1.0,1.0,INTERIM_NOT_FINAL_2035_2050,INTERIM_STEADY_STATE_PARENT_EXTENSION,,246552754.65246278
S5,STRUCTURAL_ANCHOR,2046,payer,149680760.0,modelled,NOT_APPLICABLE,NOT_APPLICABLE,MODEL_UNSPECIFIED,conditional_metadata_gap,40000000.0,identified_cash_transfer_in_payer_cost,,,,conditional_not_standardized_across_all_modules,,conditional_not_standardized_across_all_modules,NOT_APPLICABLE,2025,CNY,FULL_MODELLED_INCREMENTAL,S5_NATIONAL_DEPLOYMENT_COMPLETION_MODEL,MODEL_ASSUMPTION_RESOLVES_S5_GAPS,YES,YES,NO,STRATEGY_AGGREGATE_MULTIPLIER,v1.4_FINAL_MODEL_BASED,ALLdis_CEA_v3.0,D9_MAIN_CARRY_FORWARD_2034_STEADY_STATE,完整建模的增量部署成本；支付方成本含可识别转移支付,STANDARD_LABEL,D9_MAIN_FULL_MAINTENANCE,1.0,1.0,INTERIM_NOT_FINAL_2035_2050,INTERIM_SOFTWARE_HARDWARE_RENEWAL_UNCALIBRATED,0.0,80460784.15551819
S6,STRUCTURAL_ANCHOR,2046,payer,2329412998.072,modelled,NOT_APPLICABLE,NOT_APPLICABLE,S6_COMPOSITE_INCLUDES_S5_MODEL_UNSPECIFIED,conditional_metadata_gap,,conditional_embedded_composite_not_separately_estimable,,,,conditional_not_standardized_across_all_modules,,conditional_not_standardized_across_all_modules,SHARED_POOL_LEVEL,2025,CNY,DEDUPLICATED_COMPOSITE,S6_DEDUP_CORE_PLUS_MODULE_DELTAS_AND_MICROCOST_COORDINATION,MODEL_ASSUMPTION_RESOLVES_COORDINATION_AND_SHARED_POOL_GAPS,YES,YES,NO,STRATEGY_AGGREGATE_MULTIPLIER,v1.4_FINAL_MODEL_BASED,ALLdis_CEA_v3.0,D9_MAIN_CARRY_FORWARD_2034_STEADY_STATE,跨模块去重后的综合政策包成本,STANDARD_LABEL,D9_MAIN_FULL_MAINTENANCE,1.0,1.0,INTERIM_NOT_FINAL_2035_2050,INTERIM_INDEPENDENT_COMPOSITE_NOT_SUM_OF_S1_S5,0.0,1252174270.4067624
S7,STRUCTURAL_ANCHOR,2046,payer,,missing_intentionally_undefined,NOT_APPLICABLE,NOT_APPLICABLE,NOT_APPLICABLE,NOT_APPLICABLE,,missing_intentionally_undefined,,,,missing_intentionally_undefined,,missing_intentionally_undefined,NOT_APPLICABLE,2025,CNY,THRESHOLD_ONLY,BUDGET_THRESHOLD_STRATEGY,INTENTIONALLY_UNDEFINED,NOT_APPLICABLE,NOT_APPLICABLE,NO,STRATEGY_AGGREGATE_MULTIPLIER,v1.4_FINAL_MODEL_BASED,ALLdis_CEA_v3.0,D9_MAIN_CARRY_FORWARD_2034_STEADY_STATE,目标阈值情景，成本有意不估计,STANDARD_LABEL,D9_MAIN_FULL_MAINTENANCE,,,INTERIM_NOT_FINAL_2035_2050,INTENTIONALLY_UNDEFINED,,
S0,STRUCTURAL_ANCHOR,2047,payer,0.0,modelled,NOT_APPLICABLE,NOT_APPLICABLE,NOT_APPLICABLE,NOT_APPLICABLE,,not_applicable,,,,not_applicable,,not_applicable,NOT_APPLICABLE,2025,CNY,REFERENCE,REFERENCE_NO_ADDITIONAL_POLICY,NONE_STRUCTURAL_ZERO,YES,YES,NO,STRATEGY_AGGREGATE_MULTIPLIER,v1.4_FINAL_MODEL_BASED,ALLdis_CEA_v3.0,D9_MAIN_CARRY_FORWARD_2034_STEADY_STATE,基线参照：无新增政策成本,STANDARD_LABEL,D9_MAIN_FULL_MAINTENANCE,,,INTERIM_NOT_FINAL_2035_2050,STRUCTURAL_ZERO,,0.0
S1,STRUCTURAL_ANCHOR,2047,payer,169032160.00000003,modelled_v16_temporal_alignment,NOT_APPLICABLE,NOT_APPLICABLE,NOT_APPLICABLE,NOT_APPLICABLE,,not_applicable,,,,conditional_not_standardized_across_all_modules,,conditional_not_standardized_across_all_modules,NOT_APPLICABLE,2025,CNY,FULL_MODELLED_INCREMENTAL,S1_COMPLETION_MODEL,MODEL_ASSUMPTION_RESOLVES_S1_GAPS,YES,YES,NO,STRATEGY_AGGREGATE_MULTIPLIER,v1.4_FINAL_MODEL_BASED,ALLdis_CEA_v3.0,D9_MAIN_CARRY_FORWARD_2034_STEADY_STATE,完整建模的增量政策成本；v16主分析补入持续传播维护成本,STANDARD_LABEL,D9_MAIN_FULL_MAINTENANCE,1.0,1.0,INTERIM_NOT_FINAL_2035_2050,INTERIM_STEADY_STATE_PARENT_EXTENSION,,88216616.71198528
S2,STRUCTURAL_ANCHOR,2047,payer,1684788986.952,modelled,S2_COMPONENT_METHOD,FORMAL_SELECTED; PROCUREMENT_PACKAGE_EXCLUDED,NOT_APPLICABLE,NOT_APPLICABLE,,not_applicable,,,,conditional_not_standardized_across_all_modules,,conditional_not_standardized_across_all_modules,NOT_APPLICABLE,2025,CNY,AUDITED_CORE,S2_AUDITED_CORE_WITH_S0_INCREMENTAL_FACTOR,MODEL_ASSUMPTION_RESOLVES_S0_DEDUCTION,YES,YES,NO,STRATEGY_AGGREGATE_MULTIPLIER,v1.4_FINAL_MODEL_BASED,ALLdis_CEA_v3.0,D9_MAIN_CARRY_FORWARD_2034_STEADY_STATE,可审计核心成本，不得表述为完整社区组织政策总成本,MUST_LABEL_AUDITED_CORE,D9_MAIN_FULL_MAINTENANCE,1.0,1.0,INTERIM_NOT_FINAL_2035_2050,INTERIM_STEADY_STATE_PARENT_EXTENSION,,879278737.8598162
S3,STRUCTURAL_ANCHOR,2047,payer,70400000.0,modelled,NOT_APPLICABLE,NOT_APPLICABLE,NOT_APPLICABLE,NOT_APPLICABLE,,not_applicable,,,,conditional_not_standardized_across_all_modules,,conditional_not_standardized_across_all_modules,NOT_APPLICABLE,2025,CNY,AUDITED_CORE,S3_AUDITED_QUANTIFIED_CORE,EXPLICIT_CORE_COST_BOUNDARY,YES,YES,NO,STRATEGY_AGGREGATE_MULTIPLIER,v1.4_FINAL_MODEL_BASED,ALLdis_CEA_v3.0,D9_MAIN_CARRY_FORWARD_2034_STEADY_STATE,可审计量化核心成本，不得表述为完整设施政策总成本,MUST_LABEL_AUDITED_CORE,D9_MAIN_FULL_MAINTENANCE,1.0,1.0,INTERIM_NOT_FINAL_2035_2050,INTERIM_EXCLUDES_CAPITAL_REPLACEMENT_CASH,0.0,36741232.06213399
S4,STRUCTURAL_ANCHOR,2047,payer,458660751.12,modelled,NOT_APPLICABLE,NOT_APPLICABLE,NOT_APPLICABLE,NOT_APPLICABLE,,not_applicable,,,,conditional_not_standardized_across_all_modules,,conditional_not_standardized_across_all_modules,NOT_APPLICABLE,2025,CNY,AUDITED_CORE,S4_AUDITED_QUANTIFIED_CORE,EXPLICIT_CORE_COST_BOUNDARY,YES,YES,NO,STRATEGY_AGGREGATE_MULTIPLIER,v1.4_FINAL_MODEL_BASED,ALLdis_CEA_v3.0,D9_MAIN_CARRY_FORWARD_2034_STEADY_STATE,可审计量化核心成本，不得表述为完整体卫融合政策总成本,MUST_LABEL_AUDITED_CORE,D9_MAIN_FULL_MAINTENANCE,1.0,1.0,INTERIM_NOT_FINAL_2035_2050,INTERIM_STEADY_STATE_PARENT_EXTENSION,,239371606.45870173
S5,STRUCTURAL_ANCHOR,2047,payer,149680760.0,modelled,NOT_APPLICABLE,NOT_APPLICABLE,MODEL_UNSPECIFIED,conditional_metadata_gap,40000000.0,identified_cash_transfer_in_payer_cost,,,,conditional_not_standardized_across_all_modules,,conditional_not_standardized_across_all_modules,NOT_APPLICABLE,2025,CNY,FULL_MODELLED_INCREMENTAL,S5_NATIONAL_DEPLOYMENT_COMPLETION_MODEL,MODEL_ASSUMPTION_RESOLVES_S5_GAPS,YES,YES,NO,STRATEGY_AGGREGATE_MULTIPLIER,v1.4_FINAL_MODEL_BASED,ALLdis_CEA_v3.0,D9_MAIN_CARRY_FORWARD_2034_STEADY_STATE,完整建模的增量部署成本；支付方成本含可识别转移支付,STANDARD_LABEL,D9_MAIN_FULL_MAINTENANCE,1.0,1.0,INTERIM_NOT_FINAL_2035_2050,INTERIM_SOFTWARE_HARDWARE_RENEWAL_UNCALIBRATED,0.0,78117266.170406
S6,STRUCTURAL_ANCHOR,2047,payer,2329412998.072,modelled,NOT_APPLICABLE,NOT_APPLICABLE,S6_COMPOSITE_INCLUDES_S5_MODEL_UNSPECIFIED,conditional_metadata_gap,,conditional_embedded_composite_not_separately_estimable,,,,conditional_not_standardized_across_all_modules,,conditional_not_standardized_across_all_modules,SHARED_POOL_LEVEL,2025,CNY,DEDUPLICATED_COMPOSITE,S6_DEDUP_CORE_PLUS_MODULE_DELTAS_AND_MICROCOST_COORDINATION,MODEL_ASSUMPTION_RESOLVES_COORDINATION_AND_SHARED_POOL_GAPS,YES,YES,NO,STRATEGY_AGGREGATE_MULTIPLIER,v1.4_FINAL_MODEL_BASED,ALLdis_CEA_v3.0,D9_MAIN_CARRY_FORWARD_2034_STEADY_STATE,跨模块去重后的综合政策包成本,STANDARD_LABEL,D9_MAIN_FULL_MAINTENANCE,1.0,1.0,INTERIM_NOT_FINAL_2035_2050,INTERIM_INDEPENDENT_COMPOSITE_NOT_SUM_OF_S1_S5,0.0,1215703175.1521964
S7,STRUCTURAL_ANCHOR,2047,payer,,missing_intentionally_undefined,NOT_APPLICABLE,NOT_APPLICABLE,NOT_APPLICABLE,NOT_APPLICABLE,,missing_intentionally_undefined,,,,missing_intentionally_undefined,,missing_intentionally_undefined,NOT_APPLICABLE,2025,CNY,THRESHOLD_ONLY,BUDGET_THRESHOLD_STRATEGY,INTENTIONALLY_UNDEFINED,NOT_APPLICABLE,NOT_APPLICABLE,NO,STRATEGY_AGGREGATE_MULTIPLIER,v1.4_FINAL_MODEL_BASED,ALLdis_CEA_v3.0,D9_MAIN_CARRY_FORWARD_2034_STEADY_STATE,目标阈值情景，成本有意不估计,STANDARD_LABEL,D9_MAIN_FULL_MAINTENANCE,,,INTERIM_NOT_FINAL_2035_2050,INTENTIONALLY_UNDEFINED,,
S0,STRUCTURAL_ANCHOR,2048,payer,0.0,modelled,NOT_APPLICABLE,NOT_APPLICABLE,NOT_APPLICABLE,NOT_APPLICABLE,,not_applicable,,,,not_applicable,,not_applicable,NOT_APPLICABLE,2025,CNY,REFERENCE,REFERENCE_NO_ADDITIONAL_POLICY,NONE_STRUCTURAL_ZERO,YES,YES,NO,STRATEGY_AGGREGATE_MULTIPLIER,v1.4_FINAL_MODEL_BASED,ALLdis_CEA_v3.0,D9_MAIN_CARRY_FORWARD_2034_STEADY_STATE,基线参照：无新增政策成本,STANDARD_LABEL,D9_MAIN_FULL_MAINTENANCE,,,INTERIM_NOT_FINAL_2035_2050,STRUCTURAL_ZERO,,0.0
S1,STRUCTURAL_ANCHOR,2048,payer,169032160.00000003,modelled_v16_temporal_alignment,NOT_APPLICABLE,NOT_APPLICABLE,NOT_APPLICABLE,NOT_APPLICABLE,,not_applicable,,,,conditional_not_standardized_across_all_modules,,conditional_not_standardized_across_all_modules,NOT_APPLICABLE,2025,CNY,FULL_MODELLED_INCREMENTAL,S1_COMPLETION_MODEL,MODEL_ASSUMPTION_RESOLVES_S1_GAPS,YES,YES,NO,STRATEGY_AGGREGATE_MULTIPLIER,v1.4_FINAL_MODEL_BASED,ALLdis_CEA_v3.0,D9_MAIN_CARRY_FORWARD_2034_STEADY_STATE,完整建模的增量政策成本；v16主分析补入持续传播维护成本,STANDARD_LABEL,D9_MAIN_FULL_MAINTENANCE,1.0,1.0,INTERIM_NOT_FINAL_2035_2050,INTERIM_STEADY_STATE_PARENT_EXTENSION,,85647200.69124784
S2,STRUCTURAL_ANCHOR,2048,payer,1684788986.952,modelled,S2_COMPONENT_METHOD,FORMAL_SELECTED; PROCUREMENT_PACKAGE_EXCLUDED,NOT_APPLICABLE,NOT_APPLICABLE,,not_applicable,,,,conditional_not_standardized_across_all_modules,,conditional_not_standardized_across_all_modules,NOT_APPLICABLE,2025,CNY,AUDITED_CORE,S2_AUDITED_CORE_WITH_S0_INCREMENTAL_FACTOR,MODEL_ASSUMPTION_RESOLVES_S0_DEDUCTION,YES,YES,NO,STRATEGY_AGGREGATE_MULTIPLIER,v1.4_FINAL_MODEL_BASED,ALLdis_CEA_v3.0,D9_MAIN_CARRY_FORWARD_2034_STEADY_STATE,可审计核心成本，不得表述为完整社区组织政策总成本,MUST_LABEL_AUDITED_CORE,D9_MAIN_FULL_MAINTENANCE,1.0,1.0,INTERIM_NOT_FINAL_2035_2050,INTERIM_STEADY_STATE_PARENT_EXTENSION,,853668677.533802
S3,STRUCTURAL_ANCHOR,2048,payer,70400000.0,modelled,NOT_APPLICABLE,NOT_APPLICABLE,NOT_APPLICABLE,NOT_APPLICABLE,,not_applicable,,,,conditional_not_standardized_across_all_modules,,conditional_not_standardized_across_all_modules,NOT_APPLICABLE,2025,CNY,AUDITED_CORE,S3_AUDITED_QUANTIFIED_CORE,EXPLICIT_CORE_COST_BOUNDARY,YES,YES,NO,STRATEGY_AGGREGATE_MULTIPLIER,v1.4_FINAL_MODEL_BASED,ALLdis_CEA_v3.0,D9_MAIN_CARRY_FORWARD_2034_STEADY_STATE,可审计量化核心成本，不得表述为完整设施政策总成本,MUST_LABEL_AUDITED_CORE,D9_MAIN_FULL_MAINTENANCE,1.0,1.0,INTERIM_NOT_FINAL_2035_2050,INTERIM_EXCLUDES_CAPITAL_REPLACEMENT_CASH,0.0,35671099.08945047
S4,STRUCTURAL_ANCHOR,2048,payer,458660751.12,modelled,NOT_APPLICABLE,NOT_APPLICABLE,NOT_APPLICABLE,NOT_APPLICABLE,,not_applicable,,,,conditional_not_standardized_across_all_modules,,conditional_not_standardized_across_all_modules,NOT_APPLICABLE,2025,CNY,AUDITED_CORE,S4_AUDITED_QUANTIFIED_CORE,EXPLICIT_CORE_COST_BOUNDARY,YES,YES,NO,STRATEGY_AGGREGATE_MULTIPLIER,v1.4_FINAL_MODEL_BASED,ALLdis_CEA_v3.0,D9_MAIN_CARRY_FORWARD_2034_STEADY_STATE,可审计量化核心成本，不得表述为完整体卫融合政策总成本,MUST_LABEL_AUDITED_CORE,D9_MAIN_FULL_MAINTENANCE,1.0,1.0,INTERIM_NOT_FINAL_2035_2050,INTERIM_STEADY_STATE_PARENT_EXTENSION,,232399617.92106962
S5,STRUCTURAL_ANCHOR,2048,payer,149680760.0,modelled,NOT_APPLICABLE,NOT_APPLICABLE,MODEL_UNSPECIFIED,conditional_metadata_gap,40000000.0,identified_cash_transfer_in_payer_cost,,,,conditional_not_standardized_across_all_modules,,conditional_not_standardized_across_all_modules,NOT_APPLICABLE,2025,CNY,FULL_MODELLED_INCREMENTAL,S5_NATIONAL_DEPLOYMENT_COMPLETION_MODEL,MODEL_ASSUMPTION_RESOLVES_S5_GAPS,YES,YES,NO,STRATEGY_AGGREGATE_MULTIPLIER,v1.4_FINAL_MODEL_BASED,ALLdis_CEA_v3.0,D9_MAIN_CARRY_FORWARD_2034_STEADY_STATE,完整建模的增量部署成本；支付方成本含可识别转移支付,STANDARD_LABEL,D9_MAIN_FULL_MAINTENANCE,1.0,1.0,INTERIM_NOT_FINAL_2035_2050,INTERIM_SOFTWARE_HARDWARE_RENEWAL_UNCALIBRATED,0.0,75842005.99068543
S6,STRUCTURAL_ANCHOR,2048,payer,2329412998.072,modelled,NOT_APPLICABLE,NOT_APPLICABLE,S6_COMPOSITE_INCLUDES_S5_MODEL_UNSPECIFIED,conditional_metadata_gap,,conditional_embedded_composite_not_separately_estimable,,,,conditional_not_standardized_across_all_modules,,conditional_not_standardized_across_all_modules,SHARED_POOL_LEVEL,2025,CNY,DEDUPLICATED_COMPOSITE,S6_DEDUP_CORE_PLUS_MODULE_DELTAS_AND_MICROCOST_COORDINATION,MODEL_ASSUMPTION_RESOLVES_COORDINATION_AND_SHARED_POOL_GAPS,YES,YES,NO,STRATEGY_AGGREGATE_MULTIPLIER,v1.4_FINAL_MODEL_BASED,ALLdis_CEA_v3.0,D9_MAIN_CARRY_FORWARD_2034_STEADY_STATE,跨模块去重后的综合政策包成本,STANDARD_LABEL,D9_MAIN_FULL_MAINTENANCE,1.0,1.0,INTERIM_NOT_FINAL_2035_2050,INTERIM_INDEPENDENT_COMPOSITE_NOT_SUM_OF_S1_S5,0.0,1180294344.8079576
S7,STRUCTURAL_ANCHOR,2048,payer,,missing_intentionally_undefined,NOT_APPLICABLE,NOT_APPLICABLE,NOT_APPLICABLE,NOT_APPLICABLE,,missing_intentionally_undefined,,,,missing_intentionally_undefined,,missing_intentionally_undefined,NOT_APPLICABLE,2025,CNY,THRESHOLD_ONLY,BUDGET_THRESHOLD_STRATEGY,INTENTIONALLY_UNDEFINED,NOT_APPLICABLE,NOT_APPLICABLE,NO,STRATEGY_AGGREGATE_MULTIPLIER,v1.4_FINAL_MODEL_BASED,ALLdis_CEA_v3.0,D9_MAIN_CARRY_FORWARD_2034_STEADY_STATE,目标阈值情景，成本有意不估计,STANDARD_LABEL,D9_MAIN_FULL_MAINTENANCE,,,INTERIM_NOT_FINAL_2035_2050,INTENTIONALLY_UNDEFINED,,
S0,STRUCTURAL_ANCHOR,2049,payer,0.0,modelled,NOT_APPLICABLE,NOT_APPLICABLE,NOT_APPLICABLE,NOT_APPLICABLE,,not_applicable,,,,not_applicable,,not_applicable,NOT_APPLICABLE,2025,CNY,REFERENCE,REFERENCE_NO_ADDITIONAL_POLICY,NONE_STRUCTURAL_ZERO,YES,YES,NO,STRATEGY_AGGREGATE_MULTIPLIER,v1.4_FINAL_MODEL_BASED,ALLdis_CEA_v3.0,D9_MAIN_CARRY_FORWARD_2034_STEADY_STATE,基线参照：无新增政策成本,STANDARD_LABEL,D9_MAIN_FULL_MAINTENANCE,,,INTERIM_NOT_FINAL_2035_2050,STRUCTURAL_ZERO,,0.0
S1,STRUCTURAL_ANCHOR,2049,payer,169032160.00000003,modelled_v16_temporal_alignment,NOT_APPLICABLE,NOT_APPLICABLE,NOT_APPLICABLE,NOT_APPLICABLE,,not_applicable,,,,conditional_not_standardized_across_all_modules,,conditional_not_standardized_across_all_modules,NOT_APPLICABLE,2025,CNY,FULL_MODELLED_INCREMENTAL,S1_COMPLETION_MODEL,MODEL_ASSUMPTION_RESOLVES_S1_GAPS,YES,YES,NO,STRATEGY_AGGREGATE_MULTIPLIER,v1.4_FINAL_MODEL_BASED,ALLdis_CEA_v3.0,D9_MAIN_CARRY_FORWARD_2034_STEADY_STATE,完整建模的增量政策成本；v16主分析补入持续传播维护成本,STANDARD_LABEL,D9_MAIN_FULL_MAINTENANCE,1.0,1.0,INTERIM_NOT_FINAL_2035_2050,INTERIM_STEADY_STATE_PARENT_EXTENSION,,83152622.03033769
S2,STRUCTURAL_ANCHOR,2049,payer,1684788986.952,modelled,S2_COMPONENT_METHOD,FORMAL_SELECTED; PROCUREMENT_PACKAGE_EXCLUDED,NOT_APPLICABLE,NOT_APPLICABLE,,not_applicable,,,,conditional_not_standardized_across_all_modules,,conditional_not_standardized_across_all_modules,NOT_APPLICABLE,2025,CNY,AUDITED_CORE,S2_AUDITED_CORE_WITH_S0_INCREMENTAL_FACTOR,MODEL_ASSUMPTION_RESOLVES_S0_DEDUCTION,YES,YES,NO,STRATEGY_AGGREGATE_MULTIPLIER,v1.4_FINAL_MODEL_BASED,ALLdis_CEA_v3.0,D9_MAIN_CARRY_FORWARD_2034_STEADY_STATE,可审计核心成本，不得表述为完整社区组织政策总成本,MUST_LABEL_AUDITED_CORE,D9_MAIN_FULL_MAINTENANCE,1.0,1.0,INTERIM_NOT_FINAL_2035_2050,INTERIM_STEADY_STATE_PARENT_EXTENSION,,828804541.2949535
S3,STRUCTURAL_ANCHOR,2049,payer,70400000.0,modelled,NOT_APPLICABLE,NOT_APPLICABLE,NOT_APPLICABLE,NOT_APPLICABLE,,not_applicable,,,,conditional_not_standardized_across_all_modules,,conditional_not_standardized_across_all_modules,NOT_APPLICABLE,2025,CNY,AUDITED_CORE,S3_AUDITED_QUANTIFIED_CORE,EXPLICIT_CORE_COST_BOUNDARY,YES,YES,NO,STRATEGY_AGGREGATE_MULTIPLIER,v1.4_FINAL_MODEL_BASED,ALLdis_CEA_v3.0,D9_MAIN_CARRY_FORWARD_2034_STEADY_STATE,可审计量化核心成本，不得表述为完整设施政策总成本,MUST_LABEL_AUDITED_CORE,D9_MAIN_FULL_MAINTENANCE,1.0,1.0,INTERIM_NOT_FINAL_2035_2050,INTERIM_EXCLUDES_CAPITAL_REPLACEMENT_CASH,0.0,34632135.03830143
S4,STRUCTURAL_ANCHOR,2049,payer,458660751.12,modelled,NOT_APPLICABLE,NOT_APPLICABLE,NOT_APPLICABLE,NOT_APPLICABLE,,not_applicable,,,,conditional_not_standardized_across_all_modules,,conditional_not_standardized_across_all_modules,NOT_APPLICABLE,2025,CNY,AUDITED_CORE,S4_AUDITED_QUANTIFIED_CORE,EXPLICIT_CORE_COST_BOUNDARY,YES,YES,NO,STRATEGY_AGGREGATE_MULTIPLIER,v1.4_FINAL_MODEL_BASED,ALLdis_CEA_v3.0,D9_MAIN_CARRY_FORWARD_2034_STEADY_STATE,可审计量化核心成本，不得表述为完整体卫融合政策总成本,MUST_LABEL_AUDITED_CORE,D9_MAIN_FULL_MAINTENANCE,1.0,1.0,INTERIM_NOT_FINAL_2035_2050,INTERIM_STEADY_STATE_PARENT_EXTENSION,,225630697.0107472
S5,STRUCTURAL_ANCHOR,2049,payer,149680760.0,modelled,NOT_APPLICABLE,NOT_APPLICABLE,MODEL_UNSPECIFIED,conditional_metadata_gap,40000000.0,identified_cash_transfer_in_payer_cost,,,,conditional_not_standardized_across_all_modules,,conditional_not_standardized_across_all_modules,NOT_APPLICABLE,2025,CNY,FULL_MODELLED_INCREMENTAL,S5_NATIONAL_DEPLOYMENT_COMPLETION_MODEL,MODEL_ASSUMPTION_RESOLVES_S5_GAPS,YES,YES,NO,STRATEGY_AGGREGATE_MULTIPLIER,v1.4_FINAL_MODEL_BASED,ALLdis_CEA_v3.0,D9_MAIN_CARRY_FORWARD_2034_STEADY_STATE,完整建模的增量部署成本；支付方成本含可识别转移支付,STANDARD_LABEL,D9_MAIN_FULL_MAINTENANCE,1.0,1.0,INTERIM_NOT_FINAL_2035_2050,INTERIM_SOFTWARE_HARDWARE_RENEWAL_UNCALIBRATED,0.0,73633015.52493732
S6,STRUCTURAL_ANCHOR,2049,payer,2329412998.072,modelled,NOT_APPLICABLE,NOT_APPLICABLE,S6_COMPOSITE_INCLUDES_S5_MODEL_UNSPECIFIED,conditional_metadata_gap,,conditional_embedded_composite_not_separately_estimable,,,,conditional_not_standardized_across_all_modules,,conditional_not_standardized_across_all_modules,SHARED_POOL_LEVEL,2025,CNY,DEDUPLICATED_COMPOSITE,S6_DEDUP_CORE_PLUS_MODULE_DELTAS_AND_MICROCOST_COORDINATION,MODEL_ASSUMPTION_RESOLVES_COORDINATION_AND_SHARED_POOL_GAPS,YES,YES,NO,STRATEGY_AGGREGATE_MULTIPLIER,v1.4_FINAL_MODEL_BASED,ALLdis_CEA_v3.0,D9_MAIN_CARRY_FORWARD_2034_STEADY_STATE,跨模块去重后的综合政策包成本,STANDARD_LABEL,D9_MAIN_FULL_MAINTENANCE,1.0,1.0,INTERIM_NOT_FINAL_2035_2050,INTERIM_INDEPENDENT_COMPOSITE_NOT_SUM_OF_S1_S5,0.0,1145916839.6193762
S7,STRUCTURAL_ANCHOR,2049,payer,,missing_intentionally_undefined,NOT_APPLICABLE,NOT_APPLICABLE,NOT_APPLICABLE,NOT_APPLICABLE,,missing_intentionally_undefined,,,,missing_intentionally_undefined,,missing_intentionally_undefined,NOT_APPLICABLE,2025,CNY,THRESHOLD_ONLY,BUDGET_THRESHOLD_STRATEGY,INTENTIONALLY_UNDEFINED,NOT_APPLICABLE,NOT_APPLICABLE,NO,STRATEGY_AGGREGATE_MULTIPLIER,v1.4_FINAL_MODEL_BASED,ALLdis_CEA_v3.0,D9_MAIN_CARRY_FORWARD_2034_STEADY_STATE,目标阈值情景，成本有意不估计,STANDARD_LABEL,D9_MAIN_FULL_MAINTENANCE,,,INTERIM_NOT_FINAL_2035_2050,INTENTIONALLY_UNDEFINED,,
S0,STRUCTURAL_ANCHOR,2050,payer,0.0,modelled,NOT_APPLICABLE,NOT_APPLICABLE,NOT_APPLICABLE,NOT_APPLICABLE,,not_applicable,,,,not_applicable,,not_applicable,NOT_APPLICABLE,2025,CNY,REFERENCE,REFERENCE_NO_ADDITIONAL_POLICY,NONE_STRUCTURAL_ZERO,YES,YES,NO,STRATEGY_AGGREGATE_MULTIPLIER,v1.4_FINAL_MODEL_BASED,ALLdis_CEA_v3.0,D9_MAIN_CARRY_FORWARD_2034_STEADY_STATE,基线参照：无新增政策成本,STANDARD_LABEL,D9_MAIN_FULL_MAINTENANCE,,,INTERIM_NOT_FINAL_2035_2050,STRUCTURAL_ZERO,,0.0
S1,STRUCTURAL_ANCHOR,2050,payer,169032160.00000003,modelled_v16_temporal_alignment,NOT_APPLICABLE,NOT_APPLICABLE,NOT_APPLICABLE,NOT_APPLICABLE,,not_applicable,,,,conditional_not_standardized_across_all_modules,,conditional_not_standardized_across_all_modules,NOT_APPLICABLE,2025,CNY,FULL_MODELLED_INCREMENTAL,S1_COMPLETION_MODEL,MODEL_ASSUMPTION_RESOLVES_S1_GAPS,YES,YES,NO,STRATEGY_AGGREGATE_MULTIPLIER,v1.4_FINAL_MODEL_BASED,ALLdis_CEA_v3.0,D9_MAIN_CARRY_FORWARD_2034_STEADY_STATE,完整建模的增量政策成本；v16主分析补入持续传播维护成本,STANDARD_LABEL,D9_MAIN_FULL_MAINTENANCE,1.0,1.0,INTERIM_NOT_FINAL_2035_2050,INTERIM_STEADY_STATE_PARENT_EXTENSION,,80730701.00032787
S2,STRUCTURAL_ANCHOR,2050,payer,1684788986.952,modelled,S2_COMPONENT_METHOD,FORMAL_SELECTED; PROCUREMENT_PACKAGE_EXCLUDED,NOT_APPLICABLE,NOT_APPLICABLE,,not_applicable,,,,conditional_not_standardized_across_all_modules,,conditional_not_standardized_across_all_modules,NOT_APPLICABLE,2025,CNY,AUDITED_CORE,S2_AUDITED_CORE_WITH_S0_INCREMENTAL_FACTOR,MODEL_ASSUMPTION_RESOLVES_S0_DEDUCTION,YES,YES,NO,STRATEGY_AGGREGATE_MULTIPLIER,v1.4_FINAL_MODEL_BASED,ALLdis_CEA_v3.0,D9_MAIN_CARRY_FORWARD_2034_STEADY_STATE,可审计核心成本，不得表述为完整社区组织政策总成本,MUST_LABEL_AUDITED_CORE,D9_MAIN_FULL_MAINTENANCE,1.0,1.0,INTERIM_NOT_FINAL_2035_2050,INTERIM_STEADY_STATE_PARENT_EXTENSION,,804664603.1989839
S3,STRUCTURAL_ANCHOR,2050,payer,70400000.0,modelled,NOT_APPLICABLE,NOT_APPLICABLE,NOT_APPLICABLE,NOT_APPLICABLE,,not_applicable,,,,conditional_not_standardized_across_all_modules,,conditional_not_standardized_across_all_modules,NOT_APPLICABLE,2025,CNY,AUDITED_CORE,S3_AUDITED_QUANTIFIED_CORE,EXPLICIT_CORE_COST_BOUNDARY,YES,YES,NO,STRATEGY_AGGREGATE_MULTIPLIER,v1.4_FINAL_MODEL_BASED,ALLdis_CEA_v3.0,D9_MAIN_CARRY_FORWARD_2034_STEADY_STATE,可审计量化核心成本，不得表述为完整设施政策总成本,MUST_LABEL_AUDITED_CORE,D9_MAIN_FULL_MAINTENANCE,1.0,1.0,INTERIM_NOT_FINAL_2035_2050,INTERIM_EXCLUDES_CAPITAL_REPLACEMENT_CASH,0.0,33623432.07602081
S4,STRUCTURAL_ANCHOR,2050,payer,458660751.12,modelled,NOT_APPLICABLE,NOT_APPLICABLE,NOT_APPLICABLE,NOT_APPLICABLE,,not_applicable,,,,conditional_not_standardized_across_all_modules,,conditional_not_standardized_across_all_modules,NOT_APPLICABLE,2025,CNY,AUDITED_CORE,S4_AUDITED_QUANTIFIED_CORE,EXPLICIT_CORE_COST_BOUNDARY,YES,YES,NO,STRATEGY_AGGREGATE_MULTIPLIER,v1.4_FINAL_MODEL_BASED,ALLdis_CEA_v3.0,D9_MAIN_CARRY_FORWARD_2034_STEADY_STATE,可审计量化核心成本，不得表述为完整体卫融合政策总成本,MUST_LABEL_AUDITED_CORE,D9_MAIN_FULL_MAINTENANCE,1.0,1.0,INTERIM_NOT_FINAL_2035_2050,INTERIM_STEADY_STATE_PARENT_EXTENSION,,219058929.13664776
S5,STRUCTURAL_ANCHOR,2050,payer,149680760.0,modelled,NOT_APPLICABLE,NOT_APPLICABLE,MODEL_UNSPECIFIED,conditional_metadata_gap,40000000.0,identified_cash_transfer_in_payer_cost,,,,conditional_not_standardized_across_all_modules,,conditional_not_standardized_across_all_modules,NOT_APPLICABLE,2025,CNY,FULL_MODELLED_INCREMENTAL,S5_NATIONAL_DEPLOYMENT_COMPLETION_MODEL,MODEL_ASSUMPTION_RESOLVES_S5_GAPS,YES,YES,NO,STRATEGY_AGGREGATE_MULTIPLIER,v1.4_FINAL_MODEL_BASED,ALLdis_CEA_v3.0,D9_MAIN_CARRY_FORWARD_2034_STEADY_STATE,完整建模的增量部署成本；支付方成本含可识别转移支付,STANDARD_LABEL,D9_MAIN_FULL_MAINTENANCE,1.0,1.0,INTERIM_NOT_FINAL_2035_2050,INTERIM_SOFTWARE_HARDWARE_RENEWAL_UNCALIBRATED,0.0,71488364.58731778
S6,STRUCTURAL_ANCHOR,2050,payer,2329412998.072,modelled,NOT_APPLICABLE,NOT_APPLICABLE,S6_COMPOSITE_INCLUDES_S5_MODEL_UNSPECIFIED,conditional_metadata_gap,,conditional_embedded_composite_not_separately_estimable,,,,conditional_not_standardized_across_all_modules,,conditional_not_standardized_across_all_modules,SHARED_POOL_LEVEL,2025,CNY,DEDUPLICATED_COMPOSITE,S6_DEDUP_CORE_PLUS_MODULE_DELTAS_AND_MICROCOST_COORDINATION,MODEL_ASSUMPTION_RESOLVES_COORDINATION_AND_SHARED_POOL_GAPS,YES,YES,NO,STRATEGY_AGGREGATE_MULTIPLIER,v1.4_FINAL_MODEL_BASED,ALLdis_CEA_v3.0,D9_MAIN_CARRY_FORWARD_2034_STEADY_STATE,跨模块去重后的综合政策包成本,STANDARD_LABEL,D9_MAIN_FULL_MAINTENANCE,1.0,1.0,INTERIM_NOT_FINAL_2035_2050,INTERIM_INDEPENDENT_COMPOSITE_NOT_SUM_OF_S1_S5,0.0,1112540620.9896858
S7,STRUCTURAL_ANCHOR,2050,payer,,missing_intentionally_undefined,NOT_APPLICABLE,NOT_APPLICABLE,NOT_APPLICABLE,NOT_APPLICABLE,,missing_intentionally_undefined,,,,missing_intentionally_undefined,,missing_intentionally_undefined,NOT_APPLICABLE,2025,CNY,THRESHOLD_ONLY,BUDGET_THRESHOLD_STRATEGY,INTENTIONALLY_UNDEFINED,NOT_APPLICABLE,NOT_APPLICABLE,NO,STRATEGY_AGGREGATE_MULTIPLIER,v1.4_FINAL_MODEL_BASED,ALLdis_CEA_v3.0,D9_MAIN_CARRY_FORWARD_2034_STEADY_STATE,目标阈值情景，成本有意不估计,STANDARD_LABEL,D9_MAIN_FULL_MAINTENANCE,,,INTERIM_NOT_FINAL_2035_2050,INTENTIONALLY_UNDEFINED,,
