outcome_id,sex,age_group,measure_short,discounted_value,horizon_years
bladder_cancer,Female,20-24,DALY,0.17785922249461222,5
bladder_cancer,Female,20-24,Deaths,0.002237370629206968,5
bladder_cancer,Female,20-24,YLD,0.02636825969894454,5
bladder_cancer,Female,20-24,YLL,0.15149096279566757,5
bladder_cancer,Female,25-29,DALY,0.27722002325736106,5
bladder_cancer,Female,25-29,Deaths,0.003872890107297773,5
bladder_cancer,Female,25-29,YLD,0.03526384063479224,5
bladder_cancer,Female,25-29,YLL,0.2419561826225687,5
bladder_cancer,Female,30-34,DALY,0.5961306755002943,5
bladder_cancer,Female,30-34,Deaths,0.00903596265689782,5
bladder_cancer,Female,30-34,YLD,0.0772877107021445,5
bladder_cancer,Female,30-34,YLL,0.5188429647981497,5
bladder_cancer,Female,35-39,DALY,1.4690047814423735,5
bladder_cancer,Female,35-39,Deaths,0.02467626297805655,5
bladder_cancer,Female,35-39,YLD,0.16421336613561544,5
bladder_cancer,Female,35-39,YLL,1.304791415306758,5
bladder_cancer,Female,40-44,DALY,2.0803215835738182,5
bladder_cancer,Female,40-44,Deaths,0.03986774817000329,5
bladder_cancer,Female,40-44,YLD,0.17743446022046871,5
bladder_cancer,Female,40-44,YLL,1.90288712335335,5
bladder_cancer,Female,45-49,DALY,3.3874227298480286,5
bladder_cancer,Female,45-49,Deaths,0.07329609436827003,5
bladder_cancer,Female,45-49,YLD,0.26004843432636626,5
bladder_cancer,Female,45-49,YLL,3.127374295521663,5
bladder_cancer,Female,50-54,DALY,4.291327564437666,5
bladder_cancer,Female,50-54,Deaths,0.10368532149903723,5
bladder_cancer,Female,50-54,YLD,0.3450635601828813,5
bladder_cancer,Female,50-54,YLL,3.946264004254786,5
bladder_cancer,Female,55-59,DALY,10.000799834212014,5
bladder_cancer,Female,55-59,Deaths,0.276350428905516,5
bladder_cancer,Female,55-59,YLD,0.7444096747076465,5
bladder_cancer,Female,55-59,YLL,9.256390159504367,5
bladder_cancer,Female,60-64,DALY,15.967057809435715,5
bladder_cancer,Female,60-64,Deaths,0.5120816488795162,5
bladder_cancer,Female,60-64,YLD,1.1709415587573355,5
bladder_cancer,Female,60-64,YLL,14.79611625067838,5
bladder_cancer,Female,65-69,DALY,13.680113064085667,5
bladder_cancer,Female,65-69,Deaths,0.5257800424974516,5
bladder_cancer,Female,65-69,YLD,1.0216060276068581,5
bladder_cancer,Female,65-69,YLL,12.65850703647881,5
bladder_cancer,Female,70+,DALY,109.92555140902886,5
bladder_cancer,Female,70+,Deaths,7.887412894366915,5
bladder_cancer,Female,70+,YLD,5.80486410864197,5
bladder_cancer,Female,70+,YLL,104.12068730038688,5
bladder_cancer,Male,20-24,DALY,0.37547171479594355,5
bladder_cancer,Male,20-24,Deaths,0.004610764485231508,5
bladder_cancer,Male,20-24,YLD,0.06359214156726611,5
bladder_cancer,Male,20-24,YLL,0.3118795732286774,5
bladder_cancer,Male,25-29,DALY,0.6347841735850461,5
bladder_cancer,Male,25-29,Deaths,0.008727004629575225,5
bladder_cancer,Male,25-29,YLD,0.08984683697577925,5
bladder_cancer,Male,25-29,YLL,0.5449373366092667,5
bladder_cancer,Male,30-34,DALY,1.8314884184989744,5
bladder_cancer,Male,30-34,Deaths,0.027434976573782688,5
bladder_cancer,Male,30-34,YLD,0.2555733836061619,5
bladder_cancer,Male,30-34,YLL,1.5759150348928126,5
bladder_cancer,Male,35-39,DALY,6.025105883058372,5
bladder_cancer,Male,35-39,Deaths,0.10105275125764619,5
bladder_cancer,Male,35-39,YLD,0.6835494805781686,5
bladder_cancer,Male,35-39,YLL,5.341556402480204,5
bladder_cancer,Male,40-44,DALY,10.59674421652555,5
bladder_cancer,Male,40-44,Deaths,0.20328576477950527,5
bladder_cancer,Male,40-44,YLD,0.8923864501454251,5
bladder_cancer,Male,40-44,YLL,9.704357766380125,5
bladder_cancer,Male,45-49,DALY,13.761795712133807,5
bladder_cancer,Male,45-49,Deaths,0.2973819189873353,5
bladder_cancer,Male,45-49,YLD,1.0629496325801542,5
bladder_cancer,Male,45-49,YLL,12.698846079553652,5
bladder_cancer,Male,50-54,DALY,19.055640434443728,5
bladder_cancer,Male,50-54,Deaths,0.4588790880826874,5
bladder_cancer,Male,50-54,YLD,1.5803328752329824,5
bladder_cancer,Male,50-54,YLL,17.475307559210748,5
bladder_cancer,Male,55-59,DALY,49.43025674006628,5
bladder_cancer,Male,55-59,Deaths,1.35998227047017,5
bladder_cancer,Male,55-59,YLD,3.876822890544174,5
bladder_cancer,Male,55-59,YLL,45.55343384952211,5
bladder_cancer,Male,60-64,DALY,90.68534127799644,5
bladder_cancer,Male,60-64,Deaths,2.894230501834033,5
bladder_cancer,Male,60-64,YLD,6.962936915187021,5
bladder_cancer,Male,60-64,YLL,83.72240436280943,5
bladder_cancer,Male,65-69,DALY,79.02388589698927,5
bladder_cancer,Male,65-69,Deaths,3.020144730577302,5
bladder_cancer,Male,65-69,YLD,6.101564247902876,5
bladder_cancer,Male,65-69,YLL,72.9223216490864,5
bladder_cancer,Male,70+,DALY,430.2631993215503,5
bladder_cancer,Male,70+,Deaths,29.26153816590005,5
bladder_cancer,Male,70+,YLD,24.898083191191617,5
bladder_cancer,Male,70+,YLL,405.3651161303587,5
breast_cancer,Female,20-24,DALY,3.0049376282007776,5
breast_cancer,Female,20-24,Deaths,0.039080491904350576,5
breast_cancer,Female,20-24,YLD,0.35877066316748857,5
breast_cancer,Female,20-24,YLL,2.6461669650332897,5
breast_cancer,Female,25-29,DALY,10.42059876049726,5
breast_cancer,Female,25-29,Deaths,0.14801354591083046,5
breast_cancer,Female,25-29,YLD,1.1739679690257603,5
breast_cancer,Female,25-29,YLL,9.2466307914715,5
breast_cancer,Female,30-34,DALY,38.63915255581883,5
breast_cancer,Female,30-34,Deaths,0.6118008532091872,5
breast_cancer,Female,30-34,YLD,3.5103670117418186,5
breast_cancer,Female,30-34,YLL,35.12878554407701,5
breast_cancer,Female,35-39,DALY,119.80282606290064,5
breast_cancer,Female,35-39,Deaths,2.0511907486222762,5
breast_cancer,Female,35-39,YLD,11.336832188405893,5
breast_cancer,Female,35-39,YLL,108.46599387449476,5
breast_cancer,Female,40-44,DALY,166.56310858533644,5
breast_cancer,Female,40-44,Deaths,3.1142635048102028,5
breast_cancer,Female,40-44,YLD,17.9005631578394,5
breast_cancer,Female,40-44,YLL,148.66254542749704,5
breast_cancer,Female,45-49,DALY,211.7259086890615,5
breast_cancer,Female,45-49,Deaths,4.411823150511882,5
breast_cancer,Female,45-49,YLD,23.48192260230406,5
breast_cancer,Female,45-49,YLL,188.2439860867574,5
breast_cancer,Female,50-54,DALY,215.01472945280977,5
breast_cancer,Female,50-54,Deaths,5.0685047201486935,5
breast_cancer,Female,50-54,YLD,22.102545907600437,5
breast_cancer,Female,50-54,YLL,192.9121835452093,5
breast_cancer,Female,55-59,DALY,349.5891128384801,5
breast_cancer,Female,55-59,Deaths,9.37852683465505,5
breast_cancer,Female,55-59,YLD,35.36791842533394,5
breast_cancer,Female,55-59,YLL,314.2211944131461,5
breast_cancer,Female,60-64,DALY,345.5722126453927,5
breast_cancer,Female,60-64,Deaths,10.525774765238088,5
breast_cancer,Female,60-64,YLD,41.3234634216873,5
breast_cancer,Female,60-64,YLL,304.24874922370543,5
breast_cancer,Female,65-69,DALY,171.80814901432677,5
breast_cancer,Female,65-69,Deaths,6.196557499199508,5
breast_cancer,Female,65-69,YLD,22.652127209560238,5
breast_cancer,Female,65-69,YLL,149.1560218047665,5
breast_cancer,Female,70+,DALY,477.1292477122992,5
breast_cancer,Female,70+,Deaths,28.065378522424457,5
breast_cancer,Female,70+,YLD,61.062154007660716,5
breast_cancer,Female,70+,YLL,416.06709370463847,5
colon_cancer,Female,20-24,DALY,5.722772337139455,5
colon_cancer,Female,20-24,Deaths,0.08272125993534028,5
colon_cancer,Female,20-24,YLD,0.12271269016985253,5
colon_cancer,Female,20-24,YLL,5.600059646969603,5
colon_cancer,Female,25-29,DALY,9.434423547271,5
colon_cancer,Female,25-29,Deaths,0.14830770183828637,5
colon_cancer,Female,25-29,YLD,0.16946996319498617,5
colon_cancer,Female,25-29,YLL,9.264953584076014,5
colon_cancer,Female,30-34,DALY,21.364817211110495,5
colon_cancer,Female,30-34,Deaths,0.36423375093829474,5
colon_cancer,Female,30-34,YLD,0.44507229407800125,5
colon_cancer,Female,30-34,YLL,20.91974491703249,5
colon_cancer,Female,35-39,DALY,50.342933976038694,5
colon_cancer,Female,35-39,Deaths,0.9293582662843987,5
colon_cancer,Female,35-39,YLD,1.2023215880870917,5
colon_cancer,Female,35-39,YLL,49.140612387951606,5
colon_cancer,Female,40-44,DALY,68.87887955897929,5
colon_cancer,Female,40-44,Deaths,1.40294139807808,5
colon_cancer,Female,40-44,YLD,1.913733622408464,5
colon_cancer,Female,40-44,YLL,66.96514593657082,5
colon_cancer,Female,45-49,DALY,97.54020735482031,5
colon_cancer,Female,45-49,Deaths,2.2093719202535507,5
colon_cancer,Female,45-49,YLD,3.2792364855412792,5
colon_cancer,Female,45-49,YLL,94.26097086927902,5
colon_cancer,Female,50-54,DALY,117.53375233786595,5
colon_cancer,Female,50-54,Deaths,2.9623561905408105,5
colon_cancer,Female,50-54,YLD,4.768931587209,5
colon_cancer,Female,50-54,YLL,112.76482075065697,5
colon_cancer,Female,55-59,DALY,243.54499615687803,5
colon_cancer,Female,55-59,Deaths,6.924352916732431,5
colon_cancer,Female,55-59,YLD,11.521698827320341,5
colon_cancer,Female,55-59,YLL,232.0232973295577,5
colon_cancer,Female,60-64,DALY,323.8673880219657,5
colon_cancer,Female,60-64,Deaths,10.57090475580079,5
colon_cancer,Female,60-64,YLD,18.26867000261934,5
colon_cancer,Female,60-64,YLL,305.59871801934634,5
colon_cancer,Female,65-69,DALY,225.88222382360902,5
colon_cancer,Female,65-69,Deaths,8.769256926955444,5
colon_cancer,Female,65-69,YLD,14.805031649363725,5
colon_cancer,Female,65-69,YLL,211.07719217424534,5
colon_cancer,Female,70+,DALY,1204.6657135391706,5
colon_cancer,Female,70+,Deaths,79.68732532889726,5
colon_cancer,Female,70+,YLD,82.73218969004786,5
colon_cancer,Female,70+,YLL,1121.9335238491226,5
colon_cancer,Male,20-24,DALY,8.604279179572817,5
colon_cancer,Male,20-24,Deaths,0.12359546964480914,5
colon_cancer,Male,20-24,YLD,0.2449644092611277,5
colon_cancer,Male,20-24,YLL,8.35931477031169,5
colon_cancer,Male,25-29,DALY,20.415011811163595,5
colon_cancer,Male,25-29,Deaths,0.31993045627605976,5
colon_cancer,Male,25-29,YLD,0.4377817381018769,5
colon_cancer,Male,25-29,YLL,19.977230073061722,5
colon_cancer,Male,30-34,DALY,42.87577372087627,5
colon_cancer,Male,30-34,Deaths,0.726668708009694,5
colon_cancer,Male,30-34,YLD,1.1258109141497172,5
colon_cancer,Male,30-34,YLL,41.74996280672655,5
colon_cancer,Male,35-39,DALY,117.03644947713849,5
colon_cancer,Male,35-39,Deaths,2.147763508435768,5
colon_cancer,Male,35-39,YLD,3.5094101624560974,5
colon_cancer,Male,35-39,YLL,113.5270393146824,5
colon_cancer,Male,40-44,DALY,180.91553499402968,5
colon_cancer,Male,40-44,Deaths,3.6667716886934536,5
colon_cancer,Male,40-44,YLD,5.861340493513596,5
colon_cancer,Male,40-44,YLL,175.05419450051608,5
colon_cancer,Male,45-49,DALY,235.45465624040372,5
colon_cancer,Male,45-49,Deaths,5.317048563628686,5
colon_cancer,Male,45-49,YLD,8.410295698098901,5
colon_cancer,Male,45-49,YLL,227.04436054230487,5
colon_cancer,Male,50-54,DALY,259.21384703260713,5
colon_cancer,Male,50-54,Deaths,6.519018572042424,5
colon_cancer,Male,50-54,YLD,10.93858737127885,5
colon_cancer,Male,50-54,YLL,248.2752596613283,5
colon_cancer,Male,55-59,DALY,574.3416225241799,5
colon_cancer,Male,55-59,Deaths,16.306346926444757,5
colon_cancer,Male,55-59,YLD,28.084326828647566,5
colon_cancer,Male,55-59,YLL,546.2572956955323,5
colon_cancer,Male,60-64,DALY,774.4128247119227,5
colon_cancer,Male,60-64,Deaths,25.224526368741078,5
colon_cancer,Male,60-64,YLD,44.577639208654716,5
colon_cancer,Male,60-64,YLL,729.8351855032679,5
colon_cancer,Male,65-69,DALY,576.7740743450934,5
colon_cancer,Male,65-69,Deaths,22.32120616378458,5
colon_cancer,Male,65-69,YLD,37.78070917999953,5
colon_cancer,Male,65-69,YLL,538.9933651650939,5
colon_cancer,Male,70+,DALY,1912.0429138490977,5
colon_cancer,Male,70+,Deaths,119.59947818125792,5
colon_cancer,Male,70+,YLD,134.8351653842905,5
colon_cancer,Male,70+,YLL,1777.207748464807,5
coronary_heart_disease,Female,20-24,DALY,156.04031167389854,5
coronary_heart_disease,Female,20-24,Deaths,1.9583131919137302,5
coronary_heart_disease,Female,20-24,YLD,23.425047388173418,5
coronary_heart_disease,Female,20-24,YLL,132.61526428572515,5
coronary_heart_disease,Female,25-29,DALY,200.7536185087965,5
coronary_heart_disease,Female,25-29,Deaths,2.5083917980929678,5
coronary_heart_disease,Female,25-29,YLD,44.03674738945443,5
coronary_heart_disease,Female,25-29,YLL,156.71687111934204,5
coronary_heart_disease,Female,30-34,DALY,462.7386665037186,5
coronary_heart_disease,Female,30-34,Deaths,6.306483202516232,5
coronary_heart_disease,Female,30-34,YLD,100.66512515055598,5
coronary_heart_disease,Female,30-34,YLL,362.0735413531627,5
coronary_heart_disease,Female,35-39,DALY,1079.9861078037916,5
coronary_heart_disease,Female,35-39,Deaths,16.275191607785594,5
coronary_heart_disease,Female,35-39,YLD,219.40536340719376,5
coronary_heart_disease,Female,35-39,YLL,860.5807443965979,5
coronary_heart_disease,Female,40-44,DALY,1409.43934457169,5
coronary_heart_disease,Female,40-44,Deaths,24.158022045699358,5
coronary_heart_disease,Female,40-44,YLD,256.4089954001261,5
coronary_heart_disease,Female,40-44,YLL,1153.030349171564,5
coronary_heart_disease,Female,45-49,DALY,2045.5294401822205,5
coronary_heart_disease,Female,45-49,Deaths,39.77684602613037,5
coronary_heart_disease,Female,45-49,YLD,348.19050714388965,5
coronary_heart_disease,Female,45-49,YLL,1697.3389330383307,5
coronary_heart_disease,Female,50-54,DALY,2843.8379168781203,5
coronary_heart_disease,Female,50-54,Deaths,62.65427429093628,5
coronary_heart_disease,Female,50-54,YLD,459.13536111463577,5
coronary_heart_disease,Female,50-54,YLL,2384.7025557634847,5
coronary_heart_disease,Female,55-59,DALY,6233.486905647478,5
coronary_heart_disease,Female,55-59,Deaths,155.27385831679473,5
coronary_heart_disease,Female,55-59,YLD,1033.0131695600107,5
coronary_heart_disease,Female,55-59,YLL,5200.473736087468,5
coronary_heart_disease,Female,60-64,DALY,10662.052404797412,5
coronary_heart_disease,Female,60-64,Deaths,314.21945173628444,5
coronary_heart_disease,Female,60-64,YLD,1580.1172011393055,5
coronary_heart_disease,Female,60-64,YLL,9081.935203658108,5
coronary_heart_disease,Female,65-69,DALY,9260.443671976795,5
coronary_heart_disease,Female,65-69,Deaths,328.7233632233749,5
coronary_heart_disease,Female,65-69,YLD,1345.3927305993718,5
coronary_heart_disease,Female,65-69,YLL,7915.050941377422,5
coronary_heart_disease,Female,70+,DALY,115798.39972333855,5
coronary_heart_disease,Female,70+,Deaths,9089.405660609144,5
coronary_heart_disease,Female,70+,YLD,8567.911680475758,5
coronary_heart_disease,Female,70+,YLL,107230.4880428628,5
coronary_heart_disease,Male,20-24,DALY,416.9770128380319,5
coronary_heart_disease,Male,20-24,Deaths,5.360605844315111,5
coronary_heart_disease,Male,20-24,YLD,54.24927373699337,5
coronary_heart_disease,Male,20-24,YLL,362.7277391010385,5
coronary_heart_disease,Male,25-29,DALY,804.7881746152075,5
coronary_heart_disease,Male,25-29,Deaths,10.937986775316315,5
coronary_heart_disease,Male,25-29,YLD,121.77792313063767,5
coronary_heart_disease,Male,25-29,YLL,683.0102514845697,5
coronary_heart_disease,Male,30-34,DALY,1614.8381840184602,5
coronary_heart_disease,Male,30-34,Deaths,24.24342027327942,5
coronary_heart_disease,Male,30-34,YLD,222.56752589432514,5
coronary_heart_disease,Male,30-34,YLL,1392.270658124135,5
coronary_heart_disease,Male,35-39,DALY,4626.075411808357,5
coronary_heart_disease,Male,35-39,Deaths,78.69819426104496,5
coronary_heart_disease,Male,35-39,YLD,466.4361888406098,5
coronary_heart_disease,Male,35-39,YLL,4159.639222967748,5
coronary_heart_disease,Male,40-44,DALY,6556.161626178427,5
coronary_heart_disease,Male,40-44,Deaths,126.1157399393397,5
coronary_heart_disease,Male,40-44,YLD,535.040969510123,5
coronary_heart_disease,Male,40-44,YLL,6021.120656668304,5
coronary_heart_disease,Male,45-49,DALY,6852.88244877652,5
coronary_heart_disease,Male,45-49,Deaths,147.59560350619873,5
coronary_heart_disease,Male,45-49,YLD,547.9212641746046,5
coronary_heart_disease,Male,45-49,YLL,6304.961184601914,5
coronary_heart_disease,Male,50-54,DALY,8371.891757769274,5
coronary_heart_disease,Male,50-54,Deaths,202.80090694586636,5
coronary_heart_disease,Male,50-54,YLD,648.9920107291086,5
coronary_heart_disease,Male,50-54,YLL,7722.899747040165,5
coronary_heart_disease,Male,55-59,DALY,17871.797997738795,5
coronary_heart_disease,Male,55-59,Deaths,494.14231648643766,5
coronary_heart_disease,Male,55-59,YLD,1325.2544558296117,5
coronary_heart_disease,Male,55-59,YLL,16546.54354190918,5
coronary_heart_disease,Male,60-64,DALY,26046.955643961322,5
coronary_heart_disease,Male,60-64,Deaths,837.2779445208496,5
coronary_heart_disease,Male,60-64,YLD,1833.7828454875312,5
coronary_heart_disease,Male,60-64,YLL,24213.172798473788,5
coronary_heart_disease,Male,65-69,DALY,20204.255087312165,5
coronary_heart_disease,Male,65-69,Deaths,770.9727462898761,5
coronary_heart_disease,Male,65-69,YLD,1584.2278190253503,5
coronary_heart_disease,Male,65-69,YLL,18620.027268286816,5
coronary_heart_disease,Male,70+,DALY,127047.65221710397,5
coronary_heart_disease,Male,70+,Deaths,9252.91591759084,5
coronary_heart_disease,Male,70+,YLD,7380.708823144558,5
coronary_heart_disease,Male,70+,YLL,119666.94339395942,5
dementia,Female,20-24,DALY,0.0,5
dementia,Female,20-24,YLD,0.0,5
dementia,Female,25-29,DALY,0.0,5
dementia,Female,25-29,YLD,0.0,5
dementia,Female,30-34,DALY,0.0,5
dementia,Female,30-34,YLD,0.0,5
dementia,Female,35-39,DALY,0.0,5
dementia,Female,35-39,YLD,0.0,5
dementia,Female,40-44,DALY,0.0,5
dementia,Female,40-44,Deaths,0.0,5
dementia,Female,40-44,YLD,0.0,5
dementia,Female,40-44,YLL,0.0,5
dementia,Female,45-49,DALY,0.0,5
dementia,Female,45-49,Deaths,0.0,5
dementia,Female,45-49,YLD,0.0,5
dementia,Female,45-49,YLL,0.0,5
dementia,Female,50-54,DALY,0.0,5
dementia,Female,50-54,Deaths,0.0,5
dementia,Female,50-54,YLD,0.0,5
dementia,Female,50-54,YLL,0.0,5
dementia,Female,55-59,DALY,0.0,5
dementia,Female,55-59,Deaths,0.0,5
dementia,Female,55-59,YLD,0.0,5
dementia,Female,55-59,YLL,0.0,5
dementia,Female,60-64,DALY,0.0,5
dementia,Female,60-64,Deaths,0.0,5
dementia,Female,60-64,YLD,0.0,5
dementia,Female,60-64,YLL,0.0,5
dementia,Female,65-69,DALY,0.0,5
dementia,Female,65-69,Deaths,0.0,5
dementia,Female,65-69,YLD,0.0,5
dementia,Female,65-69,YLL,0.0,5
dementia,Female,70+,DALY,0.0,5
dementia,Female,70+,Deaths,0.0,5
dementia,Female,70+,YLD,0.0,5
dementia,Female,70+,YLL,0.0,5
dementia,Male,20-24,DALY,0.0,5
dementia,Male,20-24,YLD,0.0,5
dementia,Male,25-29,DALY,0.0,5
dementia,Male,25-29,YLD,0.0,5
dementia,Male,30-34,DALY,0.0,5
dementia,Male,30-34,YLD,0.0,5
dementia,Male,35-39,DALY,0.0,5
dementia,Male,35-39,YLD,0.0,5
dementia,Male,40-44,DALY,0.0,5
dementia,Male,40-44,Deaths,0.0,5
dementia,Male,40-44,YLD,0.0,5
dementia,Male,40-44,YLL,0.0,5
dementia,Male,45-49,DALY,0.0,5
dementia,Male,45-49,Deaths,0.0,5
dementia,Male,45-49,YLD,0.0,5
dementia,Male,45-49,YLL,0.0,5
dementia,Male,50-54,DALY,0.0,5
dementia,Male,50-54,Deaths,0.0,5
dementia,Male,50-54,YLD,0.0,5
dementia,Male,50-54,YLL,0.0,5
dementia,Male,55-59,DALY,0.0,5
dementia,Male,55-59,Deaths,0.0,5
dementia,Male,55-59,YLD,0.0,5
dementia,Male,55-59,YLL,0.0,5
dementia,Male,60-64,DALY,0.0,5
dementia,Male,60-64,Deaths,0.0,5
dementia,Male,60-64,YLD,0.0,5
dementia,Male,60-64,YLL,0.0,5
dementia,Male,65-69,DALY,0.0,5
dementia,Male,65-69,Deaths,0.0,5
dementia,Male,65-69,YLD,0.0,5
dementia,Male,65-69,YLL,0.0,5
dementia,Male,70+,DALY,0.0,5
dementia,Male,70+,Deaths,0.0,5
dementia,Male,70+,YLD,0.0,5
dementia,Male,70+,YLL,0.0,5
depression,Female,20-24,DALY,4538.06824047794,5
depression,Female,20-24,YLD,4538.06824047794,5
depression,Female,25-29,DALY,4777.59705643576,5
depression,Female,25-29,YLD,4777.59705643576,5
depression,Female,30-34,DALY,7017.11584230981,5
depression,Female,30-34,YLD,7017.11584230981,5
depression,Female,35-39,DALY,10759.478229112734,5
depression,Female,35-39,YLD,10759.478229112734,5
depression,Female,40-44,DALY,8848.88865363417,5
depression,Female,40-44,YLD,8848.88865363417,5
depression,Female,45-49,DALY,8125.044294766083,5
depression,Female,45-49,YLD,8125.044294766083,5
depression,Female,50-54,DALY,7482.861610659594,5
depression,Female,50-54,YLD,7482.861610659594,5
depression,Female,55-59,DALY,10691.48617689564,5
depression,Female,55-59,YLD,10691.48617689564,5
depression,Female,60-64,DALY,10481.31108665369,5
depression,Female,60-64,YLD,10481.31108665369,5
depression,Female,65-69,DALY,5599.70478082569,5
depression,Female,65-69,YLD,5599.70478082569,5
depression,Female,70+,DALY,17313.31761870653,5
depression,Female,70+,YLD,17313.31761870653,5
depression,Male,20-24,DALY,2798.743580232783,5
depression,Male,20-24,YLD,2798.743580232783,5
depression,Male,25-29,DALY,3423.719851965696,5
depression,Male,25-29,YLD,3423.719851965696,5
depression,Male,30-34,DALY,4054.3591208575053,5
depression,Male,30-34,YLD,4054.3591208575053,5
depression,Male,35-39,DALY,6418.652688818023,5
depression,Male,35-39,YLD,6418.652688818023,5
depression,Male,40-44,DALY,5806.414562324313,5
depression,Male,40-44,YLD,5806.414562324313,5
depression,Male,45-49,DALY,4683.809842459836,5
depression,Male,45-49,YLD,4683.809842459836,5
depression,Male,50-54,DALY,4470.175684574241,5
depression,Male,50-54,YLD,4470.175684574241,5
depression,Male,55-59,DALY,6754.996744359447,5
depression,Male,55-59,YLD,6754.996744359447,5
depression,Male,60-64,DALY,6771.3405043648245,5
depression,Male,60-64,YLD,6771.3405043648245,5
depression,Male,65-69,DALY,4014.6710362270837,5
depression,Male,65-69,YLD,4014.6710362270837,5
depression,Male,70+,DALY,10219.25455188328,5
depression,Male,70+,YLD,10219.25455188328,5
endometrial_cancer,Female,20-24,DALY,0.8131883224864436,5
endometrial_cancer,Female,20-24,Deaths,0.011243482839768682,5
endometrial_cancer,Female,20-24,YLD,0.05197574551039054,5
endometrial_cancer,Female,20-24,YLL,0.761212576976053,5
endometrial_cancer,Female,25-29,DALY,1.2950511362389476,5
endometrial_cancer,Female,25-29,Deaths,0.01903781859606886,5
endometrial_cancer,Female,25-29,YLD,0.10558829748477765,5
endometrial_cancer,Female,25-29,YLL,1.18946283875417,5
endometrial_cancer,Female,30-34,DALY,3.383288445637277,5
endometrial_cancer,Female,30-34,Deaths,0.05310315274159896,5
endometrial_cancer,Female,30-34,YLD,0.33335067761216775,5
endometrial_cancer,Female,30-34,YLL,3.04993776802511,5
endometrial_cancer,Female,35-39,DALY,9.213420781323794,5
endometrial_cancer,Female,35-39,Deaths,0.15321627945461402,5
endometrial_cancer,Female,35-39,YLD,1.1112113656962148,5
endometrial_cancer,Female,35-39,YLL,8.10220941562758,5
endometrial_cancer,Female,40-44,DALY,14.749138935253823,5
endometrial_cancer,Female,40-44,Deaths,0.2709506408487029,5
endometrial_cancer,Female,40-44,YLD,1.8160599026169044,5
endometrial_cancer,Female,40-44,YLL,12.933079032636918,5
endometrial_cancer,Female,45-49,DALY,21.177383390189974,5
endometrial_cancer,Female,45-49,Deaths,0.43401783124304516,5
endometrial_cancer,Female,45-49,YLD,2.6619196129642373,5
endometrial_cancer,Female,45-49,YLL,18.515463777225737,5
endometrial_cancer,Female,50-54,DALY,26.399279087365997,5
endometrial_cancer,Female,50-54,Deaths,0.595551415287942,5
endometrial_cancer,Female,50-54,YLD,3.7289740111485017,5
endometrial_cancer,Female,50-54,YLL,22.670305076217492,5
endometrial_cancer,Female,55-59,DALY,47.630669862371775,5
endometrial_cancer,Female,55-59,Deaths,1.229290781203671,5
endometrial_cancer,Female,55-59,YLD,6.434263973631413,5
endometrial_cancer,Female,55-59,YLL,41.196405888740365,5
endometrial_cancer,Female,60-64,DALY,52.03976859624969,5
endometrial_cancer,Female,60-64,Deaths,1.5938966154531826,5
endometrial_cancer,Female,60-64,YLD,5.948556520952305,5
endometrial_cancer,Female,60-64,YLL,46.091212075297385,5
endometrial_cancer,Female,65-69,DALY,28.790928620635942,5
endometrial_cancer,Female,65-69,Deaths,1.0698343558060264,5
endometrial_cancer,Female,65-69,YLD,3.0405229566166576,5
endometrial_cancer,Female,65-69,YLL,25.75040566401929,5
endometrial_cancer,Female,70+,DALY,81.04762080345581,5
endometrial_cancer,Female,70+,Deaths,4.752472815538624,5
endometrial_cancer,Female,70+,YLD,7.632784140958869,5
endometrial_cancer,Female,70+,YLL,73.41483666249694,5
gastric_cancer,Female,20-24,DALY,9.17656369331478,5
gastric_cancer,Female,20-24,Deaths,0.13282179774677477,5
gastric_cancer,Female,20-24,YLD,0.18334624764634674,5
gastric_cancer,Female,20-24,YLL,8.993217445668433,5
gastric_cancer,Female,25-29,DALY,19.6528703827965,5
gastric_cancer,Female,25-29,Deaths,0.30995772467171556,5
gastric_cancer,Female,25-29,YLD,0.2921905695896927,5
gastric_cancer,Female,25-29,YLL,19.360679813206808,5
gastric_cancer,Female,30-34,DALY,46.33264589716173,5
gastric_cancer,Female,30-34,Deaths,0.7946062442454079,5
gastric_cancer,Female,30-34,YLD,0.6986492855629096,5
gastric_cancer,Female,30-34,YLL,45.63399661159883,5
gastric_cancer,Female,35-39,DALY,109.29109945795855,5
gastric_cancer,Female,35-39,Deaths,2.0367093340525315,5
gastric_cancer,Female,35-39,YLD,1.5683347654775117,5
gastric_cancer,Female,35-39,YLL,107.72276469248104,5
gastric_cancer,Female,40-44,DALY,136.86051310283142,5
gastric_cancer,Female,40-44,Deaths,2.822251536341466,5
gastric_cancer,Female,40-44,YLD,2.1534955497750143,5
gastric_cancer,Female,40-44,YLL,134.70701755305643,5
gastric_cancer,Female,45-49,DALY,184.52871529087287,5
gastric_cancer,Female,45-49,Deaths,4.253609796805866,5
gastric_cancer,Female,45-49,YLD,3.0711609796205823,5
gastric_cancer,Female,45-49,YLL,181.4575543112523,5
gastric_cancer,Female,50-54,DALY,229.78330441381087,5
gastric_cancer,Female,50-54,Deaths,5.93658858873777,5
gastric_cancer,Female,50-54,YLD,3.8834244011470838,5
gastric_cancer,Female,50-54,YLL,225.89988001266374,5
gastric_cancer,Female,55-59,DALY,454.87620617792305,5
gastric_cancer,Female,55-59,Deaths,13.340041486492154,5
gastric_cancer,Female,55-59,YLD,7.74188909683147,5
gastric_cancer,Female,55-59,YLL,447.1343170810916,5
gastric_cancer,Female,60-64,DALY,643.9055548812607,5
gastric_cancer,Female,60-64,Deaths,21.830132918069193,5
gastric_cancer,Female,60-64,YLD,12.449160572046871,5
gastric_cancer,Female,60-64,YLL,631.4563943092138,5
gastric_cancer,Female,65-69,DALY,475.9400571187283,5
gastric_cancer,Female,65-69,Deaths,19.393445145483508,5
gastric_cancer,Female,65-69,YLD,9.452813283680452,5
gastric_cancer,Female,65-69,YLL,466.48724383504776,5
gastric_cancer,Female,70+,DALY,2612.8763007771495,5
gastric_cancer,Female,70+,Deaths,180.77072620989355,5
gastric_cancer,Female,70+,YLD,56.979638573438294,5
gastric_cancer,Female,70+,YLL,2555.896662203711,5
gastric_cancer,Male,20-24,DALY,11.211796260142687,5
gastric_cancer,Male,20-24,Deaths,0.16157101162735427,5
gastric_cancer,Male,20-24,YLD,0.28210267169217357,5
gastric_cancer,Male,20-24,YLL,10.929693588450515,5
gastric_cancer,Male,25-29,DALY,27.88341391833842,5
gastric_cancer,Male,25-29,Deaths,0.43833827999990804,5
gastric_cancer,Male,25-29,YLD,0.5169398923132055,5
gastric_cancer,Male,25-29,YLL,27.36647402602521,5
gastric_cancer,Male,30-34,DALY,69.03263857273546,5
gastric_cancer,Male,30-34,Deaths,1.1784215983277806,5
gastric_cancer,Male,30-34,YLD,1.335078905632621,5
gastric_cancer,Male,30-34,YLL,67.69755966710284,5
gastric_cancer,Male,35-39,DALY,216.2185149303785,5
gastric_cancer,Male,35-39,Deaths,4.024189413265834,5
gastric_cancer,Male,35-39,YLD,3.4589895459002644,5
gastric_cancer,Male,35-39,YLL,212.7595253844782,5
gastric_cancer,Male,40-44,DALY,399.8781267465519,5
gastric_cancer,Male,40-44,Deaths,8.226498539237577,5
gastric_cancer,Male,40-44,YLD,7.1422462107650295,5
gastric_cancer,Male,40-44,YLL,392.7358805357869,5
gastric_cancer,Male,45-49,DALY,555.0774791473489,5
gastric_cancer,Male,45-49,Deaths,12.766411326713316,5
gastric_cancer,Male,45-49,YLD,10.017998423362306,5
gastric_cancer,Male,45-49,YLL,545.0594807239866,5
gastric_cancer,Male,50-54,DALY,752.8616694396234,5
gastric_cancer,Male,50-54,Deaths,19.4068997105056,5
gastric_cancer,Male,50-54,YLD,13.935633584957618,5
gastric_cancer,Male,50-54,YLL,738.9260358546658,5
gastric_cancer,Male,55-59,DALY,1782.3839584413831,5
gastric_cancer,Male,55-59,Deaths,52.19755107451002,5
gastric_cancer,Male,55-59,YLD,33.289003970283915,5
gastric_cancer,Male,55-59,YLL,1749.094954471099,5
gastric_cancer,Male,60-64,DALY,2589.446643067453,5
gastric_cancer,Male,60-64,Deaths,87.63919688168775,5
gastric_cancer,Male,60-64,YLD,53.2015498757103,5
gastric_cancer,Male,60-64,YLL,2536.2450931917424,5
gastric_cancer,Male,65-69,DALY,1943.1005592523197,5
gastric_cancer,Male,65-69,Deaths,78.77668729014705,5
gastric_cancer,Male,65-69,YLD,42.2093683769692,5
gastric_cancer,Male,65-69,YLL,1900.8911908753507,5
gastric_cancer,Male,70+,DALY,6160.970517105867,5
gastric_cancer,Male,70+,Deaths,387.96294808134013,5
gastric_cancer,Male,70+,YLD,144.22962338611873,5
gastric_cancer,Male,70+,YLL,6016.740893719749,5
oesophageal_cancer,Female,20-24,DALY,1.270778072163285,5
oesophageal_cancer,Female,20-24,Deaths,0.01825120539236849,5
oesophageal_cancer,Female,20-24,YLD,0.035033315819615475,5
oesophageal_cancer,Female,20-24,YLL,1.2357447563436696,5
oesophageal_cancer,Female,25-29,DALY,1.3714298686696573,5
oesophageal_cancer,Female,25-29,Deaths,0.021295987931291956,5
oesophageal_cancer,Female,25-29,YLD,0.04174496766406037,5
oesophageal_cancer,Female,25-29,YLL,1.3296849010055969,5
oesophageal_cancer,Female,30-34,DALY,3.1151450049520757,5
oesophageal_cancer,Female,30-34,Deaths,0.05236414495681071,5
oesophageal_cancer,Female,30-34,YLD,0.10799449290947796,5
oesophageal_cancer,Female,30-34,YLL,3.007150512042597,5
oesophageal_cancer,Female,35-39,DALY,8.076145644665072,5
oesophageal_cancer,Female,35-39,Deaths,0.1489819992422997,5
oesophageal_cancer,Female,35-39,YLD,0.19293020771099317,5
oesophageal_cancer,Female,35-39,YLL,7.883215436954078,5
oesophageal_cancer,Female,40-44,DALY,16.08712173595259,5
oesophageal_cancer,Female,40-44,Deaths,0.330347651798212,5
oesophageal_cancer,Female,40-44,YLD,0.3176750758695521,5
oesophageal_cancer,Female,40-44,YLL,15.769446660083041,5
oesophageal_cancer,Female,45-49,DALY,32.64400518850737,5
oesophageal_cancer,Female,45-49,Deaths,0.7532696206490799,5
oesophageal_cancer,Female,45-49,YLD,0.5267991242442935,5
oesophageal_cancer,Female,45-49,YLL,32.11720606426309,5
oesophageal_cancer,Female,50-54,DALY,57.24563674062563,5
oesophageal_cancer,Female,50-54,Deaths,1.4825313622058043,5
oesophageal_cancer,Female,50-54,YLD,0.822551025123551,5
oesophageal_cancer,Female,50-54,YLL,56.423085715502076,5
oesophageal_cancer,Female,55-59,DALY,148.30588283952517,5
oesophageal_cancer,Female,55-59,Deaths,4.359647674081272,5
oesophageal_cancer,Female,55-59,YLD,2.101579052687849,5
oesophageal_cancer,Female,55-59,YLL,146.20430378683736,5
oesophageal_cancer,Female,60-64,DALY,258.1181024525374,5
oesophageal_cancer,Female,60-64,Deaths,8.784551955195177,5
oesophageal_cancer,Female,60-64,YLD,3.919528949712472,5
oesophageal_cancer,Female,60-64,YLL,254.1985735028249,5
oesophageal_cancer,Female,65-69,DALY,241.15970281319574,5
oesophageal_cancer,Female,65-69,Deaths,9.876405818801212,5
oesophageal_cancer,Female,65-69,YLD,3.796238381068025,5
oesophageal_cancer,Female,65-69,YLL,237.36346443212776,5
oesophageal_cancer,Female,70+,DALY,1704.831802530549,5
oesophageal_cancer,Female,70+,Deaths,118.03509546871001,5
oesophageal_cancer,Female,70+,YLD,28.3567806592174,5
oesophageal_cancer,Female,70+,YLL,1676.4750218713318,5
oesophageal_cancer,Male,20-24,DALY,4.527007490829628,5
oesophageal_cancer,Male,20-24,Deaths,0.06560679595137883,5
oesophageal_cancer,Male,20-24,YLD,0.0892531506996521,5
oesophageal_cancer,Male,20-24,YLL,4.437754340129976,5
oesophageal_cancer,Male,25-29,DALY,7.048212803208566,5
oesophageal_cancer,Male,25-29,Deaths,0.11060996454765509,5
oesophageal_cancer,Male,25-29,YLD,0.14367296021742093,5
oesophageal_cancer,Male,25-29,YLL,6.904539842991145,5
oesophageal_cancer,Male,30-34,DALY,20.120852335677597,5
oesophageal_cancer,Male,30-34,Deaths,0.34049706158684434,5
oesophageal_cancer,Male,30-34,YLD,0.5610286294763832,5
oesophageal_cancer,Male,30-34,YLL,19.559823706201215,5
oesophageal_cancer,Male,35-39,DALY,74.71956321429977,5
oesophageal_cancer,Male,35-39,Deaths,1.3952055868246465,5
oesophageal_cancer,Male,35-39,YLD,0.9422158041965195,5
oesophageal_cancer,Male,35-39,YLL,73.77734741010326,5
oesophageal_cancer,Male,40-44,DALY,189.28205003787642,5
oesophageal_cancer,Male,40-44,Deaths,3.9218009743347695,5
oesophageal_cancer,Male,40-44,YLD,2.046638294815335,5
oesophageal_cancer,Male,40-44,YLL,187.23541174306106,5
oesophageal_cancer,Male,45-49,DALY,331.37179558682317,5
oesophageal_cancer,Male,45-49,Deaths,7.683638481862197,5
oesophageal_cancer,Male,45-49,YLD,3.385305318248223,5
oesophageal_cancer,Male,45-49,YLL,327.98649026857504,5
oesophageal_cancer,Male,50-54,DALY,586.5126549574386,5
oesophageal_cancer,Male,50-54,Deaths,15.23835191990149,5
oesophageal_cancer,Male,50-54,YLD,6.170108396224511,5
oesophageal_cancer,Male,50-54,YLL,580.3425465612142,5
oesophageal_cancer,Male,55-59,DALY,1472.9772529850145,5
oesophageal_cancer,Male,55-59,Deaths,43.47472654203106,5
oesophageal_cancer,Male,55-59,YLD,15.848481444110046,5
oesophageal_cancer,Male,55-59,YLL,1457.1287715409042,5
oesophageal_cancer,Male,60-64,DALY,2112.662765142215,5
oesophageal_cancer,Male,60-64,Deaths,72.15654706438309,5
oesophageal_cancer,Male,60-64,YLD,24.212133746865504,5
oesophageal_cancer,Male,60-64,YLL,2088.4506313953493,5
oesophageal_cancer,Male,65-69,DALY,1556.2398006829549,5
oesophageal_cancer,Male,65-69,Deaths,63.75068777475846,5
oesophageal_cancer,Male,65-69,YLD,18.943718083559734,5
oesophageal_cancer,Male,65-69,YLL,1537.2960825993955,5
oesophageal_cancer,Male,70+,DALY,4904.236809596691,5
oesophageal_cancer,Male,70+,Deaths,310.9669672298592,5
oesophageal_cancer,Male,70+,YLD,69.00901373943825,5
oesophageal_cancer,Male,70+,YLL,4835.227795857253,5
renal_cancer,Female,20-24,DALY,3.179782674551097,5
renal_cancer,Female,20-24,Deaths,0.04353309020593055,5
renal_cancer,Female,20-24,YLD,0.23272622024847792,5
renal_cancer,Female,20-24,YLL,2.9470564543026194,5
renal_cancer,Female,25-29,DALY,3.7237883783249917,5
renal_cancer,Female,25-29,Deaths,0.05405295295836994,5
renal_cancer,Female,25-29,YLD,0.34730298705654816,5
renal_cancer,Female,25-29,YLL,3.3764853912684427,5
renal_cancer,Female,30-34,DALY,6.04639501756606,5
renal_cancer,Female,30-34,Deaths,0.0956964047580116,5
renal_cancer,Female,30-34,YLD,0.5513056060163206,5
renal_cancer,Female,30-34,YLL,5.495089411549739,5
renal_cancer,Female,35-39,DALY,9.629894872638916,5
renal_cancer,Female,35-39,Deaths,0.16402777420627632,5
renal_cancer,Female,35-39,YLD,0.9575182957615055,5
renal_cancer,Female,35-39,YLL,8.672376576877411,5
renal_cancer,Female,40-44,DALY,10.75529230029399,5
renal_cancer,Female,40-44,Deaths,0.20689863247697352,5
renal_cancer,Female,40-44,YLD,0.8794497896418999,5
renal_cancer,Female,40-44,YLL,9.87584251065209,5
renal_cancer,Female,45-49,DALY,15.1415844637878,5
renal_cancer,Female,45-49,Deaths,0.33009572550010313,5
renal_cancer,Female,45-49,YLD,1.053845347662384,5
renal_cancer,Female,45-49,YLL,14.087739116125418,5
renal_cancer,Female,50-54,DALY,18.598093924867428,5
renal_cancer,Female,50-54,Deaths,0.4582249057646701,5
renal_cancer,Female,50-54,YLD,1.1561776406247088,5
renal_cancer,Female,50-54,YLL,17.441916284242716,5
renal_cancer,Female,55-59,DALY,38.33181391128031,5
renal_cancer,Female,55-59,Deaths,1.082491836924228,5
renal_cancer,Female,55-59,YLD,2.0737365430605355,5
renal_cancer,Female,55-59,YLL,36.25807736821978,5
renal_cancer,Female,60-64,DALY,70.89880800174716,5
renal_cancer,Female,60-64,Deaths,2.3135387687393547,5
renal_cancer,Female,60-64,YLD,4.053348836295036,5
renal_cancer,Female,60-64,YLL,66.84545916545211,5
renal_cancer,Female,65-69,DALY,54.326681291437716,5
renal_cancer,Female,65-69,Deaths,2.1313530818747917,5
renal_cancer,Female,65-69,YLD,3.006910356404106,5
renal_cancer,Female,65-69,YLL,51.31977093503361,5
renal_cancer,Female,70+,DALY,198.72290774092926,5
renal_cancer,Female,70+,Deaths,12.750311804496368,5
renal_cancer,Female,70+,YLD,9.075770654436983,5
renal_cancer,Female,70+,YLL,189.64713708649225,5
renal_cancer,Male,20-24,DALY,4.7096226468863644,5
renal_cancer,Male,20-24,Deaths,0.06582931768028773,5
renal_cancer,Male,20-24,YLD,0.25681172652186235,5
renal_cancer,Male,20-24,YLL,4.452810920364502,5
renal_cancer,Male,25-29,DALY,8.384730602831944,5
renal_cancer,Male,25-29,Deaths,0.12500193769866091,5
renal_cancer,Male,25-29,YLD,0.5795968633399072,5
renal_cancer,Male,25-29,YLL,7.805133739492035,5
renal_cancer,Male,30-34,DALY,14.581172311487183,5
renal_cancer,Male,30-34,Deaths,0.23648068900063773,5
renal_cancer,Male,30-34,YLD,0.99853937022172,5
renal_cancer,Male,30-34,YLL,13.582632941265462,5
renal_cancer,Male,35-39,DALY,36.200036272911866,5
renal_cancer,Male,35-39,Deaths,0.6357216596417108,5
renal_cancer,Male,35-39,YLD,2.5977710744252214,5
renal_cancer,Male,35-39,YLL,33.60226519848665,5
renal_cancer,Male,40-44,DALY,47.67352031994693,5
renal_cancer,Male,40-44,Deaths,0.939494627004593,5
renal_cancer,Male,40-44,YLD,2.819959448044874,5
renal_cancer,Male,40-44,YLL,44.853560871902054,5
renal_cancer,Male,45-49,DALY,55.572750046639946,5
renal_cancer,Male,45-49,Deaths,1.235854621877015,5
renal_cancer,Male,45-49,YLD,2.7882746507145093,5
renal_cancer,Male,45-49,YLL,52.78447539592543,5
renal_cancer,Male,50-54,DALY,71.36194072093592,5
renal_cancer,Male,50-54,Deaths,1.7867398234875558,5
renal_cancer,Male,50-54,YLD,3.322085355388995,5
renal_cancer,Male,50-54,YLL,68.03985536554693,5
renal_cancer,Male,55-59,DALY,137.75657541726665,5
renal_cancer,Male,55-59,Deaths,3.9359091918821854,5
renal_cancer,Male,55-59,YLD,5.927952714510414,5
renal_cancer,Male,55-59,YLL,131.82862270275623,5
renal_cancer,Male,60-64,DALY,156.25433694623302,5
renal_cancer,Male,60-64,Deaths,5.1424338507793195,5
renal_cancer,Male,60-64,YLD,7.524518680853313,5
renal_cancer,Male,60-64,YLL,148.72981826537972,5
renal_cancer,Male,65-69,DALY,113.34712419774615,5
renal_cancer,Male,65-69,Deaths,4.459603565939905,5
renal_cancer,Male,65-69,YLD,5.648063678834813,5
renal_cancer,Male,65-69,YLL,107.69906051891132,5
renal_cancer,Male,70+,DALY,369.7382603304527,5
renal_cancer,Male,70+,Deaths,23.503515839049022,5
renal_cancer,Male,70+,YLD,16.743619160921682,5
renal_cancer,Male,70+,YLL,352.99464116953106,5
stroke,Female,20-24,DALY,227.5393754221779,5
stroke,Female,20-24,Deaths,1.2728331293180395,5
stroke,Female,20-24,YLD,141.357164314624,5
stroke,Female,20-24,YLL,86.1822111075539,5
stroke,Female,25-29,DALY,287.30932302406205,5
stroke,Female,25-29,Deaths,1.6984546877328455,5
stroke,Female,25-29,YLD,181.18385817815619,5
stroke,Female,25-29,YLL,106.12546484590588,5
stroke,Female,30-34,DALY,582.1897454346292,5
stroke,Female,30-34,Deaths,4.306019778923819,5
stroke,Female,30-34,YLD,334.89230267345084,5
stroke,Female,30-34,YLL,247.29744276117844,5
stroke,Female,35-39,DALY,1285.9270791320826,5
stroke,Female,35-39,Deaths,12.573241719343768,5
stroke,Female,35-39,YLD,621.0588153769115,5
stroke,Female,35-39,YLL,664.8682637551708,5
stroke,Female,40-44,DALY,1757.835389443568,5
stroke,Female,40-44,Deaths,23.2993995834893,5
stroke,Female,40-44,YLD,645.8427152599438,5
stroke,Female,40-44,YLL,1111.992674183624,5
stroke,Female,45-49,DALY,2633.13813059736,5
stroke,Female,45-49,Deaths,43.76805550632515,5
stroke,Female,45-49,YLD,765.7236811302541,5
stroke,Female,45-49,YLL,1867.4144494671061,5
stroke,Female,50-54,DALY,3873.349678845471,5
stroke,Female,50-54,Deaths,77.41023538242571,5
stroke,Female,50-54,YLD,926.9015279023463,5
stroke,Female,50-54,YLL,2946.4481509431243,5
stroke,Female,55-59,DALY,8204.86831015707,5
stroke,Female,55-59,Deaths,185.72898420078178,5
stroke,Female,55-59,YLD,1982.3469379558728,5
stroke,Female,55-59,YLL,6222.521372201197,5
stroke,Female,60-64,DALY,12412.155481486352,5
stroke,Female,60-64,Deaths,330.3207000851709,5
stroke,Female,60-64,YLD,2860.2759286789933,5
stroke,Female,60-64,YLL,9551.879552807359,5
stroke,Female,65-69,DALY,10541.029695804737,5
stroke,Female,65-69,Deaths,344.48233763256576,5
stroke,Female,65-69,YLD,2250.200861765282,5
stroke,Female,65-69,YLL,8290.828834039456,5
stroke,Female,70+,DALY,98201.14702083281,5
stroke,Female,70+,Deaths,6680.683392381484,5
stroke,Female,70+,YLD,13009.573410583078,5
stroke,Female,70+,YLL,85191.57361024972,5
stroke,Male,20-24,DALY,336.03358784252003,5
stroke,Male,20-24,Deaths,3.373938088755126,5
stroke,Male,20-24,YLD,107.77830946885953,5
stroke,Male,20-24,YLL,228.25527837366053,5
stroke,Male,25-29,DALY,612.5621375944113,5
stroke,Male,25-29,Deaths,7.049611221539209,5
stroke,Male,25-29,YLD,172.30260313360347,5
stroke,Male,25-29,YLL,440.2595344608078,5
stroke,Male,30-34,DALY,1184.5999736026367,5
stroke,Male,30-34,Deaths,15.870382330672628,5
stroke,Male,30-34,YLD,273.06583092897336,5
stroke,Male,30-34,YLL,911.5341426736633,5
stroke,Male,35-39,DALY,3654.4275754795044,5
stroke,Male,35-39,Deaths,58.25368723142049,5
stroke,Male,35-39,YLD,575.0933044410652,5
stroke,Male,35-39,YLL,3079.3342710384395,5
stroke,Male,40-44,DALY,5647.579123204075,5
stroke,Male,40-44,Deaths,103.72437266319272,5
stroke,Male,40-44,YLD,696.3169517438068,5
stroke,Male,40-44,YLL,4951.262171460267,5
stroke,Male,45-49,DALY,6486.68779297744,5
stroke,Male,45-49,Deaths,134.05164664387655,5
stroke,Male,45-49,YLD,761.701047213945,5
stroke,Male,45-49,YLL,5724.986745763495,5
stroke,Male,50-54,DALY,8685.565445336419,5
stroke,Male,50-54,Deaths,201.7884213233716,5
stroke,Male,50-54,YLD,1000.2232166146921,5
stroke,Male,50-54,YLL,7685.342228721727,5
stroke,Male,55-59,DALY,19308.418755744555,5
stroke,Male,55-59,Deaths,506.002907098127,5
stroke,Male,55-59,YLD,2359.388522992445,5
stroke,Male,55-59,YLL,16949.03023275211,5
stroke,Male,60-64,DALY,29416.42422763563,5
stroke,Male,60-64,Deaths,892.8457454955166,5
stroke,Male,60-64,YLD,3585.57824005831,5
stroke,Male,60-64,YLL,25830.84598757732,5
stroke,Male,65-69,DALY,24377.658457814767,5
stroke,Male,65-69,Deaths,876.1857960338334,5
stroke,Male,65-69,YLD,3223.4443877742165,5
stroke,Male,65-69,YLL,21154.214070040554,5
stroke,Male,70+,DALY,138185.80085587967,5
stroke,Male,70+,Deaths,8947.122781144388,5
stroke,Male,70+,YLD,14646.66003717099,5
stroke,Male,70+,YLL,123539.1408187087,5
type2_diabetes,Female,20-24,DALY,298.876141244128,5
type2_diabetes,Female,20-24,Deaths,0.23958457282531737,5
type2_diabetes,Female,20-24,YLD,282.6560430677124,5
type2_diabetes,Female,20-24,YLL,16.220098176415593,5
type2_diabetes,Female,25-29,DALY,460.9062487314761,5
type2_diabetes,Female,25-29,Deaths,0.3041437462685809,5
type2_diabetes,Female,25-29,YLD,441.9039235097093,5
type2_diabetes,Female,25-29,YLL,19.002325221766874,5
type2_diabetes,Female,30-34,DALY,811.4646376595413,5
type2_diabetes,Female,30-34,Deaths,0.6802125263384701,5
type2_diabetes,Female,30-34,YLD,772.3997344820104,5
type2_diabetes,Female,30-34,YLL,39.06490317753071,5
type2_diabetes,Female,35-39,DALY,1484.6277314294289,5
type2_diabetes,Female,35-39,Deaths,1.6698909897637444,5
type2_diabetes,Female,35-39,YLD,1396.3373322672755,5
type2_diabetes,Female,35-39,YLL,88.2903991621535,5
type2_diabetes,Female,40-44,DALY,1567.6632079311994,5
type2_diabetes,Female,40-44,Deaths,2.8221989533876064,5
type2_diabetes,Female,40-44,YLD,1432.95293945927,5
type2_diabetes,Female,40-44,YLL,134.7102684719293,5
type2_diabetes,Female,45-49,DALY,2010.045098846405,5
type2_diabetes,Female,45-49,Deaths,6.42492516974728,5
type2_diabetes,Female,45-49,YLD,1735.8738166520725,5
type2_diabetes,Female,45-49,YLL,274.17128219433243,5
type2_diabetes,Female,50-54,DALY,2546.9718335026155,5
type2_diabetes,Female,50-54,Deaths,11.790085452052692,5
type2_diabetes,Female,50-54,YLD,2098.165972749062,5
type2_diabetes,Female,50-54,YLL,448.80586075355393,5
type2_diabetes,Female,55-59,DALY,5186.31124978432,5
type2_diabetes,Female,55-59,Deaths,33.25853770025087,5
type2_diabetes,Female,55-59,YLD,4071.8052929965074,5
type2_diabetes,Female,55-59,YLL,1114.5059567878127,5
type2_diabetes,Female,60-64,DALY,6962.502595282909,5
type2_diabetes,Female,60-64,Deaths,66.2051329373011,5
type2_diabetes,Female,60-64,YLD,5047.786149439362,5
type2_diabetes,Female,60-64,YLL,1914.7164458435464,5
type2_diabetes,Female,65-69,DALY,4694.11238078687,5
type2_diabetes,Female,65-69,Deaths,65.51867223386729,5
type2_diabetes,Female,65-69,YLD,3117.4682890213844,5
type2_diabetes,Female,65-69,YLL,1576.644091765486,5
type2_diabetes,Female,70+,DALY,17891.459989858547,5
type2_diabetes,Female,70+,Deaths,596.8438727710266,5
type2_diabetes,Female,70+,YLD,9293.61022327693,5
type2_diabetes,Female,70+,YLL,8597.849766581614,5
type2_diabetes,Male,20-24,DALY,408.75271891257364,5
type2_diabetes,Male,20-24,Deaths,0.27603891786819673,5
type2_diabetes,Male,20-24,YLD,390.0819642242254,5
type2_diabetes,Male,20-24,YLL,18.670754688348264,5
type2_diabetes,Male,25-29,DALY,774.4806449874819,5
type2_diabetes,Male,25-29,Deaths,0.5386018517837488,5
type2_diabetes,Male,25-29,YLD,740.8429903086769,5
type2_diabetes,Male,25-29,YLL,33.637654678804935,5
type2_diabetes,Male,30-34,DALY,1154.7415116859836,5
type2_diabetes,Male,30-34,Deaths,1.427720701210249,5
type2_diabetes,Male,30-34,YLD,1072.7134125902437,5
type2_diabetes,Male,30-34,YLL,82.02809909573985,5
type2_diabetes,Male,35-39,DALY,2299.740179026174,5
type2_diabetes,Male,35-39,Deaths,4.12840776267881,5
type2_diabetes,Male,35-39,YLD,2081.543120753809,5
type2_diabetes,Male,35-39,YLL,218.19705827236476,5
type2_diabetes,Male,40-44,DALY,2687.8654810776825,5
type2_diabetes,Male,40-44,Deaths,7.665106510334198,5
type2_diabetes,Male,40-44,YLD,2321.9467063339835,5
type2_diabetes,Male,40-44,YLL,365.9187747436988,5
type2_diabetes,Male,45-49,DALY,2755.2827523107967,5
type2_diabetes,Male,45-49,Deaths,12.567684927894039,5
type2_diabetes,Male,45-49,YLD,2218.486284155863,5
type2_diabetes,Male,45-49,YLL,536.7964681549335,5
type2_diabetes,Male,50-54,DALY,3203.1653015458232,5
type2_diabetes,Male,50-54,Deaths,20.111119422754335,5
type2_diabetes,Male,50-54,YLD,2437.152011851672,5
type2_diabetes,Male,50-54,YLL,766.0132896941514,5
type2_diabetes,Male,55-59,DALY,6234.589792975434,5
type2_diabetes,Male,55-59,Deaths,54.89743347261674,5
type2_diabetes,Male,55-59,YLD,4395.590841177246,5
type2_diabetes,Male,55-59,YLL,1838.9989517981885,5
type2_diabetes,Male,60-64,DALY,7442.031370494296,5
type2_diabetes,Male,60-64,Deaths,83.95741154031874,5
type2_diabetes,Male,60-64,YLD,5012.60219935486,5
type2_diabetes,Male,60-64,YLL,2429.4291711394353,5
type2_diabetes,Male,65-69,DALY,5216.013348663548,5
type2_diabetes,Male,65-69,Deaths,78.98107810429616,5
type2_diabetes,Male,65-69,YLD,3309.1558082627516,5
type2_diabetes,Male,65-69,YLL,1906.8575404007956,5
type2_diabetes,Male,70+,DALY,17321.646216397938,5
type2_diabetes,Male,70+,Deaths,631.4825311602551,5
type2_diabetes,Male,70+,YLD,8237.569301064485,5
type2_diabetes,Male,70+,YLL,9084.076915333453,5
bladder_cancer,Female,20-24,DALY,2.6763549866664964,10
bladder_cancer,Female,20-24,Deaths,0.033338722569672026,10
bladder_cancer,Female,20-24,YLD,0.4177340847555452,10
bladder_cancer,Female,20-24,YLL,2.258620901910951,10
bladder_cancer,Female,25-29,DALY,3.6668434209104053,10
bladder_cancer,Female,25-29,Deaths,0.05080819028856624,10
bladder_cancer,Female,25-29,YLD,0.49592515853584296,10
bladder_cancer,Female,25-29,YLL,3.170918262374562,10
bladder_cancer,Female,30-34,DALY,7.571361542611131,10
bladder_cancer,Female,30-34,Deaths,0.11374334313831715,10
bladder_cancer,Female,30-34,YLD,1.0446742249943517,10
bladder_cancer,Female,30-34,YLL,6.526687317616778,10
bladder_cancer,Female,35-39,DALY,17.026192333353993,10
bladder_cancer,Female,35-39,Deaths,0.2835835342462788,10
bladder_cancer,Female,35-39,YLD,2.0151444260841,10
bladder_cancer,Female,35-39,YLL,15.011047907269894,10
bladder_cancer,Female,40-44,DALY,28.447109780341023,10
bladder_cancer,Female,40-44,Deaths,0.5424277909390528,10
bladder_cancer,Female,40-44,YLD,2.5589510513645037,10
bladder_cancer,Female,40-44,YLL,25.88815872897652,10
bladder_cancer,Female,45-49,DALY,52.07965759762753,10
bladder_cancer,Female,45-49,Deaths,1.1231280923734872,10
bladder_cancer,Female,45-49,YLD,4.228203216304762,10
bladder_cancer,Female,45-49,YLL,47.851454381322775,10
bladder_cancer,Female,50-54,DALY,58.76670801086354,10
bladder_cancer,Female,50-54,Deaths,1.4134907031294133,10
bladder_cancer,Female,50-54,YLD,5.015113513966419,10
bladder_cancer,Female,50-54,YLL,53.75159449689711,10
bladder_cancer,Female,55-59,DALY,126.25422337539949,10
bladder_cancer,Female,55-59,Deaths,3.4733934624512783,10
bladder_cancer,Female,55-59,YLD,9.8113335537531,10
bladder_cancer,Female,55-59,YLL,116.44288982164639,10
bladder_cancer,Female,60-64,DALY,235.44467912633638,10
bladder_cancer,Female,60-64,Deaths,7.51733440298661,10
bladder_cancer,Female,60-64,YLD,18.3702457480179,10
bladder_cancer,Female,60-64,YLL,217.07443337831847,10
bladder_cancer,Female,65-69,DALY,244.63628471282536,10
bladder_cancer,Female,65-69,Deaths,9.358420995182655,10
bladder_cancer,Female,65-69,YLD,19.58132817878169,10
bladder_cancer,Female,65-69,YLL,225.05495653404367,10
bladder_cancer,Female,70+,DALY,1877.798119215123,10
bladder_cancer,Female,70+,Deaths,136.81529616808618,10
bladder_cancer,Female,70+,YLD,103.16087655059503,10
bladder_cancer,Female,70+,YLL,1774.637242664528,10
bladder_cancer,Male,20-24,DALY,5.547483167373999,10
bladder_cancer,Male,20-24,Deaths,0.06715727077162491,10
bladder_cancer,Male,20-24,YLD,1.0032869143615344,10
bladder_cancer,Male,20-24,YLL,4.544196253012464,10
bladder_cancer,Male,25-29,DALY,8.407510681950614,10
bladder_cancer,Male,25-29,Deaths,0.11432916928332348,10
bladder_cancer,Male,25-29,YLD,1.2760059254082208,10
bladder_cancer,Male,25-29,YLL,7.131504756542393,10
bladder_cancer,Male,30-34,DALY,23.690232168263613,10
bladder_cancer,Male,30-34,Deaths,0.35100413082245774,10
bladder_cancer,Male,30-34,YLD,3.540990900059221,10
bladder_cancer,Male,30-34,YLL,20.149241268204396,10
bladder_cancer,Male,35-39,DALY,73.55611766500874,10
bladder_cancer,Male,35-39,Deaths,1.222552059681416,10
bladder_cancer,Male,35-39,YLD,8.87207213748319,10
bladder_cancer,Male,35-39,YLL,64.68404552752554,10
bladder_cancer,Male,40-44,DALY,157.35513089031724,10
bladder_cancer,Male,40-44,Deaths,3.003705633298692,10
bladder_cancer,Male,40-44,YLD,13.981423074040096,10
bladder_cancer,Male,40-44,YLL,143.37370781627715,10
bladder_cancer,Male,45-49,DALY,227.65410296959095,10
bladder_cancer,Male,45-49,Deaths,4.904850145826156,10
bladder_cancer,Male,45-49,YLD,18.50873602499848,10
bladder_cancer,Male,45-49,YLL,209.14536694459247,10
bladder_cancer,Male,50-54,DALY,280.38582447878895,10
bladder_cancer,Male,50-54,Deaths,6.720891504757332,10
bladder_cancer,Male,50-54,YLD,24.635695584200022,10
bladder_cancer,Male,50-54,YLL,255.75012889458895,10
bladder_cancer,Male,55-59,DALY,670.4450780994334,10
bladder_cancer,Male,55-59,Deaths,18.358941639447668,10
bladder_cancer,Male,55-59,YLD,55.105237695958714,10
bladder_cancer,Male,55-59,YLL,615.3398404034747,10
bladder_cancer,Male,60-64,DALY,1471.76723241215,10
bladder_cancer,Male,60-64,Deaths,46.75436565366622,10
bladder_cancer,Male,60-64,YLD,119.99996963328682,10
bladder_cancer,Male,60-64,YLL,1351.7672627788631,10
bladder_cancer,Male,65-69,DALY,1556.4065122367103,10
bladder_cancer,Male,65-69,Deaths,59.207930351340885,10
bladder_cancer,Male,65-69,YLD,127.94985534437699,10
bladder_cancer,Male,65-69,YLL,1428.4566568923333,10
bladder_cancer,Male,70+,DALY,7749.895925838568,10
bladder_cancer,Male,70+,Deaths,534.22135609526,10
bladder_cancer,Male,70+,YLD,469.48109302058054,10
bladder_cancer,Male,70+,YLL,7280.414832817987,10
breast_cancer,Female,20-24,DALY,46.426394283148724,10
breast_cancer,Female,20-24,Deaths,0.5965598332188392,10
breast_cancer,Female,20-24,YLD,6.009933542115135,10
breast_cancer,Female,20-24,YLL,40.41646074103358,10
breast_cancer,Female,25-29,DALY,144.79475350429357,10
breast_cancer,Female,25-29,Deaths,2.0350416739015578,10
breast_cancer,Female,25-29,YLD,17.796403461719855,10
breast_cancer,Female,25-29,YLL,126.9983500425737,10
breast_cancer,Female,30-34,DALY,514.153971462489,10
breast_cancer,Female,30-34,Deaths,8.078585287738559,10
breast_cancer,Female,30-34,YLD,50.61495149398987,10
breast_cancer,Female,30-34,YLL,463.53901996849913,10
breast_cancer,Female,35-39,DALY,1473.0067855752973,10
breast_cancer,Female,35-39,Deaths,24.96188484989855,10
breast_cancer,Female,35-39,YLD,151.57832568959967,10
breast_cancer,Female,35-39,YLL,1321.4284598856975,10
breast_cancer,Female,40-44,DALY,2419.5331860311135,10
breast_cancer,Female,40-44,Deaths,44.750684350460105,10
breast_cancer,Female,40-44,YLD,283.4393420697504,10
breast_cancer,Female,40-44,YLL,2136.093843961363,10
breast_cancer,Female,45-49,DALY,3396.719493520376,10
breast_cancer,Female,45-49,Deaths,70.10530175564799,10
breast_cancer,Female,45-49,YLD,409.91234457095084,10
breast_cancer,Female,45-49,YLL,2986.807148949425,10
breast_cancer,Female,50-54,DALY,3083.457164529781,10
breast_cancer,Female,50-54,Deaths,72.06261691360838,10
breast_cancer,Female,50-54,YLD,343.1109497518506,10
breast_cancer,Female,50-54,YLL,2740.34621477793,10
breast_cancer,Female,55-59,DALY,4549.746406505012,10
breast_cancer,Female,55-59,Deaths,120.97586966880999,10
breast_cancer,Female,55-59,YLD,492.6530124633636,10
breast_cancer,Female,55-59,YLL,4057.0933940416476,10
breast_cancer,Female,60-64,DALY,5334.66367974631,10
breast_cancer,Female,60-64,Deaths,160.73328115865414,10
breast_cancer,Female,60-64,YLD,691.1485208097204,10
breast_cancer,Female,60-64,YLL,4643.51515893659,10
breast_cancer,Female,65-69,DALY,3198.479701023501,10
breast_cancer,Female,65-69,Deaths,113.95199933957856,10
breast_cancer,Female,65-69,YLD,458.7729017050086,10
breast_cancer,Female,65-69,YLL,2739.706799318493,10
breast_cancer,Female,70+,DALY,8206.121156317062,10
breast_cancer,Female,70+,Deaths,482.4555078626198,10
breast_cancer,Female,70+,YLD,1120.4512871565328,10
breast_cancer,Female,70+,YLL,7085.669869160529,10
colon_cancer,Female,20-24,DALY,88.48067456481249,10
colon_cancer,Female,20-24,Deaths,1.276141520318966,10
colon_cancer,Female,20-24,YLD,2.0443499924198916,10
colon_cancer,Female,20-24,YLL,86.43632457239258,10
colon_cancer,Female,25-29,DALY,129.26560210866717,10
colon_cancer,Female,25-29,Deaths,2.0320974564376404,10
colon_cancer,Female,25-29,YLD,2.4499672643618715,10
colon_cancer,Female,25-29,YLL,126.81563484430528,10
colon_cancer,Female,30-34,DALY,275.9681570613316,10
colon_cancer,Female,30-34,Deaths,4.702554901972739,10
colon_cancer,Female,30-34,YLD,6.047886443401498,10
colon_cancer,Female,30-34,YLL,269.9202706179301,10
colon_cancer,Female,35-39,DALY,594.2647514096884,10
colon_cancer,Female,35-39,Deaths,10.942859373060328,10
colon_cancer,Female,35-39,YLD,15.025891226348087,10
colon_cancer,Female,35-39,YLL,579.2388601833404,10
colon_cancer,Female,40-44,DALY,972.5423509857947,10
colon_cancer,Female,40-44,Deaths,19.770350127319542,10
colon_cancer,Female,40-44,YLD,28.955155810169664,10
colon_cancer,Female,40-44,YLL,943.5871951756249,10
colon_cancer,Female,45-49,DALY,1538.778963736121,10
colon_cancer,Female,45-49,Deaths,34.8083201099258,10
colon_cancer,Female,45-49,YLD,55.95498150377729,10
colon_cancer,Female,45-49,YLL,1482.8239822323437,10
colon_cancer,Female,50-54,DALY,1653.3619926803776,10
colon_cancer,Female,50-54,Deaths,41.55147458835536,10
colon_cancer,Female,50-54,YLD,73.01547925972142,10
colon_cancer,Female,50-54,YLL,1580.3465134206563,10
colon_cancer,Female,55-59,DALY,3122.7004811754878,10
colon_cancer,Female,55-59,Deaths,88.34051073382405,10
colon_cancer,Female,55-59,YLD,159.6571249273086,10
colon_cancer,Female,55-59,YLL,2963.0433562481794,10
colon_cancer,Female,60-64,DALY,4785.293321641176,10
colon_cancer,Female,60-64,Deaths,155.3171652932187,10
colon_cancer,Female,60-64,YLD,297.44978358483564,10
colon_cancer,Female,60-64,YLL,4487.843538056341,10
colon_cancer,Female,65-69,DALY,3995.4756020603163,10
colon_cancer,Female,65-69,Deaths,154.10783072256172,10
colon_cancer,Female,65-69,YLD,290.3123577627854,10
colon_cancer,Female,65-69,YLL,3705.1632442975306,10
colon_cancer,Female,70+,DALY,20069.965259624223,10
colon_cancer,Female,70+,Deaths,1336.136805705284,10
colon_cancer,Female,70+,YLD,1507.619139155253,10
colon_cancer,Female,70+,YLL,18562.34612046897,10
colon_cancer,Male,20-24,DALY,130.2686015881959,10
colon_cancer,Male,20-24,Deaths,1.8651172327346925,10
colon_cancer,Male,20-24,YLD,4.083734971023796,10
colon_cancer,Male,20-24,YLL,126.18486661717212,10
colon_cancer,Male,25-29,DALY,280.46482006232134,10
colon_cancer,Male,25-29,Deaths,4.3929002240812185,10
colon_cancer,Male,25-29,YLD,6.449100100592423,10
colon_cancer,Male,25-29,YLL,274.0157199617289,10
colon_cancer,Male,30-34,DALY,571.4857266090715,10
colon_cancer,Male,30-34,Deaths,9.6727599948168,10
colon_cancer,Male,30-34,YLD,16.088959901020505,10
colon_cancer,Male,30-34,YLL,555.396766708051,10
colon_cancer,Male,35-39,DALY,1458.0811818333557,10
colon_cancer,Male,35-39,Deaths,26.667646858891615,10
colon_cancer,Male,35-39,YLD,47.147116179676445,10
colon_cancer,Male,35-39,YLL,1410.9340656536795,10
colon_cancer,Male,40-44,DALY,2710.6898435033727,10
colon_cancer,Male,40-44,Deaths,54.79019428852241,10
colon_cancer,Male,40-44,YLD,95.26859266752867,10
colon_cancer,Male,40-44,YLL,2615.421250835844,10
colon_cancer,Male,45-49,DALY,3994.4910739942893,10
colon_cancer,Male,45-49,Deaths,90.06347538041928,10
colon_cancer,Male,45-49,YLD,154.3165442636174,10
colon_cancer,Male,45-49,YLL,3840.174529730672,10
colon_cancer,Male,50-54,DALY,3860.8636558908493,10
colon_cancer,Male,50-54,Deaths,96.77081891127644,10
colon_cancer,Male,50-54,YLD,178.21501130653618,10
colon_cancer,Male,50-54,YLL,3682.648644584313,10
colon_cancer,Male,55-59,DALY,7807.954326612709,10
colon_cancer,Male,55-59,Deaths,220.5085775978605,10
colon_cancer,Male,55-59,YLD,415.96358912769074,10
colon_cancer,Male,55-59,YLL,7391.990737485018,10
colon_cancer,Male,60-64,DALY,12457.59648953068,10
colon_cancer,Male,60-64,Deaths,403.4187359224225,10
colon_cancer,Male,60-64,YLD,790.8759657738448,10
colon_cancer,Male,60-64,YLL,11666.720523756836,10
colon_cancer,Male,65-69,DALY,11300.185386281228,10
colon_cancer,Male,65-69,Deaths,434.33977223502615,10
colon_cancer,Male,65-69,YLD,820.198503218542,10
colon_cancer,Male,65-69,YLL,10479.986883062684,10
colon_cancer,Male,70+,DALY,32971.3750567197,10
colon_cancer,Male,70+,Deaths,2067.683343108444,10
colon_cancer,Male,70+,YLD,2558.575614471904,10
colon_cancer,Male,70+,YLL,30412.799442247793,10
coronary_heart_disease,Female,20-24,DALY,729.9768285162106,10
coronary_heart_disease,Female,20-24,Deaths,9.105023119233426,10
coronary_heart_disease,Female,20-24,YLD,113.06650907030482,10
coronary_heart_disease,Female,20-24,YLL,616.9103194459058,10
coronary_heart_disease,Female,25-29,DALY,845.5835070337258,10
coronary_heart_disease,Female,25-29,Deaths,10.294910194615849,10
coronary_heart_disease,Female,25-29,YLD,202.97013880655456,10
coronary_heart_disease,Female,25-29,YLL,642.6133682271712,10
coronary_heart_disease,Female,30-34,DALY,1928.9772644150748,10
coronary_heart_disease,Female,30-34,Deaths,25.63137746957341,10
coronary_heart_disease,Female,30-34,YLD,458.2933992274411,10
coronary_heart_disease,Female,30-34,YLL,1470.683865187634,10
coronary_heart_disease,Female,35-39,DALY,4175.799888154926,10
coronary_heart_disease,Female,35-39,Deaths,61.91821936869316,10
coronary_heart_disease,Female,35-39,YLD,898.7274526776176,10
coronary_heart_disease,Female,35-39,YLL,3277.0724354773083,10
coronary_heart_disease,Female,40-44,DALY,6389.797856490248,10
coronary_heart_disease,Female,40-44,Deaths,107.84448046587435,10
coronary_heart_disease,Female,40-44,YLD,1242.8788949358795,10
coronary_heart_disease,Female,40-44,YLL,5146.918961554368,10
coronary_heart_disease,Female,45-49,DALY,9870.397735099763,10
coronary_heart_disease,Female,45-49,Deaths,188.029778072115,10
coronary_heart_disease,Female,45-49,YLD,1856.9977234341518,10
coronary_heart_disease,Female,45-49,YLL,8013.40001166561,10
coronary_heart_disease,Female,50-54,DALY,12452.640976017621,10
coronary_heart_disease,Female,50-54,Deaths,268.69735938712114,10
coronary_heart_disease,Female,50-54,YLD,2233.416110596715,10
coronary_heart_disease,Female,50-54,YLL,10219.224865420905,10
coronary_heart_disease,Female,55-59,DALY,26127.13161602372,10
coronary_heart_disease,Female,55-59,Deaths,639.8572628795504,10
coronary_heart_disease,Female,55-59,YLD,4680.834983229109,10
coronary_heart_disease,Female,55-59,YLL,21446.296632794612,10
coronary_heart_disease,Female,60-64,DALY,50299.63538042571,10
coronary_heart_disease,Female,60-64,Deaths,1447.6644059762407,10
coronary_heart_disease,Female,60-64,YLD,8479.095602051377,10
coronary_heart_disease,Female,60-64,YLL,41820.539778374325,10
coronary_heart_disease,Female,65-69,DALY,52521.30103871027,10
coronary_heart_disease,Female,65-69,Deaths,1813.6971552605569,10
coronary_heart_disease,Female,65-69,YLD,8893.056622937718,10
coronary_heart_disease,Female,65-69,YLL,43628.24441577255,10
coronary_heart_disease,Female,70+,DALY,621100.1730358624,10
coronary_heart_disease,Female,70+,Deaths,49428.35643315162,10
coronary_heart_disease,Female,70+,YLD,49946.509721879345,10
coronary_heart_disease,Female,70+,YLL,571153.6633139831,10
coronary_heart_disease,Male,20-24,DALY,2055.059151231532,10
coronary_heart_disease,Male,20-24,Deaths,26.19130529451472,10
coronary_heart_disease,Male,20-24,YLD,282.13442686020903,10
coronary_heart_disease,Male,20-24,YLL,1772.9247243713228,10
coronary_heart_disease,Male,25-29,DALY,3647.592235359276,10
coronary_heart_disease,Male,25-29,Deaths,48.781774406085404,10
coronary_heart_disease,Male,25-29,YLD,604.3778366658404,10
coronary_heart_disease,Male,25-29,YLL,3043.214398693435,10
coronary_heart_disease,Male,30-34,DALY,7210.047557134498,10
coronary_heart_disease,Male,30-34,Deaths,106.95636752684334,10
coronary_heart_disease,Male,30-34,YLD,1071.5448732881807,10
coronary_heart_disease,Male,30-34,YLL,6138.502683846316,10
coronary_heart_disease,Male,35-39,DALY,19793.134130993323,10
coronary_heart_disease,Male,35-39,Deaths,336.5049467968301,10
coronary_heart_disease,Male,35-39,YLD,1992.2504738229861,10
coronary_heart_disease,Male,35-39,YLL,17800.88365717034,10
coronary_heart_disease,Male,40-44,DALY,32906.84580536335,10
coronary_heart_disease,Male,40-44,Deaths,633.7742288076049,10
coronary_heart_disease,Male,40-44,YLD,2650.357450987349,10
coronary_heart_disease,Male,40-44,YLL,30256.488354375997,10
coronary_heart_disease,Male,45-49,DALY,35752.12894449588,10
coronary_heart_disease,Male,45-49,Deaths,769.7239473043193,10
coronary_heart_disease,Male,45-49,YLD,2911.2237487050525,10
coronary_heart_disease,Male,45-49,YLL,32840.90519579082,10
coronary_heart_disease,Male,50-54,DALY,38433.343404101295,10
coronary_heart_disease,Male,50-54,Deaths,929.8050683737713,10
coronary_heart_disease,Male,50-54,YLD,3049.6586847887056,10
coronary_heart_disease,Male,50-54,YLL,35383.68471931259,10
coronary_heart_disease,Male,55-59,DALY,78817.66337922745,10
coronary_heart_disease,Male,55-59,Deaths,2183.215178337208,10
coronary_heart_disease,Male,55-59,YLD,5677.947434613479,10
coronary_heart_disease,Male,55-59,YLL,73139.71594461397,10
coronary_heart_disease,Male,60-64,DALY,131503.95625011116,10
coronary_heart_disease,Male,60-64,Deaths,4230.7500834022085,10
coronary_heart_disease,Male,60-64,YLD,9223.856671138989,10
coronary_heart_disease,Male,60-64,YLL,122280.09957897218,10
coronary_heart_disease,Male,65-69,DALY,121855.3064514042,10
coronary_heart_disease,Male,65-69,Deaths,4645.345800972824,10
coronary_heart_disease,Male,65-69,YLD,9737.460061966638,10
coronary_heart_disease,Male,65-69,YLL,112117.84638943757,10
coronary_heart_disease,Male,70+,DALY,687779.747455117,10
coronary_heart_disease,Male,70+,Deaths,50999.32801816179,10
coronary_heart_disease,Male,70+,YLD,39533.92501327672,10
coronary_heart_disease,Male,70+,YLL,648245.8224418403,10
dementia,Female,20-24,DALY,0.0,10
dementia,Female,20-24,YLD,0.0,10
dementia,Female,25-29,DALY,0.0,10
dementia,Female,25-29,YLD,0.0,10
dementia,Female,30-34,DALY,0.0,10
dementia,Female,30-34,YLD,0.0,10
dementia,Female,35-39,DALY,0.0,10
dementia,Female,35-39,YLD,0.0,10
dementia,Female,40-44,DALY,75.29512891664227,10
dementia,Female,40-44,Deaths,0.32603562766411665,10
dementia,Female,40-44,YLD,59.7325838583582,10
dementia,Female,40-44,YLL,15.562545058284062,10
dementia,Female,45-49,DALY,531.1107857973443,10
dementia,Female,45-49,Deaths,3.6244118210431706,10
dementia,Female,45-49,YLD,376.72510992739353,10
dementia,Female,45-49,YLL,154.3856758699509,10
dementia,Female,50-54,DALY,1256.846726236387,10
dementia,Female,50-54,Deaths,14.991674749095115,10
dementia,Female,50-54,YLD,686.860605707052,10
dementia,Female,50-54,YLL,569.9861205293349,10
dementia,Female,55-59,DALY,3694.4625454440798,10
dementia,Female,55-59,Deaths,60.81347845742552,10
dementia,Female,55-59,YLD,1653.818817424668,10
dementia,Female,55-59,YLL,2040.6437280194114,10
dementia,Female,60-64,DALY,9460.997640592526,10
dementia,Female,60-64,Deaths,190.5475539464683,10
dementia,Female,60-64,YLD,3953.224719237423,10
dementia,Female,60-64,YLL,5507.772921355105,10
dementia,Female,65-69,DALY,13532.157269087465,10
dementia,Female,65-69,Deaths,315.77389099600254,10
dementia,Female,65-69,YLD,5944.976283591115,10
dementia,Female,65-69,YLL,7587.180985496352,10
dementia,Female,70+,DALY,226962.58648094608,10
dementia,Female,70+,Deaths,13085.005471892406,10
dementia,Female,70+,YLD,84149.0656666808,10
dementia,Female,70+,YLL,142813.52081426527,10
dementia,Male,20-24,DALY,0.0,10
dementia,Male,20-24,YLD,0.0,10
dementia,Male,25-29,DALY,0.0,10
dementia,Male,25-29,YLD,0.0,10
dementia,Male,30-34,DALY,0.0,10
dementia,Male,30-34,YLD,0.0,10
dementia,Male,35-39,DALY,0.0,10
dementia,Male,35-39,YLD,0.0,10
dementia,Male,40-44,DALY,64.00301048408804,10
dementia,Male,40-44,Deaths,0.3600421801352864,10
dementia,Male,40-44,YLD,46.814795114667,10
dementia,Male,40-44,YLL,17.188215369421034,10
dementia,Male,45-49,DALY,398.0739882216038,10
dementia,Male,45-49,Deaths,3.105274839063844,10
dementia,Male,45-49,YLD,265.68488612644137,10
dementia,Male,45-49,YLL,132.3891020951624,10
dementia,Male,50-54,DALY,972.8728788689575,10
dementia,Male,50-54,Deaths,12.719366937636252,10
dementia,Male,50-54,YLD,488.9824456153509,10
dementia,Male,50-54,YLL,483.8904332536066,10
dementia,Male,55-59,DALY,2971.0368667882317,10
dementia,Male,55-59,Deaths,53.28171549435418,10
dementia,Male,55-59,YLD,1184.193142172478,10
dementia,Male,55-59,YLL,1786.843724615754,10
dementia,Male,60-64,DALY,7773.201485641732,10
dementia,Male,60-64,Deaths,168.33403432799574,10
dementia,Male,60-64,YLD,2904.0247041233115,10
dementia,Male,60-64,YLL,4869.17678151842,10
dementia,Male,65-69,DALY,11326.442524442715,10
dementia,Male,65-69,Deaths,282.5304056981786,10
dementia,Male,65-69,YLD,4514.359608440077,10
dementia,Male,65-69,YLL,6812.082916002639,10
dementia,Male,70+,DALY,130664.67564002857,10
dementia,Male,70+,Deaths,7855.12863585551,10
dementia,Male,70+,YLD,42771.78112011998,10
dementia,Male,70+,YLL,87892.89451990859,10
depression,Female,20-24,DALY,18662.070747189962,10
depression,Female,20-24,YLD,18662.070747189962,10
depression,Female,25-29,DALY,18456.193193602427,10
depression,Female,25-29,YLD,18456.193193602427,10
depression,Female,30-34,DALY,26349.540399198642,10
depression,Female,30-34,YLD,26349.540399198642,10
depression,Female,35-39,DALY,35949.86365986765,10
depression,Female,35-39,YLD,35949.86365986765,10
depression,Female,40-44,DALY,34880.41468830849,10
depression,Female,40-44,YLD,34880.41468830849,10
depression,Female,45-49,DALY,34061.3267482568,10
depression,Female,45-49,YLD,34061.3267482568,10
depression,Female,50-54,DALY,27425.524176091927,10
depression,Female,50-54,YLD,27425.524176091927,10
depression,Female,55-59,DALY,36721.18441900194,10
depression,Female,55-59,YLD,36721.18441900194,10
depression,Female,60-64,DALY,41633.950190530784,10
depression,Female,60-64,YLD,41633.950190530784,10
depression,Female,65-69,DALY,26989.870500265028,10
depression,Female,65-69,YLD,26989.870500265028,10
depression,Female,70+,DALY,73632.6969404576,10
depression,Female,70+,YLD,73632.6969404576,10
depression,Male,20-24,DALY,11540.73250212779,10
depression,Male,20-24,YLD,11540.73250212779,10
depression,Male,25-29,DALY,13385.901357959347,10
depression,Male,25-29,YLD,13385.901357959347,10
depression,Male,30-34,DALY,15304.95245368881,10
depression,Male,30-34,YLD,15304.95245368881,10
depression,Male,35-39,DALY,21775.483169378724,10
depression,Male,35-39,YLD,21775.483169378724,10
depression,Male,40-44,DALY,23358.381026270534,10
depression,Male,40-44,YLD,23358.381026270534,10
depression,Male,45-49,DALY,20083.22828188576,10
depression,Male,45-49,YLD,20083.22828188576,10
depression,Male,50-54,DALY,16680.476588728878,10
depression,Male,50-54,YLD,16680.476588728878,10
depression,Male,55-59,DALY,23476.8755517246,10
depression,Male,55-59,YLD,23476.8755517246,10
depression,Male,60-64,DALY,27495.686544723383,10
depression,Male,60-64,YLD,27495.686544723383,10
depression,Male,65-69,DALY,19989.82301808043,10
depression,Male,65-69,YLD,19989.82301808043,10
depression,Male,70+,DALY,43904.82349743806,10
depression,Male,70+,YLD,43904.82349743806,10
endometrial_cancer,Female,20-24,DALY,11.52954099254442,10
endometrial_cancer,Female,20-24,Deaths,0.15842364413109825,10
endometrial_cancer,Female,20-24,YLD,0.7983198302212494,10
endometrial_cancer,Female,20-24,YLL,10.731221162323171,10
endometrial_cancer,Female,25-29,DALY,16.105611085138772,10
endometrial_cancer,Female,25-29,Deaths,0.23507214367842436,10
endometrial_cancer,Female,25-29,YLD,1.4331887661958493,10
endometrial_cancer,Female,25-29,YLL,14.672422318942923,10
endometrial_cancer,Female,30-34,DALY,40.14463658301059,10
endometrial_cancer,Female,30-34,Deaths,0.6242650249941839,10
endometrial_cancer,Female,30-34,YLD,4.312723340416133,10
endometrial_cancer,Female,30-34,YLL,35.83191324259445,10
endometrial_cancer,Female,35-39,DALY,99.30994393889976,10
endometrial_cancer,Female,35-39,Deaths,1.629039440086701,10
endometrial_cancer,Female,35-39,YLD,13.071629641741225,10
endometrial_cancer,Female,35-39,YLL,86.23831429715854,10
endometrial_cancer,Female,40-44,DALY,189.78542060631116,10
endometrial_cancer,Female,40-44,Deaths,3.4425059640960574,10
endometrial_cancer,Female,40-44,YLD,25.485701164499293,10
endometrial_cancer,Female,40-44,YLL,164.29971944181187,10
endometrial_cancer,Female,45-49,DALY,303.0744572007484,10
endometrial_cancer,Female,45-49,Deaths,6.139760128954405,10
endometrial_cancer,Female,45-49,YLD,41.54483099938996,10
endometrial_cancer,Female,45-49,YLL,261.5296262013584,10
endometrial_cancer,Female,50-54,DALY,344.9507019978557,10
endometrial_cancer,Female,50-54,Deaths,7.677813454016318,10
endometrial_cancer,Female,50-54,YLD,52.93758244610889,10
endometrial_cancer,Female,50-54,YLL,292.0131195517468,10
endometrial_cancer,Female,55-59,DALY,569.2372993251157,10
endometrial_cancer,Female,55-59,Deaths,14.4972185164869,10
endometrial_cancer,Female,55-59,YLD,82.91191873192562,10
endometrial_cancer,Female,55-59,YLL,486.32538059319006,10
endometrial_cancer,Female,60-64,DALY,717.1547757172223,10
endometrial_cancer,Female,60-64,Deaths,21.701103694399063,10
endometrial_cancer,Female,60-64,YLD,89.90242281619658,10
endometrial_cancer,Female,60-64,YLL,627.2523529010256,10
endometrial_cancer,Female,65-69,DALY,477.41595401317306,10
endometrial_cancer,Female,65-69,Deaths,17.54764644333813,10
endometrial_cancer,Female,65-69,YLD,55.52369442542879,10
endometrial_cancer,Female,65-69,YLL,421.8922595877443,10
endometrial_cancer,Female,70+,DALY,1254.1490216510351,10
endometrial_cancer,Female,70+,Deaths,73.2534123011233,10
endometrial_cancer,Female,70+,YLD,128.62018841910046,10
endometrial_cancer,Female,70+,YLL,1125.5288332319346,10
gastric_cancer,Female,20-24,DALY,128.9172421277476,10
gastric_cancer,Female,20-24,Deaths,1.859773365761106,10
gastric_cancer,Female,20-24,YLD,2.928491627408161,10
gastric_cancer,Female,20-24,YLL,125.98875050033945,10
gastric_cancer,Female,25-29,DALY,247.3449947499527,10
gastric_cancer,Female,25-29,Deaths,3.899416091016324,10
gastric_cancer,Female,25-29,YLD,4.039698422743665,10
gastric_cancer,Female,25-29,YLL,243.30529632720902,10
gastric_cancer,Female,30-34,DALY,557.8250050868129,10
gastric_cancer,Female,30-34,Deaths,9.560457832543934,10
gastric_cancer,Female,30-34,YLD,9.113669623087363,10
gastric_cancer,Female,30-34,YLL,548.7113354637255,10
gastric_cancer,Female,35-39,DALY,1204.1695677693015,10
gastric_cancer,Female,35-39,Deaths,22.38911441621686,10
gastric_cancer,Female,35-39,YLD,18.67674970181995,10
gastric_cancer,Female,35-39,YLL,1185.4928180674817,10
gastric_cancer,Female,40-44,DALY,1743.1154755137377,10
gastric_cancer,Female,40-44,Deaths,35.89731061348519,10
gastric_cancer,Female,40-44,YLD,29.86990048028772,10
gastric_cancer,Female,40-44,YLL,1713.24557503345,10
gastric_cancer,Female,45-49,DALY,2605.6657782454013,10
gastric_cancer,Female,45-49,Deaths,60.06689518095479,10
gastric_cancer,Female,45-49,YLD,47.11679091985796,10
gastric_cancer,Female,45-49,YLL,2558.548987325543,10
gastric_cancer,Female,50-54,DALY,2938.3339135986002,10
gastric_cancer,Female,50-54,Deaths,75.87920681856743,10
gastric_cancer,Female,50-54,YLD,53.67365922532171,10
gastric_cancer,Female,50-54,YLL,2884.660254373279,10
gastric_cancer,Female,55-59,DALY,5184.488263824374,10
gastric_cancer,Female,55-59,Deaths,151.70789548400484,10
gastric_cancer,Female,55-59,YLD,94.06134739762904,10
gastric_cancer,Female,55-59,YLL,5090.426916426745,10
gastric_cancer,Female,60-64,DALY,8362.890413606834,10
gastric_cancer,Female,60-64,Deaths,283.09132886144164,10
gastric_cancer,Female,60-64,YLD,176.91991819398112,10
gastric_cancer,Female,60-64,YLL,8185.970495412853,10
gastric_cancer,Female,65-69,DALY,7423.592585912239,10
gastric_cancer,Female,65-69,Deaths,302.3346329333077,10
gastric_cancer,Female,65-69,YLD,160.37646500874482,10
gastric_cancer,Female,65-69,YLL,7263.216120903495,10
gastric_cancer,Female,70+,DALY,38959.66475675686,10
gastric_cancer,Female,70+,Deaths,2724.1230200484797,10
gastric_cancer,Female,70+,YLD,914.3834839270571,10
gastric_cancer,Female,70+,YLL,38045.2812728298,10
gastric_cancer,Male,20-24,DALY,157.60826605224827,10
gastric_cancer,Male,20-24,Deaths,2.2610195644680773,10
gastric_cancer,Male,20-24,YLD,4.609247926022775,10
gastric_cancer,Male,20-24,YLL,152.9990181262255,10
gastric_cancer,Male,25-29,DALY,355.3746249626826,10
gastric_cancer,Male,25-29,Deaths,5.580038975862588,10
gastric_cancer,Male,25-29,YLD,7.380191777006725,10
gastric_cancer,Male,25-29,YLL,347.9944331856759,10
gastric_cancer,Male,30-34,DALY,835.1741426548075,10
gastric_cancer,Male,30-34,Deaths,14.236149797541687,10
gastric_cancer,Male,30-34,YLD,17.848451566102767,10
gastric_cancer,Male,30-34,YLL,817.3256910887046,10
gastric_cancer,Male,35-39,DALY,2439.2133741472826,10
gastric_cancer,Male,35-39,Deaths,45.28783032303407,10
gastric_cancer,Male,35-39,YLD,42.49766680749047,10
gastric_cancer,Male,35-39,YLL,2396.715707339792,10
gastric_cancer,Male,40-44,DALY,5353.453288565217,10
gastric_cancer,Male,40-44,Deaths,109.95343086465283,10
gastric_cancer,Male,40-44,YLD,104.81437337487094,10
gastric_cancer,Male,40-44,YLL,5248.638915190346,10
gastric_cancer,Male,45-49,DALY,8236.704165347355,10
gastric_cancer,Male,45-49,Deaths,189.3793971791937,10
gastric_cancer,Male,45-49,YLD,163.16013971408614,10
gastric_cancer,Male,45-49,YLL,8073.5440256332695,10
gastric_cancer,Male,50-54,DALY,9890.8659017076,10
gastric_cancer,Male,50-54,Deaths,254.7158796217222,10
gastric_cancer,Male,50-54,YLD,200.20996123743657,10
gastric_cancer,Male,50-54,YLL,9690.655940470164,10
gastric_cancer,Male,55-59,DALY,21371.092309827243,10
gastric_cancer,Male,55-59,Deaths,624.442270897516,10
gastric_cancer,Male,55-59,YLD,430.4975595937936,10
gastric_cancer,Male,55-59,YLL,20940.59475023345,10
gastric_cancer,Male,60-64,DALY,36710.67622847825,10
gastric_cancer,Male,60-64,Deaths,1240.5604689293634,10
gastric_cancer,Male,60-64,YLD,822.3855028479094,10
gastric_cancer,Male,60-64,YLL,35888.290725630344,10
gastric_cancer,Male,65-69,DALY,33440.73610923029,10
gastric_cancer,Male,65-69,Deaths,1354.1773340006782,10
gastric_cancer,Male,65-69,YLD,792.8561419810202,10
gastric_cancer,Male,65-69,YLL,32647.879967249268,10
gastric_cancer,Male,70+,DALY,96385.81072571449,10
gastric_cancer,Male,70+,Deaths,6100.986921794101,10
gastric_cancer,Male,70+,YLD,2443.956764308471,10
gastric_cancer,Male,70+,YLL,93941.85396140603,10
oesophageal_cancer,Female,20-24,DALY,17.395416249270305,10
oesophageal_cancer,Female,20-24,Deaths,0.2492711909005877,10
oesophageal_cancer,Female,20-24,YLD,0.5096194765645908,10
oesophageal_cancer,Female,20-24,YLL,16.885796772705714,10
oesophageal_cancer,Female,25-29,DALY,16.653648211251927,10
oesophageal_cancer,Female,25-29,Deaths,0.2585525929221766,10
oesophageal_cancer,Female,25-29,YLD,0.5289720304428249,10
oesophageal_cancer,Female,25-29,YLL,16.1246761808091,10
oesophageal_cancer,Female,30-34,DALY,36.648373018153464,10
oesophageal_cancer,Female,30-34,Deaths,0.6156097705498875,10
oesophageal_cancer,Female,30-34,YLD,1.316766304443243,10
oesophageal_cancer,Female,30-34,YLL,35.33160671371022,10
oesophageal_cancer,Female,35-39,DALY,84.20058792214678,10
oesophageal_cancer,Female,35-39,Deaths,1.5476926847651358,10
oesophageal_cancer,Female,35-39,YLD,2.2046621451633808,10
oesophageal_cancer,Female,35-39,YLL,81.9959257769834,10
oesophageal_cancer,Female,40-44,DALY,194.83866027316824,10
oesophageal_cancer,Female,40-44,Deaths,3.9962301606330604,10
oesophageal_cancer,Female,40-44,YLD,4.090607850967606,10
oesophageal_cancer,Female,40-44,YLL,190.74805242220063,10
oesophageal_cancer,Female,45-49,DALY,438.96656945469414,10
oesophageal_cancer,Female,45-49,Deaths,10.1351371836047,10
oesophageal_cancer,Female,45-49,YLD,7.544716287133106,10
oesophageal_cancer,Female,45-49,YLL,431.42185316756104,10
oesophageal_cancer,Female,50-54,DALY,687.6672464379712,10
oesophageal_cancer,Female,50-54,Deaths,17.811724115388408,10
oesophageal_cancer,Female,50-54,YLD,10.365897081640622,10
oesophageal_cancer,Female,50-54,YLL,677.3013493563308,10
oesophageal_cancer,Female,55-59,DALY,1584.6223072936848,10
oesophageal_cancer,Female,55-59,Deaths,46.505791683338295,10
oesophageal_cancer,Female,55-59,YLD,23.12520798286057,10
oesophageal_cancer,Female,55-59,YLL,1561.4970993108243,10
oesophageal_cancer,Female,60-64,DALY,3157.053715858977,10
oesophageal_cancer,Female,60-64,Deaths,107.38613870563651,10
oesophageal_cancer,Female,60-64,YLD,50.52025710861229,10
oesophageal_cancer,Female,60-64,YLL,3106.533458750365,10
oesophageal_cancer,Female,65-69,DALY,3655.907502520284,10
oesophageal_cancer,Female,65-69,Deaths,149.80954606012148,10
oesophageal_cancer,Female,65-69,YLD,60.46773227400793,10
oesophageal_cancer,Female,65-69,YLL,3595.4397702462766,10
oesophageal_cancer,Female,70+,DALY,26115.301856150443,10
oesophageal_cancer,Female,70+,Deaths,1829.1778043874408,10
oesophageal_cancer,Female,70+,YLD,450.01166981624044,10
oesophageal_cancer,Female,70+,YLL,25665.2901863342,10
oesophageal_cancer,Male,20-24,DALY,64.98323009983099,10
oesophageal_cancer,Male,20-24,Deaths,0.9393510648528152,10
oesophageal_cancer,Male,20-24,YLD,1.4250789675900586,10
oesophageal_cancer,Male,20-24,YLL,63.55815113224093,10
oesophageal_cancer,Male,25-29,DALY,91.38240708879381,10
oesophageal_cancer,Male,25-29,Deaths,1.4324759553969233,10
oesophageal_cancer,Male,25-29,YLD,2.0664437859542817,10
oesophageal_cancer,Male,25-29,YLL,89.31596330283953,10
oesophageal_cancer,Male,30-34,DALY,251.8298251065386,10
oesophageal_cancer,Male,30-34,Deaths,4.250904829281819,10
oesophageal_cancer,Male,30-34,YLD,7.788909921808385,10
oesophageal_cancer,Male,30-34,YLL,244.0409151847302,10
oesophageal_cancer,Male,35-39,DALY,858.1548828419875,10
oesophageal_cancer,Male,35-39,Deaths,15.996473302610427,10
oesophageal_cancer,Male,35-39,YLD,11.389865793989307,10
oesophageal_cancer,Male,35-39,YLL,846.7650170479983,10
oesophageal_cancer,Male,40-44,DALY,2526.385950688634,10
oesophageal_cancer,Male,40-44,Deaths,52.33196107122754,10
oesophageal_cancer,Male,40-44,YLD,28.241550508935706,10
oesophageal_cancer,Male,40-44,YLL,2498.144400179698,10
oesophageal_cancer,Male,45-49,DALY,4929.29453454681,10
oesophageal_cancer,Male,45-49,Deaths,114.44474585245916,10
oesophageal_cancer,Male,45-49,YLD,51.47284309565456,10
oesophageal_cancer,Male,45-49,YLL,4877.821691451156,10
oesophageal_cancer,Male,50-54,DALY,7907.899095402625,10
oesophageal_cancer,Male,50-54,Deaths,205.5452269712203,10
oesophageal_cancer,Male,50-54,YLD,85.51571752217372,10
oesophageal_cancer,Male,50-54,YLL,7822.383377880451,10
oesophageal_cancer,Male,55-59,DALY,18127.035442826334,10
oesophageal_cancer,Male,55-59,Deaths,534.4650739910733,10
oesophageal_cancer,Male,55-59,YLD,198.77012082377763,10
oesophageal_cancer,Male,55-59,YLL,17928.265322002557,10
oesophageal_cancer,Male,60-64,DALY,30663.104561478696,10
oesophageal_cancer,Male,60-64,Deaths,1047.3690467232561,10
oesophageal_cancer,Male,60-64,YLD,360.0065942476507,10
oesophageal_cancer,Male,60-64,YLL,30303.097967231046,10
oesophageal_cancer,Male,65-69,DALY,27596.926165230216,10
oesophageal_cancer,Male,65-69,Deaths,1131.2173966895007,10
oesophageal_cancer,Male,65-69,YLD,344.766723353325,10
oesophageal_cancer,Male,65-69,YLL,27252.159441876895,10
oesophageal_cancer,Male,70+,DALY,80349.9383826783,10
oesophageal_cancer,Male,70+,Deaths,5125.441938422281,10
oesophageal_cancer,Male,70+,YLD,1154.2805150019926,10
oesophageal_cancer,Male,70+,YLL,79195.65786767632,10
renal_cancer,Female,20-24,DALY,49.115193634600516,10
renal_cancer,Female,20-24,Deaths,0.6676960302396919,10
renal_cancer,Female,20-24,YLD,3.8901800030561513,10
renal_cancer,Female,20-24,YLL,45.225013631544364,10
renal_cancer,Female,25-29,DALY,52.417499862786414,10
renal_cancer,Female,25-29,Deaths,0.7548365248715511,10
renal_cancer,Female,25-29,YLD,5.316018623649348,10
renal_cancer,Female,25-29,YLL,47.10148123913707,10
renal_cancer,Female,30-34,DALY,82.78258416696544,10
renal_cancer,Female,30-34,Deaths,1.3000902855149417,10
renal_cancer,Female,30-34,YLD,8.180228935142912,10
renal_cancer,Female,30-34,YLL,74.60235523182251,10
renal_cancer,Female,35-39,DALY,118.60209438817874,10
renal_cancer,Female,35-39,Deaths,1.9988738329549571,10
renal_cancer,Female,35-39,YLD,12.805371632009349,10
renal_cancer,Female,35-39,YLL,105.79672275616939,10
renal_cancer,Female,40-44,DALY,155.78680172953756,10
renal_cancer,Female,40-44,Deaths,2.9744855753434694,10
renal_cancer,Female,40-44,YLD,13.81478873410608,10
renal_cancer,Female,40-44,YLL,141.97201299543147,10
renal_cancer,Female,45-49,DALY,242.0796076730631,10
renal_cancer,Female,45-49,Deaths,5.252292774613359,10
renal_cancer,Female,45-49,YLD,18.240226972351312,10
renal_cancer,Female,45-49,YLL,223.8393807007118,10
renal_cancer,Female,50-54,DALY,276.5192403705069,10
renal_cancer,Female,50-54,Deaths,6.783157497656107,10
renal_cancer,Female,50-54,YLD,18.540068630762608,10
renal_cancer,Female,50-54,YLL,257.9791717397443,10
renal_cancer,Female,55-59,DALY,499.7110723968464,10
renal_cancer,Female,55-59,Deaths,14.045224574079905,10
renal_cancer,Female,55-59,YLD,28.866991029697378,10
renal_cancer,Female,55-59,YLL,470.844081367149,10
renal_cancer,Female,60-64,DALY,1116.6600386728696,10
renal_cancer,Female,60-64,Deaths,36.271114121396195,10
renal_cancer,Female,60-64,YLD,69.28753744831049,10
renal_cancer,Female,60-64,YLL,1047.372501224559,10
renal_cancer,Female,65-69,DALY,1057.173141094401,10
renal_cancer,Female,65-69,Deaths,41.304527745559,10
renal_cancer,Female,65-69,YLD,63.7383066468699,10
renal_cancer,Female,65-69,YLL,993.4348344475311,10
renal_cancer,Female,70+,DALY,3431.553486347942,10
renal_cancer,Female,70+,Deaths,220.80754243078118,10
renal_cancer,Female,70+,YLD,167.8092938372074,10
renal_cancer,Female,70+,YLL,3263.744192510735,10
renal_cancer,Male,20-24,DALY,75.63276720589822,10
renal_cancer,Male,20-24,Deaths,1.0509745653530789,10
renal_cancer,Male,20-24,YLD,4.517826435958961,10
renal_cancer,Male,20-24,YLL,71.11494076993927,10
renal_cancer,Male,25-29,DALY,125.51552746288259,10
renal_cancer,Male,25-29,Deaths,1.860125665176215,10
renal_cancer,Male,25-29,YLD,9.496185271383773,10
renal_cancer,Male,25-29,YLL,116.01934219149882,10
renal_cancer,Male,30-34,DALY,209.54621426684227,10
renal_cancer,Male,30-34,Deaths,3.3785420288752244,10
renal_cancer,Male,30-34,YLD,15.629545385084665,10
renal_cancer,Male,30-34,YLL,193.91666888175763,10
renal_cancer,Male,35-39,DALY,469.6181398550168,10
renal_cancer,Male,35-39,Deaths,8.182815522392163,10
renal_cancer,Male,35-39,YLD,36.691950932222504,10
renal_cancer,Male,35-39,YLL,432.9261889227943,10
renal_cancer,Male,40-44,DALY,718.6528068321797,10
renal_cancer,Male,40-44,Deaths,14.087741563757337,10
renal_cancer,Male,40-44,YLD,46.12192847487287,10
renal_cancer,Male,40-44,YLL,672.5308783573068,10
renal_cancer,Male,45-49,DALY,908.9087366142693,10
renal_cancer,Male,45-49,Deaths,20.158033367114438,10
renal_cancer,Male,45-49,YLD,49.14283237351971,10
renal_cancer,Male,45-49,YLL,859.7659042407495,10
renal_cancer,Male,50-54,DALY,1067.9950487604642,10
renal_cancer,Male,50-54,Deaths,26.66205700991805,10
renal_cancer,Male,50-54,YLD,53.481756282798,10
renal_cancer,Male,50-54,YLL,1014.5132924776663,10
renal_cancer,Male,55-59,DALY,1790.9833690578128,10
renal_cancer,Male,55-59,Deaths,50.9861183668315,10
renal_cancer,Male,55-59,YLD,82.21978031927787,10
renal_cancer,Male,55-59,YLL,1708.763588738535,10
renal_cancer,Male,60-64,DALY,2515.948042918576,10
renal_cancer,Male,60-64,Deaths,82.50993116103758,10
renal_cancer,Male,60-64,YLD,130.81921064645996,10
renal_cancer,Male,60-64,YLL,2385.128832272116,10
renal_cancer,Male,65-69,DALY,2277.9090809382246,10
renal_cancer,Male,65-69,Deaths,89.2937599707297,10
renal_cancer,Male,65-69,YLD,123.15822963554207,10
renal_cancer,Male,65-69,YLL,2154.7508513026823,10
renal_cancer,Male,70+,DALY,6373.593917112163,10
renal_cancer,Male,70+,Deaths,406.3411486558324,10
renal_cancer,Male,70+,YLD,309.25487476479225,10
renal_cancer,Male,70+,YLL,6064.33904234737,10
stroke,Female,20-24,DALY,1054.9729540625165,10
stroke,Female,20-24,Deaths,5.496614025567509,10
stroke,Female,20-24,YLD,682.6295020391343,10
stroke,Female,20-24,YLL,372.34345202338216,10
stroke,Female,25-29,DALY,1245.1113401430405,10
stroke,Female,25-29,Deaths,6.580216584697497,10
stroke,Female,25-29,YLD,834.3066868832084,10
stroke,Female,25-29,YLL,410.8046532598322,10
stroke,Female,30-34,DALY,2463.475836747858,10
stroke,Female,30-34,Deaths,16.34318349492276,10
stroke,Female,30-34,YLD,1525.3786933634315,10
stroke,Female,30-34,YLL,938.0971433844265,10
stroke,Female,35-39,DALY,4882.859893914234,10
stroke,Female,35-39,Deaths,44.35642068372661,10
stroke,Female,35-39,YLD,2535.211822001757,10
stroke,Female,35-39,YLL,2347.6480719124766,10
stroke,Female,40-44,DALY,7745.032073996114,10
stroke,Female,40-44,Deaths,97.23877096589395,10
stroke,Female,40-44,YLD,3104.6634253019106,10
stroke,Female,40-44,YLL,4640.368648694203,10
stroke,Female,45-49,DALY,12215.394817716384,10
stroke,Female,45-49,Deaths,192.8988179023093,10
stroke,Female,45-49,YLD,3995.5660102173183,10
stroke,Female,45-49,YLL,8219.828807499065,10
stroke,Female,50-54,DALY,16121.616839052811,10
stroke,Female,50-54,Deaths,309.158047080641,10
stroke,Female,50-54,YLD,4363.110498325219,10
stroke,Female,50-54,YLL,11758.50634072759,10
stroke,Female,55-59,DALY,32529.783242605117,10
stroke,Female,55-59,Deaths,714.3025958678692,10
stroke,Female,55-59,YLD,8578.640378945185,10
stroke,Female,55-59,YLL,23951.142863659934,10
stroke,Female,60-64,DALY,54801.59866730575,10
stroke,Female,60-64,Deaths,1396.0371515179859,10
stroke,Female,60-64,YLD,14448.864668532746,10
stroke,Female,60-64,YLL,40352.733998773,10
stroke,Female,65-69,DALY,55697.326182194905,10
stroke,Female,65-69,Deaths,1739.0661849687833,10
stroke,Female,65-69,YLD,13883.695454611638,10
stroke,Female,65-69,YLL,41813.630727583266,10
stroke,Female,70+,DALY,483257.0259795038,10
stroke,Female,70+,Deaths,32789.08248435948,10
stroke,Female,70+,YLD,71691.76570477158,10
stroke,Female,70+,YLL,411565.26027473225,10
stroke,Male,20-24,DALY,1558.7264984813398,10
stroke,Male,20-24,Deaths,15.272714728260395,10
stroke,Male,20-24,YLD,525.1538619732999,10
stroke,Male,20-24,YLL,1033.5726365080402,10
stroke,Male,25-29,DALY,2667.588717548732,10
stroke,Male,25-29,Deaths,29.74245200390405,10
stroke,Male,25-29,YLD,811.8015917077353,10
stroke,Male,25-29,YLL,1855.7871258409966,10
stroke,Male,30-34,DALY,5067.12300866873,10
stroke,Male,30-34,Deaths,66.1869334057948,10
stroke,Male,30-34,YLD,1267.8034118166522,10
stroke,Male,30-34,YLL,3799.319596852078,10
stroke,Male,35-39,DALY,14963.811537925167,10
stroke,Male,35-39,Deaths,237.05754674354122,10
stroke,Male,35-39,YLD,2422.410296582279,10
stroke,Male,35-39,YLL,12541.401241342888,10
stroke,Male,40-44,DALY,27026.38151134935,10
stroke,Male,40-44,Deaths,493.78385115193146,10
stroke,Male,40-44,YLD,3458.2888756346783,10
stroke,Male,40-44,YLL,23568.09263571467,10
stroke,Male,45-49,DALY,32276.981919694877,10
stroke,Male,45-49,Deaths,660.4382327945807,10
stroke,Male,45-49,YLD,4106.837422177719,10
stroke,Male,45-49,YLL,28170.144497517158,10
stroke,Male,50-54,DALY,38136.43360640267,10
stroke,Male,50-54,Deaths,875.8068193943286,10
stroke,Male,50-54,YLD,4802.891562931959,10
stroke,Male,50-54,YLL,33333.54204347071,10
stroke,Male,55-59,DALY,80795.88390401434,10
stroke,Male,55-59,Deaths,2102.113365165187,10
stroke,Male,55-59,YLD,10344.19043558813,10
stroke,Male,55-59,YLL,70451.69346842621,10
stroke,Male,60-64,DALY,139171.52508998985,10
stroke,Male,60-64,Deaths,4169.9750173450075,10
stroke,Male,60-64,YLD,18587.474027177403,10
stroke,Male,60-64,YLL,120584.05106281246,10
stroke,Male,65-69,DALY,137986.88324753012,10
stroke,Male,65-69,Deaths,4863.987620398991,10
stroke,Male,65-69,YLD,20630.76751597201,10
stroke,Male,65-69,YLL,117356.11573155811,10
stroke,Male,70+,DALY,699585.107480911,10
stroke,Male,70+,Deaths,45399.16760188439,10
stroke,Male,70+,YLD,81045.83129760895,10
stroke,Male,70+,YLL,618539.276183302,10
type2_diabetes,Female,20-24,DALY,1510.8043154679963,10
type2_diabetes,Female,20-24,Deaths,1.2057402895997313,10
type2_diabetes,Female,20-24,YLD,1429.1353704110015,10
type2_diabetes,Female,20-24,YLL,81.66894505699469,10
type2_diabetes,Female,25-29,DALY,2186.5062315984064,10
type2_diabetes,Female,25-29,Deaths,1.3997633245407402,10
type2_diabetes,Female,25-29,YLD,2099.132181025432,10
type2_diabetes,Female,25-29,YLL,87.37405057297454,10
type2_diabetes,Female,30-34,DALY,3747.2257376966045,10
type2_diabetes,Female,30-34,Deaths,3.014655438752454,10
type2_diabetes,Female,30-34,YLD,3574.1922352332376,10
type2_diabetes,Female,30-34,YLL,173.0335024633674,10
type2_diabetes,Female,35-39,DALY,6164.4517317782675,10
type2_diabetes,Female,35-39,Deaths,6.762619353363618,10
type2_diabetes,Female,35-39,YLD,5806.568349874085,10
type2_diabetes,Female,35-39,YLL,357.88338190418256,10
type2_diabetes,Female,40-44,DALY,7685.326924671123,10
type2_diabetes,Female,40-44,Deaths,13.527467624850843,10
type2_diabetes,Female,40-44,YLD,7039.6717913556595,10
type2_diabetes,Female,40-44,YLL,645.6551333154642,10
type2_diabetes,Female,45-49,DALY,10654.916378631806,10
type2_diabetes,Female,45-49,Deaths,31.523702027347454,10
type2_diabetes,Female,45-49,YLD,9311.456885002633,10
type2_diabetes,Female,45-49,YLL,1343.4594936291724,10
type2_diabetes,Female,50-54,DALY,12173.819532072006,10
type2_diabetes,Female,50-54,Deaths,53.134231924308686,10
type2_diabetes,Female,50-54,YLD,10152.738718650739,10
type2_diabetes,Female,50-54,YLL,2021.0808134212682,10
type2_diabetes,Female,55-59,DALY,22796.55680398647,10
type2_diabetes,Female,55-59,Deaths,140.40354671424228,10
type2_diabetes,Female,55-59,YLD,18087.339802424594,10
type2_diabetes,Female,55-59,YLL,4709.217001561877,10
type2_diabetes,Female,60-64,DALY,35345.91403899566,10
type2_diabetes,Female,60-64,Deaths,316.10372638674266,10
type2_diabetes,Female,60-64,YLD,26207.518643978306,10
type2_diabetes,Female,60-64,YLL,9138.395395017355,10
type2_diabetes,Female,65-69,DALY,28831.54277604955,10
type2_diabetes,Female,65-69,Deaths,380.28695653539785,10
type2_diabetes,Female,65-69,YLD,19690.027156640586,10
type2_diabetes,Female,65-69,YLL,9141.515619408967,10
type2_diabetes,Female,70+,DALY,97432.07427243545,10
type2_diabetes,Female,70+,Deaths,3222.2754043689706,10
type2_diabetes,Female,70+,YLD,51463.18829637209,10
type2_diabetes,Female,70+,YLL,45968.88597606334,10
type2_diabetes,Male,20-24,DALY,2143.8351239014,10
type2_diabetes,Male,20-24,Deaths,1.490035981903679,10
type2_diabetes,Male,20-24,YLD,2043.0212746589025,10
type2_diabetes,Male,20-24,YLL,100.81384924249771,10
type2_diabetes,Male,25-29,DALY,3827.2612041951415,10
type2_diabetes,Male,25-29,Deaths,2.6501311181753113,10
type2_diabetes,Male,25-29,YLD,3661.9052591908903,10
type2_diabetes,Male,25-29,YLL,165.35594500425123,10
type2_diabetes,Male,30-34,DALY,5486.26629703417,10
type2_diabetes,Male,30-34,Deaths,6.671242292477245,10
type2_diabetes,Male,30-34,YLD,5103.191656679971,10
type2_diabetes,Male,30-34,YLL,383.0746403541991,10
type2_diabetes,Male,35-39,DALY,9857.49610580214,10
type2_diabetes,Male,35-39,Deaths,18.24236463866736,10
type2_diabetes,Male,35-39,YLD,8892.55890882562,10
type2_diabetes,Male,35-39,YLL,964.9371969765203,10
type2_diabetes,Male,40-44,DALY,13605.459621597309,10
type2_diabetes,Male,40-44,Deaths,40.766987908387485,10
type2_diabetes,Male,40-44,YLD,11659.519331019754,10
type2_diabetes,Male,40-44,YLL,1945.9402905775564,10
type2_diabetes,Male,45-49,DALY,14984.555082317762,10
type2_diabetes,Male,45-49,Deaths,67.5667449275416,10
type2_diabetes,Male,45-49,YLD,12102.284858834648,10
type2_diabetes,Male,45-49,YLL,2882.270223483113,10
type2_diabetes,Male,50-54,DALY,15566.759378793568,10
type2_diabetes,Male,50-54,Deaths,97.33891483954469,10
type2_diabetes,Male,50-54,YLD,11861.747649061812,10
type2_diabetes,Male,50-54,YLL,3705.0117297317547,10
type2_diabetes,Male,55-59,DALY,28011.848376503993,10
type2_diabetes,Male,55-59,Deaths,253.31599437100596,10
type2_diabetes,Male,55-59,YLD,19521.035481745894,10
type2_diabetes,Male,55-59,YLL,8490.812894758099,10
type2_diabetes,Male,60-64,DALY,38857.2704881011,10
type2_diabetes,Male,60-64,Deaths,435.71341692470554,10
type2_diabetes,Male,60-64,YLD,26254.508005226187,10
type2_diabetes,Male,60-64,YLL,12602.762482874918,10
type2_diabetes,Male,65-69,DALY,33059.758963830805,10
type2_diabetes,Male,65-69,Deaths,490.23048784199756,10
type2_diabetes,Male,65-69,YLD,21232.36445933245,10
type2_diabetes,Male,65-69,YLL,11827.394504498356,10
type2_diabetes,Male,70+,DALY,96014.22917959829,10
type2_diabetes,Male,70+,Deaths,3566.8617850137834,10
type2_diabetes,Male,70+,YLD,45312.44247339021,10
type2_diabetes,Male,70+,YLL,50701.78670620807,10
bladder_cancer,Female,20-24,DALY,10.001721760964786,26
bladder_cancer,Female,20-24,Deaths,0.12360156915640724,26
bladder_cancer,Female,20-24,YLD,1.624312754288142,26
bladder_cancer,Female,20-24,YLL,8.377409006676643,26
bladder_cancer,Female,25-29,DALY,15.54570851387315,26
bladder_cancer,Female,25-29,Deaths,0.213797117983633,26
bladder_cancer,Female,25-29,YLD,2.2145808522973365,26
bladder_cancer,Female,25-29,YLL,13.331127661575813,26
bladder_cancer,Female,30-34,DALY,33.909603757304446,26
bladder_cancer,Female,30-34,Deaths,0.5051030851939179,26
bladder_cancer,Female,30-34,YLD,4.944023513582027,26
bladder_cancer,Female,30-34,YLL,28.96558024372242,26
bladder_cancer,Female,35-39,DALY,70.78751440576167,26
bladder_cancer,Female,35-39,Deaths,1.1696448409340379,26
bladder_cancer,Female,35-39,YLD,8.814211415416924,26
bladder_cancer,Female,35-39,YLL,61.97330299034474,26
bladder_cancer,Female,40-44,DALY,100.83320487399936,26
bladder_cancer,Female,40-44,Deaths,1.9143162437986043,26
bladder_cancer,Female,40-44,YLD,9.475236538996219,26
bladder_cancer,Female,40-44,YLL,91.35796833500315,26
bladder_cancer,Female,45-49,DALY,206.65276666207097,26
bladder_cancer,Female,45-49,Deaths,4.444062613789739,26
bladder_cancer,Female,45-49,YLD,17.528437460178175,26
bladder_cancer,Female,45-49,YLL,189.1243292018928,26
bladder_cancer,Female,50-54,DALY,269.1335147737339,26
bladder_cancer,Female,50-54,Deaths,6.44663206565906,26
bladder_cancer,Female,50-54,YLD,24.163796401988662,26
bladder_cancer,Female,50-54,YLL,244.96971837174524,26
bladder_cancer,Female,55-59,DALY,603.7511621706624,26
bladder_cancer,Female,55-59,Deaths,16.53969015089983,26
bladder_cancer,Female,55-59,YLD,48.82222589191915,26
bladder_cancer,Female,55-59,YLL,554.9289362787432,26
bladder_cancer,Female,60-64,DALY,942.9584656306378,26
bladder_cancer,Female,60-64,Deaths,29.989646304065346,26
bladder_cancer,Female,60-64,YLD,77.39455990695345,26
bladder_cancer,Female,60-64,YLL,865.5639057236843,26
bladder_cancer,Female,65-69,DALY,1048.6728059572781,26
bladder_cancer,Female,65-69,Deaths,39.95360407730983,26
bladder_cancer,Female,65-69,YLD,88.73157352781101,26
bladder_cancer,Female,65-69,YLL,959.941232429467,26
bladder_cancer,Female,70+,DALY,12168.086686424136,26
bladder_cancer,Female,70+,Deaths,898.4918177712667,26
bladder_cancer,Female,70+,YLD,691.9909952563557,26
bladder_cancer,Female,70+,YLL,11476.095691167779,26
bladder_cancer,Male,20-24,DALY,20.08266880265836,26
bladder_cancer,Male,20-24,Deaths,0.24029929673554712,26
bladder_cancer,Male,20-24,YLD,3.818470035253641,26
bladder_cancer,Male,20-24,YLL,16.26419876740472,26
bladder_cancer,Male,25-29,DALY,35.062767033514625,26
bladder_cancer,Male,25-29,Deaths,0.47207382742780646,26
bladder_cancer,Male,25-29,YLD,5.642668858379581,26
bladder_cancer,Male,25-29,YLL,29.420098175135042,26
bladder_cancer,Male,30-34,DALY,106.88774774410065,26
bladder_cancer,Male,30-34,Deaths,1.567257943936914,26
bladder_cancer,Male,30-34,YLD,16.972133148795773,26
bladder_cancer,Male,30-34,YLL,89.91561459530487,26
bladder_cancer,Male,35-39,DALY,320.7246666991492,26
bladder_cancer,Male,35-39,Deaths,5.285540622557099,26
bladder_cancer,Male,35-39,YLD,40.835598313701134,26
bladder_cancer,Male,35-39,YLL,279.88906838544807,26
bladder_cancer,Male,40-44,DALY,607.2639466953933,26
bladder_cancer,Male,40-44,Deaths,11.541941825163764,26
bladder_cancer,Male,40-44,YLD,56.39087490647666,26
bladder_cancer,Male,40-44,YLL,550.8730717889167,26
bladder_cancer,Male,45-49,DALY,982.0560454892151,26
bladder_cancer,Male,45-49,Deaths,21.105700666632877,26
bladder_cancer,Male,45-49,YLD,83.12515364398499,26
bladder_cancer,Male,45-49,YLL,898.9308918452301,26
bladder_cancer,Male,50-54,DALY,1403.9148019599338,26
bladder_cancer,Male,50-54,Deaths,33.51068008075951,26
bladder_cancer,Male,50-54,YLD,129.58611837118065,26
bladder_cancer,Male,50-54,YLL,1274.3286835887532,26
bladder_cancer,Male,55-59,DALY,3503.8775029978788,26
bladder_cancer,Male,55-59,Deaths,95.51202803996021,26
bladder_cancer,Male,55-59,YLD,300.6735399027805,26
bladder_cancer,Male,55-59,YLL,3203.2039630950985,26
bladder_cancer,Male,60-64,DALY,6495.558601485136,26
bladder_cancer,Male,60-64,Deaths,205.51611354146857,26
bladder_cancer,Male,60-64,YLD,556.2291778735434,26
bladder_cancer,Male,60-64,YLL,5939.3294236115935,26
bladder_cancer,Male,65-69,DALY,7351.404656252098,26
bladder_cancer,Male,65-69,Deaths,278.54739396182043,26
bladder_cancer,Male,65-69,YLD,635.453012337045,26
bladder_cancer,Male,65-69,YLL,6715.951643915053,26
bladder_cancer,Male,70+,DALY,54424.469594576694,26
bladder_cancer,Male,70+,Deaths,3795.7613834326503,26
bladder_cancer,Male,70+,YLD,3430.905616669372,26
bladder_cancer,Male,70+,YLL,50993.56397790732,26
breast_cancer,Female,20-24,DALY,177.15349218496647,26
breast_cancer,Female,20-24,Deaths,2.2536678205513847,26
breast_cancer,Female,20-24,YLD,24.401671037337934,26
breast_cancer,Female,20-24,YLL,152.75182114762853,26
breast_cancer,Female,25-29,DALY,640.4849645783708,26
breast_cancer,Female,25-29,Deaths,8.914094878397973,26
breast_cancer,Female,25-29,YLD,84.69389531434935,26
breast_cancer,Female,25-29,YLL,555.7910692640214,26
breast_cancer,Female,30-34,DALY,2400.8460663354463,26
breast_cancer,Female,30-34,Deaths,37.444502426927855,26
breast_cancer,Female,30-34,YLD,253.66171743252252,26
breast_cancer,Female,30-34,YLL,2147.184348902924,26
breast_cancer,Female,35-39,DALY,6458.050261240431,26
breast_cancer,Female,35-39,Deaths,108.372200124966,26
breast_cancer,Female,35-39,YLD,715.4123927361534,26
breast_cancer,Female,35-39,YLL,5742.637868504277,26
breast_cancer,Female,40-44,DALY,9018.613810049534,26
breast_cancer,Female,40-44,Deaths,165.20603437323524,26
breast_cancer,Female,40-44,YLD,1133.1814774291156,26
breast_cancer,Female,40-44,YLL,7885.4323326204185,26
breast_cancer,Female,45-49,DALY,13943.211841621838,26
breast_cancer,Female,45-49,Deaths,285.43934681193934,26
breast_cancer,Female,45-49,YLD,1796.4027413640529,26
breast_cancer,Female,45-49,YLL,12146.809100257786,26
breast_cancer,Female,50-54,DALY,14696.070303228009,26
breast_cancer,Female,50-54,Deaths,340.73951286412836,26
breast_cancer,Female,50-54,YLD,1748.4892424111529,26
breast_cancer,Female,50-54,YLL,12947.581060816858,26
breast_cancer,Female,55-59,DALY,22387.203253000233,26
breast_cancer,Female,55-59,Deaths,590.1101312990246,26
breast_cancer,Female,55-59,YLD,2579.4940164992845,26
breast_cancer,Female,55-59,YLL,19807.70923650095,26
breast_cancer,Female,60-64,DALY,22194.5881303159,26
breast_cancer,Female,60-64,Deaths,662.3475545761655,26
breast_cancer,Female,60-64,YLD,3068.099516318447,26
breast_cancer,Female,60-64,YLL,19126.488613997455,26
breast_cancer,Female,65-69,DALY,14169.634417324598,26
breast_cancer,Female,65-69,Deaths,499.4561559831099,26
breast_cancer,Female,65-69,YLD,2172.6974203654136,26
breast_cancer,Female,65-69,YLL,11996.936996959183,26
breast_cancer,Female,70+,DALY,53516.26938614762,26
breast_cancer,Female,70+,Deaths,3143.4186787461717,26
breast_cancer,Female,70+,YLD,7728.257200121033,26
breast_cancer,Female,70+,YLL,45788.012186026586,26
colon_cancer,Female,20-24,DALY,337.62519894682,26
colon_cancer,Female,20-24,Deaths,4.860721743772708,26
colon_cancer,Female,20-24,YLD,8.26524523670402,26
colon_cancer,Female,20-24,YLL,329.359953710116,26
colon_cancer,Female,25-29,DALY,564.5696303728589,26
colon_cancer,Female,25-29,Deaths,8.875083496221182,26
colon_cancer,Female,25-29,YLD,11.200092383288975,26
colon_cancer,Female,25-29,YLL,553.36953798957,26
colon_cancer,Female,30-34,DALY,1254.2283874267102,26
colon_cancer,Female,30-34,Deaths,21.36226346908331,26
colon_cancer,Female,30-34,YLD,28.757280584252086,26
colon_cancer,Female,30-34,YLL,1225.471106842458,26
colon_cancer,Female,35-39,DALY,2510.831866626451,26
colon_cancer,Female,35-39,Deaths,46.12746947009863,26
colon_cancer,Female,35-39,YLD,66.79884591863171,26
colon_cancer,Female,35-39,YLL,2444.033020707819,26
colon_cancer,Female,40-44,DALY,3539.163292569768,26
colon_cancer,Female,40-44,Deaths,71.82270342102746,26
colon_cancer,Female,40-44,YLD,111.52380826920094,26
colon_cancer,Female,40-44,YLL,3427.6394843005673,26
colon_cancer,Female,45-49,DALY,6230.698175152885,26
colon_cancer,Female,45-49,Deaths,140.77383959206713,26
colon_cancer,Female,45-49,YLD,240.89587886656577,26
colon_cancer,Female,45-49,YLL,5989.802296286319,26
colon_cancer,Female,50-54,DALY,7748.543199222323,26
colon_cancer,Female,50-54,Deaths,194.2025819188844,26
colon_cancer,Female,50-54,YLD,367.7499825910228,26
colon_cancer,Female,50-54,YLL,7380.7932166313,26
colon_cancer,Female,55-59,DALY,15151.488037820174,26
colon_cancer,Female,55-59,Deaths,426.5356537207351,26
colon_cancer,Female,55-59,YLD,831.9668935696303,26
colon_cancer,Female,55-59,YLL,14319.521144250542,26
colon_cancer,Female,60-64,DALY,19200.906493281167,26
colon_cancer,Female,60-64,Deaths,620.0658543455435,26
colon_cancer,Female,60-64,YLD,1291.7915556207158,26
colon_cancer,Female,60-64,YLL,17909.11493766045,26
colon_cancer,Female,65-69,DALY,16981.603420206164,26
colon_cancer,Female,65-69,Deaths,651.1860299583137,26
colon_cancer,Female,65-69,YLD,1339.7849369264848,26
colon_cancer,Female,65-69,YLL,15641.81848327968,26
colon_cancer,Female,70+,DALY,127270.5995236967,26
colon_cancer,Female,70+,Deaths,8516.725021052729,26
colon_cancer,Female,70+,YLD,10336.322210582683,26
colon_cancer,Female,70+,YLL,116934.27731311401,26
colon_cancer,Male,20-24,DALY,480.37038125014266,26
colon_cancer,Male,20-24,Deaths,6.858968490889588,26
colon_cancer,Male,20-24,YLD,16.215721099948347,26
colon_cancer,Male,20-24,YLL,464.1546601501943,26
colon_cancer,Male,25-29,DALY,1205.9306222703437,26
colon_cancer,Male,25-29,Deaths,18.878212763554544,26
colon_cancer,Male,25-29,YLD,29.413395475996293,26
colon_cancer,Male,25-29,YLL,1176.5172267943474,26
colon_cancer,Male,30-34,DALY,2646.8970958813416,26
colon_cancer,Male,30-34,Deaths,44.742362466074425,26
colon_cancer,Male,30-34,YLD,79.25458361514198,26
colon_cancer,Male,30-34,YLL,2567.6425122662,26
colon_cancer,Male,35-39,DALY,6471.986809752137,26
colon_cancer,Male,35-39,Deaths,117.99747280045794,26
colon_cancer,Male,35-39,YLD,223.72134171711969,26
colon_cancer,Male,35-39,YLL,6248.265468035017,26
colon_cancer,Male,40-44,DALY,10538.62593891837,26
colon_cancer,Male,40-44,Deaths,212.49595129608036,26
colon_cancer,Male,40-44,YLD,396.05113146879097,26
colon_cancer,Male,40-44,YLL,10142.57480744958,26
colon_cancer,Male,45-49,DALY,17578.138791977348,26
colon_cancer,Male,45-49,Deaths,395.7815592789652,26
colon_cancer,Male,45-49,YLD,722.1375573823631,26
colon_cancer,Male,45-49,YLL,16856.001234594984,26
colon_cancer,Male,50-54,DALY,19536.189468420278,26
colon_cancer,Male,50-54,Deaths,488.10936778816654,26
colon_cancer,Male,50-54,YLD,973.3392984050442,26
colon_cancer,Male,50-54,YLL,18562.85017001523,26
colon_cancer,Male,55-59,DALY,40899.52606710505,26
colon_cancer,Male,55-59,Deaths,1149.0292070132289,26
colon_cancer,Male,55-59,YLD,2356.9501264314586,26
colon_cancer,Male,55-59,YLL,38542.575940673596,26
colon_cancer,Male,60-64,DALY,54594.54674762029,26
colon_cancer,Male,60-64,Deaths,1758.6980185588682,26
colon_cancer,Male,60-64,YLD,3753.8016878107665,26
colon_cancer,Male,60-64,YLL,50840.74505980953,26
colon_cancer,Male,65-69,DALY,53164.97085148051,26
colon_cancer,Male,65-69,Deaths,2031.0960127979931,26
colon_cancer,Male,65-69,YLD,4188.045644584496,26
colon_cancer,Male,65-69,YLL,48976.92520689602,26
colon_cancer,Male,70+,DALY,222957.87988260115,26
colon_cancer,Male,70+,Deaths,14005.660893296088,26
colon_cancer,Male,70+,YLD,18800.277992656236,26
colon_cancer,Male,70+,YLL,204157.6018899449,26
coronary_heart_disease,Female,20-24,DALY,1940.1271721398996,26
coronary_heart_disease,Female,20-24,Deaths,24.05128279681638,26
coronary_heart_disease,Female,20-24,YLD,309.6981282561946,26
coronary_heart_disease,Female,20-24,YLL,1630.429043883705,26
coronary_heart_disease,Female,25-29,DALY,2485.6904154763115,26
coronary_heart_disease,Female,25-29,Deaths,29.32942986114588,26
coronary_heart_disease,Female,25-29,YLD,656.7644132291962,26
coronary_heart_disease,Female,25-29,YLL,1828.9260022471153,26
coronary_heart_disease,Female,30-34,DALY,6050.622096823346,26
coronary_heart_disease,Female,30-34,Deaths,77.85403271146195,26
coronary_heart_disease,Female,30-34,YLD,1586.6292811470487,26
coronary_heart_disease,Female,30-34,YLL,4463.992815676297,26
coronary_heart_disease,Female,35-39,DALY,12068.711343828094,26
coronary_heart_disease,Female,35-39,Deaths,175.4141328672883,26
coronary_heart_disease,Female,35-39,YLD,2774.7185084465673,26
coronary_heart_disease,Female,35-39,YLL,9293.992835381527,26
coronary_heart_disease,Female,40-44,DALY,16365.413849562554,26
coronary_heart_disease,Female,40-44,Deaths,271.62946256882645,26
coronary_heart_disease,Female,40-44,YLD,3402.700091740216,26
coronary_heart_disease,Female,40-44,YLL,12962.713757822337,26
coronary_heart_disease,Female,45-49,DALY,28224.989758836113,26
coronary_heart_disease,Female,45-49,Deaths,525.7569038607712,26
coronary_heart_disease,Female,45-49,YLD,5846.375621563718,26
coronary_heart_disease,Female,45-49,YLL,22378.614137272398,26
coronary_heart_disease,Female,50-54,DALY,40607.13444498525,26
coronary_heart_disease,Female,50-54,Deaths,853.9819228682574,26
coronary_heart_disease,Female,50-54,YLD,8155.499905240731,26
coronary_heart_disease,Female,50-54,YLL,32451.634539744515,26
coronary_heart_disease,Female,55-59,DALY,85674.1259823299,26
coronary_heart_disease,Female,55-59,Deaths,2052.216676846118,26
coronary_heart_disease,Female,55-59,YLD,16827.02141994565,26
coronary_heart_disease,Female,55-59,YLL,68847.10456238425,26
coronary_heart_disease,Female,60-64,DALY,144920.97419695073,26
coronary_heart_disease,Female,60-64,Deaths,4057.2565207402117,26
coronary_heart_disease,Female,60-64,YLD,27775.949484738903,26
coronary_heart_disease,Female,60-64,YLL,117145.02471221182,26
coronary_heart_disease,Female,65-69,DALY,165591.7778458158,26
coronary_heart_disease,Female,65-69,Deaths,5541.063398223518,26
coronary_heart_disease,Female,65-69,YLD,32429.585596080426,26
coronary_heart_disease,Female,65-69,YLL,133162.19224973538,26
coronary_heart_disease,Female,70+,DALY,2853151.4430699926,26
coronary_heart_disease,Female,70+,Deaths,230491.14647279054,26
coronary_heart_disease,Female,70+,YLD,251819.72829851802,26
coronary_heart_disease,Female,70+,YLL,2601331.7147714742,26
coronary_heart_disease,Male,20-24,DALY,5652.030019576328,26
coronary_heart_disease,Male,20-24,Deaths,71.40872284505116,26
coronary_heart_disease,Male,20-24,YLD,816.5053479671687,26
coronary_heart_disease,Male,20-24,YLL,4835.52467160916,26
coronary_heart_disease,Male,25-29,DALY,11415.671065086746,26
coronary_heart_disease,Male,25-29,Deaths,149.77340196069642,26
coronary_heart_disease,Male,25-29,YLD,2081.84954085049,26
coronary_heart_disease,Male,25-29,YLL,9333.821524236257,26
coronary_heart_disease,Male,30-34,DALY,24219.47592376196,26
coronary_heart_disease,Male,30-34,Deaths,354.0125563134242,26
coronary_heart_disease,Male,30-34,YLD,3916.4415017208094,26
coronary_heart_disease,Male,30-34,YLL,20303.034422041146,26
coronary_heart_disease,Male,35-39,DALY,64304.13246965328,26
coronary_heart_disease,Male,35-39,Deaths,1092.4435148114358,26
coronary_heart_disease,Male,35-39,YLD,6459.588935546881,26
coronary_heart_disease,Male,35-39,YLL,57844.5435341064,26
coronary_heart_disease,Male,40-44,DALY,94778.18807356287,26
coronary_heart_disease,Male,40-44,Deaths,1827.6330940349283,26
coronary_heart_disease,Male,40-44,YLD,7531.609913276213,26
coronary_heart_disease,Male,40-44,YLL,87246.57816028665,26
coronary_heart_disease,Male,45-49,DALY,112846.92456727634,26
coronary_heart_disease,Male,45-49,Deaths,2428.5408456797322,26
coronary_heart_disease,Male,45-49,YLD,9356.247242289206,26
coronary_heart_disease,Male,45-49,YLL,103490.67732498713,26
coronary_heart_disease,Male,50-54,DALY,135039.165967129,26
coronary_heart_disease,Male,50-54,Deaths,3262.084236255576,26
coronary_heart_disease,Male,50-54,YLD,10996.025331289375,26
coronary_heart_disease,Male,50-54,YLL,124043.14063583963,26
coronary_heart_disease,Male,55-59,DALY,279906.2990387445,26
coronary_heart_disease,Male,55-59,Deaths,7769.702069014219,26
coronary_heart_disease,Male,55-59,YLD,19468.277887552686,26
coronary_heart_disease,Male,55-59,YLL,260438.02115119176,26
coronary_heart_disease,Male,60-64,DALY,411646.43327808817,26
coronary_heart_disease,Male,60-64,Deaths,13254.99478205796,26
coronary_heart_disease,Male,60-64,YLD,28762.747179355436,26
coronary_heart_disease,Male,60-64,YLL,382883.68609873275,26
coronary_heart_disease,Male,65-69,DALY,413154.86631375476,26
coronary_heart_disease,Male,65-69,Deaths,15734.616225798029,26
coronary_heart_disease,Male,65-69,YLD,33637.66929097402,26
coronary_heart_disease,Male,65-69,YLL,379517.1970227808,26
coronary_heart_disease,Male,70+,DALY,3299717.922713895,26
coronary_heart_disease,Male,70+,Deaths,249738.31638636134,26
coronary_heart_disease,Male,70+,YLD,187377.19237828173,26
coronary_heart_disease,Male,70+,YLL,3112340.7303356132,26
dementia,Female,20-24,DALY,0.0,26
dementia,Female,20-24,YLD,0.0,26
dementia,Female,25-29,DALY,0.0,26
dementia,Female,25-29,YLD,0.0,26
dementia,Female,30-34,DALY,0.0,26
dementia,Female,30-34,YLD,0.0,26
dementia,Female,35-39,DALY,0.0,26
dementia,Female,35-39,YLD,0.0,26
dementia,Female,40-44,DALY,558.4804006278627,26
dementia,Female,40-44,Deaths,2.390593920396905,26
dementia,Female,40-44,YLD,444.3762506624441,26
dementia,Female,40-44,YLL,114.10414996541853,26
dementia,Female,45-49,DALY,4360.287366094487,26
dementia,Female,45-49,Deaths,29.111150768787994,26
dementia,Female,45-49,YLD,3121.7850000067792,26
dementia,Female,45-49,YLL,1238.502366087708,26
dementia,Female,50-54,DALY,12942.656514065658,26
dementia,Female,50-54,Deaths,152.94994709360805,26
dementia,Female,50-54,YLD,7131.9399854531075,26
dementia,Female,50-54,YLL,5810.71652861255,26
dementia,Female,55-59,DALY,38993.73627540586,26
dementia,Female,55-59,Deaths,635.137743785465,26
dementia,Female,55-59,YLD,17660.20980636943,26
dementia,Female,55-59,YLL,21333.52646903643,26
dementia,Female,60-64,DALY,80288.87761302886,26
dementia,Female,60-64,Deaths,1590.07743968817,26
dementia,Female,60-64,YLD,34344.98656063474,26
dementia,Female,60-64,YLL,45943.89105239412,26
dementia,Female,65-69,DALY,123832.08969178321,26
dementia,Female,65-69,Deaths,2824.2711089237823,26
dementia,Female,65-69,YLD,56041.603507479216,26
dementia,Female,65-69,YLL,67790.48618430401,26
dementia,Female,70+,DALY,3236213.8630525894,26
dementia,Female,70+,Deaths,187508.49406455312,26
dementia,Female,70+,YLD,1218246.1290548109,26
dementia,Female,70+,YLL,2017967.7339977787,26
dementia,Male,20-24,DALY,0.0,26
dementia,Male,20-24,YLD,0.0,26
dementia,Male,25-29,DALY,0.0,26
dementia,Male,25-29,YLD,0.0,26
dementia,Male,30-34,DALY,0.0,26
dementia,Male,30-34,YLD,0.0,26
dementia,Male,35-39,DALY,0.0,26
dementia,Male,35-39,YLD,0.0,26
dementia,Male,40-44,DALY,495.1360508872973,26
dementia,Male,40-44,Deaths,2.7843506273956162,26
dementia,Male,40-44,YLD,362.22125551859114,26
dementia,Male,40-44,YLL,132.91479536870622,26
dementia,Male,45-49,DALY,3415.458064266569,26
dementia,Male,45-49,Deaths,26.075521716888336,26
dementia,Male,45-49,YLD,2305.086678367231,26
dementia,Male,45-49,YLL,1110.3713858993383,26
dementia,Male,50-54,DALY,10368.752736502276,26
dementia,Male,50-54,Deaths,134.63908660889447,26
dementia,Male,50-54,YLD,5250.078802887853,26
dementia,Male,50-54,YLL,5118.673933614423,26
dementia,Male,55-59,DALY,32063.46750900791,26
dementia,Male,55-59,Deaths,571.1222966528552,26
dementia,Male,55-59,YLD,12896.983734443742,26
dementia,Male,55-59,YLL,19166.483774564167,26
dementia,Male,60-64,DALY,68038.04141423362,26
dementia,Male,60-64,Deaths,1456.9549427753932,26
dementia,Male,60-64,YLD,25909.399690509406,26
dementia,Male,60-64,YLL,42128.64172372422,26
dementia,Male,65-69,DALY,107474.18951420517,26
dementia,Male,65-69,Deaths,2638.4592421984244,26
dementia,Male,65-69,YLD,43903.59194461828,26
dementia,Male,65-69,YLL,63570.59756958689,26
dementia,Male,70+,DALY,1960085.6532959214,26
dementia,Male,70+,Deaths,119924.21081517817,26
dementia,Male,70+,YLD,642085.5945129622,26
dementia,Male,70+,YLL,1318000.0587829594,26
depression,Female,20-24,DALY,53883.594601613186,26
depression,Female,20-24,YLD,53883.594601613186,26
depression,Female,25-29,DALY,62353.38241804989,26
depression,Female,25-29,YLD,62353.38241804989,26
depression,Female,30-34,DALY,93828.24565624856,26
depression,Female,30-34,YLD,93828.24565624856,26
depression,Female,35-39,DALY,111640.91895941967,26
depression,Female,35-39,YLD,111640.91895941967,26
depression,Female,40-44,DALY,95514.86280578963,26
depression,Female,40-44,YLD,95514.86280578963,26
depression,Female,45-49,DALY,104536.28307773682,26
depression,Female,45-49,YLD,104536.28307773682,26
depression,Female,50-54,DALY,93878.06067975632,26
depression,Female,50-54,YLD,93878.06067975632,26
depression,Female,55-59,DALY,120849.8249962836,26
depression,Female,55-59,YLD,120849.8249962836,26
depression,Female,60-64,DALY,124521.08762259383,26
depression,Female,60-64,YLD,124521.08762259383,26
depression,Female,65-69,DALY,89612.91804634506,26
depression,Female,65-69,YLD,89612.91804634506,26
depression,Female,70+,DALY,330491.2288927362,26
depression,Female,70+,YLD,330491.2288927362,26
depression,Male,20-24,DALY,32838.80926543245,26
depression,Male,20-24,YLD,32838.80926543245,26
depression,Male,25-29,DALY,45021.61483477652,26
depression,Male,25-29,YLD,45021.61483477652,26
depression,Male,30-34,DALY,54309.7836279626,26
depression,Male,30-34,YLD,54309.7836279626,26
depression,Male,35-39,DALY,68908.36705569758,26
depression,Male,35-39,YLD,68908.36705569758,26
depression,Male,40-44,DALY,66327.74950412312,26
depression,Male,40-44,YLD,66327.74950412312,26
depression,Male,45-49,DALY,64601.439188750555,26
depression,Male,45-49,YLD,64601.439188750555,26
depression,Male,50-54,DALY,59747.60699506088,26
depression,Male,50-54,YLD,59747.60699506088,26
depression,Male,55-59,DALY,79968.14403591352,26
depression,Male,55-59,YLD,79968.14403591352,26
depression,Male,60-64,DALY,85564.02859406217,26
depression,Male,60-64,YLD,85564.02859406217,26
depression,Male,65-69,DALY,69613.92780857529,26
depression,Male,65-69,YLD,69613.92780857529,26
depression,Male,70+,DALY,206147.6197980856,26
depression,Male,70+,YLD,206147.6197980856,26
endometrial_cancer,Female,20-24,DALY,41.13207683150303,26
endometrial_cancer,Female,20-24,Deaths,0.5622635499732841,26
endometrial_cancer,Female,20-24,YLD,3.0303962650993426,26
endometrial_cancer,Female,20-24,YLL,38.10168056640369,26
endometrial_cancer,Female,25-29,DALY,64.76268114021892,26
endometrial_cancer,Female,25-29,Deaths,0.9389137557305434,26
endometrial_cancer,Female,25-29,YLD,6.209207887366096,26
endometrial_cancer,Female,25-29,YLL,58.55347325285282,26
endometrial_cancer,Female,30-34,DALY,169.1500063002404,26
endometrial_cancer,Female,30-34,Deaths,2.606446501853005,26
endometrial_cancer,Female,30-34,YLD,19.627758402649857,26
endometrial_cancer,Female,30-34,YLL,149.52224789759055,26
endometrial_cancer,Female,35-39,DALY,386.9756670347808,26
endometrial_cancer,Female,35-39,Deaths,6.263846276561865,26
endometrial_cancer,Female,35-39,YLD,55.05417669118462,26
endometrial_cancer,Female,35-39,YLL,331.92149034359625,26
endometrial_cancer,Female,40-44,DALY,640.1664796567554,26
endometrial_cancer,Female,40-44,Deaths,11.480958225599291,26
endometrial_cancer,Female,40-44,YLD,92.26911083380848,26
endometrial_cancer,Female,40-44,YLL,547.897368822947,26
endometrial_cancer,Female,45-49,DALY,1137.1760470036083,26
endometrial_cancer,Female,45-49,Deaths,22.808696032241873,26
endometrial_cancer,Female,45-49,YLD,166.7789867312448,26
endometrial_cancer,Female,45-49,YLL,970.3970602723635,26
endometrial_cancer,Female,50-54,DALY,1518.1440590014004,26
endometrial_cancer,Female,50-54,Deaths,33.36814049295667,26
endometrial_cancer,Female,50-54,YLD,249.98567798206523,26
endometrial_cancer,Female,50-54,YLL,1268.1583810193351,26
endometrial_cancer,Female,55-59,DALY,2588.176629607366,26
endometrial_cancer,Female,55-59,Deaths,65.04663606949711,26
endometrial_cancer,Female,55-59,YLD,404.0526068743663,26
endometrial_cancer,Female,55-59,YLL,2184.124022733,26
endometrial_cancer,Female,60-64,DALY,2718.0953776442434,26
endometrial_cancer,Female,60-64,Deaths,81.35999236734222,26
endometrial_cancer,Female,60-64,YLD,367.3365719875626,26
endometrial_cancer,Female,60-64,YLL,2350.758805656681,26
endometrial_cancer,Female,65-69,DALY,1926.3868690806203,26
endometrial_cancer,Female,65-69,Deaths,70.12194515339401,26
endometrial_cancer,Female,65-69,YLD,241.99401493477436,26
endometrial_cancer,Female,65-69,YLL,1684.3928541458458,26
endometrial_cancer,Female,70+,DALY,7449.771266644656,26
endometrial_cancer,Female,70+,Deaths,433.3405124602665,26
endometrial_cancer,Female,70+,YLD,823.4563629084768,26
endometrial_cancer,Female,70+,YLL,6626.314903736179,26
gastric_cancer,Female,20-24,DALY,456.57945911567884,26
gastric_cancer,Female,20-24,Deaths,6.567938318177293,26
gastric_cancer,Female,20-24,YLD,11.459119972769397,26
gastric_cancer,Female,20-24,YLL,445.1203391429095,26
gastric_cancer,Female,25-29,DALY,1004.3957780588975,26
gastric_cancer,Female,25-29,Deaths,15.826992370016569,26
gastric_cancer,Female,25-29,YLD,17.778286092014184,26
gastric_cancer,Female,25-29,YLL,986.6174919668832,26
gastric_cancer,Female,30-34,DALY,2379.8773345264,26
gastric_cancer,Female,30-34,Deaths,40.7607069976708,26
gastric_cancer,Female,30-34,YLD,41.782537285599616,26
gastric_cancer,Female,30-34,YLL,2338.0947972408003,26
gastric_cancer,Female,35-39,DALY,4781.84268814989,26
gastric_cancer,Female,35-39,Deaths,88.71835381577836,26
gastric_cancer,Female,35-39,YLD,79.52618530868884,26
gastric_cancer,Female,35-39,YLL,4702.316502841201,26
gastric_cancer,Female,40-44,DALY,5825.453761926434,26
gastric_cancer,Female,40-44,Deaths,119.82398808086216,26
gastric_cancer,Female,40-44,YLD,107.0996412385539,26
gastric_cancer,Female,40-44,YLL,5718.35412068788,26
gastric_cancer,Female,45-49,DALY,9666.320519323,26
gastric_cancer,Female,45-49,Deaths,222.82217402307265,26
gastric_cancer,Female,45-49,YLD,186.6030753347085,26
gastric_cancer,Female,45-49,YLL,9479.717443988293,26
gastric_cancer,Female,50-54,DALY,12680.870141118687,26
gastric_cancer,Female,50-54,Deaths,327.31295008368875,26
gastric_cancer,Female,50-54,YLD,247.69347297369305,26
gastric_cancer,Female,50-54,YLL,12433.176668144995,26
gastric_cancer,Female,55-59,DALY,22528.45075981233,26
gastric_cancer,Female,55-59,Deaths,657.8096170526929,26
gastric_cancer,Female,55-59,YLD,433.9442871093302,26
gastric_cancer,Female,55-59,YLL,22094.506472703,26
gastric_cancer,Female,60-64,DALY,30155.015095737515,26
gastric_cancer,Female,60-64,Deaths,1019.3510790443523,26
gastric_cancer,Female,60-64,YLD,687.1594784123484,26
gastric_cancer,Female,60-64,YLL,29467.855617325164,26
gastric_cancer,Female,65-69,DALY,28480.05345693574,26
gastric_cancer,Female,65-69,Deaths,1159.2585753809208,26
gastric_cancer,Female,65-69,YLD,658.6412293043293,26
gastric_cancer,Female,65-69,YLL,27821.412227631412,26
gastric_cancer,Female,70+,DALY,223736.4263944376,26
gastric_cancer,Female,70+,Deaths,15791.782632389133,26
gastric_cancer,Female,70+,YLD,5606.376985672307,26
gastric_cancer,Female,70+,YLL,218130.04940876534,26
gastric_cancer,Male,20-24,DALY,548.877050660301,26
gastric_cancer,Male,20-24,Deaths,7.843031716179021,26
gastric_cancer,Male,20-24,YLD,18.021129275192596,26
gastric_cancer,Male,20-24,YLL,530.8559213851084,26
gastric_cancer,Male,25-29,DALY,1433.5128483771452,26
gastric_cancer,Male,25-29,Deaths,22.481536370778667,26
gastric_cancer,Male,25-29,YLD,32.77966878883008,26
gastric_cancer,Male,25-29,YLL,1400.7331795883154,26
gastric_cancer,Male,30-34,DALY,3547.1911334496913,26
gastric_cancer,Male,30-34,Deaths,60.37505584124078,26
gastric_cancer,Male,30-34,YLD,82.87501072623971,26
gastric_cancer,Male,30-34,YLL,3464.316122723452,26
gastric_cancer,Male,35-39,DALY,9904.656473432397,26
gastric_cancer,Male,35-39,Deaths,183.47486682781098,26
gastric_cancer,Male,35-39,YLD,186.2718110896896,26
gastric_cancer,Male,35-39,YLL,9718.384662342707,26
gastric_cancer,Male,40-44,DALY,18954.8695229628,26
gastric_cancer,Male,40-44,Deaths,388.73059272394346,26
gastric_cancer,Male,40-44,YLD,400.4664648484538,26
gastric_cancer,Male,40-44,YLL,18554.40305811435,26
gastric_cancer,Male,45-49,DALY,32591.52275559228,26
gastric_cancer,Male,45-49,Deaths,749.0725197577614,26
gastric_cancer,Male,45-49,YLD,695.081299869236,26
gastric_cancer,Male,45-49,YLL,31896.441455723045,26
gastric_cancer,Male,50-54,DALY,44884.229943227314,26
gastric_cancer,Male,50-54,Deaths,1154.769327720881,26
gastric_cancer,Male,50-54,YLD,981.7598434372512,26
gastric_cancer,Male,50-54,YLL,43902.470099790065,26
gastric_cancer,Male,55-59,DALY,99522.80496146034,26
gastric_cancer,Male,55-59,Deaths,2901.4707113607083,26
gastric_cancer,Male,55-59,YLD,2151.8895841720914,26
gastric_cancer,Male,55-59,YLL,97370.91537728824,26
gastric_cancer,Male,60-64,DALY,144865.43289514596,26
gastric_cancer,Male,60-64,Deaths,4888.585074870402,26
gastric_cancer,Male,60-64,YLD,3485.8387864177776,26
gastric_cancer,Male,60-64,YLL,141379.5941087282,26
gastric_cancer,Male,65-69,DALY,141569.3836910327,26
gastric_cancer,Male,65-69,Deaths,5726.678270017718,26
gastric_cancer,Male,65-69,YLD,3603.217470984887,26
gastric_cancer,Male,65-69,YLL,137966.16622004783,26
gastric_cancer,Male,70+,DALY,597505.4391109365,26
gastric_cancer,Male,70+,Deaths,37991.187542562824,26
gastric_cancer,Male,70+,YLD,16263.094212860864,26
gastric_cancer,Male,70+,YLL,581242.3448980757,26
oesophageal_cancer,Female,20-24,DALY,60.3605035928143,26
oesophageal_cancer,Female,20-24,Deaths,0.8633505312940054,26
oesophageal_cancer,Female,20-24,YLD,1.8541966915186339,26
oesophageal_cancer,Female,20-24,YLL,58.50630690129566,26
oesophageal_cancer,Female,25-29,DALY,65.56515139686907,26
oesophageal_cancer,Female,25-29,Deaths,1.0176998475313825,26
oesophageal_cancer,Female,25-29,YLD,2.160364917846735,26
oesophageal_cancer,Female,25-29,YLL,63.40478647902233,26
oesophageal_cancer,Female,30-34,DALY,153.11706272487297,26
oesophageal_cancer,Female,30-34,Deaths,2.570287883549487,26
oesophageal_cancer,Female,30-34,YLD,5.681766594542253,26
oesophageal_cancer,Female,30-34,YLL,147.43529613033073,26
oesophageal_cancer,Female,35-39,DALY,318.09970551412215,26
oesophageal_cancer,Female,35-39,Deaths,5.826901419320101,26
oesophageal_cancer,Female,35-39,YLD,9.046463769191288,26
oesophageal_cancer,Female,35-39,YLL,309.05324174493086,26
oesophageal_cancer,Female,40-44,DALY,624.5746535440272,26
oesophageal_cancer,Female,40-44,Deaths,12.796915321678208,26
oesophageal_cancer,Female,40-44,YLD,13.793765947268149,26
oesophageal_cancer,Female,40-44,YLL,610.780887596759,26
oesophageal_cancer,Female,45-49,DALY,1566.4987397093062,26
oesophageal_cancer,Female,45-49,Deaths,36.183196172979265,26
oesophageal_cancer,Female,45-49,YLD,28.301407581302346,26
oesophageal_cancer,Female,45-49,YLL,1538.1973321280038,26
oesophageal_cancer,Female,50-54,DALY,2810.549215455947,26
oesophageal_cancer,Female,50-54,Deaths,72.80559868153549,26
oesophageal_cancer,Female,50-54,YLD,44.16906721989055,26
oesophageal_cancer,Female,50-54,YLL,2766.3801482360564,26
oesophageal_cancer,Female,55-59,DALY,6477.741091263891,26
oesophageal_cancer,Female,55-59,Deaths,189.81253760223856,26
oesophageal_cancer,Female,55-59,YLD,97.20159269904833,26
oesophageal_cancer,Female,55-59,YLL,6380.539498564843,26
oesophageal_cancer,Female,60-64,DALY,10829.332197888907,26
oesophageal_cancer,Female,60-64,Deaths,368.17841681790804,26
oesophageal_cancer,Female,60-64,YLD,180.9981854928067,26
oesophageal_cancer,Female,60-64,YLL,10648.334012396099,26
oesophageal_cancer,Female,65-69,DALY,13703.068375025074,26
oesophageal_cancer,Female,65-69,Deaths,561.7628289993912,26
oesophageal_cancer,Female,65-69,YLD,235.94167929753638,26
oesophageal_cancer,Female,65-69,YLL,13467.126695727538,26
oesophageal_cancer,Female,70+,DALY,153628.64560633723,26
oesophageal_cancer,Female,70+,Deaths,10872.213694615322,26
oesophageal_cancer,Female,70+,YLD,2731.9766152748944,26
oesophageal_cancer,Female,70+,YLL,150896.66899106232,26
oesophageal_cancer,Male,20-24,DALY,229.94023162832553,26
oesophageal_cancer,Male,20-24,Deaths,3.3167160547634644,26
oesophageal_cancer,Male,20-24,YLD,5.4737745850223956,26
oesophageal_cancer,Male,20-24,YLL,224.46645704330314,26
oesophageal_cancer,Male,25-29,DALY,374.04803900143384,26
oesophageal_cancer,Male,25-29,Deaths,5.8567037935533985,26
oesophageal_cancer,Male,25-29,YLD,9.235956403794662,26
oesophageal_cancer,Male,25-29,YLL,364.8120825976392,26
oesophageal_cancer,Male,30-34,DALY,1102.775293170936,26
oesophageal_cancer,Male,30-34,Deaths,18.567972981084978,26
oesophageal_cancer,Male,30-34,YLD,37.39790452370367,26
oesophageal_cancer,Male,30-34,YLL,1065.3773886472322,26
oesophageal_cancer,Male,35-39,DALY,3540.954415886723,26
oesophageal_cancer,Male,35-39,Deaths,65.90164970634254,26
oesophageal_cancer,Male,35-39,YLD,49.204332659038364,26
oesophageal_cancer,Male,35-39,YLL,3491.750083227684,26
oesophageal_cancer,Male,40-44,DALY,8921.556341303396,26
oesophageal_cancer,Male,40-44,Deaths,184.76229534786614,26
oesophageal_cancer,Male,40-44,YLD,102.52919495219714,26
oesophageal_cancer,Male,40-44,YLL,8819.0271463512,26
oesophageal_cancer,Male,45-49,DALY,19540.580569574515,26
oesophageal_cancer,Male,45-49,Deaths,454.14356435200835,26
oesophageal_cancer,Male,45-49,YLD,207.63687654796414,26
oesophageal_cancer,Male,45-49,YLL,19332.94369302655,26
oesophageal_cancer,Male,50-54,DALY,36701.47556417254,26
oesophageal_cancer,Male,50-54,Deaths,954.3080611825648,26
oesophageal_cancer,Male,50-54,YLD,406.50134956748974,26
oesophageal_cancer,Male,50-54,YLL,36294.974214605056,26
oesophageal_cancer,Male,55-59,DALY,86500.01125083059,26
oesophageal_cancer,Male,55-59,Deaths,2547.9225040254614,26
oesophageal_cancer,Male,55-59,YLD,965.5193455040043,26
oesophageal_cancer,Male,55-59,YLL,85534.49190532659,26
oesophageal_cancer,Male,60-64,DALY,123368.40797405851,26
oesophageal_cancer,Male,60-64,Deaths,4214.217453174839,26
oesophageal_cancer,Male,60-64,YLD,1477.7152047950958,26
oesophageal_cancer,Male,60-64,YLL,121890.69276926342,26
oesophageal_cancer,Male,65-69,DALY,119696.07680850715,26
oesophageal_cancer,Male,65-69,Deaths,4908.941075686845,26
oesophageal_cancer,Male,65-69,YLD,1527.20940789364,26
oesophageal_cancer,Male,65-69,YLL,118168.8674006135,26
oesophageal_cancer,Male,70+,DALY,518966.04186934006,26
oesophageal_cancer,Male,70+,Deaths,33280.81418057183,26
oesophageal_cancer,Male,70+,YLD,7593.4159654793775,26
oesophageal_cancer,Male,70+,YLL,511372.62590386067,26
renal_cancer,Female,20-24,DALY,187.3143205183749,26
renal_cancer,Female,20-24,Deaths,2.5316370406047586,26
renal_cancer,Female,20-24,YLD,15.768160533087684,26
renal_cancer,Female,20-24,YLL,171.54615998528723,26
renal_cancer,Female,25-29,DALY,234.38199228394174,26
renal_cancer,Female,25-29,Deaths,3.3504528053807254,26
renal_cancer,Female,25-29,YLD,25.505388307371362,26
renal_cancer,Female,25-29,YLL,208.8766039765704,26
renal_cancer,Female,30-34,DALY,396.4667043265581,26
renal_cancer,Female,30-34,Deaths,6.18032668845368,26
renal_cancer,Female,30-34,YLD,42.04246183816021,26
renal_cancer,Female,30-34,YLL,354.4242424883979,26
renal_cancer,Female,35-39,DALY,520.7422607093941,26
renal_cancer,Female,35-39,Deaths,8.688279530398363,26
renal_cancer,Female,35-39,YLD,60.44697009440667,26
renal_cancer,Female,35-39,YLL,460.2952906149875,26
renal_cancer,Female,40-44,DALY,579.1441425769193,26
renal_cancer,Female,40-44,Deaths,10.984732478013203,26
renal_cancer,Female,40-44,YLD,54.86904440354281,26
renal_cancer,Female,40-44,YLL,524.2750981733765,26
renal_cancer,Female,45-49,DALY,990.6770761843495,26
renal_cancer,Female,45-49,Deaths,21.40641160054311,26
renal_cancer,Female,45-49,YLD,79.40228533342889,26
renal_cancer,Female,45-49,YLL,911.2747908509207,26
renal_cancer,Female,50-54,DALY,1358.7570171532825,26
renal_cancer,Female,50-54,Deaths,33.196803671791486,26
renal_cancer,Female,50-54,YLD,97.10447025564845,26
renal_cancer,Female,50-54,YLL,1261.652546897634,26
renal_cancer,Female,55-59,DALY,2461.9552369208973,26
renal_cancer,Female,55-59,Deaths,68.8800226343459,26
renal_cancer,Female,55-59,YLD,151.04696025138304,26
renal_cancer,Female,55-59,YLL,2310.908276669514,26
renal_cancer,Female,60-64,DALY,4720.881067468318,26
renal_cancer,Female,60-64,Deaths,152.71852596143415,26
renal_cancer,Female,60-64,YLD,313.0668941521699,26
renal_cancer,Female,60-64,YLL,4407.814173316148,26
renal_cancer,Female,65-69,DALY,4850.354952794759,26
renal_cancer,Female,65-69,Deaths,188.82099996182075,26
renal_cancer,Female,65-69,YLD,313.0186134380218,26
renal_cancer,Female,65-69,YLL,4537.336339356737,26
renal_cancer,Female,70+,DALY,22449.434771731725,26
renal_cancer,Female,70+,Deaths,1447.9284623674419,26
renal_cancer,Female,70+,YLD,1165.0778980400046,26
renal_cancer,Female,70+,YLL,21284.356873691722,26
renal_cancer,Male,20-24,DALY,291.9029655280037,26
renal_cancer,Male,20-24,Deaths,4.0365229926698865,26
renal_cancer,Male,20-24,YLD,18.694279853963458,26
renal_cancer,Male,20-24,YLL,273.2086856740402,26
renal_cancer,Male,25-29,DALY,580.495459186995,26
renal_cancer,Male,25-29,Deaths,8.555836169281461,26
renal_cancer,Male,25-29,YLD,47.34439281885653,26
renal_cancer,Male,25-29,YLL,533.1510663681385,26
renal_cancer,Male,30-34,DALY,1037.743963161416,26
renal_cancer,Male,30-34,Deaths,16.637713393278887,26
renal_cancer,Male,30-34,YLD,83.3830114369639,26
renal_cancer,Male,30-34,YLL,954.3609517244523,26
renal_cancer,Male,35-39,DALY,2161.451780055857,26
renal_cancer,Male,35-39,Deaths,37.383663181255685,26
renal_cancer,Male,35-39,YLD,181.94741773980513,26
renal_cancer,Male,35-39,YLL,1979.5043623160516,26
renal_cancer,Male,40-44,DALY,2808.370715080957,26
renal_cancer,Male,40-44,Deaths,54.79431871480966,26
renal_cancer,Male,40-44,YLD,192.71790553627724,26
renal_cancer,Male,40-44,YLL,2615.6528095446793,26
renal_cancer,Male,45-49,DALY,3885.779583751249,26
renal_cancer,Male,45-49,Deaths,85.97684511021588,26
renal_cancer,Male,45-49,YLD,222.81000610221662,26
renal_cancer,Male,45-49,YLL,3662.9695776490325,26
renal_cancer,Male,50-54,DALY,5425.714054606613,26
renal_cancer,Male,50-54,Deaths,135.08293347431334,26
renal_cancer,Male,50-54,YLD,289.1328085670719,26
renal_cancer,Male,50-54,YLL,5136.581246039542,26
renal_cancer,Male,55-59,DALY,8998.4028871858,26
renal_cancer,Male,55-59,Deaths,255.2628594445863,26
renal_cancer,Male,55-59,YLD,438.5729217789934,26
renal_cancer,Male,55-59,YLL,8559.829965406807,26
renal_cancer,Male,60-64,DALY,11031.493923646347,26
renal_cancer,Male,60-64,Deaths,360.64431472734486,26
renal_cancer,Male,60-64,YLD,610.7053664664381,26
renal_cancer,Male,60-64,YLL,10420.788557179909,26
renal_cancer,Male,65-69,DALY,10935.209701698963,26
renal_cancer,Male,65-69,Deaths,427.2773985101116,26
renal_cancer,Male,65-69,YLD,631.05599685729,26
renal_cancer,Male,65-69,YLL,10304.153704841674,26
renal_cancer,Male,70+,DALY,43067.14429060309,26
renal_cancer,Male,70+,Deaths,2752.2662347033197,26
renal_cancer,Male,70+,YLD,2219.546203375003,26
renal_cancer,Male,70+,YLL,40847.59808722809,26
stroke,Female,20-24,DALY,2788.1619867525933,26
stroke,Female,20-24,Deaths,13.527137186270618,26
stroke,Female,20-24,YLD,1871.4101563855625,26
stroke,Female,20-24,YLL,916.7518303670305,26
stroke,Female,25-29,DALY,3796.2161677217605,26
stroke,Female,25-29,Deaths,17.603752052643646,26
stroke,Female,25-29,YLD,2698.2524315566584,26
stroke,Female,25-29,YLL,1097.9637361651023,26
stroke,Female,30-34,DALY,7917.730018587404,26
stroke,Female,30-34,Deaths,45.863697614776136,26
stroke,Female,30-34,YLD,5286.814812686909,26
stroke,Female,30-34,YLL,2630.9152059004946,26
stroke,Female,35-39,DALY,13900.229378574282,26
stroke,Female,35-39,Deaths,115.11240076513555,26
stroke,Female,35-39,YLD,7801.266887047211,26
stroke,Female,35-39,YLL,6098.962491527071,26
stroke,Female,40-44,DALY,19356.287053299086,26
stroke,Female,40-44,Deaths,228.90538810921242,26
stroke,Female,40-44,YLD,8433.720454930193,26
stroke,Female,40-44,YLL,10922.566598368894,26
stroke,Female,45-49,DALY,33743.11142915733,26
stroke,Female,45-49,Deaths,503.3895740229853,26
stroke,Female,45-49,YLD,12319.603567865428,26
stroke,Female,45-49,YLL,21423.507861291902,26
stroke,Female,50-54,DALY,49863.66125940034,26
stroke,Female,50-54,Deaths,907.4602675288,26
stroke,Female,50-54,YLD,15378.780176657232,26
stroke,Female,50-54,YLL,34484.88108274311,26
stroke,Female,55-59,DALY,99929.55957519656,26
stroke,Female,55-59,Deaths,2107.0301312111505,26
stroke,Female,55-59,YLD,29208.000276443414,26
stroke,Female,55-59,YLL,70721.55929875314,26
stroke,Female,60-64,DALY,147989.02191670545,26
stroke,Female,60-64,Deaths,3580.25239427323,26
stroke,Female,60-64,YLD,44544.93839345433,26
stroke,Female,60-64,YLL,103444.08352325112,26
stroke,Female,65-69,DALY,164310.86519660798,26
stroke,Female,65-69,Deaths,4867.660177084486,26
stroke,Female,65-69,YLD,47389.067295370594,26
stroke,Female,65-69,YLL,116921.79790123738,26
stroke,Female,70+,DALY,2015008.652935339,26
stroke,Female,70+,Deaths,135945.00826780652,26
stroke,Female,70+,YLD,339751.48599757114,26
stroke,Female,70+,YLL,1675257.1669377678,26
stroke,Male,20-24,DALY,4052.510008983693,26
stroke,Male,20-24,Deaths,38.759845924076465,26
stroke,Male,20-24,YLD,1428.6354786140753,26
stroke,Male,20-24,YLL,2623.874530369618,26
stroke,Male,25-29,DALY,8008.6126750220255,26
stroke,Male,25-29,Deaths,86.03490945814093,26
stroke,Male,25-29,YLD,2645.746604899825,26
stroke,Male,25-29,YLL,5362.866070122202,26
stroke,Male,30-34,DALY,16231.673203720666,26
stroke,Male,30-34,Deaths,205.396659159808,26
stroke,Male,30-34,YLD,4449.2106887570035,26
stroke,Male,30-34,YLL,11782.462514963661,26
stroke,Male,35-39,DALY,46222.68680857949,26
stroke,Male,35-39,Deaths,726.8546795839042,26
stroke,Male,35-39,YLD,7731.950429782387,26
stroke,Male,35-39,YLL,38490.73637879711,26
stroke,Male,40-44,DALY,74163.44765263266,26
stroke,Male,40-44,Deaths,1347.4719990843505,26
stroke,Male,40-44,YLD,9856.374002318273,26
stroke,Male,40-44,YLL,64307.073650314385,26
stroke,Male,45-49,DALY,97310.35925640144,26
stroke,Male,45-49,Deaths,1969.8244602795596,26
stroke,Male,45-49,YLD,13395.338016085127,26
stroke,Male,45-49,YLL,83915.02124031632,26
stroke,Male,50-54,DALY,127675.33697908239,26
stroke,Male,50-54,Deaths,2890.5227784237227,26
stroke,Male,50-54,YLD,17744.70392657556,26
stroke,Male,50-54,YLL,109930.63305250683,26
stroke,Male,55-59,DALY,269405.01228275156,26
stroke,Male,55-59,Deaths,6944.597532108302,26
stroke,Male,55-59,YLD,36499.54479610121,26
stroke,Male,55-59,YLL,232905.46748665033,26
stroke,Male,60-64,DALY,408095.22422178724,26
stroke,Male,60-64,Deaths,12048.838848838626,26
stroke,Male,60-64,YLD,59848.85265223415,26
stroke,Male,60-64,YLL,348246.3715695531,26
stroke,Male,65-69,DALY,440721.6363346334,26
stroke,Male,65-69,Deaths,15198.897770349935,26
stroke,Male,65-69,YLD,74251.62899407675,26
stroke,Male,65-69,YLL,366470.00734055665,26
stroke,Male,70+,DALY,3111666.7252692957,26
stroke,Male,70+,Deaths,202213.85924117494,26
stroke,Male,70+,YLD,399038.50010132074,26
stroke,Male,70+,YLL,2712628.2251679753,26
type2_diabetes,Female,20-24,DALY,4327.121421447068,26
type2_diabetes,Female,20-24,Deaths,3.438668594614231,26
type2_diabetes,Female,20-24,YLD,4094.1006238479404,26
type2_diabetes,Female,20-24,YLL,233.02079759912806,26
type2_diabetes,Female,25-29,DALY,7300.361500518206,26
type2_diabetes,Female,25-29,Deaths,4.522062950982465,26
type2_diabetes,Female,25-29,YLD,7018.374548340213,26
type2_diabetes,Female,25-29,YLL,281.9869521779936,26
type2_diabetes,Female,30-34,DALY,13186.44031875248,26
type2_diabetes,Female,30-34,Deaths,10.120745551907177,26
type2_diabetes,Female,30-34,YLD,12605.918425563064,26
type2_diabetes,Female,30-34,YLL,580.5218931894153,26
type2_diabetes,Female,35-39,DALY,19334.119384140155,26
type2_diabetes,Female,35-39,Deaths,20.6048079099877,26
type2_diabetes,Female,35-39,YLD,18242.527182354235,26
type2_diabetes,Female,35-39,YLL,1091.5922017859182,26
type2_diabetes,Female,40-44,DALY,21283.87867226705,26
type2_diabetes,Female,40-44,Deaths,36.617488355323545,26
type2_diabetes,Female,40-44,YLD,19536.27345108931,26
type2_diabetes,Female,40-44,YLL,1747.6052211777408,26
type2_diabetes,Female,45-49,DALY,33373.115527189446,26
type2_diabetes,Female,45-49,Deaths,91.44616017852908,26
type2_diabetes,Female,45-49,YLD,29480.92215068751,26
type2_diabetes,Female,45-49,YLL,3892.193376501935,26
type2_diabetes,Female,50-54,DALY,43643.163471356376,26
type2_diabetes,Female,50-54,Deaths,178.43173108971877,26
type2_diabetes,Female,50-54,YLD,36861.84429879744,26
type2_diabetes,Female,50-54,YLL,6781.319172558939,26
type2_diabetes,Female,55-59,DALY,79066.93326194043,26
type2_diabetes,Female,55-59,Deaths,463.664667312289,26
type2_diabetes,Female,55-59,YLD,63498.43046869037,26
type2_diabetes,Female,55-59,YLL,15568.502793250058,26
type2_diabetes,Female,60-64,DALY,109577.20049223237,26
type2_diabetes,Female,60-64,Deaths,919.0655884358415,26
type2_diabetes,Female,60-64,YLD,83018.327669731,26
type2_diabetes,Female,60-64,YLL,26558.872822501366,26
type2_diabetes,Female,65-69,DALY,98024.134064586,26
type2_diabetes,Female,65-69,Deaths,1221.3618043830106,26
type2_diabetes,Female,65-69,YLD,68695.16500283206,26
type2_diabetes,Female,65-69,YLL,29328.969061753945,26
type2_diabetes,Female,70+,DALY,455220.32274054346,26
type2_diabetes,Female,70+,Deaths,14903.306334649213,26
type2_diabetes,Female,70+,YLD,244950.51942821225,26
type2_diabetes,Female,70+,YLL,210269.80331233118,26
type2_diabetes,Male,20-24,DALY,6254.71359002903,26
type2_diabetes,Male,20-24,Deaths,4.46768143229484,26
type2_diabetes,Male,20-24,YLD,5952.349011881741,26
type2_diabetes,Male,20-24,YLL,302.3645781472885,26
type2_diabetes,Male,25-29,DALY,13123.319457171368,26
type2_diabetes,Male,25-29,Deaths,9.045158521576267,26
type2_diabetes,Male,25-29,YLD,12559.506113839772,26
type2_diabetes,Male,25-29,YLL,563.8133433315955,26
type2_diabetes,Male,30-34,DALY,19755.18500397706,26
type2_diabetes,Male,30-34,Deaths,23.573655600526948,26
type2_diabetes,Male,30-34,YLD,18402.400098200498,26
type2_diabetes,Male,30-34,YLL,1352.7849057765618,26
type2_diabetes,Male,35-39,DALY,32095.879542929182,26
type2_diabetes,Male,35-39,Deaths,61.49863124305488,26
type2_diabetes,Male,35-39,YLD,28839.870929292065,26
type2_diabetes,Male,35-39,YLL,3256.008613637117,26
type2_diabetes,Male,40-44,DALY,39540.64980344183,26
type2_diabetes,Male,40-44,Deaths,124.54195308595813,26
type2_diabetes,Male,40-44,YLD,33596.492989708095,26
type2_diabetes,Male,40-44,YLL,5944.156813733735,26
type2_diabetes,Male,45-49,DALY,49281.03871826934,26
type2_diabetes,Male,45-49,Deaths,219.69523597974938,26
type2_diabetes,Male,45-49,YLD,39921.02225536492,26
type2_diabetes,Male,45-49,YLL,9360.016462904412,26
type2_diabetes,Male,50-54,DALY,58254.04286618626,26
type2_diabetes,Male,50-54,Deaths,362.629591150776,26
type2_diabetes,Male,50-54,YLD,44461.667121808714,26
type2_diabetes,Male,50-54,YLL,13792.375744377548,26
type2_diabetes,Male,55-59,DALY,101766.81778998299,26
type2_diabetes,Male,55-59,Deaths,949.8492521562532,26
type2_diabetes,Male,55-59,YLD,69906.5679632375,26
type2_diabetes,Male,55-59,YLL,31860.24982674549,26
type2_diabetes,Male,60-64,DALY,125917.51469702194,26
type2_diabetes,Male,60-64,Deaths,1403.1240986593298,26
type2_diabetes,Male,60-64,YLD,85350.26388257096,26
type2_diabetes,Male,60-64,YLL,40567.25081445099,26
type2_diabetes,Male,65-69,DALY,117737.95360420774,26
type2_diabetes,Male,65-69,Deaths,1709.906797490128,26
type2_diabetes,Male,65-69,YLD,76513.08855171931,26
type2_diabetes,Male,65-69,YLL,41224.86505248843,26
type2_diabetes,Male,70+,DALY,473238.34729874105,26
type2_diabetes,Male,70+,Deaths,17958.483834167095,26
type2_diabetes,Male,70+,YLD,221388.13866746955,26
type2_diabetes,Male,70+,YLL,251850.2086312715,26
